,ERR1801006,ERR1801007,ERR1801008,ERR1801009,ERR1801010,ERR1801011,ERR1801012,ERR1801013,ERR1801014
E745S_00001,1111,1155,534,1080,1025,1346,932,828,858
E745S_00003,1713,1698,953,1968,1752,1716,1234,1315,1143
E745S_00004,7112,5040,3983,7808,11748,11450,5231,5817,4327
E745S_00006,0,0,0,0,0,0,0,0,0
E745S_00007,0,1,0,0,1,0,0,0,0
E745S_00008,1,0,0,0,0,0,0,0,0
E745S_00009,0,0,0,1,0,0,0,0,0
E745S_00010,2261,1543,113,1768,900,1247,1335,1063,1583
E745S_00011,1473,1327,1595,1462,805,847,1220,1261,1228
E745S_00012,0,0,0,0,0,0,0,0,0
E745S_00013,5,3,1,6,1,4,3,0,2
E745S_00014,3523,5170,1382,5043,3642,3267,3311,2563,2100
E745S_00015,0,0,0,0,0,0,0,0,0
E745S_00016,191,677,0,986,2363,335,904,613,625
E745S_00017,1024,1390,1440,1702,651,1331,1726,2313,2133
E745S_00018,1778,2246,988,4134,1187,1768,844,1565,2773
E745S_00019,0,0,0,0,0,0,0,0,0
E745S_00020,1252,1722,611,1829,1900,1926,1430,1263,1228
E745S_00021,242,473,144,882,466,111,514,269,347
E745S_00022,1226,2053,744,2547,1759,1791,1608,1516,1265
E745S_00023,2690,2746,1454,3282,2277,2580,2106,2576,2013
E745S_00024,1576,1848,997,2300,1812,559,1653,760,753
E745S_00025,0,0,0,0,0,0,0,0,0
E745S_00026,1387,2028,706,1745,657,891,383,688,985
E745S_00027,0,0,0,1,2,0,0,0,0
E745S_00028,1,146,0,3,363,74,2,1,1
E745S_00029,128,95,58,165,233,59,103,73,55
E745S_00030,1469,1400,747,1811,1274,1194,911,1035,1000
E745S_00031,3150,5676,1928,7325,3061,6102,3310,4067,5518
E745S_00032,25,0,0,28,113,12,0,69,0
E745S_00033,5657,7588,5499,7830,8111,5505,5069,2991,2633
E745S_00034,3870,4082,1769,3851,2692,3367,3303,2463,3438
E745S_00035,1,0,0,0,0,0,0,0,0
E745S_00037,1104,1594,515,1373,1191,1225,569,845,812
E745S_00038,5038,6102,2071,4862,3217,4622,3462,2755,3655
E745S_00039,1,0,0,0,0,0,2,3,0
E745S_00040,0,0,0,0,0,1,0,0,0
E745S_00041,0,0,3,0,0,0,0,0,0
E745S_00042,0,0,0,0,0,0,0,0,0
E745S_00043,70,70,78,79,0,260,0,174,53
E745S_00044,159,268,35,0,852,501,200,174,415
E745S_00045,0,0,0,0,0,0,0,1,0
E745S_00046,0,0,0,0,0,0,1,0,0
E745S_00047,186,182,10,602,0,168,136,73,161
E745S_00048,4,3,407,2,494,4,2,1,1
E745S_00049,5045,3576,1810,4020,4736,3435,3017,2219,2664
E745S_00050,756,851,116,388,208,742,811,916,716
E745S_00051,427,639,383,350,471,795,509,332,256
E745S_00052,426,1793,537,285,95,269,703,1061,210
E745S_00053,0,0,0,0,0,0,0,0,0
E745S_00054,370,200,277,416,287,694,509,510,493
E745S_00055,0,0,0,0,0,0,0,0,0
E745S_00056,1295,2465,1423,1198,3221,3591,1371,2303,1446
E745S_00057,1455,2648,1467,1608,3687,3971,1600,2462,1575
E745S_00058,3065,4085,1355,4468,2452,5338,3485,2609,2424
E745S_00059,242,381,226,451,577,461,156,322,282
E745S_00060,0,0,0,0,0,0,0,0,0
E745S_00061,5017,5546,3637,6554,3289,4966,5146,4378,7356
E745S_00062,0,0,307,0,1,0,2,0,123
E745S_00063,596,606,322,611,1222,1749,394,633,300
E745S_00064,2956,2200,429,2297,2610,2598,2235,1384,1463
E745S_00065,459,1103,1195,2159,427,1365,604,901,703
E745S_00066,0,0,0,0,0,0,0,0,0
E745S_00067,52,209,122,265,0,309,253,191,0
E745S_00068,18109,11458,8269,17111,16819,12410,10996,7369,7892
E745S_00069,3871,3985,2292,3697,4735,4555,3254,3253,5086
E745S_00070,1811,2729,2036,1901,3188,2499,1614,1537,924
E745S_00071,920,1323,398,1410,1924,1745,719,1807,1393
E745S_00072,0,0,0,0,0,0,0,0,0
E745S_00073,1611,943,1471,2206,1227,1921,1700,1060,821
E745S_00074,5525,2347,2467,5190,4996,3085,2103,2602,3298
E745S_00075,105,103,454,305,339,214,0,56,84
E745S_00076,0,10,0,0,1,0,0,0,0
E745S_00077,7508,7766,4796,6044,6809,10510,6127,5338,5237
E745S_00078,1410,1730,769,1469,2095,2046,788,1676,680
E745S_00079,2496,1892,769,2777,2109,2653,2024,2263,1803
E745S_00080,1979,2014,1400,3860,5067,3621,1317,1886,1696
E745S_00081,9683,5920,4606,10958,8784,6206,4805,2669,3823
E745S_00082,2066,2479,860,2556,2443,1866,1074,973,2151
E745S_00083,3280,4374,1622,5104,3328,4325,3251,2556,2747
E745S_00084,0,0,0,0,0,0,0,0,1
E745S_00085,66,45,0,95,60,11,0,37,1
E745S_00086,248,537,359,575,289,454,401,199,409
E745S_00087,568,460,422,839,1997,1195,513,665,349
E745S_00088,4877,7273,2611,8298,6993,5912,4690,5127,3530
E745S_00089,998,1501,812,986,867,1008,1237,1361,1622
E745S_00090,167,100,12,55,113,101,113,146,99
E745S_00091,1852,1878,2519,3386,1347,1512,1579,1575,816
E745S_00092,1779,1612,975,1966,1742,1707,1243,1349,1094
E745S_00093,0,0,0,0,0,0,0,1,0
E745S_00094,1226,2095,771,2468,1791,1722,1589,1501,1356
E745S_00095,0,1,1,77,0,2,0,0,0
E745S_00096,243,150,0,150,0,37,162,40,0
E745S_00097,0,0,0,0,0,0,0,0,0
E745S_00098,75,96,15,30,36,15,9,139,47
E745S_00099,1016,802,700,737,1287,2753,666,972,1417
E745S_00100,4,1,0,8,2,5,4,5,19
E745S_00101,13333,11181,4037,13953,7311,7978,8156,6348,7709
E745S_00102,92,535,0,644,674,352,658,712,185
E745S_00103,0,0,0,0,0,0,0,0,0
E745S_00104,2,0,0,0,0,0,0,0,0
E745S_00105,21,52,0,0,243,86,74,221,97
E745S_00106,522,1053,448,828,468,1204,150,250,559
E745S_00107,0,0,0,0,0,0,0,0,0
E745S_00108,0,0,1,0,0,0,0,0,0
E745S_00109,73,306,70,0,0,111,0,1,0
E745S_00110,0,0,0,0,0,0,0,0,0
E745S_00111,1,0,1,1,0,0,0,0,0
E745S_00112,19,165,1,5,9,4,6,7,60
E745S_00113,1,1,1,3,1,0,1,2,0
E745S_00114,3,21,0,89,0,3,0,0,0
E745S_00115,122,112,0,171,334,483,85,54,274
E745S_00116,80,106,292,0,2,37,135,58,126
E745S_00117,4,3,0,5,322,8,2,4,0
E745S_00118,4759,5539,4198,4292,3704,4120,2511,2312,2228
E745S_00119,172,431,161,513,559,630,5,0,1
E745S_00120,477,199,432,426,4,586,83,136,297
E745S_00121,53,0,0,0,0,0,0,0,0
E745S_00122,0,0,0,0,1,0,1,1,0
E745S_00123,286,495,481,151,1020,345,569,211,158
E745S_00124,0,0,0,0,0,0,0,0,0
E745S_00125,28309,32264,18212,29539,35401,22207,22273,16422,19196
E745S_00126,466,189,254,1,345,462,131,142,443
E745S_00127,0,0,1,0,7,1,0,0,1
E745S_00128,0,0,0,0,0,0,0,0,0
E745S_00129,0,0,0,0,0,0,0,0,0
E745S_00130,0,0,0,0,0,0,0,0,0
E745S_00131,2,3,0,1,4,5,1,0,1
E745S_00132,1,1,0,1,0,0,0,2,0
E745S_00133,0,1,2,0,0,0,0,0,0
E745S_00134,1,0,0,0,0,1,0,17,0
E745S_00135,2,1,0,2,2,0,1,13,2
E745S_00136,0,0,0,0,1,0,0,0,0
E745S_00137,0,0,0,0,1,1,0,0,0
E745S_00138,0,0,0,0,0,0,0,0,0
E745S_00139,0,0,0,0,0,0,0,0,0
E745S_00140,0,1,0,1,0,0,2,0,2
E745S_00141,0,0,0,0,0,0,0,0,0
E745S_00142,0,0,0,0,0,0,0,0,0
E745S_00143,3818,1029,1123,3801,2286,2789,1773,1190,938
E745S_00144,2,3,1,1,3,82,1,1,1
E745S_00145,3,2,4,8,11,3,0,1,0
E745S_00146,14,1,0,0,3,0,0,0,1
E745S_00147,8315,10338,6736,8190,7817,9058,8685,8729,7259
E745S_00148,483,123,390,335,1,305,0,62,132
E745S_00149,0,57,64,178,0,80,0,48,0
E745S_00150,0,0,0,0,0,1,0,0,0
E745S_00151,0,0,0,0,0,1,0,0,1
E745S_00152,453,1132,97,2034,1376,859,2197,800,1175
E745S_00153,1739,2426,674,2447,977,1574,1669,1447,1095
E745S_00154,7377,4743,4156,8122,5231,2906,2781,2120,4370
E745S_00155,0,0,0,2,0,0,0,0,0
E745S_00156,763,1189,1149,1479,1667,1640,1096,643,1269
E745S_00157,12,32,2,13,1,2,23,68,1
E745S_00158,0,0,0,0,0,0,0,0,0
E745S_00159,0,1,0,0,0,0,0,2,0
E745S_00160,1261,1056,873,1179,571,1227,1170,1936,2075
E745S_00161,1175,452,408,143,501,555,428,275,534
E745S_00162,137,32,2,136,1,66,185,7,469
E745S_00163,82,102,207,1,1250,648,250,279,1
E745S_00164,684,820,0,882,207,1334,670,696,371
E745S_00165,2112,2031,313,2710,1780,1643,1786,2183,2231
E745S_00166,0,1,2,0,6,4,1,9,8
E745S_00167,4,13,7,4,1,4,0,7,1
E745S_00168,1,0,0,0,0,0,0,0,0
E745S_00169,14,21,22,8,0,0,15,6,2
E745S_00170,3,7,5,2,8,1,2,7,3
E745S_00171,0,0,0,0,0,0,0,0,0
E745S_00172,12502,16506,7906,14531,19096,9080,12661,10402,12820
E745S_00173,330,781,450,590,43,479,455,483,494
E745S_00174,1537,1498,640,1712,1235,1143,962,962,990
E745S_00175,0,0,0,0,0,2,0,0,118
E745S_00176,1449,749,674,1425,1686,1132,838,863,1081
E745S_00177,9905,15086,5938,10813,11854,9716,12885,12311,11254
E745S_00178,1076,863,816,1139,8,698,1308,767,760
E745S_00179,56,23,37,353,0,13,27,184,9
E745S_00180,3798,2298,513,1992,809,3564,2824,2247,1883
E745S_00181,0,0,0,0,1,0,0,3,0
E745S_00182,0,0,0,0,0,1,1,1,1
E745S_00183,4,0,0,1,0,1,0,0,0
E745S_00184,1,0,1,0,0,1,0,0,1
E745S_00185,0,0,0,0,0,0,0,0,0
E745S_00186,49,273,0,0,0,78,0,85,124
E745S_00187,5176,3382,2485,4397,1708,1587,3268,2726,4250
E745S_00188,0,0,0,0,0,0,0,0,0
E745S_00189,0,193,1,1,0,138,88,0,0
E745S_00190,1,0,0,0,1,0,0,0,0
E745S_00191,0,0,0,1,1,0,0,0,0
E745S_00192,0,0,0,0,0,0,0,0,0
E745S_00193,1856,2061,1388,2223,1446,1541,1796,1598,693
E745S_00194,7158,8881,3803,9382,5954,4913,5038,5888,6191
E745S_00195,0,0,0,0,0,0,0,0,0
E745S_00196,53,151,0,309,0,0,107,2,265
E745S_00197,5448,4747,2212,8369,4501,3672,3911,3666,2894
E745S_00198,2836,3271,1688,6322,2305,5546,2441,2257,2383
E745S_00199,290,235,247,936,192,426,168,245,0
E745S_00200,1,0,0,0,4,2,2,0,1
E745S_00201,0,1,0,0,0,0,0,0,0
E745S_00202,7,1,1,3,2,12,3,148,7
E745S_00203,0,0,0,1,0,0,0,1,0
E745S_00204,1733,1546,82,1642,1553,1883,1272,785,1778
E745S_00205,0,0,0,0,0,0,0,97,0
E745S_00206,1,1,0,0,0,69,0,0,1
E745S_00207,1645,691,660,521,2354,436,780,823,607
E745S_00208,101,302,0,49,0,234,70,25,76
E745S_00209,4071,5573,3066,4979,4380,3533,4957,4203,3769
E745S_00210,2,54,1,219,1,173,1,3,196
E745S_00211,20,10,0,1,5,30,39,28,49
E745S_00212,181,205,115,803,1,94,0,474,534
E745S_00213,3436,3759,2430,3502,2264,2101,2171,2274,3001
E745S_00214,0,0,0,0,0,0,0,167,0
E745S_00215,1348,3593,1020,1869,4146,2288,1273,1250,2094
E745S_00216,1834,4944,2776,3168,7745,3586,1735,1561,2127
E745S_00217,0,0,0,0,0,0,0,0,1
E745S_00218,1109,1385,1,1446,699,1354,1217,1013,1193
E745S_00219,2,2,0,90,0,250,1,1,258
E745S_00220,940,189,502,593,0,91,812,305,406
E745S_00221,0,0,0,0,1,0,0,0,0
E745S_00222,443,619,147,523,0,482,404,0,440
E745S_00223,754,327,933,403,0,364,364,324,628
E745S_00224,1694,2786,1742,1313,1015,2006,2109,1453,2768
E745S_00225,344,457,205,123,644,1045,228,172,509
E745S_00226,3334,5183,1908,6422,3952,4038,4794,3038,3118
E745S_00227,900,1591,601,1735,1411,1336,528,926,480
E745S_00228,0,0,0,0,0,0,0,0,0
E745S_00229,0,0,0,0,0,1,0,0,0
E745S_00230,625,571,413,1669,676,548,828,825,419
E745S_00231,1529,1217,949,1074,1727,1435,1131,545,892
E745S_00232,0,0,0,0,0,0,0,0,0
E745S_00233,0,0,0,2,487,0,1,0,0
E745S_00234,1,0,0,0,0,1,0,0,0
E745S_00235,0,0,0,0,0,0,0,0,0
E745S_00236,1121,2298,415,1975,1157,1940,1238,1132,781
E745S_00237,14588,8359,10514,7960,7840,8942,9778,6935,5828
E745S_00238,443,188,93,956,442,529,776,301,59
E745S_00239,5917,4157,2303,7186,4385,5230,4756,3886,5150
E745S_00240,204,263,0,0,509,339,596,392,223
E745S_00241,0,7,1,0,1,0,0,89,5
E745S_00242,0,28,0,0,0,0,0,0,0
E745S_00243,0,0,0,0,0,218,40,272,69
E745S_00244,0,2,0,1,0,0,1,1,1
E745S_00245,0,0,0,0,0,1,0,0,0
E745S_00246,0,0,0,0,1,0,0,0,1
E745S_00247,0,0,0,0,0,1,0,0,0
E745S_00248,0,0,0,0,0,0,0,0,0
E745S_00249,10,6,3,9,11,12,11,16,13
E745S_00250,0,0,0,0,0,0,0,0,0
E745S_00251,1,4,3,0,0,2,1,1,0
E745S_00252,122,0,0,0,0,0,0,0,0
E745S_00253,1717,1747,1094,1794,1567,1804,1191,1077,1330
E745S_00254,0,0,0,0,0,0,0,0,0
E745S_00255,0,1,0,0,0,0,0,0,1
E745S_00256,0,0,0,0,0,0,0,0,0
E745S_00257,442,417,0,292,1854,1194,163,240,181
E745S_00258,271,435,327,736,440,39,7,273,386
E745S_00259,2384,3012,1517,2882,2608,3445,1886,2970,2596
E745S_00260,907,1257,580,914,3003,442,270,390,1063
E745S_00261,0,54,124,2,0,0,89,1,114
E745S_00262,1,1,0,0,1,0,0,0,1
E745S_00263,198,213,229,137,0,677,214,158,360
E745S_00264,0,0,1,0,0,0,0,0,0
E745S_00265,1,0,1,1,2,14,0,0,0
E745S_00266,94,0,572,0,339,348,228,108,128
E745S_00267,613,1096,64,923,34,863,798,552,606
E745S_00268,1428,1530,723,1724,1298,1112,919,1044,1036
E745S_00269,1776,1672,972,1920,1783,1864,1246,1328,1075
E745S_00270,7200,9113,6070,6699,5914,6885,4431,3829,5127
E745S_00271,9977,12463,8178,7869,7932,6135,8154,8355,6812
E745S_00272,0,0,0,0,0,0,0,0,0
E745S_00273,1265,2807,842,1322,373,1216,2068,1748,2569
E745S_00274,609,216,670,142,0,672,272,889,128
E745S_00275,13891,5529,4070,11036,9640,9385,7268,5116,7022
E745S_00276,126,70,0,139,0,158,0,131,0
E745S_00277,4882,4799,2213,5557,5289,3681,4513,2579,3506
E745S_00278,1007,1417,628,1413,1089,1679,1075,1176,1434
E745S_00279,1544,2278,590,2286,3884,3465,1839,1882,842
E745S_00280,0,1,0,0,1,0,0,0,0
E745S_00281,608,495,160,888,699,304,807,467,105
E745S_00282,16274,17821,9012,22686,18172,14624,13778,11402,16894
E745S_00283,8304,11330,7939,8897,6834,5206,8428,7432,6916
E745S_00284,545,223,159,0,922,247,89,103,142
E745S_00285,0,0,1,0,0,0,0,0,1
E745S_00286,112,219,53,8,16,171,253,154,4
E745S_00287,0,0,0,0,0,0,0,0,0
E745S_00288,5929,5150,2286,4368,7838,7717,5933,4026,4426
E745S_00289,1673,1774,647,1170,768,2188,1183,803,543
E745S_00290,4867,3960,2275,5432,6188,10941,4957,7702,6892
E745S_00291,13218,21793,6508,24926,12172,23832,18857,18359,15113
E745S_00292,434,312,336,202,0,459,653,216,370
E745S_00293,1571,1577,630,1934,3245,2049,1640,771,368
E745S_00294,17834,8618,5318,13267,16867,8751,10236,4391,10455
E745S_00295,7530,4670,2190,5042,7303,6345,4873,4638,5354
E745S_00296,19,58,2,0,2,1,1,21,1
E745S_00297,5,4,0,6,6,5,3,2,2
E745S_00298,0,0,0,0,0,1,0,2,0
E745S_00299,5626,7819,2915,7858,8759,7672,4567,5822,5805
E745S_00300,4173,1939,1336,3706,3584,1891,2330,1705,2145
E745S_00301,6429,10009,3308,9408,10391,9147,7439,9380,8957
E745S_00302,1,0,0,1,0,1,0,1,0
E745S_00303,4642,4212,2626,6437,5751,3238,3999,3240,3049
E745S_00304,0,0,0,0,0,0,0,0,0
E745S_00305,0,0,0,0,0,0,0,0,0
E745S_00306,0,0,0,0,0,0,0,0,0
E745S_00307,3512,4145,3224,3857,3396,2982,2995,4067,2712
E745S_00308,2289,3522,11278,2372,435,2771,1246,2369,2400
E745S_00309,1,0,1,0,0,1,0,0,2
E745S_00310,117,578,0,548,0,198,356,650,658
E745S_00312,149,73,256,316,731,493,425,558,190
E745S_00313,0,63,0,0,0,1,182,181,157
E745S_00314,0,0,0,0,0,1,0,94,0
E745S_00315,2196,2516,1306,1592,1674,2186,773,2504,1418
E745S_00316,0,0,1,0,0,0,0,1,1
E745S_00317,1923,4750,1027,3831,2075,3700,3039,2476,2111
E745S_00318,241,320,0,171,292,154,128,0,392
E745S_00319,0,196,0,77,0,0,0,143,0
E745S_00320,0,0,0,0,0,0,0,0,0
E745S_00321,0,0,0,0,0,0,0,0,0
E745S_00322,226,4,0,0,333,1,0,0,0
E745S_00323,0,0,0,0,0,0,0,0,0
E745S_00324,1,1,1,1,1,3,0,1,1
E745S_00325,0,51,0,0,1,0,0,0,0
E745S_00326,519,545,31,0,364,328,277,358,117
E745S_00327,259,39,211,57,0,79,82,61,0
E745S_00328,0,167,0,0,0,239,0,140,0
E745S_00329,0,0,0,0,0,0,0,0,0
E745S_00330,208,527,378,80,0,148,573,173,178
E745S_00331,543,194,24,0,0,75,137,0,64
E745S_00332,1411,1759,653,1915,1773,1927,1493,1259,1208
E745S_00333,513,1241,228,893,1442,400,550,362,261
E745S_00334,3548,3941,996,2942,4487,2336,3339,1938,2511
E745S_00335,0,1,1,0,0,1,0,0,1
E745S_00336,8934,8597,2444,9162,12922,10653,8430,9901,8816
E745S_00337,31412,26831,17086,37999,22689,33034,27197,21011,28244
E745S_00338,0,0,0,0,0,0,0,0,0
E745S_00339,57,165,0,64,1,41,71,0,105
E745S_00340,407,648,85,349,0,499,1262,59,192
E745S_00341,0,0,0,0,0,0,0,0,0
E745S_00342,7624,9018,5439,8614,11715,8458,5393,6072,6853
E745S_00343,38,413,0,109,45,45,137,159,265
E745S_00344,0,0,1,0,0,0,1,0,0
E745S_00345,0,0,0,0,0,1,0,0,0
E745S_00346,388,382,268,548,0,286,174,557,93
E745S_00347,57,0,0,0,0,0,355,62,0
E745S_00348,1206,1797,230,2012,1351,1182,612,730,1467
E745S_00349,1884,3766,539,2086,3071,2746,2985,3322,3430
E745S_00350,11,25,1,9,14,14,6,31,9
E745S_00351,2060,1659,429,2564,2730,1508,2831,1002,1666
E745S_00352,1186,1568,400,1456,607,899,151,1218,810
E745S_00353,304,291,1,563,0,533,414,504,80
E745S_00354,1,90,26,0,0,73,248,79,1
E745S_00355,451,624,198,1063,902,402,1249,640,616
E745S_00356,0,0,0,0,0,0,0,0,0
E745S_00357,4052,3579,1525,3530,5485,5549,2371,3246,3664
E745S_00358,46,69,0,197,0,193,71,1,0
E745S_00359,0,0,0,0,0,0,0,1,0
E745S_00360,0,0,0,0,0,0,0,0,0
E745S_00361,572,506,279,201,0,262,111,370,111
E745S_00362,3054,2463,1961,1275,1999,2843,1271,1177,2290
E745S_00363,8090,4154,3464,6225,4931,3397,4859,2721,3831
E745S_00364,8387,10171,5405,8737,6968,9978,5426,4790,8188
E745S_00365,2550,2627,5090,2138,1069,3753,2183,1326,1478
E745S_00366,976,3521,825,1844,1973,2077,1782,1833,1622
E745S_00367,0,0,0,0,0,0,0,0,0
E745S_00368,1778,3310,1086,4166,1904,1617,1585,2140,1203
E745S_00369,0,0,0,1,0,284,0,191,158
E745S_00370,238,81,309,290,1,47,101,0,388
E745S_00371,1439,1626,1179,1464,1498,1700,1942,1293,1574
E745S_00372,115,129,12,5,15,185,3,5,4
E745S_00373,3160,2027,1971,3702,1579,2673,2943,1488,2319
E745S_00374,853,349,0,6,0,708,435,198,669
E745S_00375,4326,3005,2694,4725,390,4955,1889,1713,2442
E745S_00376,1841,2363,1075,2001,1348,1155,1200,1182,2299
E745S_00377,1451,1452,620,2283,1736,1646,1165,1967,426
E745S_00378,581,975,269,635,589,975,715,1106,1028
E745S_00379,0,0,0,0,0,0,0,0,0
E745S_00380,1712,1865,407,719,3114,1874,1109,1176,1311
E745S_00381,118,0,114,1,720,98,0,91,0
E745S_00382,9,7,7,6,5,10,9,11,22
E745S_00383,17,0,26,0,0,43,0,0,0
E745S_00384,581,455,478,235,508,361,181,109,793
E745S_00385,177,4,0,106,0,165,69,2,396
E745S_00386,0,0,0,0,327,130,156,17,0
E745S_00387,1478,1343,565,1797,1081,1092,694,856,631
E745S_00388,307,542,0,273,0,507,367,229,0
E745S_00389,13268,17907,6451,17522,3686,13227,15502,12333,7422
E745S_00390,5885,4931,1905,6198,11379,10892,5252,6800,6553
E745S_00391,4183,6190,2320,4724,4116,6314,4192,4927,4105
E745S_00392,1,0,0,1,2,1,4,3,6
E745S_00393,750,182,80,344,0,196,1224,721,711
E745S_00394,1,0,0,1,0,0,0,0,1
E745S_00395,847,1470,214,1476,1510,1667,1621,3026,2492
E745S_00396,775,3564,1850,1432,2067,2356,1561,1398,689
E745S_00397,1197,2246,1231,1893,317,1914,886,2282,2452
E745S_00398,7047,8411,3671,8818,9823,8147,6030,5683,5046
E745S_00399,0,0,0,0,0,0,0,0,0
E745S_00400,8270,11409,4641,11100,8540,9411,9977,8345,5848
E745S_00401,74,1,0,79,168,84,40,300,48
E745S_00402,0,0,0,1,0,0,0,0,0
E745S_00403,4,5,0,1,1,3,2,0,1
E745S_00404,2651,3542,757,2685,3531,2611,2273,2145,3196
E745S_00405,0,0,1,0,0,0,0,0,0
E745S_00406,0,0,0,0,0,0,1,0,0
E745S_00407,8669,13767,7438,7697,4510,5411,8329,8074,8370
E745S_00408,55,47,0,152,46,10,40,61,51
E745S_00409,265,235,242,362,0,473,626,229,216
E745S_00410,14038,13586,4694,11169,8068,14139,8719,10149,10468
E745S_00411,32,46,9,37,71,16,36,55,20
E745S_00412,133,187,44,0,358,211,248,218,0
E745S_00413,8748,8268,5309,7708,5916,6132,8060,4190,3680
E745S_00414,142,0,0,329,0,47,0,0,0
E745S_00415,995,872,699,1076,338,1358,590,949,579
E745S_00416,1436,1114,1090,1086,0,1093,732,449,119
E745S_00417,293,624,150,568,331,206,916,706,600
E745S_00418,5319,6815,4185,8630,6666,8345,4985,5519,6877
E745S_00419,206,237,476,298,381,630,291,232,55
E745S_00420,2387,3418,1271,3367,3107,3049,2223,2888,2474
E745S_00421,685,1095,731,1233,1153,840,453,699,864
E745S_00422,162,1,0,148,0,111,222,116,176
E745S_00423,0,0,0,0,0,1,0,1,0
E745S_00424,3065,953,1128,1160,1675,1300,2156,557,568
E745S_00425,2352,4639,1797,2803,3050,2219,1833,3069,2727
E745S_00426,1081,1237,534,1549,2008,1384,1243,1307,1200
E745S_00427,0,0,0,0,0,0,0,0,0
E745S_00428,44,93,74,41,21,62,25,58,30
E745S_00429,3195,2562,1133,932,1479,1645,1402,526,1265
E745S_00430,271,284,217,0,0,79,521,386,389
E745S_00431,2688,1819,1737,450,537,1353,3098,2271,2913
E745S_00432,1650,807,848,706,0,636,1453,1373,1206
E745S_00433,0,0,0,0,0,39,0,0,0
E745S_00434,1477,1383,681,1772,1171,1096,951,1099,975
E745S_00435,262,269,16,501,328,339,131,178,717
E745S_00436,1769,1686,339,1049,1076,586,1110,767,518
E745S_00437,0,0,1,0,0,1,0,0,0
E745S_00438,63,363,0,287,167,203,202,175,6
E745S_00439,0,0,0,0,0,0,0,1,0
E745S_00440,167,0,0,0,1,0,802,1271,906
E745S_00441,65,207,0,0,321,73,0,244,124
E745S_00442,65,207,0,0,321,73,0,50,0
E745S_00443,113,36,32,165,0,268,1055,2280,2786
E745S_00444,50,36,0,123,0,93,517,1229,608
E745S_00445,31,92,0,530,0,0,517,713,396
E745S_00446,1,0,0,0,0,0,253,65,403
E745S_00447,32,37,11,14,7,10,36,14,13
E745S_00448,2858,2370,1115,3072,1710,2420,784,2039,1646
E745S_00449,6,3,0,0,0,0,2,2,6
E745S_00450,0,0,0,1,0,0,0,0,0
E745S_00451,160,273,317,100,673,423,342,0,480
E745S_00452,1181,1443,1222,1876,607,620,1351,762,689
E745S_00453,0,0,0,1,0,0,1,0,1
E745S_00454,1701,1902,1513,1363,836,1051,938,966,1029
E745S_00455,0,50,0,0,0,0,0,151,122
E745S_00456,0,0,0,1,0,0,0,0,0
E745S_00457,1,0,0,0,0,0,0,0,0
E745S_00458,183,411,301,620,1,177,107,172,363
E745S_00459,0,1,0,0,0,0,0,1,0
E745S_00460,0,0,0,0,0,0,0,0,0
E745S_00461,383,771,291,160,785,714,356,734,519
E745S_00462,0,2,1,1,1,0,0,1,0
E745S_00463,4989,4472,3494,5878,7715,8154,4926,5266,5187
E745S_00464,11743,10566,6499,8202,16654,6056,7867,7220,6830
E745S_00465,11205,12546,8372,13670,13311,13443,5998,4923,7282
E745S_00466,0,0,0,0,0,0,0,0,0
E745S_00467,2804,1131,656,1408,869,1734,867,819,756
E745S_00468,228,240,17,645,519,195,480,498,382
E745S_00469,0,0,0,0,0,0,0,0,111
E745S_00470,699,250,330,508,855,540,745,290,134
E745S_00471,158,141,0,430,310,518,222,280,463
E745S_00472,3,0,0,1,0,0,0,0,0
E745S_00473,522,476,248,756,1,258,557,203,471
E745S_00474,0,1,0,0,0,0,1,0,0
E745S_00475,1,0,0,0,0,0,0,0,0
E745S_00476,1681,1719,988,1923,1488,1755,1151,1078,1366
E745S_00477,106,31,77,77,0,111,0,188,276
E745S_00478,0,0,0,0,0,0,0,1,0
E745S_00479,1,0,0,3,0,2,1,3,1
E745S_00480,404,670,32,297,476,121,56,310,181
E745S_00481,1,85,0,0,0,0,0,0,1
E745S_00482,817,254,0,218,683,206,428,372,0
E745S_00483,0,1,0,2,374,0,0,100,1
E745S_00484,0,0,0,0,0,0,0,0,0
E745S_00485,0,0,0,0,0,0,0,0,0
E745S_00486,51,86,0,106,0,171,0,1,0
E745S_00487,1412,1415,735,1593,1223,1073,811,921,918
E745S_00488,10,9,1,479,693,4,2,3,2
E745S_00489,1153,870,601,862,704,411,392,523,558
E745S_00490,0,0,0,0,0,0,0,0,0
E745S_00491,1901,2436,1173,2543,2174,4482,1432,1153,1149
E745S_00492,0,1,0,0,0,2,0,0,0
E745S_00493,1,81,0,489,0,143,86,174,1
E745S_00494,83,106,1,152,0,201,85,103,267
E745S_00495,12530,17585,11710,15522,14660,24521,26568,27819,41059
E745S_00496,0,0,0,0,1,0,0,0,0
E745S_00497,0,0,1,0,0,0,0,0,0
E745S_00498,0,0,0,2,0,0,1,0,0
E745S_00499,577,1197,275,1069,706,1256,1095,1009,303
E745S_00500,529,681,0,580,369,217,172,463,534
E745S_00501,1108,1483,827,1465,1129,1360,963,1108,975
E745S_00502,5,2,0,2,0,4,3,2,1
E745S_00503,0,0,0,0,3,40,1,0,0
E745S_00504,12,11,32,5,8,5,9,9,5
E745S_00505,0,0,0,0,0,1,0,2,0
E745S_00506,0,0,0,0,1,0,1,0,0
E745S_00507,605,815,527,660,695,753,1063,101,542
E745S_00508,0,0,0,0,0,0,0,0,0
E745S_00509,2524,2664,1572,2009,501,2684,1493,982,1399
E745S_00510,154,167,0,0,0,41,0,99,0
E745S_00511,154,166,0,1,0,42,2,99,0
E745S_00512,0,0,72,0,0,0,2,1,2
E745S_00513,0,0,0,0,0,0,0,0,0
E745S_00514,0,156,0,0,0,1,0,0,0
E745S_00515,1,11,0,146,1,116,507,204,548
E745S_00516,0,63,1,1,0,0,0,0,0
E745S_00517,3,3,2,4,2,1,5,1,1
E745S_00518,0,0,0,0,0,2,0,1,1
E745S_00519,0,0,0,0,0,0,0,0,0
E745S_00520,4,0,1,1,4,1,1,1,0
E745S_00521,1,0,1,3,0,2,2,0,0
E745S_00522,7,0,0,0,49,0,0,0,0
E745S_00523,1265,1650,657,1853,1721,1843,1407,1260,1138
E745S_00524,201,33,58,74,0,197,0,108,0
E745S_00525,1,0,1,2,1,1,1,0,1
E745S_00526,1,2,1,0,0,2,5,0,101
E745S_00527,3273,1876,2687,3529,5207,3725,573,1627,2254
E745S_00528,0,0,0,0,0,0,0,0,0
E745S_00529,41,36,0,162,0,2,0,2,0
E745S_00530,2049,3085,1085,2218,2079,2025,1213,1385,1040
E745S_00532,1836,1573,528,2290,1527,2395,815,1454,573
E745S_00533,0,0,1,0,0,0,0,1,1
E745S_00534,1217,1013,600,2434,1836,1971,989,1198,682
E745S_00535,0,0,0,1,0,0,0,0,0
E745S_00536,854,1237,663,749,471,1045,452,772,270
E745S_00537,0,0,0,128,0,0,0,0,0
E745S_00538,153,342,0,1119,408,170,331,203,0
E745S_00539,1691,1895,1138,2009,2355,1251,1045,445,346
E745S_00540,136,251,0,337,0,243,224,216,92
E745S_00542,0,42,0,0,0,1,0,162,0
E745S_00543,3,55,1,417,9,327,764,293,7
E745S_00544,1,128,0,0,2,143,0,94,1
E745S_00545,239,0,0,0,0,0,243,0,0
E745S_00546,2369,1642,1550,1534,2956,2996,906,1425,703
E745S_00547,9,1,0,0,22,0,0,10,0
E745S_00548,0,0,0,0,0,0,0,0,0
E745S_00549,0,0,0,1,0,0,0,0,0
E745S_00550,0,2,194,261,0,0,1,0,0
E745S_00551,1524,1595,423,1373,1513,978,1497,1277,1977
E745S_00552,77,0,214,2,0,0,0,0,0
E745S_00553,0,0,0,0,0,0,0,0,0
E745S_00554,3,66,113,7,226,1,1,2,12
E745S_00555,577,1103,323,957,318,766,502,608,1091
E745S_00556,4,6,2,4,11,5,4,5,3
E745S_00557,0,0,0,0,0,0,0,0,0
E745S_00558,550,615,1033,291,564,374,263,665,407
E745S_00559,2716,1703,772,2181,4992,2622,1658,2747,1220
E745S_00560,1984,3101,1589,3691,3482,3035,3751,2485,1285
E745S_00561,0,0,0,0,0,0,0,0,0
E745S_00562,355,1794,489,880,183,513,764,314,695
E745S_00563,499,897,514,1230,922,1148,365,501,318
E745S_00564,0,16,0,1,0,84,0,1,0
E745S_00565,94,37,0,1,2,2,0,219,119
E745S_00566,1,0,1,0,2,0,224,2,204
E745S_00567,19,76,15,79,6,117,49,310,75
E745S_00568,3,0,0,0,0,0,0,0,1
E745S_00569,88,317,0,2,375,94,0,1,1
E745S_00570,26,82,2,2,1,0,176,2,0
E745S_00571,0,1,0,0,0,0,0,0,1
E745S_00572,0,0,0,0,0,0,0,0,0
E745S_00573,0,0,0,0,0,0,1,0,0
E745S_00574,14,4,2,19,75,60,4,5,10
E745S_00575,0,0,0,117,0,0,41,0,0
E745S_00576,0,0,0,0,0,0,0,1,1
E745S_00577,9305,10736,5995,5933,6179,8619,5441,4503,4566
E745S_00578,661,679,221,333,1,1107,106,266,200
E745S_00579,3089,2748,977,2529,1927,2820,3526,1966,1679
E745S_00580,4467,4531,1802,3343,3937,3017,2283,2381,2679
E745S_00581,7266,4040,3830,7419,3322,5673,3604,2447,4109
E745S_00582,448,863,715,838,374,443,85,464,232
E745S_00583,8438,10946,3056,12606,8241,8869,8106,4994,8922
E745S_00584,549,908,373,510,1772,538,186,775,470
E745S_00585,3449,1777,1791,2277,1688,1358,1775,1029,1055
E745S_00586,0,56,0,146,1,352,1938,3546,2682
E745S_00587,821,1062,802,1276,1267,1588,5161,5331,5992
E745S_00588,1,0,0,1,0,0,1,0,0
E745S_00589,0,1,0,1,1,0,0,1,0
E745S_00590,1,0,1,0,0,1,1,0,0
E745S_00591,114,2,2,459,2,356,2045,1863,1276
E745S_00592,121,43,94,386,321,182,1320,1329,1940
E745S_00593,122,43,94,161,321,101,124,885,298
E745S_00594,0,66,0,0,148,475,2832,4208,3337
E745S_00595,1,2,0,0,0,0,0,0,0
E745S_00596,1593,1211,495,1854,1371,1777,1236,2273,1255
E745S_00597,0,1,2,0,0,1,0,0,0
E745S_00598,0,1,3,0,0,0,1,1,0
E745S_00599,6765,8083,4357,10459,8177,4558,5828,6588,5012
E745S_00600,0,0,1,0,0,1,1,0,1
E745S_00601,212,91,1,220,0,2,389,229,2
E745S_00602,0,0,1,0,1,0,0,1,0
E745S_00603,2470,1800,943,2230,2160,1640,1147,1001,266
E745S_00604,172,545,0,545,360,477,85,150,0
E745S_00605,390,681,0,79,652,201,318,337,337
E745S_00606,686,1064,654,96,996,200,1045,287,539
E745S_00607,0,0,0,1,0,0,0,0,1
E745S_00608,0,0,0,0,0,0,0,0,0
E745S_00609,183,0,0,0,0,0,401,454,415
E745S_00610,3638,2275,1882,5826,9389,6768,622,859,556
E745S_00611,1156,2901,231,1992,1281,2055,1273,735,778
E745S_00612,296,629,0,235,364,370,125,277,66
E745S_00613,19574,12281,9135,14553,17048,15308,8805,6688,8491
E745S_00614,0,0,0,0,2,0,0,0,34
E745S_00615,42,3,271,2,5,257,357,0,555
E745S_00616,1,66,82,304,171,1,102,49,1
E745S_00617,0,102,0,0,1,1,0,159,1
E745S_00618,1470,1819,852,1198,2549,2023,1544,1126,818
E745S_00619,3308,5729,960,5352,4876,5090,4864,4715,4884
E745S_00620,2430,2442,467,3573,1753,2349,2110,1246,1613
E745S_00621,0,0,0,1,2,0,4,1,0
E745S_00622,326,722,626,733,725,638,201,210,880
E745S_00623,15990,11119,5585,13785,9553,11070,8607,4491,6486
E745S_00625,2803,2768,2247,3776,1588,1698,1136,2116,2085
E745S_00626,312,175,0,1,0,112,185,148,68
E745S_00627,1808,1771,983,2007,1845,1835,1264,1353,1124
E745S_00628,1407,968,750,322,911,1812,501,561,410
E745S_00629,240,1034,228,137,863,161,357,0,70
E745S_00630,3469,4606,3200,4272,3488,5892,3389,1425,1713
E745S_00631,2199,2492,503,2489,681,2703,900,1146,1725
E745S_00632,743,698,572,1054,723,339,413,750,868
E745S_00633,0,0,0,1,2,1,0,0,0
E745S_00634,0,153,0,159,2,130,51,0,398
E745S_00635,448,649,408,820,0,1056,298,436,643
E745S_00636,1096,2716,713,2329,1862,2863,1692,1947,1753
E745S_00637,15276,13446,6418,18462,13827,11984,8980,8351,10251
E745S_00638,0,0,0,1,0,0,0,0,0
E745S_00639,8,101,114,150,1,102,3,3,0
E745S_00640,131,249,0,263,828,201,79,101,405
E745S_00641,0,0,0,0,0,0,0,0,0
E745S_00642,0,0,0,78,0,0,0,0,0
E745S_00643,0,0,0,0,0,0,0,0,0
E745S_00644,12348,15172,5391,20103,11091,11653,7130,8814,7302
E745S_00645,631,183,719,520,1,332,1,0,4
E745S_00646,0,0,0,0,0,0,0,0,0
E745S_00647,5037,2845,2592,4801,4993,2161,2957,1671,1662
E745S_00648,1319,1543,338,1385,3127,1052,946,1725,988
E745S_00649,1096,1347,554,1403,902,1213,1185,1189,837
E745S_00650,0,1,0,0,1,0,0,0,1
E745S_00651,0,0,0,0,0,0,0,1,1
E745S_00652,11430,7905,3338,12026,14534,12028,8855,6989,7780
E745S_00653,524,561,4,759,300,411,1400,369,188
E745S_00654,1,0,0,1,3,3,3,14,2
E745S_00655,5,195,2,152,9,5,3,23,5
E745S_00656,0,0,0,0,0,1,1,1,0
E745S_00657,2,13,3,7,19,5,2,7,5
E745S_00658,125,0,45,185,337,195,134,0,0
E745S_00659,0,1,0,0,0,0,0,1,0
E745S_00660,0,0,0,0,0,2,0,0,0
E745S_00661,0,1,1,1,0,3,1,3,0
E745S_00662,713,1257,0,987,1011,2091,605,1327,813
E745S_00663,120,74,0,0,1,19,4,0,0
E745S_00664,3307,2844,587,3593,6355,5170,3912,3281,3089
E745S_00665,361,401,926,500,344,356,183,106,279
E745S_00666,0,0,0,0,0,0,1,0,0
E745S_00667,2,0,0,2,1,0,1,0,0
E745S_00668,66,886,469,667,1238,1614,385,681,780
E745S_00669,0,0,0,0,332,0,0,0,1
E745S_00670,104,0,0,1,0,0,0,0,140
E745S_00671,157,116,6,372,16,8,295,4,352
E745S_00672,5905,8060,3190,7698,7648,6704,2925,3265,3529
E745S_00673,1,168,1,1,6,0,0,153,1
E745S_00674,594,397,35,495,0,191,0,531,0
E745S_00675,0,0,0,0,1,0,0,0,0
E745S_00676,1,67,0,152,0,0,0,0,0
E745S_00677,0,0,0,2,0,1,1,1,0
E745S_00678,0,2,0,178,1,0,71,57,0
E745S_00679,20981,16524,11073,18459,23226,17860,18754,13602,12596
E745S_00680,0,0,0,0,0,0,0,0,0
E745S_00681,0,0,0,3,0,0,2,1,1
E745S_00682,0,0,0,30,0,0,1,1,0
E745S_00683,0,0,0,0,0,0,0,0,0
E745S_00684,349,909,89,1713,1385,741,1101,627,327
E745S_00685,104,207,0,404,74,103,0,224,0
E745S_00686,1,1,0,1,1,0,0,0,1
E745S_00687,1,38,0,133,202,137,1,115,379
E745S_00688,2,0,0,0,0,18,0,0,0
E745S_00689,5,0,0,0,0,2,0,5,2
E745S_00690,0,2,0,0,1,0,0,1,0
E745S_00691,2,2,0,0,0,0,0,0,1
E745S_00692,0,0,1,0,0,0,0,0,0
E745S_00693,3655,2489,2020,3652,947,2846,970,1690,2655
E745S_00694,235,110,210,280,1,199,229,191,0
E745S_00695,168,59,0,135,0,0,214,1,68
E745S_00696,44,113,2,0,0,50,1,0,0
E745S_00697,919,1911,999,1275,2186,1729,1009,2188,2372
E745S_00698,6015,5753,1308,4319,1519,4132,1538,2484,1558
E745S_00699,0,0,0,0,0,0,0,0,0
E745S_00700,0,1,0,1,0,0,0,1,0
E745S_00701,1,0,0,0,0,0,0,1,0
E745S_00702,0,0,0,0,0,0,0,0,0
E745S_00703,0,0,0,0,0,0,0,0,0
E745S_00704,0,33,0,143,1,211,59,170,1
E745S_00705,0,33,0,143,1,211,59,170,0
E745S_00706,4843,3758,2344,1270,1191,2273,1733,1667,899
E745S_00707,149,154,61,0,1,8,1,0,2
E745S_00708,567,557,434,343,191,628,157,412,395
E745S_00709,1387,1848,732,1878,1857,2029,1450,1339,1220
E745S_00710,0,1,0,0,0,0,1,0,0
E745S_00711,2,0,0,0,3,0,0,0,0
E745S_00712,46,0,3,3,0,0,96,160,2
E745S_00713,1,0,0,0,1,0,0,0,0
E745S_00714,214,492,0,207,0,250,312,70,0
E745S_00715,0,63,0,1,0,1,3,123,0
E745S_00716,1651,3239,408,5224,887,3974,982,731,939
E745S_00717,118,170,0,200,0,148,278,0,237
E745S_00718,52,22,0,150,0,37,0,0,120
E745S_00719,0,2,0,1,3,0,0,0,0
E745S_00720,103,199,0,235,0,50,1,296,1
E745S_00721,0,0,0,0,0,0,0,0,0
E745S_00722,0,0,0,0,0,0,0,0,1
E745S_00723,0,0,0,0,0,0,0,0,0
E745S_00724,3,2,1,2,0,2,2,1,0
E745S_00725,0,0,0,0,2,0,1,0,2
E745S_00726,302,894,192,482,612,335,183,448,548
E745S_00727,9,7,8,11,8,5,6,9,10
E745S_00728,67,0,35,0,2,0,134,0,1
E745S_00729,1,0,0,159,0,6,295,81,281
E745S_00730,343,348,99,315,335,233,359,229,437
E745S_00731,7665,7087,4373,7671,5807,6735,3779,5123,3100
E745S_00732,32132,15031,12437,21150,26779,19281,13731,8846,10617
E745S_00733,0,0,0,0,0,0,0,0,0
E745S_00734,2,1,1,4,1,0,5,3,3
E745S_00735,0,0,4,1,1,0,0,0,2
E745S_00736,3671,2643,1388,2645,3167,2877,1012,1303,2305
E745S_00737,845,1423,211,1098,1052,871,213,341,394
E745S_00738,207,134,2,6,540,3,4,1,1
E745S_00739,0,59,0,0,0,0,0,0,0
E745S_00740,0,0,0,0,0,0,0,0,0
E745S_00741,59,4,0,114,0,0,0,71,7
E745S_00742,1873,2688,1077,2474,3898,3894,1889,1963,2004
E745S_00743,200,371,28,393,544,230,0,404,0
E745S_00744,78,133,0,173,6,42,4,69,8
E745S_00745,1383,822,110,1059,1464,765,951,904,114
E745S_00746,3908,2346,1578,3911,3272,2918,2300,1680,1451
E745S_00747,19,0,0,1,0,0,0,0,0
E745S_00748,0,0,0,0,0,0,0,0,0
E745S_00749,4466,6344,4176,5543,19384,33512,9447,10715,19235
E745S_00750,317,264,557,259,714,325,535,483,342
E745S_00751,2041,4309,2119,4229,3493,2030,1825,2877,2864
E745S_00752,5896,4531,2158,4005,5599,8158,3151,3677,4062
E745S_00753,4941,5516,1829,5863,4617,6067,3233,3012,4625
E745S_00754,822,1462,220,1766,2345,760,746,728,967
E745S_00755,655,551,250,424,189,533,479,221,0
E745S_00756,1,30,19,419,0,47,0,0,0
E745S_00757,1589,1281,247,725,875,1047,596,343,457
E745S_00758,0,0,0,0,0,0,1,0,0
E745S_00759,0,0,0,0,0,0,0,0,0
E745S_00760,0,137,0,0,0,25,0,0,0
E745S_00761,966,1533,610,1349,1070,1621,1057,1206,1369
E745S_00762,449,619,40,347,931,504,137,231,834
E745S_00763,808,730,340,344,1355,568,996,462,306
E745S_00764,1447,1425,698,1701,1241,1115,904,960,1034
E745S_00765,273,50,109,228,298,269,0,126,128
E745S_00766,1249,1290,460,1922,1444,3090,504,1293,2164
E745S_00767,135,188,33,222,63,210,188,0,144
E745S_00768,55,75,0,0,0,0,0,110,146
E745S_00769,7570,4438,2823,6360,7657,7318,4364,3285,6028
E745S_00770,0,1,1,0,1,1,1,0,0
E745S_00771,0,0,0,0,0,1,0,0,1
E745S_00772,2,164,1,8,625,90,3,0,4
E745S_00773,0,0,0,1,0,0,0,0,0
E745S_00774,2,1,0,1,0,0,1,0,4
E745S_00775,0,0,0,0,0,0,0,1,1
E745S_00776,272,99,376,0,128,213,0,101,136
E745S_00777,1,44,0,3,1,0,1,207,0
E745S_00778,154,200,35,1060,0,128,0,199,0
E745S_00779,7662,8435,6998,9627,5588,6998,6871,4641,5219
E745S_00780,1,0,2,0,0,0,0,0,0
E745S_00781,2590,1370,626,2020,1582,2015,1974,194,740
E745S_00782,1172,2010,330,3401,844,1550,1953,1371,1152
E745S_00783,0,0,1,1,0,0,0,0,0
E745S_00784,0,0,0,0,0,0,0,0,1
E745S_00801,6,3,0,2,175,4,2,1,1
E745S_00802,0,0,0,0,0,1,0,0,0
E745S_00803,0,0,0,0,0,1,0,0,0
E745S_00804,0,0,0,0,0,1,0,0,0
E745S_00805,0,0,0,1,0,0,0,0,0
E745S_00806,0,0,0,1,1,0,0,0,0
E745S_00807,10,61,10,188,359,43,6,13,11
E745S_00808,1,3,2,3,2,1,3,1,2
E745S_00809,160,215,23,233,266,147,297,291,122
E745S_00810,0,0,0,0,0,0,0,0,0
E745S_00811,0,9,4,0,0,7,1,1,3
E745S_00812,1702,1749,986,1907,1514,1847,1182,1161,1366
E745S_00813,2,1,0,0,2,1,0,0,73
E745S_00814,681,521,245,420,0,353,0,215,27
E745S_00815,610,557,224,922,356,639,465,491,393
E745S_00816,3,1,1,8,4,1,0,0,2
E745S_00817,2,0,216,0,0,1,0,0,0
E745S_00818,76,49,36,39,0,23,50,52,1
E745S_00819,0,0,0,0,0,0,0,0,0
E745S_00820,2188,2160,762,2447,2394,1429,1834,1155,947
E745S_00821,616,66,233,68,0,233,132,226,114
E745S_00822,0,0,1,0,0,46,1,0,1
E745S_00823,1113,1476,610,1520,1459,1782,1206,1197,1053
E745S_00824,580,350,19,6,494,350,180,164,91
E745S_00825,0,1,0,0,0,0,0,0,0
E745S_00826,774,300,223,241,0,276,422,212,280
E745S_00827,700,251,223,241,0,223,126,211,142
E745S_00828,0,0,0,1,0,0,0,1,0
E745S_00829,0,1,1,0,0,0,0,0,0
E745S_00830,1041,1592,1068,1708,526,904,945,633,1366
E745S_00831,0,0,0,1,0,0,0,0,0
E745S_00832,0,0,0,0,0,0,1,0,0
E745S_00833,0,0,0,0,0,0,0,0,0
E745S_00834,0,0,0,0,0,1,0,0,0
E745S_00835,0,0,0,0,0,0,0,0,1
E745S_00836,1,0,0,0,0,0,0,0,0
E745S_00837,0,0,0,0,0,0,0,0,0
E745S_00838,2,0,0,1,1,1,0,0,1
E745S_00839,0,0,0,0,0,0,0,0,0
E745S_00840,1,35,0,0,0,0,0,216,0
E745S_00841,1,0,0,1,0,1,0,0,0
E745S_00842,0,1,0,0,0,0,1,0,0
E745S_00843,1,1,0,2,1,0,1,0,0
E745S_00844,250,222,35,170,917,342,406,259,76
E745S_00845,1,0,0,0,0,0,0,0,0
E745S_00846,1,0,0,0,0,1,3,1,5
E745S_00847,5509,4202,2714,10603,8471,11034,992,370,413
E745S_00848,0,2,1,0,0,0,0,0,1
E745S_00849,0,0,0,0,0,0,0,0,0
E745S_00850,4,144,2,140,190,361,3472,4668,6095
E745S_00851,1,0,1,0,0,2,0,0,0
E745S_00852,5909,8348,4257,9367,6618,8779,6097,6738,5297
E745S_00853,14,5,2,9,3,4,2,1,2
E745S_00854,1,0,0,0,0,0,0,0,1
E745S_00855,438,435,232,638,304,289,0,0,495
E745S_00856,6467,8109,4274,5607,4662,5321,5746,3405,5462
E745S_00857,8760,5180,2565,10961,9778,6846,4198,3788,3668
E745S_00858,0,62,199,1,0,0,0,0,0
E745S_00859,0,1,0,0,0,0,0,84,0
E745S_00860,784,302,724,63,219,720,80,259,149
E745S_00861,0,0,0,0,0,1,0,0,0
E745S_00862,597,186,446,115,896,434,0,99,657
E745S_00863,177,150,0,174,0,245,272,0,211
E745S_00864,1771,2448,465,2524,1964,2792,1331,1469,928
E745S_00865,0,0,1,0,0,0,0,0,0
E745S_00866,0,0,0,0,0,0,0,1,0
E745S_00867,69,732,0,384,358,483,646,583,327
E745S_00868,0,37,0,0,1,0,0,0,271
E745S_00869,848,1121,703,1149,1876,2378,665,754,1886
E745S_00870,1307,1091,715,726,320,1187,1178,656,798
E745S_00871,1303,1123,811,1732,607,1043,230,327,1147
E745S_00872,3550,5459,1996,4725,6465,5597,3213,4515,3905
E745S_00873,0,0,0,0,0,0,0,0,0
E745S_00874,74,33,0,0,208,268,47,140,92
E745S_00875,0,1,1,1,1,2,0,0,0
E745S_00876,4357,4104,2287,4689,3684,4729,1754,2866,3039
E745S_00877,150,1,62,0,1,0,156,215,165
E745S_00878,0,2,1,0,1,1,1,3,0
E745S_00879,0,0,0,0,0,1,0,0,0
E745S_00880,1,0,1,1,2,2,0,2,1
E745S_00881,186,313,0,985,798,164,441,138,1
E745S_00882,262,356,0,277,0,721,212,306,245
E745S_00883,1175,2008,674,2504,1694,1761,1624,1501,1348
E745S_00884,63,43,23,66,101,32,58,42,35
E745S_00885,0,2,1,1,4,1,1,3,0
E745S_00886,2,2,2,1,5,1,0,2,0
E745S_00887,5,2,1,2,2,8,13,3,7
E745S_00888,0,1,1,0,1,0,0,2,0
E745S_00889,137,0,0,0,517,0,0,0,0
E745S_00890,4,3,5,5,2,4,2,1,4
E745S_00891,34,30,5,27,34,26,15,14,17
E745S_00892,2,2,0,3,3,1,4,1,0
E745S_00893,0,0,0,0,0,0,0,1,0
E745S_00894,0,0,0,0,0,0,0,0,0
E745S_00895,1,0,1,0,0,0,6,0,1
E745S_00896,0,0,0,0,0,0,0,0,0
E745S_00897,1,1,0,0,0,0,0,0,1
E745S_00898,1115,1528,782,1412,1129,1358,946,1110,972
E745S_00899,2,3,0,1,0,0,0,0,17
E745S_00900,0,1,2,1,1,0,1,3,0
E745S_00901,3,0,0,0,0,0,0,2,0
E745S_00902,0,0,2,1,0,41,4,3,1
E745S_00903,1,2,0,0,2,41,0,1,2
E745S_00904,0,0,0,1,0,0,0,0,0
E745S_00905,1,2,5,1,0,1,5,0,8
E745S_00906,0,0,0,3,0,0,0,1,1
E745S_00907,0,0,0,4,1,0,0,1,0
E745S_00908,9,2,1,8,0,2,8,0,1
E745S_00909,2,0,0,4,0,0,0,1,1
E745S_00910,1,0,0,1,0,2,0,0,1
E745S_00911,0,0,0,0,1,0,1,0,0
E745S_00912,3,2,0,0,0,0,0,0,0
E745S_00913,0,59,227,173,0,138,313,527,515
E745S_00914,48,55,0,0,183,78,67,29,0
E745S_00915,0,0,0,0,0,0,0,0,0
E745S_00916,1840,1796,504,2012,2483,4690,2093,1990,236
E745S_00917,2995,2774,328,3384,993,3447,1359,958,1464
E745S_00918,949,570,511,733,2054,1416,590,483,762
E745S_00919,203,399,0,138,0,630,190,416,505
E745S_00920,179,170,65,296,262,54,0,0,130
E745S_00921,0,0,0,0,0,0,0,0,1
E745S_00922,152,95,23,64,118,111,103,143,90
E745S_00923,821,1676,851,1420,1283,1768,824,1852,1106
E745S_00924,148,517,177,424,366,443,373,272,144
E745S_00926,1310,1011,1016,1450,1000,2059,792,913,469
E745S_00927,397,474,203,289,0,518,226,190,58
E745S_00928,258,385,392,554,268,484,384,122,407
E745S_00929,65,28,1,90,53,8,0,36,0
E745S_00930,0,0,1,0,0,0,0,0,0
E745S_00931,3146,4345,1582,5171,3360,4555,3211,2611,2712
E745S_00932,2097,2799,819,2632,2419,1934,1042,1039,2126
E745S_00933,9377,5639,4734,10988,8827,5815,4804,2572,3629
E745S_00934,389,716,204,432,23,395,19,298,231
E745S_00935,3790,4027,2308,4211,5181,5882,2416,4406,2672
E745S_00936,3157,2598,1556,3246,5054,3523,2626,2668,3332
E745S_00937,1063,1712,877,1443,2282,1917,508,697,1324
E745S_00938,0,0,0,0,0,0,2,0,0
E745S_00939,4,86,0,0,0,0,0,230,0
E745S_00940,1223,729,295,728,1558,740,631,580,411
E745S_00941,0,0,0,0,0,0,0,0,0
E745S_00942,52,78,0,0,177,73,0,103,1
E745S_00943,0,0,0,0,0,0,0,0,0
E745S_00944,0,1,2,0,1,0,0,0,1
E745S_00945,4822,6651,7040,7065,8725,10333,3948,4821,3557
E745S_00946,0,59,0,0,0,91,0,106,0
E745S_00947,0,0,0,0,1,0,0,1,0
E745S_00948,0,0,0,0,0,0,0,0,0
E745S_00949,1651,1181,337,1527,1528,921,759,926,217
E745S_00950,1926,786,730,2448,1408,2663,1025,537,596
E745S_00951,0,0,0,0,0,0,0,0,0
E745S_00952,7399,6983,7266,8774,7286,9941,5147,5802,4908
E745S_00953,5263,6341,2340,5712,6638,6895,3308,2893,3710
E745S_00954,112,68,0,75,0,259,149,50,90
E745S_00955,379,95,0,0,0,250,88,117,0
E745S_00956,654,1338,540,1730,2230,2229,1218,887,324
E745S_00957,1607,2310,923,3387,1028,2596,1094,2198,1380
E745S_00958,3763,4200,2057,4324,6428,5078,3799,2910,2141
E745S_00959,1866,1660,1668,1427,2353,1860,1130,550,393
E745S_00960,852,648,352,942,1479,1427,1326,682,365
E745S_00961,0,1,0,0,0,0,0,1,0
E745S_00962,289,440,240,280,224,399,167,333,261
E745S_00963,1131,829,474,1161,228,1033,826,484,538
E745S_00964,0,0,0,0,0,0,1,0,0
E745S_00965,143,0,0,0,0,0,0,90,0
E745S_00966,379,195,302,398,281,712,452,505,483
E745S_00967,477,256,302,452,447,800,594,539,653
E745S_00968,0,0,0,0,0,0,0,0,1
E745S_00969,0,0,0,0,0,0,0,0,0
E745S_00970,0,0,0,0,0,0,0,0,0
E745S_00971,1436,3517,1417,2329,1414,1851,3743,2249,1238
E745S_00972,0,0,0,0,1,0,0,1,0
E745S_00973,0,30,0,0,373,43,0,0,0
E745S_00974,1918,1962,820,4610,988,1824,2903,3662,2415
E745S_00975,5401,4013,2038,4107,4770,3779,3256,2426,2735
E745S_00976,0,0,0,0,2,0,0,0,0
E745S_00977,0,0,0,0,0,0,0,0,0
E745S_00978,0,243,0,0,0,196,154,130,5
E745S_00979,0,0,0,0,0,0,0,0,0
E745S_00980,0,0,0,0,0,0,0,0,0
E745S_00981,0,0,0,0,0,0,0,0,0
E745S_00982,0,0,0,0,0,0,0,0,0
E745S_00983,428,379,0,331,375,419,246,612,352
E745S_00984,385,501,0,241,362,398,121,324,315
E745S_00985,1,0,0,0,0,0,0,0,0
E745S_00986,2,0,1,0,0,0,1,0,0
E745S_00987,345,78,73,52,0,248,76,136,180
E745S_00988,0,0,0,0,0,0,0,0,0
E745S_00989,0,0,0,0,0,0,0,0,0
E745S_00990,804,1078,782,448,1204,380,565,486,1186
E745S_00991,5691,9663,2363,10656,11288,8222,5779,4966,6175
E745S_00992,3,3,0,1,1,0,0,0,0
E745S_00993,0,0,0,0,0,0,0,0,0
E745S_00994,1409,1946,1421,1734,3563,2378,1484,1428,834
E745S_00995,3857,2327,1134,2123,3312,2999,2213,2189,1662
E745S_00996,515,659,258,684,514,349,787,591,227
E745S_00997,0,1,0,1,1,0,0,0,0
E745S_00998,1,19,13,5,0,10,3,6,1
E745S_00999,0,1,1,1,0,0,0,0,0
E745S_01000,1,2,2,175,4,5,0,0,2
E745S_01001,0,0,0,0,0,0,0,0,0
E745S_01002,2018,3176,1912,3927,4928,4586,1064,3242,1556
E745S_01003,591,487,0,770,0,603,269,341,548
E745S_01005,371,364,163,486,451,443,233,424,455
E745S_01006,971,880,498,1113,642,489,566,323,334
E745S_01007,73,120,0,21,0,256,1,133,13
E745S_01008,0,139,398,357,0,109,0,53,188
E745S_01009,0,60,0,0,0,0,0,3,130
E745S_01010,248,688,1622,1232,3297,3337,1228,671,1330
E745S_01011,118,305,277,371,0,681,94,425,190
E745S_01012,446,871,0,953,1,153,0,52,503
E745S_01013,988,1203,328,917,1067,1212,448,1077,545
E745S_01014,8455,9914,3748,9700,19848,14998,9159,11209,10186
E745S_01015,173,151,160,0,0,103,0,0,126
E745S_01016,0,0,0,0,0,1,0,0,0
E745S_01017,1368,974,1429,983,1893,1587,779,803,537
E745S_01018,0,1,2,0,1,0,0,2,0
E745S_01019,1752,2650,1882,4026,1164,2182,3444,3255,1823
E745S_01020,3057,2561,2049,4317,2013,5131,1841,3817,5153
E745S_01021,377,584,418,109,0,729,346,88,447
E745S_01022,656,1072,199,1222,481,540,470,293,791
E745S_01023,2889,2842,1469,3364,2683,2721,2408,2542,2267
E745S_01024,172,616,420,193,11,103,148,54,7
E745S_01025,3585,3169,695,4152,4232,4127,3030,2873,3146
E745S_01026,0,0,0,0,1,0,0,1,0
E745S_01027,0,0,0,0,1,0,0,0,1
E745S_01028,0,0,0,0,0,1,0,0,0
E745S_01029,0,0,0,0,0,0,0,0,0
E745S_01030,1,0,1,0,0,0,0,0,0
E745S_01031,931,703,201,563,823,822,961,542,757
E745S_01032,332,108,0,78,190,96,138,315,533
E745S_01033,0,168,0,1,261,479,0,110,132
E745S_01034,0,66,33,0,0,0,0,0,0
E745S_01035,0,0,0,0,0,0,0,0,0
E745S_01036,0,0,0,0,0,0,0,0,0
E745S_01037,3664,2781,1899,3031,3287,3125,2452,2279,1306
E745S_01038,77,149,1,297,655,19,315,79,181
E745S_01039,1377,1466,600,1674,1102,1704,1453,968,940
E745S_01040,2130,3137,3229,2902,5195,1646,2264,2012,2585
E745S_01041,1,3,2,1,0,0,2,1,7
E745S_01042,587,546,305,671,818,1091,246,359,1152
E745S_01043,37,0,83,0,735,93,0,115,183
E745S_01044,1,0,0,0,0,0,0,0,0
E745S_01045,446,401,0,466,0,831,491,995,337
E745S_01046,495,948,430,724,537,561,941,1032,227
E745S_01047,0,0,0,300,0,39,73,148,2
E745S_01048,293,271,0,468,658,386,505,847,1095
E745S_01049,472,505,336,1274,729,1756,865,1402,822
E745S_01050,0,0,0,0,0,0,0,0,0
E745S_01051,1144,1720,578,2628,1419,1929,2815,2432,1441
E745S_01052,2,2,1,51,1,4,3,3,1
E745S_01053,0,1,0,3,1,1,0,0,1
E745S_01054,26,27,34,0,0,0,0,0,0
E745S_01055,1523,1602,1052,2634,3265,5354,1803,2541,2201
E745S_01056,256,11,40,0,0,49,2,0,0
E745S_01057,583,553,237,936,331,582,488,497,392
E745S_01058,1413,1293,637,1618,1203,1788,1877,1734,2434
E745S_01059,1233,1652,508,1701,1334,1408,1301,2877,1392
E745S_01060,0,0,0,0,0,0,0,0,0
E745S_01061,0,0,0,0,0,0,0,0,0
E745S_01062,478,216,348,63,638,773,685,369,175
E745S_01063,2621,2116,655,2127,1296,4139,2754,2514,2287
E745S_01064,1,1,0,3,1,4,0,1,1
E745S_01065,144,533,763,151,1,816,241,506,0
E745S_01066,8,218,1,91,161,80,17,367,33
E745S_01067,0,0,0,0,0,0,0,0,0
E745S_01068,0,88,2,0,0,1,0,2,0
E745S_01069,0,0,0,0,0,179,0,0,0
E745S_01070,0,1,0,0,0,2,1,3,0
E745S_01071,3160,5490,518,4066,3161,2731,4242,5837,4059
E745S_01072,4,1,0,0,0,0,0,0,1
E745S_01073,0,0,0,0,0,0,0,0,0
E745S_01074,0,0,0,0,0,0,0,0,0
E745S_01075,2751,4322,3026,3978,3570,5309,3835,3185,3627
E745S_01076,694,373,205,1253,178,628,321,329,128
E745S_01077,0,0,0,0,2,1,0,0,1
E745S_01078,1280,1609,682,1833,1147,1888,1654,1373,1775
E745S_01079,2794,1195,1433,2386,1825,2008,502,1898,2032
E745S_01080,49,232,4,219,344,339,194,385,504
E745S_01081,49,232,0,219,344,339,194,330,504
E745S_01082,11770,7748,5607,10987,12758,9341,5287,5363,6744
E745S_01083,0,20,35,297,666,0,582,91,113
E745S_01084,1,242,0,0,157,272,0,261,111
E745S_01085,0,0,0,0,0,0,0,0,0
E745S_01086,3583,3652,1826,3580,3240,4373,3576,2592,2159
E745S_01087,4,1,3,76,1,6,5,212,7
E745S_01088,0,3,0,0,0,0,0,0,0
E745S_01089,0,0,0,0,0,0,123,85,0
E745S_01090,7017,9575,4335,10044,5732,5747,7407,6372,10904
E745S_01091,0,0,0,0,0,0,0,0,0
E745S_01092,1431,985,334,1487,1067,1277,1818,876,1048
E745S_01093,3465,2739,885,2685,1787,2683,1297,2756,1924
E745S_01094,1568,2310,1294,1367,2262,1723,612,1893,1411
E745S_01095,2284,1567,2154,3458,1431,2897,2056,1842,2054
E745S_01096,5009,2581,1798,4685,4628,3303,3418,2720,3280
E745S_01097,15,20,13,16,16,32,8,10,14
E745S_01098,1,0,0,0,0,0,0,0,0
E745S_01099,520,866,0,451,167,444,587,397,132
E745S_01100,808,1407,337,879,319,651,546,1090,929
E745S_01101,1870,4312,2616,2982,2606,1822,603,2141,1523
E745S_01102,0,0,0,0,0,0,0,0,0
E745S_01103,375,838,66,1317,1018,1022,562,681,668
E745S_01104,0,0,0,1,0,0,0,0,1
E745S_01105,5,4,1,3,3,4,1,4,1
E745S_01106,0,0,0,0,2,0,1,0,1
E745S_01107,1187,1793,868,794,2246,1405,1585,1129,1478
E745S_01108,0,43,31,77,1,0,76,1,77
E745S_01109,4942,8184,3492,7665,9417,5816,5385,5855,5820
E745S_01110,1209,2238,1726,1848,2430,2679,1998,1518,1525
E745S_01111,0,108,0,0,0,0,0,0,0
E745S_01112,5527,7049,4893,3919,7839,9205,5458,6917,4873
E745S_01113,590,794,27,505,163,190,519,552,257
E745S_01114,8437,7757,3708,8495,6703,5639,8389,4673,4925
E745S_01115,5855,7445,2940,5979,8236,4610,4434,5750,6630
E745S_01116,0,1,0,0,0,1,1,0,0
E745S_01117,1664,3817,2711,2643,4654,2616,3033,4651,3021
E745S_01118,2814,6552,2250,5355,4778,4514,5190,6551,4979
E745S_01119,1092,1254,592,1102,1158,929,778,1070,1290
E745S_01120,734,207,68,0,0,777,144,424,341
E745S_01121,6017,6290,2483,4383,2493,4917,4903,4577,3687
E745S_01122,1887,2524,842,3629,1123,3496,1996,2265,2268
E745S_01123,44,0,1,0,0,94,0,0,35
E745S_01124,1433,1088,2096,703,2395,1239,1866,1395,1007
E745S_01125,1339,2084,703,1484,862,1530,783,1661,750
E745S_01126,1,0,0,0,0,0,1,0,0
E745S_01127,12510,8874,7252,10207,10691,16880,8836,12858,11354
E745S_01128,3176,3596,2289,3157,3067,3689,3298,3246,2826
E745S_01129,0,202,0,0,0,77,0,224,295
E745S_01130,1975,647,394,2192,2088,999,1070,586,929
E745S_01131,0,0,0,159,0,96,0,0,0
E745S_01132,4598,5965,2166,7485,3102,7840,6884,5896,3905
E745S_01133,12534,11102,4671,15088,13024,14027,9899,9360,11203
E745S_01134,8711,8964,5342,13700,11845,12290,12000,13062,9372
E745S_01135,484,892,316,259,341,1324,579,615,556
E745S_01136,222,701,180,456,486,648,89,395,558
E745S_01137,1,0,0,1,0,0,0,1,0
E745S_01138,16522,11193,6306,16602,12528,16191,11435,10358,11031
E745S_01139,1001,504,401,888,939,1095,627,593,528
E745S_01140,5076,5901,3864,7435,8675,8859,4556,6469,7735
E745S_01141,152,112,4,7,0,58,49,1,1
E745S_01142,1099,1274,935,2109,1336,1133,977,1098,1574
E745S_01143,0,0,0,0,0,0,0,0,0
E745S_01144,5840,6356,3268,8436,7287,5942,7038,6030,5231
E745S_01145,7014,17551,4065,13111,6486,8281,12015,14955,10544
E745S_01146,0,1,0,1,0,1,0,2,0
E745S_01147,8062,13296,6733,12030,7112,8619,11035,11663,10431
E745S_01148,178,918,522,273,348,230,211,285,27
E745S_01149,192,944,412,801,657,361,341,2,613
E745S_01150,4729,5544,4094,5257,4467,6385,5512,5901,5081
E745S_01151,276,553,721,244,1403,237,684,170,454
E745S_01152,0,0,0,1,1,0,1,0,0
E745S_01153,3127,1811,1187,1806,2763,1766,1868,2454,1826
E745S_01154,428,279,0,542,2,88,0,112,276
E745S_01155,8083,8458,6082,9674,9054,6765,8404,6946,5678
E745S_01156,2,2,2,0,0,1,1,2,0
E745S_01157,149,811,101,881,427,954,605,71,260
E745S_01158,45,139,288,306,347,144,68,91,0
E745S_01159,5732,1533,2075,2815,6495,2495,3723,1526,2162
E745S_01160,4715,5643,3597,7947,6838,3825,4040,3700,5179
E745S_01161,10,283,6,5,386,239,0,340,113
E745S_01162,1200,1465,697,366,2233,1623,679,946,859
E745S_01163,3490,2935,1116,2556,2049,4786,3053,1833,2897
E745S_01164,7968,12553,4822,9876,11882,10226,12063,9470,9139
E745S_01165,44,101,0,0,366,53,0,1,0
E745S_01166,1241,1600,1341,2900,2430,2587,1343,1511,1092
E745S_01167,4651,10440,1991,12228,9029,13429,9142,10110,6290
E745S_01168,162,33,0,0,2,43,0,2,2
E745S_01169,719,170,31,0,0,391,264,92,0
E745S_01170,3133,4846,987,6669,2616,4754,1942,5172,2923
E745S_01171,1746,1724,1093,1830,1652,1892,1128,1167,1303
E745S_01172,0,0,0,0,1,0,1,0,1
E745S_01199,1258,1679,616,1869,1856,1920,1438,1283,1136
E745S_01200,44,16,0,0,0,233,77,0,0
E745S_01201,0,1,0,1,1,1,1,1,122
E745S_01202,124,237,43,145,316,1,79,104,250
E745S_01203,137,332,485,350,98,57,0,62,5
E745S_01204,5,10,1,18,12,11,6,11,11
E745S_01205,0,2,1,1,3,2,1,0,0
E745S_01206,1,1,0,0,0,0,0,1,1
E745S_01207,0,0,0,0,0,0,0,0,0
E745S_01208,0,0,0,0,0,0,0,0,0
E745S_01209,0,0,0,0,0,0,0,0,0
E745S_01210,201,204,122,28,302,499,399,827,304
E745S_01211,0,0,0,0,0,0,0,0,0
E745S_01212,4,1,2,3,1,83,3,2,140
E745S_01213,33312,31235,17130,65703,69946,65345,9688,8207,7360
E745S_01214,0,215,108,795,0,660,551,998,137
E745S_01215,0,0,2,0,0,1,141,0,76
E745S_01216,261,448,281,290,453,301,210,442,498
E745S_01217,0,24,116,0,297,1,0,0,2
E745S_01218,0,1,4,1,0,0,2,0,0
E745S_01219,0,0,0,0,0,0,0,0,0
E745S_01220,2,1,1,4,2,3,3,2,3
E745S_01221,0,0,0,0,1,52,1,0,0
E745S_01222,4,5,6,6,3,8,5,6,10
E745S_01223,7256,6847,2766,7390,9165,7938,6388,5837,4594
E745S_01224,629,923,44,162,1205,1147,325,440,903
E745S_01225,0,0,0,0,0,0,0,0,0
E745S_01226,0,0,0,1,0,0,0,1,0
E745S_01227,0,0,0,0,0,0,0,0,0
E745S_01228,11,4,3,0,0,5,6,0,5
E745S_01229,0,0,2,0,0,0,0,1,1
E745S_01230,0,0,0,0,1,1,0,0,0
E745S_01231,1793,861,186,1228,794,1955,665,1307,1649
E745S_01232,368,981,31,912,1,851,644,637,701
E745S_01233,739,1443,986,1101,1093,1706,1936,1371,1550
E745S_01234,9869,9372,3725,8955,8178,9294,9970,9648,7889
E745S_01235,0,113,0,0,2,81,152,103,129
E745S_01236,884,646,1048,1428,287,1060,744,798,1580
E745S_01237,0,0,0,2,1,0,1,1,0
E745S_01238,47,40,7,2,24,29,51,35,30
E745S_01239,1,2,216,1,0,288,0,43,0
E745S_01240,1,2,0,1,0,0,1,0,0
E745S_01241,0,0,0,0,0,0,0,0,0
E745S_01242,114,148,3,49,0,81,78,16,8
E745S_01243,440,360,0,603,345,136,153,533,389
E745S_01244,6335,8053,4344,4225,5875,5482,3736,6204,5223
E745S_01245,0,1,0,0,0,0,0,0,0
E745S_01246,0,0,0,0,1,2,0,0,1
E745S_01247,0,1,0,0,0,0,0,0,1
E745S_01248,829,260,0,763,1345,936,489,349,658
E745S_01249,1,1,0,0,1,2,0,1,4
E745S_01250,0,119,27,146,705,127,467,523,77
E745S_01251,3892,3114,1163,5491,2909,4861,5673,6104,6873
E745S_01252,170,27,1,0,2,73,0,0,0
E745S_01253,9631,12850,4916,15583,11540,11120,13080,10117,10398
E745S_01254,442,400,775,127,301,197,46,235,396
E745S_01255,2,0,0,0,0,25,0,0,0
E745S_01256,0,180,0,0,1,0,0,0,0
E745S_01257,0,50,0,1,0,3,0,0,0
E745S_01258,0,0,0,0,0,0,0,0,0
E745S_01259,0,0,0,0,0,0,0,0,0
E745S_01260,1,0,0,2,1,2,0,2,1
E745S_01261,0,0,0,0,1,0,0,0,0
E745S_01262,0,0,0,0,0,0,0,0,0
E745S_01263,1550,1083,325,1636,1269,2716,1525,1673,1013
E745S_01264,4962,3850,1784,5367,4803,5079,4822,3955,5401
E745S_01265,0,1,0,0,0,1,0,0,0
E745S_01266,0,0,0,0,0,0,0,0,0
E745S_01267,1,0,0,1,1,1,0,3,1
E745S_01268,0,0,0,0,0,0,0,1,0
E745S_01269,702,619,341,481,266,365,443,763,196
E745S_01270,891,531,294,645,7,535,455,503,879
E745S_01271,1412,2053,1407,2744,1708,2352,1463,1916,1931
E745S_01272,0,0,0,0,0,0,0,0,0
E745S_01273,51,59,29,1,0,70,0,0,0
E745S_01274,236,387,589,1,0,43,859,464,18
E745S_01275,0,0,0,0,0,0,0,0,0
E745S_01276,0,0,0,0,0,1,0,0,0
E745S_01277,0,81,0,0,0,77,68,0,244
E745S_01278,9880,4736,3711,7098,6984,6138,7578,5838,7498
E745S_01279,1,0,0,0,0,0,0,0,0
E745S_01280,115,60,0,4,0,67,0,1,0
E745S_01281,1167,1919,396,2439,3067,2094,2067,955,2216
E745S_01282,0,117,0,0,0,34,0,95,127
E745S_01283,75,79,0,300,1,453,4,140,124
E745S_01284,14,18,0,32,1,15,0,18,29
E745S_01285,20504,15298,10314,19491,29732,24008,17750,17570,21964
E745S_01286,0,0,0,0,0,0,0,143,0
E745S_01287,11532,19543,6914,14717,16259,14939,12322,15398,16366
E745S_01288,274,357,704,146,0,416,786,348,58
E745S_01289,2630,1518,1566,2468,2578,3646,2148,3816,2139
E745S_01290,0,0,0,0,0,0,0,0,0
E745S_01291,325,188,100,74,348,209,237,103,200
E745S_01292,3593,7067,1075,5855,4376,3919,6274,5267,6037
E745S_01293,2591,3429,2187,3353,1833,3347,3177,3948,3178
E745S_01294,1449,1170,1401,916,1966,1415,1158,1510,623
E745S_01295,12497,6536,5248,8956,10236,9868,7335,6313,9423
E745S_01296,0,0,0,0,0,125,0,0,0
E745S_01297,4507,2793,3058,3364,6588,2390,3177,2343,2961
E745S_01298,6648,4350,2653,7246,6359,4249,3728,3006,5909
E745S_01299,0,0,1,0,1,0,9,16,15
E745S_01300,325,264,699,0,181,106,155,463,78
E745S_01301,6998,8467,6446,6724,10285,8291,7452,6653,4173
E745S_01302,15,2,0,61,26,5,8,0,1
E745S_01303,324,65,0,0,0,0,0,0,0
E745S_01304,7741,8262,3682,15054,11219,14495,7948,8830,8018
E745S_01305,43,0,41,263,0,131,63,54,440
E745S_01306,439,1206,0,1199,350,557,567,440,310
E745S_01307,308,821,549,1164,1437,365,390,574,524
E745S_01308,3699,6923,3510,5731,6827,4431,3181,4386,3928
E745S_01309,1627,1474,1115,1973,800,1983,1165,1458,1093
E745S_01310,406,108,0,594,0,249,139,0,277
E745S_01311,232,483,283,312,148,118,427,494,55
E745S_01312,1,1,0,150,0,0,0,0,0
E745S_01313,0,0,0,0,0,0,1,0,0
E745S_01314,4,4,2,3,1,11,4,5,54
E745S_01315,0,237,0,1,1,1,157,175,0
E745S_01316,4235,3804,1291,2147,1546,1986,3224,2435,2740
E745S_01317,0,0,0,1,2,3,0,3,2
E745S_01318,4035,5070,1753,5281,5690,6967,4754,6377,4566
E745S_01319,729,1356,100,1217,563,385,740,513,348
E745S_01320,8806,7986,4191,9957,6499,8035,8356,6093,6846
E745S_01321,2647,2210,1391,1733,4749,2820,2109,3767,2534
E745S_01322,70,41,1,0,2,2,9,11,86
E745S_01323,1,0,0,138,0,60,0,304,0
E745S_01324,39,228,0,144,339,402,135,73,160
E745S_01325,35387,48181,20370,50218,36749,35077,41719,32561,36976
E745S_01326,2238,3479,1461,2109,2706,2009,2319,3027,2606
E745S_01327,739,556,363,716,0,0,158,308,123
E745S_01328,4706,4921,2258,3337,3489,2936,4122,3308,3170
E745S_01329,28361,34628,12980,31178,28082,35573,27143,33072,29485
E745S_01330,4181,5663,2504,5793,6546,6230,3745,5328,3802
E745S_01331,758,1289,679,1573,3771,1347,995,1452,1189
E745S_01332,63,126,1,277,465,2,1,110,1
E745S_01333,0,0,0,0,0,0,0,0,0
E745S_01334,0,0,0,0,0,1,0,0,0
E745S_01335,649,1247,170,813,1083,1146,577,957,528
E745S_01336,711,1097,55,2486,957,1906,1307,1160,905
E745S_01337,2424,2557,463,1278,1313,2220,1335,2093,2745
E745S_01338,0,101,0,237,0,0,59,0,1
E745S_01339,438,861,573,1031,2078,1747,556,953,752
E745S_01340,64,64,307,0,1,220,0,156,461
E745S_01341,898,2041,516,1253,712,952,1017,593,1385
E745S_01342,828,1534,412,687,0,648,963,713,315
E745S_01343,1787,1876,249,1243,1046,2044,1142,1577,1280
E745S_01344,7751,8585,2304,12505,9964,10306,7737,8872,6604
E745S_01345,622,764,131,392,0,513,881,1339,1040
E745S_01346,2077,2600,784,1391,1576,1980,3315,2247,2221
E745S_01347,4554,8334,6921,7763,5130,5560,7507,8046,6862
E745S_01348,486,515,147,619,1,975,997,491,780
E745S_01349,58,64,397,0,0,145,0,99,0
E745S_01350,5,4,2,5,2,4,1,8,12
E745S_01351,2014,2495,1536,1876,2734,4344,2228,3833,2308
E745S_01352,0,222,344,206,250,76,0,0,129
E745S_01353,0,0,0,0,0,0,0,0,0
E745S_01354,1781,2284,693,2042,813,1718,1363,2082,1398
E745S_01355,1457,1074,156,1004,1393,1290,2218,1994,1395
E745S_01356,12495,7958,10794,10384,10138,3833,7154,4474,7628
E745S_01357,41,0,0,43,78,2,28,33,37
E745S_01358,2198,1847,1497,2245,1795,1772,1673,1469,1181
E745S_01359,1421,768,633,1604,1292,372,1859,557,791
E745S_01360,0,0,1,0,0,0,0,0,0
E745S_01361,0,0,0,0,0,0,0,0,0
E745S_01362,0,0,0,0,0,0,0,0,0
E745S_01363,0,0,0,0,0,0,0,0,0
E745S_01364,4410,4226,1006,6360,3831,4730,4690,4993,3734
E745S_01365,0,0,0,0,2,2,0,0,0
E745S_01366,6744,8289,2956,6993,5433,7001,4855,5290,5281
E745S_01367,3287,3208,1262,2227,2498,4426,3441,3434,2506
E745S_01368,23910,29152,15938,36329,26155,20131,22424,21551,19921
E745S_01369,10789,9823,4982,9474,8629,11677,7718,11620,7938
E745S_01370,1275,2727,845,2673,2895,2085,1834,2243,2904
E745S_01371,1532,2474,762,2086,2488,1677,1569,1954,1853
E745S_01372,3300,2096,594,1568,3026,1923,2147,1939,1522
E745S_01373,2527,3319,500,2589,7591,4125,2441,3887,4141
E745S_01374,924,855,166,1442,554,1577,1204,931,672
E745S_01375,0,146,0,0,0,0,1,123,0
E745S_01376,2423,1973,784,3265,3171,2299,1879,2881,1981
E745S_01377,1,0,0,0,0,1,0,1,2
E745S_01378,793,674,43,4,2,85,189,84,117
E745S_01379,41,60,1,0,311,2,1,0,1
E745S_01380,433,376,230,0,0,83,104,221,127
E745S_01381,5112,6213,3779,6316,5781,5928,4720,3710,2825
E745S_01382,0,0,0,0,0,0,0,0,0
E745S_01383,0,0,0,0,0,0,0,0,0
E745S_01384,1,1,0,0,0,0,0,0,0
E745S_01385,2637,4242,1799,5008,3417,5422,4709,3438,3520
E745S_01386,3450,4742,1146,5478,4557,4698,4529,3977,2931
E745S_01387,0,0,0,0,0,0,0,0,0
E745S_01388,0,0,0,0,0,0,0,0,0
E745S_01389,9557,8017,5481,7870,6439,9370,8547,8599,9219
E745S_01390,1857,1010,1060,2253,790,1692,1196,943,1360
E745S_01391,583,1428,344,720,790,1024,1511,1524,675
E745S_01392,4503,7041,4252,5820,8652,5767,5665,5915,3601
E745S_01393,238,113,0,0,2,30,314,107,132
E745S_01394,448,1320,439,582,501,982,813,1155,1177
E745S_01395,737,651,63,644,913,969,222,725,1218
E745S_01396,146,133,0,0,0,1,0,0,117
E745S_01397,1,1,0,0,0,0,7,0,0
E745S_01407,0,3,0,0,2,0,0,1,0
E745S_01408,0,0,0,0,0,1,0,0,3
E745S_01409,0,0,0,0,0,0,0,0,1
E745S_01410,131,141,220,78,1083,216,10916,8063,10315
E745S_01411,1257,2136,663,1251,2062,1062,1010,1973,1232
E745S_01412,0,1,0,0,1,97,115,0,0
E745S_01413,0,0,0,0,0,0,0,0,0
E745S_01414,0,3,0,0,0,0,0,0,2
E745S_01415,0,63,0,0,0,0,0,0,0
E745S_01416,0,0,0,1,0,0,1,0,0
E745S_01417,0,1,0,0,0,0,1,2,0
E745S_01418,0,0,0,0,0,0,0,0,0
E745S_01419,0,0,0,0,0,0,0,0,0
E745S_01420,0,0,0,0,0,0,0,0,0
E745S_01421,376,159,26,100,0,465,334,356,179
E745S_01422,102,387,74,148,267,88,421,1310,898
E745S_01423,365,486,234,134,0,272,120,262,242
E745S_01424,0,0,0,0,0,0,0,0,0
E745S_01425,0,0,1,0,0,0,0,0,0
E745S_01426,1,0,0,0,0,0,1,0,0
E745S_01427,1,1,2,1,0,1,0,0,0
E745S_01428,0,0,0,0,0,0,0,0,0
E745S_01429,6,2,2,3,2,1,2,2,3
E745S_01430,1,0,0,0,0,1,1,0,1
E745S_01431,428,469,15,0,1025,0,338,300,355
E745S_01432,0,0,0,1,0,0,0,0,0
E745S_01433,0,0,0,0,0,0,0,0,0
E745S_01434,0,0,0,0,0,0,0,0,0
E745S_01435,1,71,1,0,1,614,83,293,362
E745S_01436,2,6,1,2,6,1,4,5,3
E745S_01437,0,0,0,0,0,0,1,0,0
E745S_01438,17,3,0,0,1,0,6189,4605,5283
E745S_01439,1142,1459,1008,1696,1939,1665,1567,1168,282
E745S_01440,274,0,0,583,3,440,142,368,128
E745S_01441,363,797,139,309,258,618,303,561,981
E745S_01442,1464,1734,754,1071,1117,1886,1881,1703,1850
E745S_01443,1,0,0,2,0,0,1,0,1
E745S_01444,0,0,0,0,0,0,0,0,0
E745S_01445,480,502,201,865,489,878,1482,595,820
E745S_01446,0,0,0,0,0,0,0,0,0
E745S_01447,69,323,204,0,0,0,0,0,0
E745S_01448,280,118,29,454,378,337,0,110,0
E745S_01449,1027,1349,476,573,2310,919,556,603,1186
E745S_01450,251,303,0,58,0,259,137,167,299
E745S_01451,3,0,0,0,0,0,1,0,0
E745S_01452,978,1787,1177,2386,1640,1372,1720,2644,2197
E745S_01453,0,670,0,208,317,693,243,174,752
E745S_01454,1558,838,710,1019,1399,1338,932,727,889
E745S_01455,181,274,227,401,156,682,2,201,285
E745S_01456,9285,10383,4344,7630,6850,7086,7985,6499,6698
E745S_01457,1032,1196,540,816,828,556,215,757,736
E745S_01458,10640,10483,6766,10565,15562,10452,6848,8571,9245
E745S_01459,19050,11218,14634,22341,13945,9842,10483,7761,11213
E745S_01460,1,0,0,0,2,1,0,0,0
E745S_01461,0,0,0,0,0,0,0,0,0
E745S_01462,75,401,402,228,0,652,98,307,124
E745S_01463,0,103,0,0,0,0,1,94,0
E745S_01464,0,1,149,2,0,181,0,99,1
E745S_01465,0,54,0,0,0,0,0,89,1
E745S_01466,0,0,0,0,0,0,0,0,0
E745S_01467,8322,6293,3566,9817,3764,5738,8346,7465,7712
E745S_01468,262,990,381,221,1,858,1292,413,581
E745S_01469,151,1,9,0,12,6,0,1,1
E745S_01470,0,26,0,0,0,0,0,383,2
E745S_01471,51,28,1,0,0,0,59,0,0
E745S_01472,430,109,213,154,606,52,1,210,242
E745S_01473,1,0,0,0,0,1,0,1,1
E745S_01474,34,26,0,90,357,1,216,0,227
E745S_01475,39,13,0,13,68,19,19,26,47
E745S_01476,122,92,89,24,24,135,83,294,217
E745S_01477,2,1,0,1,4,1,0,0,4
E745S_01478,0,0,0,0,0,0,0,0,0
E745S_01479,0,0,0,0,0,0,0,0,0
E745S_01480,0,0,1,0,0,0,0,0,0
E745S_01481,1,0,0,2,0,0,0,1,0
E745S_01482,0,2,0,0,0,0,0,0,1
E745S_01483,1,0,0,0,0,0,0,0,0
E745S_01484,0,0,0,0,0,0,0,0,0
E745S_01485,0,0,0,0,0,0,0,1,0
E745S_01486,0,0,0,0,0,0,0,0,0
E745S_01487,0,0,0,1,0,0,0,0,0
E745S_01488,0,0,0,0,1,1,1,0,0
E745S_01489,0,0,0,0,1,0,0,0,0
E745S_01490,0,0,0,0,0,0,0,0,0
E745S_01491,0,0,0,0,0,0,0,0,1
E745S_01492,0,0,0,0,0,0,0,0,0
E745S_01493,1,0,0,1,0,0,0,0,0
E745S_01494,0,0,0,0,0,0,0,0,0
E745S_01495,0,0,0,0,0,1,0,0,0
E745S_01496,0,0,0,0,0,0,0,0,0
E745S_01497,0,0,1,0,0,0,0,0,0
E745S_01498,0,0,0,0,0,0,0,0,0
E745S_01499,0,1,1,0,1,0,0,0,1
E745S_01500,0,0,0,0,0,0,0,0,0
E745S_01501,0,0,0,1,0,0,0,0,0
E745S_01502,0,0,0,0,0,0,1,1,0
E745S_01503,0,0,0,0,0,0,1,0,0
E745S_01504,0,0,0,0,0,0,0,0,0
E745S_01505,0,0,0,0,0,0,0,0,0
E745S_01506,0,0,0,0,0,0,0,1,0
E745S_01507,0,0,0,0,0,0,0,1,0
E745S_01508,4,3,0,7,4,4,1,1,10
E745S_01509,0,1,0,0,0,0,0,0,0
E745S_01510,1,1,1,1,0,0,0,1,0
E745S_01511,0,0,1,0,0,0,0,1,0
E745S_01512,0,0,0,0,0,0,0,0,0
E745S_01513,594,341,210,861,1384,155,422,496,77
E745S_01514,2883,4239,1649,3681,3878,5983,4348,4945,2966
E745S_01515,507,207,580,68,485,643,325,299,471
E745S_01516,3004,3392,1515,3513,2044,2159,1853,2084,2303
E745S_01517,1753,1693,1083,1967,1746,1783,1195,1390,1055
E745S_01518,300,366,31,415,255,608,357,632,439
E745S_01519,1770,1844,1004,2150,1388,1590,1694,1485,891
E745S_01520,11239,16553,7465,15980,10400,12126,14774,12905,14212
E745S_01521,2397,2518,1463,2900,2354,2557,2265,2506,2091
E745S_01522,760,1094,806,1241,884,868,246,277,469
E745S_01523,0,0,0,0,0,0,0,0,0
E745S_01524,0,0,0,0,0,0,0,0,0
E745S_01525,3,2,2,4,3,2,3,1,0
E745S_01526,0,0,0,1,0,0,0,0,0
E745S_01527,0,2,0,1,0,0,2,1,2
E745S_01528,0,0,0,0,0,0,0,0,0
E745S_01529,2161,2017,1458,2174,1724,1805,1738,1606,1570
E745S_01530,0,1,1,1,0,44,0,2,1
E745S_01531,861,773,307,466,1074,577,390,1099,642
E745S_01532,1210,676,0,1618,1118,727,794,630,337
E745S_01533,189,285,323,242,126,725,406,491,233
E745S_01534,5079,5656,2189,5271,8880,6322,5669,6469,6670
E745S_01535,0,0,0,0,0,1,0,0,0
E745S_01536,150,5,3,8,22,7,1,1,0
E745S_01537,319,619,305,69,159,355,565,362,507
E745S_01538,0,0,0,0,0,0,1,0,0
E745S_01539,2589,765,211,1771,1036,1330,1507,1437,2421
E745S_01540,449,191,52,618,360,246,367,296,424
E745S_01541,65,120,225,117,12,1,9,19,23
E745S_01542,0,1,0,0,0,0,0,0,0
E745S_01543,71,259,0,422,0,0,215,0,168
E745S_01544,334,221,232,51,0,384,180,99,9
E745S_01545,577,891,683,1121,474,298,435,331,325
E745S_01546,1373,1308,640,1632,1149,1108,815,961,974
E745S_01547,270,291,26,476,25,337,232,516,376
E745S_01548,2854,3311,1325,3362,2077,2090,1890,1877,2105
E745S_01549,2138,3317,1192,2936,3825,3430,1851,2170,2878
E745S_01550,4629,3946,2131,5659,4332,5668,5374,5008,5205
E745S_01551,2495,2797,1432,2952,2542,2644,2335,2412,2316
E745S_01552,0,0,3,1,2,1,0,1,1
E745S_01553,7282,6437,3302,8449,7905,7248,5023,4710,5885
E745S_01554,966,1448,817,1325,1070,1259,937,968,928
E745S_01555,0,101,0,0,0,279,84,308,414
E745S_01556,240,311,303,426,665,406,94,566,212
E745S_01557,0,134,0,301,198,236,0,60,0
E745S_01558,158,135,0,302,198,514,81,120,1
E745S_01559,0,0,0,0,0,0,0,0,0
E745S_01560,1,0,0,0,0,0,0,0,0
E745S_01561,683,640,389,818,355,457,897,469,214
E745S_01562,449,566,694,563,416,1155,2515,2282,1255
E745S_01563,1,0,0,1,0,0,2,0,1
E745S_01564,760,1692,1138,1730,1847,1239,617,1328,759
E745S_01565,43,122,300,0,197,234,0,139,138
E745S_01566,129,299,0,211,0,260,0,0,115
E745S_01567,0,0,0,0,1,1,0,1,1
E745S_01568,45,45,32,164,362,306,240,311,126
E745S_01569,2304,6440,1510,3302,354,3783,5140,3694,3237
E745S_01570,333,260,0,165,1,313,165,507,118
E745S_01571,3416,3945,1211,3063,2602,3491,3321,3642,3074
E745S_01572,8243,6215,2725,7087,10809,6848,4259,4945,5132
E745S_01573,2919,3576,713,3422,3507,3508,3716,3501,4792
E745S_01574,0,86,0,0,0,0,0,0,0
E745S_01575,0,0,0,0,0,0,0,0,1
E745S_01576,283,696,76,401,0,218,687,356,124
E745S_01577,0,0,0,1,0,0,0,0,0
E745S_01578,0,0,0,0,0,0,0,1,0
E745S_01579,0,0,0,0,0,0,0,0,0
E745S_01580,1380,1298,631,1609,1125,1099,852,987,954
E745S_01581,537,1609,474,1250,746,1229,4945,1827,2884
E745S_01582,2706,1304,1433,1875,1446,1615,2027,771,2123
E745S_01583,855,701,38,471,1898,1354,505,1602,914
E745S_01584,479,476,0,316,1,214,871,1340,1413
E745S_01585,297,118,25,168,156,80,143,56,121
E745S_01586,0,0,0,0,0,0,0,0,0
E745S_01587,434,555,201,1015,0,326,308,1071,886
E745S_01588,1193,799,223,917,697,1386,756,1190,690
E745S_01589,0,1,0,0,0,1,0,0,0
E745S_01590,157,559,195,245,0,137,0,167,245
E745S_01591,59,231,0,0,0,346,0,105,369
E745S_01592,0,0,0,0,0,0,0,0,0
E745S_01593,401,898,538,536,302,687,583,887,320
E745S_01594,952,1377,604,564,1287,1672,900,1015,1051
E745S_01595,9993,8861,4922,14121,10272,6510,6712,5076,4784
E745S_01596,2974,5598,1185,4824,4281,6614,4318,4911,3286
E745S_01597,0,0,0,0,0,1,0,0,0
E745S_01598,1676,1438,431,1938,3231,2446,620,1609,1811
E745S_01599,0,0,0,0,0,0,68,0,119
E745S_01600,702,1255,546,547,2933,982,331,551,627
E745S_01601,1835,1671,368,1088,1492,1346,1801,1352,596
E745S_01602,1624,3259,543,2400,1583,3900,2894,2964,2056
E745S_01603,138,110,20,69,110,110,87,144,101
E745S_01604,636,975,668,498,545,580,909,784,1018
E745S_01605,66,98,36,115,66,175,158,108,191
E745S_01606,7337,7071,4037,8630,6687,6037,6127,2962,6595
E745S_01607,2758,1695,1089,3632,1354,3165,2619,2962,3162
E745S_01608,5289,5419,4103,5801,4341,7326,6894,6187,6877
E745S_01609,982,997,1698,1404,659,1283,968,563,407
E745S_01610,33597,22800,21469,47447,25888,20075,22546,13479,18531
E745S_01611,1299,2477,0,2351,1034,4235,2278,1825,3299
E745S_01612,0,4,0,2,0,0,1,2,0
E745S_01613,1,0,0,1,2,0,0,0,2
E745S_01614,10,6,0,3,12,0,1,13,5
E745S_01615,0,0,0,1,0,0,0,0,0
E745S_01616,0,0,0,0,0,1,0,0,0
E745S_01617,0,69,14,0,0,0,114,0,1
E745S_01618,408,355,712,1058,573,1560,1097,480,1004
E745S_01619,6929,6383,2149,5823,5149,6307,4384,5027,3389
E745S_01620,15881,11415,7561,13956,12081,11358,14160,11197,14700
E745S_01621,6962,8527,3034,8032,2889,6238,4727,6661,6164
E745S_01622,0,0,0,1,0,0,0,0,0
E745S_01623,542,362,415,238,0,331,214,250,253
E745S_01624,0,0,0,0,0,0,110,0,639
E745S_01625,0,0,0,0,1,0,0,0,1
E745S_01626,13116,11306,3364,15277,15904,13902,13008,11772,9594
E745S_01627,898,903,660,883,694,1352,1475,858,1056
E745S_01628,13574,8208,4524,11438,10380,8732,10856,6168,6645
E745S_01629,2946,1725,2402,1228,744,1824,2588,1030,1251
E745S_01630,0,1,0,138,0,123,1,0,1
E745S_01631,0,0,0,0,0,0,0,0,0
E745S_01632,2169,1460,859,2318,1301,3456,2263,1506,1443
E745S_01633,6935,9000,9343,8708,7290,11529,8399,8458,7582
E745S_01634,1252,1107,37,554,495,1533,1219,1020,281
E745S_01635,0,0,0,0,0,0,0,0,0
E745S_01636,995,1164,702,1101,1041,1043,1345,1182,1051
E745S_01637,7369,7908,3128,8580,4876,6677,7153,5755,4277
E745S_01638,707,877,370,915,889,825,610,798,714
E745S_01639,29,74,37,52,87,36,14,25,33
E745S_01640,256,266,0,130,0,77,145,110,135
E745S_01641,2101,3988,1869,4473,2433,2689,3388,3546,2039
E745S_01642,31,101,0,445,0,0,64,0,0
E745S_01643,59,71,0,0,0,0,0,58,125
E745S_01644,4822,6577,2317,6233,1478,5827,5291,4421,3226
E745S_01645,864,1166,131,1195,1746,1604,395,1002,1516
E745S_01646,2397,2859,856,1913,1514,1421,2162,2580,1591
E745S_01647,1701,4150,2119,2945,5529,1816,2303,1851,2068
E745S_01648,4341,5526,2538,4265,6822,4494,5447,5869,4308
E745S_01649,0,0,0,0,0,0,0,0,0
E745S_01650,12,11,13,35,30,20,12,5,24
E745S_01651,0,1,0,0,0,0,0,0,0
E745S_01652,9,18,5,15,10,23,15,19,37
E745S_01653,0,0,1,0,0,0,0,1,0
E745S_01654,0,0,0,0,0,0,0,0,0
E745S_01655,89,39,0,1,0,1,0,0,1
E745S_01656,743,749,539,1864,516,1418,1309,512,759
E745S_01657,1038,1634,1657,2037,3111,2169,2278,1141,640
E745S_01658,0,1,0,0,0,0,0,0,0
E745S_01659,0,1,0,0,0,0,0,0,0
E745S_01660,0,0,0,0,0,0,0,0,0
E745S_01661,5436,7560,4390,10462,11345,6575,9524,6221,8714
E745S_01662,10730,10155,7232,12569,14326,9196,8253,8261,11037
E745S_01663,1477,1302,1404,425,649,1118,1823,1860,625
E745S_01664,3834,3684,2040,4406,4166,2850,2847,3418,2155
E745S_01665,0,0,0,0,0,1,0,0,0
E745S_01666,236,90,0,380,338,105,141,36,262
E745S_01667,40695,26001,34834,40693,31860,27241,23484,22055,25019
E745S_01668,66,302,87,532,730,1109,112,628,200
E745S_01669,0,57,0,0,0,0,0,0,0
E745S_01670,470,645,224,197,1267,0,135,116,0
E745S_01671,1,0,0,0,0,0,0,0,0
E745S_01672,0,21,0,0,743,93,0,0,0
E745S_01673,655,297,73,589,460,505,195,1,312
E745S_01674,179,313,0,547,0,286,392,136,65
E745S_01675,0,0,1,0,0,0,0,0,0
E745S_01676,0,0,0,0,0,0,88,0,0
E745S_01677,202,53,0,0,1,370,132,92,136
E745S_01678,0,0,0,0,0,18,0,0,0
E745S_01679,288,256,155,425,1,162,91,172,251
E745S_01680,257,289,85,451,458,351,279,189,306
E745S_01681,332,375,440,265,0,337,0,49,171
E745S_01682,2727,2835,1469,3144,2459,2646,2529,2560,2253
E745S_01683,3109,14222,1023,3701,4750,3600,2710,4871,4071
E745S_01684,6588,5976,3960,5275,7906,5733,4519,4277,4402
E745S_01685,2036,2777,626,3795,1536,2968,1359,1277,771
E745S_01686,1008,1174,702,1152,994,1034,1325,1114,1048
E745S_01687,614,790,364,505,453,689,406,420,376
E745S_01688,1502,1318,841,1724,1561,1419,1107,956,868
E745S_01689,3150,1318,807,480,1959,1365,423,903,1123
E745S_01690,0,0,1,165,0,1,0,103,1
E745S_01691,95,127,363,323,196,117,146,0,246
E745S_01692,998,1224,626,1158,1018,1061,1336,1234,986
E745S_01693,1881,1461,190,1463,1506,2660,2402,1790,1859
E745S_01694,2017,2243,1810,1638,1554,2256,1566,3299,1836
E745S_01695,3701,5707,3041,8390,5991,8037,3945,5058,4460
E745S_01696,57,3,0,3,345,28,1,0,0
E745S_01697,6,5,0,1,3,6,10,8,6
E745S_01698,0,0,0,0,0,0,0,0,0
E745S_01699,0,0,0,0,0,0,0,0,0
E745S_01700,174,466,0,275,1,378,358,407,140
E745S_01701,152,415,387,153,0,82,1,25,138
E745S_01702,452,538,6320,788,375,563,231,692,808
E745S_01703,1581,1447,705,1578,1617,1187,789,873,913
E745S_01704,353,0,42,129,0,466,0,156,5
E745S_01705,0,0,0,0,0,0,0,0,0
E745S_01706,16002,21377,12373,29135,18940,20736,18507,20503,15635
E745S_01707,71,20,161,0,0,82,0,75,0
E745S_01708,199,502,499,378,318,356,165,740,377
E745S_01709,2863,4139,2667,4080,3690,2102,5060,2612,3138
E745S_01710,130,271,0,158,0,108,394,460,0
E745S_01711,4727,5331,4519,8275,4552,5872,5755,5576,4504
E745S_01712,2224,1793,876,1891,2287,1800,1618,1406,4419
E745S_01713,566,702,73,430,176,242,373,1350,480
E745S_01714,643,699,339,719,695,721,563,695,638
E745S_01715,8,0,0,0,2,0,0,0,1
E745S_01716,2111,3022,2003,3724,909,3234,2611,2180,1148
E745S_01717,5358,4279,1189,4733,8473,5430,5127,5561,5904
E745S_01718,280,592,1,228,0,711,685,997,255
E745S_01719,1389,2056,1341,1537,1231,2245,933,1157,2243
E745S_01720,0,0,0,0,0,0,0,0,0
E745S_01721,33,68,33,55,78,31,12,31,32
E745S_01722,1495,1466,703,1766,1268,1186,973,997,993
E745S_01723,1348,2715,608,1192,1370,716,584,1356,873
E745S_01724,2298,3664,547,3926,2677,2439,2654,1968,2643
E745S_01725,3912,2140,2336,2605,2904,4719,1977,4206,3939
E745S_01726,0,0,0,0,0,0,0,0,0
E745S_01727,3453,2496,1568,2216,2128,2334,1548,2685,1660
E745S_01728,1915,2915,927,2584,3021,1902,1784,1543,1402
E745S_01729,151,287,50,284,318,225,123,46,137
E745S_01730,4255,4099,1215,5086,4259,3311,4741,3634,3253
E745S_01731,0,0,1,0,0,0,0,0,0
E745S_01732,633,1186,196,567,563,425,1215,647,430
E745S_01733,3248,2738,1989,3085,1272,2606,2244,3299,2615
E745S_01734,106,51,0,0,0,0,416,45,0
E745S_01735,8453,11151,2388,11351,8935,7300,9835,9955,7716
E745S_01736,544,1486,1347,2487,1157,1537,1032,1344,1919
E745S_01737,57,702,33,492,1096,940,384,590,643
E745S_01738,0,0,0,0,0,0,0,0,0
E745S_01739,523,811,0,210,170,484,924,281,472
E745S_01740,8020,3280,3378,7697,11626,6384,6471,4823,3942
E745S_01741,0,0,0,0,0,0,0,0,0
E745S_01742,0,0,0,0,0,0,0,0,0
E745S_01743,0,1,0,1,1,0,0,1,0
E745S_01744,4512,5609,1021,5482,5248,6048,4318,2779,3587
E745S_01745,4554,1516,1068,2463,2864,3549,1787,2802,3194
E745S_01746,3116,4941,1396,6557,2542,2661,4061,4150,4478
E745S_01747,172,94,0,279,0,126,78,350,190
E745S_01748,1134,1697,404,773,357,1284,591,1298,237
E745S_01749,3245,5749,2717,4298,3318,2227,4269,2503,2823
E745S_01750,0,0,0,0,1,0,132,0,0
E745S_01751,0,0,0,0,0,0,0,1,0
E745S_01752,713,1296,1088,536,1088,722,486,286,625
E745S_01753,0,0,0,1,0,0,0,0,0
E745S_01754,2550,2669,1036,2009,1635,3195,1305,2639,2362
E745S_01755,3304,1712,703,2152,3428,2898,1599,2046,1931
E745S_01756,10195,15397,7009,14222,9376,8464,9421,14053,6813
E745S_01757,588,1021,35,123,484,174,439,466,198
E745S_01758,1475,1399,669,1721,1258,1161,937,1019,1017
E745S_01759,29,55,30,50,69,33,12,30,20
E745S_01760,3679,2442,843,5227,3829,2509,3378,4477,2336
E745S_01761,1,453,0,3,2,49,157,87,59
E745S_01762,0,1,0,1,1,5,11,1,2
E745S_01763,2703,3450,681,4670,2315,1709,2967,2833,1860
E745S_01764,123,149,86,1,0,355,548,124,0
E745S_01765,0,1,0,0,0,0,0,11,1
E745S_01766,6961,6747,1651,4862,4692,6519,7848,8156,6497
E745S_01767,291,262,121,701,200,135,172,173,12
E745S_01768,748,622,35,1474,534,497,771,699,673
E745S_01769,316,262,416,185,154,186,670,236,366
E745S_01770,5132,5799,2014,5414,3864,3889,6809,5603,6100
E745S_01771,13112,12666,12951,14752,10551,10908,8992,11081,11649
E745S_01772,4124,5172,2637,5529,5317,5115,2870,4188,3720
E745S_01773,3132,3373,2418,2010,2715,3009,2570,2279,1834
E745S_01774,1056,1198,693,1088,1039,1046,1367,1233,1084
E745S_01775,367,287,144,410,1,255,137,733,90
E745S_01776,0,0,0,0,0,0,0,0,0
E745S_01777,2002,1416,1552,1657,1996,1134,2802,1932,1765
E745S_01778,0,0,0,0,0,0,0,1,0
E745S_01779,0,0,0,0,0,0,0,0,0
E745S_01780,1392,525,340,273,0,1140,1171,827,628
E745S_01781,0,0,0,0,0,0,0,0,0
E745S_01782,3585,2996,1811,2635,1819,2463,2114,1349,3186
E745S_01783,0,0,0,0,0,37,0,0,0
E745S_01784,0,0,0,0,0,0,0,0,0
E745S_01785,653,845,512,881,1111,777,95,602,818
E745S_01786,0,0,0,0,1,1,0,0,0
E745S_01787,30608,55375,19768,39761,39616,28919,30951,25211,22718
E745S_01788,519,394,474,1266,1431,544,152,862,1021
E745S_01789,133,582,0,340,1,496,353,450,792
E745S_01790,347,273,32,687,773,400,315,153,0
E745S_01791,412,231,876,511,728,1288,753,329,309
E745S_01792,5509,2590,6684,4138,3524,3812,3854,3234,4145
E745S_01793,146,259,0,78,0,283,79,58,239
E745S_01794,723,1134,482,354,1694,1239,332,1071,1770
E745S_01795,1197,978,1176,796,1385,567,417,465,1017
E745S_01796,181,610,0,1,328,836,274,386,0
E745S_01797,278,422,588,0,750,216,362,503,198
E745S_01798,0,0,0,0,1,0,0,2,0
E745S_01799,117,493,51,61,588,184,481,479,0
E745S_01800,480,873,159,1176,1511,546,992,483,983
E745S_01801,6255,5917,1443,7335,5384,5929,6212,5136,5603
E745S_01802,452,319,1,580,0,155,79,94,117
E745S_01803,736,501,0,1084,3,596,282,186,180
E745S_01804,1,247,240,839,1088,334,482,178,269
E745S_01805,1,184,212,293,180,207,0,80,0
E745S_01806,640,1186,403,1038,673,2029,766,939,1267
E745S_01807,2812,2524,1435,2285,3345,2616,3892,1941,2487
E745S_01808,7329,5711,4514,4375,5774,5363,6523,4998,4280
E745S_01809,225,167,215,298,1320,232,0,214,350
E745S_01810,672,408,134,457,344,857,174,473,1138
E745S_01811,210,202,0,0,141,140,652,391,104
E745S_01812,15833,25823,9020,30336,20395,15021,19060,21458,20418
E745S_01813,3068,3858,1083,4190,3059,4023,4228,5130,4009
E745S_01814,0,0,0,0,0,0,0,0,0
E745S_01815,1150,1038,881,893,1239,1155,996,1156,663
E745S_01816,0,65,0,0,0,0,145,0,0
E745S_01817,1218,1279,436,2502,992,871,507,1633,1859
E745S_01818,6669,6295,3585,7931,5563,5687,6238,4687,4046
E745S_01819,5201,6568,3227,9264,5800,5502,6830,5794,5774
E745S_01820,0,0,0,0,3,0,0,1,0
E745S_01821,254,37,0,0,0,342,323,161,170
E745S_01822,1,0,0,2,0,1,1,0,1
E745S_01823,0,27,0,144,0,0,0,0,129
E745S_01824,63,1,0,133,151,2,8,127,129
E745S_01825,833,1006,276,1181,2341,1068,504,1134,628
E745S_01826,0,0,1,0,0,1,0,0,1
E745S_01827,461,75,0,302,2,150,0,313,275
E745S_01828,1860,1469,345,1381,1596,900,1655,1105,2352
E745S_01829,60,450,0,227,2,87,430,402,329
E745S_01830,0,0,0,1,0,0,0,0,0
E745S_01831,366,426,44,1,612,359,59,219,187
E745S_01832,2707,981,3266,3302,2297,2253,1461,994,783
E745S_01833,527,994,208,886,1016,1663,508,988,1221
E745S_01834,509,2235,401,873,1941,634,1530,1198,1092
E745S_01835,8928,4405,3948,6306,6156,5107,5204,2444,4938
E745S_01836,12761,14712,8963,12869,17425,10208,7629,7232,7429
E745S_01837,0,0,0,0,0,0,0,0,0
E745S_01838,710,643,19,934,585,382,897,226,552
E745S_01839,0,0,0,0,1,0,0,0,0
E745S_01840,2325,2897,2417,3942,2695,3168,3070,3162,2538
E745S_01841,6201,7620,5836,7939,8455,4602,5475,6021,5740
E745S_01842,1311,2361,2646,1426,1213,2045,1013,1358,1574
E745S_01843,758,798,0,589,508,460,337,546,698
E745S_01844,3779,4904,2552,3757,7213,3970,3341,2054,3710
E745S_01845,1,0,0,0,1,0,2,0,0
E745S_01846,0,0,0,0,0,0,0,0,0
E745S_01847,0,0,0,0,0,0,0,0,0
E745S_01848,121,393,33,589,167,7,349,241,81
E745S_01849,4591,3012,2034,3825,2257,3524,4782,1870,3111
E745S_01850,1555,2120,968,2873,366,2024,565,1400,810
E745S_01851,229,34,0,155,0,135,0,64,0
E745S_01852,951,683,179,278,1,1144,1005,420,911
E745S_01853,2162,1250,1620,2922,1263,2046,1789,1937,3353
E745S_01854,965,1456,706,669,1509,740,1268,220,1009
E745S_01855,675,1124,0,854,470,532,322,1093,558
E745S_01856,0,0,2,1,0,1,0,1,0
E745S_01857,4481,7342,2109,7678,6365,4723,4475,8059,5021
E745S_01858,0,124,0,264,1,0,0,1,133
E745S_01859,1432,2291,2341,1795,3468,1425,2159,1947,1707
E745S_01860,1,5,0,0,0,0,4,11,0
E745S_01861,5695,3279,2073,4782,7113,4534,4953,3691,4294
E745S_01862,403,718,197,568,180,971,401,1124,278
E745S_01863,0,0,0,0,0,0,1,0,0
E745S_01864,3604,4495,1835,3068,1454,2744,3698,3371,2021
E745S_01865,0,0,0,0,0,0,0,0,0
E745S_01866,2971,5028,2125,4888,2656,3468,4826,3597,5013
E745S_01867,0,0,0,0,0,0,0,0,0
E745S_01868,0,0,0,0,0,0,0,0,0
E745S_01869,1,0,0,160,0,0,0,0,0
E745S_01870,139,552,0,851,730,204,765,239,181
E745S_01871,343,283,434,479,333,570,330,497,62
E745S_01872,0,123,55,137,388,129,78,0,1
E745S_01873,4006,5385,3139,4587,5918,3764,3941,4771,4192
E745S_01874,854,761,896,1119,1236,1147,1007,755,1246
E745S_01875,25035,11375,9946,12840,14250,12231,11022,7009,8971
E745S_01876,2880,3315,2856,2119,2317,3753,3987,3000,3059
E745S_01877,42,0,0,0,2,30,0,106,0
E745S_01878,2793,2180,1984,3210,1106,1158,1460,2316,1079
E745S_01879,492,392,544,239,0,614,537,442,234
E745S_01880,0,100,0,0,0,0,1,0,0
E745S_01881,7239,7751,6204,7441,9067,10263,5925,8101,6323
E745S_01882,8022,9390,3825,7542,5811,6493,5584,4462,4856
E745S_01883,3839,4827,1456,2694,1781,2366,3102,2988,2435
E745S_01884,7005,13831,5015,13348,7904,9094,8764,7371,7252
E745S_01885,58,34,0,0,0,207,90,0,124
E745S_01886,105,278,225,0,267,90,1,0,0
E745S_01887,1,1,1,3,8,1,5,5,4
E745S_01888,595,1550,463,1144,1001,2786,629,782,1192
E745S_01889,214,605,235,801,664,616,1868,707,282
E745S_01890,10312,10334,4457,9591,5591,7493,4423,5452,4706
E745S_01891,293,351,292,551,355,445,0,165,0
E745S_01892,1,3,0,5,0,1,3,1,0
E745S_01893,0,0,0,0,0,0,0,0,0
E745S_01894,0,0,0,0,0,0,0,0,0
E745S_01895,78,23,407,927,336,675,509,696,864
E745S_01896,2788,3412,3007,1888,1064,3160,2994,2878,2970
E745S_01897,1477,1234,39,1619,350,1993,885,903,562
E745S_01898,64,294,203,235,0,165,444,220,19
E745S_01899,327,507,231,201,1,474,332,360,303
E745S_01900,0,0,0,0,0,0,0,2,0
E745S_01901,0,0,0,0,0,0,82,0,0
E745S_01902,16136,9344,8225,13828,14937,11221,11017,9953,10544
E745S_01903,2661,1117,706,1670,1668,3358,1629,2724,1377
E745S_01904,1,0,1,1,0,0,1,0,0
E745S_01905,2165,3085,1203,2414,1923,1431,2693,2196,2031
E745S_01906,847,1319,171,427,0,827,309,711,398
E745S_01907,338,903,282,948,840,672,422,108,531
E745S_01908,0,0,0,0,0,0,0,0,0
E745S_01909,0,297,1,0,0,258,0,0,1
E745S_01910,978,1808,814,915,693,1175,1638,1939,1657
E745S_01911,9,83,3,19,0,95,8,10,8
E745S_01912,0,54,0,0,0,0,0,0,0
E745S_01913,2139,4158,994,4077,1388,3190,3044,1609,2237
E745S_01914,840,754,655,589,500,534,522,489,203
E745S_01915,977,249,134,966,430,464,211,242,149
E745S_01916,0,7,0,1,1,0,0,0,1
E745S_01917,1395,873,204,585,167,368,582,689,1362
E745S_01918,546,514,137,443,0,212,500,490,1091
E745S_01919,161,403,435,164,899,683,152,0,85
E745S_01920,1,0,0,0,0,168,269,0,148
E745S_01921,248,873,219,2494,391,1665,1549,578,664
E745S_01922,0,0,0,0,0,1,0,0,0
E745S_01923,0,0,0,0,1,0,0,1,0
E745S_01924,0,0,0,159,0,0,0,0,0
E745S_01925,0,0,0,0,0,0,0,0,0
E745S_01926,0,0,0,0,0,1,0,1,0
E745S_01927,137,48,1,1,5,3,383,4,126
E745S_01928,0,0,0,1,0,0,5,0,0
E745S_01929,233,561,52,279,523,658,166,568,777
E745S_01930,4485,3702,1025,3414,1871,2515,2716,3806,3006
E745S_01931,6627,8502,3347,10993,7174,7270,6375,3928,5794
E745S_01932,0,0,0,0,0,0,0,0,0
E745S_01933,2092,2737,1461,2046,2080,2382,1719,2396,2256
E745S_01934,0,0,0,0,0,0,0,0,0
E745S_01935,703,663,285,280,162,844,699,709,364
E745S_01936,7596,7194,4619,10987,8332,5581,6600,4407,4662
E745S_01937,1282,1572,1243,833,982,1466,1579,1388,1172
E745S_01938,408,878,0,179,1,145,267,254,230
E745S_01939,1209,1219,927,2362,462,2124,1519,1685,1512
E745S_01940,1301,1979,740,2516,1764,1753,1644,1433,1271
E745S_01941,509,494,148,74,3,1102,593,1269,312
E745S_01942,1940,2017,1981,2245,993,2953,1568,2748,2169
E745S_01943,872,538,471,950,940,873,693,1110,644
E745S_01944,561,617,910,737,651,1229,915,676,590
E745S_01945,0,0,0,0,0,0,0,2,0
E745S_01946,2412,2563,2944,2879,2880,1451,2115,2258,1987
E745S_01947,779,1009,685,1185,312,755,804,597,331
E745S_01948,674,984,253,291,961,490,834,1024,407
E745S_01949,2308,3504,2109,4331,301,2933,2882,2218,2940
E745S_01950,1096,1359,577,1233,1602,783,1564,843,924
E745S_01951,1778,3106,1066,3518,2265,3148,1420,2580,2279
E745S_01952,116,234,0,0,910,200,84,59,0
E745S_01953,0,1,0,0,0,0,0,1,0
E745S_01954,1047,1767,882,1950,1174,1388,778,1352,1623
E745S_01955,0,55,0,0,0,0,1,82,0
E745S_01956,754,940,600,1354,1466,1025,797,1052,1010
E745S_01957,3418,4936,3502,6609,4244,3721,2661,4544,3375
E745S_01958,0,0,0,0,0,0,0,0,0
E745S_01959,6862,8125,2714,8727,12121,6186,5483,3883,4612
E745S_01960,3803,4595,2527,6379,2214,5936,3253,4340,3671
E745S_01961,1192,1087,614,881,1993,1151,1549,721,725
E745S_01962,0,0,0,0,0,0,0,1,0
E745S_01963,0,0,0,0,0,0,0,0,0
E745S_01964,2,1,0,0,0,1,0,0,0
E745S_01965,1390,1052,298,775,177,871,873,416,410
E745S_01966,1829,2263,1283,3594,2540,2422,2373,2471,2883
E745S_01967,0,0,0,0,0,0,0,0,0
E745S_01968,5506,3604,2902,3675,4332,2846,2615,2808,5158
E745S_01969,2240,3087,1175,1424,1197,3493,1386,2048,1340
E745S_01970,1624,1804,1247,3172,2310,1016,880,458,1572
E745S_01971,0,0,0,1,0,1,0,1,0
E745S_01972,1582,2910,463,374,2037,2606,1211,1606,986
E745S_01973,282,344,167,170,0,544,0,200,555
E745S_01974,6971,3718,3747,5180,7146,4191,5722,3446,3238
E745S_01975,9217,5689,4589,7922,6828,8561,6700,5600,6083
E745S_01976,369,11,0,157,4,335,87,113,231
E745S_01977,1,3,0,0,0,1,1,4,0
E745S_01978,445,691,0,1035,517,318,954,707,590
E745S_01979,724,850,113,1067,1449,1222,341,589,1544
E745S_01980,1353,955,588,1702,2212,1090,2181,1010,495
E745S_01981,737,644,279,207,0,441,1073,271,636
E745S_01982,1,0,0,1,0,0,0,61,0
E745S_01983,0,0,0,0,0,0,0,0,0
E745S_01984,469,351,160,703,0,398,375,355,421
E745S_01985,3187,4564,992,3372,3996,5593,2391,3816,3507
E745S_01986,0,0,1,0,0,0,0,0,0
E745S_01987,15449,9726,7735,13671,13055,19557,14607,11626,16095
E745S_01988,4504,3518,833,3292,2124,3068,3811,2404,2462
E745S_01989,1058,253,199,1593,690,183,419,263,91
E745S_01990,1278,1140,831,2545,808,907,353,459,1047
E745S_01991,4095,5681,2808,5776,2854,4718,6641,6187,3921
E745S_01992,3116,5159,2141,6628,5068,5353,4691,2982,3780
E745S_01993,0,0,0,0,0,1,1,0,0
E745S_01994,4611,4626,3726,6630,5250,5589,3093,3749,4257
E745S_01995,756,827,677,1072,1657,547,541,253,480
E745S_01996,287,629,31,842,0,155,436,120,338
E745S_01997,205,246,181,306,370,113,157,473,372
E745S_01998,0,148,0,686,0,83,0,0,163
E745S_01999,561,229,221,1556,3,1102,89,567,632
E745S_02000,716,788,32,308,0,1658,142,682,493
E745S_02001,12102,7063,4751,10502,5752,3357,7028,3618,5956
E745S_02002,375,127,468,1011,0,385,84,362,0
E745S_02003,364,779,250,734,546,176,235,379,466
E745S_02004,258,405,152,363,0,185,200,113,388
E745S_02005,1,0,1,3,1,0,0,2,3
E745S_02006,0,0,0,0,0,0,0,0,0
E745S_02007,1567,2181,600,945,1764,756,1491,1491,998
E745S_02008,1074,1089,630,2870,1127,2008,972,1005,1333
E745S_02009,0,1,0,0,0,1,0,0,0
E745S_02010,0,0,0,0,0,0,0,0,0
E745S_02011,0,0,0,0,0,0,0,0,0
E745S_02012,1137,1355,406,285,0,985,493,926,528
E745S_02013,0,0,0,0,0,0,0,0,0
E745S_02014,0,0,0,0,0,1,0,0,0
E745S_02015,7380,13901,6649,11691,7094,7498,7076,7110,8923
E745S_02016,0,0,0,1,0,0,0,0,0
E745S_02017,1329,1268,1242,1400,2418,1288,1587,1101,1039
E745S_02018,12462,13694,4832,15440,10817,11462,12332,13497,11101
E745S_02019,0,0,0,0,0,0,0,0,0
E745S_02020,1035,1330,1,270,381,554,836,673,427
E745S_02021,713,988,675,953,1831,1487,1024,705,1027
E745S_02022,54,0,35,0,2,0,1,0,132
E745S_02023,0,0,0,1,0,0,0,1,0
E745S_02024,0,0,0,0,1,0,1,1,0
E745S_02025,3,1,1,4,2,1,4,1,0
E745S_02026,0,1,1,1,0,0,1,0,0
E745S_02027,7918,4075,3119,7326,6416,3456,6144,3565,3425
E745S_02028,0,0,0,0,1,0,1,0,0
E745S_02029,112,359,0,433,75,182,234,106,77
E745S_02030,0,0,0,0,0,0,0,1,0
E745S_02031,1,59,0,286,0,0,0,0,0
E745S_02032,0,155,0,1,0,75,0,0,0
E745S_02033,12586,14155,6867,17897,11355,10673,11296,9912,10386
E745S_02034,1450,329,272,2,890,1010,219,1312,1220
E745S_02035,0,0,0,0,0,0,0,0,0
E745S_02036,66,60,0,0,0,1,0,0,139
E745S_02037,2775,3359,1508,4768,3473,3940,2986,3642,3966
E745S_02038,230,790,123,374,492,761,158,704,440
E745S_02039,1181,1805,266,1084,1125,1224,786,1272,1306
E745S_02040,78,114,42,235,333,0,124,0,0
E745S_02041,271,251,9,5,12,175,259,154,7
E745S_02042,0,0,0,0,0,0,0,0,0
E745S_02043,0,0,0,1,0,97,0,0,0
E745S_02044,0,0,0,0,0,0,0,0,0
E745S_02045,6324,3768,2319,5531,5539,4118,2961,3460,3793
E745S_02046,1808,1162,391,3550,1223,900,1940,588,839
E745S_02047,1388,1402,716,1632,1125,1073,894,997,976
E745S_02048,7529,7056,4217,13351,9025,8738,7138,4962,7007
E745S_02049,7,1,1,4,1,4,0,0,2
E745S_02050,304,754,0,420,546,510,342,110,0
E745S_02051,8333,6612,2560,11825,4652,8005,8396,8491,7258
E745S_02052,0,1,0,1,0,0,1,0,0
E745S_02053,3947,3801,3070,7674,4468,2431,1102,2025,1341
E745S_02054,30,197,0,260,0,34,169,0,63
E745S_02055,0,0,0,0,0,0,0,0,0
E745S_02056,1075,2690,814,2412,2007,2464,1894,3150,1610
E745S_02057,338,816,851,864,473,937,1232,490,675
E745S_02058,1217,1812,843,1207,712,2319,876,1128,947
E745S_02059,5522,7769,3555,10457,9703,11322,9549,10519,7340
E745S_02060,0,0,0,0,1,0,0,0,0
E745S_02061,410,710,475,735,480,803,395,214,258
E745S_02062,132,46,41,76,0,126,14,54,0
E745S_02063,7118,4055,2742,5241,6324,7617,3847,4208,4171
E745S_02064,4502,4713,2910,6604,7606,4739,4463,3762,5960
E745S_02065,20,110,441,423,5,125,83,218,121
E745S_02066,0,1,0,0,0,0,0,0,1
E745S_02067,0,1,0,0,0,0,0,0,1
E745S_02068,0,0,0,0,0,0,0,0,0
E745S_02069,155,54,0,0,155,93,95,237,401
E745S_02070,0,0,0,0,0,0,0,0,0
E745S_02071,0,0,1,0,0,0,0,0,0
E745S_02072,0,0,0,0,0,0,0,0,0
E745S_02073,0,0,0,1,0,0,1,0,1
E745S_02074,0,0,0,0,0,0,0,0,0
E745S_02075,417,361,774,106,387,312,641,448,129
E745S_02076,183,59,487,566,0,349,390,502,916
E745S_02077,146,209,62,76,54,48,731,652,175
E745S_02078,3281,4328,1941,3525,5122,7502,2557,4269,3242
E745S_02079,1,0,0,1,104,2,1,1,3
E745S_02080,4089,5125,3558,4986,3860,7994,3303,2934,3251
E745S_02081,139,7,25,0,370,57,1,43,368
E745S_02082,362,168,287,177,987,292,81,245,270
E745S_02083,0,0,0,0,0,0,0,0,0
E745S_02084,1568,1299,843,1301,2878,1924,976,999,1112
E745S_02085,1,0,0,0,0,0,0,1,0
E745S_02086,0,53,201,76,0,0,184,0,0
E745S_02087,2434,2786,1522,2897,2270,2190,1981,1763,2838
E745S_02088,791,1704,76,294,2087,825,1431,771,806
E745S_02089,2,1,0,0,0,0,0,2,0
E745S_02090,1530,2961,1619,2462,2750,1943,1680,1437,2745
E745S_02091,6297,5390,1900,5127,8353,6590,4738,4685,4168
E745S_02092,0,26,0,0,0,0,1,0,0
E745S_02094,521,249,67,494,155,380,455,294,214
E745S_02095,348,355,60,217,1516,162,152,9,273
E745S_02096,3290,2545,328,3363,928,2579,1945,2353,2259
E745S_02097,0,0,0,0,1,0,0,0,0
E745S_02098,0,0,0,0,0,0,0,0,1
E745S_02099,0,0,0,0,0,1,0,0,0
E745S_02100,1343,936,353,922,1388,1061,40801,37719,38886
E745S_02101,0,0,0,0,0,0,0,0,0
E745S_02102,0,0,0,1,0,0,0,0,0
E745S_02103,174,1091,166,142,820,159,29738,31290,26646
E745S_02104,951,1393,832,532,1385,1060,42966,33903,37355
E745S_02105,1,0,0,1,0,65,0,0,142
E745S_02106,0,0,1,0,0,0,0,0,0
E745S_02107,132,167,78,0,0,0,0,1,0
E745S_02108,0,0,0,0,0,0,0,0,0
E745S_02109,0,0,0,0,0,0,0,1,0
E745S_02110,0,0,1,0,0,0,0,2,0
E745S_02111,0,1,0,0,0,79,2,1,3
E745S_02112,0,0,0,0,0,0,0,0,0
E745S_02113,1290,1508,429,454,696,643,609,108,1186
E745S_02114,0,0,0,0,0,1,0,0,0
E745S_02115,0,0,0,0,0,0,0,0,0
E745S_02116,1620,647,288,2664,809,1350,417,538,892
E745S_02117,0,0,0,0,0,0,0,0,0
E745S_02118,0,54,0,147,0,42,0,1,1
E745S_02119,0,0,0,0,0,0,0,0,0
E745S_02120,0,0,0,0,0,0,1,0,0
E745S_02121,0,0,0,0,0,0,0,0,0
E745S_02122,0,0,0,1,0,0,0,0,0
E745S_02123,2,0,0,2,1,1,2,0,0
E745S_02124,2,1,0,0,0,0,0,0,0
E745S_02125,0,1,2,1,1,2,1,0,0
E745S_02126,5,4,0,3,10,3,17,11,13
E745S_02127,0,0,0,0,1,0,0,0,0
E745S_02128,1,1,1,2,0,2,0,0,2
E745S_02129,0,0,0,0,0,0,0,0,0
E745S_02130,13044,7328,5034,10606,5342,8021,4477,3510,1844
E745S_02131,0,0,0,1,0,0,0,0,0
E745S_02132,3933,3881,2335,5000,2940,5933,2068,3220,1166
E745S_02133,1,0,0,0,0,0,0,0,1
E745S_02134,1,0,0,0,0,1,1,0,0
E745S_02135,0,2,0,0,0,0,0,0,0
E745S_02136,0,0,0,0,0,0,0,0,0
E745S_02137,863,78,0,700,0,122,167,189,196
E745S_02138,1,53,49,168,0,85,292,1,355
E745S_02139,6905,12004,4224,12938,8276,7892,7773,8654,6792
E745S_02140,1205,1340,744,668,988,363,209,583,644
E745S_02141,4119,3733,1381,2839,2485,3064,2883,2187,1345
E745S_02142,658,967,778,796,0,673,824,860,0
E745S_02143,129,0,1487,146,0,165,0,106,0
E745S_02144,1934,908,1063,2180,1490,1443,1383,561,1281
E745S_02145,0,0,0,0,0,0,0,0,0
E745S_02146,0,101,0,0,1,0,122,0,63
E745S_02147,0,0,0,0,0,0,0,0,0
E745S_02148,2430,2340,566,1765,1697,3823,1509,2461,2310
E745S_02149,1477,904,507,2629,1625,753,1249,103,1000
E745S_02151,3070,3192,486,3282,1441,2872,2014,1157,2519
E745S_02152,0,0,0,0,0,1,0,0,0
E745S_02153,1315,1164,411,1053,1351,876,437,1480,336
E745S_02154,1173,1666,285,1183,1189,1817,1503,1429,1593
E745S_02155,116,129,0,4,4,161,1,93,142
E745S_02156,0,0,0,0,0,0,0,0,0
E745S_02157,1,0,0,0,0,0,3,0,0
E745S_02158,97,235,387,133,787,958,0,365,469
E745S_02159,0,0,0,0,0,1,0,0,0
E745S_02160,0,1,37,98,1,77,0,0,55
E745S_02161,0,0,0,0,0,0,0,0,0
E745S_02162,0,0,0,0,0,0,0,0,0
E745S_02163,206,178,272,529,0,138,274,57,103
E745S_02164,0,0,0,0,0,0,0,0,0
E745S_02165,5390,4056,2038,4195,4762,3942,3211,2370,2776
E745S_02166,320,272,162,364,293,252,274,278,226
E745S_02167,462,662,412,438,462,728,518,334,237
E745S_02168,720,1635,1039,1360,2150,555,1164,1385,1381
E745S_02169,0,0,0,0,0,0,0,0,0
E745S_02170,0,0,0,1,0,0,0,0,0
E745S_02171,0,0,0,1,0,0,0,0,0
E745S_02172,458,226,301,404,476,783,638,561,661
E745S_02173,1163,2367,1433,1270,3159,3407,1345,2198,1283
E745S_02174,1341,2553,1472,1671,3537,3728,1570,2334,1404
E745S_02175,3450,4305,1419,4957,2745,5625,3697,2800,2602
E745S_02176,288,477,215,297,206,429,154,320,243
E745S_02177,0,0,0,0,0,0,0,0,0
E745S_02178,787,643,354,906,1526,1443,1390,640,345
E745S_02179,1033,1601,529,1509,3658,1558,1473,546,521
E745S_02180,4233,4737,2138,4554,6296,5337,3801,3331,2297
E745S_02181,0,1,0,246,298,1,80,0,201
E745S_02182,487,111,453,267,524,828,81,226,268
E745S_02183,64,58,70,0,0,431,0,89,127
E745S_02184,1689,3706,267,1718,2029,4636,1027,1699,3450
E745S_02185,15423,13382,5226,15161,11658,17692,11467,8200,11295
E745S_02186,1379,1601,523,1739,1793,1826,1205,958,1556
E745S_02187,0,0,0,0,0,0,0,0,0
E745S_02188,10358,6766,6701,9545,12805,9207,4762,5711,7571
E745S_02189,601,1049,205,1188,1872,1446,472,479,931
E745S_02190,0,0,0,1,0,0,0,0,0
E745S_02191,0,1,0,0,1,0,0,0,0
E745S_02192,0,1,0,0,0,0,0,0,2
E745S_02193,0,0,0,0,0,0,0,0,0
E745S_02194,114,442,1105,1,174,90,8,86,195
E745S_02195,0,48,0,0,0,159,0,0,139
E745S_02196,11116,7565,4901,16196,14115,6062,8350,4626,5109
E745S_02197,1345,1768,656,1879,1838,2063,1433,1327,1239
E745S_02198,2987,5427,1816,7399,6602,6027,5204,4855,4644
E745S_02199,4474,5176,3273,6768,6637,7602,4660,5443,5925
E745S_02200,3719,3078,2515,4114,2878,2908,1787,1962,1434
E745S_02201,913,767,275,570,879,570,459,307,317
E745S_02202,102,26,0,223,347,24,0,36,0
E745S_02203,268,407,423,613,256,483,426,109,372
E745S_02204,449,412,227,297,0,570,217,236,68
E745S_02205,692,325,632,670,416,1331,180,357,252
E745S_02206,706,679,339,780,589,610,625,520,172
E745S_02208,147,563,141,420,375,425,361,252,110
E745S_02209,876,1661,935,1396,1196,1786,833,1853,1097
E745S_02210,137,86,22,53,106,116,111,143,119
E745S_02211,0,0,0,0,0,0,0,0,0
E745S_02212,166,145,66,277,229,43,0,0,126
E745S_02213,218,421,0,138,1,609,223,428,533
E745S_02214,2539,3548,1705,2977,3435,4515,2682,2405,1634
E745S_02215,0,0,0,127,0,0,0,0,0
E745S_02216,4010,4389,2209,5953,4921,3469,2899,3311,3150
E745S_02217,9784,13788,8649,13128,11410,10091,7872,7219,7539
E745S_02218,518,1343,572,1010,1041,618,565,1026,812
E745S_02219,894,1438,1108,216,887,963,367,130,478
E745S_02220,0,115,0,1,0,51,88,115,0
E745S_02221,0,1,0,0,2,1,0,1,0
E745S_02222,0,0,0,0,0,0,2,0,0
E745S_02223,0,1,0,2,0,1,0,0,0
E745S_02224,3478,4740,1304,4874,2526,5257,4756,4421,4626
E745S_02225,2745,4851,1615,5942,2393,5483,2966,4869,2911
E745S_02226,2188,2380,531,1692,931,2513,1712,742,1160
E745S_02227,170,66,2,0,2,1,0,116,0
E745S_02228,940,597,865,886,2373,1571,876,1266,1383
E745S_02229,5,12,0,148,2,5,5,6,132
E745S_02230,501,609,0,77,587,337,383,139,354
E745S_02231,2637,2326,1173,3131,1626,1523,2505,1316,822
E745S_02232,4525,5128,3122,3695,2760,4663,4529,4564,4399
E745S_02233,284,31,0,0,0,206,199,54,267
E745S_02234,0,0,0,1,0,0,0,0,0
E745S_02235,1,58,0,0,0,0,0,0,0
E745S_02236,3003,2458,436,2242,3962,2426,1904,2068,2648
E745S_02237,2977,5327,2645,4161,4477,3734,3229,2968,4419
E745S_02238,0,0,2,0,1,1,0,0,0
E745S_02239,292,218,0,457,0,102,87,114,0
E745S_02240,58,145,0,0,1,177,0,339,0
E745S_02241,4000,4003,1332,5346,5503,4823,3009,3397,2898
E745S_02242,1045,1549,1217,2925,1291,1740,1850,1719,2046
E745S_02243,55,276,100,567,0,451,483,1393,213
E745S_02244,0,80,0,214,0,0,2,0,0
E745S_02245,530,1060,7112,866,1986,537,546,1263,604
E745S_02246,2219,3822,2527,3153,2483,2814,3949,2614,2057
E745S_02247,70,393,30,287,353,338,228,51,5
E745S_02248,1059,936,792,374,1158,2460,1674,1729,1202
E745S_02249,4,1,5,0,0,2,0,0,0
E745S_02250,0,1,0,0,0,0,0,0,0
E745S_02251,389,549,288,345,485,459,431,429,285
E745S_02252,0,0,0,0,1,1,0,0,0
E745S_02253,278,592,0,287,481,334,334,288,225
E745S_02254,4567,6686,2307,6045,2282,5804,5977,5225,4038
E745S_02255,7483,6068,4978,3511,5148,3575,6146,3856,3146
E745S_02256,612,1194,139,646,308,782,478,363,677
E745S_02257,133,513,158,71,316,138,162,352,476
E745S_02258,340,470,0,484,4,753,244,451,314
E745S_02259,91,22,7,1,34,27,29,9,155
E745S_02260,5609,3193,878,2936,4537,3280,3643,2319,3839
E745S_02261,0,0,0,0,0,0,1,0,0
E745S_02262,0,4,0,0,1,2,1,1,0
E745S_02263,3065,3247,1255,3882,3531,2415,2714,3440,1584
E745S_02264,60,0,0,1,673,0,0,1,35
E745S_02265,1885,2555,875,2495,2585,2367,1910,2565,1784
E745S_02266,89,57,0,77,0,197,87,104,0
E745S_02267,0,0,0,0,0,0,0,0,0
E745S_02268,1,0,0,0,0,3,0,1,0
E745S_02269,46,202,488,0,1,294,0,0,370
E745S_02270,1736,2927,454,2423,1787,463,1913,2145,1496
E745S_02271,2002,3721,576,3033,2164,873,2715,2465,2032
E745S_02272,434,120,47,353,325,704,1,246,120
E745S_02273,0,1,1,0,0,0,1,0,0
E745S_02274,0,0,0,0,2,0,0,0,0
E745S_02275,0,0,0,0,0,0,0,0,1
E745S_02276,0,0,0,0,0,0,0,0,0
E745S_02277,0,1,0,1,1,0,0,42,197
E745S_02278,890,619,965,766,2659,1146,769,887,506
E745S_02279,0,0,0,0,0,1,0,0,0
E745S_02280,0,0,0,0,0,0,0,0,0
E745S_02282,1039,568,0,438,830,293,64,439,306
E745S_02283,1941,3663,663,1710,554,2977,2113,3882,4089
E745S_02284,0,1,0,1,1,0,0,0,0
E745S_02285,2836,3478,2332,3265,3172,2583,3632,2764,2321
E745S_02286,0,0,0,0,0,0,0,0,1
E745S_02287,3230,3240,1391,4284,3546,3624,5116,2806,3814
E745S_02288,49,108,13,8,3,44,94,133,8
E745S_02289,0,1,0,0,0,2,0,1,0
E745S_02290,11426,12284,6095,9838,9660,7774,7134,7506,7771
E745S_02291,142,136,128,5,17,53,193,141,58
E745S_02292,0,0,0,1,0,0,0,0,0
E745S_02293,3835,2780,1575,3852,2205,2200,1393,1790,1162
E745S_02294,538,415,171,897,639,557,0,164,127
E745S_02295,2683,1953,1504,969,1422,1243,1906,1932,1863
E745S_02296,7090,4034,2366,7416,5944,2533,3691,3609,5523
E745S_02297,26,204,184,94,239,168,203,275,36
E745S_02298,157,110,409,309,0,0,422,212,0
E745S_02299,520,540,107,600,329,257,735,859,128
E745S_02300,235,275,0,209,405,542,101,358,0
E745S_02301,1236,470,632,357,1849,643,208,389,370
E745S_02302,0,0,0,0,0,0,0,0,0
E745S_02303,0,0,0,0,0,1,0,0,0
E745S_02304,1,0,0,0,0,1,1,1,1
E745S_02305,0,0,0,0,0,0,0,0,0
E745S_02306,577,828,1108,649,314,570,71,999,64
E745S_02307,1943,2566,1539,1908,2984,2273,2211,1128,1541
E745S_02308,0,0,0,1,0,0,0,0,0
E745S_02309,767,428,2,420,557,562,476,108,86
E745S_02310,0,0,0,0,0,0,0,156,0
E745S_02311,640,1005,1070,1371,1275,921,1072,886,1919
E745S_02312,0,0,0,0,0,0,0,0,0
E745S_02313,0,0,0,0,0,0,0,0,0
E745S_02314,1786,886,32,1664,634,1066,1666,1041,1402
E745S_02315,1,1,0,1,0,1,0,1,1
E745S_02316,301,190,0,459,0,1034,228,114,124
E745S_02317,6084,9915,6759,10224,12620,5251,5655,4447,3474
E745S_02318,0,0,0,72,0,0,77,0,0
E745S_02319,1,1,0,1,0,0,0,1,1
E745S_02320,93,231,28,316,1034,0,129,359,3
E745S_02321,75,1,30,128,0,0,152,0,1
E745S_02322,2026,2904,195,1649,1297,1499,1253,1253,2784
E745S_02323,1600,1250,568,1520,3067,1328,1206,1227,634
E745S_02324,502,468,152,701,0,506,1174,417,671
E745S_02325,992,1546,598,1361,1093,1662,1076,1191,1388
E745S_02326,0,0,0,0,0,89,399,73,6
E745S_02327,867,839,541,2276,178,1831,812,789,1465
E745S_02328,0,0,0,0,165,0,1,0,0
E745S_02329,326,246,10,186,345,300,28,5,70
E745S_02330,1779,1357,408,1918,1612,1220,1644,801,963
E745S_02331,452,168,218,281,170,179,160,369,0
E745S_02332,0,1,1,0,0,0,0,1,0
E745S_02333,2946,5317,3514,3422,2312,2475,1987,3757,3457
E745S_02334,2,6,1,1,2,0,2,3,0
E745S_02335,0,0,0,0,0,0,0,0,0
E745S_02336,1241,891,410,767,736,845,529,183,1463
E745S_02337,57,12,0,0,0,1,0,0,1
E745S_02338,0,0,0,0,0,0,0,1,0
E745S_02339,0,0,0,0,0,0,0,0,0
E745S_02340,3,1,0,0,1,1,1,0,0
E745S_02341,3678,3939,1587,3115,2735,3182,3062,3328,1345
E745S_02342,31,299,0,453,151,274,134,256,103
E745S_02343,1682,3736,2141,4193,3770,4624,2889,4421,2113
E745S_02344,0,96,0,1,0,116,158,1,0
E745S_02345,0,26,0,133,2,109,181,203,259
E745S_02346,7,11,99,19,0,4,147,19,8
E745S_02347,1650,1644,601,2972,1226,3125,1849,1800,1236
E745S_02348,170,122,82,395,398,278,6,74,9
E745S_02349,0,75,1,182,0,11,0,11,1
E745S_02350,1695,1995,215,1667,802,1029,2086,631,969
E745S_02351,120,230,0,0,345,63,0,176,324
E745S_02352,1480,1636,543,1518,1756,1179,1137,1516,1802
E745S_02353,0,2,0,1,0,1,2,2,0
E745S_02354,4893,4839,4009,6362,3416,2727,1985,1467,1576
E745S_02355,795,546,416,171,568,649,738,104,103
E745S_02356,0,1,0,0,0,0,0,0,0
E745S_02357,1050,1514,2073,708,1103,2038,1110,1113,1259
E745S_02359,283,244,129,405,2,155,79,163,248
E745S_02360,319,309,105,429,463,330,296,196,324
E745S_02361,474,181,1,86,904,590,0,64,0
E745S_02362,976,891,76,875,1081,1565,1212,1392,1525
E745S_02365,1,71,0,0,0,0,132,130,0
E745S_02366,58,351,0,161,149,529,487,327,0
E745S_02367,56,5,1,0,1,1,0,0,32
E745S_02368,63,5,3,1,2,98,1,1,1
E745S_02369,3000,2356,1650,2367,2421,1468,1715,2889,1927
E745S_02370,242,726,280,293,345,289,140,381,172
E745S_02371,0,0,0,1,339,0,0,0,0
E745S_02372,104,175,312,165,0,348,110,67,268
E745S_02373,0,3,0,1,1,0,1,1,1
E745S_02374,49,0,0,1,0,78,0,183,1
E745S_02375,1,101,1,211,619,2,74,119,0
E745S_02376,1356,858,1107,1352,0,813,681,183,1164
E745S_02377,501,1537,402,1863,678,2112,1366,1982,942
E745S_02378,1,1,1,2,2,1,0,0,2
E745S_02379,1,0,3,8,0,1,3,0,0
E745S_02380,71,338,3,460,230,94,206,513,134
E745S_02381,382,210,209,276,171,847,232,183,159
E745S_02382,0,0,0,0,0,0,0,0,1
E745S_02383,1,2,0,0,2,0,0,0,0
E745S_02384,0,0,0,0,0,0,0,0,0
E745S_02385,5124,7274,4685,5868,6738,7081,3859,5518,3008
E745S_02386,3,119,4,2,3,0,1,2,1
E745S_02387,503,344,362,344,171,446,135,323,413
E745S_02388,783,1359,252,565,1272,981,633,810,562
E745S_02389,1,0,0,0,0,1,0,0,1
E745S_02390,0,15,0,0,0,9,9,6,0
E745S_02391,0,71,0,0,0,0,3,1,0
E745S_02392,0,94,0,0,0,0,0,0,1
E745S_02393,3,75,0,21,1,14,0,2,9
E745S_02394,1438,1362,725,1692,1213,1139,924,1001,946
E745S_02395,5723,3729,3038,4214,4758,3233,2523,2817,4298
E745S_02396,1196,900,541,1911,263,376,665,151,642
E745S_02397,1200,1674,1526,1856,1068,1926,1866,1899,1484
E745S_02398,114,1,0,0,506,9,152,137,0
E745S_02399,899,142,43,1,148,792,472,146,234
E745S_02400,1837,2366,1194,2339,2067,2125,2037,1625,1597
E745S_02401,76,60,0,485,0,62,1,416,0
E745S_02402,3062,4204,2520,4105,8784,4629,2351,4877,3720
E745S_02403,2566,2310,1535,2484,2940,3553,2485,2666,3647
E745S_02404,2341,2369,1487,2938,3373,2794,1159,1906,1560
E745S_02405,5,2,5,11,5,1,2,3,5
E745S_02406,0,0,0,0,0,0,0,0,0
E745S_02407,283,350,0,726,1,160,1,0,128
E745S_02408,77,1,1,289,0,1,147,0,157
E745S_02409,2759,1630,1798,2523,2046,1374,2230,1074,834
E745S_02410,2527,2324,1687,5024,2342,1472,1869,1816,1793
E745S_02411,2227,3960,953,2642,1115,2263,3323,2264,2779
E745S_02412,0,0,1,1,0,1,0,0,2
E745S_02413,116,260,186,306,0,426,0,49,0
E745S_02415,12710,19389,7222,20881,15678,12979,12827,11415,10980
E745S_02416,0,0,0,0,0,0,0,0,0
E745S_02417,0,3,0,0,1,0,0,0,1
E745S_02418,0,0,0,0,0,0,0,0,0
E745S_02419,1588,3234,2046,2410,1517,3417,2347,2625,1384
E745S_02420,0,1,1,0,1,5,0,0,1
E745S_02421,0,0,0,0,0,0,0,0,0
E745S_02422,370,768,233,474,353,5,610,0,324
E745S_02423,941,1996,1494,2094,2167,1304,1226,2148,1364
E745S_02424,0,58,0,0,0,0,0,3,59
E745S_02425,135,57,0,0,346,0,130,0,0
E745S_02426,3,0,3,2,0,7,5,4,4
E745S_02427,163,168,0,2,167,383,133,401,178
E745S_02428,0,0,0,0,316,0,0,242,313
E745S_02429,0,46,0,267,0,77,0,109,145
E745S_02430,0,1,0,1,0,2,0,0,0
E745S_02431,170,311,0,0,601,0,0,0,0
E745S_02432,845,168,0,1161,295,179,291,371,1
E745S_02433,0,0,0,0,0,0,0,0,0
E745S_02434,9026,7675,3301,6746,4440,5966,4946,5492,3751
E745S_02435,3234,2997,406,2085,2455,3221,1501,2431,1899
E745S_02436,464,310,70,0,0,317,123,207,143
E745S_02437,0,20,0,0,0,179,0,0,0
E745S_02438,183,813,28,270,347,319,139,243,350
E745S_02439,8002,13231,5500,15935,14240,24398,14849,11505,12870
E745S_02440,122,245,0,172,397,199,129,236,137
E745S_02441,491,396,52,0,964,382,604,772,609
E745S_02442,2651,3446,1382,3150,3082,5498,2908,1635,2251
E745S_02443,130,61,0,0,1,0,99,113,50
E745S_02444,55,128,0,108,0,407,82,156,58
E745S_02445,0,0,1,0,1,0,0,1,0
E745S_02446,8,4,7,6,6,1,1,6,3
E745S_02447,1890,2334,665,1131,2343,698,1091,895,770
E745S_02448,9054,7764,3832,9814,7828,6109,5470,5342,5133
E745S_02449,3804,6733,1560,5693,1792,5259,5852,8059,2942
E745S_02450,2974,1355,1539,3525,2380,1882,1325,1587,1252
E745S_02451,249,514,0,357,842,622,0,545,555
E745S_02452,574,722,2,505,625,809,364,1093,392
E745S_02453,0,0,0,0,0,1,0,139,1
E745S_02454,4942,3479,2207,4905,4284,4713,4239,2941,3623
E745S_02455,2,1,0,8,3,0,0,1,0
E745S_02456,238,210,0,595,1,292,135,0,125
E745S_02457,151,485,141,936,179,903,122,520,172
E745S_02458,203,123,182,315,146,35,0,251,1
E745S_02459,38,402,0,0,1,95,254,621,351
E745S_02460,1,1,0,0,0,0,0,0,1
E745S_02461,124,5,1,0,1,0,1,5,5
E745S_02462,2211,1959,268,912,678,1953,1237,916,1244
E745S_02463,533,501,230,911,748,764,294,569,6
E745S_02464,3,1,0,0,0,7,0,1,323
E745S_02465,0,3,0,2,0,3,3,6,1
E745S_02466,1018,966,1589,516,1,1922,301,1149,929
E745S_02467,0,0,0,0,0,0,0,0,0
E745S_02468,0,1,0,0,1,0,0,0,0
E745S_02469,343,465,0,247,536,245,252,180,267
E745S_02470,0,0,0,1,0,0,0,0,0
E745S_02471,0,0,0,0,7,0,0,2,0
E745S_02472,0,0,0,0,1,1,0,0,0
E745S_02473,0,0,0,0,0,0,0,0,0
E745S_02474,1,167,1,6,5,32,107,0,3
E745S_02475,5975,7894,3113,5899,2653,5738,5650,3139,5481
E745S_02476,7448,8118,3968,7986,10512,9439,6013,6172,6320
E745S_02477,1142,1130,823,836,1027,1033,1107,630,1035
E745S_02478,0,0,0,0,0,0,0,0,0
E745S_02479,0,0,0,148,0,80,1,61,1
E745S_02480,0,0,0,1,0,0,0,1,0
E745S_02481,4054,4311,1495,3394,1716,3250,2433,3055,1748
E745S_02482,126,364,0,159,302,90,0,63,278
E745S_02483,554,724,0,743,345,348,525,192,120
E745S_02484,1400,1531,288,1104,1261,890,809,531,570
E745S_02485,1,0,0,0,0,0,2,0,0
E745S_02486,875,769,0,1166,774,719,157,223,339
E745S_02487,69,538,729,308,1,1262,178,0,157
E745S_02489,796,299,225,906,756,626,951,2443,2085
E745S_02490,778,1830,911,293,0,622,575,843,959
E745S_02491,0,0,0,0,0,0,1,0,0
E745S_02492,0,0,0,0,0,1,0,0,0
E745S_02493,1,0,0,0,0,0,1,0,0
E745S_02494,0,0,0,0,0,0,0,1,0
E745S_02495,157,102,18,62,122,121,112,144,130
E745S_02496,958,1544,899,906,911,942,1219,1334,1523
E745S_02497,1114,1396,572,1585,1398,1654,1257,1127,1102
E745S_02498,409,453,71,376,347,98,260,195,70
E745S_02499,44,53,0,0,0,0,0,0,0
E745S_02500,1,0,1,0,0,63,0,7,1
E745S_02501,8,9,16,9,6,17,9,10,19
E745S_02502,614,426,79,755,867,465,224,114,128
E745S_02503,0,0,0,0,0,0,0,0,0
E745S_02504,1,0,0,0,0,0,0,0,0
E745S_02505,106,18,0,522,0,0,1,0,0
E745S_02506,0,0,0,0,0,0,0,0,0
E745S_02507,1,0,0,0,2,0,2,0,1
E745S_02508,0,0,0,0,0,0,0,0,0
E745S_02509,0,0,0,0,0,0,0,0,0
E745S_02510,0,0,0,0,0,0,0,0,1
E745S_02511,144,149,195,66,0,44,0,127,83
E745S_02512,0,0,0,0,0,0,0,0,0
E745S_02513,0,0,0,0,0,0,0,0,0
E745S_02514,0,0,0,0,0,0,0,0,0
E745S_02515,0,0,0,0,0,0,0,0,0
E745S_02516,0,0,0,0,0,0,1,1,0
E745S_02517,0,0,0,0,0,0,0,0,0
E745S_02518,10466,4941,2999,9416,11224,8689,7939,5846,4896
E745S_02519,0,0,0,0,0,0,0,3,0
E745S_02520,11768,14985,5690,8849,9138,8613,10052,9730,11415
E745S_02521,0,0,0,0,0,0,0,0,0
E745S_02524,0,0,0,0,0,0,0,0,0
E745S_02525,0,0,0,1,0,1,0,0,0
E745S_02526,946,1343,873,958,1584,1445,3073,1124,1033
E745S_02527,0,1,0,0,0,0,0,0,0
E745S_02528,0,0,0,0,0,0,0,0,0
E745S_02529,163,592,599,251,330,566,340,220,157
E745S_02530,53,44,0,0,0,51,18,0,0
E745S_02531,0,0,0,1,0,0,1,0,0
E745S_02532,2,2,6,1,1,2,0,0,1
E745S_02533,1,0,1,0,0,1,0,1,0
E745S_02534,2,2,0,0,1,0,0,0,0
E745S_02535,0,0,0,0,0,0,0,0,0
E745S_02536,3666,2870,2627,8934,6305,8224,1709,873,859
E745S_02537,227,336,0,382,637,622,404,77,114
E745S_02538,2,1,0,0,8,1,2,1,0
E745S_02539,116,0,0,134,0,1,0,0,0
E745S_02540,0,0,0,0,173,0,0,0,0
E745S_02541,80,108,51,80,1,1,167,0,20
E745S_02542,0,0,0,0,0,0,0,0,0
E745S_02543,579,575,225,245,767,791,482,286,1118
E745S_02544,606,628,374,498,542,490,137,559,98
E745S_02545,1,0,0,0,0,0,1,0,0
E745S_02546,0,2,0,1,0,1,0,1,0
E745S_02547,4521,6809,2776,10888,2826,8068,5446,4964,6134
E745S_02548,1734,1718,1089,1847,1543,1804,1147,1125,1295
E745S_02549,1,0,1,1,1,0,0,0,1
E745S_02550,0,0,1,191,0,82,0,1,0
E745S_02551,157,657,509,178,351,129,290,170,310
E745S_02552,1,2,0,1,1,2,1,0,0
E745S_02553,0,0,0,0,0,0,0,0,0
E745S_02554,0,0,0,1,0,0,0,0,0
E745S_02555,120,203,229,234,904,284,70,273,176
E745S_02556,0,0,0,0,0,0,0,0,0
E745S_02557,244,611,38,1398,0,1047,595,467,497
E745S_02558,4285,2462,1697,2949,3498,3929,3784,1470,3462
E745S_02559,2130,1895,1558,2215,1759,1778,1615,1454,1222
E745S_02560,2840,1222,957,1477,2277,1484,1134,1066,1663
E745S_02561,6546,9816,4060,10575,4184,5093,4003,6014,3270
E745S_02562,47,0,0,0,172,0,0,0,0
E745S_02563,28094,33661,17955,41986,28302,26950,27028,24116,25550
E745S_02564,23251,21972,13147,25925,11871,21065,20317,11462,16179
E745S_02565,1,0,0,0,1,0,0,0,0
E745S_02566,735,541,499,104,21,717,86,212,270
E745S_02567,23892,19802,11633,24982,20733,19476,21050,14717,11320
E745S_02568,1231,881,944,1231,545,771,756,707,792
E745S_02569,3190,2188,861,3096,2502,1529,1957,1758,1768
E745S_02570,0,3,0,0,0,1,0,0,0
E745S_02571,10,0,1,3,4,2,5,2,5
E745S_02572,404,514,0,369,436,309,1272,470,754
E745S_02573,0,0,0,0,0,0,0,65,1
E745S_02574,0,0,0,0,0,0,0,0,0
E745S_02575,0,0,0,0,0,0,0,0,0
E745S_02576,0,1,1,0,0,0,0,0,0
E745S_02577,170,721,478,839,364,438,423,111,159
E745S_02578,5115,3561,3996,4176,2424,2721,2006,1600,1666
E745S_02579,316,173,339,852,335,409,144,0,434
E745S_02580,0,0,0,1,1,0,0,0,0
E745S_02581,1,0,0,2,1,0,0,0,0
E745S_02582,1,0,0,2,1,0,0,0,0
E745S_02583,0,0,0,0,0,0,0,0,1
E745S_02584,0,0,0,0,1,0,0,2,2
E745S_02585,0,4,0,5,11,2,4,1,0
E745S_02586,129,456,324,0,0,86,85,58,0
E745S_02587,0,56,0,0,0,0,0,0,0
E745S_02588,4,26,395,5,2,81,1,78,1
E745S_02589,7591,4566,3488,3151,4740,4389,6356,4521,4798
E745S_02590,1,0,0,0,0,0,0,0,0
E745S_02591,756,291,645,335,436,283,537,200,453
E745S_02592,7947,4359,3901,3235,1762,2481,4341,2933,2833
E745S_02593,940,760,261,129,647,587,1162,789,719
E745S_02594,197,116,31,391,442,451,550,813,514
E745S_02595,141,1,2,143,1,1,1,26,51
E745S_02596,10883,6134,4863,4064,4879,3506,6535,3861,5770
E745S_02597,194,291,418,0,632,84,248,382,400
E745S_02598,58,628,1,351,0,1,1,230,0
E745S_02599,627,537,455,749,98,307,600,787,696
E745S_02600,1118,784,1416,512,370,558,1094,398,367
E745S_02601,814,453,41,1108,1,708,145,437,807
E745S_02602,1,252,2,120,287,1,343,322,0
E745S_02603,566,562,233,302,488,219,527,267,3
E745S_02604,2972,3269,1330,3468,2071,2138,1786,1897,2157
E745S_02605,1319,1933,1191,1617,741,1046,1543,2537,1404
E745S_02606,414,751,274,152,1516,520,295,1,368
E745S_02607,1,0,0,0,0,0,0,1,1
E745S_02608,2576,2679,604,3064,2173,1808,1323,2698,2190
E745S_02609,3183,5229,2608,6113,3226,5841,3436,3189,2494
E745S_02610,115,104,0,0,0,214,0,113,126
E745S_02611,233,585,297,226,561,787,494,934,1185
E745S_02612,0,0,0,0,0,0,0,0,0
E745S_02613,0,0,0,0,0,0,0,0,0
E745S_02614,1436,1270,538,681,480,1646,433,812,731
E745S_02615,978,366,63,141,303,526,933,1281,400
E745S_02616,106,74,116,4,90,295,17,49,0
E745S_02617,6287,5011,1935,6130,2039,4496,4107,2086,3342
E745S_02618,1874,1388,563,1911,4182,2715,818,1151,502
E745S_02619,36699,45228,29424,76136,55353,72604,6590,7043,8005
E745S_02620,0,0,0,0,0,0,0,0,0
E745S_02621,161,309,36,63,0,260,153,0,63
E745S_02622,4375,3498,3905,2369,2831,1664,2607,969,1782
E745S_02623,0,2,0,0,0,0,0,0,1
E745S_02624,105,292,460,0,0,0,0,1,0
E745S_02625,145,190,28,145,26,553,270,67,22
E745S_02626,0,32,0,0,0,0,0,60,0
E745S_02627,0,0,0,0,0,0,0,0,242
E745S_02628,435,334,0,0,286,398,150,305,0
E745S_02629,41,47,2,88,0,75,1,1,563
E745S_02630,507,608,252,156,338,378,1,167,416
E745S_02631,2733,4223,488,2989,2608,3673,4795,2371,3287
E745S_02632,480,813,459,1540,141,474,673,549,544
E745S_02633,15364,11090,8907,16241,15751,9017,6062,7172,5824
E745S_02634,1684,1754,1084,1808,1494,1781,1152,1128,1279
E745S_02635,1619,1397,1366,1706,854,1007,1052,1410,900
E745S_02636,0,0,0,0,0,0,0,0,0
E745S_02637,0,0,0,0,0,0,0,0,0
E745S_02638,8700,7638,6193,8174,7216,2729,4594,4737,4153
E745S_02639,838,891,172,589,952,373,723,366,1273
E745S_02640,82,370,0,149,0,76,0,117,1
E745S_02641,10,35,0,1,48,28,20,43,9
E745S_02642,383,185,1,0,0,66,221,413,498
E745S_02643,5620,7885,2041,7122,3584,7398,7066,7635,5029
E745S_02644,345,621,0,525,594,414,0,130,138
E745S_02645,1,0,0,0,0,2,1,0,0
E745S_02646,0,0,0,0,0,0,0,0,0
E745S_02647,133,298,58,66,310,250,225,45,0
E745S_02648,115,1,0,0,0,0,0,0,0
E745S_02649,2493,3407,2625,4437,3522,3129,2986,2664,2872
E745S_02650,666,997,634,552,593,481,873,783,1038
E745S_02651,162,88,23,47,124,114,103,128,117
E745S_02652,1771,1791,955,1954,1874,1754,1269,1343,1034
E745S_02653,160,89,19,60,114,126,103,128,114
E745S_02654,680,1028,683,556,572,484,927,788,1020
E745S_02655,1,1,0,0,0,1,1,2,2
E745S_02656,0,2,0,0,0,0,1,0,0
E745S_02657,936,1495,663,1380,1031,1709,1020,1218,1383
E745S_02658,66,101,1,368,3,39,2,1,104
E745S_02659,1743,1716,1105,1941,1516,1824,1177,1051,1194
E745S_02660,4030,4366,2236,6011,4920,3484,2683,3444,3060
E745S_02661,0,0,0,0,351,40,0,1,1
E745S_02662,822,1091,1432,1672,2141,1738,1146,780,1425
E745S_02663,0,0,0,1,0,0,0,0,0
E745S_02664,12,2,6,16,11,30,7,3,0
E745S_02665,605,589,244,895,345,610,483,495,387
E745S_02666,421,439,106,656,401,284,116,247,100
E745S_02667,2714,2577,2180,2478,4681,3007,2185,2322,2645
E745S_02668,43,55,0,0,1,2,133,0,0
E745S_02669,0,0,1,0,0,1,2,0,1
E745S_02670,0,0,0,0,0,0,0,0,0
E745S_02671,131,0,0,172,0,0,0,0,0
E745S_02672,0,1,0,0,0,0,0,1,1
E745S_02673,3077,4099,331,2714,3132,3728,2302,3038,2460
E745S_02674,0,0,1,0,0,0,0,4,0
E745S_02675,0,46,0,0,0,0,0,0,0
E745S_02676,0,0,0,0,0,0,0,0,0
E745S_02677,0,0,0,0,0,0,0,0,0
E745S_02678,301,530,124,167,329,373,239,323,191
E745S_02679,0,0,0,1,0,0,0,0,0
E745S_02680,10,2,0,5,4,1,4,2,5
E745S_02681,0,0,0,0,0,0,0,0,0
E745S_02682,1,89,1,0,0,110,263,180,0
E745S_02683,2609,1827,767,2497,362,1899,1689,1329,1055
E745S_02684,0,0,0,0,0,0,0,80,2
E745S_02685,0,0,0,0,0,0,0,0,1
E745S_02686,240,263,576,223,447,89,282,160,177
E745S_02687,7333,8778,5204,8912,9920,6312,5245,4547,5010
E745S_02688,1513,1715,1117,2073,836,1979,1240,1529,1113
E745S_02689,2123,876,142,2453,1042,1186,1661,260,448
E745S_02690,0,0,0,9,0,2,0,0,0
E745S_02691,1,2,0,0,0,1,1,1,0
E745S_02692,1589,2056,2018,2255,1924,2330,1694,1257,1313
E745S_02693,0,0,2,0,2,1,1,1,0
E745S_02694,3866,4541,1684,4940,4933,6390,4417,5885,4341
E745S_02695,306,195,0,363,553,86,250,117,103
E745S_02696,5004,5738,2671,9711,3005,5737,5138,4864,5326
E745S_02697,446,725,358,493,178,331,548,490,436
E745S_02698,0,0,0,0,0,0,0,1,0
E745S_02699,5267,4741,3376,3446,2899,2265,1886,2570,2670
E745S_02700,4018,4284,2146,5920,4729,3516,2805,3364,2996
E745S_02701,4729,4266,2154,3583,3559,2661,4249,2845,3578
E745S_02702,16228,8674,4055,13501,5793,7909,6509,5496,6179
E745S_02703,0,0,0,2,0,3,1,1,1
E745S_02704,583,266,0,600,0,0,165,158,0
E745S_02705,656,785,493,951,1266,1223,1102,1049,313
E745S_02706,3096,2336,1452,3316,867,1383,2631,1352,1573
E745S_02707,1367,1355,738,1634,1135,1093,892,909,990
E745S_02708,0,0,0,0,0,0,0,0,0
E745S_02709,0,0,0,0,0,0,32,0,0
E745S_02710,14070,18464,15056,28744,13994,13484,9659,9517,12109
E745S_02711,575,157,38,305,638,275,253,161,305
E745S_02712,5137,3054,2021,2657,2245,4048,3518,2635,2503
E745S_02713,3738,1725,938,2232,3607,1513,1674,1282,1177
E745S_02714,0,0,0,0,0,2,0,0,381
E745S_02715,59,158,0,1,0,106,0,0,8
E745S_02716,5448,4341,2111,3935,5489,5851,3717,2374,2488
E745S_02717,0,0,0,0,0,0,0,0,0
E745S_02718,388,1033,275,492,1,985,305,583,750
E745S_02719,15649,23971,6834,24468,20033,15995,14193,14086,11005
E745S_02720,50,207,0,0,0,176,0,51,0
E745S_02721,0,0,0,0,0,0,281,0,0
E745S_02722,798,1383,217,715,1012,986,1548,368,235
E745S_02723,0,32,0,121,0,0,0,109,0
E745S_02724,91,34,0,0,259,254,31,129,99
E745S_02725,0,0,0,0,0,0,0,3,0
E745S_02726,3424,5421,1998,4839,6565,5622,3206,4733,3716
E745S_02727,345,425,134,249,1,435,177,462,263
E745S_02728,622,791,807,828,370,752,427,535,943
E745S_02729,2,1,0,1,0,1,0,0,0
E745S_02730,0,106,0,0,0,0,0,0,0
E745S_02731,3627,4668,1719,6203,3797,4530,3048,3665,2677
E745S_02732,0,0,0,0,0,0,0,0,0
E745S_02733,4355,4625,2887,3217,3454,6584,5564,6614,9514
E745S_02734,1013,1019,975,1509,575,1375,170,277,271
E745S_02735,5617,3618,2004,3434,4542,5951,2544,3900,4634
E745S_02736,0,1,0,0,5,0,0,0,0
E745S_02737,1,160,0,135,348,149,0,110,135
E745S_02738,2,3,0,160,1,83,1,107,1
E745S_02739,1,0,0,0,0,0,0,1,0
E745S_02740,3794,3721,2626,3493,4287,4314,2816,2431,2373
E745S_02741,174,113,30,895,201,442,0,432,0
E745S_02742,1059,1409,368,457,386,412,483,384,88
E745S_02743,0,0,0,0,0,0,0,0,0
E745S_02744,0,0,0,0,0,0,0,0,0
E745S_02745,2389,2091,1318,3070,2942,2384,1665,972,1420
E745S_02746,1401,1704,723,1872,1766,2003,1452,1299,1161
E745S_02747,195,504,3,211,169,76,248,366,196
E745S_02748,0,0,0,0,0,0,0,0,0
E745S_02749,1733,1689,975,2004,1739,1766,1192,1350,1074
E745S_02750,2335,3106,1122,2657,2032,2415,1151,872,1613
E745S_02751,1,0,0,282,1,0,0,113,0
E745S_02752,0,0,0,0,0,0,0,0,0
E745S_02753,1300,854,1161,796,1020,827,414,365,522
E745S_02754,707,398,262,412,257,364,328,314,382
E745S_02755,18,0,0,0,0,23,0,0,0
E745S_02756,1,22,0,0,2,1,1,1,0
E745S_02757,1815,1548,2027,1293,1491,1235,2751,1353,999
E745S_02758,198,394,0,346,340,265,506,657,430
E745S_02759,690,752,502,119,309,420,262,714,927
E745S_02760,0,2,0,0,0,4,2,0,1
E745S_02761,545,130,33,349,1,247,88,119,358
E745S_02762,2813,1853,1537,1779,1065,1683,981,856,911
E745S_02763,4542,3985,3753,3793,6580,7617,4708,5551,3244
E745S_02764,20150,22483,12395,23787,14971,18245,12482,16562,13708
E745S_02765,2505,3358,8838,1848,2783,1409,2198,2335,2603
E745S_02766,616,610,265,917,335,653,513,528,417
E745S_02767,2755,2653,1031,2162,2199,3630,3032,2874,1877
E745S_02768,0,0,0,0,0,0,0,0,0
E745S_02769,986,1623,903,2087,1161,2012,1038,1475,490
E745S_02770,1114,1453,852,1355,1184,1380,931,1081,909
E745S_02771,1236,1502,596,1275,524,822,832,757,1102
E745S_02772,45,155,0,0,0,0,76,0,0
E745S_02773,1739,1789,992,1926,1727,1822,1139,1326,1133
E745S_02774,952,1329,759,1291,1121,1186,814,881,846
E745S_02775,1746,1752,1021,1918,1780,1801,1181,1372,1080
E745S_02776,0,1,0,0,0,0,0,2,0
E745S_02777,0,0,0,0,0,0,0,0,0
E745S_02778,726,1002,221,0,823,325,195,636,1143
E745S_02779,140,540,247,598,855,314,0,95,107
E745S_02780,1821,2684,270,2591,1967,3161,1717,3174,2092
E745S_02781,547,975,0,1083,589,308,229,389,622
E745S_02782,1405,1519,689,1704,1282,1183,953,1123,971
E745S_02783,4687,4547,1916,4879,3413,5783,3484,4586,6547
E745S_02784,1,157,2,0,0,0,1,1,0
E745S_02785,2768,2980,1482,3246,2912,2763,2365,2527,2329
E745S_02786,498,984,280,318,1103,609,535,331,922
E745S_02787,1052,1401,424,679,1830,1207,863,825,1195
E745S_02788,144,189,196,156,420,361,172,171,241
E745S_02789,2610,1843,734,1616,3706,1737,1343,2037,714
E745S_02790,3570,4174,1689,3571,5052,3393,3122,3243,3145
E745S_02791,66,98,61,94,41,45,107,177,33
E745S_02792,921,1151,445,489,717,1392,885,993,744
E745S_02793,137,582,160,364,373,442,353,298,137
E745S_02794,0,94,0,270,0,1,0,0,0
E745S_02795,0,0,0,0,0,0,0,0,0
E745S_02796,1098,1675,837,1056,1429,1768,1054,1533,1232
E745S_02797,32,109,41,189,0,93,158,30,30
E745S_02798,967,521,125,1356,689,631,516,557,352
E745S_02799,857,793,444,1173,1024,1076,1427,299,270
E745S_02800,7256,7404,4267,7453,4474,6183,6292,6036,5541
E745S_02801,348,697,386,807,244,274,178,93,571
E745S_02802,76,41,0,0,219,279,31,108,106
E745S_02803,3431,5355,2020,4759,6430,5752,3118,4705,3688
E745S_02804,1656,1638,1097,1850,1533,1728,1237,1093,1227
E745S_02805,38,44,19,87,67,55,49,18,1
E745S_02806,942,1461,432,2001,1540,1379,1401,1220,1010
E745S_02807,0,54,0,160,0,0,0,0,0
E745S_02808,0,4,0,1,0,0,0,0,6
E745S_02809,0,0,0,0,0,0,1,0,0
E745S_02810,4192,1837,2229,1690,2293,1849,2188,1965,1231
E745S_02811,6713,7932,4748,7067,3517,6649,9257,6254,6622
E745S_02812,853,970,1268,423,810,564,762,553,322
E745S_02813,58,322,0,1,0,3,136,3,393
E745S_02814,1181,599,180,401,0,816,334,1062,948
E745S_02815,14,33,3,10,0,32,88,27,13
E745S_02816,936,1028,643,1023,655,473,1191,1056,181
E745S_02817,10774,12574,2662,14717,5243,11865,9830,8015,9874
E745S_02818,2081,4095,66,3531,4024,3219,1701,3002,1634
E745S_02819,932,711,1337,1599,627,854,609,1059,694
E745S_02820,0,209,1,82,0,404,90,231,247
E745S_02821,2397,2218,451,966,667,2018,970,1843,1847
E745S_02822,0,0,0,0,1,2,1,0,1
E745S_02823,4700,7727,2370,5120,7733,4146,4125,3480,3355
E745S_02824,112,406,75,160,334,130,0,317,234
E745S_02825,14596,8864,4839,11462,13495,11464,6649,7350,6952
E745S_02826,3325,1759,1815,2254,3397,2092,1151,1919,2082
E745S_02827,1,0,0,0,0,0,0,2,0
E745S_02828,2827,2156,969,1845,1174,2053,2745,1213,2159
E745S_02829,531,543,554,604,629,405,122,484,92
E745S_02830,1415,1158,513,732,2061,1584,1445,1111,486
E745S_02831,1877,1545,946,1462,485,2166,971,824,946
E745S_02832,1767,1829,1012,1995,1728,1789,1229,1338,1142
E745S_02833,1,0,0,0,0,0,0,0,104
E745S_02834,1186,1954,1039,1418,1042,1445,536,1095,1333
E745S_02835,522,1019,246,343,1668,875,605,515,887
E745S_02836,1647,1771,1010,1809,1573,1743,1196,1115,1329
E745S_02837,0,0,158,0,0,0,0,0,0
E745S_02838,0,0,0,0,0,1,0,210,0
E745S_02839,594,1011,659,548,572,524,947,825,1029
E745S_02840,140,83,22,60,101,124,123,128,115
E745S_02841,249,288,98,401,479,348,293,193,310
E745S_02842,264,248,133,392,0,184,92,174,249
E745S_02843,1,0,0,0,0,1,1,0,0
E745S_02844,1839,1052,724,1167,1177,2458,1569,2387,1131
E745S_02845,562,441,590,320,0,263,619,109,374
E745S_02846,392,572,71,204,0,231,331,404,852
E745S_02847,8681,9381,5900,9306,8642,7065,6556,5537,4917
E745S_02848,654,573,414,477,502,737,446,496,612
E745S_02849,542,1053,222,334,1592,868,607,589,860
E745S_02850,1590,2273,1372,2053,1691,2005,2082,2260,1303
E745S_02851,297,279,138,396,0,171,89,157,243
E745S_02852,2391,2801,2436,3442,1499,2130,2975,2566,2886
E745S_02853,6719,6859,4263,4249,5450,5081,3415,4150,2713
E745S_02854,1048,803,519,333,698,594,196,112,134
E745S_02855,58,55,11,38,978,349,24,20,76
E745S_02856,1807,3244,495,3244,1214,723,2164,1216,1424
E745S_02857,1448,1401,730,1668,1210,1118,910,1033,979
E745S_02858,2,2,2,2,0,1,3,1,0
E745S_02859,4383,5059,1622,6304,8071,11361,4008,4850,6089
E745S_02860,248,272,152,404,0,151,86,180,276
E745S_02861,2,29,377,58,3,140,102,3,293
E745S_02862,967,1458,600,1302,1082,1646,1109,1211,1387
E745S_02863,2547,2345,2511,2695,1887,2862,1822,2599,1906
E745S_02864,1,1,1,1,0,1,1,0,0
E745S_02865,2,128,182,166,0,3,197,5,3
E745S_02866,7885,11121,6114,9908,4246,3794,6720,7757,8279
E745S_02867,1047,1177,643,1137,1074,1032,1270,1196,1088
E745S_02868,0,1,2,0,1,1,0,0,2
E745S_02869,134,301,0,0,0,262,162,222,255
E745S_02870,54,91,0,15,319,191,287,0,191
E745S_02871,801,688,16,895,559,388,970,252,519
E745S_02872,1536,1701,605,2043,568,1397,1778,1768,1390
E745S_02873,590,423,61,615,372,439,328,403,664
E745S_02874,11501,8647,4248,6845,9897,8145,6440,4469,6842
E745S_02875,2956,3186,1331,3420,2081,2211,1823,1831,2194
E745S_02876,122,471,381,1380,402,198,95,320,590
E745S_02877,711,686,382,557,451,707,377,458,465
E745S_02878,1476,980,1207,811,1216,950,573,394,630
E745S_02879,1506,2234,857,1299,314,2259,555,860,755
E745S_02880,0,0,0,0,0,1,0,0,0
E745S_02881,0,32,0,0,0,0,0,33,0
E745S_02882,0,2,0,0,0,0,0,0,0
E745S_02883,1080,1602,1159,932,903,2161,1373,571,1030
E745S_02884,1908,4446,1144,2543,2011,3162,2297,1803,3207
E745S_02885,691,1326,275,1,712,777,65,714,184
E745S_02886,0,0,0,0,0,0,0,0,0
E745S_02887,2750,2595,1333,1950,2018,2698,1818,2957,2173
E745S_02888,11095,12853,5066,12438,6890,9263,10423,6184,7762
E745S_02889,0,60,0,84,0,92,0,0,0
E745S_02890,4789,3974,1693,4713,3688,6276,3795,6236,4243
E745S_02891,1822,1778,1008,1911,1756,1839,1238,1345,1043
E745S_02892,1388,1594,667,2330,2478,240,385,1063,609
E745S_02893,1865,2134,1318,3405,2647,1113,727,1919,1286
E745S_02894,1469,1420,750,1648,1171,1012,952,995,971
E745S_02895,9024,8433,5522,9352,8265,7462,8338,6294,8312
E745S_02896,1956,2467,2179,2812,3119,1438,1708,1664,1664
E745S_02897,514,378,51,372,1135,220,136,330,404
E745S_02898,1733,1240,756,1046,652,485,949,772,857
E745S_02899,0,2,0,1,0,2,1,1,0
E745S_02900,122,215,0,0,0,41,143,72,0
E745S_02901,1389,814,645,1480,1222,1008,1169,661,1100
E745S_02902,0,0,0,0,0,0,0,0,0
E745S_02903,1726,1750,736,2322,1527,1415,2409,2194,1689
E745S_02904,231,287,106,141,739,583,801,618,0
E745S_02905,6118,4152,3462,5602,5385,6711,5789,4469,4097
E745S_02906,0,0,0,0,0,0,0,0,0
E745S_02907,0,0,0,0,0,0,0,0,0
E745S_02908,1178,695,562,1859,1458,1019,398,527,657
E745S_02909,215,105,32,46,218,123,85,49,25
E745S_02910,11269,21913,8158,12575,7864,9110,18800,20956,19272
E745S_02911,979,1518,602,1376,1065,1565,1014,1177,1420
E745S_02912,0,0,0,0,0,0,1,0,0
E745S_02913,5767,4987,2009,5328,5123,5958,5773,4189,5041
E745S_02914,4762,8625,3022,7280,4226,9637,4352,4693,3570
E745S_02915,332,533,63,772,380,429,326,29,68
E745S_02916,106,52,0,139,2,0,235,115,0
E745S_02917,4292,2622,1879,3878,3899,3309,1751,3195,3293
E745S_02918,3053,2978,1326,3953,4015,2981,3295,2616,1653
E745S_02919,385,608,32,515,536,1330,89,420,1088
E745S_02920,4208,4979,2006,3854,2477,5012,4313,3954,2947
E745S_02921,0,24,0,0,0,36,8,1,0
E745S_02922,8045,5389,6366,6738,3375,3297,4148,4288,3508
E745S_02923,3170,3217,2044,2379,3289,3088,2816,2946,2581
E745S_02924,77,97,0,0,315,41,171,68,42
E745S_02925,2196,1319,922,1575,1769,1409,1788,1339,1215
E745S_02926,333,368,577,676,236,441,246,131,130
E745S_02927,4232,4885,2374,4685,4030,5747,3662,4451,4510
E745S_02928,4452,5925,3243,3445,1868,4090,5550,7400,5373
E745S_02929,1947,3074,1662,2586,3403,2834,2656,2838,2762
E745S_02930,6558,9838,4320,9664,7535,6948,8124,8529,7043
E745S_02931,3058,3998,1733,2227,1228,2612,4530,4133,5233
E745S_02932,0,0,0,0,0,2,1,0,0
E745S_02933,525,1149,233,1183,679,401,1449,1344,856
E745S_02934,2029,4678,1248,2324,1471,1956,2954,3619,2310
E745S_02935,13110,8260,4807,4325,8187,8861,5100,5109,4803
E745S_02936,0,0,0,0,1,0,0,0,2
E745S_02937,476,858,297,1048,1758,750,464,467,423
E745S_02938,0,0,0,0,0,1,0,0,0
E745S_02939,4262,5478,2233,2317,3993,3201,5681,5643,4573
E745S_02940,4559,3902,3053,3506,3231,4352,7058,5873,5974
E745S_02941,5991,8847,4920,6024,4165,3670,8696,9681,10457
E745S_02942,0,0,0,0,1,0,0,0,0
E745S_02943,6,125,23,102,4,92,29,15,25
E745S_02944,214,119,125,0,692,36,88,410,0
E745S_02945,0,0,0,0,0,0,0,0,0
E745S_02946,262,340,643,213,0,47,132,156,514
E745S_02947,512,579,266,300,492,397,291,659,562
E745S_02948,1,0,0,0,1,0,0,0,0
E745S_02949,1564,1596,1063,1666,1340,1539,1005,917,1181
E745S_02950,85,94,46,106,116,112,104,106,39
E745S_02951,1160,755,733,864,840,979,580,592,650
E745S_02952,240,579,286,557,433,551,293,387,516
E745S_02953,0,0,0,0,0,0,0,0,0
E745S_02954,11078,21378,7747,12169,7677,8816,18406,20855,18866
E745S_02955,1579,555,567,207,732,611,173,585,71
E745S_02956,1535,1142,527,2092,2239,934,595,398,500
E745S_02957,144,418,220,591,450,564,259,0,340
E745S_02958,976,757,867,864,1,233,465,978,620
E745S_02959,403,539,0,294,301,353,403,1034,596
E745S_02960,2543,2748,1323,2671,1640,2801,3067,4447,2781
E745S_02961,61,50,36,0,334,97,208,522,84
E745S_02962,1471,870,595,1558,1198,1233,1240,729,1163
E745S_02963,130,187,1,1,0,51,125,57,1
E745S_02964,1751,1140,843,1074,638,452,939,783,883
E745S_02965,1,0,1,0,0,9,68,77,0
E745S_02966,408,473,0,133,0,728,483,755,546
E745S_02967,191,93,58,146,591,213,56,111,0
E745S_02968,63,56,236,0,0,0,152,40,0
E745S_02969,0,0,0,0,0,0,0,0,0
E745S_02970,2030,4293,1051,1505,870,1823,2246,2585,3880
E745S_02971,2304,3138,713,1829,1905,2270,2674,2426,1847
E745S_02972,3531,3996,1717,3044,3350,3247,4098,3214,3408
E745S_02973,0,365,0,77,0,235,293,427,56
E745S_02974,84,195,132,77,177,32,146,172,37
E745S_02975,13563,15108,8829,10614,10951,9535,9616,10239,8489
E745S_02976,0,0,0,0,0,0,0,0,0
E745S_02977,1,0,0,0,0,0,0,0,0
E745S_02978,1,0,0,2,0,0,0,0,0
E745S_02979,0,0,0,0,0,0,0,0,0
E745S_02980,0,0,0,0,0,1,0,0,0
E745S_02981,0,1,0,0,2,1,0,0,0
E745S_02982,6301,6335,2554,3822,7163,7002,8211,9268,7620
E745S_02983,1198,1485,409,1385,805,675,1280,1996,1843
E745S_02984,276,345,590,204,1,38,173,152,604
E745S_02985,0,0,0,0,0,0,0,0,45
E745S_02986,61,43,30,95,95,27,51,36,37
E745S_02987,0,7,0,0,0,0,1,38,0
E745S_02988,1040,1557,612,1368,1062,1605,1066,1297,1453
E745S_02989,0,0,0,0,0,0,0,0,0
E745S_02990,4283,6599,2456,6100,3793,7383,3316,3028,2850
E745S_02991,686,697,264,367,0,881,808,702,796
E745S_02992,1966,1450,328,1446,3847,1985,1325,2513,1751
E745S_02993,0,0,0,0,1,0,0,0,0
E745S_02994,0,0,0,0,0,0,0,0,0
E745S_02995,39,151,1,119,0,286,354,450,309
E745S_02996,1,1,0,1,0,0,0,1,2
E745S_02997,556,1270,289,1264,1044,1665,1143,2096,1117
E745S_02998,4891,5426,2367,3921,2444,5479,4998,5117,3287
E745S_02999,0,34,0,1,0,48,9,0,0
E745S_03000,15755,11428,8760,12682,7069,10008,12890,8711,11815
E745S_03001,288,246,116,313,40,284,370,258,223
E745S_03002,295,253,13,164,0,60,130,441,329
E745S_03003,567,402,271,529,447,330,395,345,491
E745S_03004,478,380,195,292,642,197,375,356,453
E745S_03005,0,0,0,0,0,1,0,0,1
E745S_03006,846,936,899,534,773,715,581,660,330
E745S_03007,0,0,0,0,0,0,0,0,0
E745S_03008,0,0,0,0,0,0,0,25,0
E745S_03009,411,335,171,382,689,359,613,570,475
E745S_03010,1314,623,210,617,248,450,407,583,324
E745S_03011,1314,623,210,617,248,450,407,583,324
E745S_03012,1466,2210,1458,2968,1676,3434,1591,2006,2371
E745S_03013,0,0,0,0,0,0,0,0,0
E745S_03014,0,0,0,0,0,0,0,0,0
E745S_03015,0,59,0,0,4,6,1,0,0
E745S_03016,113,65,79,37,71,78,49,55,50
E745S_03017,2360,1746,1639,1525,1550,1561,864,960,1077
E745S_03018,284,250,330,59,213,173,33,258,91
E745S_03019,780,1981,272,1248,302,1065,1654,1033,389
E745S_03020,793,812,350,536,107,526,379,701,533
E745S_03021,569,1086,283,153,1,457,491,206,446
E745S_03022,4998,10437,2065,6300,3393,6419,4676,5506,3724
E745S_03023,3180,2249,1769,1931,1444,1831,1183,1087,1172
E745S_03024,362,433,286,491,1,79,309,141,11
E745S_03025,0,0,0,0,0,0,0,0,0
E745S_03026,1563,1316,1246,1038,1157,1374,960,1188,1999
E745S_03027,660,1816,275,1481,849,1144,732,646,732
E745S_03028,988,487,51,304,0,219,512,105,259
E745S_03029,1432,1986,1059,1755,647,1728,1119,642,514
E745S_03030,333,323,239,178,281,216,162,118,193
E745S_03031,2553,1875,1734,1465,1727,1449,1036,906,1167
E745S_03032,1357,273,288,280,0,487,87,0,144
E745S_03033,10049,7340,5339,6531,6194,4033,4684,4225,5294
E745S_03034,13015,12778,5534,10338,11563,9402,6780,7811,6162
E745S_03035,964,1349,727,794,897,1308,2630,2491,475
E745S_03036,1365,1917,853,1908,837,1038,1606,506,487
E745S_03037,0,487,72,173,0,0,586,86,9
E745S_03038,253,475,37,334,262,390,388,404,482
E745S_03039,2779,2307,1493,1591,2663,1768,2046,1672,2160
E745S_03040,12441,16495,9561,8710,10889,9228,9052,7764,5270
E745S_03041,2971,2036,1706,1927,1230,1808,1023,1007,1016
E745S_03042,1155,1756,130,886,478,1087,766,957,1214
E745S_03043,4628,3309,1113,4257,2455,2547,1602,2711,2465
E745S_03044,3133,2209,1746,1991,1389,1908,1218,1087,1191
E745S_03045,14311,6378,3880,8342,13209,8397,6479,2722,3481
E745S_03046,184,69,66,134,8,6,12,9,160
E745S_03047,413,492,114,157,493,277,355,200,134
E745S_03048,343,50,213,70,0,1,0,0,114
E745S_03049,0,0,0,0,0,0,0,0,0
E745S_03050,721,919,887,765,55,573,601,437,175
E745S_03051,3114,2241,1733,1940,1484,1894,1209,1051,1173
E745S_03052,76,221,49,196,200,111,72,202,169
E745S_03053,784,1674,404,689,0,456,217,141,184
E745S_03054,1,1,0,2,0,2,9,1,1
E745S_03055,1,59,0,0,7,4,0,0,1
E745S_03056,103,58,92,42,49,79,74,60,48
E745S_03057,2586,1756,1704,1535,1730,1560,983,986,1095
E745S_03058,930,2127,550,1161,564,1094,1579,1381,375
E745S_03059,204,231,108,194,1,181,243,111,151
E745S_03060,727,751,313,500,112,533,337,715,444
E745S_03061,543,964,239,138,0,407,469,202,442
E745S_03062,0,0,0,0,0,0,0,0,0
E745S_03063,0,3,0,0,0,0,0,0,0
E745S_03064,7933,5520,6414,6930,3304,3354,4145,4262,3461
E745S_03065,0,0,0,0,0,0,0,0,0
E745S_03066,3225,3150,1990,2436,3210,2986,2739,2885,2543
E745S_03067,102,250,0,109,296,102,198,171,140
E745S_03068,1957,1321,957,1588,1657,1418,1686,1346,1199
E745S_03069,384,426,590,686,227,411,238,137,142
E745S_03070,5286,5812,3012,5317,4655,5872,4423,4919,4834
E745S_03071,2805,5073,2374,2646,1650,3447,5766,7934,5914
E745S_03072,1500,2100,1078,1742,3098,2232,2077,2080,1947
E745S_03073,405,872,622,860,144,689,455,745,776
E745S_03074,802,507,232,174,177,119,509,734,396
E745S_03075,3315,2322,1664,794,2986,2130,2125,4541,3610
E745S_03076,1228,1229,333,166,1629,568,1068,1177,1426
E745S_03077,1296,1635,442,1643,456,627,1959,1352,2065
E745S_03078,1833,3014,1546,1213,1301,2044,3142,3279,3339
E745S_03079,186,140,0,0,64,113,104,157,153
E745S_03080,0,0,0,0,2,0,0,0,0
E745S_03081,0,0,0,1,0,1,0,1,0
E745S_03082,1355,821,1201,856,1073,870,453,366,517
E745S_03083,1112,823,504,670,545,742,457,552,497
E745S_03084,8,8,0,10,0,14,47,57,5
E745S_03085,0,3,1,1,8,35,3,5,2
E745S_03086,79,82,36,19,303,95,46,160,0
E745S_03087,0,0,0,0,0,1,0,0,0
E745S_03088,4,1,49,140,20,230,0,106,0
E745S_03089,190,235,23,0,162,79,165,80,68
E745S_03090,1785,1835,849,999,2197,1611,593,1463,688
E745S_03091,989,1279,650,1108,780,1026,1344,1169,831
E745S_03092,4182,3658,1270,2997,4116,2716,2172,2487,2312
E745S_03093,0,261,0,0,0,0,180,101,63
E745S_03094,2251,2977,485,2260,1883,1157,2694,2427,1858
E745S_03095,663,796,475,753,436,976,519,666,919
E745S_03096,0,0,0,1,0,2,0,1,2
E745S_03097,1,0,0,0,0,0,0,0,0
E745S_03098,2,2,0,1,0,1,1,0,1
E745S_03099,1399,898,1139,775,1111,871,444,381,627
E745S_03100,744,654,377,512,469,637,393,487,420
E745S_03101,8,3,0,11,0,19,59,64,8
E745S_03102,5,2,1,5,6,33,4,6,0
E745S_03103,77,79,51,26,319,112,62,179,0
E745S_03104,0,0,0,0,0,0,0,0,0
E745S_03105,219,125,140,400,351,189,272,304,385
E745S_03106,5,0,5,3,8,11,3,4,5
E745S_03107,157,229,16,0,143,72,198,68,63
E745S_03108,26,120,0,196,167,92,40,106,26
E745S_03109,877,1256,713,573,986,1675,1103,926,436
E745S_03110,4531,6307,2588,6134,3277,4107,2798,2365,2661
E745S_03111,30,73,0,0,175,51,124,0,0
E745S_03112,0,0,0,0,0,0,0,34,48
E745S_03113,128,203,25,111,142,238,12,232,69
E745S_03114,22,80,0,209,0,22,95,181,0
E745S_03115,554,527,10,393,867,364,595,1606,516
E745S_03116,72,543,0,0,192,203,704,305,1110
E745S_03117,2725,2497,1503,1966,2515,2627,5714,5177,4223
E745S_03118,1590,1153,487,1181,2219,1168,2803,1491,1830
E745S_03119,0,102,0,544,172,146,140,290,406
E745S_03120,28,74,0,248,196,79,43,119,26
E745S_03121,4959,7312,3449,5905,4230,5996,3972,3620,2953
E745S_03122,34,59,0,0,158,30,97,0,0
E745S_03123,0,1,0,0,0,1,1,16,52
E745S_03124,145,212,21,113,167,221,16,197,61
E745S_03125,22,47,0,191,0,25,72,187,0
E745S_03126,234,67,0,31,159,62,50,577,73
E745S_03127,276,354,24,325,663,259,521,883,386
E745S_03128,10701,15021,2926,10480,8711,11014,13476,16568,7537
E745S_03129,706,1068,614,559,684,853,89,728,695
E745S_03130,1045,528,510,1820,0,515,274,402,138
E745S_03131,0,0,0,0,0,1,0,0,0
E745S_03132,0,0,0,0,0,0,0,0,0
E745S_03133,2282,2600,2451,1542,2045,1456,2576,2734,2284
E745S_03134,3825,8412,1199,7661,4575,5789,5597,2751,5082
E745S_03135,101,625,979,446,177,132,90,196,386
E745S_03136,1049,815,657,608,314,253,340,783,269
E745S_03137,2,192,266,0,11,0,366,216,0
E745S_03138,140,496,55,467,516,420,306,629,140
E745S_03139,207,148,0,211,0,59,116,0,149
E745S_03140,0,0,0,0,0,0,0,0,0
E745S_03141,0,0,0,0,0,0,1,0,0
E745S_03142,2269,3421,2187,2624,4612,1833,2778,2430,3480
E745S_03143,2065,2642,1027,2025,1861,2688,2031,3600,2444
E745S_03144,9519,9500,8525,5897,11611,7748,9486,9271,8713
E745S_03145,1966,2961,1633,2515,3259,2886,2656,2766,2767
E745S_03146,3096,5911,2633,4278,3043,3088,3479,4014,2208
E745S_03147,4658,3974,4220,3306,4219,3043,3282,2088,3713
E745S_03148,1353,1527,34,428,800,1888,1431,978,1564
E745S_03149,517,709,162,441,1182,986,818,807,483
E745S_03150,572,378,388,454,488,309,724,482,735
E745S_03151,708,1807,698,2359,356,2460,1099,1108,526
E745S_03152,208,0,230,5,4,123,97,63,1
E745S_03153,0,1,0,0,0,0,126,0,101
E745S_03154,0,0,0,0,0,0,0,0,0
E745S_03155,1182,926,380,935,1221,1323,1577,816,832
E745S_03156,1818,1980,1010,1126,1940,1660,1498,2354,1073
E745S_03157,6221,6365,3396,5262,5741,5259,7274,4992,4363
E745S_03158,157,168,264,82,1070,28,0,469,151
E745S_03159,0,205,0,0,577,110,0,176,162
E745S_03160,1163,2081,586,1673,519,2201,2239,1009,1306
E745S_03161,1209,896,842,164,331,135,699,590,518
E745S_03162,1687,4534,1180,2025,1864,2524,3298,2828,3573
E745S_03163,2572,3505,2792,2139,1424,2283,1234,1430,1867
E745S_03164,246,158,15,393,298,369,0,247,35
