,ERR1801006,ERR1801007,ERR1801008,ERR1801009,ERR1801010,ERR1801011,ERR1801012,ERR1801013,ERR1801014
E745S_00001,959.179833629184,916.4781738906,869.160612385663,859.043422460996,932.506770428806,1140.34786444396,964.404263192872,849.816586998231,928.457418576674
E745S_00003,1478.91544105022,1347.34193875865,1551.14244120512,1565.36801426226,1593.90425540612,1453.81644530894,1276.90435706009,1349.64832355395,1236.86110656543
E745S_00004,6140.13229232291,3999.17748606807,6482.89647777546,6210.56578016246,10687.8922331684,9700.58175920011,5412.8741424484,5970.26942822308,4682.32546641173
E745S_00010,1952.03024647667,1224.35136131013,183.923500373745,1406.2858989917,818.786432571635,1056.47383875306,1381.41597785674,1091.0084927284,1712.99311609193
E745S_00011,1271.71187662987,1052.95804047864,2596.08834598339,1162.89026262776,732.358975800185,717.588886466594,1262.41759774174,1294.22550266276,1328.84115386032
E745S_00013,4.31674092542387,2.38046278932623,1.62764159622783,4.77246345811665,0.909762702857372,3.38884952286467,3.1043055682174,0,2.16423640693863
E745S_00014,3041.57565605366,4102.33087360554,2249.40068598686,4011.25553654704,3313.35576380655,2767.84284779972,3426.11857878927,2630.53129526143,2272.44822728557
E745S_00016,164.899503351192,537.191102791287,0,784.274828283835,2149.76926685197,283.816147539916,935.430744556176,629.151651968497,676.323877168323
E745S_00017,884.068541526808,1102.94775905449,2343.80389856808,1353.78880095242,592.255519560149,1127.63967873322,1786.01047024774,2373.94416150593,2308.15812800005
E745S_00018,1535.03307308073,1782.17314160891,1608.1098970731,3288.22732264237,1079.8883282917,1497.87148910618,873.344633191828,1606.23545730946,3000.71377822042
E745S_00020,1080.91192772614,1366.38564107326,994.489015295206,1454.80594414922,1728.54913542901,1631.73104525934,1479.71898751696,1296.27819973281,1328.84115386032
E745S_00021,208.930260790515,375.319633117103,234.380389856808,701.552128343147,423.949419531535,94.0405742594946,531.871020687914,276.087755920923,375.495016603853
E745S_00022,1058.46487491393,1629.03003549559,1210.96534759351,2025.91073797052,1600.27259432612,1517.35737386266,1663.90778456453,1555.94437909338,1368.87952738869
E745S_00023,2322.40661787804,2178.91693982995,2366.59088091527,2610.53751158981,2071.52967440624,2185.80794224771,2179.22250888861,2643.87382621672,2178.30394358374
E745S_00024,1360.6367396936,1466.36507822496,1622.75867143915,1829.44432561138,1648.49001757756,473.591720820338,1710.47236808779,780.024886616734,814.835007212396
E745S_00026,1197.46393271258,1609.19284558453,1149.11496693685,1387.99145573559,597.714095777294,754.866231218105,396.316344209088,706.127792095148,1065.88643041728
E745S_00028,0.863348185084774,115.849189080543,0,2.38623172905832,330.243861137226,62.6937161729964,2.06953704547827,1.02634853502202,1.08211820346932
E745S_00029,110.508567690851,75.3813216619974,94.4032125812143,131.242745098208,211.974709765768,49.9855304622539,106.581157842131,74.9234430566073,59.5165011908124
E745S_00030,1268.25848388953,1110.88263501891,1215.84827238219,1440.48855377487,1159.03768344029,1011.5715825751,942.67412421535,1062.27073374779,1082.11820346932
E745S_00031,2719.54678301704,4503.83559740523,3138.09299752726,5826.38247178407,2784.78363344642,5169.68994713005,3425.08381026653,4174.15949193455,5971.12824674369
E745S_00032,21.5837046271193,0,0,22.2714961378777,102.803185422883,10.166548568594,0,70.8180489165192,0
E745S_00033,4883.96068302457,6020.98388180249,8950.40113765685,6228.06481284222,7379.08528287615,4663.9041558425,5245.24164176466,3069.80846825086,2849.21722973471
E745S_00034,3341.15747627807,3239.01636867656,2879.29798372704,3063.12612953453,2449.08119609205,2852.56408587134,3417.84043060736,2527.89644175923,3720.32238352751
E745S_00037,953.13639633359,1264.81922872867,838.235422057334,1092.09872133236,1083.52737910313,1037.8351663773,588.783289438566,867.264512093605,878.679981217085
E745S_00038,4349.54815645709,4841.86131348956,3370.84574578784,3867.28622222719,2926.70661509217,3915.81562367013,3582.36862572288,2827.59021398566,3955.14203368035
E745S_00043,60.4343729559342,55.5441317509455,126.956044505771,62.8374355318692,0,220.275218986203,0,178.584645093831,57.3522647838738
E745S_00044,137.272361428479,212.654675846477,56.9674558679741,0,775.117822834481,424.4534027388,206.953704547827,178.584645093831,449.079054439767
E745S_00047,160.582762425768,144.414742552458,16.2764159622783,478.83716696437,0,142.331679960316,140.728519092522,74.9234430566073,174.22103075856
E745S_00048,3.4533927403391,2.38046278932623,662.450129664728,1.59082115270555,449.422775211542,3.38884952286467,2.06953704547827,1.02634853502202,1.08211820346932
E745S_00049,4355.59159375268,2837.51164487687,2946.03128917238,3197.55051693815,4308.63616073251,2910.17452776003,3121.89663310396,2277.46739921386,2882.76289404226
E745S_00050,652.691227924089,675.257944572208,188.806425162429,308.619303624876,189.230642194333,628.631586491396,839.197271941437,940.135258080168,774.796633684031
E745S_00051,368.649675031198,507.038574126488,623.38673135526,278.393701723471,428.498233045822,673.533842669353,526.697178074219,340.74771362731,277.022260088145
E745S_00052,367.786326846114,1422.72326042065,874.043537174346,226.692014260541,86.4274567714504,227.900130412649,727.44227148561,1088.95579565836,227.244822728557
E745S_00054,319.438828481366,158.697519288416,450.85672215511,330.890799762754,261.101895720066,587.96539221702,526.697178074219,523.437752861229,533.484274310373
E745S_00056,1118.03589968478,1955.94692522972,2316.13399143221,952.901870470624,2930.3456659036,3042.33965915176,1418.66764467535,2363.68067615571,1564.74292221663
E745S_00057,1256.17160929835,2101.15515537862,2387.75022166623,1279.02020677526,3354.29508543513,3364.2803638239,1655.62963638261,2526.87009322421,1704.33617046417
E745S_00058,2646.16218728483,3241.39683146589,2205.45436288871,3553.8944551442,2230.73814740628,4522.4196882629,3606.16830174588,2677.74332787244,2623.05452520962
E745S_00059,208.930260790515,302.318774244432,367.84700074749,358.730169935101,524.933079548704,390.564907510153,161.423889547305,330.48422827709,305.157333378347
E745S_00061,4331.41784457031,4400.68220986776,5919.73248548063,5213.12091741608,2992.2095296979,4207.25668263649,5324.91881801558,4493.35388632639,7960.0615047203
E745S_00062,0,0,499.685970041945,0,0.909762702857372,0,2.06953704547827,0,133.100539026726
E745S_00063,514.555518310525,480.853483443899,524.100593985362,485.995862151545,1111.73002289171,1481.77445387258,407.698797959218,649.678622668937,324.635461040795
E745S_00064,2552.05723511059,1745.67271217257,698.25824478174,1827.05809388232,2374.48065445774,2201.0577651006,2312.70764832196,1420.46637247047,1583.13893167561
E745S_00065,396.276816953911,875.216818875612,1945.03170749226,1717.29143434564,388.468674120098,1156.44489967757,625.000187734436,924.740030054838,760.72909703893
E745S_00067,44.8941056244082,165.838907656394,198.572274739796,210.783802733485,0,261.788625641296,261.796436253001,196.032570189205,0
E745S_00068,15634.3722837002,9091.78088003333,13458.9683592079,13610.2703719723,15301.2988993581,10513.9056446876,11378.3146760395,7563.16235457725,8540.07686177985
E745S_00069,3342.02082446316,3162.04807182168,3730.55453855419,2940.63290077621,4307.72639802966,3859.05239416214,3367.13677299314,3338.71178442662,5503.65318284495
E745S_00070,1563.52356318853,2165.42765069043,3313.87828991987,1512.07550564662,2900.3234967093,2117.1837394097,1670.11639570096,1577.49769832884,999.877220005649
E745S_00071,794.280330277992,1049.78409009287,647.801355298677,1121.52891265741,1750.38344029758,1478.38560434971,743.998567849436,1854.61180278479,1507.39065743276
E745S_00073,1390.85392617157,748.25880344488,2394.26078805114,1754.67573143422,1116.278836406,1627.49498335576,1759.10648865653,1087.92944712334,888.419045048309
E745S_00074,4769.99872259338,1862.31538884956,4015.39181789406,4128.1808912709,4545.17446347543,2613.65019450938,2176.1182033204,2670.55888812729,3568.82583504181
E745S_00075,90.6515594339013,81.729222433534,738.949284687436,242.600225787596,308.409556268649,181.30344947326,0,57.475517961233,90.8979290914226
E745S_00076,0,7.93487596442078,0,0,0.909762702857372,0,0,0,0
E745S_00077,6482.01817361648,6162.22467396918,7806.16909550869,4807.46152347617,6194.57424375585,8904.20212132692,6340.02673882267,5478.64847994753,5667.05303156881
E745S_00078,1217.32094096953,1372.73354184479,1251.6563874992,1168.45813666223,1905.95286248619,1733.39653094528,815.397595918437,1720.1601446969,735.840378359136
E745S_00079,2154.9170699716,1501.27853246841,1251.6563874992,2208.85517053165,1918.6895403262,2247.65444603999,2094.371490024,2322.62673475483,1951.05912085518
E745S_00080,1708.56605828277,1598.08401923435,2278.69823471897,3070.28482472171,4609.7676153783,3067.75603057324,1362.79014444744,1935.69333705153,1835.27247308396
E745S_00081,8359.80047617587,4697.4465709371,7496.9171922254,8716.1090956737,7991.35558189916,5257.80003472453,4972.06275176153,2739.32423997377,4136.9378918632
E745S_00082,1783.67735038514,1967.05575157991,1399.77177275594,2033.06943315769,2222.55028308056,1580.89830241637,1111.34139342183,998.637124576423,2327.6362556625
E745S_00083,2831.78204707806,3470.71474683765,2640.03466908154,4059.77558170456,3027.69027510933,3664.19354659742,3364.03246742492,2623.34685551628,2972.57870493021
E745S_00085,56.9809802155951,35.7069418398935,0,75.5640047535135,54.5857621714423,9.31933618787784,0,37.9748957958147,1.08211820346932
E745S_00086,214.110349901024,426.102839289396,584.323333045792,457.361081402845,262.921421125781,384.63442084514,414.942177618392,204.243358469382,442.586345218951
E745S_00087,490.381769128152,365.004294363356,686.864753608145,667.349473559978,1816.79611760617,1012.41879495582,530.836252165175,682.521775789642,377.659253010792
E745S_00088,4210.54909865844,5771.03528892323,4249.77220775087,6600.31696257532,6361.9705810816,5008.71959479398,4853.06437164653,5262.08893905788,3819.87725824669
E745S_00089,861.621488714604,1191.02488225956,1321.644976137,784.274828283835,788.764263377342,853.990079761897,1280.00866262831,1396.86035616497,1755.19572602723
E745S_00090,144.179146909157,79.3487596442078,19.531699154734,43.7475816994026,102.803185422883,85.5684504523329,116.928843069522,149.846886113215,107.129702143462
E745S_00091,1598.920838777,1490.16970611822,4100.02918089791,2693.26021153049,1225.45036074888,1280.98511964284,1633.89949740509,1616.49894265968,883.008454030963
E745S_00092,1535.89642126581,1279.10200546463,1586.95055632214,1563.77719310955,1584.80662837754,1446.1915338825,1286.21727376474,1384.5441737447,1183.83731459543
E745S_00094,1058.46487491393,1662.35651454615,1254.91167069166,1963.07330243865,1629.38500081755,1458.89971959324,1644.24718263248,1540.54915106805,1467.35228390439
E745S_00095,0,0.793487596442078,1.62764159622783,61.2466143791636,0,1.69442476143233,0,0,0
E745S_00096,209.7936089756,119.023139466312,0,119.311586452916,0,31.3468580864982,167.632500683739,41.0539414008807,0
E745S_00098,64.751113881358,76.1748092584395,24.4146239434175,23.8623172905832,32.7514573028654,12.7081857107425,9.31291670465219,142.66244636806,50.8595555630579
E745S_00099,877.16175604613,636.377052346547,1139.34911735948,586.217594771995,1170.86459857744,2332.37568411161,689.155836144262,997.610776041401,1533.36149431602
E745S_00100,3.4533927403391,0.793487596442078,0,6.36328461082219,1.81952540571474,4.23606190358084,4.13907409095653,5.13174267511009,20.560245865917
E745S_00101,11511.0213517353,8871.98481581887,6570.78912397176,11098.3637718503,6651.27512059025,6759.06037335358,8439.57207146037,6515.26050031977,8342.04923054496
E745S_00102,79.4280330277992,424.515864096512,0,512.244411171187,613.180061725869,298.218758012091,680.877687962349,730.760156935677,200.191867641824
E745S_00105,18.1303118867803,41.2613550149881,0,0,221.072336794341,72.8602647415904,76.5728706826958,226.823026239866,104.965465736524
E745S_00106,450.667752614252,835.542439053508,729.183435110069,658.599957220097,425.76894493725,1020.04370638227,155.21527841087,256.587133755504,604.904075739348
E745S_00109,63.0244175111885,242.807204511276,113.934911735948,0,0,94.0405742594946,0,1.02634853502202,0
E745S_00112,16.4036155166107,130.925453412943,1.62764159622783,3.97705288176387,8.18786432571635,3.38884952286467,6.2086111364348,7.18443974515412,64.927092208159
E745S_00113,0.863348185084774,0.793487596442078,1.62764159622783,2.38623172905832,0.909762702857372,0,1.03476852273913,2.05269707004404,0
E745S_00114,2.59004455525432,16.6632395252836,0,70.7915412953969,0,2.5416371421485,0,0,0
E745S_00115,105.328478580342,88.8706108015127,0,136.015208556324,303.860742754362,409.203579885909,87.9553244328263,55.422820891189,296.500387750593
E745S_00116,69.0678548067819,84.1096852228603,475.271346098527,0,1.81952540571474,31.3468580864982,139.693750569783,59.528215031277,136.346893637134
E745S_00117,3.4533927403391,2.38046278932623,0,3.97705288176387,292.943590320074,6.77769904572934,2.06953704547827,4.10539414008807,0
E745S_00118,4108.67401281844,4395.12779669267,6832.83942096444,3413.90219370611,3369.76105138371,3490.51500855061,2598.30376059796,2372.9178129709,2410.95935732964
E745S_00119,148.495887834581,341.993154066536,262.050296992681,408.045625668973,508.557350897271,533.743799851185,5.17384261369566,0,1.08211820346932
E745S_00120,411.817084285437,157.904031691974,703.141169570424,338.844905526282,3.63905081142949,496.466455099674,85.885787387348,139.583400762994,321.389106430387
E745S_00121,45.757453809493,0,0,0,0,0,0,0,0
E745S_00123,246.917580934245,392.776360238829,782.895607785587,120.106997029269,927.95795691452,292.288271347078,588.783289438566,216.559540889646,170.974676148152
E745S_00125,24440.5237715649,25601.0838116072,29642.6087505013,23495.6330148846,32206.5094438538,18814.0453385639,23047.3993069687,16854.6956421316,20772.341033797
E745S_00126,402.320254249505,149.969155727553,413.420965441869,0.795410576352774,313.868132485793,391.412119890869,135.554676478826,145.741491973127,479.378364136907
E745S_00127,0,0,1.62764159622783,0,6.36833892000161,0.847212380716167,0,0,1.08211820346932
E745S_00131,1.72669637016955,2.38046278932623,0,0.795410576352774,3.63905081142949,4.23606190358084,1.03476852273913,0,1.08211820346932
E745S_00134,0.863348185084774,0,0,0,0,0.847212380716167,0,17.4479250953743,0
E745S_00135,1.72669637016955,0.793487596442078,0,1.59082115270555,1.81952540571474,0,1.03476852273913,13.3425309552862,2.16423640693863
E745S_00143,3296.26337065367,816.498736738898,1827.84151256386,3023.35560071689,2079.71753873195,2362.87532981739,1834.64459081648,1221.3547566762,1015.02687485422
E745S_00144,1.72669637016955,2.38046278932623,1.62764159622783,0.795410576352774,2.72928810857212,69.4714152187257,1.03476852273913,1.02634853502202,1.08211820346932
E745S_00145,2.59004455525432,1.58697519288416,6.51056638491133,6.36328461082219,10.0073897314311,2.5416371421485,0,1.02634853502202,0
E745S_00146,12.0868745911868,0.793487596442078,0,0,2.72928810857212,0,0,0,1.08211820346932
E745S_00147,7178.74015897989,8203.0747720182,10963.7937921907,6514.41262032922,7111.61504823608,7674.04974452704,8986.96461998937,8958.99636220719,7855.09603898377
E745S_00148,416.997173395946,97.5989743623756,634.780222528855,266.462543078179,0.909762702857372,258.399776118431,0,63.6336091713651,142.83960285795
E745S_00149,0,45.2287929971984,104.169062158581,141.583082590794,0,67.7769904572934,0,49.2647296810568,0
E745S_00152,391.096727843403,898.227959172432,157.8812348341,1617.86511230154,1251.83347913174,727.755435035188,2273.38644445787,821.078828017614,1271.48888907645
E745S_00153,1501.36249386242,1925.00090896848,1097.03043585756,1946.36968033524,888.838160691653,1333.51228724725,1727.02866445161,1485.12633017686,1184.9194327989
E745S_00154,6368.91956137038,3763.51166992478,6764.47847392287,6460.32470113723,4758.96869864691,2461.99917836118,2877.69126173753,2175.85889424668,4728.85654916092
E745S_00156,658.734665219682,943.456752169631,1870.16019406578,1176.41224242575,1516.57442566324,1389.42830437451,1134.10630092209,659.942108019157,1373.20800020256
E745S_00157,10.3601782210173,25.3916030861465,3.25528319245567,10.3403374925861,0.909762702857372,1.69442476143233,23.7996760230001,69.7917003814972,1.08211820346932
E745S_00160,1088.6820613919,837.922901842834,1420.9311135069,937.789069519921,519.47450333156,1039.52959113874,1210.67917160479,1987.01076380263,2245.39527219883
E745S_00161,1014.43411747461,358.656393591819,664.077771260956,113.743712418447,455.791114131543,470.202871297473,442.880927732349,282.245847131055,577.851120652615
E745S_00162,118.278701356614,25.3916030861465,3.25528319245567,108.175838383977,0.909762702857372,55.916017127267,191.43217670674,7.18443974515412,507.51343742711
E745S_00163,70.7945511769515,80.935734837092,336.921810419161,0.795410576352774,1137.20337857172,548.993622704076,258.692130684783,286.351241271143,1.08211820346932
E745S_00164,590.530158597985,650.659829082504,0,701.552128343147,188.320879491476,1130.18131587537,693.294910235219,714.338580375324,401.465853487117
E745S_00165,1823.39136689904,1611.57330837386,509.451819619312,2155.56266191602,1619.37761108612,1391.96994151666,1848.09658161209,2240.51885195306,2414.20571194005
E745S_00166,0,0.793487596442078,3.25528319245567,0,5.45857621714423,3.38884952286467,1.03476852273913,9.23713681519816,8.65694562775454
E745S_00167,3.4533927403391,10.315338753747,11.3934911735948,3.1816423054111,0.909762702857372,3.38884952286467,0,7.18443974515412,1.08211820346932
E745S_00169,12.0868745911868,16.6632395252836,35.8081151170123,6.36328461082219,0,0,15.521527841087,6.15809121013211,2.16423640693863
E745S_00170,2.59004455525432,5.55441317509455,8.13820798113916,1.59082115270555,7.27810162285898,0.847212380716167,2.06953704547827,7.18443974515412,3.24635461040795
E745S_00172,10793.5790099298,13097.3062668729,12868.1344597772,11558.1110849822,17372.8285737644,7692.6884169028,13101.2042664002,10676.077461299,13872.7553684766
E745S_00173,284.904901077975,619.713812821263,732.438718302525,469.292240048137,39.119796222867,405.814730363044,470.819677846305,495.726342415635,534.566392513843
E745S_00174,1326.9661604753,1188.64441947023,1041.69062158581,1361.74290671595,1123.55693802885,968.363751158579,995.447318875046,987.347290691181,1071.29702143462
E745S_00175,0,0,0,0,0,1.69442476143233,0,0,127.689948009379
E745S_00176,1250.99152018784,594.322209735116,1097.03043585756,1133.4600713027,1533.85991701753,959.044414970701,867.136022055393,885.738785724001,1169.76977795033
E745S_00177,8551.46377326468,11970.5538799252,9664.93579840087,8600.77456210255,10784.3270796713,8231.51549103828,13332.9924154937,12635.3768146561,12178.1582618437
E745S_00178,928.962647151217,684.779795729513,1328.15554252191,905.97264646581,7.27810162285898,591.354241739885,1353.47722774279,787.209326361888,822.409834636681
E745S_00179,48.3474983647473,18.2502147181678,60.2227390604298,280.779933452529,0,11.0137609493102,27.9387501139566,188.848130444051,9.73906383122385
E745S_00180,3278.99640695197,1823.4344966239,834.980138864878,1584.45786809473,735.998026611614,3019.46492487242,2922.18630821531,2306.20515819447,2037.62857713272
E745S_00186,42.3040610691539,216.622113828687,0,0,0,66.082565695861,0,87.2396254768715,134.182657230195
E745S_00187,4468.69020599879,2683.57505116711,4044.68936662616,3497.42030422315,1553.87469648039,1344.52604819656,3381.62353231149,2797.82610647002,4599.0023647446
E745S_00189,0,153.143106113321,1.62764159622783,0.795410576352774,0,116.915308538831,91.0596300010437,0,0
E745S_00193,1602.37423151734,1635.37793626712,2259.16653556423,1768.19771123222,1315.51686833176,1305.55427868361,1858.44426683948,1640.10495896518,749.907915004237
E745S_00194,6179.84630883681,7046.96334400209,6189.92099045445,7462.54202734173,5416.72713281279,4162.35442645853,5213.16381755975,6043.14017420964,6699.39379767854
E745S_00196,45.757453809493,119.816627062754,0,245.781868093007,0,0,110.720231933087,2.05269707004404,286.761323919369
E745S_00197,4703.52091234185,3766.68562031054,3600.34321085597,6656.79111349637,4094.84192556103,3110.96386198977,4046.97969243275,3762.59372939072,3131.6500808402
E745S_00198,2448.45545290042,2595.49792796204,2747.45901443258,5028.58566370224,2097.00303008624,4698.63986345186,2525.86996400622,2316.46864354469,2578.68767886738
E745S_00199,250.370973674584,186.469585163888,402.027474268275,744.504299466197,174.674438948615,360.912474185087,173.841111820174,251.455391080394,0
E745S_00200,0.863348185084774,0,0,0,3.63905081142949,1.69442476143233,2.06953704547827,0,1.08211820346932
E745S_00202,6.04343729559342,0.793487596442078,1.62764159622783,2.38623172905832,1.81952540571474,10.166548568594,3.1043055682174,151.899583183259,7.57482742428522
E745S_00204,1496.18240475191,1226.73182409945,133.466610890682,1306.06416637126,1412.8614775375,1595.30091288854,1316.22556092418,805.683599992284,1924.00616576845
E745S_00205,0,0,0,0,0,0,0,99.5558078971357,0
E745S_00206,0.863348185084774,0.793487596442078,0,0,0,58.4576542694155,0,0,1.08211820346932
E745S_00207,1420.20776446445,548.299929141476,1074.24345351037,414.408910279795,2141.58140252625,369.384597992249,807.119447736524,844.684844323121,656.845749505875
E745S_00208,87.1981666935622,239.633254125508,0,38.9751182412859,0,198.247697087583,72.4337965917393,25.6587133755504,82.2409834636681
E745S_00209,3514.69046148011,4422.1063749717,4990.34913403453,3960.34925966046,3984.76063851529,2993.20134107022,5129.34756721788,4313.74289269754,4078.50350887586
E745S_00210,1.72669637016955,42.8483302078722,1.62764159622783,174.194916221258,0.909762702857372,146.567741863897,1.03476852273913,3.07904560506605,212.095167879986
E745S_00211,17.2669637016955,7.93487596442078,0,0.795410576352774,4.54881351428686,25.416371421485,40.3559723868262,28.7377589806165,53.0237919699965
E745S_00212,156.266021500344,162.664957270626,187.178783566201,638.714692811278,0.909762702857372,79.6379637873197,0,486.489205600436,577.851120652615
E745S_00213,2966.46436395128,2982.71987502577,3955.16907883363,2785.52783838742,2059.70275926909,1779.99321188467,2246.48246286666,2333.91656864007,3247.43672861142
E745S_00214,0,0,0,0,0,0,0,171.400205348677,0
E745S_00215,1163.79335349428,2851.00093401639,1660.19442815239,1486.62236720333,3771.87616604667,1938.42192707859,1317.26032944692,1282.93566877752,2265.95551806475
E745S_00216,1583.38057144548,3923.00267680963,4518.33307112846,2519.86070588559,7046.11213363035,3038.10359724818,1795.3233869524,1602.13006316937,2301.66541877924
E745S_00218,957.453137259014,1098.98032107228,1.62764159622783,1150.16369340611,635.924129297303,1147.12556348969,1259.31329217352,1039.6910659773,1290.9670167389
E745S_00219,1.72669637016955,1.58697519288416,0,71.5869518717497,0,211.803095179042,1.03476852273913,1.02634853502202,279.186496495084
E745S_00220,811.547293979687,149.969155727553,817.076081306372,471.678471777195,0,77.0963266451712,840.232040464176,313.036303181715,439.339990608543
E745S_00222,382.463245992555,491.168822197646,239.263314645491,415.999731432501,0,408.356367505193,418.04648318661,0,476.1320095265
E745S_00223,650.964531553919,259.47044403656,1518.58960928057,320.550462270168,0,308.385306580685,376.655742277044,332.536925347134,679.570231778731
E745S_00224,1462.51182553361,2210.65644368763,2835.35166062888,1044.37408675119,923.409143400233,1699.50803571663,2182.32681445683,1491.28442138699,2995.30318720307
E745S_00225,296.991775669162,362.62383157403,333.666527226706,97.8355008913912,585.887180640148,885.336937848395,235.927223184522,176.531948023787,550.798165565882
E745S_00226,2878.40284907264,4112.64621235929,3105.5401656027,5108.12672133752,3595.38220169234,3421.04359333188,4960.6802980114,3118.04684939689,3374.04455841733
E745S_00227,777.013366576296,1262.43876593935,978.212599332927,1380.03734997206,1283.67517373175,1131.8757406368,546.357780006262,950.398743430388,519.416737665272
E745S_00230,539.592615677984,453.081417568427,672.215979242095,1327.54025193278,614.999587131584,464.27238463246,856.788336828002,846.737541393165,453.407527253644
E745S_00231,1320.05937499462,965.674404870009,1544.63187482021,854.27095900288,1571.16018783468,1215.7497663277,1170.32319921796,559.359951587,965.249437494631
E745S_00233,0,0,0,1.59082115270555,443.05443629154,0,1.03476852273913,0,0
E745S_00236,967.813315480031,1823.4344966239,675.47126243455,1570.93588829673,1052.59544720598,1643.59201858936,1281.04343115105,1161.82654164492,845.134316909537
E745S_00237,12594.5233240167,6632.76281865933,17113.0237427394,6331.46818776808,7132.5395904018,7575.77310836397,10117.9666153432,7117.72709037769,6306.58488981918
E745S_00238,382.463245992555,149.175668131111,151.370668449188,760.412510993252,402.115114662958,448.175349398853,802.980373645567,308.930909041627,63.8449740046897
E745S_00239,5108.43121114661,3298.52793840972,3748.4585961127,5715.82040167104,3989.30945202958,4430.92075114556,4921.35909414732,3988.39040709556,5572.90874786698
E745S_00240,176.123029757294,208.687237864267,0,0,463.069215754402,287.204997062781,616.722039552523,402.328625728631,241.312359373658
E745S_00241,0,5.55441317509455,1.62764159622783,0,0.909762702857372,0,0,91.3450196169596,5.41059101734659
E745S_00242,0,22.2176527003782,0,0,0,0,0,0,0
E745S_00243,0,0,0,0,0,184.692298996124,41.3907409095653,279.166801525989,74.6661560393829
E745S_00249,8.63348185084774,4.76092557865247,4.8829247886835,7.15869518717497,10.0073897314311,10.166548568594,11.3824537501305,16.4215765603523,14.0675366451011
E745S_00251,0.863348185084774,3.17395038576831,4.8829247886835,0,0,1.69442476143233,1.03476852273913,1.02634853502202,0
E745S_00252,105.328478580342,0,0,0,0,0,0,0,0
E745S_00253,1482.36883379056,1386.22283098431,1780.63990627325,1426.96657397688,1425.5981553775,1528.37113481197,1232.40931058231,1105.37737221871,1439.21721061419
E745S_00257,381.59989780747,330.884327716347,0,232.25988829501,1686.70005109757,1011.5715825751,168.667269206479,246.323648405284,195.863394827946
E745S_00258,233.967358157974,345.167104452304,532.238801966501,585.422184195642,400.295589257244,33.0412828479305,7.24337965917393,280.193150061011,417.697626539156
E745S_00259,2058.2220732421,2389.98464048354,2469.13230147762,2292.3732810487,2372.66112905203,2918.6466515672,1951.573433886,3048.25514901539,2809.17885620635
E745S_00260,783.05680387189,997.413908727692,944.032125812143,727.005266786436,2732.01739668069,374.467872276546,279.387501139566,400.275928658587,1150.29165028788
E745S_00261,0,42.8483302078722,201.827557932251,1.59082115270555,0,0,92.0943985237828,1.02634853502202,123.361475195502
E745S_00263,170.942940646785,169.012858042163,372.729925536174,108.97124896033,0,573.562781744845,221.440463866174,162.163068533479,389.562553248954
E745S_00265,0.863348185084774,0,1.62764159622783,0.795410576352774,1.81952540571474,11.8609733300263,0,0,0
E745S_00266,81.1547293979687,0,931.01099304232,0,308.409556268649,294.829908489226,235.927223184522,110.845641782378,138.511130044073
E745S_00267,529.232437456966,869.662405700518,104.169062158581,734.163961973611,30.9319318971507,731.144284558052,825.745281145828,566.544391332154,655.763631302406
E745S_00268,1232.86120830106,1214.03602255638,1176.78487407272,1371.28783363218,1180.87198830887,942.100167356378,950.952272397263,1071.50787056299,1121.07445879421
E745S_00269,1533.30637671056,1326.71126125115,1582.06763153345,1527.18830659733,1622.10689919469,1579.20387765494,1289.32157933296,1362.99085450924,1163.27706872952
E745S_00270,6216.10693261037,7231.05246637666,9879.78448910294,5328.45545098723,5380.3366246985,5833.05724123081,4585.0593242571,3929.88854059931,5548.02002918719
E745S_00271,8613.62484259079,9889.23591445762,13310.8529739512,6259.08582531998,7216.23775906468,5197.64795569369,8437.50253441489,8575.14201010896,7371.38920203299
E745S_00273,1092.13545413224,2227.31968321291,1370.47422402383,1051.53278193837,339.3414881658,1030.21025495086,2139.90130502453,1794.05723921849,2779.96166471268
E745S_00274,525.779044716627,171.393320831489,1090.51986947265,112.948301842094,0,569.326719841264,281.457038185044,912.423847634574,138.511130044073
E745S_00275,11992.7696390126,4387.19292072825,6624.50129664728,8778.15112062922,8770.11245554507,7951.08819302123,7520.69762326802,5250.79910517264,7598.63402476154
E745S_00276,108.781871320682,55.5441317509455,0,110.562070113036,0,133.859556153154,0,134.451658087884,0
E745S_00277,4214.86583958387,3807.94697532553,3601.97085245219,4420.09657279237,4811.73493541264,3118.58877341621,4669.91034312171,2646.95287182178,3793.90642136343
E745S_00278,869.391622380367,1124.37192415842,1022.15892243108,1123.91514438647,990.731583411678,1422.46958722244,1112.37616194457,1206.98587718589,1551.757503775
E745S_00279,1333.00959777089,1807.56474469505,960.308541774421,1818.30857754244,3533.51833789803,2935.59089918152,1902.93931331727,1931.58794291144,911.143527321165
E745S_00281,524.915696531542,392.776360238829,260.422655396453,706.324591801264,635.924129297303,257.552563737715,835.05819785048,479.304765855282,113.622411364278
E745S_00282,14050.1283640696,14140.7424561943,14668.3060652052,18044.684335139,16532.2078363242,12389.6338555932,14257.0407062998,11702.425996321,18281.3049294106
E745S_00283,7169.24332894396,8990.21446768874,12921.8466324528,7076.76789781063,6217.31831132728,4410.58765400837,8721.02910964541,7627.82231228364,7483.9294951938
E745S_00284,470.524760871202,176.947734006583,258.795013800225,0,838.801212034497,209.261458036893,92.0943985237828,105.713899107268,153.660784892643
E745S_00286,96.6949967294947,173.773783620815,86.2650046000751,6.36328461082219,14.556203245718,144.873317102465,261.796436253001,158.057674393391,4.32847281387727
E745S_00288,5118.79138936762,4086.4611216767,3720.78868897683,3474.35339750892,7130.72006499608,6537.93794198666,6139.28164541127,4132.07920199864,4789.4551685552
E745S_00289,1444.38151364683,1407.64699608825,1053.08411275941,930.630374332746,698.697755794462,1853.70068900697,1224.13116240039,824.15787362268,587.590184483839
E745S_00290,4201.91561680759,3142.21088191063,3702.88463141832,4320.67025074827,5629.61160528142,9269.35065741559,5129.34756721788,7904.93641673958,7457.95865831053
E745S_00291,11411.7363104505,17292.4751892622,10592.6915082507,19826.4040261692,11073.6316191799,20190.7654572277,19512.6300332918,18842.7327544692,16354.0524090318
E745S_00292,374.693112326792,247.568130089928,546.887576332552,160.67293642326,0,388.870482748721,675.703845348654,221.691283564756,400.383735283647
E745S_00293,1356.31999876818,1251.32993958916,1025.41420562353,1538.32405466627,2952.17997077217,1735.93816808743,1697.02037729218,791.314720501976,398.219498876709
E745S_00294,15396.9515328019,6838.27610613783,8655.79800873961,10552.7121164723,15344.9675090953,7413.95554364718,10591.8905987578,4506.69641728168,11313.5458172717
E745S_00295,6501.01183368835,3705.5870753845,3564.53509573895,4010.46012597069,6643.99701896739,5375.56255564408,5042.42701130779,4760.20450543212,5793.66086137472
E745S_00296,16.4036155166107,46.0222805936405,3.25528319245567,0,1.81952540571474,0.847212380716167,1.03476852273913,21.5533192354624,1.08211820346932
E745S_00297,4.31674092542387,3.17395038576831,0,4.77246345811665,5.45857621714423,4.23606190358084,3.1043055682174,2.05269707004404,2.16423640693863
E745S_00299,4857.19688928694,6204.27951658061,4744.57525300413,6250.3363089801,7968.61151432772,6499.81338485444,4725.78784334962,5975.40117089819,6281.69617113939
E745S_00300,3602.75197635876,1538.57244950119,2174.52917256038,2947.79159596338,3260.58952704082,1602.07861193427,2411.01065798218,1749.92425221254,2321.14354644168
E745S_00301,5550.46548191001,7942.01735278876,5384.23840032167,7483.2227023269,9453.34424539095,7749.45164641078,7697.64304065641,9627.14925850653,9692.53274847467
E745S_00303,4007.66227516352,3342.16975621403,4274.18683169429,5120.05787998281,5232.04530413275,2743.27368875895,4138.03932243379,3325.36925347134,3299.37840237795
E745S_00307,3032.07882601773,3289.00608725241,5247.51650623853,3067.89859299265,3089.55413890364,2526.38731929561,3099.1317256037,4174.15949193455,2934.70456780879
E745S_00308,1976.20399565905,2794.663314669,18356.5419222575,1886.71388710878,395.746775742957,2347.6255069645,1289.32157933296,2431.41967946716,2597.08368832636
E745S_00310,101.011737654919,458.635830743521,0,435.88499584132,0,167.748051381801,368.377594095131,667.126547764312,712.033777882811
E745S_00312,128.638879577631,57.9245945402717,416.676248634325,251.349742127477,665.036535788739,417.67570369307,439.776622164131,572.702482542286,205.60245865917
E745S_00313,0,49.9897185758509,0,0,0,0.847212380716167,188.327871138522,185.769084838985,169.892557944683
E745S_00314,0,0,0,0,0,0.847212380716167,0,96.4767622920697,0
E745S_00315,1895.91261444616,1996.41479264827,2125.69992467355,1266.29363755362,1522.94276458324,1852.00626424554,799.87606807735,2569.97673169513,1534.44361251949
E745S_00317,1660.21855991802,3769.06608309987,1671.58791932598,3047.21791800748,1887.75760842905,3134.68580864982,3144.66154060422,2541.23897271452,2284.35152752373
E745S_00318,208.066912605431,253.916030861465,0,136.015208556324,265.650709234353,130.47070663029,132.450370910609,0,424.190335759972
E745S_00319,0,155.523568902647,0,61.2466143791636,0,0,0,146.767840508149,0
E745S_00322,195.116689829159,3.17395038576831,0,0,302.950980051505,0.847212380716167,0,0,0
E745S_00324,0.863348185084774,0.793487596442078,1.62764159622783,0.795410576352774,0.909762702857372,2.5416371421485,0,1.02634853502202,1.08211820346932
E745S_00325,0,40.467867418546,0,0,0.909762702857372,0,0,0,0
E745S_00326,448.077708058998,432.450740060933,50.4568894830628,0,331.153623840083,277.885660874903,286.63088079874,367.432775537882,126.60782980591
E745S_00327,223.607179936956,30.946016261241,343.432376804073,45.3384028521081,0,66.9297780765772,84.8510188646089,62.6072606363431,0
E745S_00328,0,132.512428605827,0,0,0,202.483758991164,0,143.688794903082,0
E745S_00330,179.576422497633,418.167963324975,615.248523374121,63.6328461082219,0,125.387432345993,592.922363529523,177.558296558809,192.617040217538
E745S_00331,468.798064501032,153.936593709763,39.063398309468,0,0,63.5409285537125,141.763287615261,0,69.2555650220363
E745S_00332,1218.18428915462,1395.74468214162,1062.84996233677,1523.21125371556,1613.00927216612,1632.57825764005,1544.90940444953,1292.17280559272,1307.19878979094
E745S_00333,442.897618948489,984.718107184619,371.102283939946,710.301644683027,1311.87781752033,338.884952286467,569.122687506523,371.53816967797,282.432851105492
E745S_00334,3063.15936068078,3127.13461757823,1621.13102984292,2340.09791562986,4082.10524772103,1979.08812135297,3455.09209742596,1989.06346087267,2717.19880891146
E745S_00336,7713.15268554737,6821.61286661254,3977.95606118082,7287.55170054412,11755.953646323,9025.35349176933,8723.09864669089,10161.876845253,9539.9540817855
E745S_00337,27119.4931898829,21290.0657001374,27809.8843131487,30224.8064908291,20641.6059651309,27986.8137845779,28142.5995129362,21564.6090693476,30563.3465387874
E745S_00339,49.2108465498321,130.925453412943,0,50.9062768865776,0.909762702857372,34.7357076093629,73.4685651144784,0,113.622411364278
E745S_00340,351.382711329503,514.179962494467,138.349535679366,277.598291147118,0,422.758977977367,1305.87787569679,60.554563566299,207.766695066109
E745S_00342,6582.16656308632,7155.67114471466,8852.74264188318,6851.6667047028,10657.8700639741,7165.72231609734,5580.50664313214,6231.98830465369,7415.75604837523
E745S_00343,32.8072310332214,327.710377330578,0,86.6997528224524,40.9393216285818,38.1245571322275,141.763287615261,163.189417068501,286.761323919369
E745S_00346,334.979095812892,303.112261840874,436.207947789059,435.88499584132,0,242.302740884824,180.049722956609,571.676134007264,100.636992922646
E745S_00347,49.2108465498321,0,0,0,0,0,367.342825572392,63.6336091713651,0
E745S_00348,1041.19791121224,1425.89721080641,374.357567132401,1600.36607962178,1229.08941156031,1001.40503400651,633.278335916349,749.234430566073,1587.46740448949
E745S_00349,1626.54798069971,2988.27428820087,877.298820366802,1659.22646227189,2793.88126047499,2326.4451974466,3088.78404037631,3409.52983334314,3711.66543789976
E745S_00350,9.49683003593251,19.837189911052,1.62764159622783,7.15869518717497,12.7366778400032,11.8609733300263,6.2086111364348,31.8168045856826,9.73906383122385
E745S_00351,1778.49726127463,1316.39592249741,698.25824478174,2039.43271776851,2483.65217880063,1277.59627011998,2929.42968787448,1028.40123209206,1802.80892697988
E745S_00352,1023.93094751054,1244.18855122118,651.056638491133,1158.11779916964,552.225960634425,761.643930263834,156.250046933609,1250.09251565682,876.515744810147
E745S_00353,262.457848265771,230.904890564645,1.62764159622783,447.816154486612,0,451.564198921717,428.394168414001,517.279661651097,86.5694562775454
E745S_00354,0.863348185084774,71.413883679787,42.3186815019236,0,0,61.8465037922802,256.622593639305,81.0815342667394,1.08211820346932
E745S_00355,389.370031473233,495.136260179857,322.273036053111,845.521442662999,820.60595797735,340.579377047899,1292.42588490118,656.863062414091,666.584813337099
E745S_00357,3498.2868459635,2839.8921076662,2482.15343424744,2807.79933452529,4990.04842517269,4701.18150059401,2453.43616741448,3331.52734468147,3964.88109751158
E745S_00358,39.7140165138996,54.7506441545034,0,156.695883541497,0,163.51198947822,73.4685651144784,1.02634853502202,0
E745S_00361,493.835161868491,401.504723799691,454.112005347565,159.877525846908,0,221.969643747636,114.859306024044,379.748957958147,120.115120585094
E745S_00362,2636.6653572489,1954.35995003684,3191.80517020278,1014.14848484979,1818.61564301189,2408.62479837606,1315.19079240144,1208.01222572091,2478.05068594474
E745S_00363,6984.48681733582,3296.14747562039,5638.15048933321,4951.43083779602,4486.0398877897,2877.98045729282,5027.94025198945,2792.69436379491,4145.59483749095
E745S_00364,7240.901228306,8070.56234341238,8797.40282761143,6949.50220559419,6339.22651351017,8453.48513478592,5614.65400438253,4916.20948275546,8860.38385000677
E745S_00365,2201.53787196617,2084.49191585334,8284.69572479967,1700.58781224223,972.536329354531,3179.58806482778,2258.89968513953,1360.9381574392,1599.37070472765
E745S_00366,842.627828642739,2793.86982707256,1342.80431688796,1466.73710279452,1794.9618127376,1759.66011474748,1843.95750752113,1881.29686469536,1755.19572602723
E745S_00368,1535.03307308073,2626.44394422328,1767.61877350343,3313.68046108566,1732.18818624044,1369.94241961804,1640.10810854153,2196.38586494712,1301.78819877359
E745S_00369,0,0,0,0.795410576352774,0,240.608316123392,0,196.032570189205,170.974676148152
E745S_00370,205.476868050176,64.2724953118083,502.9412532344,230.669067142305,0.909762702857372,39.8189818936599,104.511620796652,0,419.861862946095
E745S_00371,1242.35803833699,1290.21083181482,1918.98944195261,1164.48108378046,1362.82452888034,1440.26104721748,2009.5204711594,1327.06865578347,1703.25405226071
E745S_00372,99.285041284749,102.359899941028,19.531699154734,3.97705288176387,13.6464405428606,156.734290432491,3.1043055682174,5.13174267511009,4.32847281387727
E745S_00373,2728.18026486789,1608.39935798809,3208.08158616506,2944.60995365797,1436.51530781179,2264.59869365431,3045.32376242127,1527.20662011276,2509.43211384535
E745S_00374,736.436001877312,276.927171158285,0,4.77246345811665,0,599.826365547046,450.124307391523,203.21700993436,723.937078120973
E745S_00375,3734.84424867673,2384.43022730844,4384.86646023778,3758.31497326686,354.807454114375,4197.93734644861,1954.67773945422,1758.13504049272,2642.53265287207
E745S_00376,1589.42400874107,1875.01119039263,1749.71471594492,1591.6165632819,1226.36012345174,978.530299727173,1241.72222728696,1213.14396839603,2487.78974977596
E745S_00377,1252.71821655801,1152.1439900339,1009.13778966126,1815.92234581338,1579.3480521604,1394.51157865881,1205.50532899109,2018.82756838831,460.982354677929
E745S_00378,501.605295534254,773.650406531026,437.835589385287,505.085715984012,535.850231982992,826.032071198263,739.85949375848,1135.14147973435,1112.41751316646
E745S_00380,1478.05209286513,1479.85436736448,662.450129664728,571.900204397645,2833.00105669786,1587.6760014621,1147.5582917177,1206.98587718589,1418.65696474827
E745S_00381,101.875085840003,0,185.551141969973,0.795410576352774,655.029146057308,83.0268133101844,0,93.3977166870036,0
E745S_00382,7.77013366576296,5.55441317509455,11.3934911735948,4.77246345811665,4.54881351428686,8.47212380716167,9.31291670465219,11.2898338852422,23.806600476325
E745S_00383,14.6769191464412,0,42.3186815019236,0,0,36.4301323707952,0,0,0
E745S_00384,501.605295534254,361.036856381145,778.012682996904,186.921485442902,462.159453051545,305.843669438536,187.293102615783,111.8719903174,858.119735351168
E745S_00385,152.812628760005,3.17395038576831,0,84.3135210933941,0,139.790042818168,71.3990280690002,2.05269707004404,428.51880857385
E745S_00386,0,0,0,0,297.492403834361,110.137609493102,161.423889547305,17.4479250953743,0
E745S_00387,1276.0286175553,1065.65384202171,919.617501868725,1429.35280570594,983.453481788819,925.155919742055,718.129354780958,878.554345978847,682.816586389139
E745S_00388,265.047892821026,430.070277271606,0,217.147087344307,0,429.536677023097,379.760047845262,235.033814520042,0
E745S_00389,11454.9037197048,14208.9823894883,10499.9159372657,13937.1841188533,3353.38532273227,11206.0781597327,16040.981639502,12657.9564824265,8031.48130614927
E745S_00390,5080.80406922389,3912.68733805589,3100.65724081402,4929.95475223449,10352.189795814,9227.83725076049,5434.60428142593,6979.17003814972,7091.12058733443
E745S_00391,3611.38545820961,4911.68822197646,3776.12850324857,3757.51956269051,3744.58328496094,5349.29897184188,4337.74964732244,5056.81923205348,4442.09522524155
E745S_00392,0.863348185084774,0,0,0.795410576352774,1.81952540571474,0.847212380716167,4.13907409095653,3.07904560506605,6.4927092208159
E745S_00393,647.51113881358,144.414742552458,130.211327698227,273.621238265354,0,166.053626620369,1266.5566718327,739.997293750875,769.386042666684
E745S_00395,731.255912766803,1166.42676676985,348.315301592756,1174.02601069669,1373.74168131463,1412.30303865385,1677.35977536013,3105.73066697663,2696.63856304554
E745S_00396,669.0948434407,2827.98979371957,3011.13695302149,1139.02794533717,1880.47950680619,1996.03236896729,1615.27366399579,1434.83525196078,745.579442190359
E745S_00397,1033.42777754647,1782.17314160891,2003.62680495646,1505.7122210358,288.394776805787,1621.56449669074,916.804911146872,2342.12735692024,2653.35383490677
E745S_00398,6084.0146602924,6674.02417367432,5975.07229975237,7013.93046227876,8936.59903016797,6902.23926569461,6239.65419211697,5832.73872453013,5460.36845470617
E745S_00400,7139.88949065108,9052.89998780767,7553.88464809337,8829.05739751579,7769.37348240196,7973.11571491985,10323.8855513683,8564.87852475874,6328.22725388857
E745S_00401,63.8877656962733,0.793487596442078,0,62.8374355318692,152.840134080039,71.1658399801581,41.3907409095653,307.904560506605,51.9416737665272
E745S_00403,3.4533927403391,3.96743798221039,0,0.795410576352774,0.909762702857372,2.5416371421485,2.06953704547827,0,1.08211820346932
E745S_00404,2288.73603865974,2810.53306659784,1232.12468834447,2135.6773975072,3212.37210378938,2212.07152604991,2352.02885218605,2201.51760762223,3458.44977828794
E745S_00407,7484.3654164999,10923.9437402181,12106.3981927426,6122.2752061873,4103.02978988675,4584.26619205518,8618.58702589424,8286.73807176777,9057.32936303818
E745S_00408,47.4841501796626,37.2939170327777,0,120.902407605622,41.8490843314391,8.47212380716167,41.3907409095653,62.6072606363431,55.1880283769352
E745S_00409,228.787269047465,186.469585163888,393.889266287135,287.938628639704,0,400.731456078747,647.765095234697,235.033814520042,233.737531949372
E745S_00410,12119.6818222201,10780.3224852621,7640.14965269345,8883.94072728413,7339.96548665328,11978.7358509459,9022.1467497625,10416.4112819385,11327.6133539168
E745S_00411,27.6271419227128,36.5004294363356,14.6487743660505,29.4301913250526,64.5931519028734,13.5553980914587,37.2516668186088,56.449169426211,21.6423640693863
E745S_00412,114.825308616275,148.382180534669,71.6162302340246,0,325.695047622939,178.761812331111,256.622593639305,223.7439806348,0
E745S_00413,7552.5699231216,6560.5554473831,8641.14923437356,6131.02472252718,5382.15615010421,5195.10631855154,8340.23429327741,4300.40036174225,3982.19498876709
E745S_00414,122.595442282038,0,0,261.690079620063,0,39.8189818936599,0,0,0
E745S_00415,859.03144415935,691.921184097492,1137.72147576326,855.861780155585,307.499793565792,1150.51441301256,610.513428416088,974.004759735895,626.546439808735
E745S_00416,1239.76799378174,883.945182436475,1774.12933988834,863.815885919113,0,926.003132122771,757.450558645045,460.830492224886,128.772066212849
E745S_00417,252.961018229839,495.136260179857,244.146239434175,451.793207368376,301.13145464579,174.52575042753,947.847966829046,724.602065725545,649.27092208159
E745S_00418,4592.14899646591,5407.61796975276,6811.68008021348,6864.39327392444,6064.47817724724,7069.98731707642,5158.32108585458,5664.41756478652,7441.72688525849
E745S_00419,177.849726127463,188.056560356772,774.757399804448,237.032351753127,346.619589788659,533.743799851185,301.117640117088,238.112860125108,59.5165011908124
E745S_00420,2060.81211779736,2712.14060463902,2068.73246880558,2678.14741057979,2826.63271777786,2583.15054880359,2300.29042604909,2964.09456914359,2677.16043538309
E745S_00421,591.39350678307,868.868918104075,1189.80600684255,980.741240642971,1048.95639639455,711.658399801581,468.750140800827,717.41762598039,934.95012779749
E745S_00422,139.862405983733,0.793487596442078,0,117.720765300211,0,94.0405742594946,229.718612048087,119.056430062554,190.4528038106
E745S_00424,2646.16218728483,756.1936794093,1835.979720545,922.676268569218,1523.8525272861,1101.37609493102,2230.96093502557,571.676134007264,614.643139570572
E745S_00425,2030.59493131939,3680.9889598948,2924.87194842142,2229.53584551683,2774.77624371499,1879.96427280918,1896.73070218083,3149.86365398257,2950.93634086083
E745S_00426,933.279388076641,981.544156798851,869.160612385663,1232.09098277045,1826.8035073376,1172.54193491118,1286.21727376474,1341.43753527378,1298.54184416318
E745S_00428,37.98732014373,73.7943464691133,120.44547812086,32.6118336304637,19.1050167600048,52.5271676044024,25.8692130684783,59.528215031277,32.4635461040795
E745S_00429,2758.39745134585,2032.9152220846,1844.11792852613,741.322657160786,1345.53903752605,1393.6643662781,1450.74546888026,539.859329421581,1368.87952738869
E745S_00430,233.967358157974,225.35047738955,353.19822638144,0,0,66.9297780765772,539.114400347088,396.170534518499,420.943981149564
E745S_00431,2320.67992150787,1443.35393792814,2827.21345264775,357.934759358748,488.542571434409,1146.27835110897,3205.71288344583,2330.837523035,3152.21032670612
E745S_00432,1424.52450538988,640.344490328757,1380.2400736012,561.559866905059,0,538.827074135482,1503.51866353996,1409.17653858523,1305.034553384
E745S_00433,0,0,0,0,0,33.0412828479305,0,0,0
E745S_00434,1275.16526937021,1097.39334587939,1108.42392703115,1409.46754129712,1065.33212504598,928.544769264919,984.064865124915,1127.9570399892,1055.06524838258
E745S_00435,226.197224492211,213.448163442919,26.0422655396453,398.50069875274,298.402166537218,287.204997062781,135.554676478826,182.690039233919,775.8787518875
E745S_00436,1527.26293941496,1337.82008760134,551.770501121235,834.38569459406,978.904668274532,496.466455099674,1148.59306024044,787.209326361888,560.537229397106
E745S_00438,54.3909356603408,288.035997508474,0,228.282835413246,151.930371377181,171.984113285382,209.023241593305,179.610993628853,6.4927092208159
E745S_00440,144.179146909157,0,0,0,0.909762702857372,0,829.884355236784,1304.48898801298,980.399092343201
E745S_00441,56.1176320305103,164.25193246351,0,0,292.033827617217,61.8465037922802,0,250.429042545372,134.182657230195
E745S_00442,56.1176320305103,164.25193246351,0,0,292.033827617217,61.8465037922802,0,51.3174267511009,0
E745S_00443,97.5583449145794,28.5655534719148,52.0845310792906,131.242745098208,0,227.052918031933,1091.68079148978,2340.0746598502,3014.78131486552
E745S_00444,43.1674092542387,28.5655534719148,0,97.8355008913912,0,78.7907514066036,534.975326256132,1261.38234954206,657.927867709345
E745S_00445,26.763793737628,73.0008588726712,0,421.56760546697,0,0,534.975326256132,731.786505470699,428.51880857385
E745S_00446,0.863348185084774,0,0,0,0,0,261.796436253001,66.7126547764312,436.093635998135
E745S_00447,27.6271419227128,29.3590410683569,17.9040575585062,11.1357480689388,6.36833892000161,8.47212380716167,37.2516668186088,14.3688794903082,14.0675366451011
E745S_00448,2467.44911297228,1880.56560356772,1814.82037979403,2443.50129055572,1555.69422188611,2050.25396133313,811.25852182748,2092.72466290989,1781.1665629105
E745S_00449,5.18008911050864,2.38046278932623,0,0,0,0,2.06953704547827,2.05269707004404,6.4927092208159
E745S_00451,138.135709613564,216.622113828687,515.962386004223,79.5410576352774,612.270299023011,358.370837042939,353.890834776783,0,519.416737665272
E745S_00452,1019.61420658512,1145.00260166592,1988.97803059041,1492.1902412378,552.225960634425,525.271676044024,1397.97227422057,782.077583686778,745.579442190359
E745S_00454,1468.5552628292,1509.21340843283,2462.62173509271,1084.14461556883,760.561619588763,890.420212132692,970.612874329306,991.452684831269,1113.49963136993
E745S_00455,0,39.6743798221039,0,0,0,0,0,154.978628788325,132.018420823257
E745S_00458,157.992717870514,326.123402137694,489.920120464578,493.15455733872,0.909762702857372,149.956591386762,110.720231933087,176.531948023787,392.808907859362
E745S_00461,330.662354887468,611.778936856842,473.643704502299,127.265692216444,714.163721743037,604.909639831343,368.377594095131,753.339824706161,561.619347600576
E745S_00463,4307.24409538794,3548.47653128897,5686.97973722005,4675.42336780161,7018.81925254463,6908.16975235963,5097.26974301297,5404.75138542595,5612.94712139535
E745S_00464,10138.2977374505,8383.989944007,10578.0427338847,6523.95754724545,15151.1880533867,5130.71817761711,8140.52396838876,7410.23642285897,7390.86732969544
E745S_00465,9673.81641387489,9955.09538496231,13626.6154436194,10873.2625787424,12109.8513377345,11389.0760339674,6206.54159938932,5052.71383791339,7879.98475766357
E745S_00467,2420.82831097771,897.43447157599,1067.73288712546,1119.93809150471,790.583788783056,1469.06626816183,897.144309214828,840.579450183033,818.081361822804
E745S_00468,196.843386199328,190.437023146099,27.6699071358732,513.039821747539,472.166842782976,165.206414239653,496.688890914784,511.121570440965,413.369153725279
E745S_00469,0,0,0,0,0,0,0,0,120.115120585094
E745S_00470,603.480381374257,198.37189911052,537.121726755185,404.068572787209,777.847110943053,457.49468558673,770.902549440654,297.641075156385,145.003839264888
E745S_00471,136.409013243394,111.881751098333,0,342.026547831693,282.026437885785,438.856013210975,229.718612048087,287.377589806165,501.020728206294
E745S_00473,450.667752614252,377.700095906429,403.655115864502,601.330395722697,0.909762702857372,218.580794224771,576.366067165697,208.34875260947,509.677673834048
E745S_00476,1451.2882991275,1364.00517828393,1608.1098970731,1529.57453832638,1353.72690185177,1486.85772815687,1191.01856967274,1106.40372075374,1478.17346593909
E745S_00477,91.514907618986,24.5981154897044,125.328402909543,61.2466143791636,0,94.0405742594946,0,192.953524584139,298.664624157532
E745S_00479,0.863348185084774,0,0,2.38623172905832,0,1.69442476143233,1.03476852273913,3.07904560506605,1.08211820346932
E745S_00480,348.792666774249,531.636689616192,52.0845310792906,236.236941176774,433.047046560109,102.512698066656,57.9470372733914,318.168045856825,195.863394827946
E745S_00481,0.863348185084774,67.4464456975766,0,0,0,0,0,0,1.08211820346932
E745S_00482,705.35546721426,201.545849496288,0,173.399505644905,621.367926051585,174.52575042753,442.880927732349,381.801655028191,0
E745S_00483,0,0.793487596442078,0,1.59082115270555,340.251250868657,0,0,102.634853502202,1.08211820346932
E745S_00486,44.0307574393235,68.2399332940187,0,84.3135210933941,0,144.873317102465,0,1.02634853502202,0
E745S_00487,1219.0476373397,1122.78494896554,1196.31657322746,1267.08904812997,1112.63978559457,909.058884508447,839.197271941437,945.267000755278,993.384510784833
E745S_00488,8.63348185084774,7.1413883679787,1.62764159622783,381.001666072979,630.465553080159,3.38884952286467,2.06953704547827,3.07904560506605,2.16423640693863
E745S_00489,995.440457402744,690.334208904608,978.212599332927,685.643916816091,640.47294281159,348.204288474345,405.62926091374,536.780283816515,603.821957535879
E745S_00491,1641.22489984616,1932.9357849329,1909.22359237525,2022.7290956651,1977.82411601193,3797.20589036986,1481.78852456244,1183.37986088039,1243.35381578625
E745S_00493,0.863348185084774,64.2724953118083,0,388.955771836507,0,121.151370442412,88.9900929555654,178.584645093831,1.08211820346932
E745S_00494,71.6578993620362,84.1096852228603,1.62764159622783,120.902407605622,0,170.28968852395,87.9553244328263,105.713899107268,288.925560326308
E745S_00495,10817.7527591122,13953.4793834339,19059.6830918279,12346.3629661478,13337.1212238891,20774.4947875411,27491.7301121333,28551.9898957775,44430.6913162467
E745S_00499,498.151902793914,949.804652941167,447.601438962654,850.293906121116,642.292468217305,1064.09875017951,1133.07153239935,1035.58567183722,327.881815651203
E745S_00500,456.711189909845,540.365053177055,0,461.338134284609,335.70243735437,183.845086615408,177.980185911131,475.199371715194,577.851120652615
E745S_00501,956.589789073929,1176.7421055236,1346.05960008042,1165.27649435681,1027.12209152597,1152.20883777399,996.482087397785,1137.1941768044,1055.06524838258
E745S_00502,4.31674092542387,1.58697519288416,0,1.59082115270555,0,3.38884952286467,3.1043055682174,2.05269707004404,1.08211820346932
E745S_00503,0,0,0,0,2.72928810857212,33.8884952286467,1.03476852273913,0,0
E745S_00504,10.3601782210173,8.72836356086286,52.0845310792906,3.97705288176387,7.27810162285898,4.23606190358084,9.31291670465219,9.23713681519816,5.41059101734659
E745S_00507,522.325651976288,646.692391100294,857.767121212068,524.970980392831,632.285078485874,637.950922679274,1099.9589396717,103.661202037224,586.50806628037
E745S_00509,2179.09081915397,2113.8509569217,2558.65258927015,1597.97984789272,455.791114131543,2273.91802984219,1544.90940444953,1007.87426139162,1513.88336665357
E745S_00510,132.955620503055,132.512428605827,0,0,0,34.7357076093629,0,101.60850496718,0
E745S_00511,132.955620503055,131.718941009385,0,0.795410576352774,0,35.582919990079,2.06953704547827,101.60850496718,0
E745S_00512,0,0,117.190194928404,0,0,0,2.06953704547827,1.02634853502202,2.16423640693863
E745S_00514,0,123.784065044964,0,0,0,0.847212380716167,0,0,0
E745S_00515,0.863348185084774,8.72836356086286,0,116.129944147505,0.909762702857372,98.2766361630754,524.62764102874,209.375101144492,593.000775501186
E745S_00516,0,49.9897185758509,1.62764159622783,0.795410576352774,0,0,0,0,0
E745S_00517,2.59004455525432,2.38046278932623,3.25528319245567,3.1816423054111,1.81952540571474,0.847212380716167,5.17384261369566,1.02634853502202,1.08211820346932
E745S_00520,3.4533927403391,0,1.62764159622783,0.795410576352774,3.63905081142949,0.847212380716167,1.03476852273913,1.02634853502202,0
E745S_00522,6.04343729559342,0,0,0,44.5783724400112,0,0,0,0
E745S_00523,1092.13545413224,1309.25453412943,1069.36052872169,1473.89579798169,1565.70161161754,1561.4124176599,1455.91931149396,1293.19915412774,1231.45051554808
E745S_00524,173.53298520204,26.1850906825886,94.4032125812143,58.8603826501053,0,166.900839001085,0,110.845641782378,0
E745S_00526,0.863348185084774,1.58697519288416,1.62764159622783,0,0,1.69442476143233,5.17384261369566,0,109.293938550401
E745S_00527,2825.73860978246,1488.58273092534,4373.47296906419,2807.00392394894,4737.13439377834,3155.86611816772,592.922363529523,1669.86906648082,2439.09443061984
E745S_00529,35.3972755884757,28.5655534719148,0,128.856513369149,0,1.69442476143233,0,2.05269707004404,0
E745S_00530,1769.0004312387,2447.90923502381,1765.9911319072,1764.22065835045,1891.39665924048,1715.60507095024,1255.17421808257,1421.49272100549,1125.40293160809
E745S_00532,1585.10726781564,1248.15598920339,859.394762808296,1821.49021984785,1389.20764726321,2029.07365181522,843.336346032393,1492.31076992201,620.053730587919
E745S_00534,1050.69474124817,803.802935195825,976.584957736699,1936.02934284265,1670.32432244614,1669.85560239157,1023.386068989,1229.56554495638,738.004614766074
E745S_00536,737.299350062397,981.544156798851,1079.12637829905,595.762521688228,428.498233045822,885.336937848395,467.715372278088,792.341069036998,292.171914936716
E745S_00537,0,0,0,101.812553773155,0,0,0,0,0
E745S_00538,132.09227231797,271.372757983191,0,890.064434938754,371.183182765808,144.026104721748,342.508381026653,208.34875260947,0
E745S_00539,1459.92178097835,1503.65899525774,1852.25613650727,1597.97984789272,2142.49116522911,1059.86268827593,1081.33310626239,456.725098084798,374.412898400384
E745S_00540,117.415353171529,199.165386706962,0,268.053364230885,0,205.872608514029,231.788149093566,221.691283564756,99.5548747191772
E745S_00542,0,33.3264790505673,0,0,0,0.847212380716167,0,166.268462673567,0
E745S_00543,2.59004455525432,43.6418178043143,1.62764159622783,331.686210339107,8.18786432571635,277.038448494187,790.563151372697,300.720120761451,7.57482742428522
E745S_00544,0.863348185084774,101.566412344586,0,0,1.81952540571474,121.151370442412,0,96.4767622920697,1.08211820346932
E745S_00545,206.340216235261,0,0,0,0,0,251.448751025609,0,0
E745S_00546,2045.27185046583,1302.90663335789,2522.84447415314,1220.15982412516,2689.25854964639,2538.24829262564,937.500281601654,1462.54666240638,760.72909703893
E745S_00547,7.77013366576296,0.793487596442078,0,0,20.0147794628622,0,0,10.2634853502202,0
E745S_00550,0,1.58697519288416,315.7624696682,207.602160428074,0,0,1.03476852273913,0,0
E745S_00551,1315.7426340692,1265.61271632511,688.492395204373,1092.09872133236,1376.4709694232,828.573708340412,1549.04847854048,1310.64707922312,2139.34768825884
E745S_00552,66.4778102515276,0,348.315301592756,1.59082115270555,0,0,0,0,0
E745S_00554,2.59004455525432,52.3701813651771,183.923500373745,5.56787403446942,205.606370845766,0.847212380716167,1.03476852273913,2.05269707004404,12.9854184416318
E745S_00555,498.151902793914,875.216818875612,525.72823558159,761.207921569605,289.304539508644,648.964683628584,519.453798415045,624.019909293387,1180.59095998502
E745S_00556,3.4533927403391,4.76092557865247,3.25528319245567,3.1816423054111,10.0073897314311,4.23606190358084,4.13907409095653,5.13174267511009,3.24635461040795
E745S_00558,474.841501796626,487.994871811878,1681.35376890335,231.464477718657,513.106164411558,316.857430387847,272.144121480392,682.521775789642,440.422108812012
E745S_00559,2344.85367069025,1351.30937674086,1256.53931228789,1734.7904670254,4541.535412664,2221.39086223779,1715.64621070148,2819.37942570548,1320.18420823257
E745S_00560,1712.88279920819,2460.60503656688,2586.32249640603,2935.86043731809,3167.79373134937,2571.28957547357,3881.41672879449,2550.47610952971,1390.52189145807
E745S_00562,306.488605705095,1423.51674801709,795.91674055541,699.961307190441,166.486574622899,434.619951307394,790.563151372697,322.273439996914,752.072151411175
E745S_00563,430.810744357302,711.758374008544,836.607780461106,978.355008913912,838.801212034497,972.59981306216,377.690510799783,514.200616046031,344.113588703243
E745S_00564,0,12.6958015430732,0,0.795410576352774,0,71.1658399801581,0,1.02634853502202,0
E745S_00565,81.1547293979687,29.3590410683569,0,0.795410576352774,1.81952540571474,1.69442476143233,0,224.770329169822,128.772066212849
E745S_00566,0.863348185084774,0,1.62764159622783,0,1.81952540571474,0,231.788149093566,2.05269707004404,220.752113507741
E745S_00567,16.4036155166107,60.3050573295979,24.4146239434175,62.8374355318692,5.45857621714423,99.1238485437916,50.7036576142175,318.168045856825,81.1588652601988
E745S_00569,75.9746402874601,251.535568072139,0,1.59082115270555,341.161013571515,79.6379637873197,0,1.02634853502202,1.08211820346932
E745S_00570,22.4470528122041,65.0659829082504,3.25528319245567,1.59082115270555,0.909762702857372,0,182.119260002087,2.05269707004404,0
E745S_00574,12.0868745911868,3.17395038576831,3.25528319245567,15.1128009507027,68.2322027143029,50.83274284297,4.13907409095653,5.13174267511009,10.8211820346932
E745S_00575,0,0,0,93.0630374332746,0,0,42.4255094323044,0,0
E745S_00577,8033.45486221382,8518.88283540215,9757.71136938586,4719.17094950101,5621.4237409557,7302.12350939265,5630.17553222362,4621.64745320415,4940.9517170409
E745S_00578,570.673150341035,538.778077984171,359.708792766351,264.871721925474,0.909762702857372,937.864105452797,109.685463410348,273.008710315857,216.423640693863
E745S_00579,2666.88254372687,2180.50391502283,1590.20583951459,2011.59334759617,1753.11272840616,2389.13891361959,3648.59381117818,2017.80121985329,1816.87646362498
E745S_00580,3856.57634277368,3595.29229947906,2933.01015640255,2659.05755674732,3581.73576114947,2556.03975262068,2362.37653741344,2443.73586188742,2898.9946670943
E745S_00581,6273.08791282597,3205.68988962599,6233.8673135526,5901.15106596123,3022.23169889219,4806.23583580282,3729.30575595183,2511.47486519888,4446.42369805542
E745S_00582,386.779986917979,684.779795729513,1163.7637413029,666.554062983625,340.251250868657,375.315084657262,87.9553244328263,476.225720250216,251.051423204882
E745S_00583,7284.93198574532,8685.51523065499,4974.07271807226,10026.9457255031,7497.3544342476,7513.92660457169,8387.83364532341,5125.58458389996,9654.65861135325
E745S_00584,473.978153611541,720.486737569407,607.110315392982,405.659393939915,1612.09950946326,455.800260825298,192.466945229479,795.420114642064,508.595555630579
E745S_00585,2977.68789035738,1410.02745887757,2915.10609884405,1811.14988235527,1535.67944242324,1150.51441301256,1836.71412786196,1056.11264253766,1141.63470466013
E745S_00586,0,44.4353054007564,0,116.129944147505,0.909762702857372,298.218758012091,2005.38139706844,3639.43190518807,2902.24102170471
E745S_00587,708.808859954599,842.683827421487,1305.36856017472,1014.94389542614,1152.66934452029,1345.37326057727,5340.44034585666,5471.46404020238,6484.05227518815
E745S_00591,98.4216930996642,1.58697519288416,3.25528319245567,365.093454545923,1.81952540571474,301.607607534956,2116.10162900153,1912.08732074602,1380.78282762685
E745S_00592,104.465130395258,34.1199666470094,152.998310045416,307.028482472171,292.033827617217,154.192653290342,1365.89445001566,1364.01720304426,2099.30931473048
E745S_00593,105.328478580342,34.1199666470094,152.998310045416,128.061102792797,292.033827617217,85.5684504523329,128.311296819652,908.318453494486,322.471224633856
E745S_00594,0,52.3701813651771,0,0,134.644880022891,402.425880840179,2930.46445639722,4318.87463537265,3611.02844497711
E745S_00596,1375.31365884004,960.913479291356,805.682590132777,1474.69120855804,1247.28466561746,1505.49640053263,1278.97389410557,2332.89022010505,1358.05834535399
E745S_00599,5840.55047209849,6413.76024204132,7091.63443476467,8319.19921807367,7439.12962126473,3861.59403130429,6030.63095052367,6761.58414872505,5423.57643578822
E745S_00601,183.029815237972,72.2073712762291,1.62764159622783,174.99032679761,0,1.69442476143233,402.524955345523,235.033814520042,2.16423640693863
E745S_00603,2132.47001715939,1428.27767359574,1534.86602524285,1773.76558526669,1965.08743817192,1389.42830437451,1186.87949558179,1027.37488355704,287.843442122838
E745S_00604,148.495887834581,432.450740060933,0,433.498764112262,327.514573028654,404.120305601612,87.9553244328263,153.952280253303,0
E745S_00605,336.705792183062,540.365053177055,0,62.8374355318692,593.165282263007,170.28968852395,329.056390231044,345.87945630242,364.67383456916
E745S_00606,592.256854968155,844.270802614371,1064.477603933,76.3594153298663,906.123652045943,169.442476143233,1081.33310626239,294.562029551319,583.261711669962
E745S_00609,157.992717870514,0,0,0,0,0,414.942177618392,465.962234899996,449.079054439767
E745S_00610,3140.86069733841,1805.18428190573,3063.22148410078,4634.06201783126,8541.76201712787,5733.93339268702,643.626021143741,881.633391583913,601.65772112894
E745S_00611,998.030501957999,2301.90751727847,375.985208728629,1584.45786809473,1165.40602236029,1741.02144237172,1317.26032944692,754.366173241183,841.887962299129
E745S_00612,255.551062785093,499.103698162067,0,186.921485442902,331.153623840083,313.468580864982,129.346065342392,284.298544201099,71.4198014289749
E745S_00613,16899.1773748494,9744.82117190516,14868.5059815412,11575.6101176619,15509.6345583125,12969.1271240031,9111.13684271806,6864.21900222725,9188.26566565797
E745S_00614,0,0,0,0,1.81952540571474,0,0,0,36.7920189179568
E745S_00615,36.2606237735605,2.38046278932623,441.090872577743,1.59082115270555,4.54881351428686,217.733581844055,369.41236261787,0,600.575602925471
E745S_00616,0.863348185084774,52.3701813651771,133.466610890682,241.804815211243,155.569422188611,0.847212380716167,105.546389319392,50.2910782160789,1.08211820346932
E745S_00617,0,80.935734837092,0,0,0.909762702857372,0.847212380716167,0,163.189417068501,1.08211820346932
E745S_00618,1269.12183207462,1443.35393792814,1386.75063998611,952.901870470624,2318.98512958344,1713.91064618881,1597.68259910922,1155.66845043479,885.172690437901
E745S_00619,2855.95579626043,4545.89044001666,1562.53593237872,4257.03740464005,4436.00293913255,4312.31101784529,5033.11409460314,4839.23334262881,5285.06530574414
E745S_00620,2097.936089756,1937.69671051155,760.108625438398,2842.00198930846,1594.81401810897,1990.10188230228,2183.36158297957,1278.83027463743,1745.45666219601
E745S_00622,281.451508337636,572.89804463118,1018.90363923862,583.035952466583,659.577959571595,540.521498896915,207.988473070566,215.533192354624,952.264019052999
E745S_00623,13804.9374795055,8822.78858483947,9090.37831493244,10964.734795023,8690.96310039648,9378.64105452797,8906.25267521572,4609.33127078388,7018.61866770199
E745S_00625,2419.96496279262,2196.37366695167,3657.31066672394,3003.47033630808,1444.70317213751,1438.56662245605,1175.49704183165,2171.75350010659,2256.21645423353
E745S_00626,269.364633746449,138.860329377364,0,0.795410576352774,0,94.8877866402107,191.43217670674,151.899583183259,73.5840378359136
E745S_00627,1560.93351863327,1405.26653329892,1599.97168909196,1596.38902674002,1678.51218677185,1554.63471861417,1307.94741274226,1388.64956788479,1216.30086069951
E745S_00628,1214.73089641428,768.095993355931,1220.73119717087,256.122205585593,828.793822303066,1535.1488338577,518.419029892306,575.781528147352,443.66846342242
E745S_00629,207.203564420346,820.466174721109,371.102283939946,108.97124896033,785.125212565912,136.401193295303,369.41236261787,0,75.7482742428522
E745S_00630,2994.95485405908,3654.80386921221,5208.45310792906,3397.99398217905,3173.25230756651,4991.77534717966,3506.83052356292,1462.54666240638,1853.66848254294
E745S_00631,1898.50265900142,1977.37109033366,818.7037229026,1979.77692454205,619.548400645871,2290.0150650758,931.291670465219,1176.19542113523,1866.65390098457
E745S_00632,641.467701517987,553.85434231657,931.01099304232,838.362747475824,657.75843416588,287.204997062781,427.359399891262,769.761401266513,939.278600611367
E745S_00634,0,121.403602255638,0,126.470281640091,1.81952540571474,110.137609493102,52.7731946596958,0,430.683044980788
E745S_00635,386.779986917979,514.973450090909,664.077771260956,652.236672609275,0,894.656274036273,308.361019776262,447.4879612696,695.802004830771
E745S_00636,946.229610852912,2155.11231193668,1160.50845811044,1852.51123232561,1693.97815272043,2425.56904599039,1750.82834047461,1998.30059768787,1896.95321068171
E745S_00637,13188.506875355,10669.2342217602,10446.2037645902,14684.8700606249,12579.2888924089,10152.9931705025,9292.22133419741,8571.03661596887,11092.793703764
E745S_00639,6.90678548067819,80.1422472406499,185.551141969973,119.311586452916,0.909762702857372,86.4156628330491,3.1043055682174,3.07904560506605,0
E745S_00640,113.098612246105,197.578411514077,0,209.19298158078,753.283517965904,170.28968852395,81.7467132963915,103.661202037224,438.257872405073
E745S_00642,0,0,0,62.0420249555164,0,0,0,0,0
E745S_00644,10660.6233894268,12038.7938132192,8774.61584526424,15990.1388164198,10090.1781373911,9872.5658724855,7377.89956713002,9046.23598768406,7901.62712173295
E745S_00645,544.772704788492,145.2082301489,1170.27430768781,413.613499703443,0.909762702857372,281.274510397768,1.03476852273913,0,4.32847281387727
E745S_00647,4348.68480827201,2257.47221187771,4218.84701742254,3818.76617706967,4542.44517536686,1830.82595472764,3059.81052173962,1715.02840202179,1798.480454166
E745S_00648,1138.75625612682,1224.35136131013,550.142859525007,1101.64364824859,2844.827971835,891.267424513408,978.89102251122,1770.45122291298,1069.13278502769
E745S_00649,946.229610852912,1068.82779240748,901.713444310219,1115.96103862294,820.60595797735,1027.66861780871,1226.20069944587,1220.32840814118,905.732936303818
E745S_00652,9868.06975551897,6272.51944987463,5433.06764820851,9565.60759121846,13222.491123329,10190.2705152541,9162.87526885502,7173.14991126888,8418.87962299129
E745S_00653,452.394448984422,445.146541604006,6.51056638491133,603.716627451756,272.928810857212,348.204288474345,1448.67593183479,378.722609423125,203.438222252232
E745S_00654,0.863348185084774,0,0,0.795410576352774,2.72928810857212,2.5416371421485,3.1043055682174,14.3688794903082,2.16423640693863
E745S_00655,4.31674092542387,154.730081306205,3.25528319245567,120.902407605622,8.18786432571635,4.23606190358084,3.1043055682174,23.6060163055064,5.41059101734659
E745S_00657,1.72669637016955,10.315338753747,4.8829247886835,5.56787403446942,17.2854913542901,4.23606190358084,2.06953704547827,7.18443974515412,5.41059101734659
E745S_00658,107.918523135597,0,73.2438718302525,147.150956625263,306.590030862934,165.206414239653,138.658982047044,0,0
E745S_00661,0,0.793487596442078,1.62764159622783,0.795410576352774,0,2.5416371421485,1.03476852273913,3.07904560506605,0
E745S_00662,615.567255965444,997.413908727692,0,785.070238860188,919.770092588803,1771.52108807751,626.034956257175,1361.96450597422,879.762099420555
E745S_00663,103.601782210173,58.7180821367138,0,0,0.909762702857372,16.0970352336072,4.13907409095653,0,0
E745S_00664,2855.09244807535,2256.67872428127,955.425616985738,2857.91020083552,5781.5419766586,4380.08800830258,4048.01446095549,3367.44954340724,3342.66313051672
E745S_00665,311.668694815603,318.188526173273,1507.19611810697,397.705288176387,312.958369782936,301.607607534956,189.362639661261,108.792944712334,301.910978767939
E745S_00668,56.9809802155951,703.030010447681,763.363908630853,530.5388544273,1126.28622613743,1367.40078247589,398.385881254566,698.943352349994,844.052198706067
E745S_00669,0,0,0,0,302.041217348648,0,0,0,1.08211820346932
E745S_00670,89.7882112488165,0,0,0.795410576352774,0,0,0,0,151.496548485704
E745S_00671,135.545665058309,92.044561187281,9.76584957736699,295.892734403232,14.556203245718,6.77769904572934,305.256714208044,4.10539414008807,380.9056076212
E745S_00672,5098.07103292559,6395.51002732315,5192.17669196679,6123.07061676366,6957.86515145318,5679.71180032119,3026.69792901196,3351.02796684689,3818.79514004322
E745S_00673,0.863348185084774,133.305916202269,1.62764159622783,0.795410576352774,5.45857621714423,0,0,157.031325858369,1.08211820346932
E745S_00674,512.828821940356,315.014575787505,56.9674558679741,393.728235294623,0,161.817564716788,0,544.991072096691,0
E745S_00676,0.863348185084774,53.1636689616192,0,120.902407605622,0,0,0,0,0
E745S_00678,0,1.58697519288416,0,141.583082590794,0.909762702857372,0,73.4685651144784,58.501866496255,0
E745S_00679,18113.9082712636,13111.5890436089,18022.8753950308,14682.4838288959,21130.1485365653,15131.2131195907,19406.0488754497,13960.3927733695,13630.3608908995
E745S_00682,0,0,0,23.8623172905832,0,0,1.03476852273913,1.02634853502202,0
E745S_00684,301.308516594586,721.280225165849,144.860102064277,1362.5383172923,1260.02134345746,627.78437411068,1139.28014353579,643.520531458805,353.852652534467
E745S_00685,89.7882112488165,164.25193246351,0,321.345872846521,67.3224400114455,87.2628752137652,0,229.902071844932,0
E745S_00687,0.863348185084774,30.152528664799,0,105.789606654919,183.772065977189,116.068096158115,1.03476852273913,118.030081527532,410.122799114871
E745S_00688,1.72669637016955,0,0,0,0,15.249822852891,0,0,0
E745S_00689,4.31674092542387,0,0,0,0,1.69442476143233,0,5.13174267511009,2.16423640693863
E745S_00693,3155.53761648485,1974.99062754433,3287.83602438022,2904.83942484033,861.545279605931,2411.16643551821,1003.72546705696,1734.52902418721,2873.02383021104
E745S_00694,202.886823494922,87.2836356086286,341.804735207845,222.714961378777,0.909762702857372,168.595263762517,236.961991707261,196.032570189205,0
E745S_00695,145.042495094242,46.8157681900826,0,107.380427807625,0,0,221.440463866174,1.02634853502202,73.5840378359136
E745S_00696,37.98732014373,89.6640983979548,3.25528319245567,0,0,42.3606190358084,1.03476852273913,0,0
E745S_00697,793.416982092907,1516.35479680081,1626.0139546316,1014.14848484979,1988.74126844622,1464.83020625825,1044.08143944379,2245.65059462817,2566.78437862922
E745S_00698,5193.03933328491,4564.93414233127,2128.955207866,3435.37827926763,1381.92954564035,3500.6815571192,1591.47398797279,2549.44976099469,1685.9401610052
E745S_00704,0,26.1850906825886,0,113.743712418447,0.909762702857372,178.761812331111,61.0513428416088,174.479250953743,1.08211820346932
E745S_00705,0,26.1850906825886,0,113.743712418447,0.909762702857372,178.761812331111,61.0513428416088,174.479250953743,0
E745S_00706,4181.19526036556,2981.92638742933,3815.19190155804,1010.17143196802,1083.52737910313,1925.71374136785,1793.25384990692,1710.9230078817,972.824264918916
E745S_00707,128.638879577631,122.19708985208,99.2861373698978,0,0.909762702857372,6.77769904572934,1.03476852273913,0,2.16423640693863
E745S_00708,489.518420943067,441.972591218237,706.396452762879,272.825827689002,173.764676245758,532.049375089753,162.458658070044,422.855596429071,427.43669037038
E745S_00709,1197.46393271258,1466.36507822496,1191.43364843877,1493.78106239051,1689.42933920614,1718.9939204731,1500.41435797174,1374.28068839448,1320.18420823257
E745S_00712,39.7140165138996,0,4.8829247886835,2.38623172905832,0,0,99.3377781829567,164.215765603523,2.16423640693863
E745S_00714,184.756511608142,390.395897449502,0,164.649989305024,0,211.803095179042,322.847779094609,71.8443974515412,0
E745S_00715,0,49.9897185758509,0,0.795410576352774,0,0.847212380716167,3.1043055682174,126.240869807708,0
E745S_00716,1425.38785357496,2570.10632487589,664.077771260956,4155.22485086689,806.959517434489,3366.82200096605,1016.14268932983,750.260779101095,1016.10899305769
E745S_00717,101.875085840003,134.892891395153,0,159.082115270555,0,125.387432345993,287.665649321479,0,256.462014222228
E745S_00718,44.8941056244082,17.4567271217257,0,119.311586452916,0,31.3468580864982,0,0,129.854184416318
E745S_00720,88.9248630637317,157.904031691974,0,186.921485442902,0,42.3606190358084,1.03476852273913,303.799166366517,1.08211820346932
E745S_00724,2.59004455525432,1.58697519288416,1.62764159622783,1.59082115270555,0,1.69442476143233,2.06953704547827,1.02634853502202,0
E745S_00726,260.731151895602,709.377911219218,312.507186475744,383.387897802037,556.774774148712,283.816147539916,189.362639661261,459.804143689864,593.000775501186
E745S_00727,7.77013366576296,5.55441317509455,13.0211327698227,8.74951633988052,7.27810162285898,4.23606190358084,6.2086111364348,9.23713681519816,10.8211820346932
E745S_00728,57.8443284006798,0,56.9674558679741,0,1.81952540571474,0,138.658982047044,0,1.08211820346932
E745S_00729,0.863348185084774,0,0,126.470281640091,0,5.083274284297,305.256714208044,83.1342313367834,304.075215174878
E745S_00730,296.128427484077,276.133683561843,161.136518026555,250.554331551124,304.77050545722,197.400484706867,371.481899663349,235.033814520042,472.885654916092
E745S_00731,6617.56383867479,5623.44659598501,7117.67670030431,6101.59453120213,5282.99201549276,5705.97538412339,3910.39024743118,5257.9835449178,3354.56643075488
E745S_00732,27741.103883144,11926.9120621209,20242.9785322856,16822.9336898612,24362.5354198176,16335.1019125884,14208.406585731,9079.07914080477,11488.8489662337
E745S_00734,1.72669637016955,0.793487596442078,1.62764159622783,3.1816423054111,0.909762702857372,0,5.17384261369566,3.07904560506605,3.24635461040795
E745S_00736,3169.3511874462,2097.18771739641,2259.16653556423,2103.86097445309,2881.2184799493,2437.43001932041,1047.185745012,1337.33214113369,2494.28245899678
E745S_00737,729.529216396634,1129.13284973708,343.432376804073,873.360812835346,957.070363405956,737.921983603782,220.405695343435,349.984850442508,426.354572166911
E745S_00738,178.713074312548,106.327337923238,3.25528319245567,4.77246345811665,491.271859542981,2.5416371421485,4.13907409095653,1.02634853502202,1.08211820346932
E745S_00739,0,46.8157681900826,0,0,0,0,0,0,0
E745S_00741,50.9375429200017,3.17395038576831,0,90.6768057042163,0,0,0,72.8707459865633,7.57482742428522
E745S_00742,1617.05115066378,2132.89465923631,1752.96999913738,1967.84576589676,3546.25501573804,3299.04501050876,1954.67773945422,2014.72217424822,2168.56487975251
E745S_00743,172.669637016955,294.383898280011,45.5739646943793,312.59635650664,494.91091035441,194.858847564718,0,414.644808148895,0
E745S_00744,67.3411584366124,105.533850326796,0,137.60602970903,5.45857621714423,35.582919990079,4.13907409095653,70.8180489165192,8.65694562775454
E745S_00745,1194.01053997224,652.246804275388,179.040575585062,842.339800357588,1331.89259698319,648.117471247868,984.064865124915,927.819075659904,123.361475195502
E745S_00746,3373.9647073113,1861.52190125311,2568.41843884752,3110.8507641157,2976.74356374932,2472.16572692978,2379.96760230001,1724.26553883699,1570.15351323398
E745S_00747,16.4036155166107,0,0,0.795410576352774,0,0,0,0,0
E745S_00749,3855.7129945886,5033.88531182854,6797.03130584743,4408.96082472343,17634.8402321873,28391.7813025602,9775.45823431659,10997.3245527609,20814.5436437323
E745S_00750,273.681374671873,209.480725460709,906.596369098903,206.011339275369,649.570569840164,275.344023732754,553.601159665436,495.726342415635,370.084425586506
E745S_00751,1762.09364575802,3419.13805306891,3448.97254240678,3363.79132739588,3177.8011210808,1719.84113285382,1888.45255399892,2952.80473525834,3099.18653473612
E745S_00752,5090.30089925983,3595.29229947906,3512.45056465966,3185.61935829286,5093.76137329843,6911.55860188249,3260.55561515101,3773.88356327596,4395.56414249237
E745S_00753,4265.80338250387,4376.8775819745,2976.95647950071,4663.49220915631,4200.37439909249,5140.03751380499,3345.40663401562,3091.36178748632,5004.79669104559
E745S_00754,709.672208139684,1160.07886599832,358.081151170123,1404.695077839,2133.39353820054,643.881409344287,771.937317963393,747.181733496029,1046.40830275483
E745S_00755,565.493061230527,437.211665639585,406.910399056958,337.254084373576,171.945150840043,451.564198921717,495.654122392045,226.823026239866,0
E745S_00756,0.863348185084774,23.8046278932623,30.9251903283288,333.277031491812,0,39.8189818936599,0,0,0
E745S_00757,1371.86026609971,1016.4576110423,402.027474268275,576.672667855761,796.042365000201,887.031362609827,616.722039552523,352.037547512552,494.528018985478
E745S_00760,0,108.707800712565,0,0,0,21.1803095179042,0,0,0
E745S_00761,833.994346791892,1216.41648534571,992.861373698978,1073.00886749989,973.446092057388,1373.33126914091,1093.75032853526,1237.77633323655,1481.41982054949
E745S_00762,387.643335103063,491.168822197646,65.1056638491133,276.007469994413,846.989076360214,426.995039880948,141.763287615261,237.086511590086,902.48658169341
E745S_00763,697.585333548497,579.245945402717,553.398142717463,273.621238265354,1232.72846237174,481.216632246783,1030.62944864818,474.173023180172,331.128170261611
E745S_00764,1249.26482381767,1130.71982492996,1136.09383416703,1352.99339037607,1129.015514246,944.641804498527,935.430744556176,985.294593621137,1118.91022238727
E745S_00765,235.694054528143,39.6743798221039,177.412933988834,181.353611408433,271.109285451497,227.900130412649,0,129.319915412774,138.511130044073
E745S_00766,1078.32188317088,1023.59899941028,748.715134264803,1528.77912775003,1313.69734292605,2617.88625641296,521.523335460523,1327.06865578347,2341.7037923076
E745S_00767,116.552004986444,149.175668131111,53.7121726755185,176.581147950316,57.3150502800144,177.914599950395,194.536482274957,0,155.825021299582
E745S_00768,47.4841501796626,59.5115697331559,0,0,0,0,0,112.898338852422,157.98925770652
E745S_00769,6535.54576109174,3521.49795300994,4594.83222615117,5058.81126560364,6966.0530157789,6199.90020208091,4515.72983323357,3371.55493754733,6523.00853051304
E745S_00772,1.72669637016955,130.131965816501,1.62764159622783,6.36328461082219,568.601689285858,76.2491142644551,3.1043055682174,0,4.32847281387727
E745S_00776,234.830706343058,78.5552720477657,611.993240181665,0,116.449625965744,180.456237092544,0,103.661202037224,147.168075671827
E745S_00777,0.863348185084774,34.9134542434514,0,2.38623172905832,0.909762702857372,0,1.03476852273913,212.454146749558,0
E745S_00778,132.955620503055,158.697519288416,56.9674558679741,843.135210933941,0,108.443184731669,0,204.243358469382,0
E745S_00779,6614.97379411954,6693.06787598893,11390.2358904024,7657.41761854816,5083.753983567,5928.79224025174,7109.89451974058,4763.28355103718,5647.57490390637
E745S_00781,2236.07179936956,1087.07800712565,1018.90363923862,1606.7293642326,1439.24459592036,1707.13294714308,2042.63306388705,199.111615794271,800.767470567295
E745S_00782,1011.84407291935,1594.91006884858,537.121726755185,2705.19137017578,767.839721211622,1313.17919011006,2020.90292490953,1407.12384151519,1246.60017039665
E745S_00801,5.18008911050864,2.38046278932623,0,1.59082115270555,159.20847300004,3.38884952286467,2.06953704547827,1.02634853502202,1.08211820346932
E745S_00807,8.63348185084774,48.4027433829668,16.2764159622783,149.537188354322,326.604810325797,36.4301323707952,6.2086111364348,13.3425309552862,11.9033002381625
E745S_00808,0.863348185084774,2.38046278932623,3.25528319245567,2.38623172905832,1.81952540571474,0.847212380716167,3.1043055682174,1.02634853502202,2.16423640693863
E745S_00809,138.135709613564,170.599833235047,37.4357567132401,185.330664290196,241.996878960061,124.540219965277,307.326251253522,298.667423691407,132.018420823257
E745S_00811,0,7.1413883679787,6.51056638491133,0,0,5.93048666501317,1.03476852273913,1.02634853502202,3.24635461040795
E745S_00812,1469.41861101429,1387.80980617719,1604.85461388064,1516.84796910474,1377.38073212606,1564.80126718276,1223.09639387765,1191.59064916056,1478.17346593909
E745S_00813,1.72669637016955,0.793487596442078,0,0,1.81952540571474,0.847212380716167,0,0,78.9946288532601
E745S_00814,587.940114042731,413.407037746323,398.772191075819,334.072442068165,0,299.065970392807,0,220.664935029734,29.2171914936716
E745S_00815,526.642392901712,441.972591218237,364.591717555035,733.368551397258,323.875522217224,541.368711277631,481.167363073697,503.937130695811,425.272453963442
E745S_00816,2.59004455525432,0.793487596442078,1.62764159622783,6.36328461082219,3.63905081142949,0.847212380716167,0,0,2.16423640693863
E745S_00817,1.72669637016955,0,351.570584785212,0,0,0.847212380716167,0,0,0
E745S_00818,65.6144620664428,38.8808922256618,58.595097464202,31.0210124777582,0,19.4858847564718,51.7384261369566,53.3701238211449,1.08211820346932
E745S_00820,1889.00582896549,1713.93320831489,1240.26289632561,1946.36968033524,2177.97191064055,1210.6664920434,1897.76547070357,1185.43255795043,1024.76593868544
E745S_00821,531.822482012221,52.3701813651771,379.240491921085,54.0879191919886,0,197.400484706867,136.589445001566,231.954768914976,123.361475195502
E745S_00822,0,0,1.62764159622783,0,0,38.9717695129437,1.03476852273913,0,1.08211820346932
E745S_00823,960.906529999353,1171.18769234851,992.861373698978,1209.02407605622,1327.34378346891,1509.73246243621,1247.93083842339,1228.53919642136,1139.47046825319
E745S_00824,500.741947349169,277.720658754727,30.9251903283288,4.77246345811665,449.422775211542,296.524333250659,186.258334093044,168.321159743611,98.4727565157079
E745S_00826,668.231495255615,238.046278932623,362.964075958807,191.693948901019,0,233.830617077662,436.672316595914,217.585889424668,302.993096971409
E745S_00827,604.343729559342,199.165386706962,362.964075958807,191.693948901019,0,188.928360899705,130.380833865131,216.559540889646,153.660784892643
E745S_00830,898.74546067325,1263.23225353579,1738.32122477133,1358.56126441054,478.535181702978,765.879992167415,977.85625398848,649.678622668937,1478.17346593909
E745S_00840,0.863348185084774,27.7720658754727,0,0,0,0,0,221.691283564756,0
E745S_00844,215.837046271193,176.154246410141,56.9674558679741,135.219797979972,834.25239852021,289.746634204929,420.116020232088,265.824270570703,82.2409834636681
E745S_00846,0.863348185084774,0,0,0,0,0.847212380716167,3.1043055682174,1.02634853502202,5.41059101734659
E745S_00847,4756.18515163202,3334.23488024961,4417.41929216234,8433.73834106847,7706.5998559048,9348.14140882219,1026.49037455722,379.748957958147,446.914818032828
E745S_00850,3.4533927403391,114.262213887659,3.25528319245567,111.357480689388,172.854913542901,305.843669438536,3592.71631095027,4790.99496148278,6595.51045014549
E745S_00852,5101.52442566593,6624.03445509847,6928.87027514188,7450.61086869644,6020.80956751009,7437.67749030723,6308.98368314049,6915.53642897836,5731.98012377697
E745S_00853,12.0868745911868,3.96743798221039,3.25528319245567,7.15869518717497,2.72928810857212,3.38884952286467,2.06953704547827,1.02634853502202,2.16423640693863
E745S_00855,378.146505067131,345.167104452304,377.612850324857,507.47194771307,276.567861668641,244.844378026972,0,0,535.648510717312
E745S_00856,5583.27271294323,6434.39091954881,6956.54018227776,4459.86710161001,4241.31372072107,4508.01707779073,5945.77993165906,3494.71676174997,5910.52962734941
E745S_00857,7562.93010134262,4110.26574956996,4174.90069432439,8718.49532740276,8895.65970853939,5800.01595838288,4343.95825845888,3887.8082506634,3969.20957032545
E745S_00858,0,49.1962309794088,323.900677649339,0.795410576352774,0,0,0,0,0
E745S_00859,0,0.793487596442078,0,0,0,0,0,86.2132769418495,0
E745S_00860,676.864977106463,239.633254125508,1178.41251566895,50.1108663102248,199.238031925765,609.99291411564,82.7814818191306,265.824270570703,161.235612316928
E745S_00862,515.41886649561,147.588692938227,725.928151917613,91.472216280569,815.147381760205,367.690173230817,0,101.60850496718,710.951659679341
E745S_00863,152.812628760005,119.023139466312,0,138.401440285383,0,207.567033275461,281.457038185044,0,228.326940932026
E745S_00864,1528.98963578513,1942.45763609021,756.853342245942,2007.6162947144,1786.77394841188,2365.41696695954,1377.27690376579,1507.70599794734,1004.20569281953
E745S_00867,59.5710247708494,580.832920595601,0,305.437661319465,325.695047622939,409.203579885909,668.46046568948,598.361195917836,353.852652534467
E745S_00868,0,29.3590410683569,0,0,0.909762702857372,0,0,0,293.254033140185
E745S_00869,732.119260951888,889.499595611569,1144.23204214817,913.926752229338,1706.71483056043,2014.67104134305,688.121067621523,773.866795406601,2040.87493174313
E745S_00870,1128.3960779058,865.694967718307,1163.7637413029,577.468078432114,291.124064914359,1005.64109591009,1218.9573197867,673.284638974444,863.530326368515
E745S_00871,1124.94268516546,891.086570804454,1320.01733454077,1377.651118243,552.225960634425,883.642513086962,237.996760230001,335.6159709522,1241.18957937931
E745S_00872,3064.88605705095,4331.6487889773,3248.77262607075,3758.31497326686,5881.61587397291,4741.84769486839,3324.71126356083,4633.96363562441,4225.67158454768
E745S_00874,63.8877656962733,26.1850906825886,0,0,189.230642194333,227.052918031933,48.6341205687392,143.688794903082,99.5548747191772
E745S_00876,3761.60804241436,3256.47309579829,3722.41633057305,3729.68019251816,3351.56579732656,4006.46734840676,1814.98398888444,2941.5149013731,3288.55722034325
E745S_00877,129.502227762716,0.793487596442078,100.913778966126,0,0.909762702857372,0,161.423889547305,220.664935029734,178.549503572437
E745S_00880,0.863348185084774,0,1.62764159622783,0.795410576352774,1.81952540571474,1.69442476143233,0,2.05269707004404,1.08211820346932
E745S_00881,160.582762425768,248.36161768637,0,783.479417707483,725.990636880183,138.942830437451,456.332918527958,141.636097833038,1.08211820346932
E745S_00882,226.197224492211,282.48158433338,0,220.328729649718,0,610.840126496357,219.370926820696,314.062651716737,265.118959849983
E745S_00883,1014.43411747461,1593.32309365569,1097.03043585756,1991.70808318735,1541.13801864039,1491.94100244117,1680.46408092835,1540.54915106805,1458.69533827664
E745S_00884,54.3909356603408,34.1199666470094,37.4357567132401,52.4970980392831,91.8860329885946,27.1107961829174,60.0165743188697,43.1066384709247,37.8741371214261
E745S_00885,0,1.58697519288416,1.62764159622783,0.795410576352774,3.63905081142949,0.847212380716167,1.03476852273913,3.07904560506605,0
E745S_00886,1.72669637016955,1.58697519288416,3.25528319245567,0.795410576352774,4.54881351428686,0.847212380716167,0,2.05269707004404,0
E745S_00887,4.31674092542387,1.58697519288416,1.62764159622783,1.59082115270555,1.81952540571474,6.77769904572934,13.4519907956087,3.07904560506605,7.57482742428522
E745S_00889,118.278701356614,0,0,0,470.347317377261,0,0,0,0
E745S_00890,3.4533927403391,2.38046278932623,8.13820798113916,3.97705288176387,1.81952540571474,3.38884952286467,2.06953704547827,1.02634853502202,4.32847281387727
E745S_00891,29.3538382928823,23.8046278932623,8.13820798113916,21.4760855615249,30.9319318971507,22.0275218986203,15.521527841087,14.3688794903082,18.3960094589784
E745S_00892,1.72669637016955,1.58697519288416,0,2.38623172905832,2.72928810857212,0.847212380716167,4.13907409095653,1.02634853502202,0
E745S_00898,962.633226369523,1212.4490473635,1272.81572825016,1123.11973381012,1027.12209152597,1150.51441301256,978.89102251122,1139.24687387444,1051.81889377218
E745S_00899,1.72669637016955,2.38046278932623,0,0.795410576352774,0,0,0,0,18.3960094589784
E745S_00902,0,0,3.25528319245567,0.795410576352774,0,34.7357076093629,4.13907409095653,3.07904560506605,1.08211820346932
E745S_00903,0.863348185084774,1.58697519288416,0,0,1.81952540571474,34.7357076093629,0,1.02634853502202,2.16423640693863
E745S_00905,0.863348185084774,1.58697519288416,8.13820798113916,0.795410576352774,0,0.847212380716167,5.17384261369566,0,8.65694562775454
E745S_00908,7.77013366576296,1.58697519288416,1.62764159622783,6.36328461082219,0,1.69442476143233,8.27814818191306,0,1.08211820346932
E745S_00913,0,46.8157681900826,369.474642343718,137.60602970903,0,116.915308538831,323.882547617349,540.885677956603,557.290874786698
E745S_00914,41.4407128840691,43.6418178043143,0,0,166.486574622899,66.082565695861,69.3294910235219,29.7641075156385,0
E745S_00916,1588.56066055598,1425.10372320997,820.331364498828,1600.36607962178,2258.94079119486,3973.42606555882,2165.770518093,2042.43358469382,255.379896018759
E745S_00917,2585.7278143289,2201.13459253032,533.866443562729,2691.66939037779,903.394363937371,2920.34107632863,1406.25042240248,983.241896551093,1584.22104987908
E745S_00918,819.31742764545,452.287929971984,831.724855672422,583.035952466583,1868.65259166904,1199.65273109409,610.513428416088,495.726342415635,824.57407104362
E745S_00919,175.259681572209,316.601550980389,0,109.766659536683,0,533.743799851185,196.606019320435,426.960990569159,546.469692752005
E745S_00920,154.539325130175,134.892891395153,105.796703754809,235.441530600421,238.357828148632,45.749468558673,0,0,140.675366451011
E745S_00922,131.228924132886,75.3813216619974,37.4357567132401,50.9062768865776,107.35199893717,94.0405742594946,106.581157842131,146.767840508149,97.3906383122385
E745S_00923,708.808859954599,1329.88521163692,1385.12299838989,1129.48301842094,1167.22554776601,1497.87148910618,852.649262737045,1900.79748686078,1196.82273303706
E745S_00924,127.775531392547,410.233087360554,288.092562532326,337.254084373576,332.973149245798,375.315084657262,385.968658981697,279.166801525989,155.825021299582
E745S_00926,1130.98612246105,802.215960002941,1653.68386176748,1153.34533571152,909.762702857372,1744.41029189459,819.536670009393,937.056212475102,507.51343742711
E745S_00927,342.749229478655,376.113120713545,330.41124403425,229.873656565952,0,438.856013210975,233.857686139044,195.006221654183,62.7628558012204
E745S_00928,222.743831751872,305.4927246302,638.03550572131,440.657459299437,243.816404365776,410.050792266625,397.351112731827,125.214521272686,440.422108812012
E745S_00929,56.1176320305103,22.2176527003782,1.62764159622783,71.5869518717497,48.2174232514407,6.77769904572934,0,36.9485472607926,0
E745S_00931,2716.0933902767,3447.70360654083,2574.92900523243,4113.0680903202,3056.80268160077,3859.05239416214,3322.64172651536,2679.79602494249,2934.70456780879
E745S_00932,1810.44114412277,2220.97178244138,1333.03846731059,2093.5206369605,2200.71597821198,1638.50874430507,1078.22880069418,1066.37612788788,2300.58330057577
E745S_00933,8095.61593153992,4474.47655633688,7705.25531654256,8739.97141296428,8030.47537812202,4926.53999386451,4971.02798323879,2639.76843207663,3927.00696039015
E745S_00934,335.842443997977,568.137119052528,332.038885630478,343.617368984398,20.9245421657196,334.648890382886,19.6606019320435,305.851863436561,249.969305001412
E745S_00935,3272.08962147129,3195.37455087225,3756.59680409384,3349.47393702153,4713.48056350405,4983.3032233725,2500.00075093774,4522.09164530701,2891.41983967002
E745S_00936,2725.59022031263,2061.48077555652,2532.61032373051,2581.90273084111,4597.94070024116,2984.72921726306,2717.30214071296,2738.29789143874,3605.61785395976
E745S_00937,917.739120745115,1358.45076510884,1427.44167989181,1147.77746167705,2076.07848792052,1624.10613383289,525.662409551479,715.364928910346,1432.72450139338
E745S_00939,3.4533927403391,68.2399332940187,0,0,0,0,0,236.060163055064,0
E745S_00940,1055.87483035868,578.452457806275,480.154270887211,579.05889958482,1417.41029105179,626.937161729964,652.938937848393,595.28215031277,444.750581625889
E745S_00942,44.8941056244082,61.8920325224821,0,0,161.027998405755,61.8465037922802,0,105.713899107268,1.08211820346932
E745S_00945,4163.06494847878,5277.48600393626,11458.5968374439,5619.57572193235,7937.67958243057,8754.24552994016,4085.2661277741,4948.02628734115,3849.09444974036
E745S_00946,0,46.8157681900826,0,0,0,77.0963266451712,0,108.792944712334,0
E745S_00949,1425.38785357496,937.108851398094,548.51521792878,1214.59195009069,1390.11740996606,780.28260263959,785.389308759002,950.398743430388,234.819650152842
E745S_00950,1662.80860447327,623.681250803473,1188.17836524632,1947.16509091159,1280.94588562318,2256.12656984715,1060.63773580761,551.149163306824,644.942449267713
E745S_00952,6387.91322144224,5540.92388595503,11826.4438381914,6978.93239691924,6628.53105301881,8422.13827669942,5325.95358653832,5954.87420019775,5311.03614262741
E745S_00953,4543.80149810116,5031.50484903922,3808.68133517313,4543.38521212705,6039.00482156724,5841.52936503797,3423.01427322105,2969.2263118187,4014.65853487117
E745S_00954,96.6949967294947,53.9571565580613,0,59.6557932264581,0,219.428006605487,154.180509888131,51.3174267511009,97.3906383122385
E745S_00955,327.208962147129,75.3813216619974,0,0,0,211.803095179042,91.0596300010437,120.082778597576,0
E745S_00956,564.629713045442,1061.6864040395,878.92646196303,1376.0602970903,2028.77082737194,1888.43639661634,1260.34806069626,910.37115056453,350.606297924059
E745S_00957,1387.40053343123,1832.9563477812,1502.31319331829,2694.05562210685,935.236058537379,2199.36334033917,1132.03676387661,2255.91407997839,1493.32312078766
E745S_00958,3248.779220474,3332.64790505673,3348.05876344065,3439.3553321494,5847.95465396719,4302.1444692767,3931.08561788597,2986.67423691407,2316.81507362781
E745S_00959,1611.00771336819,1317.18941009385,2714.90618250802,1135.05089245541,2140.6716398234,1575.81502813207,1169.28843069522,564.49169426211,425.272453963442
E745S_00960,735.572653692227,514.179962494467,572.929841872197,749.276762924313,1345.53903752605,1208.97206728197,1372.10306115209,699.969700885016,394.973144266301
E745S_00962,249.5076254895,349.134542434514,390.63398309468,222.714961378777,203.786845440051,338.037739905751,172.806343297435,341.774062162332,282.432851105492
E745S_00963,976.446797330879,657.801217450483,771.502116611993,923.471679145571,207.425896251481,875.170389279801,854.718799782524,496.752690950657,582.179593466493
E745S_00965,123.458790467123,0,0,0,0,0,0,92.3713681519816,0
E745S_00966,327.208962147129,154.730081306205,491.547762060805,316.573409388404,255.643319502922,603.215215069911,467.715372278088,518.306010186119,522.66309227568
E745S_00967,411.817084285437,203.132824689172,491.547762060805,359.525580511454,406.663928177245,677.769904572934,614.652502507045,553.201860376868,706.623186865464
E745S_00971,1239.76799378174,2790.69587668679,2306.36814185484,1852.51123232561,1286.40446184032,1568.19011670563,3873.13858061257,2308.25785526452,1339.66233589501
E745S_00973,0,23.8046278932623,0,0,339.3414881658,36.4301323707952,0,0,0
E745S_00974,1655.9018189926,1556.82266421936,1334.66610890682,3666.84275698629,898.845550423084,1545.31538242629,3003.9330215117,3758.48833525063,2613.3154613784
E745S_00975,4662.94354764286,3184.26572452206,3317.13357311232,3266.75123708084,4339.56809262967,3201.6155867264,3369.20631003862,2489.92154596342,2959.59328648858
E745S_00978,0,192.817485935425,0,0,0,166.053626620369,159.354352501826,133.425309552862,5.41059101734659
E745S_00983,369.513023216283,300.731799051548,0,263.280900772768,341.161013571515,354.981987520074,254.553056593827,628.125303433475,380.9056076212
E745S_00984,332.389051257638,397.537285817481,0,191.693948901019,329.334098434369,337.190527525035,125.206991251435,332.536925347134,340.867234092835
E745S_00987,297.855123854247,61.8920325224821,118.817836524632,41.3613499703443,0,210.108670417609,78.6424077281741,139.583400762994,194.781276624477
E745S_00990,694.131940808158,855.37962896456,1272.81572825016,356.343938206043,1095.35429424028,321.940704672144,584.64421534761,498.805388020701,1283.39218931461
E745S_00991,4913.31452131745,7667.4706444198,3846.11709188637,8475.89510161516,10269.401389854,6965.78019424833,5979.92729290945,5096.84682491934,6682.07990642303
E745S_00994,1216.45759278445,1544.12686267628,2312.87870823975,1379.24193939571,3241.48451028082,2014.67104134305,1535.59648774487,1465.62570801144,902.48658169341
E745S_00995,3329.93394987197,1846.44563692072,1845.74557012236,1688.65665359694,3013.13407186362,2540.78992976779,2289.9427408217,2246.6769431632,1798.480454166
E745S_00996,444.624315318659,522.908326055329,419.931531826781,544.060834225298,467.618029268689,295.677120869942,814.362827395697,606.571984198013,245.640832187535
E745S_00998,0.863348185084774,15.0762643323995,21.1593407509618,3.97705288176387,0,8.47212380716167,3.1043055682174,6.15809121013211,1.08211820346932
E745S_01000,0.863348185084774,1.58697519288416,3.25528319245567,139.196850861735,3.63905081142949,4.23606190358084,0,0,2.16423640693863
E745S_01002,1742.23663750107,2520.11660630004,3112.05073198762,3123.57733333734,4483.31059968113,3885.31597796434,1100.99370819444,3327.42195054138,1683.77592459826
E745S_01003,510.238777385101,386.428459467292,0,612.466143791636,0,510.869065571849,278.352732616827,349.984850442508,593.000775501186
E745S_01005,320.302176666451,288.829485104916,265.305580185137,386.569540107448,410.302978988675,375.315084657262,241.101065798218,435.171778849336,492.363782578539
E745S_01006,838.311087717315,698.269084869029,810.565514921461,885.291971480638,584.067655234433,414.286854170206,585.678983870349,331.510576812112,361.427479958752
E745S_01007,63.0244175111885,95.2185115730494,0,16.7036221034083,0,216.886369463339,1.03476852273913,136.504355157928,14.0675366451011
E745S_01008,0,110.294775905449,647.801355298677,283.96157575794,0,92.3461494980622,0,54.3964723561669,203.438222252232
E745S_01009,0,47.6092557865247,0,0,0,0,0,3.07904560506605,140.675366451011
E745S_01010,214.110349901024,545.91946635215,2640.03466908154,979.945830066618,2999.48763132076,2827.14771444985,1270.69574592366,688.679866999774,1439.21721061419
E745S_01011,101.875085840003,242.013716914834,450.85672215511,295.097323826879,0,576.95163126771,97.2682411374785,436.198127384358,205.60245865917
E745S_01012,385.053290547809,691.12769650105,0,758.026279264194,0.909762702857372,129.623494249574,0,53.3701238211449,544.305456345066
E745S_01013,852.988006863757,954.56557851982,533.866443562729,729.391498515494,970.716803948816,1026.82140542799,463.576298187131,1105.37737221871,589.754420890778
E745S_01014,7299.60890489176,7866.63603112676,6100.40070266192,7715.48259062191,18056.9701263131,12706.4912859811,9477.44489976772,11504.3407290618,11022.4560205385
E745S_01015,149.359236019666,119.816627062754,260.422655396453,0,0,87.2628752137652,0,0,136.346893637134
E745S_01017,1181.06031719597,772.856918934584,2325.89984100957,781.888596554777,1722.18079650901,1344.52604819656,806.084679213784,824.15787362268,581.097475263023
E745S_01019,1512.58602026852,2102.74213057151,3063.22148410078,3202.32298039627,1058.96378612598,1848.61741472268,3563.74279231357,3340.76448149667,1972.70148492456
E745S_01020,2639.25540180415,2032.12173448816,3335.03763067083,3433.78745811493,1831.35232085189,4347.04672545465,1905.00885036274,3917.57235817904,5576.15510247739
E745S_01021,325.48226577696,463.396756322174,680.354187223234,86.6997528224524,0,617.617825542086,358.02990886774,90.3186710819376,483.706836950785
E745S_01022,566.356409415612,850.618703385908,323.900677649339,971.99172430309,437.595860074396,457.49468558673,486.341205687392,300.720120761451,855.95549894423
E745S_01023,2494.21290670991,2255.09174908839,2391.00550485869,2675.76117885073,2440.89333176633,2305.26488792869,2491.72260275583,2608.97797602597,2453.16196726494
E745S_01024,148.495887834581,488.78835940832,683.60947041569,153.514241236085,10.0073897314311,87.2628752137652,153.145741365392,55.422820891189,7.57482742428522
E745S_01025,3095.10324352891,2514.56219312495,1131.21090937834,3302.54471301672,3850.1157584924,3496.44549521562,3135.34862389957,2948.69934111826,3404.34386811447
E745S_01031,803.777160313924,557.821780298781,327.155960841794,447.816154486612,748.734704451617,696.40857694869,994.412550352307,556.280905981934,819.163480026273
E745S_01032,286.631597448145,85.6966604157444,0,62.0420249555164,172.854913542901,81.3323885487521,142.798056138,323.299788531936,576.769002449146
E745S_01033,0,133.305916202269,0,0.795410576352774,237.448065445774,405.814730363044,0,112.898338852422,142.83960285795
E745S_01034,0,52.3701813651771,53.7121726755185,0,0,0,0,0,0
E745S_01037,3163.30775015061,2206.68900570542,3090.89139123665,2410.88945692526,2990.39000429218,2647.53868973802,2537.25241775635,2339.04831131518,1413.24637373093
E745S_01038,66.4778102515276,118.22965186987,1.62764159622783,236.236941176774,595.894570371579,16.0970352336072,325.952084662827,81.0815342667394,195.863394827946
E745S_01039,1188.83045086173,1163.25281638409,976.584957736699,1331.51730481454,1002.55849854882,1443.64989674035,1503.51866353996,993.505381901313,1017.19111126116
E745S_01040,1838.93163423057,2489.1705900388,5255.65471421967,2308.28149257575,4726.21724134405,1394.51157865881,2342.7159354814,2065.0132524643,2797.27555596818
E745S_01041,0.863348185084774,2.38046278932623,3.25528319245567,0.795410576352774,0,0,2.06953704547827,1.02634853502202,7.57482742428522
E745S_01042,506.785384644762,433.244227657375,496.430686849489,533.720496732711,744.18589093733,924.308707361339,254.553056593827,368.459124072904,1246.60017039665
E745S_01043,31.9438828481366,0,135.09425248691,0,668.675586600169,78.7907514066036,0,118.030081527532,198.027631234885
E745S_01045,385.053290547809,318.188526173273,0,370.661328580393,0,704.033488375135,508.071344664914,1021.21679234691,364.67383456916
E745S_01046,427.357351616963,752.22624142709,699.885886377968,575.877257279408,488.542571434409,475.28614558177,973.717179897524,1059.19168814272,245.640832187535
E745S_01047,0,0,0,238.623172905832,0,33.0412828479305,75.5381021599567,151.899583183259,2.16423640693863
E745S_01048,252.961018229839,215.035138635803,0,372.252149733098,598.623858480151,327.023978956441,522.558103983262,869.317209163649,1184.9194327989
E745S_01049,407.500343360013,400.711236203249,546.887576332552,1013.35307427343,663.217010383024,1487.70494053759,895.07477216935,1438.94064610087,889.501163251779
E745S_01051,987.670323736981,1364.79866588037,940.776842619687,2090.33899465509,1290.95327535461,1634.27268240149,2912.87339151066,2496.07963717355,1559.33233119929
E745S_01052,1.72669637016955,1.58697519288416,1.62764159622783,40.5659393939915,0.909762702857372,3.38884952286467,3.1043055682174,3.07904560506605,1.08211820346932
E745S_01054,22.4470528122041,21.4241651039361,55.3398142717463,0,0,0,0,0,0
E745S_01055,1314.87928588411,1271.16712950021,1712.27895923168,2095.11145811321,2970.37522482932,4535.97508635436,1865.68764649866,2607.95162749095,2381.74216583597
E745S_01056,221.017135381702,8.72836356086286,65.1056638491133,0,0,41.5134066550922,2.06953704547827,0,0
E745S_01057,503.331991904423,438.798640832469,385.751058305996,744.504299466197,301.13145464579,493.077605576809,504.967039096697,510.095221905943,424.190335759972
E745S_01058,1219.91098552479,1025.97946219961,1036.80769679713,1286.97431253879,1094.44453153742,1514.81573672051,1942.26051718135,1779.68835972818,2633.87570724432
E745S_01059,1064.50831220953,1310.84150932231,826.841930883739,1352.99339037607,1213.62344561173,1192.87503204836,1346.23384808361,2952.80473525834,1506.30853922929
E745S_01062,412.680432470522,171.393320831489,566.419275487286,50.1108663102248,580.428604423003,654.895170293597,708.816438076306,378.722609423125,189.37068560713
E745S_01063,2262.83559310719,1679.01975407144,1066.10524552923,1691.83829590235,1179.05246290315,3506.61204378422,2849.75251162357,2580.24021704535,2474.80433133433
E745S_01064,0.863348185084774,0.793487596442078,0,2.38623172905832,0.909762702857372,3.38884952286467,0,1.02634853502202,1.08211820346932
E745S_01065,124.322138652207,422.928888903628,1241.89053792184,120.106997029269,0.909762702857372,691.325302664393,249.379213980131,519.332358721141,0
E745S_01066,6.90678548067819,172.980296024373,1.62764159622783,72.3823624481025,146.471795160037,67.7769904572934,17.5910648865653,376.669912353081,35.7099007144875
E745S_01068,0,69.8269084869029,3.25528319245567,0,0,0.847212380716167,0,2.05269707004404,0
E745S_01069,0,0,0,0,0,151.651016148194,0,0,0
E745S_01071,2728.18026486789,4356.24690446701,843.118346846017,3234.13940345038,2875.75990373215,2313.73701173585,4389.4880734594,5990.79639892352,4392.31778788196
E745S_01075,2375.07085716821,3429.45339182266,4925.24347018542,3164.14327273134,3247.85284920082,4497.85052922213,3968.33728470457,3268.92008404513,3924.84272398321
E745S_01076,599.163640448833,295.970873472895,333.666527226706,996.649452170026,161.937761108612,532.049375089753,332.160695799262,337.668668022244,138.511130044073
E745S_01078,1105.08567690851,1276.7215426753,1110.05156862738,1457.98758645463,1043.49782017741,1599.53697479212,1711.50713661053,1409.17653858523,1920.75981115804
E745S_01079,2412.19482912686,948.217677748283,2332.41040739448,1897.84963517772,1660.3169327147,1701.20246047806,519.453798415045,1948.00951947179,2198.86418944965
E745S_01080,42.3040610691539,184.089122374562,6.51056638491133,174.194916221258,312.958369782936,287.204997062781,200.745093411392,395.144185983477,545.387574548536
E745S_01081,42.3040610691539,184.089122374562,0,174.194916221258,312.958369782936,287.204997062781,200.745093411392,338.695016557266,545.387574548536
E745S_01082,10161.6081384478,6147.94189723322,9126.18643004946,8739.17600238793,11606.7525630544,7913.81084826972,5470.82117972179,5504.30719332308,7297.80516419707
E745S_01083,0,15.8697519288416,56.9674558679741,236.236941176774,605.90196010301,0,602.235280234175,93.3977166870036,122.279356992033
E745S_01084,0.863348185084774,192.023998338983,0,0,142.832744348607,230.441767554798,0,267.876967640747,120.115120585094
E745S_01086,3093.37654715874,2897.81670220647,2972.07355471202,2847.56986334293,2947.63115725789,3704.8597408718,3700.33223731514,2660.29540277707,2336.29320129026
E745S_01087,3.4533927403391,0.793487596442078,4.8829247886835,60.4512038028108,0.909762702857372,5.083274284297,5.17384261369566,217.585889424668,7.57482742428522
E745S_01089,0,0,0,0,0,0,127.276528296913,87.2396254768715,0
E745S_01090,6058.11421473986,7597.6437359329,7055.82631964765,7989.10382888726,5214.75981277846,4868.92955197581,7664.53044792876,6539.8928651603,11799.4168906294
E745S_01092,1235.45125285631,781.585282495447,543.632293140096,1182.77552703658,970.716803948816,1081.89021017455,1881.20917433974,899.081316679288,1134.05987723584
E745S_01093,2991.50146131874,2173.36252665485,1440.46281266163,2135.6773975072,1625.74595000612,2273.07081746148,1342.09477399266,2828.61656252068,2081.99542347497
E745S_01094,1353.72995421293,1832.9563477812,2106.16822551882,1087.32625787424,2057.88323386338,1459.74693197396,633.278335916349,1942.87777679668,1526.86878509521
E745S_01095,1971.88725473362,1243.39506362474,3505.93999827475,2750.52977302789,1301.8704277889,2454.37426693474,2127.48408275166,1890.53400151056,2222.67078992598
E745S_01096,4324.51105908963,2047.991486417,2926.49959001764,3726.49855021275,4210.38178882392,2798.3424935055,3536.83881072236,2791.66801525989,3549.34770737936
E745S_01097,12.9502227762716,15.8697519288416,21.1593407509618,12.7265692216444,14.556203245718,27.1107961829174,8.27814818191306,10.2634853502202,15.1496548485704
E745S_01099,448.941056244082,687.16025851884,0,358.730169935101,151.930371377181,376.162297037978,607.409122847871,407.460368403741,142.83960285795
E745S_01100,697.585333548497,1116.437048194,548.51521792878,699.165896614089,290.214302211502,551.535259846225,564.983613415567,1118.719903174,1005.287811023
E745S_01101,1614.46110610853,3421.51851585824,4257.91041573201,2371.91433868397,2370.84160364631,1543.62095766486,623.965419211697,2197.41221348214,1648.06602388377
E745S_01103,323.75556940679,664.942605818461,107.424345351037,1047.5557290566,926.138431508805,865.851053091923,581.539909779393,698.943352349994,722.854959917504
E745S_01105,4.31674092542387,3.17395038576831,1.62764159622783,2.38623172905832,2.72928810857212,3.38884952286467,1.03476852273913,4.10539414008807,1.08211820346932
E745S_01107,1024.79429569563,1422.72326042065,1412.79290552576,631.555997624103,2043.32703061766,1190.33339490622,1640.10810854153,1158.74749603986,1599.37070472765
E745S_01108,0,34.1199666470094,50.4568894830628,61.2466143791636,0.909762702857372,0,78.6424077281741,1.02634853502202,83.3231016671374
E745S_01109,4266.66673068895,6493.90248928197,5683.72445402759,6096.82206774401,8567.23537280787,4927.38720624523,5572.22849495023,6009.27067255391,6297.92794419143
E745S_01110,1043.78795576749,1775.82524083737,2809.30939508924,1469.91874509993,2210.72336794341,2269.68196793861,2067.46750843279,1557.99707616342,1650.23026029071
E745S_01111,0,85.6966604157444,0,0,0,0,0,0,0
E745S_01112,4771.72541896355,5593.29406732021,7964.05033034278,3117.21404872652,7131.62982769894,7798.58996449232,5647.76659711019,7099.2528167473,5273.16200550598
E745S_01113,509.375429200017,630.02915157501,43.9463230981515,401.682341058151,148.291320565752,160.970352336072,537.04486330161,566.544391332154,278.104378291614
E745S_01114,7284.06863756024,6155.0832856012,6035.2950388128,6757.01284611682,6098.13939725297,4777.43061485847,8680.67313725859,4796.12670415789,5329.43215208639
E745S_01115,5054.90362367135,5907.51515551127,4785.26629290983,4755.75983601324,7492.80562073332,3905.64907510153,4588.16362982531,5901.5040763766,7174.44368900157
E745S_01117,1436.61137998106,3028.74215561941,4412.53636737365,2102.27015330038,4234.03561909821,2216.30758795349,3138.45292946779,4773.5470363874,3269.07909268081
E745S_01118,2429.46179282855,5198.93073188849,3662.19359151262,4259.42363636911,4346.84619425252,3824.31668655278,5370.4486330161,6723.60925292924,5387.86653507373
E745S_01119,942.776218112573,995.033445938366,963.563824966877,876.542455140757,1053.50520990884,787.060301685319,805.049910691045,1098.19293247356,1395.93248247542
E745S_01120,633.697567852224,164.25193246351,110.679628543493,0,0,658.284019816462,149.006667274435,435.171778849336,369.002307383037
E745S_01121,5194.76602965508,4991.03698162067,4041.43408343371,3486.28455615421,2268.03841822343,4165.74327598139,5073.47006698997,4697.59724479577,3989.76981619137
E745S_01122,1629.13802525497,2002.7626934198,1370.47422402383,2886.54498158422,1021.66351530883,2961.85448298372,2065.39797138731,2324.67943182487,2454.24408546841
E745S_01123,37.98732014373,0,1.62764159622783,0,0,79.6379637873197,0,0,37.8741371214261
E745S_01124,1237.17794922648,863.314504928981,3411.53678569354,559.173635176,2178.88167334341,1049.69613970733,1930.87806343122,1431.75620635571,1089.6930308936
E745S_01125,1156.02321982851,1653.62815098529,1144.23204214817,1180.38929530752,784.215449863055,1296.23494249574,810.223753304741,1704.76491667157,811.588652601988
E745S_01127,10800.4857954105,7041.408930827,11803.6568558442,8118.75575283277,9726.27305624817,14300.9449864889,9143.21466692298,13196.7894633131,12286.3700821906
E745S_01128,2741.99383582924,2853.38139680571,3725.67161376551,2511.11118954571,2790.24220966356,3125.36647246194,3412.66658799366,3331.52734468147,3058.06604300429
E745S_01129,0,160.2844944813,0,0,0,65.2353533151449,0,229.902071844932,319.224870023449
E745S_01130,1705.11266554243,513.386474898025,641.290788913766,1743.53998336528,1899.58452356619,846.365168335451,1107.20231933087,601.440241522902,1005.287811023
E745S_01131,0,0,0,126.470281640091,0,81.3323885487521,0,0,0
E745S_01132,3969.67495501979,4733.15351277699,3525.47169742949,5953.64816400051,2822.08390426357,6642.14506481475,7123.34651053619,6051.35096248982,4225.67158454768
E745S_01133,10821.2061518526,8809.29929569995,7602.71389598021,12001.1547760107,11848.7494420144,11883.8480643057,10243.1736065947,9606.62228780609,12122.9702334668
E745S_01134,7520.62604027347,7112.82281450679,8694.86140704908,10897.124896033,10776.1392153456,10412.2401590017,12417.2222728696,13406.1645644576,10141.6118029144
E745S_01135,417.860521581031,707.790936026334,514.334744407995,206.011339275369,310.229081674364,1121.70919206821,599.130974665958,631.204349038541,601.65772112894
E745S_01136,191.66329708882,556.234805105897,292.97548732101,362.707222816865,442.144673588683,548.993622704076,92.0943985237828,405.407671333697,603.821957535879
E745S_01138,14264.2387139706,8881.50666697618,10263.9079058127,13205.4063886088,11397.5071413972,13717.2156561755,11832.578057522,10630.9181257581,11936.84590247
E745S_01139,864.211533269859,399.917748606807,652.684280087361,706.324591801264,854.267177983073,927.697556884203,648.799863757436,608.624681268057,571.358411431799
E745S_01140,4382.35538749031,4682.3703066047,6289.20712782434,5913.87763518288,7892.1914472877,7505.45448076453,4714.40538959949,6639.44867305743,8370.18430383517
E745S_01141,131.228924132886,88.8706108015127,6.51056638491133,5.56787403446942,0,49.1383180815377,50.7036576142175,1.02634853502202,1.08211820346932
E745S_01142,948.819655408166,1010.90319786721,1521.84489247302,1677.520905528,1215.44297101745,959.891627351418,1010.96884671613,1126.93069145418,1703.25405226071
E745S_01144,5041.95340089508,5043.40716298585,5319.13273647256,6710.083622112,6629.44081572167,5034.13596621547,7282.70086303802,6188.88166618277,5660.560322348
E745S_01145,6055.5241701846,13926.5008051549,6616.36308866614,10428.6280665612,5900.72089073292,7015.76572471058,12432.7438007107,15349.0423412543,11409.8543373805
E745S_01147,6960.31306815345,10550.2110822939,10958.910867402,9568.78923352387,6470.23234272163,7302.12350939265,11418.6706484263,11970.3029639618,11287.5749803884
E745S_01148,153.67597694509,728.421613533828,849.628913230929,217.147087344307,316.597420594366,194.858847564718,218.336158297957,292.509332481275,29.2171914936716
E745S_01149,165.762851536277,749.052291041322,670.588337645867,637.123871658572,597.714095777294,305.843669438536,352.856066254044,2.05269707004404,663.338458726691
E745S_01150,4082.7735672659,4399.09523467488,6663.56469495675,4181.47339988653,4063.90999366388,5409.45105087273,5703.6440973381,6056.48270516493,5498.2425918276
E745S_01151,238.284099083398,438.798640832469,1173.52959088027,194.080180630077,1276.39707210889,200.789334229732,707.781669553567,174.479250953743,491.28166437507
E745S_01153,2699.68977476009,1437.0060371566,1932.01057472244,1436.51150089311,2513.67434799492,1496.17706434475,1932.9476004767,2518.65930494403,1975.94783953497
E745S_01154,369.513023216283,221.38303940734,0,431.112532383204,1.81952540571474,74.5546895030227,0,114.951035922466,298.664624157532
E745S_01155,6978.44338004023,6711.3180907071,9899.31618825768,7694.80191563674,8236.99151167065,5731.39175554487,8696.19466509967,7129.01692426294,6144.26715929878
E745S_01156,1.72669637016955,1.58697519288416,3.25528319245567,0,0,0.847212380716167,1.03476852273913,2.05269707004404,0
E745S_01157,128.638879577631,643.518440714525,164.391801219011,700.756717766794,388.468674120098,808.240611203224,626.034956257175,72.8707459865633,281.350732902022
E745S_01158,38.8506683288148,110.294775905449,468.760779713616,243.395636363949,315.687657891508,121.998582823128,70.364259546261,93.3977166870036,0
E745S_01159,4948.71179690592,1216.41648534571,3377.35631217275,2239.08077243306,5908.90875505863,2113.79488988684,3852.44321015779,1566.2078644436,2339.53955590066
E745S_01160,4070.68669267471,4477.65050672265,5854.62682163151,6321.1278502755,6220.95736213871,3240.58735623934,4180.4648318661,3797.48957958147,5604.29017576759
E745S_01161,8.63348185084774,224.556989793108,9.76584957736699,3.97705288176387,351.168403302946,202.483758991164,0,348.958501907486,122.279356992033
E745S_01162,1036.01782210173,1162.45932878764,1134.4661925708,291.120270945115,2031.50011548051,1375.02569390234,702.607826939871,970.925714130829,929.539536780143
E745S_01163,3013.08516594586,2328.8860955575,1816.44802139026,2033.06943315769,1864.10377815476,4054.75845410758,3159.14829992257,1881.29686469536,3134.89643545061
E745S_01164,6879.15833875548,9960.64979813741,7848.48777701061,7855.47485206,10809.8004353513,8663.59380520353,12482.4126898022,9719.52062665851,9889.47826150609
E745S_01165,37.98732014373,80.1422472406499,0,0,332.973149245798,44.9022561779569,0,1.02634853502202,0
E745S_01166,1071.4150976902,1269.58015430732,2182.66738054152,2306.69067142304,2210.72336794341,2191.73842891272,1389.69412603866,1550.81263641827,1181.67307818849
E745S_01167,4015.43240882928,8284.01050685529,3240.63441808961,9726.28052764172,8214.24744409921,11377.2150606374,9459.85383488115,10376.3836890726,6806.523499822
E745S_01168,139.862405983733,26.1850906825886,0,0,1.81952540571474,36.4301323707952,0,2.05269707004404,2.16423640693863
E745S_01169,620.747345075952,134.892891395153,50.4568894830628,0,0,331.260040860021,273.178890003131,94.4240652220256,0
E745S_01170,2704.8698638706,3845.24089235831,1606.48225547687,5304.59313369665,2379.93923067489,4027.64765792466,2009.5204711594,5308.27462313388,3163.03150874081
E745S_01171,1507.40593115802,1367.97261626614,1779.01226467702,1455.60135472558,1502.92798512038,1602.92582431499,1167.21889364974,1197.74874037069,1410.00001912052
E745S_01199,1086.09201683665,1332.26567442625,1002.62722327634,1486.62236720333,1688.51957650328,1626.64777097504,1487.99713569887,1316.80517043325,1229.28627914114
E745S_01200,37.98732014373,12.6958015430732,0,0,0,197.400484706867,79.6771762509132,0,0
E745S_01201,0,0.793487596442078,0,0.795410576352774,0.909762702857372,0.847212380716167,1.03476852273913,1.02634853502202,132.018420823257
E745S_01202,107.055174950512,188.056560356772,69.9885886377968,115.334533571152,287.48501410293,0.847212380716167,81.7467132963915,106.74024764229,270.529550867329
E745S_01203,118.278701356614,263.43788201877,789.406174170499,278.393701723471,89.1567448800225,48.2911057008215,0,63.6336091713651,5.41059101734659
E745S_01204,4.31674092542387,7.93487596442078,1.62764159622783,14.3173903743499,10.9171524342885,9.31933618787784,6.2086111364348,11.2898338852422,11.9033002381625
E745S_01205,0,1.58697519288416,1.62764159622783,0.795410576352774,2.72928810857212,1.69442476143233,1.03476852273913,0,0
E745S_01210,173.53298520204,161.871469674184,198.572274739796,22.2714961378777,274.748336262926,422.758977977367,412.872640572914,848.790238463209,328.963933854672
E745S_01212,3.4533927403391,0.793487596442078,3.25528319245567,2.38623172905832,0.909762702857372,70.3186275994419,3.1043055682174,2.05269707004404,151.496548485704
E745S_01213,28759.854741544,24784.5850748683,27881.5005433828,52260.8610981063,63634.2620140618,55361.093017898,10024.8374482967,8423.2424269257,7964.38997753417
E745S_01214,0,170.599833235047,175.785292392606,632.351408200455,0,559.16017127267,570.157456029262,1024.29583795197,148.250193875296
E745S_01215,0,0,3.25528319245567,0,0,0.847212380716167,145.902361706218,0,82.2409834636681
E745S_01216,225.333876307126,355.482443206051,457.367288540021,230.669067142305,412.12250439439,255.010926595566,217.301389775218,453.646052479732,538.89486532772
E745S_01217,0,19.0437023146099,188.806425162429,0,270.19952274864,0.847212380716167,0,0,2.16423640693863
E745S_01220,1.72669637016955,0.793487596442078,1.62764159622783,3.1816423054111,1.81952540571474,2.5416371421485,3.1043055682174,2.05269707004404,3.24635461040795
E745S_01221,0,0,0,0,0.909762702857372,44.0550437972407,1.03476852273913,0,0
E745S_01222,3.4533927403391,3.96743798221039,9.76584957736699,4.77246345811665,2.72928810857212,6.77769904572934,5.17384261369566,6.15809121013211,10.8211820346932
E745S_01223,6264.45443097512,5433.00957283891,4502.05665516619,5878.084159247,8337.97517168782,6725.17187812494,6610.10132325758,5990.79639892352,4971.25102673804
E745S_01224,543.046008418323,732.389051516038,71.6162302340246,128.856513369149,1096.26405694313,971.752600681444,336.299769890218,451.593355409688,977.152737732793
E745S_01228,9.49683003593251,3.17395038576831,4.8829247886835,0,0,4.23606190358084,6.2086111364348,0,5.41059101734659
E745S_01231,1547.983295857,683.192820536629,302.741336898377,976.764187761207,722.351586068753,1656.30020430011,688.121067621523,1341.43753527378,1784.4129175209
E745S_01232,317.712132111197,778.411332109678,50.4568894830628,725.41444563373,0.909762702857372,720.977735989458,666.390928644002,653.784016809025,758.564860631991
E745S_01233,638.014308777648,1145.00260166592,1604.85461388064,875.747044564404,994.370634223108,1445.34432150178,2003.31186002296,1407.12384151519,1677.28321537744
E745S_01234,8520.38323860163,7436.56575385515,6062.96494594868,7122.90171123909,7440.03938396759,7873.99186637606,10316.6421717092,9902.21066589243,8536.83050716944
E745S_01235,0,89.6640983979548,0,0,1.81952540571474,68.6242028380096,157.284815456348,105.713899107268,139.593248247542
E745S_01236,763.19979561494,512.592987301582,1705.76839284677,1135.84630303176,261.101895720066,898.045123559137,769.867780917915,819.02613094757,1709.74676148152
E745S_01238,40.5773646989844,31.7395038576831,11.3934911735948,1.59082115270555,21.8343048685769,24.5691590407689,52.7731946596958,35.9221987257706,32.4635461040795
E745S_01239,0.863348185084774,1.58697519288416,351.570584785212,0.795410576352774,0,243.997165646256,0,44.1329870059468,0
E745S_01242,98.4216930996642,117.436164273428,4.8829247886835,38.9751182412859,0,68.6242028380096,80.7119447736523,16.4215765603523,8.65694562775454
E745S_01243,379.873201437301,285.655534719148,0,479.632577540723,313.868132485793,115.220883777399,158.319583979087,547.043769166736,420.943981149564
E745S_01244,5469.31075251204,6389.95561414805,7070.4750940137,3360.60968509047,5344.85587928706,4644.41827108603,3865.8952009534,6367.4663112766,5651.90337672024
E745S_01248,715.715645435277,206.30677507494,0,606.898269757167,1223.63083534317,792.990788350333,506.001807619436,358.195638722684,712.033777882811
E745S_01249,0.863348185084774,0.793487596442078,0,0,0.909762702857372,1.69442476143233,0,1.02634853502202,4.32847281387727
E745S_01250,0,94.4250239766073,43.9463230981515,116.129944147505,641.382705514447,107.595972350953,483.236900119175,536.780283816515,83.3231016671374
E745S_01251,3360.15113634994,2470.92037532063,1892.94717641297,4367.59947475308,2646.4997026121,4118.29938266129,5870.2418294991,6264.8314577744,7437.39841244462
E745S_01252,146.769191464412,21.4241651039361,1.62764159622783,0,1.81952540571474,61.8465037922802,0,0,0
E745S_01253,8314.90637055146,10196.3156142807,8001.48608705603,12394.8830113053,10498.6615909741,9421.00167356378,13534.7722774279,10383.5681288178,11251.865079674
E745S_01254,381.59989780747,317.395038576831,1261.42223707657,101.017143196802,273.838573560069,166.900839001085,47.5993520460001,241.191905730174,428.51880857385
E745S_01255,1.72669637016955,0,0,0,0,21.1803095179042,0,0,0
E745S_01256,0,142.827767359574,0,0,0.909762702857372,0,0,0,0
E745S_01257,0,39.6743798221039,0,0.795410576352774,0,2.5416371421485,0,0,0
E745S_01263,1338.1896868814,859.34706694677,528.983518774046,1301.29170291314,1154.48886992601,2301.02882602511,1578.02199717718,1717.08109909184,1096.18574011442
E745S_01264,4283.93369439065,3054.927246302,2903.71260767045,4268.96856328534,4369.59026182396,4302.99168165741,4989.6538166481,4059.20845601208,5844.52041693778
E745S_01269,606.070425929511,491.168822197646,555.025784313691,382.592487225684,241.996878960061,309.232518961401,458.402455573436,783.103932221799,212.095167879986
E745S_01270,769.243232910533,421.341913710743,478.526629290983,513.039821747539,6.36833892000161,453.258623683149,470.819677846305,516.253313116075,951.18190084953
E745S_01271,1219.0476373397,1629.03003549559,2290.09172589256,2182.60662151201,1553.87469648039,1992.64351944443,1513.86634876735,1966.48379310219,2089.57025089925
E745S_01273,44.0307574393235,46.8157681900826,47.2016062906071,0.795410576352774,0,59.3048666501317,0,0,0
E745S_01274,203.750171680007,307.079699823084,958.680900178193,0.795410576352774,0,36.4301323707952,888.866161032915,476.225720250216,19.4781276624477
E745S_01277,0,64.2724953118083,0,0,0,65.2353533151449,70.364259546261,0,264.036841646513
E745S_01278,8529.88006863757,3757.95725674968,6040.17796360149,5645.82427095199,6353.78271675589,5200.18959283583,7841.47586531715,5991.82274745854,8113.72228961294
E745S_01280,99.285041284749,47.6092557865247,0,3.1816423054111,0,56.7632295079832,0,1.02634853502202,0
E745S_01281,1007.52733199393,1522.70269757235,644.546072106222,1940.00639572442,2790.24220966356,1774.06272521965,2138.86653650179,980.162850946027,2397.97393888801
E745S_01282,0,92.8380487837231,0,0,0,28.8052209443497,0,97.5031108270917,137.429011840603
E745S_01283,64.751113881358,62.6855201189242,0,238.623172905832,0.909762702857372,383.787208464424,4.13907409095653,143.688794903082,134.182657230195
E745S_01284,12.0868745911868,14.2827767359574,0,25.4531384432888,0.909762702857372,12.7081857107425,0,18.4742736303963,31.3814279006102
E745S_01285,17702.0911869782,12138.7732503709,16787.4954234939,15503.3475436919,27049.0646813554,20339.8748362337,18367.1412786196,18032.9437603369,23767.6442210001
E745S_01286,0,0,0,0,0,0,0,146.767840508149,0
E745S_01287,9956.13127039761,15507.1280972675,11253.5139963192,11706.0574521838,14791.831785758,12656.5057555188,12750.4177371916,15803.714742269,17709.9465179788
E745S_01288,236.557402713228,283.275071929822,1145.85968374439,116.129944147505,0,352.440350377926,813.328058872958,357.169290187662,62.7628558012204
E745S_01289,2270.60572677296,1204.51417139907,2548.88673969279,1963.07330243865,2345.36824796631,3088.93634009115,2222.68278684366,3916.54600964402,2314.65083722087
E745S_01291,280.588160152551,149.175668131111,162.764159622783,58.8603826501053,316.597420594366,177.067387569679,245.240139889174,105.713899107268,216.423640693863
E745S_01292,3102.01002900959,5607.57684405617,1749.71471594492,4657.12892454549,3981.12158770386,3320.22532002666,6492.13771166532,5405.77773396097,6532.74759434427
E745S_01293,2236.93514755465,2720.86896819989,3559.65217095027,2667.01166251085,1667.59503433756,2835.61983825701,3287.45959674222,4052.02401626693,3438.97165062549
E745S_01294,1250.99152018784,928.380487837231,2280.32587631519,728.596087939141,1788.59347381759,1198.80551871338,1198.26194933192,1549.78628788325,674.159640761384
E745S_01295,10789.2622690044,5186.23493034542,8541.86309700366,7123.69712181545,9312.33102644806,8360.29177290714,7590.02711429154,6479.338301594,10196.7998312914
E745S_01296,0,0,0,0,0,105.901547589521,0,0,0
E745S_01297,3891.11027017708,2216.21085686272,4977.32800126471,2675.76117885073,5993.51668642437,2024.83758991164,3287.45959674222,2404.73461755659,3204.15200047265
E745S_01298,5739.53873444358,3451.67104452304,4318.13315479244,5763.5450362522,5785.18102747003,3599.80540566299,3857.61705277149,3085.20369627619,6394.23646430019
E745S_01299,0,0,1.62764159622783,0,0.909762702857372,0,9.31291670465219,16.4215765603523,16.2317730520398
E745S_01300,280.588160152551,209.480725460709,1137.72147576326,0,164.667049217184,89.8045123559137,160.389121024566,475.199371715194,84.4052198706067
E745S_01301,6041.71059922325,6718.45947907507,10491.7777292846,5348.34071539605,9356.90939888807,7024.23784851774,7711.09503145202,6828.29680350148,4515.67926307746
E745S_01302,12.9502227762716,1.58697519288416,0,48.5200451575192,23.6538302742917,4.23606190358084,8.27814818191306,0,1.08211820346932
E745S_01303,279.724811967467,51.5766937687351,0,0,0,0,0,0,0
E745S_01304,6683.17830074123,6555.79452180445,5992.97635731088,11974.1108164147,10206.6277633569,12280.3434584808,8224.34021873063,9062.65756424442,8676.42375541698
E745S_01305,37.1239719586453,0,66.7333054453411,209.19298158078,0,110.984821873818,65.1904169325654,55.422820891189,476.1320095265
E745S_01306,379.009853252216,956.946041309146,0,953.697281046976,318.41694600008,471.897296058905,586.713752393088,451.593355409688,335.456643075488
E745S_01307,265.91124100611,651.453316678946,893.57523632908,925.857910874629,1307.32900400604,309.232518961401,403.559723868262,589.124059102638,567.029938617922
E745S_01308,3193.52493662858,5493.31463016851,5713.02200275969,4558.49801307775,6210.94997240728,3753.99805895334,3291.59867083318,4501.56467460657,4250.56030322748
E745S_01309,1404.66749713293,1169.60071715562,1814.82037979403,1569.34506714402,727.810162285898,1680.02215096016,1205.50532899109,1496.4161640621,1182.75519639196
E745S_01310,350.519363144418,85.6966604157444,0,472.473882353548,0,210.955882798326,143.832824660739,0,299.746742361001
E745S_01311,200.296778939668,383.254509081524,460.622571732477,248.168099822066,134.644880022891,99.9710609245077,441.84615920961,507.016176300877,59.5165011908124
E745S_01312,0.863348185084774,0.793487596442078,0,119.311586452916,0,0,0,0,0
E745S_01314,3.4533927403391,3.17395038576831,3.25528319245567,2.38623172905832,0.909762702857372,9.31933618787784,4.13907409095653,5.13174267511009,58.4343829873431
E745S_01315,0,188.056560356772,0,0.795410576352774,0.909762702857372,0.847212380716167,162.458658070044,179.610993628853,0
E745S_01316,3656.27956383402,3018.42681686566,2101.28530073013,1707.74650742941,1406.4931386175,1682.56378810231,3336.09371731096,2499.15868277861,2965.00387750593
E745S_01317,0,0,0,0.795410576352774,1.81952540571474,2.5416371421485,0,3.07904560506605,2.16423640693863
E745S_01318,3483.60992681706,4022.98211396134,2853.25571818739,4200.563253719,5176.54977925845,5902.52865644954,4919.28955710184,6545.02460783541,4940.9517170409
E745S_01319,629.3808269268,1075.96918077546,162.764159622783,968.014671421326,512.196401708701,326.176766575724,765.728706826958,526.516798466295,376.577134807322
E745S_01320,7602.64411785652,6336.79194518643,6821.44592979085,7919.90310874457,5912.54780587006,6807.3514790544,8646.52577600819,6253.54162388915,7408.18122095094
E745S_01321,2285.2826459194,1753.60758813699,2264.04946035292,1378.44652881936,4320.46307586966,2389.13891361959,2182.32681445683,3866.25493142794,2742.08752759125
E745S_01322,60.4343729559342,32.5329914541252,1.62764159622783,0,1.81952540571474,1.69442476143233,9.31291670465219,11.2898338852422,93.0621654983613
E745S_01323,0.863348185084774,0,0,109.766659536683,0,50.83274284297,0,312.009954646693,0
E745S_01324,33.6705792183062,180.915171988794,0,114.539122994799,308.409556268649,340.579377047899,139.693750569783,74.9234430566073,173.138912555091
E745S_01325,30551.3022255949,38231.0258841758,33155.059315161,39943.9283232836,33432.8695673056,29717.668678381,43169.5080001539,33418.9346488519,40012.4026914815
E745S_01326,1932.17323821972,2760.54334802199,2377.98437208886,1677.520905528,2461.81787393205,1702.04967285878,2399.62820423205,3106.75701551165,2820.00003824104
E745S_01327,638.014308777648,441.179103621795,590.833899430703,569.513972668586,0,0,163.493426592783,316.115348786781,133.100539026726
E745S_01328,4062.91655900895,3904.75246209147,3675.21472428245,2654.28509328921,3174.16207026937,2487.41554978267,4265.31585073071,3395.16095385283,3430.31470499774
E745S_01329,24485.4178771893,27476.8884895963,21126.7879190373,24799.3109495268,25547.9562216407,30137.8860192162,28086.7220127083,33943.3987502482,31906.2552292928
E745S_01330,3609.65876183944,4493.52025865149,4075.61455695449,4607.81346881162,5955.30665290436,5278.13313186172,3875.20811765805,5468.38499459731,4114.21340959034
E745S_01331,654.417924294259,1022.80551181384,1105.1686438387,1251.18083660291,3430.71515247515,1141.19507682468,1029.59468012544,1490.25807285197,1286.63854392502
E745S_01332,54.3909356603408,99.9794371517018,1.62764159622783,220.328729649718,423.039656828678,1.69442476143233,1.03476852273913,112.898338852422,1.08211820346932
E745S_01335,560.312972120018,989.479032763271,276.699071358732,646.668798574805,985.273007194534,970.905388300728,597.06143762048,982.215548016071,571.358411431799
E745S_01336,613.840559595274,870.45589329696,89.5202877925308,1977.390692813,870.642906634505,1614.78679764501,1352.44245922005,1190.56430062554,979.316974139732
E745S_01337,2092.75600064549,2028.94778410239,753.598059053487,1016.53471657885,1194.51842885173,1880.81148518989,1381.41597785674,2148.14748380108,2970.41446852328
E745S_01338,0,80.1422472406499,0,188.512306595607,0,0,61.0513428416088,0,1.08211820346932
E745S_01339,378.146505067131,683.192820536629,932.638634638548,820.06830421971,1890.48689653762,1480.08002911114,575.331298642958,978.110153875983,813.752889008926
E745S_01340,55.2542838454255,50.783206172293,499.685970041945,0,0.909762702857372,186.386723757557,0,160.110371463435,498.856491799355
E745S_01341,775.286670206127,1619.50818433828,839.863063653562,996.649452170026,647.751044434449,806.546186441791,1052.3595876257,608.624681268057,1498.733711805
E745S_01342,714.852297250193,1217.20997294215,670.588337645867,546.447065954356,0,548.993622704076,996.482087397785,731.786505470699,340.867234092835
E745S_01343,1542.80320674649,1488.58273092534,405.28275746073,988.695346406498,951.611787188811,1731.70210618385,1181.70565296809,1618.55163972972,1385.11130044073
E745S_01344,6691.81178259208,6812.09101545524,3750.08623770893,9946.60925729144,9064.87557127086,8731.37079566082,8006.00406043267,9105.76420271534,7146.30861571137
E745S_01345,537.002571122729,606.224523681748,213.221049105846,311.800945930287,0,434.619951307394,911.631068533176,1374.28068839448,1125.40293160809
E745S_01346,1793.17418042108,2063.0677507494,1276.07101144262,1106.41611170671,1433.78601970322,1677.48051381801,3430.25765288023,2306.20515819447,2403.38452990535
E745S_01347,3931.68763487606,6612.92562874828,11264.9074874928,6174.77230422659,4667.08266565832,4710.50083678189,7768.00730020267,8258.00031278716,7425.49511220645
E745S_01348,419.5872179512,408.64611216767,239.263314645491,492.359146762367,0.909762702857372,826.032071198263,1031.66421717092,503.937130695811,844.052198706067
E745S_01349,50.0741947349169,50.783206172293,646.17371370245,0,0,122.845795203844,0,101.60850496718,0
E745S_01350,4.31674092542387,3.17395038576831,3.25528319245567,3.97705288176387,1.81952540571474,3.38884952286467,1.03476852273913,8.21078828017614,12.9854184416318
E745S_01351,1738.78324476073,1979.75155312298,2500.05749180595,1492.1902412378,2487.29122961206,3680.29058183103,2305.46426866279,3933.99393473939,2497.52881360718
E745S_01352,0,176.154246410141,559.908709102374,163.854578728671,227.440675714343,64.3881409344287,0,0,139.593248247542
E745S_01354,1537.62311763598,1812.32567027371,1127.95562618589,1624.22839691236,739.637077423044,1455.51087007038,1410.38949649344,2136.85764991584,1512.80124845011
E745S_01355,1257.89830566852,852.205678578792,253.912089011542,798.592218658185,1267.29944508032,1092.90397112386,2295.1165834354,2046.5389788339,1509.5548938397
E745S_01356,10787.5355726342,6314.57429248606,17568.7633896832,8259.54342484721,9223.17428156804,3247.36505528507,7402.73401167576,4591.88334568851,8254.39765606395
E745S_01357,35.3972755884757,0,0,34.2026547831693,70.961490822875,1.69442476143233,28.9735186366957,33.8695016557266,40.0383735283647
E745S_01358,1897.63931081633,1465.57159062852,2436.57946955307,1785.69674391198,1633.02405162898,1501.26033862905,1731.16773854257,1507.70599794734,1277.98159829726
E745S_01359,1226.81777100546,609.398474067516,1030.29713041222,1275.83856446985,1175.41341209172,315.163005626414,1923.63468377205,571.676134007264,855.95549894423
E745S_01364,3807.36549622385,3353.27858256422,1637.4074458052,5058.81126560364,3485.30091464659,4007.31456078747,4853.06437164653,5124.55823536493,4040.62937175443
E745S_01366,5822.42016021171,6577.21868690838,4811.30855844947,5562.30616043495,4942.7407646241,5931.33387739389,5023.80117789849,5429.38375026647,5714.66623252146
E745S_01367,2837.82548437365,2545.50820938619,2054.08369443952,1771.37935353763,2272.58723173772,3749.76199704976,3560.63848674536,3524.48086926561,2711.78821789411
E745S_01368,20642.6551053769,23131.7504114795,25941.3517606792,28896.4708283199,23794.8434932346,17055.2324361972,23203.6493539023,22118.8372782595,21556.8767313123
E745S_01369,9314.66356887963,7794.42865985053,8108.91043240706,7535.71980036618,7850.34236295626,9892.89896962269,7986.34345850063,11926.1699769558,8589.85429913944
E745S_01370,1100.76893598309,2163.84067549755,1375.35714881252,2126.13247059097,2633.76302477209,1766.43781379321,1897.76547070357,2302.09976405439,3142.4712628749
E745S_01371,1322.64941954987,1963.0883135977,1240.26289632561,1659.22646227189,2263.48960470914,1420.77516246101,1623.5518121777,2005.48503743302,2005.16503102864
E745S_01372,2849.04901077975,1663.1500021426,966.819108159333,1247.20378372115,2752.94193884641,1629.18940811719,2221.64801832092,1990.08980940769,1646.9839056803
E745S_01373,2181.68086370922,2633.58533259126,813.820798113916,2059.31798217733,6906.00867739031,3494.75107045419,2525.86996400622,3989.41675563058,4481.05148056644
E745S_01374,797.733723018331,678.431894957977,270.18850497382,1146.9820511007,504.008537382984,1336.0539243894,1245.86130137792,955.530486105499,727.183432731381
E745S_01375,0,115.849189080543,0,0,0,0,1.03476852273913,126.240869807708,0
E745S_01376,2091.89265246041,1565.55102778022,1276.07101144262,2597.01553179181,2884.85753076073,1947.74126326647,1944.33005422683,2956.91012939843,2143.67616107272
E745S_01378,684.635110772226,534.810640001961,69.9885886377968,3.1816423054111,1.81952540571474,72.0130523608742,195.571250797696,86.2132769418495,126.60782980591
E745S_01379,35.3972755884757,47.6092557865247,1.62764159622783,0,282.936200588643,1.69442476143233,1.03476852273913,0,1.08211820346932
E745S_01380,373.829764141707,298.351336262221,374.357567132401,0,0,70.3186275994419,107.61592636487,226.823026239866,137.429011840603
E745S_01381,4413.43592215336,4929.93843669463,6150.85759214498,5023.81320024412,5259.33818521847,5022.27499288544,4884.10742732871,3807.75306493169,3056.98392480082
E745S_01385,2276.64916406855,3365.9743841073,2928.12723161387,3983.41616637469,3108.65915566364,4593.58552824306,4872.72497357858,3528.5862634057,3809.056076212
E745S_01386,2978.55123854247,3762.71818232833,1865.2772692771,4357.2591372605,4145.78863692105,3980.20376460455,4686.46663948553,4081.78812378256,3171.68845436857
E745S_01389,8251.01860485518,6361.39006067614,8921.10358892475,6259.88123589633,5857.96204369862,7938.38000731049,8844.16656385137,8825.57105265433,9976.04771778363
E745S_01390,1603.23757970242,801.422472406499,1725.3000920015,1792.0600285228,718.712535257324,1433.48334817176,1237.583153196,967.846668525763,1471.68075671827
E745S_01391,503.331991904423,1133.10028771929,559.908709102374,572.695614973997,718.712535257324,867.545477853355,1563.53523785883,1564.15516737356,730.429787341789
E745S_01392,3887.65687743674,5586.94616654867,6920.73206716074,4629.28955437315,7871.26690512198,4885.87379959014,5861.96368131719,6070.85158465523,3896.70765069301
E745S_01393,205.476868050176,89.6640983979548,0,0,1.81952540571474,25.416371421485,324.917316140088,109.819293247356,142.83960285795
E745S_01394,386.779986917979,1047.40362730354,714.534660744019,462.928955437315,455.791114131543,831.962557863276,841.266808986915,1185.43255795043,1273.65312548339
E745S_01395,636.287612407478,516.560425283793,102.541420562353,512.244411171187,830.613347708781,820.948796913966,229.718612048087,744.102687890963,1318.01997182563
E745S_01396,126.048835022377,105.533850326796,0,0,0,0.847212380716167,0,0,126.60782980591
E745S_01410,113.098612246105,111.881751098333,358.081151170123,62.0420249555164,985.273007194534,182.997874234692,11295.5331942204,8275.44823788253,11162.049268786
E745S_01411,1085.22866865156,1694.88950600028,1079.12637829905,995.058631017321,1875.9306932919,899.73954832057,1045.11620796652,2024.98565959844,1333.1696266742
E745S_01412,0,0.793487596442078,0,0,0.909762702857372,82.1796009294682,118.998380115,0,0
E745S_01415,0,49.9897185758509,0,0,0,0,0,0,0
E745S_01421,324.618917591875,126.16452783429,42.3186815019236,79.5410576352774,0,393.953757033018,345.61268659487,365.380078467838,193.699158421008
E745S_01422,88.0615148786469,307.079699823084,120.44547812086,117.720765300211,242.906641662918,74.5546895030227,435.637548073175,1344.51658087884,971.742146715447
E745S_01423,315.122087555942,385.63497187085,380.868133517313,106.585017231272,0,230.441767554798,124.172222728696,268.903316175769,261.872605239575
E745S_01429,5.18008911050864,1.58697519288416,3.25528319245567,2.38623172905832,1.81952540571474,0.847212380716167,2.06953704547827,2.05269707004404,3.24635461040795
E745S_01431,369.513023216283,372.145682731335,24.4146239434175,0,932.506770428806,0,349.751760685827,307.904560506605,384.151962231608
E745S_01435,0.863348185084774,56.3376193473875,1.62764159622783,0,0.909762702857372,520.188401759727,85.885787387348,300.720120761451,391.726789655893
E745S_01436,1.72669637016955,4.76092557865247,1.62764159622783,1.59082115270555,5.45857621714423,0.847212380716167,4.13907409095653,5.13174267511009,3.24635461040795
E745S_01438,14.6769191464412,2.38046278932623,0,0,0.909762702857372,0,6404.18238723249,4726.33500377639,5716.8304689284
E745S_01439,985.943627366812,1157.69840320899,1640.66272899766,1349.0163374943,1764.02988084044,1410.60861389242,1621.48227513222,1198.77508890572,305.157333378347
E745S_01440,236.557402713228,0,0,463.724366013667,2.72928810857212,372.773447515114,146.937130228957,377.696260888103,138.511130044073
E745S_01441,313.395391185773,632.409614364336,226.242181875669,245.781868093007,234.718777337202,523.577251282591,313.534862389957,575.781528147352,1061.5579576034
E745S_01442,1263.94174296411,1375.90749223056,1227.24176355579,851.884727273821,1016.20493909168,1597.84255003069,1946.39959127231,1747.8715551425,2001.91867641824
E745S_01445,414.407128840691,398.330773413923,327.155960841794,688.03014854515,444.873961697255,743.852470268795,1533.52695069939,610.677378338101,887.33692684484
E745S_01447,59.5710247708494,256.296493650791,332.038885630478,0,0,0,0,0,0
E745S_01448,241.737491823737,93.6315363801652,47.2016062906071,361.116401664159,343.890301680087,285.510572301348,0,112.898338852422,0
E745S_01449,886.658586082063,1070.41476760036,774.757399804448,455.77026025014,2101.55184360053,778.588177878158,575.331298642958,618.888166618277,1283.39218931461
E745S_01450,216.700394456278,240.42674172195,0,46.1338134284609,0,219.428006605487,141.763287615261,171.400205348677,323.553342837326
E745S_01452,844.354525012909,1417.96233484199,1915.73415876016,1897.84963517772,1492.01083268609,1162.37538634258,1779.80185911131,2713.66552659821,2377.41369302209
E745S_01453,0,531.636689616192,0,165.445399881377,288.394776805787,587.118179836304,251.448751025609,178.584645093831,813.752889008926
E745S_01454,1345.09647236208,664.942605818461,1155.62553332176,810.523377303477,1272.75802129746,1133.57016539823,964.404263192872,746.155384961007,962.003082884223
E745S_01455,156.266021500344,217.415601425129,369.474642343718,318.959641117462,141.92298164575,577.798843648426,2.06953704547827,206.296055539426,308.403687988755
E745S_01456,8016.18789851212,8238.7817138581,7070.4750940137,6068.98269757167,6231.874514573,6003.34692975476,8262.62665407198,6670.23912910809,7248.02772683749
E745S_01457,890.975327007487,949.011165344725,878.92646196303,649.055030303864,753.283517965904,471.050083678189,222.475232388914,776.945841011667,796.438997753417
E745S_01458,9186.02468930199,8318.1304735023,11012.6230400775,8403.51273916706,14157.7271818664,8855.06380324538,7086.09484371758,8796.83329367371,10004.1827910738
E745S_01459,16446.7829258649,8901.34385688723,23818.9071191981,17770.2676862973,12686.6408913461,8338.26425100852,10847.4784238743,7965.49098030588,12133.7914155015
E745S_01462,64.751113881358,318.188526173273,654.311921683589,181.353611408433,0,552.382472226941,101.407315228435,315.089000251759,134.182657230195
E745S_01463,0,81.729222433534,0,0,0,0,1.03476852273913,96.4767622920697,0
E745S_01464,0,0.793487596442078,242.518597837947,1.59082115270555,0,153.345440909626,0,101.60850496718,1.08211820346932
E745S_01465,0,42.8483302078722,0,0,0,0,0,91.3450196169596,1.08211820346932
E745S_01467,7184.78359627549,4993.41744441,5804.16993214845,7808.54562805518,3424.34681355515,4861.30464054937,8636.1780907808,7661.69181393936,8345.29558515537
E745S_01468,226.197224492211,785.552720477657,620.131448162804,175.785737373963,0.909762702857372,726.908222654472,1336.92093137896,423.881944964093,628.710676215673
E745S_01469,130.365575947801,0.793487596442078,14.6487743660505,0,10.9171524342885,5.083274284297,0,1.02634853502202,1.08211820346932
E745S_01470,0,20.630677507494,0,0,0,0,0,393.091488913433,2.16423640693863
E745S_01471,44.0307574393235,22.2176527003782,1.62764159622783,0,0,0,61.0513428416088,0,0
E745S_01472,371.239719586453,86.4901480121865,346.687659996528,122.493228758327,551.316197931568,44.0550437972407,1.03476852273913,215.533192354624,261.872605239575
E745S_01474,29.3538382928823,20.630677507494,0,71.5869518717497,324.785284920082,0.847212380716167,223.510000911653,0,245.640832187535
E745S_01475,33.6705792183062,10.315338753747,0,10.3403374925861,61.8638637943013,16.0970352336072,19.6606019320435,26.6850619105725,50.8595555630579
E745S_01476,105.328478580342,73.0008588726712,144.860102064277,19.0898538324666,21.8343048685769,114.373671396683,85.885787387348,301.746469296473,234.819650152842
E745S_01477,1.72669637016955,0.793487596442078,0,0.795410576352774,3.63905081142949,0.847212380716167,0,0,4.32847281387727
E745S_01508,3.4533927403391,2.38046278932623,0,5.56787403446942,3.63905081142949,3.38884952286467,1.03476852273913,1.02634853502202,10.8211820346932
E745S_01513,512.828821940356,270.579270386749,341.804735207845,684.848506239739,1259.1115807546,131.317919011006,436.672316595914,509.068873370921,83.3231016671374
E745S_01514,2489.0328175994,3363.59392131797,2683.9809921797,2927.90633155456,3528.05976168089,5068.87167382483,4499.17353686975,5075.29350568388,3209.56259148999
E745S_01515,437.71752983798,164.25193246351,944.032125812143,54.0879191919886,441.234910885826,544.757560800496,336.299769890218,306.878211971583,509.677673834048
E745S_01516,2593.49794799466,2691.50992713153,2465.87701828517,2794.2773547273,1859.55496464047,1829.13152996621,1917.42607263561,2138.91034698589,2492.11822258984
E745S_01517,1513.44936845361,1343.37450077644,1762.73584871474,1564.57260368591,1588.44567918897,1510.57967481693,1236.54838467326,1426.6244636806,1141.63470466013
E745S_01518,259.004455525432,290.416460297801,50.4568894830628,330.095389186401,231.98948922863,515.10512747543,369.41236261787,648.652274133915,475.04989132303
E745S_01519,1528.12628760005,1463.19112783919,1634.15216261274,1710.13273915846,1262.75063156603,1347.06768533871,1752.89787752009,1524.1275745077,964.167319291161
E745S_01520,9703.17025216777,13134.6001839057,12150.3445158408,12710.6610101173,9461.53210971667,10273.2973285642,15287.6701549479,13245.0278444591,15379.0639077059
E745S_01521,2069.4455996482,1998.00176784115,2381.23965528132,2306.69067142304,2141.58140252625,2166.32205749124,2343.75070400414,2572.02942876518,2262.70916345434
E745S_01522,656.144620664428,868.075430507633,1311.87912655963,987.104525253793,804.230229325917,735.380346461633,254.553056593827,284.298544201099,507.51343742711
E745S_01525,2.59004455525432,1.58697519288416,3.25528319245567,3.1816423054111,2.72928810857212,1.69442476143233,3.1043055682174,1.02634853502202,0
E745S_01529,1865.6954279682,1600.46448202367,2373.10144730018,1729.22259299093,1568.43089972611,1529.21834719268,1798.42769252061,1648.31574724536,1698.92557944683
E745S_01530,0,0.793487596442078,1.62764159622783,0.795410576352774,0,37.2773447515114,0,2.05269707004404,1.08211820346932
E745S_01531,743.34278735799,613.365912049726,499.685970041945,370.661328580393,977.085142868818,488.841543673229,403.559723868262,1127.9570399892,694.719886627302
E745S_01532,1044.65130395258,536.397615194845,0,1286.97431253879,1017.11470179454,615.923400780654,821.606207054871,646.599577063871,364.67383456916
E745S_01533,163.172806981022,226.143964985992,525.72823558159,192.489359477371,114.630100560029,614.228976019221,420.116020232088,503.937130695811,252.133541408351
E745S_01534,4384.94543204557,4487.96584547639,3562.90745414273,4192.60914795547,8078.69280137347,5356.07667088761,5866.10275540814,6639.44867305743,7217.72841714034
E745S_01536,129.502227762716,3.96743798221039,4.8829247886835,6.36328461082219,20.0147794628622,5.93048666501317,1.03476852273913,1.02634853502202,0
E745S_01537,275.408071042043,491.168822197646,496.430686849489,54.8833297683414,144.652269754322,300.760395154239,584.64421534761,371.53816967797,548.633929158944
E745S_01539,2235.20845118448,607.01801127819,343.432376804073,1408.67213072076,942.514160160238,1126.7924663525,1559.39616376787,1474.86284482664,2619.80817059922
E745S_01540,387.643335103063,151.556130920437,84.6373630038473,491.563736186014,327.514573028654,208.414245656177,379.760047845262,303.799166366517,458.81811827099
E745S_01541,56.1176320305103,95.2185115730494,366.219359151262,93.0630374332746,10.9171524342885,0.847212380716167,9.31291670465219,19.5006221654183,24.8887186797943
E745S_01543,61.2977211410189,205.513287478498,0,335.663263220871,0,0,222.475232388914,0,181.795858182845
E745S_01544,288.358293818314,175.360758813699,377.612850324857,40.5659393939915,0,325.329554195008,186.258334093044,101.60850496718,9.73906383122385
E745S_01545,498.151902793914,706.997448429892,1111.67921022361,891.65525609146,431.227521154394,252.469289453418,450.124307391523,339.721365092288,351.688416127528
E745S_01546,1185.37705812139,1037.88177614624,1041.69062158581,1298.11006060773,1045.31734558312,938.711317833513,843.336346032393,986.320942156159,1053.98313017911
E745S_01547,233.104009972889,230.904890564645,42.3186815019236,378.615434343921,22.7440675714343,285.510572301348,240.066297275479,529.595844071361,406.876444504463
E745S_01548,2463.99572023194,2627.23743181972,2156.62511500188,2674.17035769803,1889.57713383476,1770.67387569679,1955.71250797696,1926.45620023633,2277.85881830291
E745S_01549,1845.83841971125,2631.99835739837,1940.14878270358,2335.32545217174,3479.84233842945,2905.93846585645,1915.35653559013,2227.17632099778,3114.33618958469
E745S_01550,3996.43874875742,3131.10205556044,3468.50424156151,4501.22845158035,3941.09202877814,4801.99977389924,5560.8460412001,5139.95346339026,5632.4252490578
E745S_01551,2154.05372178651,2219.38480724849,2330.78276579826,2348.05202139339,2312.61679066344,2240.02953461355,2416.18450059587,2475.55266647311,2506.18575923494
E745S_01553,6286.90148378732,5107.67965829766,5374.4725507443,6720.42395960459,7191.67416608753,6140.59533543078,5197.64228971866,4834.1015999537,6368.26562741693
E745S_01554,833.994346791892,1148.97003964813,1329.78318411814,1053.91901366743,973.446092057388,1066.64038732165,969.578105806567,993.505381901313,1004.20569281953
E745S_01555,0,80.1422472406499,0,0,0,236.372254219811,86.9205559100871,316.115348786781,447.996936236297
E745S_01556,207.203564420346,246.774642493486,493.175403657033,338.844905526282,604.992197400152,343.968226570764,97.2682411374785,580.913270822462,229.409059135495
E745S_01557,0,106.327337923238,0,239.418583482185,180.13301516576,199.942121849015,0,61.5809121013211,0
E745S_01558,136.409013243394,107.120825519681,0,240.213994058538,180.13301516576,435.46716368811,83.8162503418697,123.161824202642,1.08211820346932
E745S_01561,589.666810412901,507.83206172293,633.152580932627,650.645851456569,322.965759514367,387.176057987288,928.187364897002,481.357462925326,231.573295542434
E745S_01562,387.643335103063,449.113979586216,1129.58326778212,447.816154486612,378.461284388667,978.530299727173,2602.44283468892,2342.12735692024,1358.05834535399
E745S_01564,656.144620664428,1342.58101318,1852.25613650727,1376.0602970903,1680.33171217757,1049.69613970733,638.452178530045,1362.99085450924,821.327716433212
E745S_01565,37.1239719586453,96.8054867659335,488.29247886835,0,179.223252462902,198.247697087583,0,142.66244636806,149.332312078766
E745S_01566,111.371915875936,237.252791336181,0,167.831631610435,0,220.275218986203,0,0,124.443593398971
E745S_01568,38.8506683288148,35.7069418398935,52.0845310792906,130.447334521855,329.334098434369,259.246988499147,248.344445457392,319.194394391848,136.346893637134
E745S_01569,1989.15421843532,5110.06012108698,2457.73881030403,2626.44572311686,322.05599681151,3205.00443624926,5318.71020687914,3791.33148837133,3502.81662463018
E745S_01570,287.49494563323,206.30677507494,0,131.242745098208,0.909762702857372,265.17747516416,170.736806251957,520.358707256163,127.689948009379
E745S_01571,2949.19740024959,3130.308567964,1971.07397303191,2436.34259536855,2367.20255283488,2957.61842108014,3436.46626401666,3737.96136455019,3326.43135746468
E745S_01572,7116.57908965379,4931.52541188751,4435.32334972084,5637.07475461211,9833.62505518534,5801.71038314431,4407.07913834597,5075.29350568388,5553.43062020454
E745S_01573,2520.11335226246,2837.51164487687,1160.50845811044,2721.89499227919,3190.5377989208,2972.02103155231,3845.19983049862,3593.24622111208,5185.51043102497
E745S_01574,0,68.2399332940187,0,0,0,0,0,0,0
E745S_01576,244.327536378991,552.267367123686,123.700761313315,318.959641117462,0,184.692298996124,710.885975121784,365.380078467838,134.182657230195
E745S_01580,1191.42049541699,1029.94690018182,1027.04184721976,1279.81561735161,1023.48304071454,931.086406407068,881.622781373741,1013.00600406673,1032.34076610973
E745S_01581,463.617975390524,1276.7215426753,771.502116611993,994.263220440968,678.6829763316,1041.22401590017,5116.93034494501,1875.13877348523,3120.82889880551
E745S_01582,2336.2201888394,1034.70782576047,2332.41040739448,1491.39483066145,1315.51686833176,1368.24799485661,2097.47579559222,791.314720501976,2297.33694596536
E745S_01583,738.162698247482,556.234805105897,61.8503806566576,374.638381462157,1726.72961002329,1147.12556348969,522.558103983262,1644.21035310527,989.056037970956
E745S_01584,413.543780655607,377.700095906429,0,251.349742127477,0.909762702857372,181.30344947326,901.283383305785,1375.3070369295,1529.03302150214
E745S_01585,256.414410970178,93.6315363801652,40.6910399056958,133.628976827266,141.92298164575,67.7769904572934,147.971898751696,57.475517961233,130.936302619787
E745S_01587,374.693112326792,440.385616025353,327.155960841794,807.341734998066,0,276.191236113471,318.708705003653,1099.21928100858,958.756728273815
E745S_01588,1029.97438480614,633.99658955722,362.964075958807,729.391498515494,634.104603891588,1174.23635967261,782.285003190784,1221.3547566762,746.661560393829
E745S_01590,135.545665058309,443.559566411122,317.390111264427,194.87559120643,0,116.068096158115,0,171.400205348677,265.118959849983
E745S_01591,50.9375429200017,183.29563477812,0,0,0,293.135483727794,0,107.766596177312,399.301617080178
E745S_01593,346.202622218994,712.551861604986,875.671178770574,426.340068925087,274.748336262926,582.034905552007,603.270048756914,910.37115056453,346.277825110181
E745S_01594,821.907472200705,1092.63242030074,983.095524121611,448.611565062965,1170.86459857744,1416.53910055743,931.291670465219,1041.74376304735,1137.30623184625
E745S_01595,8627.43841355214,7031.09359207325,8011.25193663339,11231.9927486775,9345.08248375093,5515.35259846225,6945.36632462506,5209.74516377176,5176.85348539721
E745S_01596,2567.59750244212,4441.94356488275,1928.75529152998,3837.06062032578,3894.69413093241,5603.46268605673,4468.13048118758,5040.39765549313,3555.84041660018
E745S_01598,1446.97155820208,1141.03516368371,701.513527974196,1541.50569697168,2939.44329293217,2072.28148323175,641.556484098262,1651.39479285043,1959.71606648293
E745S_01599,0,0,0,0,0,0,70.364259546261,0,128.772066212849
E745S_01600,606.070425929511,995.826933534808,888.692311540397,435.089585264967,2668.33400748067,831.962557863276,342.508381026653,565.518042797132,678.488113575262
E745S_01601,1584.24391963056,1325.91777365471,598.972107411842,865.406707071818,1357.3659526632,1140.34786444396,1863.61810945318,1387.62321934977,644.942449267713
E745S_01602,1402.07745257767,2585.97607680473,883.809386751713,1908.98538324666,1440.15435862322,3304.12828479305,2994.62010480705,3042.09705780526,2224.83502633292
E745S_01603,119.142049541699,87.2836356086286,32.5528319245566,54.8833297683414,100.073897314311,93.1933618787784,90.0248614783045,147.794189043171,109.293938550401
E745S_01604,549.089445713916,773.650406531026,1087.26458628019,396.114467023682,495.820673057268,491.383180815377,940.604587169872,804.657251457262,1101.59633113176
E745S_01605,56.9809802155951,77.7617844513236,58.595097464202,91.472216280569,60.0443383885866,148.262166625329,163.493426592783,110.845641782378,206.68457686264
E745S_01606,6334.38563396699,5610.75079444193,6570.78912397176,6864.39327392444,6083.58319400725,5114.6211423835,6340.02673882267,3040.04436073522,7136.56955188015
E745S_01607,2381.11429446381,1344.96147596932,1772.50169829211,2888.93121331328,1231.81869966888,2681.42718496667,2710.05876105379,3040.04436073522,3421.65775936998
E745S_01608,4566.24855091337,4299.90928511962,6678.2134693228,4614.17675342244,3949.27989310385,6206.67790112664,7133.69419576358,6350.01838618122,7441.72688525849
E745S_01609,847.807917753248,791.107133652752,2763.73543039486,1116.7564491993,599.533621183008,1086.97348445884,1001.65593001148,577.834225217396,440.422108812012
E745S_01610,29005.9089742931,18091.5171988794,34943.8374294153,37739.8456162101,23551.9368515717,17007.7885428771,23329.8911136765,13834.1519035618,20052.7324284899
E745S_01611,1121.48929242512,1965.46877638703,0,1870.01026500537,940.694634754523,3587.94443233297,2357.20269479974,1873.08607641518,3569.90795324528
E745S_01614,8.63348185084774,4.76092557865247,0,2.38623172905832,10.9171524342885,0,1.03476852273913,13.3425309552862,5.41059101734659
E745S_01617,0,54.7506441545034,22.7869823471897,0,0,0,117.963611592261,0,1.08211820346932
E745S_01618,352.246059514588,281.688096736938,1158.88081651422,841.544389781235,521.294028737274,1321.65131391722,1135.14106944483,492.647296810568,1086.44667628319
E745S_01619,5982.1395744524,5064.83132808978,3497.80179029361,4631.6757861022,4684.36815701261,5343.36848517687,4536.42520368836,5159.45408555568,3667.29859155752
E745S_01620,13710.8325273313,9057.66091338632,12306.5981090786,11100.7500035793,10990.8432132199,9622.63822017423,14652.3222819861,11492.0245466415,15907.137590999
E745S_01621,6010.6300645602,6766.0687348616,4938.26460295524,6388.73774926548,2628.30444855495,5284.91083090745,4891.35080698788,6836.50759178166,6670.17660618487
E745S_01623,467.934716315947,287.242509912032,675.47126243455,189.30771717196,0,280.427298017051,221.440463866174,256.587133755504,273.775905477737
E745S_01624,0,0,0,0,0,0,113.824537501305,0,691.473532016894
E745S_01626,11323.6747955719,8971.17076537413,5475.38632971043,12151.4873749413,14468.8660262436,11777.9465167162,13460.2689437906,12082.1749542792,10381.8420440846
E745S_01627,775.286670206127,716.519299587196,1074.24345351037,702.3475389195,631.375315783016,1145.43113872826,1526.28357104022,880.607043048891,1142.7168228636
E745S_01628,11719.0882643407,6512.94619159658,7363.45058133471,9097.90617232303,9443.33685565952,7397.85850841357,11233.447082856,6330.51776401581,7190.67546205361
E745S_01629,2543.42375325974,1368.76610386258,3909.59511413925,976.764187761207,676.863450925885,1545.31538242629,2677.98093684888,1057.13899107268,1353.72987254012
E745S_01630,0,0.793487596442078,0,109.766659536683,0,104.207122828089,1.03476852273913,0,1.08211820346932
E745S_01632,1872.60221344887,1158.49189080543,1398.14413115971,1843.76171598573,1183.60127641744,2927.96598775507,2341.68116695866,1545.68089374316,1561.49656760622
E745S_01633,5987.31966356291,7141.3883679787,15207.0554335566,6926.43529887996,6632.17010383024,9767.51153727669,8691.02082248598,8680.85590921623,8204.62021870436
E745S_01634,1080.91192772614,878.39076926138,60.2227390604298,440.657459299437,450.332537914399,1298.77657963788,1261.382829219,1046.87550572246,304.075215174878
E745S_01636,859.03144415935,923.619562258579,1142.60440055194,875.747044564404,947.062973674524,883.642513086962,1391.76366308413,1213.14396839603,1137.30623184625
E745S_01637,6362.0127758897,6274.89991266395,5091.26291300066,6824.6227451068,4436.00293913255,5656.83706604185,7401.69924315302,5906.63581905171,4628.21955623827
E745S_01638,610.387166854935,695.888622079702,602.227390604298,727.800677362788,808.779042840204,698.950214090838,631.208798870871,819.02613094757,772.632397277092
E745S_01639,25.0370973674584,58.7180821367138,60.2227390604298,41.3613499703443,79.1493551485914,30.499645705782,14.4867593183479,25.6587133755504,35.7099007144875
E745S_01640,221.017135381702,211.067700653593,0,103.403374925861,0,65.2353533151449,150.041435797174,112.898338852422,146.085957468358
E745S_01641,1813.89453686311,3164.42853461101,3042.06214334982,3557.87150802596,2213.45265605199,2278.15409174577,3505.79575504018,3639.43190518807,2206.43901687394
E745S_01642,26.763793737628,80.1422472406499,0,353.957706476985,0,0,66.2251854553045,0,0
E745S_01643,50.9375429200017,56.3376193473875,0,0,0,0,0,59.528215031277,135.264775433665
E745S_01644,4163.06494847878,5218.76792179955,3771.24557845989,4957.79412240684,1344.6292748232,4936.70654243311,5474.96025381275,4537.48687333234,3490.91332439202
E745S_01645,745.932831913245,925.206537451463,213.221049105846,950.515638741565,1588.44567918897,1358.92865866873,408.733566481957,1028.40123209206,1640.49119645948
E745S_01646,2069.4455996482,2268.5810382279,1393.26120637102,1521.62043256286,1377.38073212606,1203.88879299767,2237.16954616201,2647.97922035681,1721.65006171968
E745S_01647,1468.5552628292,3292.97352523462,3448.97254240678,2342.48414735892,5030.07798409841,1538.53768338056,2383.07190786822,1899.77113832575,2237.82044477455
E745S_01648,3747.794471453,4384.81245793892,4130.95437122624,3392.42610814458,6206.40115889299,3807.37243893846,5636.38414336006,6023.63955204422,4661.76522054582
E745S_01650,10.3601782210173,8.72836356086286,21.1593407509618,27.8393701723471,27.2928810857212,16.9442476143233,12.4172222728696,5.13174267511009,25.9708368832636
E745S_01652,7.77013366576296,14.2827767359574,8.13820798113916,11.9311586452916,9.09762702857372,19.4858847564718,15.521527841087,19.5006221654183,40.0383735283647
E745S_01655,76.8379884725449,30.946016261241,0,0.795410576352774,0,0.847212380716167,0,0,1.08211820346932
E745S_01656,641.467701517987,594.322209735116,877.298820366802,1482.64531432157,469.437554674404,1201.34715585553,1354.51199626552,525.490449931273,821.327716433212
E745S_01657,896.155416117995,1296.55873258636,2697.00212494952,1620.2513440306,2830.27176858928,1837.60365377337,2357.20269479974,1171.06367846012,692.555650220363
E745S_01661,4693.16073412083,5998.76622910211,7145.34660744018,8321.58544980272,10321.2578639169,5570.4214032088,9855.1354105675,6384.91423637197,9429.57802503163
E745S_01662,9263.72602595962,8057.8665418693,11771.1040239197,9997.51553417802,13033.2604811347,7790.96505306587,8539.94461816606,8478.66524781689,11943.3386116909
E745S_01663,1275.16526937021,1033.12085056759,2285.20880110388,338.049494949929,590.435994154435,947.183441640675,1886.38301695344,1909.00827514095,676.323877168323
E745S_01664,3310.07694161502,2923.20830529262,3320.38885630478,3504.57899941032,3790.07142010381,2414.55528504108,2945.98598423831,3508.05929270526,2331.96472847638
E745S_01666,203.750171680007,71.413883679787,0,302.256019014054,307.499793565792,88.9572999751976,145.902361706218,36.9485472607926,283.514969308961
E745S_01667,35133.9543920249,20631.4709950905,56697.2673630003,32367.6425835234,28985.0397130359,23078.9124630891,24300.5039880058,22636.1169399106,27073.5153325988
E745S_01668,56.9809802155951,239.633254125508,141.604818871821,423.158426619676,664.126773085882,939.55853021423,115.894074546783,644.546879993827,216.423640693863
E745S_01669,0,45.2287929971984,0,0,0,0,0,0,0
E745S_01670,405.773646989844,511.79949970514,364.591717555035,156.695883541497,1152.66934452029,0,139.693750569783,119.056430062554,0
E745S_01672,0,16.6632395252836,0,0,675.953688223028,78.7907514066036,0,0,0
E745S_01673,565.493061230527,235.665816143297,118.817836524632,468.496829471784,418.490843314391,427.842252261664,201.779861934131,1.02634853502202,337.620879482427
E745S_01674,154.539325130175,248.36161768637,0,435.089585264967,0,242.302740884824,405.62926091374,139.583400762994,70.3376832255056
E745S_01676,0,0,0,0,0,0,91.0596300010437,0,0
E745S_01677,174.396333387124,42.0548426114301,0,0,0.909762702857372,313.468580864982,136.589445001566,94.4240652220256,147.168075671827
E745S_01678,0,0,0,0,0,15.249822852891,0,0,0
E745S_01679,248.644277304415,203.132824689172,252.284447415314,338.049494949929,0.909762702857372,137.248405676019,94.1639355692611,176.531948023787,271.611669070799
E745S_01680,221.880483566787,229.317915371761,138.349535679366,358.730169935101,416.671317908676,297.371545631375,288.700417844218,193.979873119161,331.128170261611
E745S_01681,286.631597448145,297.557848665779,716.162302340246,210.783802733485,0,285.510572301348,0,50.2910782160789,185.042212793253
E745S_01682,2354.35050072618,2249.53733591329,2391.00550485869,2500.77085205312,2237.10648632628,2241.72395937498,2616.92959400727,2627.45224965637,2438.01231241637
E745S_01683,2684.14950742856,11284.9805965992,1665.07735294107,2943.81454308162,4321.37283857252,3049.9645705782,2804.22269662305,4999.34371409225,4405.30320632359
E745S_01684,5687.73784333849,4741.88187633786,6445.46072106222,4195.79079026088,7192.58392879038,4857.06857864579,4676.11895425814,4389.69268428917,4763.48433167193
E745S_01685,1757.7769048326,2203.51505531965,1018.90363923862,3018.58313725878,1397.39551158892,2514.52634596558,1406.25042240248,1310.64707922312,834.313134874843
E745S_01686,870.254970565452,931.554438223,1142.60440055194,916.312983958396,904.304126640228,876.017601660517,1371.06829262935,1143.35226801453,1134.05987723584
E745S_01687,530.095785642051,626.855201189242,592.461541026931,401.682341058151,412.12250439439,583.729330313439,420.116020232088,431.066384709247,406.876444504463
E745S_01688,1296.74897399733,1045.81665211066,1368.84658242761,1371.28783363218,1420.13957916036,1202.19436823624,1145.48875467222,981.189199481049,939.278600611367
E745S_01689,2719.54678301704,1045.81665211066,1313.50676815586,381.797076649332,1782.22513489759,1156.44489967757,437.707085118653,926.792727124882,1215.21874249604
E745S_01690,0,0,1.62764159622783,131.242745098208,0,0.847212380716167,0,105.713899107268,1.08211820346932
E745S_01691,82.0180775830535,100.772924748144,590.833899430703,256.917616161946,178.313489760045,99.1238485437916,151.076204319913,0,266.201078053452
E745S_01692,861.621488714604,971.228818045103,1018.90363923862,921.085447416512,926.138431508805,898.892335939854,1382.45074637948,1266.51409221717,1066.96854862075
E745S_01693,1623.95793614446,1159.28537840188,309.251903283288,1163.68567320411,1370.1026305032,2253.58493270501,2485.5139916194,1837.16387768941,2011.65774024946
E745S_01694,1741.37328931599,1779.79267881958,2946.03128917238,1302.88252406584,1413.77124024036,1911.31113089567,1620.44750660948,3385.92381703764,1986.76902156967
E745S_01695,3195.25163299875,4528.43371289494,4949.65809412884,6673.49473559978,5450.38835281852,6809.04590381584,4082.16182220588,5191.27089014137,4826.24718747315
E745S_01696,49.2108465498321,2.38046278932623,0,2.38623172905832,313.868132485793,23.7219466600527,1.03476852273913,0,0
E745S_01697,5.18008911050864,3.96743798221039,0,0.795410576352774,2.72928810857212,5.083274284297,10.3476852273913,8.21078828017614,6.4927092208159
E745S_01700,150.222584204751,369.765219942008,0,218.737908497013,0.909762702857372,320.246279910711,370.44713114061,417.723853753961,151.496548485704
E745S_01701,131.228924132886,329.297352523462,629.897297740171,121.697818181974,0,69.4714152187257,1.03476852273913,25.6587133755504,149.332312078766
E745S_01702,390.233379658318,426.896326885838,10286.6948881599,626.783534165986,341.161013571515,476.980570343202,239.03152875274,710.233186235236,874.351508403208
E745S_01703,1364.95348061903,1148.17655205169,1147.48732534062,1255.15788948468,1471.08629052037,1005.64109591009,816.432364441176,896.002271074221,987.973919767486
E745S_01704,304.761909334925,0,68.360947041569,102.607964349508,0,394.800969413734,0,160.110371463435,5.41059101734659
E745S_01706,13815.2976577266,16962.3843491423,20138.809470127,23174.2871420381,17230.9055921186,17567.7959265304,19150.4610503331,21043.2240135564,16918.9181112428
E745S_01707,61.2977211410189,15.8697519288416,262.050296992681,0,0,69.4714152187257,0,76.9761401266513,0
E745S_01708,171.80628883187,398.330773413923,812.193156517688,300.665197861349,289.304539508644,301.607607534956,170.736806251957,759.497915916293,407.958562707933
E745S_01709,2471.76585389771,3284.24516167376,4340.92013713963,3245.27515151932,3357.0243735437,1780.84042426538,5235.92872506001,2680.82237347751,3395.68692248672
E745S_01710,112.235264061021,215.035138635803,0,125.674871063738,0,91.4989371173461,407.698797959218,472.120326110128,0
E745S_01711,4081.04687089573,4230.08237663272,7355.31237335357,6582.02251931921,4141.23982340676,4974.83109956533,5955.09284836371,5722.91943128277,4873.8603884258
E745S_01712,1920.08636362854,1422.72326042065,1425.81403829558,1504.1213998831,2080.62730143481,1524.9822852891,1674.25546979192,1443.04604024096,4781.88034113091
E745S_01713,488.655072757982,557.028292702339,118.817836524632,342.026547831693,160.118235702897,205.025396133312,385.968658981697,1385.57052227972,519.416737665272
E745S_01714,555.13288300951,554.647829913013,551.770501121235,571.900204397645,632.285078485874,610.840126496357,582.574678302132,713.312231840302,690.391413813424
E745S_01715,6.90678548067819,0,0,0,1.81952540571474,0,0,0,1.08211820346932
E745S_01716,1822.52801871396,2397.91951644796,3260.16611724435,2962.10898633773,826.974296897351,2739.88483923609,2701.78061287188,2237.439806348,1242.27169758278
E745S_01717,4625.81957568422,3395.33342517565,1935.26585791489,3764.67825787768,7708.41938131051,4600.36322728879,5305.25821608353,5707.52420325744,6388.82587328285
E745S_01718,241.737491823737,469.74465709371,1.62764159622783,181.353611408433,0,602.368002689195,708.816438076306,1023.26948941695,275.940141884676
E745S_01719,1199.19062908275,1631.41049828491,2182.66738054152,1222.54605585421,1119.91788721743,1901.9917947078,965.439031715611,1187.48525502047,2427.19113038168
E745S_01721,28.4904901077975,53.9571565580613,53.7121726755185,43.7475816994026,70.961490822875,26.2635838022012,12.4172222728696,31.8168045856826,34.6277825110181
E745S_01722,1290.70553670174,1163.25281638409,1144.23204214817,1404.695077839,1153.57910722315,1004.79388352937,1006.82977262518,1023.26948941695,1074.54337604503
E745S_01723,1163.79335349428,2154.31882434024,989.606090506522,948.129407012507,1246.3749029146,606.604064592776,604.304817279654,1391.72861348986,944.689191628714
E745S_01724,1983.97412932481,2907.33855336377,890.319953136624,3122.78192276099,2435.43475554919,2066.35099656673,2746.27565934966,2019.85391692333,2860.0384117694
E745S_01725,3377.41810005164,1698.06345638605,3802.17076878822,2072.04455139898,2641.95088909781,3997.99522459959,2045.73736945527,4316.82193830261,4262.46360346564
E745S_01727,2981.14128309772,1980.54504071943,2552.14202288524,1762.62983719775,1935.97503168049,1977.39369659153,1601.82167320018,2755.74581653412,1796.31621775907
E745S_01728,1653.31177443734,2313.01634362866,1508.8237597032,2055.34092929557,2748.39312533212,1611.39794812215,1846.02704456661,1583.65578953897,1517.12972126398
E745S_01729,130.365575947801,227.730940178876,81.3820798113916,225.896603684188,289.304539508644,190.622785661138,127.276528296913,47.2120326110128,148.250193875296
E745S_01730,3673.54652753571,3252.50565781608,1977.58453941682,4045.45819133021,3874.67935146955,2805.12019255123,4905.83756630623,3729.75057627001,3520.13051588569
E745S_01732,546.499401158662,941.076289380305,319.017752860655,450.997796792023,512.196401708701,360.065261804371,1257.24375512805,664.047502159245,465.310827491806
E745S_01733,2804.15490515535,2172.56903905841,3237.37913489716,2453.84162804831,1157.21815803458,2207.83546414633,2322.02056502661,3385.92381703764,2829.73910207226
E745S_01734,91.514907618986,40.467867418546,0,0,0,0,430.463705459479,46.1856840759908,0
E745S_01735,7297.88220852159,8848.18018792561,3886.80813179206,9028.70545218034,8128.72975003062,6184.65037922802,10176.9484211394,10217.2996661442,8349.62405796925
E745S_01736,469.661412686117,1179.12256831293,2192.43323011889,1978.18610338935,1052.59544720598,1302.16542916075,1067.88111546679,1379.41243106959,2076.58483245762
E745S_01737,49.2108465498321,557.028292702339,53.7121726755185,391.342003565565,997.09992233168,796.379637873197,397.351112731827,605.54563566299,695.802004830771
E745S_01739,451.531100799337,643.518440714525,0,167.036221034083,154.659659485753,410.050792266625,956.126115010959,288.403938341187,510.759792037518
E745S_01740,6924.05244437989,2602.63931633002,5498.17331205762,6122.2752061873,10576.9011834198,5408.60383849201,6695.98711064493,4950.07898441119,4265.70995807605
E745S_01744,3895.4270111025,4450.67192844362,1661.82206974862,4360.44077956591,4774.43466459549,5123.94047857138,4468.13048118758,2852.22257882619,3881.55799584444
E745S_01745,3931.68763487606,1202.92719620619,1738.32122477133,1959.09624955688,2605.56038098351,3006.75673916168,1849.13135013483,2875.82859513169,3456.285541881
E745S_01746,2690.19294472416,3920.62221402031,2272.18766833405,5215.50714914514,2312.61679066344,2254.43214508572,4202.19497084362,4259.34642034137,4845.7253151356
E745S_01747,148.495887834581,74.5878340655553,0,221.919550802424,0,106.748759970237,80.7119447736523,359.221987257706,205.60245865917
E745S_01748,979.036841886134,1346.54845116221,657.567204876044,614.852375520694,324.785284920082,1087.82069683956,611.548196938827,1332.20039845858,256.462014222228
E745S_01749,2801.56486060009,4561.76019194551,4422.30221695102,3418.67465716422,3018.59264808076,1886.7419718549,4417.42682357336,2568.95038316011,3054.81968839388
E745S_01750,0,0,0,0,0.909762702857372,0,136.589445001566,0,0
E745S_01752,615.567255965444,1028.35992498893,1770.87405669588,426.340068925087,989.821820708821,611.687338877073,502.897502051219,293.535681016297,676.323877168323
E745S_01754,2201.53787196617,2117.81839490391,1686.23669369203,1597.97984789272,1487.4620191718,2706.84355638815,1350.37292217457,2708.5337839231,2555.96319659453
E745S_01755,2852.50240352009,1358.45076510884,1144.23204214817,1711.72356031117,3118.66654539507,2455.22147931545,1654.59486785987,2099.90910265505,2089.57025089925
E745S_01756,8801.83474693927,12217.3285224187,11408.1399479609,11312.3292168892,8529.93510199072,7170.80559038164,9748.55425272537,14423.2759626644,7372.47132023646
E745S_01757,507.648732829847,810.150835967362,56.9674558679741,97.8355008913912,440.325148182968,147.414954244613,454.263381482479,478.27841732026,214.259404286925
E745S_01758,1273.43857300004,1110.08914742247,1088.89222787642,1368.90160190312,1144.48148019457,983.61357401147,969.578105806567,1045.84915718744,1100.5142129283
E745S_01759,25.0370973674584,43.6418178043143,48.829247886835,39.7705288176387,62.7736264971587,27.9580085636335,12.4172222728696,30.7904560506605,21.6423640693863
E745S_01760,3176.25797292688,1937.69671051155,1372.10186562006,4157.61108259595,3483.48138924088,2125.65586321686,3495.44806981279,4594.96239129357,2527.82812330432
E745S_01761,0.863348185084774,359.449881188261,0,2.38623172905832,1.81952540571474,41.5134066550922,162.458658070044,89.2923225469155,63.8449740046897
E745S_01762,0,0.793487596442078,0,0.795410576352774,0.909762702857372,4.23606190358084,11.3824537501305,1.02634853502202,2.16423640693863
E745S_01763,2333.63014428414,2737.53220772517,1108.42392703115,3714.56739156746,2106.10065711482,1447.88595864393,3070.15820696701,2907.64539971738,2012.73985845293
E745S_01764,106.191826765427,118.22965186987,139.977177275594,0.795410576352774,0,300.760395154239,567.053150461045,127.26721834273,0
E745S_01765,0,0.793487596442078,0,0,0,0,0,11.2898338852422,1.08211820346932
E745S_01766,6009.76671637511,5353.6608131947,2687.23627537215,3867.28622222719,4268.60660180679,5522.97750988869,8120.86336645671,8370.89865163958,7030.52196794015
E745S_01767,251.234321859669,207.893750267824,196.944633143568,557.582814023295,181.952540571474,114.373671396683,177.980185911131,177.558296558809,12.9854184416318
E745S_01768,645.784442443411,493.549284986973,56.9674558679741,1172.43518954399,485.813283325837,421.064553215935,797.806531031871,717.41762598039,728.26555093485
E745S_01769,272.818026486789,207.893750267824,677.098904030778,147.150956625263,140.103456240035,157.581502813207,693.294910235219,242.218254265196,396.05526246977
E745S_01770,4430.70288585506,4601.43457176761,3278.07017480285,4306.35286037392,3515.32308384089,3294.80894860517,7045.73887133075,5750.63084172837,6600.92104116283
E745S_01771,11320.2214028316,10050.3138965354,21079.5863127467,11733.8968223561,9598.90627784813,9241.39264885195,9304.63855647028,11372.968116579,12605.5949522141
E745S_01772,3560.44791528961,4103.91784879843,4292.09088925279,4397.82507665449,4837.20829109265,4333.4913273632,2969.78566026131,4298.34766467221,4025.47971690586
E745S_01773,2704.00651568551,2676.43366279913,3935.6373796789,1598.77525846908,2470.00573825777,2549.26205357495,2659.35510343957,2339.04831131518,1984.60478516273
E745S_01774,911.695683449521,950.598140537609,1127.95562618589,865.406707071818,945.24344826881,886.184150229111,1414.52857058439,1265.48774368215,1173.01613256074
E745S_01775,316.848783926112,227.730940178876,234.380389856808,326.118336304637,0.909762702857372,216.039157082623,141.763287615261,752.313476171139,97.3906383122385
E745S_01777,1728.42306653972,1123.57843656198,2526.0997573456,1317.99532501655,1815.88635490331,960.738839732134,2899.42140071505,1982.90536966254,1909.93862912334
E745S_01780,1201.78067363801,416.580988132091,553.398142717463,217.147087344307,0,965.822114016431,1211.71394012752,848.790238463209,679.570231778731
E745S_01782,3095.10324352891,2377.28883894047,2947.6589307686,2095.90686868956,1654.85835649756,2086.68409370392,2187.50065707053,1384.5441737447,3447.62859625324
E745S_01783,0,0,0,0,0,31.3468580864982,0,0,0
E745S_01785,563.766364860357,670.497018993556,833.35249726865,700.756717766794,1010.74636287454,658.284019816462,98.3030096602176,617.861818083255,885.172690437901
E745S_01787,26425.3612490748,43939.3756529801,32175.2190742318,31626.3199263627,36041.1592363977,24500.5348379308,32027.1205472989,25875.2729164401,24583.5613464159
E745S_01788,448.077708058998,312.634112998179,771.502116611993,1006.98978966261,1301.8704277889,460.883535109595,157.284815456348,884.712437188979,1104.84268574217
E745S_01789,114.825308616275,461.809781129289,0,270.439595959943,0.909762702857372,420.217340835219,365.273288526914,461.856840759908,857.037617147699
E745S_01790,299.581820224417,216.622113828687,52.0845310792906,546.447065954356,703.246569308749,338.884952286467,325.952084662827,157.031325858369,0
E745S_01791,355.699452254927,183.29563477812,1425.81403829558,406.454804516268,662.307247680167,1091.20954636242,779.180697622567,337.668668022244,334.374524872019
E745S_01792,4756.18515163202,2055.13287478498,10879.1564291868,3291.40896494778,3206.00376486938,3229.57359529003,3987.99788663662,3319.21116226121,4485.37995338032
E745S_01793,126.048835022377,205.513287478498,0,62.0420249555164,0,239.761103742675,81.7467132963915,59.528215031277,258.626250629167
E745S_01794,624.200737816292,899.814934365317,784.523249381815,281.575344028882,1541.13801864039,1049.69613970733,343.543149549392,1099.21928100858,1915.34922014069
E745S_01795,1033.42777754647,776.030869320352,1914.10651716393,633.146818776808,1260.02134345746,480.369419866067,431.498473982218,477.252068785238,1100.5142129283
E745S_01796,156.266021500344,484.027433829668,0,0.795410576352774,298.402166537218,708.269550278716,283.526575230522,396.170534518499,0
E745S_01797,240.010795453567,334.851765698557,957.053258581966,0,682.322027143029,182.997874234692,374.586205231566,516.253313116075,214.259404286925
E745S_01799,101.011737654919,391.189385045944,83.0097214076195,48.5200451575192,534.940469280135,155.887078051775,497.723659437523,491.620948275546,0
E745S_01800,414.407128840691,692.714671693934,258.795013800225,935.402837790862,1374.65144401749,462.577959871027,1026.49037455722,495.726342415635,1063.72219401034
E745S_01801,5400.24289770526,4695.06610814778,2348.68682335676,5834.3365775476,4898.16239218409,5023.12220526616,6427.98206325549,5271.32607587308,6063.10829403858
E745S_01802,390.233379658318,253.122543265023,1.62764159622783,461.338134284609,0,131.317919011006,81.7467132963915,96.4767622920697,126.60782980591
E745S_01803,635.424264222394,397.537285817481,0,862.225064766407,2.72928810857212,504.938578906836,291.804723412435,190.900827514095,194.781276624477
E745S_01804,0.863348185084774,195.991436321193,390.63398309468,667.349473559978,989.821820708821,282.9689351592,498.758427960262,182.690039233919,291.089796733246
E745S_01805,0.863348185084774,146.001717745342,345.060018400301,233.055298871363,163.757286514327,175.372962808247,0,82.1078828017614,0
E745S_01806,552.542838454255,941.076289380305,655.939563279817,825.63617825418,612.270299023011,1718.9939204731,792.632688418176,963.741274385675,1371.04376379562
E745S_01807,2427.73509645838,2002.7626934198,2335.66569058694,1817.51316696609,3043.15624105791,2216.30758795349,4027.3190905007,1992.14250647774,2691.22797202819
E745S_01808,6327.47884848631,4531.60766328071,7347.17416537244,3479.92127154339,5252.96984629847,4543.59999778081,6749.79507382736,5129.68997804004,4631.46591084868
E745S_01809,194.253341644074,132.512428605827,349.942943188984,237.032351753127,1200.88676777173,196.553272326151,0,219.638586494712,378.741371214261
E745S_01810,580.169980376968,323.742939348368,218.10397389453,363.502633393218,312.958369782936,726.061010273755,180.049722956609,485.462857065414,1231.45051554808
E745S_01811,181.303118867803,160.2844944813,0,0,128.276541102889,118.609733300263,674.669076825915,401.302277193609,112.540293160809
E745S_01812,13669.3918144472,20490.2302029238,14681.327197975,24129.5752442378,18554.6103247761,12725.9771707375,19722.6880434079,22023.3868645025,22094.6894784365
E745S_01813,2648.75223184009,3061.27514707354,1762.73584871474,3332.77031491812,2782.9641080407,3408.33540762114,4375.00131414105,5265.16798466295,4338.21187770849
E745S_01815,992.85041284749,823.640125106877,1433.95224627672,710.301644683027,1127.19598884028,978.530299727173,1030.62944864818,1186.45890648545,717.444368900157
E745S_01816,0,51.5766937687351,0,0,0,0,150.041435797174,0,0
E745S_01817,1051.55808943325,1014.87063584942,709.651735955335,1990.11726203464,902.484601234513,737.921983603782,524.62764102874,1676.02715769095,2011.65774024946
E745S_01818,5757.66904633036,4995.00441960288,5835.09512247678,6308.40128105385,5061.00991599556,4818.09680913284,6454.88604484671,4810.4955836482,4378.25025123686
E745S_01819,4490.27391062591,5211.62653343157,5252.39943102722,7368.6835793321,5276.62367657276,4661.36251870035,7067.46901030828,5946.66341191757,6248.15050683184
E745S_01821,219.290439011533,29.3590410683569,0,0,0,289.746634204929,334.23023284474,165.242114138545,183.960094589784
E745S_01823,0,21.4241651039361,0,114.539122994799,0,0,0,0,139.593248247542
E745S_01824,54.3909356603408,0.793487596442078,0,105.789606654919,137.374168131463,1.69442476143233,8.27814818191306,130.346263947796,139.593248247542
E745S_01825,719.169038175617,798.24852202073,449.229080558882,939.379890672626,2129.75448738911,904.822822604867,521.523335460523,1163.87923871497,679.570231778731
E745S_01827,398.003513324081,59.5115697331559,0,240.213994058538,1.81952540571474,127.081857107425,0,321.247091461892,297.582505954062
E745S_01828,1605.82762425768,1165.63327917341,561.536350698602,1098.46200594318,1451.98127376037,762.491142644551,1712.54190513326,1134.11513119933,2545.14201455983
E745S_01829,51.8008911050864,357.069418398935,0,180.55820083208,1.81952540571474,73.7074771223066,444.950464777827,412.592111078851,356.016888941405
E745S_01831,315.985435741027,338.025716084325,71.6162302340246,0.795410576352774,556.774774148712,304.149244677104,61.0513428416088,224.770329169822,202.356104048762
E745S_01832,2337.08353702448,778.411332109678,5315.8774532801,2626.44572311686,2089.72492846338,1908.76949375353,1511.79681172187,1020.19044381189,847.298553316475
E745S_01833,454.984493539676,788.726670863426,338.549452015389,704.733770648558,924.31890610309,1408.91418913099,525.662409551479,1014.03235260175,1321.26632643604
E745S_01834,439.44422620815,1773.44477804804,652.684280087361,694.393433155972,1765.84940624616,537.13264937405,1583.19583979087,1229.56554495638,1181.67307818849
E745S_01835,7707.97259643686,3495.31286232735,6425.92902190748,5015.85909448059,5600.49919878998,4326.71362831747,5384.93539233445,2508.39581959381,5343.49968873149
E745S_01836,11017.1861898668,11673.7895188559,14588.5516269901,10236.1387070839,15852.6150972897,8648.34398235064,7894.24905997684,7422.55260527923,8039.05613357356
E745S_01838,612.977211410189,510.212524512256,30.9251903283288,742.913478313491,532.211181171563,323.635129433576,928.187364897002,231.954768914976,597.329248315063
E745S_01840,2007.2845303221,2298.7335668927,3934.00973808267,3135.50849198264,2451.81048420062,2683.96882210882,3176.73936480914,3245.31406773962,2746.41600040513
E745S_01841,5353.62209571068,6046.37548488863,9498.91635558563,6314.76456566467,7692.04365265908,3898.8713760558,5665.35766199675,6179.64452936757,6211.35848791388
E745S_01842,1131.84947064614,1873.42421519975,4306.73966361885,1134.25548187906,1103.54215856599,1732.54931856456,1048.22051353474,1393.7813105599,1703.25405226071
E745S_01843,654.417924294259,633.203101960778,0,468.496829471784,462.159453051545,389.717695129437,348.716992163088,560.386300122022,755.318506021583
E745S_01844,3262.59279143536,3891.26317295195,4153.74135357343,2988.35753535737,6562.11837571023,3363.43315144318,3457.16163447144,2108.11989093522,4014.65853487117
E745S_01848,104.465130395258,311.840625401737,53.7121726755185,468.496829471784,151.930371377181,5.93048666501317,361.134214435957,247.349996940306,87.6515744810147
E745S_01849,3963.6315177242,2389.98464048354,3310.62300672741,3042.44545454936,2053.33442034909,2985.57642964377,4948.26307573853,1919.27176049117,3366.46973099305
E745S_01850,1342.50642780682,1682.19370445721,1575.55706514854,2285.21458586152,332.973149245798,1714.75785856952,584.64421534761,1436.88794903082,876.515744810147
E745S_01851,197.706734384413,26.9785782790307,0,123.28863933468,0,114.373671396683,0,65.6863062414091,0
E745S_01852,821.04412401562,541.952028369939,291.347845724782,221.124140226071,0.909762702857372,969.210963539295,1039.94236535283,431.066384709247,985.809683360548
E745S_01853,1866.55877615328,991.859495552598,2636.77938588909,2324.18970410281,1149.03029370886,1733.39653094528,1851.20088718031,1988.03711233765,3628.34233623262
E745S_01854,833.130998606807,1155.31794041967,1149.11496693685,532.129675580006,1372.83191861177,626.937161729964,1312.08648683322,225.796677704844,1091.85726730054
E745S_01855,582.760024932222,891.880058400896,0,679.280632205269,427.588470342965,450.716986541001,333.195464322001,1121.79894877907,603.821957535879
E745S_01857,3868.66321736487,5825.78593307774,3432.6961264445,6107.1624052366,5790.63960368717,4001.38407412246,4630.58913925762,8271.34284374244,5433.31549961944
E745S_01858,0,98.3924619588177,0,209.988392157132,0.909762702857372,0,0,1.02634853502202,143.921721061419
E745S_01859,1236.3146010414,1817.8800834488,3810.30897676936,1427.76198455323,3155.05705350937,1207.27764252054,2234.06524059379,1998.30059768787,1847.17577332212
E745S_01860,0.863348185084774,3.96743798221039,0,0,0,0,4.13907409095653,11.2898338852422,0
E745S_01861,4916.76791405779,2601.84582873357,3374.1010289803,3803.65337611897,6471.14210542449,3841.2609341671,5125.20849312692,3788.25244276627,4646.61556569725
E745S_01862,347.929318589164,569.724094245412,320.645394456883,451.793207368376,163.757286514327,822.643221675398,414.942177618392,1153.61575336475,300.82886056447
E745S_01864,3111.50685904552,3566.72674600714,2986.72232907807,2440.31964825031,1322.79496995462,2324.75077268516,3826.57399708931,3459.82091155922,2186.96088921149
E745S_01866,2565.00745788686,3989.65563491077,3458.73839198414,3887.96689721236,2416.32973878918,2938.13253632367,4993.79289073906,3691.7756804742,5424.65855399169
E745S_01869,0.863348185084774,0,0,127.265692216444,0,0,0,0,0
E745S_01870,120.005397726784,438.005153236027,0,676.894400476211,664.126773085882,172.831325666098,791.597919895437,245.297299870262,195.863394827946
E745S_01871,296.128427484077,224.556989793108,706.396452762879,381.001666072979,302.950980051505,482.911057008215,341.473612503914,510.095221905943,67.0913286150977
E745S_01872,0,97.5989743623756,89.5202877925308,108.97124896033,352.98792870866,109.290397112386,80.7119447736523,0,1.08211820346932
E745S_01873,3458.5728294496,4272.93070684059,5109.16697055917,3648.54831373018,5383.97567550993,3188.90740101565,4078.02274811492,4896.70886059005,4536.23950894338
E745S_01874,737.299350062397,603.844060892421,1458.36687022014,890.064434938754,1124.46670073171,971.752600681444,1042.01190239831,774.893143941623,1348.31928152277
E745S_01875,21613.9218135973,9025.92140952864,16188.523316082,10213.0718003696,12964.1185157176,10362.2546285394,11405.2186576307,7193.67688196932,9707.68240332324
E745S_01876,2486.44277304415,2630.41138220549,4648.54439882669,1685.47501129153,2107.92018252053,3179.58806482778,4125.62210016092,3079.04560506605,3310.19958441264
E745S_01877,36.2606237735605,0,0,0,1.81952540571474,25.416371421485,0,108.792944712334,0
E745S_01878,2411.33148094177,1729.80296024373,3229.24092691602,2553.26795009241,1006.19754936025,981.071936869322,1510.76204319913,2377.02320711099,1167.60554154339
E745S_01879,424.767307061709,311.047137805295,885.437028347941,190.103127748313,0,520.188401759727,555.670696710914,453.646052479732,253.21565961182
E745S_01880,0,79.3487596442078,0,0,0,0,1.03476852273913,0,0
E745S_01881,6249.77751182868,6150.32236002255,10097.8884629975,5918.65009864099,8248.81842680779,8694.94066329002,6131.00349722936,8314.44948221337,6842.23340053649
E745S_01882,6925.77914075006,7450.84853059111,6225.72910557146,5998.98656685262,5286.63106630419,5500.94998799007,5778.14743097532,4579.56716326824,5254.765996047
E745S_01883,3314.39368254045,3830.16462802591,2369.84616410772,2142.83609269437,1620.28737378898,2004.50449277445,3209.85195753679,3066.72942264579,2634.95782544779
E745S_01884,6047.75403651884,10974.7269463904,8162.62260508258,10617.1403731568,7190.76440338467,7704.54939023283,9068.71133328576,7565.21505164729,7847.52121155949
E745S_01885,50.0741947349169,26.9785782790307,0,0,0,175.372962808247,93.1291670465219,0,134.182657230195
E745S_01886,90.6515594339013,220.589551810898,366.219359151262,0,242.906641662918,76.2491142644551,1.03476852273913,0,0
E745S_01887,0.863348185084774,0.793487596442078,1.62764159622783,2.38623172905832,7.27810162285898,0.847212380716167,5.17384261369566,5.13174267511009,4.32847281387727
E745S_01888,513.69217012544,1229.90577448522,753.598059053487,909.949699347574,910.67246556023,2360.33369267524,650.869400802914,802.604554387218,1289.88489853543
E745S_01889,184.756511608142,480.059995847457,382.495775113541,637.123871658572,604.082434697295,521.882826521159,1932.9476004767,725.628414260567,305.157333378347
E745S_01890,8902.84648459419,8199.90082163243,7254.39859438745,7628.78283779946,5086.48327167557,6348.16236870624,4576.78117607518,5595.65221294004,5092.44826552661
E745S_01891,252.961018229839,278.514146351169,475.271346098527,438.271227570379,322.965759514367,377.009509418694,0,169.347508278633,0
E745S_01892,0.863348185084774,2.38046278932623,0,3.97705288176387,0,0.847212380716167,3.1043055682174,1.02634853502202,0
E745S_01895,67.3411584366124,18.2502147181678,662.450129664728,737.345604279022,305.680268160077,571.868356983413,526.697178074219,714.338580375324,934.95012779749
E745S_01896,2407.01474001635,2707.37967906037,4894.31827985709,1501.73516815404,967.987515840244,2677.19112306309,3098.09695708096,2953.83108379337,3213.89106430387
E745S_01897,1275.16526937021,979.163694009524,63.4780222528855,1287.76972311514,318.41694600008,1688.49427476732,915.770142624133,926.792727124882,608.150430349756
E745S_01898,55.2542838454255,233.285353353971,330.41124403425,186.921485442902,0,139.790042818168,459.437224096175,225.796677704844,20.560245865917
E745S_01899,282.314856522721,402.298211396134,375.985208728629,159.877525846908,0.909762702857372,401.578668459463,343.543149549392,369.485472607926,327.881815651203
E745S_01901,0,0,0,0,0,0,84.8510188646089,0,0
E745S_01902,13930.9863145279,7414.34810115478,13387.3521289739,10998.9374498062,13589.1254925806,9506.57012401611,11400.044815017,10215.2469690741,11409.8543373805
E745S_01903,2297.36952051058,886.325645225801,1149.11496693685,1328.33566250913,1517.4841883661,2844.93917444489,1685.63792354205,2795.77340939998,1490.07676617725
E745S_01905,1869.14882070854,2447.90923502381,1958.05284026208,1920.1211313156,1749.47367759473,1212.36091680484,2786.63163173648,2253.86138290835,2197.78207124618
E745S_01906,731.255912766803,1046.6101397071,278.326712954959,339.640316102635,0,700.64463885227,319.743473526392,729.733808400655,430.683044980788
E745S_01907,291.811686558654,716.519299587196,458.994930136249,754.04922638243,764.200670400193,569.326719841264,436.672316595914,110.845641782378,574.604766042207
E745S_01909,0,235.665816143297,1.62764159622783,0,0,218.580794224771,0,0,1.08211820346932
E745S_01910,844.354525012909,1434.62557436728,1324.90025932946,727.800677362788,630.465553080159,995.474547341497,1694.9508402467,1990.08980940769,1793.06986314866
E745S_01911,7.77013366576296,65.8594705046925,4.8829247886835,15.1128009507027,0,80.4851761680359,8.27814818191306,10.2634853502202,8.65694562775454
E745S_01912,0,42.8483302078722,0,0,0,0,0,0,0
E745S_01913,1846.70176789633,3299.32142600616,1617.87574665047,3242.88891979026,1262.75063156603,2702.60749448457,3149.83538321792,1651.39479285043,2420.69842116086
E745S_01914,725.21247547121,598.289647717327,1066.10524552923,468.496829471784,454.881351428686,452.411411302433,540.149168869827,501.884433625767,219.669995304271
E745S_01915,843.491176827824,197.578411514077,218.10397389453,768.36661675678,391.19796222867,393.106544652302,218.336158297957,248.376345475328,161.235612316928
E745S_01916,0,5.55441317509455,0,0.795410576352774,0.909762702857372,0,0,0,1.08211820346932
E745S_01917,1204.37071819326,692.714671693934,332.038885630478,465.315187166373,151.930371377181,311.77415610355,602.235280234175,707.15414063017,1473.84499312521
E745S_01918,471.388109056287,407.852624571228,222.986898683213,352.366885324279,0,179.609024711827,517.384261369566,502.910782160789,1180.59095998502
E745S_01919,138.999057798649,319.775501366157,708.024094359107,130.447334521855,817.876669868778,578.646056029142,157.284815456348,0,91.9800472948919
E745S_01920,0.863348185084774,0,0,0,0,142.331679960316,278.352732616827,0,160.153494113459
E745S_01921,214.110349901024,692.714671693934,356.453509573895,1983.75397742382,355.717216817233,1410.60861389242,1602.85644172292,593.229453242726,718.526487103627
E745S_01924,0,0,0,126.470281640091,0,0,0,0,0
E745S_01927,118.278701356614,38.0874046292197,1.62764159622783,0.795410576352774,4.54881351428686,2.5416371421485,396.316344209088,4.10539414008807,136.346893637134
E745S_01929,201.160127124752,445.146541604006,84.6373630038473,221.919550802424,475.805893594406,557.465746511238,171.771574774696,582.965967892506,840.805844095659
E745S_01930,3872.11661010521,2937.49108202857,1668.33263613353,2715.53170766837,1702.16601704614,2130.73913750116,2810.43130775948,3906.2825242938,3252.84731962877
E745S_01931,5721.4084225568,6746.23154495055,5447.71642257456,8743.94846584605,6526.63763029879,6159.23400780654,6596.64933246197,4031.49704556649,6269.79287090122
E745S_01933,1806.12440319735,2171.77555146197,2377.98437208886,1627.41003921778,1892.30642194333,2018.05989086591,1778.76709058857,2459.13108991275,2441.25866702678
E745S_01935,606.933774114596,526.082276441098,463.877854924932,222.714961378777,147.381557862894,715.047249324445,723.303197394654,727.681111330611,393.891026062831
E745S_01936,6557.99281390394,5708.34976880431,7518.07653297636,8739.17600238793,7580.14284020763,4728.29229677693,6829.47225007828,4523.11799384203,5044.83506457396
E745S_01937,1106.81237327868,1247.36250160695,2023.1585041112,662.577010101861,893.38697420594,1242.0133501299,1633.89949740509,1424.57176661056,1268.24253446604
E745S_01938,352.246059514588,696.682109676144,0,142.378493167147,0.909762702857372,122.845795203844,276.283195571348,260.692527895592,248.887186797943
E745S_01939,1043.78795576749,967.261380062893,1508.8237597032,1878.75978134525,420.310368720106,1799.47909664114,1571.81338604074,1729.3972815121,1636.16272364561
E745S_01940,1123.21598879529,1570.31195335887,1204.4547812086,2001.25301010358,1604.8214078404,1485.16330339544,1701.15945138313,1470.75745068655,1375.3722366095
E745S_01941,439.44422620815,391.982872642387,240.890956241719,58.8603826501053,2.72928810857212,933.628043549216,613.617733984306,1302.43629094294,337.620879482427
E745S_01942,1674.89547906446,1600.46448202367,3224.35800212734,1785.69674391198,903.394363937371,2501.81816025484,1622.51704365496,2820.4057742405,2347.11438332495
E745S_01943,752.839617393923,426.896326885838,766.619191823309,755.640047535136,855.17694068593,739.616408365214,717.094586258219,1139.24687387444,696.88412303424
E745S_01944,484.338331832558,489.581847004762,1481.15385256733,586.217594771995,592.255519560149,1041.22401590017,946.813198306307,693.811609674884,638.449740046897
E745S_01946,2082.39582242447,2033.70870968105,4791.77685929474,2289.98704931964,2620.11658422923,1229.30516441916,2188.53542559327,2317.49499207972,2150.16887029353
E745S_01947,672.548236181039,800.628984810057,1114.93449341607,942.561532978037,283.8459632915,639.645347440706,831.953892282263,612.730075408145,358.181125348344
E745S_01948,581.896676747138,780.791794899005,411.793323845642,231.464477718657,874.281957445935,415.134066550922,862.996947964437,1050.98089986255,440.422108812012
E745S_01949,1992.60761117566,2780.38053793304,3432.6961264445,3444.92320618387,273.838573560069,2484.87391264052,2982.20288253418,2276.44105067884,3181.42751819979
E745S_01950,946.229610852912,1078.34964356478,939.149201023459,980.741240642971,1457.43984997751,663.367294100759,1618.377969564,865.211815023561,999.877220005649
E745S_01951,1535.03307308073,2464.57247454909,1735.06594157887,2798.25440760906,2060.61252197195,2667.02457449449,1469.37130228957,2647.97922035681,2466.14738570657
E745S_01952,100.148389469834,185.676097567446,0,0,827.884059600209,169.442476143233,86.9205559100871,60.554563566299,0
E745S_01954,903.925549783758,1402.09258291315,1435.57988787295,1551.05062388791,1068.06141315455,1175.93078443404,805.049910691045,1387.62321934977,1756.2778442307
E745S_01955,0,43.6418178043143,0,0,0,0,1.03476852273913,84.1605798718055,0
E745S_01956,650.964531553919,745.878340655553,976.584957736699,1076.98592038166,1333.71212238891,868.392690234071,824.710512623089,1079.71865884316,1092.93938550401
E745S_01957,2950.92409661976,3916.6547760381,5700.00086998987,5256.86849911548,3861.03291092669,3152.47726864486,2753.51903900883,4663.72774314005,3652.14893670895
E745S_01959,5924.29524605172,6447.08672109188,4417.41929216234,6941.54809983066,11027.2337213342,5240.85578711021,5673.63581017866,3985.3113614905,4990.72915440049
E745S_01960,3283.31314787739,3646.07550565135,4113.05031366773,5073.92406655435,2014.21462412622,5029.05269193117,3366.1020044704,4454.35264199556,3972.45592493586
E745S_01961,1029.11103662105,862.521017332539,999.371940083889,700.756717766794,1813.15706679474,975.141450204309,1602.85644172292,739.997293750875,784.535697515255
E745S_01965,1200.05397726784,834.748951457066,485.037195675894,616.4431966734,161.027998405755,737.921983603782,903.352920351263,426.960990569159,443.66846342242
E745S_01966,1579.06383052005,1795.66243074842,2088.26416796031,2858.70561141187,2310.79726525773,2051.94838609456,2455.50570445996,2536.10723003941,3119.74678060204
E745S_01968,4753.59510707677,2859.72929757725,4723.41591225317,2923.13386809644,3941.09202877814,2411.16643551821,2705.91968696283,2881.98668634183,5581.56569349474
E745S_01969,1933.89993458989,2449.49621021669,1912.4788755677,1132.66466072635,1088.98595532027,2959.31284584157,1434.18917251644,2101.96179972509,1450.03839264888
E745S_01970,1402.07745257767,1431.45162398151,2029.66907049611,2523.042348191,2101.55184360053,860.767778807626,910.596300010437,470.067629040084,1701.08981585377
E745S_01972,1365.81682880411,2309.04890564645,753.598059053487,297.483555555938,1853.18662572047,2207.83546414633,1253.10468103709,1648.31574724536,1066.96854862075
E745S_01973,243.464188193906,272.959733176075,271.816146570048,135.219797979972,0,460.883535109595,0,205.269707004404,600.575602925471
E745S_01974,6018.40019822596,2950.18688357165,6098.77306106569,4120.22678550737,6501.16427461878,3550.66708758146,5920.94548711332,3536.79705168587,3503.89874283365
E745S_01975,7957.48022192636,4514.15093615898,7469.24728508952,6301.24258586668,6211.85973511014,7252.98519131111,6932.94910235219,5747.5517961233,6582.52503170386
E745S_01976,318.575480296282,8.72836356086286,0,124.879460487386,3.63905081142949,283.816147539916,90.0248614783045,115.977384457488,249.969305001412
E745S_01977,0.863348185084774,2.38046278932623,0,0,0,0.847212380716167,1.03476852273913,4.10539414008807,0
E745S_01978,384.189942362724,548.299929141476,0,823.249946525121,470.347317377261,269.413537067741,987.169170693133,725.628414260567,638.449740046897
E745S_01979,625.064086001376,674.464456975766,183.923500373745,848.70308496841,1318.24615644033,1035.29352923516,352.856066254044,604.519287127968,1670.79050615663
E745S_01980,1168.1100944197,757.780654602185,957.053258581966,1353.78880095242,2012.39509872051,923.461494980622,2256.83014809405,1036.61202037224,535.648510717312
E745S_01981,636.287612407478,511.006012108698,454.112005347565,164.649989305024,0,373.62065989583,1110.30662489909,278.140452990967,688.227177406486
E745S_01982,0.863348185084774,0,0,0.795410576352774,0,0,0,62.6072606363431,0
E745S_01984,404.910298804759,278.514146351169,260.422655396453,559.173635176,0,337.190527525035,388.038196027175,364.353729932816,455.571763660582
E745S_01985,2751.49066586517,3621.47739016164,1614.62046345801,2682.12446346155,3635.41176061806,4738.45884534552,2474.13153786927,3916.54600964402,3794.98853956689
E745S_01987,13337.8661113747,7717.46036299565,12589.8077468223,10874.0579893188,11876.952085803,16568.9325296661,15114.8638116505,11932.328068166,17416.6924848387
E745S_01988,3888.52022562182,2791.48936428323,1355.82544965778,2618.49161735333,1932.33598086906,2599.2475840372,3943.50284015883,2467.34187819293,2664.17501694146
E745S_01989,913.422379819691,200.752361899846,323.900677649339,1267.08904812997,627.736264971587,155.039865671059,433.568011027697,269.929664710791,98.4727565157079
E745S_01990,1103.35898053834,904.575859943969,1352.57016646533,2024.31991681781,735.088263908757,768.421629309564,365.273288526914,471.093977575106,1132.97775903237
E745S_01991,3535.41081792215,4507.80303538744,4570.41760220775,4594.29148901362,2596.46275395494,3997.14801221888,6871.89775951058,6350.01838618122,4242.98547580319
E745S_01992,2690.19294472416,4093.60251004468,3484.78065752379,5271.98130006619,4610.67737808116,4535.12787397364,4854.09914016927,3060.57133143566,4090.40680911402
E745S_01994,3980.89848142589,3670.67362114105,6064.5925875449,5273.57212121889,4776.2541900012,4735.06999582266,3200.53904083214,3847.78065779754,4606.57719216888
E745S_01995,652.691227924089,656.214242257598,1101.91336064624,852.680137850174,1507.47679863467,463.425172251744,559.809770801871,259.66617936057,519.416737665272
E745S_01996,247.78092911933,499.103698162067,50.4568894830628,669.735705289036,0,131.317919011006,451.159075914262,123.161824202642,365.755952772629
E745S_01997,176.986377942379,195.197948724751,294.603128917238,243.395636363949,336.612200057228,95.7349990209269,162.458658070044,485.462857065414,402.547971690586
E745S_01998,0,117.436164273428,0,545.651655378003,0,70.3186275994419,0,0,176.385267165499
E745S_01999,484.338331832558,181.708659585236,359.708792766351,1237.65885680492,2.72928810857212,933.628043549216,92.0943985237828,581.939619357484,683.898704592608
E745S_02000,618.157300520698,625.268225996358,52.0845310792906,244.986457516654,0,1404.67812722741,146.937130228957,699.969700885016,533.484274310373
E745S_02001,10448.2397358959,5604.4028936704,7732.92522367843,8353.40187285684,5232.95506683561,2844.09196206417,7272.35317781063,3713.32899970966,6445.09601986325
E745S_02002,323.75556940679,100.772924748144,761.736267034626,804.160092692655,0,326.176766575724,86.9205559100871,371.53816967797,0
E745S_02003,314.258739370858,618.126837628379,406.910399056958,583.831363042936,496.730435760125,149.109379006045,243.170602843696,388.986094773345,504.267082816702
E745S_02004,222.743831751872,321.362476559042,247.401522626631,288.734039216057,0,156.734290432491,206.953704547827,115.977384457488,419.861862946095
E745S_02005,0.863348185084774,0,1.62764159622783,2.38623172905832,0.909762702857372,0,0,2.05269707004404,3.24635461040795
E745S_02007,1352.86660602784,1730.59644784017,976.584957736699,751.662994653372,1604.8214078404,640.492559821422,1542.83986740405,1530.28566571783,1079.95396706238
E745S_02008,927.235950781047,864.107992525423,1025.41420562353,2282.82835413246,1025.30256612026,1701.20246047806,1005.79500410244,1031.48027769713,1442.4635652246
E745S_02012,981.626886441388,1075.17569317902,660.8224880685,226.692014260541,0,834.504195005425,510.140881710392,950.398743430388,571.358411431799
E745S_02015,6371.50960592563,11030.2710781413,10822.1889733189,9299.14504814028,6453.8566140702,6352.39843060982,7322.0220669021,7297.33808400655,9655.74072955672
E745S_02017,1147.38973797766,1006.14227228855,2021.53086251497,1113.57480689388,2199.80621550913,1091.20954636242,1642.177645587,1130.00973705924,1124.32081340462
E745S_02018,10759.0450825265,10866.0191456778,7864.76419297289,12281.1392988868,9840.9031568082,9710.74830776871,12760.765422419,13852.6261771922,12012.5941767129
E745S_02020,893.565371562741,1055.33850326796,1.62764159622783,214.760855615249,346.619589788659,469.355658916757,865.066485009915,690.732564069818,462.064472881398
E745S_02021,615.567255965444,783.965745284773,1098.65807745379,758.026279264194,1665.77550893185,1259.80481012494,1059.60296728487,723.575717190522,1111.33539496299
E745S_02022,46.6208019945778,0,56.9674558679741,0,1.81952540571474,0,1.03476852273913,0,142.83960285795
E745S_02025,2.59004455525432,0.793487596442078,1.62764159622783,3.1816423054111,1.81952540571474,0.847212380716167,4.13907409095653,1.02634853502202,0
E745S_02027,6835.99092950124,3233.46195550147,5076.61413863461,5827.17788236042,5837.0375015329,2927.96598775507,6357.61780370923,3658.93252735349,3706.25484688241
E745S_02029,96.6949967294947,284.862047122706,0,344.412779560751,68.2322027143029,154.192653290342,242.135834320957,108.792944712334,83.3231016671374
E745S_02031,0.863348185084774,46.8157681900826,0,227.487424836893,0,0,0,0,0
E745S_02032,0,122.990577448522,0,0.795410576352774,0,63.5409285537125,0,0,0
E745S_02033,10866.100257477,11231.8169276376,11177.0148412965,14235.4630849856,10330.3554909455,9042.29773938365,11688.7452328612,10173.1666791382,11238.8796612323
E745S_02034,1251.85486837292,261.057419229444,442.71851417397,1.59082115270555,809.688805543061,855.684504523329,226.61430647987,1346.56927794889,1320.18420823257
E745S_02036,56.9809802155951,47.6092557865247,0,0,0,0.847212380716167,0,0,150.414430282235
E745S_02037,2395.79121361025,2665.32483644894,2454.48352711157,3792.51762805003,3159.60586702365,3338.0167800217,3089.81880889905,3737.96136455019,4291.68079495931
E745S_02038,198.570082569498,626.855201189242,200.199916336023,297.483555555938,447.603249805827,644.728621725003,163.493426592783,722.549368655501,476.1320095265
E745S_02039,1019.61420658512,1432.24511157795,432.952664596603,862.225064766407,1023.48304071454,1036.98795399659,813.328058872958,1305.51533654801,1413.24637373093
E745S_02040,67.3411584366124,90.4575859943969,68.360947041569,186.921485442902,302.950980051505,0,128.311296819652,0,0
E745S_02041,233.967358157974,199.165386706962,14.6487743660505,3.97705288176387,10.9171524342885,148.262166625329,268.005047389435,158.057674393391,7.57482742428522
E745S_02043,0,0,0,0.795410576352774,0,82.1796009294682,0,0,0
E745S_02045,5459.81392247611,2989.86126339375,3774.50086165234,4399.41589780719,5039.17561112698,3488.82058378918,3063.94959583057,3551.16593117618,4104.47434575912
E745S_02046,1560.93351863327,922.032587065695,636.407864125082,2823.70754605235,1112.63978559457,762.491142644551,2007.45093411392,603.492938592946,907.897172710757
E745S_02047,1198.32728089767,1112.46961021179,1165.39138289913,1298.11006060773,1023.48304071454,909.058884508447,925.083059328785,1023.26948941695,1056.14736658605
E745S_02048,6500.14848550326,5598.8484804953,6863.76461129277,10619.5266048859,8210.60839328778,7402.94178269787,7386.17771531193,5092.74143077925,7582.4022517095
E745S_02049,6.04343729559342,0.793487596442078,1.62764159622783,3.1816423054111,0.909762702857372,3.38884952286467,0,0,2.16423640693863
E745S_02050,262.457848265771,598.289647717327,0,334.072442068165,496.730435760125,432.078314165245,353.890834776783,112.898338852422,0
E745S_02051,7194.28042631142,5246.53998767502,4166.76248634325,9405.73006537156,4232.2160936925,6781.93510763292,8687.91651691776,8714.72541087195,7854.0139207803
E745S_02053,3407.6352865296,3016.04635407634,4996.85970041945,6103.98076293119,4064.81975636674,2059.573297521,1140.31491205852,2078.35578341959,1451.12051085235
E745S_02054,25.9004455525432,156.317056499089,0,206.806749851721,0,28.8052209443497,174.875880342913,0,68.173446818567
E745S_02056,928.099298966132,2134.48163442919,1324.90025932946,1918.53031016289,1825.89374463475,2087.53130608464,1959.85158206792,3232.99788531936,1742.2103075856
E745S_02057,291.811686558654,647.485878696736,1385.12299838989,687.234737968797,430.317758451537,793.838000731049,1274.83482001461,502.910782160789,730.429787341789
E745S_02058,1050.69474124817,1437.79952475305,1372.10186562006,960.060565657798,647.751044434449,1964.68551088079,906.45722591948,1157.72114750484,1024.76593868544
E745S_02059,4767.40867803812,6164.6051367585,5786.26587458994,8317.60839692096,8827.42750582508,9592.13857446845,9881.00462363598,10796.1602398966,7942.74761346479
E745S_02061,353.972755884757,563.376193473875,773.12975820822,584.626773619289,436.686097371539,680.311541715082,408.733566481957,219.638586494712,279.186496495084
E745S_02062,113.96196043119,36.5004294363356,66.7333054453411,60.4512038028108,0,106.748759970237,14.4867593183479,55.422820891189,0
E745S_02063,6145.31238143342,3217.59220357263,4462.99325685672,4168.74683066489,5753.33933287002,6453.21670391505,3980.75450697744,4318.87463537265,4513.51502667052
E745S_02064,3886.79352925165,3739.70704203151,4736.43704502299,5252.89144623372,6919.65511793317,4014.93947221392,4618.17191698475,3861.12318875283,6449.42449267713
E745S_02065,17.2669637016955,87.2836356086286,717.789943936474,336.458673797223,4.54881351428686,105.901547589521,85.885787387348,223.7439806348,130.936302619787
E745S_02069,133.81896868814,42.8483302078722,0,0,141.013218942893,78.7907514066036,98.3030096602176,243.244602800218,433.929399591196
E745S_02075,360.016193180351,286.44902231559,1259.79459548034,84.3135210933941,352.078166005803,264.330262783444,663.286623075784,459.804143689864,139.593248247542
E745S_02076,157.992717870514,46.8157681900826,792.661457362954,450.20238621567,0,295.677120869942,403.559723868262,515.226964581053,991.220274377894
E745S_02077,126.048835022377,165.838907656394,100.913778966126,60.4512038028108,49.1271859542981,40.666194274376,756.415790122306,669.179244834356,189.37068560713
E745S_02078,2832.64539526314,3434.21431740131,3159.25233827822,2803.82228164353,4659.80456403546,6355.78728013269,2645.90311264396,4381.48189600899,3508.22721564753
E745S_02079,0.863348185084774,0,0,0.795410576352774,94.6153210971667,1.69442476143233,1.03476852273913,1.02634853502202,3.24635461040795
E745S_02080,3530.23072881164,4066.62393176565,5791.14879937863,3965.91713369493,3511.68403302946,6772.61577144504,3417.84043060736,3011.3066017546,3517.96627947875
E745S_02081,120.005397726784,5.55441317509455,40.6910399056958,0,336.612200057228,48.2911057008215,1.03476852273913,44.1329870059468,398.219498876709
E745S_02082,312.532043000688,133.305916202269,467.133138117388,140.787672014441,897.935787720226,247.386015169121,83.8162503418697,251.455391080394,292.171914936716
E745S_02084,1353.72995421293,1030.74038777826,1372.10186562006,1034.82915983496,2618.29705882352,1630.03662049791,1009.93407819339,1025.322186487,1203.31544225788
E745S_02086,0,42.0548426114301,327.155960841794,60.4512038028108,0,0,190.397408184,0,0
E745S_02087,2101.38948249634,2210.65644368763,2477.27050945876,2304.30443969399,2065.16133548623,1855.39511376841,2049.87644354622,1809.45246724382,3071.05146144592
E745S_02088,682.908414402056,1352.1028643373,123.700761313315,233.850709447716,1898.67476086334,698.950214090838,1480.7537560397,791.314720501976,872.18727199627
E745S_02090,1320.9227231797,2349.51677306499,2635.15174429286,1958.30083898053,2501.84743285777,1646.13365573151,1738.41111820174,1474.86284482664,2970.41446852328
E745S_02091,5436.50352147882,4276.8981448228,3092.51903283288,4078.07002496067,7599.24785696763,5583.12958891954,4902.73326073801,4808.44288657815,4510.26867206011
E745S_02092,0,20.630677507494,0,0,0,0,1.03476852273913,0,0
E745S_02094,449.804404429167,197.578411514077,109.051986947265,392.93282471827,141.013218942893,321.940704672144,470.819677846305,301.746469296473,231.573295542434
E745S_02095,300.445168409501,281.688096736938,97.65849577367,172.604095068552,1379.20025753178,137.248405676019,157.284815456348,9.23713681519816,295.418269547124
E745S_02096,2840.41552892891,2019.42593294509,533.866443562729,2674.96576827438,844.259788251641,2184.960729867,2012.62477672761,2414.99810290681,2444.50502163719
E745S_02100,1159.47661256885,742.704390269785,574.557483468425,733.368551397258,1262.75063156603,898.892335939854,42219.5904962794,38712.8403924955,42079.2484601079
E745S_02103,150.222584204751,865.694967718307,270.18850497382,112.948301842094,746.005416343045,134.706768533871,30771.9463292163,32114.4456608389,28834.1216496434
E745S_02104,821.04412401562,1105.32822184381,1354.19780806156,423.158426619676,1260.02134345746,898.045123559137,44459.8643480096,34796.2943828515,40422.5254905963
E745S_02105,0.863348185084774,0,0,0.795410576352774,0,55.0688047465509,0,0,153.660784892643
E745S_02107,113.96196043119,132.512428605827,126.956044505771,0,0,0,0,1.02634853502202,0
E745S_02111,0,0.793487596442078,0,0,0,66.9297780765772,2.06953704547827,1.02634853502202,3.24635461040795
E745S_02113,1113.71915875936,1196.57929543465,698.25824478174,361.116401664159,633.194841188731,544.757560800496,630.174030348132,110.845641782378,1283.39218931461
E745S_02116,1398.62405983733,513.386474898025,468.760779713616,2118.97377540379,735.998026611614,1143.73671396683,431.498473982218,552.175511841845,965.249437494631
E745S_02118,0,42.8483302078722,0,116.925354723858,0,35.582919990079,0,1.02634853502202,1.08211820346932
E745S_02126,4.31674092542387,3.17395038576831,0,2.38623172905832,9.09762702857372,2.5416371421485,17.5910648865653,11.2898338852422,14.0675366451011
E745S_02130,11261.5137262458,5814.67710672755,8193.54779541091,8436.12457279752,4859.95235866408,6795.49050572438,4632.6586763031,3602.48335792728,1995.42596719742
E745S_02132,3395.54841193842,3079.5253617917,3800.54312719199,3977.05288176387,2674.70234640067,5026.51105478902,2139.90130502453,3304.8422827709,1261.74982524522
E745S_02137,745.06948372816,61.8920325224821,0,556.787403446942,0,103.359910447372,172.806343297435,193.979873119161,212.095167879986
E745S_02138,0.863348185084774,42.0548426114301,79.7544382151638,133.628976827266,0,72.0130523608742,302.152408639827,1.02634853502202,384.151962231608
E745S_02139,5961.41921801036,9525.0251076907,6875.15810246636,10291.0220368522,7529.19612884761,6686.20010861199,8043.25572725128,8882.02022208054,7349.7468379636
E745S_02140,1040.33456302715,1063.27337923238,1210.96534759351,531.334265003653,898.845550423084,307.538094199969,216.266621252479,598.361195917836,696.88412303424
E745S_02141,3556.13117436418,2962.08919751828,2247.77304439064,2258.17062626553,2260.76031660057,2595.85873451434,2983.23765105692,2244.62424609315,1455.44898366623
E745S_02142,568.083105785781,767.302505759489,1266.30516186525,633.146818776808,0,570.173932221981,852.649262737045,882.659740118935,0
E745S_02143,111.371915875936,0,2420.30305359079,116.129944147505,0,139.790042818168,0,108.792944712334,0
E745S_02144,1669.71538995395,720.486737569407,1730.18301679019,1733.99505644905,1355.54642725748,1222.52746537343,1431.08486694822,575.781528147352,1386.1934186442
E745S_02146,0,80.1422472406499,0,0,0.909762702857372,0,126.241759774174,0,68.173446818567
E745S_02148,2097.936089756,1856.76097567446,921.245143464953,1403.89966726265,1543.86730674896,3238.89293147791,1561.46570081335,2525.84374468919,2499.69305001412
E745S_02149,1275.16526937021,717.312787183639,825.214289287511,2091.13440523144,1478.36439214323,637.950922679274,1292.42588490118,105.713899107268,1082.11820346932
E745S_02151,2650.47892821026,2532.81240784311,791.033815766727,2610.53751158981,1310.96805481747,2433.19395741683,2084.02380479661,1187.48525502047,2725.85575453921
E745S_02153,1135.30286338648,923.619562258579,668.960696049639,837.567336899471,1229.08941156031,742.158045507363,452.193844437001,1518.99583183259,363.591716365691
E745S_02154,1012.70742110444,1321.9503356725,463.877854924932,940.970711825332,1081.70785369742,1539.38489576128,1555.25708967692,1466.65205654646,1723.81429812662
E745S_02155,100.148389469834,102.359899941028,0,3.1816423054111,3.63905081142949,136.401193295303,1.03476852273913,95.4504137570477,153.660784892643
E745S_02158,83.7447739532231,186.469585163888,629.897297740171,105.789606654919,715.983247148752,811.629460726088,0,374.617215283037,507.51343742711
E745S_02160,0,0.793487596442078,60.2227390604298,77.9502364825719,0.909762702857372,65.2353533151449,0,0,59.5165011908124
E745S_02163,177.849726127463,141.24079216669,442.71851417397,420.772194890618,0,116.915308538831,283.526575230522,58.501866496255,111.45817495734
E745S_02165,4653.44671760693,3218.38569116907,3317.13357311232,3336.74736779989,4332.28999100681,3339.71120478313,3322.64172651536,2432.44602800218,3003.96013283082
E745S_02166,276.271419227128,215.828626232245,263.677938588909,289.52944979241,266.56047193721,213.497519940474,283.526575230522,285.324892736121,244.558713984066
E745S_02167,398.866861509166,525.288788844656,670.588337645867,348.389832442515,420.310368720106,616.77061316137,536.010094778871,342.800410697354,256.462014222228
E745S_02168,621.610693261037,1297.3522201828,1691.11961848072,1081.75838383977,1955.98981114335,470.202871297473,1204.47056046835,1421.49272100549,1494.40523899113
E745S_02172,395.413468768826,179.32819679591,489.920120464578,321.345872846521,433.047046560109,663.367294100759,660.182317507567,575.781528147352,715.280132493219
E745S_02173,1004.07393925359,1878.1851407784,2332.41040739448,1010.17143196802,2873.94037832644,2886.45258109998,1391.76366308413,2255.91407997839,1388.35765505113
E745S_02174,1157.74991619868,2025.77383371663,2395.88842964737,1329.13107308549,3217.83068000653,3158.40775530987,1624.58658070044,2395.49748074139,1519.29395767092
E745S_02175,2978.55123854247,3415.96410268315,2309.62342504729,3942.8502269807,2497.29861934349,4765.56964152844,3825.53922856657,2873.77589806165,2815.67156542716
E745S_02176,248.644277304415,378.493583502871,349.942943188984,236.236941176774,187.411116788619,363.454111327236,159.354352501826,328.431531207046,262.954723443044
E745S_02178,679.455021661717,510.212524512256,576.185125064653,720.641982175613,1388.29788456035,1222.52746537343,1438.32824660739,656.863062414091,373.330780196914
E745S_02179,891.838675192571,1270.37364190377,861.022404404523,1200.27455971634,3327.91196705227,1319.95688915579,1524.21403399474,560.386300122022,563.783584007514
E745S_02180,3654.55286746385,3758.75074434612,3479.89773273511,3622.29976471053,5727.86597719002,4521.57247588219,3933.15515493144,3418.76697015834,2485.62551336902
E745S_02181,0,0.793487596442078,0,195.671001782782,271.109285451497,0.847212380716167,82.7814818191306,0,217.505758897333
E745S_02182,420.450566136285,88.0771232050707,737.321643091208,212.374623886191,476.715656297263,701.491851232987,83.8162503418697,231.954768914976,290.007678529777
E745S_02183,55.2542838454255,46.0222805936405,113.934911735948,0,0,365.148536088668,0,91.3450196169596,137.429011840603
E745S_02184,1458.19508460818,2940.66503241434,434.580306192831,1366.51537017407,1845.90852409761,3927.67659700015,1062.70727285309,1743.76616100241,3733.30780196914
E745S_02185,13315.4190585625,10618.4510155879,8506.05498188665,12059.2197480844,10606.0135899112,14988.8814396304,11865.6906502496,8416.05798718055,12222.5251081859
E745S_02186,1190.5571472319,1270.37364190377,851.256554827156,1383.21899227747,1631.20452622327,1547.00980718772,1246.89606990065,983.241896551093,1683.77592459826
E745S_02188,8942.56050110809,5368.7370775271,10906.8263363227,7592.19395128723,11649.5114100887,7800.28438925375,4927.56770528375,5861.47648351074,8192.7169184662
E745S_02189,518.872259235949,832.36848866774,333.666527226706,944.947764707096,1703.075779749,1225.06910251558,488.410742732871,491.620948275546,1007.45204742993
E745S_02194,98.4216930996642,350.721517627398,1798.54396383176,0.795410576352774,158.298710297183,76.2491142644551,8.27814818191306,88.2659740118935,211.013049676517
E745S_02195,0,38.0874046292197,0,0,0,134.706768533871,0,0,150.414430282235
E745S_02196,9596.97842540235,6002.73366708432,7977.07146311261,12882.4696946095,12841.3005508318,5135.80145190141,8640.31716487176,4747.88832301185,5528.54190152474
E745S_02197,1161.20330893902,1402.88607050959,1067.73288712546,1494.57647296686,1672.14384785185,1747.79914141745,1482.82329308518,1361.96450597422,1340.74445409848
E745S_02198,2578.82102884822,4306.25718589116,2955.79713874974,5885.24285443418,6006.25336426437,5106.14901857634,5384.93539233445,4982.9221375319,5025.35693691151
E745S_02199,3862.61978006928,4107.0917991842,5327.2709444537,5383.33878075558,6038.09505886438,6440.5085182043,4822.02131596436,5586.41507612484,6411.5503555557
E745S_02200,3210.79190033027,2442.35482184872,4093.518614513,3272.31911111531,2618.29705882352,2463.69360312261,1849.13135013483,2013.6958257132,1551.757503775
E745S_02201,788.236892982399,608.604986471074,447.601438962654,453.384028521081,799.68141581163,482.911057008215,474.958751937262,315.089000251759,343.031470499773
E745S_02202,88.0615148786469,20.630677507494,0,177.376558526669,315.687657891508,20.333097137188,0,36.9485472607926,0
E745S_02203,231.377313602719,322.949451751926,688.492395204373,487.586683304251,232.899251931487,409.203579885909,440.811390686871,111.8719903174,402.547971690586
E745S_02204,387.643335103063,326.916889734136,369.474642343718,236.236941176774,0,482.911057008215,224.544769434392,242.218254265196,73.5840378359136
E745S_02205,597.436944078663,257.883468843675,1028.66948881599,532.925086156359,378.461284388667,1127.63967873322,186.258334093044,366.40642700286,272.693787274268
E745S_02206,609.52381866985,538.778077984171,551.770501121235,620.420249555164,535.850231982992,516.799552236862,646.730326711958,533.701238211449,186.124330996723
E745S_02208,126.912183207462,446.73351679689,229.497465068124,334.072442068165,341.161013571515,360.065261804371,373.551436708827,258.639830825548,119.033002381625
E745S_02209,756.293010134262,1317.98289769029,1521.84489247302,1110.39316458847,1088.07619261742,1513.12131195907,861.962179441698,1901.8238353958,1187.08366920584
E745S_02210,118.278701356614,68.2399332940187,35.8081151170123,42.156760546697,96.4348465028815,98.2766361630754,114.859306024044,146.767840508149,128.772066212849
E745S_02212,143.315798724072,115.055701484101,107.424345351037,220.328729649718,208.335658954338,36.4301323707952,0,0,136.346893637134
E745S_02213,188.209904348481,334.058278102115,0,109.766659536683,0.909762702857372,515.952339856146,230.753380570827,439.277172989424,576.769002449146
E745S_02214,2192.04104193024,2815.29399217649,2775.12892156845,2367.93728580221,3125.03488431507,3825.1638989335,2775.24917798635,2468.36822672795,1768.18114446886
E745S_02215,0,0,0,101.017143196802,0,0,0,0,0
E745S_02216,3462.02622218994,3482.61706078428,3595.46028606728,4735.07916102806,4476.94226076113,2938.97974870438,2999.79394742075,3398.2399994579,3408.67234092835
E745S_02217,8446.99864286943,10940.6069797434,14077.4721657745,10442.1500463592,10380.3924396026,8549.22013380684,8145.69781100245,7409.21007432395,8158.08913595518
E745S_02218,447.214359873913,1065.65384202171,931.01099304232,803.364682116302,947.062973674524,523.577251282591,584.64421534761,1053.03359693259,878.679981217085
E745S_02219,771.833277465788,1141.03516368371,1803.42688862044,171.808684492199,806.959517434489,815.865522629669,379.760047845262,133.425309552862,517.252501258334
E745S_02220,0,91.251073590839,0,0.795410576352774,0,43.2078314165245,91.0596300010437,118.030081527532,0
E745S_02224,3002.72498772484,3761.13120713545,2122.44464148109,3876.83114914342,2298.06058741772,4453.79548542489,4921.35909414732,4537.48687333234,5005.87880924906
E745S_02225,2369.8907680577,3849.20833034052,2628.64117790795,4726.32964468818,2177.06214793769,4645.26548346675,3069.12343844427,4997.2910170222,3150.04609029918
E745S_02226,1889.00582896549,1888.50047953215,864.277687596979,1345.83469518889,846.989076360214,2129.04471273973,1771.5237109294,761.550612986337,1255.25711602441
E745S_02227,146.769191464412,52.3701813651771,3.25528319245567,0,1.81952540571474,0.847212380716167,0,119.056430062554,0
E745S_02228,811.547293979687,473.712095075921,1407.90998073708,704.733770648558,2158.86689388054,1330.9706501051,906.45722591948,1299.35724533787,1496.56947539807
E745S_02229,4.31674092542387,9.52185115730494,0,117.720765300211,1.81952540571474,4.23606190358084,5.17384261369566,6.15809121013211,142.83960285795
E745S_02230,432.537440727472,483.233946233225,0,61.2466143791636,534.030706577277,285.510572301348,396.316344209088,142.66244636806,383.069844028138
E745S_02231,2276.64916406855,1845.65214932427,1909.22359237525,2490.43051456054,1479.27415484609,1290.30445583072,2592.09514946153,1350.67467208898,889.501163251779
E745S_02232,3906.6505375086,4069.00439455498,5081.49706342329,2939.0420796235,2510.94505988635,3950.55133127949,4686.46663948553,4684.25471384049,4760.23797706153
E745S_02233,245.190884564076,24.5981154897044,0,0,0,174.52575042753,205.918936025087,55.422820891189,288.925560326308
E745S_02235,0.863348185084774,46.0222805936405,0,0,0,0,0,0,0
E745S_02236,2592.63459980958,1950.39251205463,709.651735955335,1783.31051218292,3604.47982872091,2055.33723561742,1970.19926729531,2122.48877042553,2865.44900278675
E745S_02237,2570.18754699737,4226.90842624695,4305.11202202262,3309.70340820389,4073.00762069246,3163.49102959417,3341.26755992466,3046.20245194535,4781.88034113091
E745S_02239,252.097670044754,172.980296024373,0,363.502633393218,0,86.4156628330491,90.0248614783045,117.00373299251,0
E745S_02240,50.0741947349169,115.055701484101,0,0,0.909762702857372,149.956591386762,0,347.932153372464,0
E745S_02241,3453.3927403391,3176.33084855764,2168.01860617547,4252.26494118193,5006.42415382412,4086.10531219407,3113.61848492205,3486.50597346979,3135.97855365408
E745S_02242,902.198853413589,1229.11228688878,1980.83982260927,2326.57593583186,1174.50364938887,1474.14954244613,1914.3217670674,1764.29313170285,2214.01384429822
E745S_02243,47.4841501796626,219.002576618014,162.764159622783,450.997796792023,0,382.092783702991,499.793196483001,1429.70350928567,230.491177338965
E745S_02244,0,63.4790077153662,0,170.217863339494,0,0,2.06953704547827,0,0
E745S_02245,457.57453809493,841.096852228603,11575.7870323723,688.825559121502,1806.78872787474,454.953048444582,564.983613415567,1296.27819973281,653.599394895468
E745S_02246,1915.76962270311,3032.70959360162,4113.05031366773,2507.9295472403,2258.94079119486,2384.05563933529,4086.30089629684,2682.87507054755,2225.91714453638
E745S_02247,60.4343729559342,311.840625401737,48.829247886835,228.282835413246,321.146234108652,286.357784682065,235.927223184522,52.3437752861229,5.41059101734659
E745S_02248,914.285728004775,742.704390269785,1289.09214421244,297.483555555938,1053.50520990884,2084.14245656177,1732.20250706531,1774.55661705307,1300.70608057012
E745S_02249,3.4533927403391,0.793487596442078,8.13820798113916,0,0,1.69442476143233,0,0,0
E745S_02251,335.842443997977,435.624690446701,468.760779713616,274.416648841707,441.234910885826,388.870482748721,445.985233300566,440.303521524446,308.403687988755
E745S_02253,240.010795453567,469.74465709371,0,228.282835413246,437.595860074396,282.9689351592,345.61268659487,295.588378086341,243.476595780596
E745S_02254,3942.91116128216,5305.25806981173,3754.96916249761,4808.25693405252,2076.07848792052,4917.22065767663,6184.8114604118,5362.67109549004,4369.5933056091
E745S_02255,6460.43446898936,4814.88273521053,8102.39986602215,2792.68653357459,4683.45839430975,3028.7842610603,6359.68734075471,3957.5999510449,3404.34386811447
E745S_02256,528.369089271882,947.424190151841,226.242181875669,513.835232323892,280.206912480071,662.520081720043,494.619353869305,372.564518212992,732.594023748728
E745S_02257,114.825308616275,407.059136974786,257.167372203998,56.474150921047,287.48501410293,116.915308538831,167.632500683739,361.27468432775,515.088264851395
E745S_02258,293.538382928823,372.939170327777,0,384.978718954743,3.63905081142949,637.950922679274,252.483519548348,462.88318929493,339.785115889366
E745S_02259,78.5646848427144,17.4567271217257,11.3934911735948,0.795410576352774,30.9319318971507,22.8747342793365,30.0082871594349,9.23713681519816,167.728321537744
E745S_02260,4842.5199701405,2533.60589543955,1429.06932148804,2335.32545217174,4127.5933828639,2778.85660874903,3769.66172833866,2380.10225271606,4154.25178311871
E745S_02263,2646.16218728483,2576.45422564743,2042.69020326593,3087.78385740147,3212.37210378938,2046.01789942954,2808.36177071401,3530.63896047574,1714.0752342954
E745S_02264,51.8008911050864,0,0,0.795410576352774,612.270299023011,0,0,1.02634853502202,37.8741371214261
E745S_02265,1627.4113288848,2027.36080890951,1424.18639669935,1984.54938800017,2351.73658688631,2005.35170515517,1976.40787843174,2632.58399233148,1930.49887498926
E745S_02266,76.8379884725449,45.2287929971984,0,61.2466143791636,0,166.900839001085,90.0248614783045,106.74024764229,0
E745S_02269,39.7140165138996,160.2844944813,794.289098959182,0,0.909762702857372,249.080439930553,0,0,400.383735283647
E745S_02270,1498.77244930717,2322.53819478596,738.949284687436,1927.27982650277,1625.74595000612,392.259332271585,1979.51218399996,2201.51760762223,1618.8488323901
E745S_02271,1728.42306653972,2952.56734636097,937.521559427232,2412.48027807796,1968.72648898335,739.616408365214,2809.39653923675,2529.94913882927,2198.86418944965
E745S_02272,374.693112326792,95.2185115730494,76.4991550227081,280.779933452529,295.672878428646,596.437516024182,1.03476852273913,252.481739615416,129.854184416318
E745S_02277,0,0.793487596442078,0,0.795410576352774,0.909762702857372,0,0,43.1066384709247,213.177286083455
E745S_02278,768.379884725449,491.168822197646,1570.67414035986,609.284501486225,2419.05902689775,970.905388300728,795.736993986393,910.37115056453,547.551810955474
E745S_02282,897.01876430308,450.7009547791,0,348.389832442515,755.103043371619,248.233227549837,66.2251854553045,450.567006874666,331.128170261611
E745S_02283,1675.75882724955,2906.54506576733,1079.12637829905,1360.15208556324,504.008537382984,2522.15125739203,2186.46588854779,3984.28501295547,4424.78133398604
E745S_02285,2448.45545290042,2759.74986042555,3795.66020240331,2597.01553179181,2885.76729346358,2188.34957938986,3758.27927458853,2836.82735080086,2511.59635025228
E745S_02287,2788.61463782382,2570.89981247233,2264.04946035292,3407.53890909528,3226.01854433224,3070.29766771539,5293.8757623334,2879.93398927178,4127.19882803198
E745S_02288,42.3040610691539,85.6966604157444,21.1593407509618,6.36328461082219,2.72928810857212,37.2773447515114,97.2682411374785,136.504355157928,8.65694562775454
E745S_02290,9864.61636277863,9747.20163469449,9920.47552900864,7825.24925015859,8788.30770960222,6586.22904768748,7382.03864122097,7703.77210387527,8409.14055916006
E745S_02291,122.595442282038,107.914313116123,208.338124317163,3.97705288176387,15.4659659485753,44.9022561779569,199.710324888653,144.715143438104,62.7628558012204
E745S_02293,3310.94028980011,2205.89551810898,2563.53551405884,3063.92154011089,2006.02675980051,1863.86723757557,1441.43255217561,1837.16387768941,1257.42135243135
E745S_02294,464.481323575608,329.297352523462,278.326712954959,713.483286988438,581.338367125861,471.897296058905,0,168.321159743611,137.429011840603
E745S_02295,2316.36318058245,1549.68127585138,2447.97296072666,770.752848485838,1293.68256346318,1053.0849892302,1972.26880434079,1982.90536966254,2015.98621306334
E745S_02296,6121.13863225105,3200.92896404734,3851.00001667505,5898.76483423217,5407.62950578422,2145.98896035405,3819.33061743014,3704.09186289446,5976.53883776104
E745S_02297,22.4470528122041,161.871469674184,299.486053705921,74.7685941771608,217.433285982912,142.331679960316,210.058010116044,282.245847131055,38.9562553248954
E745S_02298,135.545665058309,87.2836356086286,665.705412857184,245.781868093007,0,0,436.672316595914,217.585889424668,0
E745S_02299,448.941056244082,428.483302078722,174.157650796378,477.246345811665,299.311929240075,217.733581844055,760.554864213263,881.633391583913,138.511130044073
E745S_02300,202.886823494922,218.209089021571,0,166.24081045773,368.453894657236,459.189110348163,104.511620796652,367.432775537882,0
E745S_02301,1067.09835676478,372.939170327777,1028.66948881599,283.96157575794,1682.15123758328,544.757560800496,215.23185272974,399.249580123565,400.383735283647
E745S_02306,498.151902793914,657.007729854041,1803.42688862044,516.22146405295,285.665488697215,482.911057008215,73.4685651144784,1025.322186487,69.2555650220363
E745S_02307,1677.48552361972,2036.08917247037,2504.94041659463,1517.64337968109,2714.7319053264,1925.71374136785,2287.87320377622,1157.72114750484,1667.54415154622
E745S_02309,662.188057960022,339.612691277209,3.25528319245567,334.072442068165,506.737825491556,476.133357962486,492.549816823827,110.845641782378,93.0621654983613
E745S_02310,0,0,0,0,0,0,0,160.110371463435,0
E745S_02311,552.542838454255,797.455034424288,1741.57650796378,1090.50790017965,1159.94744614315,780.28260263959,1109.27185637635,909.344802029508,2076.58483245762
E745S_02314,1541.93985856141,703.030010447681,52.0845310792906,1323.56319905102,576.789553611574,903.128397843434,1723.9243588834,1068.42882495792,1517.12972126398
E745S_02316,259.867803710517,150.762643323995,0,365.093454545923,0,876.017601660517,235.927223184522,117.00373299251,134.182657230195
E745S_02317,5252.61035805576,7867.4295187232,11001.2295489039,8132.27773263076,11481.20531006,4448.71221114059,5851.6159960898,4564.17193524291,3759.27863885241
E745S_02318,0,0,0,57.2695614973997,0,0,79.6771762509132,0,0
E745S_02320,80.291381212884,183.29563477812,45.5739646943793,251.349742127477,940.694634754523,0,133.485139433348,368.459124072904,3.24635461040795
E745S_02321,64.751113881358,0.793487596442078,48.829247886835,101.812553773155,0,0,157.284815456348,0,1.08211820346932
E745S_02322,1749.14342298175,2304.28798006779,317.390111264427,1311.63204040572,1179.96222560601,1269.97135869353,1296.56495899213,1286.01471438259,3012.61707845858
E745S_02323,1381.35709613564,991.859495552598,924.500426657409,1209.02407605622,2790.24220966356,1125.09804159107,1247.93083842339,1259.32965247202,686.062940999547
E745S_02324,433.400788912556,371.352195134892,247.401522626631,557.582814023295,0,428.689464642381,1214.81824569574,427.987339104181,726.101314527912
E745S_02325,856.441399604096,1226.73182409945,973.329674544244,1082.55379441613,994.370634223108,1408.06697675027,1113.41093046731,1222.38110521122,1501.98006641541
E745S_02326,0,0,0,0,0,75.4019018837389,412.872640572914,74.9234430566073,6.4927092208159
E745S_02327,748.522876468499,665.736093414903,880.554103559257,1810.35447177891,161.937761108612,1551.2458690913,840.232040464176,809.788994132372,1585.30316808255
E745S_02328,0,0,0,0,150.110845971466,0,1.03476852273913,0,0
E745S_02329,281.451508337636,195.197948724751,16.2764159622783,147.946367201616,313.868132485793,254.16371421485,28.9735186366957,5.13174267511009,75.7482742428522
E745S_02330,1535.89642126581,1076.7626683719,664.077771260956,1525.59748544462,1466.53747700608,1033.59910447372,1701.15945138313,822.105176552636,1042.07982994095
E745S_02331,390.233379658318,133.305916202269,354.825867977667,223.51037195513,154.659659485753,151.651016148194,165.562963638261,378.722609423125,0
E745S_02333,2543.42375325974,4218.97355028253,5719.5325691446,2721.89499227919,2103.37136900624,2096.85064227251,2056.08505468266,3855.99144607772,3740.88262939343
E745S_02334,1.72669637016955,4.76092557865247,1.62764159622783,0.795410576352774,1.81952540571474,0,2.06953704547827,3.07904560506605,0
E745S_02336,1071.4150976902,706.997448429892,667.333054453411,610.079912062578,669.585349303026,715.894461705161,547.392548529001,187.821781909029,1583.13893167561
E745S_02337,49.2108465498321,9.52185115730494,0,0,0,0.847212380716167,0,0,1.08211820346932
E745S_02341,3175.3946247418,3125.54764238535,2583.06721321357,2477.70394533889,2488.20099231491,2695.82979543884,3168.46121662722,3415.68792455328,1455.44898366623
E745S_02342,26.763793737628,237.252791336181,0,360.320991087807,137.374168131463,232.13619231623,138.658982047044,262.745224965637,111.45817495734
E745S_02343,1452.15164731259,2964.4696603076,3484.78065752379,3335.15654664718,3429.80538977229,3917.51004843156,2989.44626219335,4537.48687333234,2286.51576393067
E745S_02344,0,76.1748092584395,0,0.795410576352774,0,98.2766361630754,163.493426592783,1.02634853502202,0
E745S_02345,0,20.630677507494,0,105.789606654919,1.81952540571474,92.3461494980622,187.293102615783,208.34875260947,280.268614698553
E745S_02346,6.04343729559342,8.72836356086286,161.136518026555,15.1128009507027,0,3.38884952286467,152.110972842653,19.5006221654183,8.65694562775454
E745S_02347,1424.52450538988,1304.49360855078,978.212599332927,2363.96023292044,1115.36907370314,2647.53868973802,1913.28699854466,1847.42736303963,1337.49809948808
E745S_02348,146.769191464412,96.8054867659335,133.466610890682,314.187177659346,362.085555737234,235.525041839095,6.2086111364348,75.9497915916293,9.73906383122385
E745S_02349,0,59.5115697331559,1.62764159622783,144.764724896205,0,9.31933618787784,0,11.2898338852422,1.08211820346932
E745S_02350,1463.37517371869,1583.00775490195,349.942943188984,1325.94943078007,729.629687691613,871.781539756936,2158.52713843383,647.625925598893,1048.57253916177
E745S_02351,103.601782210173,182.502147181678,0,0,313.868132485793,53.3743799851185,0,180.637342163875,350.606297924059
E745S_02352,1277.75531392547,1298.14570777924,883.809386751713,1207.43325490351,1597.54330621755,998.863396864361,1176.53181035439,1555.94437909338,1949.97700265171
E745S_02354,4224.3626696198,3839.68647918322,6525.21515927738,5060.40208675635,3107.74939296078,2310.34816221299,2054.01551763718,1505.6533008773,1705.41828866764
E745S_02355,686.361807142395,433.244227657375,677.098904030778,136.015208556324,516.745215222987,549.840835084793,763.65916978148,106.74024764229,111.45817495734
E745S_02357,906.515594339013,1201.34022101331,3374.1010289803,563.150688057764,1003.46826125168,1726.61883189955,1148.59306024044,1142.32591947951,1362.38681816787
E745S_02359,244.327536378991,193.610973531867,209.96576591339,322.141283422874,1.81952540571474,131.317919011006,81.7467132963915,167.294811208589,268.365314460391
E745S_02360,275.408071042043,245.187667300602,170.902367603922,341.23113725534,421.220131422963,279.580085636335,306.291482730783,201.164312864315,350.606297924059
E745S_02361,409.227039730183,143.621254956016,1.62764159622783,68.4053095663386,822.425483383064,499.855304622539,0,65.6863062414091,0
E745S_02362,842.627828642739,706.997448429892,123.700761313315,695.984254308677,983.453481788819,1325.8873758208,1254.13944955983,1428.67716075065,1650.23026029071
E745S_02365,0.863348185084774,56.3376193473875,0,0,0,0,136.589445001566,133.425309552862,0
E745S_02366,50.0741947349169,278.514146351169,0,128.061102792797,135.554642725748,448.175349398853,503.932270573958,335.6159709522,0
E745S_02367,48.3474983647473,3.96743798221039,1.62764159622783,0,0.909762702857372,0.847212380716167,0,0,34.6277825110181
E745S_02368,54.3909356603408,3.96743798221039,4.8829247886835,0.795410576352774,1.81952540571474,83.0268133101844,1.03476852273913,1.02634853502202,1.08211820346932
E745S_02369,2590.04455525432,1869.45677721754,2685.60863377592,1882.73683422702,2202.5355036177,1243.70777489133,1774.62801649761,2965.12091767861,2085.24177808537
E745S_02370,208.930260790515,576.071995016949,455.739646943793,233.055298871363,313.868132485793,244.844378026972,144.867593183479,391.038791843389,186.124330996723
E745S_02371,0,0,0,0.795410576352774,308.409556268649,0,0,0,0
E745S_02372,89.7882112488165,138.860329377364,507.824178023084,131.242745098208,0,294.829908489226,113.824537501305,68.7653518464752,290.007678529777
E745S_02374,42.3040610691539,0,0,0.795410576352774,0,66.082565695861,0,187.821781909029,1.08211820346932
E745S_02375,0.863348185084774,80.1422472406499,1.62764159622783,167.831631610435,563.143113068713,1.69442476143233,76.5728706826958,122.13547566762,0
E745S_02376,1170.70013897495,680.812357747303,1801.79924702421,1075.39509922895,0,688.783665522244,704.677363985349,187.821781909029,1259.58558883829
E745S_02377,432.537440727472,1219.59043573147,654.311921683589,1481.84990374522,616.819112537298,1789.31254807255,1413.49380206166,2034.22279641364,1019.3553476681
E745S_02378,0.863348185084774,0.793487596442078,1.62764159622783,1.59082115270555,1.81952540571474,0.847212380716167,0,0,2.16423640693863
E745S_02379,0.863348185084774,0,4.8829247886835,6.36328461082219,0,0.847212380716167,3.1043055682174,0,0
E745S_02380,61.2977211410189,268.198807597422,4.8829247886835,365.888865122276,209.245421657196,79.6379637873197,213.162315684261,526.516798466295,145.003839264888
E745S_02381,329.799006702384,166.632395252836,340.177093611617,219.533319073366,155.569422188611,717.588886466594,240.066297275479,187.821781909029,172.056794351621
E745S_02385,4423.79610037438,5771.82877651968,7625.5008783274,4667.46926203808,6129.98109185297,5999.11086785118,3993.17172925031,5663.39121625149,3255.01155603571
E745S_02386,2.59004455525432,94.4250239766073,6.51056638491133,1.59082115270555,2.72928810857212,0,1.03476852273913,2.05269707004404,1.08211820346932
E745S_02387,434.264137097641,272.959733176075,589.206257834475,273.621238265354,155.569422188611,377.856721799411,139.693750569783,331.510576812112,446.914818032828
E745S_02388,676.001628921378,1078.34964356478,410.165682249414,449.406975639317,1157.21815803458,831.11534548256,655.008474893871,831.342313367834,608.150430349756
E745S_02390,0,11.9023139466312,0,0,0,7.62491142644551,9.31291670465219,6.15809121013211,0
E745S_02391,0,56.3376193473875,0,0,0,0,3.1043055682174,1.02634853502202,0
E745S_02392,0,74.5878340655553,0,0,0,0,0,0,1.08211820346932
E745S_02393,2.59004455525432,59.5115697331559,0,16.7036221034083,0.909762702857372,11.8609733300263,0,2.05269707004404,9.73906383122385
E745S_02394,1241.4946901519,1080.73010635411,1180.04015726518,1345.83469518889,1103.54215856599,964.974901635715,956.126115010959,1027.37488355704,1023.68382048197
E745S_02395,4940.94166324016,2958.91524713251,4944.77516934016,3351.86016875059,4328.65094019538,2739.03762685537,2610.72098287083,2891.22382315702,4650.94403851112
E745S_02396,1032.56442936139,714.13883679787,880.554103559257,1520.02961141015,239.267590851489,318.551855149279,688.121067621523,154.978628788325,694.719886627302
E745S_02397,1036.01782210173,1328.29823644404,2483.78107584367,1476.28202971075,971.626566651674,1631.73104525934,1930.87806343122,1949.03586800681,1605.86341394847
E745S_02398,98.4216930996642,0.793487596442078,0,0,460.33992764583,7.62491142644551,157.284815456348,140.609749298016,0
E745S_02399,776.150018391212,112.675238694775,69.9885886377968,0.795410576352774,134.644880022891,670.992205527205,488.410742732871,149.846886113215,253.21565961182
E745S_02400,1585.97061600073,1877.39165318196,1943.40406589603,1860.46533808914,1880.47950680619,1800.32630902186,2107.82348081961,1667.81636941078,1728.1427709405
E745S_02401,65.6144620664428,47.6092557865247,0,385.774129531095,0,52.5271676044024,1.03476852273913,426.960990569159,0
E745S_02402,2643.57214272958,3335.8218554425,4101.65682249414,3265.16041592814,7991.35558189916,3921.74611033514,2432.7407969597,5005.50180530238,4025.47971690586
E745S_02403,2215.35144292753,1832.9563477812,2498.42985020972,1975.79987166029,2674.70234640067,3010.14558868454,2571.39977900674,2736.2451943687,3946.4850880526
E745S_02404,2021.09810128346,1879.77211597128,2420.30305359079,2336.91627332445,3068.62959673792,2367.11139172097,1199.29671785465,1956.22030775197,1688.10439741213
E745S_02405,4.31674092542387,1.58697519288416,8.13820798113916,8.74951633988052,4.54881351428686,0.847212380716167,2.06953704547827,3.07904560506605,5.41059101734659
E745S_02407,244.327536378991,277.720658754727,0,577.468078432114,0.909762702857372,135.553980914587,1.03476852273913,0,138.511130044073
E745S_02408,66.4778102515276,0.793487596442078,1.62764159622783,229.873656565952,0,0.847212380716167,152.110972842653,0,169.892557944683
E745S_02409,2381.97764264889,1293.38478220059,2926.49959001764,2006.82088413805,1861.37449004618,1164.06981110401,2307.53380570827,1102.29832661365,902.48658169341
E745S_02410,2181.68086370922,1844.06517413139,2745.83137283635,3996.14273559634,2130.66425009197,1247.0966244142,1933.98236899944,1863.84893959998,1940.23793882049
E745S_02411,1922.67640818379,3142.21088191063,1551.14244120512,2101.47474272403,1014.38541368597,1917.24161756069,3438.53580106214,2323.65308328985,3007.20648744123
E745S_02413,100.148389469834,206.30677507494,302.741336898377,243.395636363949,0,360.912474185087,0,50.2910782160789,0
E745S_02415,10973.1554324275,15384.9310074155,11754.8276079574,16608.9682448223,14263.2596553979,10995.9694893151,13272.9758411749,11715.7685272763,11881.6578740931
E745S_02419,1370.99691791462,2566.13888689368,3330.15470588215,1916.93948901019,1380.11002023463,2894.92470490714,2428.60172286874,2694.1649044328,1497.65159360153
E745S_02422,319.438828481366,609.398474067516,379.240491921085,377.024613191215,321.146234108652,4.23606190358084,631.208798870871,0,350.606297924059
E745S_02423,812.410642164772,1583.80124249839,2431.69654476438,1665.58974688271,1971.45577709193,1104.76494445388,1268.62620887818,2204.59665322729,1476.00922953215
E745S_02424,0,46.0222805936405,0,0,0,0,0,3.07904560506605,63.8449740046897
E745S_02425,116.552004986444,45.2287929971984,0,0,314.777895188651,0,134.519907956087,0,0
E745S_02426,2.59004455525432,0,4.8829247886835,1.59082115270555,0,5.93048666501317,5.17384261369566,4.10539414008807,4.32847281387727
E745S_02427,140.725754168818,133.305916202269,0,1.59082115270555,151.930371377181,324.482341814292,137.624213524305,411.565762543829,192.617040217538
E745S_02428,0,0,0,0,287.48501410293,0,0,248.376345475328,338.702997685896
E745S_02429,0,36.5004294363356,0,212.374623886191,0,65.2353533151449,0,111.8719903174,156.907139503051
E745S_02431,146.769191464412,246.774642493486,0,0,546.767384417281,0,0,0,0
E745S_02432,729.529216396634,133.305916202269,0,923.471679145571,268.379997342925,151.651016148194,301.117640117088,380.775306493169,1.08211820346932
E745S_02434,7792.58071857517,6090.01730269295,5372.84490914808,5365.83974807581,4039.34640068673,5054.46906335265,5117.96511346775,5636.70615434092,4059.02538121341
E745S_02435,2792.06803056416,2378.08232653691,660.8224880685,1658.43105169553,2233.46743551485,2728.87107828677,1553.18755263144,2495.05328863852,2054.94246838823
E745S_02436,400.593557879335,245.981154897044,113.934911735948,0,0,268.566324687025,127.276528296913,212.454146749558,154.742903096112
E745S_02437,0,15.8697519288416,0,0,0,151.651016148194,0,0,0
E745S_02438,157.992717870514,645.105415907409,45.5739646943793,214.760855615249,315.687657891508,270.260749448457,143.832824660739,249.40269401035,378.741371214261
E745S_02439,6908.51217704836,10498.6343885251,8952.02877925308,12674.8675341815,12955.020888689,20670.2876647131,15365.2777941534,11808.1398954283,13926.8612786501
E745S_02440,105.328478580342,194.404461128309,0,136.810619132677,361.175793034377,168.595263762517,133.485139433348,242.218254265196,148.250193875296
E745S_02441,423.903958876624,314.221088191063,84.6373630038473,0,877.011245554507,323.635129433576,625.000187734436,792.341069036998,659.009985912814
E745S_02442,2288.73603865974,2734.3582573394,2249.40068598686,2505.54331551124,2803.88865020642,4657.97366917749,3009.1068641254,1678.079854761,2435.84807600943
E745S_02443,112.235264061021,48.4027433829668,0,0,0.909762702857372,0,102.442083751174,115.977384457488,54.1059101734659
E745S_02444,47.4841501796626,101.566412344586,0,85.9043422460996,0,344.81543895148,84.8510188646089,160.110371463435,62.7628558012204
E745S_02446,6.90678548067819,3.17395038576831,11.3934911735948,4.77246345811665,5.45857621714423,0.847212380716167,1.03476852273913,6.15809121013211,3.24635461040795
E745S_02447,1631.72806981022,1852.00005009581,1082.38166149151,899.609361854988,2131.57401279482,591.354241739885,1128.93245830839,918.581938844706,833.231016671374
E745S_02448,7816.75446775754,6160.63769877629,6237.12259674505,7806.15939632613,7121.62243796751,5175.62043379507,5660.18381938306,5482.75387408762,5554.512738408
E745S_02449,3284.17649606248,5342.55198684451,2539.12089011542,4528.27241117634,1630.29476352041,4455.48991018632,6055.4653950694,8271.34284374244,3183.59175460673
E745S_02450,2567.59750244212,1075.17569317902,2504.94041659463,2803.82228164353,2165.23523280055,1594.45370050783,1371.06829262935,1628.81512507994,1354.81199074359
E745S_02451,214.973698086109,407.852624571228,0,283.96157575794,766.020195805907,526.966100805456,0,559.359951587,600.575602925471
E745S_02452,495.56185823866,572.89804463118,3.25528319245567,401.682341058151,568.601689285858,685.394815999379,376.655742277044,1121.79894877907,424.190335759972
E745S_02453,0,0,0,0,0,0.847212380716167,0,142.66244636806,1.08211820346932
E745S_02454,4266.66673068895,2760.54334802199,3592.20500287483,3901.48887701036,3897.42341904098,3992.9119503153,4386.38376789118,3018.49104149975,3920.51425116934
E745S_02455,1.72669637016955,0.793487596442078,0,6.36328461082219,2.72928810857212,0,0,1.02634853502202,0
E745S_02456,205.476868050176,166.632395252836,0,473.269292929901,0.909762702857372,247.386015169121,139.693750569783,0,135.264775433665
E745S_02457,130.365575947801,384.841484274408,229.497465068124,744.504299466197,162.84752381147,765.032779786699,126.241759774174,533.701238211449,186.124330996723
E745S_02458,175.259681572209,97.5989743623756,296.230770513466,250.554331551124,132.825354617176,29.6524333250659,0,257.613482290526,1.08211820346932
E745S_02459,32.8072310332214,318.982013769715,0,0,0.909762702857372,80.4851761680359,262.83120477574,637.362440248673,379.82348941773
E745S_02461,107.055174950512,3.96743798221039,1.62764159622783,0,0.909762702857372,0,1.03476852273913,5.13174267511009,5.41059101734659
E745S_02462,1908.86283722244,1554.44220143003,436.207947789059,725.41444563373,616.819112537298,1654.60577953867,1280.00866262831,940.135258080168,1346.15504511583
E745S_02463,460.164582650184,397.537285817481,374.357567132401,724.619035057377,680.502501737314,647.270258867152,304.221945685305,583.992316427528,6.4927092208159
E745S_02464,2.59004455525432,0.793487596442078,0,0,0,5.93048666501317,0,1.02634853502202,349.524179720589
E745S_02465,0,2.38046278932623,0,1.59082115270555,0,2.5416371421485,3.1043055682174,6.15809121013211,1.08211820346932
E745S_02466,878.8884524163,766.509018163047,2586.32249640603,410.431857398031,0.909762702857372,1628.34219573647,311.465325344479,1179.2744667403,1005.287811023
E745S_02469,296.128427484077,368.971732345566,0,196.466412359135,487.632808731552,207.567033275461,260.761667730261,184.742736303963,288.925560326308
E745S_02474,0.863348185084774,132.512428605827,1.62764159622783,4.77246345811665,4.54881351428686,27.1107961829174,110.720231933087,0,3.24635461040795
E745S_02475,5158.50540588152,6263.79108631376,5066.84828905724,4692.12698990501,2413.60045068061,4861.30464054937,5846.4421534761,3221.70805143411,5931.08987321533
E745S_02476,6430.2172825114,6441.53230791679,6458.48185383204,6352.14886275325,9563.4255324367,7996.8376615799,6222.06312723041,6334.62315815589,6838.98704592608
E745S_02477,985.943627366812,896.640983979548,1339.54903369551,664.963241830919,934.326295834521,875.170389279801,1145.48875467222,646.599577063871,1119.99234059074
E745S_02479,0,0,0,117.720765300211,0,67.7769904572934,1.03476852273913,62.6072606363431,1.08211820346932
E745S_02481,3500.01354233367,3420.7250282618,2433.32418636061,2699.62349614132,1561.15279810325,2753.44023732754,2517.59181582431,3135.49477449226,1891.54261966437
E745S_02482,108.781871320682,288.829485104916,0,126.470281640091,274.748336262926,76.2491142644551,0,64.6599577063871,300.82886056447
E745S_02483,478.294894536965,574.485019824064,0,590.990058230111,313.868132485793,294.829908489226,543.253474438045,197.058918724227,129.854184416318
E745S_02484,1208.68745911868,1214.82951015282,468.760779713616,878.133276293463,1147.21076830315,754.019018837389,837.127734895958,544.991072096691,616.807375977511
E745S_02486,755.429661949177,610.191961663958,0,927.448732027335,704.156332011606,609.145701734924,162.458658070044,228.87572330991,366.838070976098
E745S_02487,59.5710247708494,426.896326885838,1186.55072365009,244.986457516654,0.909762702857372,1069.1820244638,184.188797047566,0,169.892557944683
E745S_02489,687.22515532748,237.252791336181,366.219359151262,720.641982175613,687.780603360173,530.354950328321,984.064865124915,2507.36947105879,2256.21645423353
E745S_02490,671.684887995954,1452.082301489,1482.78149416356,233.055298871363,0,526.966100805456,594.991900575001,865.211815023561,1037.75135712708
E745S_02495,135.545665058309,80.935734837092,29.297548732101,49.315455733872,110.991049748599,102.512698066656,115.894074546783,147.794189043171,140.675366451011
E745S_02496,827.087561311213,1225.14484890657,1463.24979500882,720.641982175613,828.793822303066,798.07406263463,1261.382829219,1369.14894571937,1648.06602388377
E745S_02497,961.769878184438,1107.70868463314,931.01099304232,1260.72576351915,1271.84825859461,1401.28927770454,1300.70403308309,1156.69479896981,1192.49426022319
E745S_02498,353.109407699672,359.449881188261,115.562553332176,299.074376708643,315.687657891508,83.0268133101844,269.039815912175,200.137964329293,75.7482742428522
E745S_02499,37.98732014373,42.0548426114301,0,0,0,0,0,0,0
E745S_02500,0.863348185084774,0,1.62764159622783,0,0,53.3743799851185,0,7.18443974515412,1.08211820346932
E745S_02501,6.90678548067819,7.1413883679787,26.0422655396453,7.15869518717497,5.45857621714423,14.4026104721748,9.31291670465219,10.2634853502202,20.560245865917
E745S_02502,530.095785642051,338.025716084325,128.583686101999,600.534985146345,788.764263377342,393.953757033018,231.788149093566,117.00373299251,138.511130044073
E745S_02505,91.514907618986,14.2827767359574,0,415.204320856148,0,0,1.03476852273913,0,0
E745S_02511,124.322138652207,118.22965186987,317.390111264427,52.4970980392831,0,37.2773447515114,0,130.346263947796,89.8158108879533
E745S_02518,9035.80210509724,3920.62221402031,4881.29714708727,7489.58598693772,10211.1765768711,7361.42837604278,8215.02730202598,6000.03353573872,5298.05072418578
E745S_02520,10159.8814420776,11890.4116326845,9261.28068253637,7038.5881901457,8313.41157871067,7297.04023510835,10401.4931905738,9986.37124576423,12352.3792926023
E745S_02526,816.727383090196,1065.65384202171,1420.9311135069,762.003332145958,1441.06412132608,1224.22189013486,3179.84367037736,1153.61575336475,1117.8281041838
E745S_02529,140.725754168818,469.74465709371,974.957316140472,199.648054664546,300.221691942933,479.522207485351,351.821297731305,225.796677704844,169.892557944683
E745S_02530,45.757453809493,34.9134542434514,0,0,0,43.2078314165245,18.6258334093044,0,0
E745S_02532,1.72669637016955,1.58697519288416,9.76584957736699,0.795410576352774,0.909762702857372,1.69442476143233,0,0,1.08211820346932
E745S_02536,3165.03444652078,2277.30940178876,4275.81447329052,7106.19808913568,5736.05384151573,6967.47461900976,1768.41940536118,896.002271074221,929.539536780143
E745S_02537,195.980038014244,266.611832404538,0,303.84684016676,579.518841720146,526.966100805456,418.04648318661,79.0288371966954,123.361475195502
E745S_02538,1.72669637016955,0.793487596442078,0,0,7.27810162285898,0.847212380716167,2.06953704547827,1.02634853502202,0
E745S_02539,100.148389469834,0,0,106.585017231272,0,0.847212380716167,0,0,0
E745S_02540,0,0,0,0,157.388947594325,0,0,0,0
E745S_02541,69.0678548067819,85.6966604157444,83.0097214076195,63.6328461082219,0.909762702857372,0.847212380716167,172.806343297435,0,21.6423640693863
E745S_02543,499.878599164084,456.255367954195,366.219359151262,194.87559120643,697.787993091604,670.144993146488,498.758427960262,293.535681016297,1209.8081514787
E745S_02544,523.189000161373,498.310210565625,608.737956989209,396.114467023682,493.091384948696,415.134066550922,141.763287615261,573.728831077308,106.047583939993
E745S_02547,3903.19714476826,5402.85704417411,4518.33307112846,8660.430355329,2570.98939827493,6835.30948761804,5635.34937483732,5094.7941278493,6637.71306008079
E745S_02548,1497.045752937,1363.21169068749,1772.50169829211,1469.12333452357,1403.76385050893,1528.37113481197,1186.87949558179,1154.64210189977,1401.34307349277
E745S_02550,0,0,1.62764159622783,151.92342008338,0,69.4714152187257,0,1.02634853502202,0
E745S_02551,135.545665058309,521.321350862445,828.469572479967,141.583082590794,319.326708702938,109.290397112386,300.082871594348,174.479250953743,335.456643075488
E745S_02555,103.601782210173,161.077982077742,372.729925536174,186.126074866549,822.425483383064,240.608316123392,72.4337965917393,280.193150061011,190.4528038106
E745S_02557,210.656957160685,484.82092142611,61.8503806566576,1111.98398574118,0,887.031362609827,615.687271029784,479.304765855282,537.812747124251
E745S_02558,3699.44697308826,1953.5664624404,2762.10778879863,2345.66578966433,3182.34993459509,3328.69744383382,3915.56409004488,1508.73234648237,3746.29322041078
E745S_02559,1838.93163423057,1503.65899525774,2535.86560692296,1761.83442662139,1600.27259432612,1506.34361291335,1671.1511642237,1492.31076992201,1322.34844463951
E745S_02560,2451.90884564076,969.641842852219,1557.65300759004,1174.82142127305,2071.52967440624,1257.26317298279,1173.42750478618,1094.08753833347,1799.56257236947
E745S_02561,5651.47721956493,7788.87424667544,6608.224880685,8411.46684493059,3806.44714875525,4314.85265498744,4142.17839652475,6172.46008962241,3538.52652534467
E745S_02562,40.5773646989844,0,0,0,156.479184891468,0,0,0,0
E745S_02563,24254.9039117716,26709.5859838368,29224.3048602707,33396.1084587476,25748.1040162693,22832.3736603007,27967.7236325933,24751.421270591,27648.1200986411
E745S_02564,20073.7086514061,17434.5094690253,21398.6040656073,20621.0191919457,10799.7930456199,17846.5287997861,21023.392076491,11764.0069084224,17507.5904139301
E745S_02566,634.560916037309,429.276789675164,812.193156517688,82.7226999406885,19.1050167600048,607.451276973492,88.9900929555654,217.585889424668,292.171914936716
E745S_02567,20627.1148380454,15712.641384746,18934.3546889184,19870.947018445,18862.1101183419,16500.3083268281,21781.8774036587,15104.771389919,12249.5780632727
E745S_02568,1062.78161583936,699.062572465471,1536.49366683907,979.150419490265,495.820673057268,653.200745532165,782.285003190784,725.628414260567,857.037617147699
E745S_02569,2754.08071042043,1736.15086101527,1401.39941435216,2462.59114438819,2276.22628254915,1295.38773011502,2025.04199900048,1804.32072456871,1913.18498373375
E745S_02571,8.63348185084774,0,1.62764159622783,2.38623172905832,3.63905081142949,1.69442476143233,5.17384261369566,2.05269707004404,5.41059101734659
E745S_02572,348.792666774249,407.852624571228,0,293.506502674174,396.656538445814,261.788625641296,1316.22556092418,482.383811460348,815.917125415865
E745S_02573,0,0,0,0,0,0,0,66.7126547764312,1.08211820346932
E745S_02577,146.769191464412,572.104557034738,778.012682996904,667.349473559978,331.153623840083,371.079022753681,437.707085118653,113.924687387444,172.056794351621
E745S_02578,4416.02596670862,2825.60933093024,6504.05581852642,3321.63456684918,2205.26479172627,2305.26488792869,2075.7456566147,1642.15765603523,1802.80892697988
E745S_02579,272.818026486789,137.27335418448,551.770501121235,677.689811052564,304.77050545722,346.509863712912,149.006667274435,0,469.639300305684
E745S_02585,0,3.17395038576831,0,3.97705288176387,10.0073897314311,1.69442476143233,4.13907409095653,1.02634853502202,0
E745S_02586,111.371915875936,361.830343977588,527.355877177818,0,0,72.8602647415904,87.9553244328263,59.528215031277,0
E745S_02587,0,44.4353054007564,0,0,0,0,0,0,0
E745S_02588,3.4533927403391,20.630677507494,642.918430509994,3.97705288176387,1.81952540571474,68.6242028380096,1.03476852273913,80.0551857317174,1.08211820346932
E745S_02589,6553.67607297852,3623.06436535453,5677.21388764268,2506.33872608759,4312.27521154394,3718.41513896326,6576.98873052993,4640.12172683454,5192.00314024578
E745S_02591,652.691227924089,230.904890564645,1049.82882956695,266.462543078179,396.656538445814,239.761103742675,555.670696710914,205.269707004404,490.199546171601
E745S_02592,6861.0280268687,3458.81243289102,6349.42986688478,2573.15321450122,1603.00188243469,2101.93391655681,4491.93015721058,3010.28025321958,3065.64087042857
E745S_02593,811.547293979687,603.050573295979,424.814456615464,102.607964349508,588.61646874872,497.31366748039,1202.40102342287,809.788994132372,778.042988294439
E745S_02594,170.0795924617,92.044561187281,50.4568894830628,311.005535353935,402.115114662958,382.092783702991,569.122687506523,834.4213589729,556.208756583229
E745S_02595,121.732094096953,0.793487596442078,3.25528319245567,113.743712418447,0.909762702857372,0.847212380716167,1.03476852273913,26.6850619105725,55.1880283769352
E745S_02596,9395.81829827759,4867.25291657571,7915.22108245595,3232.54858229767,4438.73222724112,2970.32660679088,6762.21229610023,3962.73169372001,6243.82203401796
E745S_02597,167.489547906446,230.904890564645,680.354187223234,0,574.970028205859,71.1658399801581,256.622593639305,392.065140378411,432.847281387727
E745S_02598,50.0741947349169,498.310210565625,1.62764159622783,279.189112299824,0,0.847212380716167,1.03476852273913,236.060163055064,0
E745S_02599,541.319312048153,426.102839289396,740.576926283664,595.762521688228,89.1567448800225,260.094200879863,620.86111364348,807.736297062328,753.154269614645
E745S_02600,965.223270924777,622.094275610589,2304.74050025861,407.25021509262,336.612200057228,472.744508439621,1132.03676387661,408.486716938763,397.137380673239
E745S_02601,702.765422659006,359.449881188261,66.7333054453411,881.314918598874,0.909762702857372,599.826365547046,150.041435797174,448.514309804622,873.269390199739
E745S_02602,0.863348185084774,199.958874303404,3.25528319245567,95.4492691623329,261.101895720066,0.847212380716167,354.925603299523,330.48422827709,0
E745S_02603,488.655072757982,445.940029200448,379.240491921085,240.213994058538,443.964198994398,185.539511376841,545.323011483523,274.035058850879,3.24635461040795
E745S_02604,2565.87080607195,2593.91095276915,2164.76332298302,2758.48387879142,1884.11855761762,1811.34006997117,1848.09658161209,1946.98317093677,2334.12896488332
E745S_02605,1138.75625612682,1533.81152392254,1938.52114110735,1286.17890196244,674.134162817313,886.184150229111,1596.64783058648,2603.84623335086,1519.29395767092
E745S_02606,357.426148625096,595.909184928001,445.973797366426,120.902407605622,1379.20025753178,440.550437972407,305.256714208044,1.02634853502202,398.219498876709
E745S_02608,2223.98492477838,2125.75327086833,983.095524121611,2437.1380059449,1976.91435330907,1531.75998433483,1368.99875558387,2769.0883474894,2369.8388655978
E745S_02609,2748.03727312483,4149.14664179563,4244.88928296219,4862.34485324451,2934.89447941788,4948.56751576313,3555.46464413166,3273.02547818521,2698.80279945248
E745S_02610,99.285041284749,82.5227100299761,0,0,0,181.30344947326,0,115.977384457488,136.346893637134
E745S_02611,201.160127124752,464.190243918616,483.409554079666,179.762790255727,510.376876302986,666.756143623624,511.175650233132,958.609531710565,1282.31007111114
E745S_02614,1239.76799378174,1007.72924748144,875.671178770574,541.674602496239,436.686097371539,1394.51157865881,448.054770346045,833.395010437878,791.028406736071
E745S_02615,844.354525012909,290.416460297801,102.541420562353,112.152891265741,275.658098965784,445.633712256704,965.439031715611,1314.7524733632,432.847281387727
E745S_02616,91.514907618986,58.7180821367138,188.806425162429,3.1816423054111,81.8786432571635,249.927652311269,17.5910648865653,50.2910782160789,0
E745S_02617,5427.87003962797,3976.16634577125,3149.48648870086,4875.86683304251,1855.00615112618,3809.06686369989,4249.79432288962,2140.96304405593,3616.43903599446
E745S_02618,1617.91449884887,1101.3607838616,916.36221867627,1520.02961141015,3804.62762334953,2300.18161364439,846.440651600611,1181.32716381034,543.223338141597
E745S_02619,31684.0150444261,35887.8570118823,47891.7263274077,60559.3796411948,50358.0948912641,61511.0076895166,6819.12456485088,7228.57273216007,8662.35621877188
E745S_02621,138.999057798649,245.187667300602,58.595097464202,50.1108663102248,0,220.275218986203,158.319583979087,0,68.173446818567
E745S_02622,3777.14830974589,2775.61961235439,6355.94043326969,1884.32765537972,2575.53821178922,1409.7614015117,2697.64153878092,994.531730436335,1928.33463858232
E745S_02624,90.6515594339013,231.698378161087,748.715134264803,0,0,0,0,1.02634853502202,0
E745S_02625,125.185486837292,150.762643323995,45.5739646943793,115.334533571152,23.6538302742917,468.508446536041,279.387501139566,68.7653518464752,23.806600476325
E745S_02626,0,25.3916030861465,0,0,0,0,0,61.5809121013211,0
E745S_02627,0,0,0,0,0,0,0,0,261.872605239575
E745S_02628,375.556460511877,265.024857211654,0,0,260.192133017208,337.190527525035,155.21527841087,313.036303181715,0
E745S_02629,35.3972755884757,37.2939170327777,3.25528319245567,69.9961307190441,0,63.5409285537125,1.03476852273913,1.02634853502202,609.232548553225
E745S_02630,437.71752983798,482.440458636783,410.165682249414,124.084049911033,307.499793565792,320.246279910711,1.03476852273913,171.400205348677,450.161172643236
E745S_02631,2359.53058983669,3350.8981197749,794.289098959182,2377.48221271844,2372.66112905203,3111.81107437048,4961.71506653414,2433.4723765372,3556.92253480365
E745S_02632,414.407128840691,645.105415907409,747.087492668575,1224.93228758327,128.276541102889,401.578668459463,696.399215803436,563.465345727088,588.672302687309
E745S_02633,13264.4815156425,8799.77744454265,14497.4036976013,12918.2631705454,14329.6723327065,7639.31403691768,6272.76678484462,7360.97169317791,6302.2564170053
E745S_02634,1453.87834368276,1391.7772441594,1764.36349031097,1438.10232204582,1359.18547806891,1508.88525005549,1192.05333819548,1157.72114750484,1384.02918223726
E745S_02635,1397.76071165225,1108.50217222958,2223.35842044722,1356.97044325783,776.937348240196,853.142867381181,1088.57648592157,1447.15143438104,973.906383122385
E745S_02638,7511.12921023753,6060.65826162459,10079.984405439,6501.68605110758,6564.8476638188,2312.04258697442,4753.72659346358,4861.8130103993,4494.03689900807
E745S_02639,723.485779101041,706.997448429892,279.954354551187,468.496829471784,866.094093120218,316.01021800713,748.137641940393,375.643563818059,1377.53647301644
E745S_02640,70.7945511769515,293.590410683569,0,118.516175876563,0,64.3881409344287,0,120.082778597576,1.08211820346932
E745S_02641,8.63348185084774,27.7720658754727,0,0.795410576352774,43.6686097371539,23.7219466600527,20.6953704547827,44.1329870059468,9.73906383122385
E745S_02642,330.662354887468,146.795205341784,1.62764159622783,0,0,55.916017127267,228.683843525348,423.881944964093,538.89486532772
E745S_02643,4852.01680017643,6256.64969794579,3322.01649790101,5664.91412478446,3260.58952704082,6267.67719253821,7311.67438167471,7836.17106489311,5441.9724452472
E745S_02644,297.855123854247,492.75579739053,0,417.590552585206,540.399045497279,350.745925616493,0,133.425309552862,149.332312078766
E745S_02647,114.825308616275,236.459303739739,94.4032125812143,52.4970980392831,282.026437885785,211.803095179042,232.822917616305,46.1856840759908,0
E745S_02648,99.285041284749,0.793487596442078,0,0,0,0,0,0,0
E745S_02649,2152.32702541634,2703.41224107816,4272.55919009806,3529.23672727726,3204.18423946367,2650.92753926089,3089.81880889905,2734.19249729866,3107.84348036388
E745S_02650,574.989891266459,791.107133652752,1031.92477200845,439.066638146731,539.489282794422,407.509155124476,903.352920351263,803.63090292224,1123.23869520115
E745S_02651,139.862405983733,69.8269084869029,37.4357567132401,37.3842970885804,112.810575154314,96.5822114016431,106.581157842131,131.372612482818,126.60782980591
E745S_02652,1528.98963578513,1421.13628522776,1554.39772439758,1554.23226619332,1704.89530515472,1486.01051577616,1313.12125535596,1378.38608253457,1118.91022238727
E745S_02653,138.135709613564,70.6203960833449,30.9251903283288,47.7246345811664,103.71294812574,106.748759970237,106.581157842131,131.372612482818,123.361475195502
E745S_02654,587.076765857646,815.705249142456,1111.67921022361,442.248280452142,520.384266034417,410.050792266625,959.230420579176,808.76264559735,1103.7605675387
E745S_02657,808.093901239348,1186.26395668091,1079.12637829905,1097.66659536683,937.965346645951,1447.88595864393,1055.46389319392,1250.09251565682,1496.56947539807
E745S_02658,56.9809802155951,80.1422472406499,1.62764159622783,292.711092097821,2.72928810857212,33.0412828479305,2.06953704547827,1.02634853502202,112.540293160809
E745S_02659,1504.81588660276,1361.62471549461,1798.54396383176,1543.89192870073,1379.20025753178,1545.31538242629,1217.92255126396,1078.69231030814,1292.04913494236
E745S_02660,3479.29318589164,3464.36684606611,3639.40660916543,4781.21297445653,4476.03249805827,2951.68793441513,2776.28394650909,3534.74435461583,3311.28170261611
E745S_02661,0,0,0,0,319.326708702938,33.8884952286467,0,1.02634853502202,1.08211820346932
E745S_02662,709.672208139684,865.694967718307,2330.78276579826,1329.92648366184,1947.80194681763,1472.4551176847,1185.84472705905,800.551857317174,1542.01843994378
E745S_02664,10.3601782210173,1.58697519288416,9.76584957736699,12.7265692216444,10.0073897314311,25.416371421485,7.24337965917393,3.07904560506605,0
E745S_02665,522.325651976288,467.364194304384,397.144549479591,711.892465835733,313.868132485793,516.799552236862,499.793196483001,508.042524835899,418.779744742626
E745S_02666,363.46958592069,348.341054838072,172.53000920015,521.78933808742,364.814843845806,240.608316123392,120.033148637739,253.508088150438,108.211820346932
E745S_02667,2343.12697432008,2044.81753603124,3548.25867977667,1971.02740820217,4258.59921207536,2547.56762881352,2260.96922218501,2383.18129832113,2862.20264817634
E745S_02668,37.1239719586453,43.6418178043143,0,0,0.909762702857372,1.69442476143233,137.624213524305,0,0
E745S_02671,113.098612246105,0,0,136.810619132677,0,0,0,0,0
E745S_02673,2656.52236550585,3252.50565781608,538.749368351413,2158.74430422143,2849.37678534929,3158.40775530987,2382.03713934548,3118.04684939689,2662.01078053452
E745S_02675,0,36.5004294363356,0,0,0,0,0,0,0
E745S_02678,259.867803710517,420.548426114301,201.827557932251,132.833566250913,299.311929240075,316.01021800713,247.309676934653,331.510576812112,206.68457686264
E745S_02680,8.63348185084774,1.58697519288416,0,3.97705288176387,3.63905081142949,0.847212380716167,4.13907409095653,2.05269707004404,5.41059101734659
E745S_02682,0.863348185084774,70.6203960833449,1.62764159622783,0,0,93.1933618787784,272.144121480392,184.742736303963,0
E745S_02683,2252.47541488617,1449.70183869968,1248.40110430675,1986.14020915288,329.334098434369,1608.85631098,1747.7240349064,1364.01720304426,1141.63470466013
E745S_02684,0,0,0,0,0,0,0,82.1078828017614,2.16423640693863
E745S_02686,207.203564420346,208.687237864267,937.521559427232,177.376558526669,406.663928177245,75.4019018837389,291.804723412435,164.215765603523,191.534922014069
E745S_02687,6330.93224122665,6965.23412156856,8470.24686676964,7088.69905645592,9024.84601234513,5347.60454708045,5427.36090176675,4666.80678874511,5421.41219938128
E745S_02688,1306.24580403326,1360.83122789816,1818.07566298649,1648.8861247793,760.561619588763,1676.6333014373,1283.11296819652,1569.28691004867,1204.39756046135
E745S_02689,1832.88819693497,695.09513448326,231.125106664352,1951.14214379335,947.972736377382,1004.79388352937,1718.7505162697,266.850619105725,484.788955154254
E745S_02690,0,0,0,7.15869518717497,0,1.69442476143233,0,0,0
E745S_02692,1371.86026609971,1631.41049828491,3284.58074118777,1793.65084967551,1750.38344029758,1974.00484706867,1752.89787752009,1290.12010852268,1420.82120115521
E745S_02694,3337.70408353774,3603.22717544348,2740.94844804767,3929.3282471827,4487.85941319542,5413.68711277631,4570.57256493875,6040.06112860457,4697.47512126031
E745S_02695,264.184544635941,154.730081306205,0,288.734039216057,503.098774680127,72.8602647415904,258.692130684783,120.082778597576,111.45817495734
E745S_02696,4320.19431816421,4553.03182838464,4347.43070352454,7724.23210696179,2733.8369220864,4860.45742816865,5316.64066983366,4992.15927434709,5763.36155167758
E745S_02697,385.053290547809,575.278507420507,582.695691449564,392.137414141918,161.937761108612,280.427298017051,567.053150461045,502.910782160789,471.803536712622
E745S_02699,4547.2548908415,3761.92469473189,5494.91802886516,2740.98484611166,2637.40207558352,1918.93604232212,1951.573433886,2637.71573500659,2889.25560326308
E745S_02700,3468.93300767062,3399.30086315786,3492.91886550493,4708.83061200842,4302.26782181251,2978.79873059804,2902.52570628327,3452.63647181407,3242.02613759407
E745S_02701,4082.7735672659,3385.0180864219,3505.93999827475,2849.95609507199,3237.84545946939,2254.43214508572,4396.73145311857,2919.96158213764,3871.81893201322
E745S_02702,14010.4143475557,6882.71141153858,6600.08667270386,10738.8381913388,5270.25533765276,6700.60271908417,6735.30831450901,5640.81154848101,6686.40837923691
E745S_02704,503.331991904423,211.067700653593,0,477.246345811665,0,0,170.736806251957,162.163068533479,0
E745S_02705,566.356409415612,622.887763207031,802.427306940322,756.435458111488,1151.75958181743,1036.14074161587,1140.31491205852,1076.6396132381,338.702997685896
E745S_02706,2672.92598102246,1853.58702528869,2363.33559772281,2637.5814711858,788.764263377342,1171.69472253046,2722.47598332666,1387.62321934977,1702.17193405724
E745S_02707,1180.19696901089,1075.17569317902,1201.19949801614,1299.70088176043,1032.58066774312,926.003132122771,923.013522283306,932.950818335014,1071.29702143462
E745S_02709,0,0,0,0,0,0,33.1125927276522,0,0
E745S_02710,12147.3089641428,14650.9549807065,24505.7718728062,22863.2816066841,12731.2192637861,11423.8117415768,9994.82916113728,9767.75900780454,13103.36932581
E745S_02711,496.425206423745,124.577552641406,61.8503806566576,242.600225787596,580.428604423003,232.983404696946,261.796436253001,165.242114138545,330.046052058142
E745S_02712,4435.01962678048,2423.31111953411,3289.46366597645,2113.40590136932,2042.4172679148,3429.51571713905,3640.31566299627,2704.42838978302,2708.5418632837
E745S_02713,3227.19551584688,1368.76610386258,1526.72781726171,1775.35640641939,3281.51406920654,1281.83233202356,1732.20250706531,1315.77882189823,1273.65312548339
E745S_02714,0,0,0,0,0,1.69442476143233,0,0,412.28703552181
E745S_02715,50.9375429200017,125.371040237848,0,0.795410576352774,0,89.8045123559137,0,0,8.65694562775454
E745S_02716,4703.52091234185,3444.52965615506,3435.95140963695,3129.94061794817,4993.68747598412,4957.03963957029,3846.23459902136,2436.55142214227,2692.31009023166
E745S_02718,334.979095812892,819.672687124667,447.601438962654,391.342003565565,0.909762702857372,834.504195005425,315.604399435435,598.361195917836,811.588652601988
E745S_02719,13510.5357483916,19020.6911743131,11123.302668621,19462.1059821997,18225.2762263417,13551.1620295551,14686.4696432365,14457.1454643201,11908.7108291798
E745S_02720,43.1674092542387,164.25193246351,0,0,0,149.109379006045,0,52.3437752861229,0
E745S_02721,0,0,0,0,0,0,290.769954889696,0,0
E745S_02722,688.95185169765,1097.39334587939,353.19822638144,568.718562092234,920.679855291661,835.351407386141,1601.82167320018,377.696260888103,254.29777781529
E745S_02723,0,25.3916030861465,0,96.2446797386857,0,0,0,111.8719903174,0
E745S_02724,78.5646848427144,26.9785782790307,0,0,235.628540040059,215.191944701906,32.0778242049131,132.39896101784,107.129702143462
E745S_02726,2956.10418573027,4301.49626031251,3252.02790926321,3848.99177897107,5972.59214425865,4763.02800438629,3317.46788390166,4857.70761625921,4021.15124409198
E745S_02727,297.855123854247,337.232228487883,218.10397389453,198.057233511841,0.909762702857372,368.537385611533,183.154028524826,474.173023180172,284.59708751243
E745S_02728,537.002571122729,627.648688785684,1313.50676815586,658.599957220097,336.612200057228,637.103710298558,441.84615920961,549.09646623678,1020.43746587157
E745S_02730,0,84.1096852228603,0,0,0,0,0,0,0
E745S_02731,3131.36386730247,3704.00010019162,2797.91590391564,4933.93180511626,3454.36898274944,3837.87208464424,3153.97445730888,3761.56738085569,2896.83043068736
E745S_02733,3759.88134604419,3669.88013354461,4699.00128830975,2558.83582412687,3142.32037566936,5578.04631463525,5757.45206052053,6788.26921063563,10295.2725878071
E745S_02734,874.571711490876,808.563860774477,1586.95055632214,1200.27455971634,523.113554142989,1164.91702348473,175.910648865653,284.298544201099,293.254033140185
E745S_02735,4849.42675562117,2870.83812392744,3261.79375884058,2731.43991919543,4132.14219637818,5041.76087764191,2632.45112184835,4002.75928658587,5014.53575487682
E745S_02737,0.863348185084774,126.958015430732,0,107.380427807625,316.597420594366,126.234644726709,0,112.898338852422,146.085957468358
E745S_02738,1.72669637016955,2.38046278932623,0,127.265692216444,0.909762702857372,70.3186275994419,1.03476852273913,109.819293247356,1.08211820346932
E745S_02740,3275.54301421163,2952.56734636097,4274.18683169429,2778.36914320024,3900.15270714955,3654.87421040955,2913.9081600334,2495.05328863852,2567.86649683269
E745S_02741,150.222584204751,89.6640983979548,48.829247886835,711.892465835733,182.862303274332,374.467872276546,0,443.382567129512,0
E745S_02742,914.285728004775,1118.02402338689,598.972107411842,363.502633393218,351.168403302946,349.051500855061,499.793196483001,394.117837448455,95.2264019052999
E745S_02745,2062.53881416752,1659.18256416039,2145.23162382828,2441.91046940302,2676.52187180639,2019.75431562734,1722.88959036066,997.610776041401,1536.60784892643
E745S_02746,1209.55080730377,1352.1028643373,1176.78487407272,1489.00859893239,1606.64093324612,1696.96639857448,1502.48389501722,1333.2267469936,1256.33923422788
E745S_02747,168.352896091531,399.917748606807,4.8829247886835,167.831631610435,153.749896782896,64.3881409344287,256.622593639305,375.643563818059,212.095167879986
E745S_02749,1496.18240475191,1340.20055039067,1586.95055632214,1594.00279501096,1582.07734026897,1496.17706434475,1233.44407910505,1385.57052227972,1162.19495052605
E745S_02750,2015.91801217295,2464.57247454909,1826.21387096763,2113.40590136932,1848.63781220618,2046.01789942954,1191.01856967274,894.975922539199,1745.45666219601
E745S_02751,0.863348185084774,0,0,224.305782531482,0.909762702857372,0,0,115.977384457488,0
E745S_02753,1122.35264061021,677.638407361535,1889.69189322051,633.146818776808,927.95795691452,700.64463885227,428.394168414001,374.617215283037,564.865702210983
E745S_02754,610.387166854935,315.808063383947,426.442098211692,327.709157457343,233.809014634345,308.385306580685,339.404075458436,322.273439996914,413.369153725279
E745S_02755,15.5402673315259,0,0,0,0,19.4858847564718,0,0,0
E745S_02756,0.863348185084774,17.4567271217257,0,0,1.81952540571474,0.847212380716167,1.03476852273913,1.02634853502202,0
E745S_02757,1566.97695592886,1228.31879929234,3299.22951555382,1028.46587522414,1356.45618996034,1046.30729018447,2846.64820605535,1388.64956788479,1081.03608526585
E745S_02758,170.942940646785,312.634112998179,0,275.21205941806,309.319318971507,224.511280889784,523.592872506001,674.310987509466,465.310827491806
E745S_02759,595.710247708494,596.702672524443,817.076081306372,94.6538585859801,281.116675182928,355.82919990079,271.109352957653,732.812854005721,1003.12357461606
E745S_02761,470.524760871202,103.15338753747,53.7121726755185,277.598291147118,0.909762702857372,209.261458036893,91.0596300010437,122.13547566762,387.398316842016
E745S_02762,2428.59844464347,1470.33251620717,2501.68513340218,1415.03541533159,968.897278543101,1425.85843674531,1015.10792080709,878.554345978847,985.809683360548
E745S_02763,3921.32745665504,3162.04807182168,6108.53891064306,3016.99231610607,5986.23858480151,6453.21670391505,4871.69020505584,5697.26071790722,3510.39145205446
E745S_02764,17396.4659294582,17839.9816308072,20174.617585244,18920.4313797034,13620.0574244777,15457.3898861665,12915.9807008299,16998.3844370347,14833.6763331574
E745S_02765,2162.68720363736,2664.5313488525,14385.0964274616,1469.91874509993,2531.86960205207,1193.72224442908,2274.42121298061,2396.52382927641,2816.75368363063
E745S_02766,531.822482012221,484.027433829668,431.325023000376,729.391498515494,304.77050545722,553.229684607657,530.836252165175,541.912026491625,451.243290846705
E745S_02767,2378.52424990855,2105.12259336083,1678.0984857109,1719.6776660747,2000.56818358336,3075.38094199969,3137.41816094505,2949.72568965328,2031.13586791191
E745S_02769,851.261310493587,1287.83036902549,1469.76036139373,1660.02187284824,1056.23449801741,1704.59131000093,1074.08972660322,1513.86408915748,530.237919699965
E745S_02770,961.769878184438,1152.93747763034,1386.75063998611,1077.78133095801,1077.15904018313,1169.15308538831,963.369494670133,1109.4827663588,983.645446953609
E745S_02771,1067.09835676478,1191.818369856,970.074391351788,1014.14848484979,476.715656297263,696.40857694869,860.927410918958,776.945841011667,1192.49426022319
E745S_02772,38.8506683288148,122.990577448522,0,0,0,0,78.6424077281741,0,0
E745S_02773,1501.36249386242,1419.54931003488,1614.62046345801,1531.96077005544,1571.16018783468,1543.62095766486,1178.60134739987,1360.9381574392,1226.03992453074
E745S_02774,821.907472200705,1054.54501567152,1235.37997153692,1026.87505407143,1019.84398990311,1004.79388352937,842.301577509654,904.213059354398,915.472000135042
E745S_02775,1507.40593115802,1390.19026896652,1661.82206974862,1525.59748544462,1619.37761108612,1525.82949766982,1222.06162535492,1408.15019005021,1168.68765974686
E745S_02778,626.790782371546,795.074571634962,359.708792766351,0,748.734704451617,275.344023732754,201.779861934131,652.757668274003,1236.86110656543
E745S_02779,120.868745911868,428.483302078722,402.027474268275,475.655524658959,777.847110943053,266.024687544877,0,97.5031108270917,115.786647771217
E745S_02780,1572.15704503937,2129.72070885054,439.463230981515,2060.90880333004,1789.50323652045,2678.0383354438,1776.69755354309,3257.63025015988,2263.79128165781
E745S_02781,472.251457241371,773.650406531026,0,861.429654190054,535.850231982992,260.94141326058,236.961991707261,399.249580123565,673.077522557915
E745S_02782,1213.00420004411,1205.30765899552,1121.44505980098,1355.37962210513,1166.31578506315,1002.25224638723,986.134402170394,1152.58940482973,1050.73677556871
E745S_02783,4046.51294349234,3607.98810102213,3118.56129837253,3880.80820202519,3105.02010485221,4899.4291976816,3605.13353322314,4706.83438161097,7084.62787811362
E745S_02784,0.863348185084774,124.577552641406,3.25528319245567,0,0,0,1.03476852273913,1.02634853502202,0
E745S_02785,2389.74777631465,2364.59303739739,2412.16484560965,2581.90273084111,2649.22899072067,2340.84780791877,2447.22755627805,2593.58274800064,2520.25329588004
E745S_02786,429.947396172217,780.791794899005,455.739646943793,252.940563280182,1003.46826125168,515.952339856146,553.601159665436,339.721365092288,997.71298359871
E745S_02787,908.242290709182,1111.67612261535,690.120036800601,540.083781343534,1664.86574622899,1022.58534352441,893.005235123872,846.737541393165,1293.13125314583
E745S_02788,124.322138652207,149.969155727553,319.017752860655,124.084049911033,382.100335200096,305.843669438536,177.980185911131,175.505599488765,260.790487036105
E745S_02789,2253.33876307126,1462.39764024275,1194.68893163123,1285.38349138608,3371.58057678942,1471.60790530398,1389.69412603866,2090.67196583985,772.632397277092
E745S_02790,3082.15302075264,3312.01722754923,2749.08665602881,2840.41116815576,4596.12117483544,2874.59160776996,3230.54732799157,3328.4482990764,3403.261749911
E745S_02791,56.9809802155951,77.7617844513236,99.2861373698978,74.7685941771608,37.3002708171523,38.1245571322275,110.720231933087,181.663690698897,35.7099007144875
E745S_02792,795.143678463077,913.304223504832,724.300510321385,388.955771836507,652.299857948736,1179.3196339569,915.770142624133,1019.16409527686,805.095943381172
E745S_02793,118.278701356614,461.809781129289,260.422655396453,289.52944979241,339.3414881658,374.467872276546,365.273288526914,305.851863436561,148.250193875296
E745S_02794,0,74.5878340655553,0,214.760855615249,0,0.847212380716167,0,0,0
E745S_02796,947.956307223082,1329.09172404048,1362.3360160427,839.95356862853,1300.05090238318,1497.87148910618,1090.64602296705,1573.39230418875,1333.1696266742
E745S_02797,27.6271419227128,86.4901480121865,66.7333054453411,150.332598930674,0,78.7907514066036,163.493426592783,30.7904560506605,32.4635461040795
E745S_02798,834.857694976976,413.407037746323,203.455199528479,1078.57674153436,626.826502268729,534.591012231902,533.940557733393,571.676134007264,380.9056076212
E745S_02799,739.889394617651,629.235663978568,722.672868725158,933.016606061804,931.597007725949,911.600521650596,1476.61468194874,306.878211971583,292.171914936716
E745S_02800,6264.45443097512,5874.98216405715,6945.14669110416,5928.19502555723,4070.27833258388,5238.31414996806,6510.76354507462,6195.0397573929,5996.01696542349
E745S_02801,300.445168409501,553.060854720128,628.269656143943,641.896335116689,221.982099497199,232.13619231623,184.188797047566,95.4504137570477,617.88949418098
E745S_02802,65.6144620664428,32.5329914541252,0,0,199.238031925765,236.372254219811,32.0778242049131,110.845641782378,114.704529567748
E745S_02803,2962.14762302586,4249.12607894733,3287.83602438022,3785.35893286285,5849.7741793729,4873.16561387939,3226.40825390062,4828.96985727859,3990.85193439484
E745S_02804,1429.70459450039,1299.73268297212,1785.52283106193,1471.50956625263,1394.66622348035,1463.98299387754,1280.00866262831,1121.79894877907,1327.75903565685
E745S_02805,32.8072310332214,34.9134542434514,30.9251903283288,69.2007201426914,60.9541010914439,46.5966809393892,50.7036576142175,18.4742736303963,1.08211820346932
E745S_02806,813.273990349857,1159.28537840188,703.141169570424,1591.6165632819,1401.03456240035,1168.30587300759,1449.71070035752,1252.14521272686,1092.93938550401
E745S_02807,0,42.8483302078722,0,127.265692216444,0,0,0,0,0
E745S_02808,0,3.17395038576831,0,0.795410576352774,0,0,0,0,6.4927092208159
E745S_02810,3619.15559187537,1457.6367146641,3628.01311799184,1344.24387403619,2086.08587765195,1566.49569194419,2264.07352775322,2016.77487131826,1332.08750847073
E745S_02811,5795.65636647409,6293.94361497856,7728.04229888975,5621.16654308506,3199.63542594938,5633.1151193818,9578.85221499615,6418.7837380277,7165.78674337382
E745S_02812,736.436001877312,769.682968548816,2063.84954401689,336.458673797223,736.907789314472,477.827782723918,788.493614327219,567.570739867176,348.44206151712
E745S_02813,50.0741947349169,255.503006054349,0,0.795410576352774,0,2.5416371421485,140.728519092522,3.07904560506605,425.272453963442
E745S_02814,1019.61420658512,475.299070268805,292.97548732101,318.959641117462,0,691.325302664393,345.61268659487,1089.98214419338,1025.84805688891
E745S_02815,12.0868745911868,26.1850906825886,4.8829247886835,7.95410576352774,0,27.1107961829174,91.0596300010437,27.7114104455945,14.0675366451011
E745S_02816,808.093901239348,815.705249142456,1046.5735463745,813.705019608888,595.894570371579,400.731456078747,1232.40931058231,1083.82405298325,195.863394827946
E745S_02817,9301.71334610335,9977.31303766269,4332.78192915849,11706.0574521838,4769.8858510812,10052.1748971973,10171.7745785257,8226.18350820147,10684.835141056
E745S_02818,1796.62757316141,3249.33170743031,107.424345351037,2808.59474510165,3660.88511629807,2727.17665352534,1760.14125717926,3081.0983021361,1768.18114446886
E745S_02819,804.640508499009,564.169681070317,2176.15681415661,1271.86151158809,570.421214691572,723.519373131607,630.174030348132,1086.90309858832,750.990033207706
E745S_02820,0,165.838907656394,1.62764159622783,65.2236672609275,0,342.273801809332,93.1291670465219,237.086511590086,267.283196256921
E745S_02821,2069.4455996482,1759.95548890853,734.066359898752,768.36661675678,606.811722805867,1709.67458428523,1003.72546705696,1891.56035004558,1998.67232180783
E745S_02823,4057.73646989844,6131.27865770794,3857.51058305996,4072.5021509262,7035.19498119606,3512.54253044923,4268.42015629892,3571.69290187662,3630.50657263956
E745S_02824,96.6949967294947,322.155964155484,122.073119717087,127.265692216444,303.860742754362,110.137609493102,0,325.35248560198,253.21565961182
E745S_02825,12601.4301094974,7033.47405486258,7876.15768414648,9116.9960261555,12277.2476750602,9712.44273253014,6880.17590769249,7543.66173241183,7522.88575051869
E745S_02826,2870.63271540687,1395.74468214162,2954.16949715352,1792.85543909915,3090.46390160649,1772.36830045822,1191.01856967274,1969.56283870725,2252.97009962312
E745S_02828,2440.68531923466,1710.75925792912,1577.18470674477,1467.53251337087,1068.06141315455,1739.32701761029,2840.43959491892,1244.96077298171,2336.29320129026
E745S_02829,458.437886280015,430.863764868048,901.713444310219,480.427988117076,572.240740097287,343.121014190048,126.241759774174,496.752690950657,99.5548747191772
E745S_02830,1221.63768189495,918.858636679926,834.980138864878,582.240541890231,1875.02093058904,1341.98441105441,1495.24051535805,1140.27322240946,525.909446886088
E745S_02831,1620.50454340412,1225.93833650301,1539.74895003153,1162.89026262776,441.234910885826,1835.06201663122,1004.7602355797,845.711192858143,1023.68382048197
E745S_02832,1525.5362430448,1451.28881389256,1647.17329538257,1586.84409982378,1572.06995053754,1515.66294910122,1271.73051444639,1373.25433985946,1235.77898836196
E745S_02833,0.863348185084774,0,0,0,0,0,0,0,112.540293160809
E745S_02834,1023.93094751054,1550.47476344782,1691.11961848072,1127.89219726823,947.972736377382,1224.22189013486,554.635928188175,1123.85164584911,1442.4635652246
E745S_02835,450.667752614252,808.563860774477,400.399832672047,272.825827689002,1517.4841883661,741.310833126646,626.034956257175,528.569495536339,959.838846477284
E745S_02836,1421.93446083462,1405.26653329892,1643.91801219011,1438.89773262217,1431.05673159465,1476.69117958828,1237.583153196,1144.37861654955,1438.13509241072
E745S_02837,0,0,257.167372203998,0,0,0,0,0,0
E745S_02838,0,0,0,0,0,0.847212380716167,0,215.533192354624,0
E745S_02839,512.828821940356,802.215960002941,1072.61581191414,435.88499584132,520.384266034417,443.939287495272,979.925791033959,846.737541393165,1113.49963136993
E745S_02840,120.868745911868,65.8594705046925,35.8081151170123,47.7246345811664,91.8860329885946,105.054335208805,127.276528296913,131.372612482818,124.443593398971
E745S_02841,214.973698086109,228.524427775318,159.508876430328,318.959641117462,435.776334668681,294.829908489226,303.187177162566,198.085267259249,335.456643075488
E745S_02842,227.92392086238,196.784923917635,216.476332298302,311.800945930287,0,155.887078051775,95.1987040920002,178.584645093831,269.44743266386
E745S_02844,1587.6973123709,834.748951457066,1178.41251566895,928.244142603687,1070.79070126313,2082.44803180034,1623.5518121777,2449.89395309756,1223.8756881238
E745S_02845,485.201680017643,349.928030030956,960.308541774421,254.531384432888,0,222.816856128352,640.521715575523,111.8719903174,404.712208097525
E745S_02846,338.432488553231,453.874905164869,115.562553332176,162.263757575966,0,195.706059945435,342.508381026653,414.644808148895,921.964709355858
E745S_02847,7494.72559472092,7443.70714222313,9603.08541774421,7402.09082353892,7862.16927809341,5985.55546975972,6783.94243507775,5682.89183841691,5320.77520645863
E745S_02848,564.629713045442,454.668392761311,673.843620838323,379.410844920273,456.700876834401,624.395524587815,461.506761141653,509.068873370921,662.256340523222
E745S_02849,467.934716315947,835.542439053508,361.336434362579,265.667132501827,1448.34222294894,735.380346461633,628.104493302654,604.519287127968,930.621654983613
E745S_02850,1372.72361428479,1803.59730671284,2233.12427002459,1632.97791325225,1538.40873053182,1698.66082333592,2154.38806434287,2319.54768914976,1410.00001912052
E745S_02851,256.414410970178,221.38303940734,224.614540279441,314.982588235699,0,144.873317102465,92.0943985237828,161.136719998457,262.954723443044
E745S_02852,2064.26551053769,2222.55875763426,3964.934928411,2737.80320380625,1363.7342915832,1804.56237092544,3078.43635514892,2633.6103408665,3122.99313521245
E745S_02853,5800.8364555846,5442.53142399621,6938.63612471925,3379.69953892294,4958.20673057268,4304.68610641885,3533.73450515414,4259.34642034137,2935.78668601226
E745S_02854,904.788897968843,637.170539942989,844.745988442245,264.871721925474,635.014366594446,503.244154145403,202.81463045687,114.951035922466,145.003839264888
E745S_02855,50.0741947349169,43.6418178043143,17.9040575585062,30.2256019014054,889.74792339451,295.677120869942,24.8344445457392,20.5269707004404,82.2409834636681
E745S_02856,1560.07017044819,2574.0737628581,805.682590132777,2580.3119096884,1104.45192126885,612.534551257789,2239.23908320748,1248.03981858677,1540.93632174031
E745S_02857,1250.12817200275,1111.67612261535,1188.17836524632,1326.74484135643,1100.81287045742,947.183441640675,941.639355692611,1060.21803667774,1059.39372119646
E745S_02858,1.72669637016955,1.58697519288416,3.25528319245567,1.59082115270555,0,0.847212380716167,3.1043055682174,1.02634853502202,0
E745S_02859,3784.05509522656,4014.25375040047,2640.03466908154,5014.26827332789,7342.69477476185,9625.17985731638,4147.35223913844,4977.79039485679,6589.01774092467
E745S_02860,214.110349901024,215.828626232245,247.401522626631,321.345872846521,0,127.929069488141,88.9900929555654,184.742736303963,298.664624157532
E745S_02861,1.72669637016955,23.0111402968203,613.620881777893,46.1338134284609,2.72928810857212,118.609733300263,105.546389319392,3.07904560506605,317.06063361651
E745S_02862,834.857694976976,1156.90491561255,976.584957736699,1035.62457041131,984.363244491677,1394.51157865881,1147.5582917177,1242.90807591166,1500.89794821194
E745S_02863,2198.94782741092,1860.72841365667,4087.00804812809,2143.63150327073,1716.72222029186,2424.72183360967,1885.3482484307,2667.47984252222,2062.51729581252
E745S_02865,1.72669637016955,101.566412344586,296.230770513466,132.038155674561,0,2.5416371421485,203.849398979609,5.13174267511009,3.24635461040795
E745S_02866,6807.50043939344,8824.37556003235,9951.40071933697,7880.92799050329,3862.8524363324,3214.32377243714,6953.64447280697,7961.38558616579,8958.85660652248
E745S_02867,903.925549783758,933.934901012326,1046.5735463745,904.381825313104,977.085142868818,874.323176899085,1314.1560238787,1227.51284788633,1177.34460537462
E745S_02869,115.68865680136,238.839766529065,0,0,0,221.969643747636,167.632500683739,227.849374774888,275.940141884676
E745S_02870,46.6208019945778,72.2073712762291,0,11.9311586452916,290.214302211502,161.817564716788,296.978566026131,0,206.68457686264
E745S_02871,691.541896252904,545.91946635215,26.0422655396453,711.892465835733,508.557350897271,328.718403717873,1003.72546705696,258.639830825548,561.619347600576
E745S_02872,1326.10281229021,1349.72240154797,984.723165717839,1625.02380748872,516.745215222987,1183.55569586049,1839.81843343018,1814.58420991893,1504.14430282235
E745S_02873,509.375429200017,335.645253294999,99.2861373698978,489.177504456956,338.431725462942,371.926235134397,339.404075458436,413.618459613873,718.526487103627
E745S_02874,9929.36747665998,6861.28724643465,6914.22150077583,5444.58539513474,9003.92147017941,6900.54484093318,6663.90928644001,4586.7516030134,7403.85274813707
E745S_02875,2552.05723511059,2528.05148226446,2166.39096457925,2720.30417112649,1893.21618464619,1873.18657376345,1886.38301695344,1879.24416762531,2374.16733841168
E745S_02876,105.328478580342,373.732657924219,620.131448162804,1097.66659536683,365.724606548664,167.748051381801,98.3030096602176,328.431531207046,638.449740046897
E745S_02877,613.840559595274,544.332491159265,621.759089759032,443.043691028495,410.302978988675,598.97915316633,390.107733072653,470.067629040084,503.184964613232
E745S_02878,1274.30192118513,777.617844513236,1964.56340664699,645.0779774221,1106.27144667456,804.851761680359,592.922363529523,404.381322798675,681.73446818567
E745S_02879,1300.20236673767,1772.6512904516,1394.88884796725,1033.23833868225,285.665488697215,1913.85276803782,574.296530120219,882.659740118935,816.999243619334
E745S_02881,0,25.3916030861465,0,0,0,0,0,33.8695016557266,0
E745S_02883,932.416039891556,1271.16712950021,1886.43661002806,741.322657160786,821.515720680207,1830.82595472764,1420.73718172083,586.045013497572,1114.5817495734
E745S_02884,1647.26833714175,3527.84585378148,1862.02198608464,2022.7290956651,1829.53279544618,2678.88554782452,2376.86329673179,1850.5064086447,3470.3530785261
E745S_02885,596.573595893579,1052.1645528822,447.601438962654,0.795410576352774,647.751044434449,658.284019816462,67.2599539780436,732.812854005721,199.109749438354
E745S_02887,2374.20750898313,2059.10031276719,2169.6462477717,1551.05062388791,1835.90113436618,2285.77900317222,1881.20917433974,3034.91261806011,2351.44285613883
E745S_02888,9578.84811351557,10198.69607707,8245.6323264902,9893.3167486758,6268.26502268729,7847.72828257386,10785.39231251,6346.93934057616,8399.40149532884
E745S_02889,0,47.6092557865247,0,66.814488413633,0,77.9435390258874,0,0,0
E745S_02890,4134.57445837098,3153.31970826082,2755.59722241372,3748.77004635062,3355.20484813799,5317.10490137467,3926.94654379501,6400.3094643973,4591.42753732031
E745S_02891,1573.02039322446,1410.82094647401,1640.66272899766,1520.02961141015,1597.54330621755,1558.02356813703,1281.04343115105,1380.43877960461,1128.6492862185
E745S_02892,1198.32728089767,1264.81922872867,1085.63694468396,1853.30664290196,2254.39197768057,203.33097137188,398.385881254566,1091.0084927284,659.009985912814
E745S_02893,1610.1443651831,1693.30253080739,2145.23162382828,2708.3730124812,2408.14187446346,942.947379737094,752.27671603135,1969.56283870725,1391.60400966154
E745S_02894,1268.25848388953,1126.75238694775,1220.73119717087,1310.83662982937,1065.33212504598,857.378929284761,985.099633647654,1021.21679234691,1050.73677556871
E745S_02895,7790.854022205,6691.48090079604,8987.83689437009,7438.67971005114,7519.18873911618,6321.89878490404,8627.89994259889,6459.83767942858,8994.56650723696
E745S_02896,1688.70905002582,1957.53390042261,3546.63103818045,2236.694540704,2837.54987021214,1218.29140346985,1767.38463683844,1707.84396227664,1800.64469057294
E745S_02897,443.760967133574,299.938311455105,83.0097214076195,295.892734403232,1032.58066774312,186.386723757557,140.728519092522,338.695016557266,437.175754201604
E745S_02898,1496.18240475191,983.924619588177,1230.49704674824,831.999462865002,593.165282263007,410.898004647341,981.995328079437,792.341069036998,927.375300373205
E745S_02900,105.328478580342,170.599833235047,0,0,0,34.7357076093629,147.971898751696,73.8970945215853,0
E745S_02901,1199.19062908275,645.898903503851,1049.82882956695,1177.20765300211,1111.73002289171,853.990079761897,1209.64440308205,678.416381649554,1190.33002381625
E745S_02903,1490.13896745632,1388.60329377364,1197.94421482368,1846.94335829114,1389.20764726321,1198.80551871338,2492.75737127857,2251.80868583831,1827.69764565968
E745S_02904,199.433430754583,227.730940178876,172.53000920015,112.152891265741,672.314637411598,493.924817957526,828.849586714045,634.283394643607,0
E745S_02905,5281.96419634865,3294.56050042751,5634.89520614076,4455.89004872824,4899.07215488695,5685.6422869862,5990.27497813684,4586.7516030134,4433.43827961379
E745S_02908,1017.02416202986,551.473879527244,914.734577080042,1478.66826143981,1326.43402076605,863.309415949774,411.837872050175,540.885677956603,710.951659679341
E745S_02909,185.619859793226,83.3161976264182,52.0845310792906,36.5888865122276,198.328269222907,104.207122828089,87.9553244328263,50.2910782160789,27.0529550867329
E745S_02910,9729.07069772032,17387.6937008353,13278.3001420267,10002.2879976361,7154.37389527038,7718.10478832428,19453.6482274957,21508.1598999214,20854.5820172607
E745S_02911,845.217873197994,1204.51417139907,979.840240929155,1094.48495306142,968.897278543101,1325.8873758208,1049.25528205748,1208.01222572091,1536.60784892643
E745S_02913,4978.92898338389,3957.12264345664,3269.93196682172,4237.94755080758,4660.71432673832,5047.69136430692,5973.71868177301,4299.37401320723,5454.95786368883
E745S_02914,4111.26405737369,6843.83051931292,4918.73290380051,5790.5889958482,3844.65718227525,8164.5857129617,4503.31261096071,4816.65367485833,3863.16198638546
E745S_02915,286.631597448145,422.928888903628,102.541420562353,614.056964944342,345.709827085801,363.454111327236,337.334538412957,29.7641075156385,73.5840378359136
E745S_02916,91.514907618986,41.2613550149881,0,110.562070113036,1.81952540571474,0,243.170602843696,118.030081527532,0
E745S_02917,3705.49041038385,2080.52447787113,3058.3385593121,3084.60221509606,3547.16477844089,2803.4257677898,1811.87968331622,3279.18356939535,3563.41524402446
E745S_02918,2635.80200906381,2363.00606220451,2158.25275659811,3144.25800832252,3652.69725197235,2525.54010691489,3409.56228242544,2684.9277676176,1788.74139033478
E745S_02919,332.389051257638,482.440458636783,52.0845310792906,409.636446821679,487.632808731552,1126.7924663525,92.0943985237828,431.066384709247,1177.34460537462
E745S_02920,3632.96916283673,3950.77474268511,3265.04904203303,3065.51236126359,2253.48221497771,4246.22845214943,4462.95663857388,4058.18210747706,3189.00234562408
E745S_02921,0,19.0437023146099,0,0,0,30.499645705782,8.27814818191306,1.02634853502202,0
E745S_02922,6945.63614900701,4276.10465722636,10361.5664015864,5359.47646346499,3070.44912214363,2793.2592192212,4292.21983232192,4400.98251817441,3796.07065777036
E745S_02923,2736.81374671873,2552.64959775416,3326.89942268969,1892.28176114325,2992.2095296979,2616.19183165152,2913.9081600334,3023.62278417486,2792.94708315431
E745S_02924,66.4778102515276,76.9682968548816,0,0,286.575251400072,34.7357076093629,176.945417388392,69.7917003814972,45.4489645457113
E745S_02925,1895.91261444616,1046.6101397071,1500.68555172206,1252.77165775562,1609.37022135469,1193.72224442908,1850.16611865757,1374.28068839448,1314.77361721522
E745S_02926,287.49494563323,292.003435490685,939.149201023459,537.697549614475,214.70399787434,373.62065989583,254.553056593827,134.451658087884,140.675366451011
E745S_02927,3653.68951927876,3876.18690861955,3864.02114944487,3726.49855021275,3666.34369251521,4868.92955197581,3789.3223302707,4568.277329383,4880.35309764662
E745S_02928,3843.62611999741,4701.41400891931,5278.44169656686,2740.18943553531,1699.43672893757,3465.09863712912,5742.96530120219,7594.97915916293,5814.22110724064
E745S_02929,1680.93891636005,2439.18087146295,2705.14033293066,2056.93175044827,3095.92247782364,2400.99988694962,2748.34519639514,2912.77714239249,2988.81047798225
E745S_02930,5661.83739778595,7806.33097379716,7031.41169570424,7686.84780987321,6855.0619660303,5886.43162121593,8406.45947873272,8753.72665520279,7621.3585070344
E745S_02931,2640.11874998924,3172.36341057543,2820.70288626283,1771.37935353763,1117.18859910885,2212.91873843063,4687.50140800827,4241.898495246,5662.72455875494
E745S_02933,453.257797169506,911.717248311948,379.240491921085,940.970711825332,617.728875240156,339.732164667183,1499.379589449,1379.41243106959,926.293182169735
E745S_02934,1751.73346753701,3711.93497615604,2031.29671209233,1848.53417944385,1338.26093590319,1657.14741668082,3056.7062161714,3714.35534824468,2499.69305001412
E745S_02935,11318.4947064614,6554.20754661156,7824.07315306719,3440.15074272575,7448.22724829331,7507.14890552596,5277.31946596958,5243.61466542749,5197.41373126313
E745S_02937,410.953736100352,680.812357747303,483.409554079666,833.590284017707,1599.36283162326,635.409285537125,480.132594550958,479.304765855282,457.736000067521
E745S_02939,3679.58996483131,4346.7250533097,3634.52368437675,1842.96630540938,3632.68247250949,2711.92683067245,5878.51997768101,5791.68478312925,4948.52654446519
E745S_02940,3936.00437580148,3096.18860131699,4969.18979328357,2788.70948069283,2939.44329293217,3687.06828087676,7303.3962334928,6027.74494618431,6464.5741475257
E745S_02941,5172.31897684288,7019.98476572306,8007.99665344094,4791.55331194911,3789.16165740096,3109.26943722833,8998.3470737395,9936.08016754815,11315.7100536786
E745S_02943,5.18008911050864,99.1859495552598,37.4357567132401,81.131878787983,3.63905081142949,77.9435390258874,30.0082871594349,15.3952280253303,27.0529550867329
E745S_02944,184.756511608142,94.4250239766073,203.455199528479,0,629.555790377302,30.499645705782,91.0596300010437,420.802899359027,0
E745S_02946,226.197224492211,269.785782790307,1046.5735463745,169.422452763141,0,39.8189818936599,136.589445001566,160.110371463435,556.208756583229
E745S_02947,442.034270763404,459.429318339963,432.952664596603,238.623172905832,447.603249805827,336.343315144318,301.117640117088,676.36368457951,608.150430349756
E745S_02949,1350.27656147259,1266.40620392156,1730.18301679019,1325.15402020372,1219.08202182888,1303.85985392218,1039.94236535283,941.16160661519,1277.98159829726
E745S_02950,73.3845957322058,74.5878340655553,74.8715134264803,84.3135210933941,105.532473531455,94.8877866402107,107.61592636487,108.792944712334,42.2026099353034
E745S_02951,1001.48389469834,599.083135313769,1193.061290035,687.234737968797,764.200670400193,829.420920721128,600.165743188697,607.598332733034,703.376832255056
E745S_02952,207.203564420346,459.429318339963,465.50549652116,443.043691028495,393.927250337242,466.814021774608,303.187177162566,397.196883053521,558.372992990168
E745S_02954,9564.17119436912,16963.1778367387,12609.339445977,9679.35130363691,6984.24826983605,7469.02434839373,19045.9494295365,21404.4986978842,20415.2420266521
E745S_02955,1363.22678424886,440.385616025353,922.872785061181,164.649989305024,665.946298491597,517.646764617578,179.01495443387,600.41389298788,76.8303924463215
E745S_02956,1325.23946410513,906.162835136853,857.767121212068,1663.99892573,2036.95869169766,791.2963635889,615.687271029784,408.486716938763,541.059101734658
E745S_02957,124.322138652207,331.677815312789,358.081151170123,470.08765062449,409.393216285818,477.827782723918,268.005047389435,0,367.920189179568
E745S_02958,842.627828642739,600.670110506653,1411.16526392953,687.234737968797,0.909762702857372,197.400484706867,481.167363073697,1003.76886725153,670.913286150977
E745S_02959,347.929318589164,427.68981448228,0,233.850709447716,273.838573560069,299.065970392807,417.011714663871,1061.24438521277,644.942449267713
E745S_02960,2195.49443467058,2180.50391502283,2153.36983180942,2124.54164943826,1492.01083268609,2373.04187838598,3173.63505924092,4564.17193524291,3009.37072384817
E745S_02961,52.6642392901712,39.6743798221039,58.595097464202,0,303.860742754362,82.1796009294682,215.23185272974,535.753935281493,90.8979290914226
E745S_02962,1269.9851802597,690.334208904608,968.44674975556,1239.24967795762,1089.89571802313,1044.61286542303,1283.11296819652,748.208082031051,1258.50347063482
E745S_02963,112.235264061021,148.382180534669,1.62764159622783,0.795410576352774,0,43.2078314165245,129.346065342392,58.501866496255,1.08211820346932
E745S_02964,1511.72267208344,904.575859943969,1372.10186562006,854.27095900288,580.428604423003,382.939996083708,971.647642852046,803.63090292224,955.510373663407
E745S_02965,0.863348185084774,0,1.62764159622783,0,0,7.62491142644551,70.364259546261,79.0288371966954,0
E745S_02966,352.246059514588,375.319633117103,0,105.789606654919,0,616.77061316137,499.793196483001,774.893143941623,590.836539094247
E745S_02967,164.899503351192,73.7943464691133,94.4032125812143,116.129944147505,537.669757388707,180.456237092544,57.9470372733914,113.924687387444,0
E745S_02968,54.3909356603408,44.4353054007564,384.123416709768,0,0,0,157.284815456348,41.0539414008807,0
E745S_02970,1752.59681572209,3406.44225152584,1710.65131763545,1197.09291741093,791.493551485914,1544.46817004557,2324.09010207209,2653.11096303192,4198.61862946095
E745S_02971,1989.15421843532,2489.96407763524,1160.50845811044,1454.80594414922,1733.09794894329,1923.1721042257,2766.97102980444,2489.92154596342,1998.67232180783
E745S_02972,3048.48244153434,3170.77643538254,2794.66062072319,2421.22979441784,3047.7050545722,2750.8986001854,4240.48140618497,3298.68419156077,3687.85883742343
E745S_02973,0,289.622972701358,0,61.2466143791636,0,199.094909468299,303.187177162566,438.250824454402,60.5986193942818
E745S_02974,72.521247547121,154.730081306205,214.848690702074,61.2466143791636,161.027998405755,27.1107961829174,151.076204319913,176.531948023787,40.0383735283647
E745S_02975,11709.5914343048,11988.0106070469,14370.4476530955,8442.48785740835,9962.81135899108,8078.17005012866,9950.3341146595,10508.7826500904,9186.10142925103
E745S_02982,5439.95691421916,5026.74392346056,4156.99663676588,3040.0592228203,6516.63024056736,5932.1810897746,8496.48434021102,9512.19822258406,8245.7407104362
E745S_02983,1034.29112573156,1178.32908071649,665.705412857184,1101.64364824859,732.358975800185,571.868356983413,1324.50370910609,2048.59167590395,1994.34384899395
E745S_02984,238.284099083398,273.753220772517,960.308541774421,162.263757575966,0.909762702857372,32.1940704672144,179.01495443387,156.004977323347,653.599394895468
E745S_02985,0,0,0,0,0,0,0,0,48.6953191561193
E745S_02986,52.6642392901712,34.1199666470094,48.829247886835,75.5640047535135,86.4274567714504,22.8747342793365,52.7731946596958,36.9485472607926,40.0383735283647
E745S_02987,0,5.55441317509455,0,0,0,0,1.03476852273913,39.0012443308367,0
E745S_02988,897.882112488165,1235.46018766032,996.116656891434,1088.1216684506,966.167990434529,1359.77587104945,1103.06324523992,1331.17404992356,1572.31774964092
E745S_02990,3697.72027671809,5236.22464892127,3997.48776033556,4852.00451575192,3450.72993193801,6254.96900682746,3431.29242140296,3107.78336404667,3084.03687988755
E745S_02991,592.256854968155,553.060854720128,429.697381404148,291.915681521468,0,746.394107410943,836.092966373219,720.496671585456,861.366089961576
E745S_02992,1697.34253187667,1150.55701484101,533.866443562729,1150.16369340611,3499.85711789231,1681.71657572159,1371.06829262935,2579.21386851033,1894.78897427477
E745S_02995,33.6705792183062,119.816627062754,1.62764159622783,94.6538585859801,0,242.302740884824,366.308057049653,461.856840759908,334.374524872019
E745S_02997,480.021590907134,1007.72924748144,470.388421309844,1005.39896850991,949.792261783097,1410.60861389242,1182.74042149083,2151.22652940615,1208.72603327523
E745S_02998,4222.63597324963,4305.46369829471,3852.62765827128,3118.80486987923,2223.46004578342,4641.87663394388,5171.77307665019,5251.82545370766,3556.92253480365
E745S_02999,0,26.9785782790307,0,0.795410576352774,0,40.666194274376,9.31291670465219,0,0
E745S_03000,13602.0506560106,9067.97625214007,14258.1403829558,10087.3969293059,6431.11254649876,8478.9015062074,13338.1662581074,8940.5220885768,12785.22657399
E745S_03001,248.644277304415,195.197948724751,188.806425162429,248.963510398418,36.3905081142949,240.608316123392,382.864353413479,264.797922035681,241.312359373658
E745S_03002,254.687714600008,200.752361899846,21.1593407509618,130.447334521855,0,50.83274284297,134.519907956087,452.61970394471,356.016888941405
E745S_03003,489.518420943067,318.982013769715,441.090872577743,420.772194890618,406.663928177245,279.580085636335,408.733566481957,354.090244582596,531.320037903435
E745S_03004,412.680432470522,301.52528664799,317.390111264427,232.25988829501,584.067655234433,166.900839001085,388.038196027175,365.380078467838,490.199546171601
E745S_03006,730.392564581719,742.704390269785,1463.24979500882,424.749247772381,703.246569308749,605.75685221206,601.200511711436,677.390033114532,357.099007144875
E745S_03008,0,0,0,0,0,0,0,25.6587133755504,0
E745S_03009,354.836104069842,265.818344808096,278.326712954959,303.84684016676,626.826502268729,304.149244677104,634.313104439088,585.01866496255,514.006146647926
E745S_03010,1134.43951520139,494.342772583415,341.804735207845,490.768325609662,225.621150308628,381.245571322275,421.150788754827,598.361195917836,350.606297924059
E745S_03011,1134.43951520139,494.342772583415,341.804735207845,490.768325609662,225.621150308628,381.245571322275,421.150788754827,598.361195917836,350.606297924059
E745S_03012,1265.66843933428,1753.60758813699,2373.10144730018,2360.77859061503,1524.76228998896,2909.32731537932,1646.31671967796,2058.85516125417,2565.70226042575
E745S_03015,0,46.8157681900826,0,0,3.63905081142949,5.083274284297,1.03476852273913,0,0
E745S_03016,97.5583449145794,51.5766937687351,128.583686101999,29.4301913250526,64.5931519028734,66.082565695861,50.7036576142175,56.449169426211,54.1059101734659
E745S_03017,2037.50171680007,1385.42934338787,2667.70457621742,1213.00112893798,1410.13218942893,1322.49852629794,894.040003646611,985.294593621137,1165.44130513645
E745S_03018,245.190884564076,198.37189911052,537.121726755185,46.9292240048137,193.77945570862,146.567741863897,34.1473612503914,264.797922035681,98.4727565157079
E745S_03019,673.411584366124,1571.89892855176,442.71851417397,992.672399288262,274.748336262926,902.281185462718,1711.50713661053,1060.21803667774,420.943981149564
E745S_03020,684.635110772226,644.311928310967,569.674558679741,426.340068925087,97.3446092057388,445.633712256704,392.177270118131,719.470323050434,576.769002449146
E745S_03021,491.245117313236,861.727529736097,460.622571732477,121.697818181974,0.909762702857372,387.176057987288,508.071344664914,211.427798214536,482.624718747315
E745S_03022,4315.0142290537,8281.63004406597,3361.07989621047,5011.08663102248,3086.82485079506,5438.25627181708,4838.57761232818,5651.07503383123,4029.80818971974
E745S_03023,2745.44722856958,1784.55360439823,2879.29798372704,1535.93782293721,1313.69734292605,1551.2458690913,1224.13116240039,1115.64085756893,1268.24253446604
E745S_03024,312.532043000688,343.58012925942,465.50549652116,390.546592989212,0.909762702857372,66.9297780765772,319.743473526392,144.715143438104,11.9033002381625
E745S_03026,1349.4132132875,1044.22967691777,2028.04142889988,825.63617825418,1052.59544720598,1164.06981110401,993.377781829567,1219.30205960616,2163.15428873516
E745S_03027,569.809802155951,1440.97347513881,447.601438962654,1178.00306357846,772.388534725909,969.210963539295,757.450558645045,663.021153624223,792.11052493954
E745S_03028,852.988006863757,386.428459467292,83.0097214076195,241.804815211243,0,185.539511376841,529.801483642436,107.766596177312,280.268614698553
E745S_03029,1236.3146010414,1575.86636653397,1723.67245040527,1395.94556149912,588.61646874872,1463.98299387754,1157.90597694509,658.915759484135,556.208756583229
E745S_03030,287.49494563323,256.296493650791,389.006341498452,141.583082590794,255.643319502922,182.997874234692,167.632500683739,121.109127132598,208.848813269578
E745S_03031,2204.12791652143,1487.7892433289,2822.33052785906,1165.27649435681,1571.16018783468,1227.61073965773,1072.02018955774,929.871772729948,1262.83194344869
E745S_03032,1171.56348716004,216.622113828687,468.760779713616,222.714961378777,0,412.592429408773,90.0248614783045,0,155.825021299582
E745S_03033,8675.78591191689,5824.19895788485,8689.9784822604,5194.82647415997,5635.07018149856,3416.8075314283,4846.8557605101,4336.32256046802,5728.73376916656
E745S_03034,11236.4766288783,10139.1845073369,9007.36859352482,8222.95453833498,10519.5861331398,7965.49080349341,7015.73058417132,8016.80840705698,6668.01236977793
E745S_03035,832.267650421722,1070.41476760036,1183.29544045763,631.555997624103,816.057144463063,1108.15379397675,2721.44121480392,2556.63420073985,514.006146647926
E745S_03036,1178.47027264072,1521.11572237946,1388.37828158234,1517.64337968109,761.471382291621,879.406451183382,1661.83824751905,519.332358721141,526.991565089557
E745S_03037,0,386.428459467292,117.190194928404,137.60602970903,0,0,606.374354325132,88.2659740118935,9.73906383122385
E745S_03038,218.427090826448,376.906608309987,60.2227390604298,265.667132501827,238.357828148632,330.412828479305,401.490186822784,414.644808148895,521.580974072211
E745S_03039,2399.24460635059,1830.57588499187,2430.06890316815,1265.49822697726,2422.69807770918,1497.87148910618,2117.13639752427,1716.05475055681,2337.37531949372
E745S_03040,10740.9147706397,13088.5779033121,15561.8813015343,6928.02612003266,9906.40607141393,7818.07584924879,9366.72466783463,7968.57002591095,5702.7629322833
E745S_03041,2565.00745788686,1615.54074635607,2776.75656316468,1532.7561806318,1119.00812451457,1531.75998433483,1058.56819876213,1033.53297476717,1099.43209472483
E745S_03042,997.167153772914,1393.36421935229,211.593407509618,704.733770648558,434.866571965824,920.919857838474,792.632688418176,982.215548016071,1313.69149901175
E745S_03043,3995.57540057233,2625.65045662684,1811.56509660158,3386.06282353376,2233.46743551485,2157.84993368408,1657.69917342809,2782.43087844469,2667.42137155187
E745S_03044,2704.8698638706,1752.81410054055,2841.8622270138,1583.66245751837,1263.66039426889,1616.48122240645,1260.34806069626,1115.64085756893,1288.80278033196
E745S_03045,12355.3758767482,5060.86389010757,6315.24939336399,6635.31502793484,12017.055542043,7114.04236087366,6704.26525882684,2793.72071232993,3766.85346627669
E745S_03046,158.856066055598,54.7506441545034,107.424345351037,106.585017231272,7.27810162285898,5.083274284297,12.4172222728696,9.23713681519816,173.138912555091
E745S_03047,356.562800440012,390.395897449502,185.551141969973,124.879460487386,448.513012508684,234.677829458378,367.342825572392,205.269707004404,145.003839264888
E745S_03048,296.128427484077,39.6743798221039,346.687659996528,55.6787403446942,0,0.847212380716167,0,0,123.361475195502
E745S_03050,622.474041446122,729.21510113027,1443.71809585409,608.489090909872,50.0369486571555,485.452694150364,621.895882166219,448.514309804622,189.37068560713
E745S_03051,2688.46624835399,1778.2057036267,2820.70288626283,1543.09651812438,1350.08785104034,1604.62024907642,1251.03514399161,1078.69231030814,1269.32465266951
E745S_03052,65.6144620664428,175.360758813699,79.7544382151638,155.900472965144,181.952540571474,94.0405742594946,74.5033336372176,207.322404074448,182.877976386315
E745S_03053,676.864977106463,1328.29823644404,657.567204876044,548.037887107061,0,386.328845606572,224.544769434392,144.715143438104,199.109749438354
E745S_03054,0.863348185084774,0.793487596442078,0,1.59082115270555,0,1.69442476143233,9.31291670465219,1.02634853502202,1.08211820346932
E745S_03055,0.863348185084774,46.8157681900826,0,0,6.36833892000161,3.38884952286467,0,0,1.08211820346932
E745S_03056,88.9248630637317,46.0222805936405,149.743026852961,33.4072442068165,44.5783724400112,66.9297780765772,76.5728706826958,61.5809121013211,51.9416737665272
E745S_03057,2232.61840662923,1393.36421935229,2773.50127997223,1220.95523470151,1573.88947594325,1321.65131391722,1017.17745785257,1011.97965553171,1184.9194327989
E745S_03058,802.91381212884,1687.7481176323,895.202877925308,923.471679145571,513.106164411558,926.850344503487,1633.89949740509,1417.38732686541,405.794326300994
E745S_03059,176.123029757294,183.29563477812,175.785292392606,154.309651812438,0.909762702857372,153.345440909626,251.448751025609,113.924687387444,163.399848723867
E745S_03060,627.654130556631,595.909184928001,509.451819619312,397.705288176387,101.893422720026,451.564198921717,348.716992163088,733.839202540743,480.460482340377
E745S_03061,468.798064501032,764.922042970163,389.006341498452,109.766659536683,0,344.81543895148,485.306437164653,207.322404074448,478.296245933438
E745S_03064,6848.94115227751,4380.05153236027,10439.6931982053,5512.19529412473,3005.85597024076,2841.55032492203,4289.11552675371,4374.29745626384,3745.21110220731
E745S_03066,2784.2978968984,2499.48592879255,3239.00677649339,1937.62016399536,2920.33827617216,2529.77616881848,2834.23098378248,2961.01552353852,2751.82659142247
E745S_03067,88.0615148786469,198.37189911052,0,86.6997528224524,269.289760045782,86.4156628330491,204.884167502348,175.505599488765,151.496548485704
E745S_03068,1689.5723982109,1048.19711489999,1557.65300759004,1263.11199524821,1507.47679863467,1201.34715585553,1744.61972933818,1381.46512813964,1297.45972595971
E745S_03069,331.525703072553,338.025716084325,960.308541774421,545.651655378003,206.516133548623,348.204288474345,246.274908411914,140.609749298016,153.660784892643
E745S_03070,4563.65850635811,4611.74991052136,4902.45648783823,4229.1980344677,4234.94538180107,4974.83109956533,4576.78117607518,5048.60844377331,5230.95939557068
E745S_03071,2421.69165916279,4025.36257675066,3864.02114944487,2104.65638502944,1501.10845971466,2920.34107632863,5966.47530211384,8143.04927686469,6399.64705531754
E745S_03072,1295.02227762716,1666.32395252836,1754.5976407336,1385.60522400653,2818.44485345214,1890.97803375849,2149.21422172918,2134.8049528458,2106.88414215476
E745S_03073,349.656014959333,691.921184097492,1012.39307285371,684.053095663386,131.005829211462,583.729330313439,470.819677846305,764.629658591403,839.72372589219
E745S_03074,692.405244437989,402.298211396134,377.612850324857,138.401440285383,161.027998405755,100.818273305224,526.697178074219,753.339824706161,428.51880857385
E745S_03075,2861.99923355603,1842.47819893851,2708.39561612311,631.555997624103,2716.55143073211,1804.56237092544,2198.88311082066,4660.64869753498,3906.44671452423
E745S_03076,1060.1915712841,975.196256027314,542.004651543868,132.038155674561,1482.00344295466,481.216632246783,1105.13278228539,1208.01222572091,1543.10055814725
E745S_03077,1118.89924786987,1297.3522201828,719.417585532702,1306.85957694761,414.851792502962,531.202162709037,2027.11153604596,1387.62321934977,2234.57409016414
E745S_03078,1582.51722326039,2391.57161567642,2516.33390776823,964.833029115915,1183.60127641744,1731.70210618385,3251.24269844636,3365.3968463372,3613.19268138405
E745S_03079,160.582762425768,111.088263501891,0,0,58.2248129828718,95.7349990209269,107.61592636487,161.136719998457,165.564085130806
E745S_03082,1169.83679078987,651.453316678946,1954.79755706963,680.871453357975,976.17538016596,737.074771223066,468.750140800827,375.643563818059,559.455111193637
E745S_03083,960.043181814268,653.04029187183,820.331364498828,532.925086156359,495.820673057268,628.631586491396,472.889214891784,566.544391332154,537.812747124251
E745S_03084,6.90678548067819,6.34790077153662,0,7.95410576352774,0,11.8609733300263,48.6341205687392,58.501866496255,5.41059101734659
E745S_03085,0,2.38046278932623,1.62764159622783,0.795410576352774,7.27810162285898,29.6524333250659,3.1043055682174,5.13174267511009,2.16423640693863
E745S_03086,68.2045066216971,65.0659829082504,58.595097464202,15.1128009507027,275.658098965784,80.4851761680359,47.5993520460001,164.215765603523,0
E745S_03088,3.4533927403391,0.793487596442078,79.7544382151638,111.357480689388,18.1952540571474,194.858847564718,0,108.792944712334,0
E745S_03089,164.036155166107,186.469585163888,37.4357567132401,0,147.381557862894,66.9297780765772,170.736806251957,82.1078828017614,73.5840378359136
E745S_03090,1541.07651037632,1456.04973947121,1381.86771519743,794.615165776421,1998.74865817765,1364.85914533375,613.617733984306,1501.54790673721,744.49732398689
E745S_03091,853.851355048841,1014.87063584942,1057.96703754809,881.314918598874,709.61490822875,869.239902614788,1390.72889456139,1199.80143744074,899.240227083002
E745S_03092,3610.52211002452,2902.57762778512,2067.10482720935,2383.84549732926,3744.58328496094,2301.02882602511,2247.5172313894,2552.52880659976,2501.85728642106
E745S_03093,0,207.100262671382,0,0,0,0,186.258334093044,103.661202037224,68.173446818567
E745S_03094,1943.39676462583,2362.21257460807,789.406174170499,1797.62790255727,1713.08316948043,980.224724488606,2787.66640025922,2490.94789449844,2010.57562204599
E745S_03095,572.399846711205,631.616126767894,773.12975820822,598.944163993639,396.656538445814,826.879283578979,537.04486330161,683.548124324664,994.466628988302
E745S_03099,1207.8241109336,712.551861604986,1853.8837781035,616.4431966734,1010.74636287454,737.921983603782,459.437224096175,391.038791843389,678.488113575262
E745S_03100,642.331049703072,518.940888073119,613.620881777893,407.25021509262,426.678707640108,539.674286516199,406.664029436479,499.831736555723,454.489645457113
E745S_03101,6.90678548067819,2.38046278932623,0,8.74951633988052,0,16.0970352336072,61.0513428416088,65.6863062414091,8.65694562775454
E745S_03102,4.31674092542387,1.58697519288416,1.62764159622783,3.97705288176387,5.45857621714423,27.9580085636335,4.13907409095653,6.15809121013211,0
E745S_03103,66.4778102515276,62.6855201189242,83.0097214076195,20.6806749851721,290.214302211502,94.8877866402107,64.1556484098262,183.716387768941,0
E745S_03105,189.073252533565,99.1859495552598,227.869823471897,318.16423054111,319.326708702938,160.123139955356,281.457038185044,312.009954646693,416.615508335687
E745S_03106,4.31674092542387,0,8.13820798113916,2.38623172905832,7.27810162285898,9.31933618787784,3.1043055682174,4.10539414008807,5.41059101734659
E745S_03107,135.545665058309,181.708659585236,26.0422655396453,0,130.096066508604,60.999291411564,204.884167502348,69.7917003814972,68.173446818567
E745S_03108,22.4470528122041,95.2185115730494,0,155.900472965144,151.930371377181,77.9435390258874,41.3907409095653,108.792944712334,28.1350732902022
E745S_03109,757.156358319347,996.62042113125,1160.50845811044,455.77026025014,897.026025017369,1419.08073769958,1141.34968058126,950.398743430388,471.803536712622
E745S_03110,3911.83062661911,5004.52627076019,4212.33645103763,4879.04847534792,2981.29237726361,3479.5012476013,2895.28232662409,2427.31428532707,2879.51653943185
E745S_03111,25.9004455525432,57.9245945402717,0,0,159.20847300004,43.2078314165245,128.311296819652,0,0
E745S_03112,0,0,0,0,0,0,0,34.8958501907486,51.9416737665272
E745S_03113,110.508567690851,161.077982077742,40.6910399056958,88.2905739751579,129.186303805747,201.636546610448,12.4172222728696,238.112860125108,74.6661560393829
E745S_03114,18.993660071865,63.4790077153662,0,166.24081045773,0,18.6386723757557,98.3030096602176,185.769084838985,0
E745S_03115,478.294894536965,418.167963324975,16.2764159622783,312.59635650664,788.764263377342,308.385306580685,615.687271029784,1648.31574724536,558.372992990168
E745S_03116,62.1610693261037,430.863764868048,0,0,174.674438948615,171.984113285382,728.477040008349,313.036303181715,1201.15120585094
E745S_03117,2352.62380435601,1981.33852831587,2446.34531913043,1563.77719310955,2288.05319768629,2225.62692414137,5912.6673389314,5313.40636580899,4569.78517325093
E745S_03118,1372.72361428479,914.891198697716,792.661457362954,939.379890672626,2018.76343764051,989.544060676483,2900.45616923779,1530.28566571783,1980.27631234885
E745S_03119,0,80.935734837092,0,432.703353535909,156.479184891468,123.69300758456,144.867593183479,297.641075156385,439.339990608543
E745S_03120,24.1737491823737,58.7180821367138,0,197.261822935488,178.313489760045,66.9297780765772,44.4950464777827,122.13547566762,28.1350732902022
E745S_03121,4281.34364983539,5801.98130518447,5613.73586538979,4696.89945336313,3848.29623308668,5079.88543477414,4110.10057231984,3715.3816967797,3195.49505484489
E745S_03122,29.3538382928823,46.8157681900826,0,0,143.742507051465,25.416371421485,100.372546705696,0,0
E745S_03123,0,0.793487596442078,0,0,0,0.847212380716167,1.03476852273913,16.4215765603523,56.2701465804045
E745S_03124,125.185486837292,168.219370445721,34.1804735207845,89.8813951278635,151.930371377181,187.233936138273,16.5562963638261,202.190661399338,66.0092104116283
E745S_03125,18.993660071865,37.2939170327777,0,151.92342008338,0,21.1803095179042,74.5033336372176,191.927176049117,0
E745S_03126,202.023475309837,53.1636689616192,0,24.657727866936,144.652269754322,52.5271676044024,51.7384261369566,592.203104707704,78.9946288532601
E745S_03127,238.284099083398,280.894609140496,39.063398309468,258.508437314652,603.172671994438,219.428006605487,539.114400347088,906.265756424442,417.697626539156
E745S_03128,9238.68892859216,11918.9771861565,4762.47931056264,8335.90284017707,7924.94290459057,9331.19716120787,13944.5406124326,17004.5425282448,8155.92489954824
E745S_03129,609.52381866985,847.444753000139,999.371940083889,444.634512181201,622.277688754443,722.672160750891,92.0943985237828,747.181733496029,752.072151411175
E745S_03130,902.198853413589,418.961450921417,830.097214076195,1447.64724896205,0,436.314376068826,283.526575230522,412.592111078851,149.332312078766
E745S_03133,1970.16055836345,2063.0677507494,3989.34955235442,1226.52310873598,1860.46472734333,1233.54122632274,2665.56371457601,2806.0368947502,2471.55797672392
E745S_03134,3302.30680794926,6674.81766127076,1951.54227387717,6093.6404254386,4162.16436557248,4904.51247196589,5791.59942177093,2823.48481984557,5499.32471003107
E745S_03135,87.1981666935622,495.929747776299,1593.46112270705,354.753117053337,161.027998405755,111.832034254534,93.1291670465219,201.164312864315,417.697626539156
E745S_03136,905.652246153928,646.692391100294,1069.36052872169,483.609630422487,285.665488697215,214.34473232119,351.821297731305,803.63090292224,291.089796733246
E745S_03137,1.72669637016955,152.349618516879,432.952664596603,0,10.0073897314311,0,378.725279322523,221.691283564756,0
E745S_03138,120.868745911868,393.569847835271,89.5202877925308,371.456739156746,469.437554674404,355.82919990079,316.639167958175,645.573228528849,151.496548485704
E745S_03139,178.713074312548,117.436164273428,0,167.831631610435,0,49.9855304622539,120.033148637739,0,161.235612316928
E745S_03142,1958.93703195735,2714.52106742835,3559.65217095027,2087.15735234968,4195.8255855782,1552.94029385273,2874.58695616931,2494.0269401035,3765.77134807322
E745S_03143,1782.81400220006,2096.39422979997,1671.58791932598,1610.70641711437,1693.06839001757,2277.30687936506,2101.61486968318,3694.85472607926,2644.69688927901
E745S_03144,8218.21137382196,7538.13216619974,13875.6446078423,4690.53616875231,10563.2547428769,6564.20152578886,9815.81420670341,9515.27726818913,9428.49590682816
E745S_03145,1697.34253187667,2349.51677306499,2657.93872664005,2000.45759952723,2964.91664861218,2445.05493074686,2748.34519639514,2838.8800478709,2994.2210689996
E745S_03146,2672.92598102246,4690.30518256912,4285.58032286788,3402.76644563717,2768.40790479498,2616.19183165152,3599.95969060944,4119.76301957838,2389.31699326025
E745S_03147,4021.47584612488,3153.31970826082,6868.64753608145,2629.62736542227,3838.28884335525,2578.0672745193,3396.11029162983,2143.01574112597,4017.90488948157
E745S_03148,1168.1100944197,1211.65555976705,55.3398142717463,340.435726678987,727.810162285898,1599.53697479212,1480.7537560397,1003.76886725153,1692.43287022601
E745S_03149,446.351011688828,562.582705877433,263.677938588909,350.776064171573,1075.33951477741,835.351407386141,846.440651600611,828.263267762768,522.66309227568
E745S_03150,493.835161868491,299.938311455105,631.524939336399,361.116401664159,443.964198994398,261.788625641296,749.172410463132,494.699993880613,795.356879549948
E745S_03151,611.25051504002,1433.83208677083,1136.09383416703,1876.37354961619,323.875522217224,2084.14245656177,1137.21060649031,1137.1941768044,569.194175024861
E745S_03152,179.576422497633,0,374.357567132401,3.97705288176387,3.63905081142949,104.207122828089,100.372546705696,64.6599577063871,1.08211820346932
E745S_03153,0,0.793487596442078,0,0,0,0,130.380833865131,0,109.293938550401
E745S_03155,1020.4775547702,734.769514305364,618.503806566576,743.708888889844,1110.82026018885,1120.86197968749,1631.82996035961,837.500404577966,900.322345286472
E745S_03156,1569.56700048412,1571.10544095531,1643.91801219011,895.632308973224,1764.9396435433,1406.37255198884,1550.08324706322,2416.02445144183,1161.11283232258
E745S_03157,5370.88905941238,5050.54855135383,5527.47086078972,4185.4504527683,5222.94767710417,4455.48991018632,7526.90623440445,5123.53188682991,4721.28172173663
E745S_03158,135.545665058309,133.305916202269,429.697381404148,65.2236672609275,973.446092057388,23.7219466600527,0,481.357462925326,163.399848723867
E745S_03159,0,162.664957270626,0,0,524.933079548704,93.1933618787784,0,180.637342163875,175.303148962029
E745S_03160,1004.07393925359,1651.24768819596,953.79797538951,1330.72189423819,472.166842782976,1864.71444995628,2316.84672241292,1035.58567183722,1413.24637373093
E745S_03161,1043.78795576749,710.964886412102,1370.47422402383,130.447334521855,301.13145464579,114.373671396683,723.303197394654,605.54563566299,560.537229397106
E745S_03162,1456.46838823801,3597.67276226838,1920.61708354884,1610.70641711437,1695.79767812614,2138.36404892761,3412.66658799366,2902.51365704227,3866.40834099587
E745S_03163,2220.53153203804,2781.17402552948,4544.37533666811,1701.38322281858,1295.5020888689,1934.18586517501,1276.90435706009,1467.67840508149,2020.31468587721
E745S_03164,212.383653530854,125.371040237848,24.4146239434175,312.59635650664,271.109285451497,312.621368484266,0,253.508088150438,37.8741371214261
