locus_tag	ftype	length_bp	gene	EC_number	COG	product
E745S_00001	gene	606				
E745S_00001	CDS	606				IS256 family transposase ISEf1
E745S_00002	gene	74				
E745S_00002	tRNA	74				tRNA-Met(cat)
E745S_00003	gene	1179				
E745S_00003	CDS	1179				IS256 family transposase ISEf1
E745S_00004	gene	303				
E745S_00004	CDS	303				hypothetical protein
E745S_00005	gene	364	ssrA			
E745S_00005	tmRNA	364	ssrA			transfer-messenger RNA, SsrA
E745S_00006	gene	774				
E745S_00006	CDS	774		3.1.3.-		Putative phosphatase
E745S_00007	gene	351				
E745S_00007	CDS	351				hypothetical protein
E745S_00008	gene	123				
E745S_00008	CDS	123				hypothetical protein
E745S_00009	gene	573	srrA_1			
E745S_00009	CDS	573	srrA_1		COG0745	Transcriptional regulatory protein SrrA
E745S_00010	gene	1449	rcsC_1			
E745S_00010	CDS	1449	rcsC_1	2.7.13.3		Sensor histidine kinase RcsC
E745S_00011	gene	510				
E745S_00011	CDS	510				hypothetical protein
E745S_00012	gene	726				
E745S_00012	CDS	726				hypothetical protein
E745S_00013	gene	2121	ltaS1_1			
E745S_00013	CDS	2121	ltaS1_1		COG1368	Lipoteichoic acid synthase 1
E745S_00014	gene	1179	rlmI			
E745S_00014	CDS	1179	rlmI	2.1.1.191	COG1092	Ribosomal RNA large subunit methyltransferase I
E745S_00015	gene	759	aroD			
E745S_00015	CDS	759	aroD	4.2.1.10	COG0710	3-dehydroquinate dehydratase
E745S_00016	gene	486	ybaK_1			
E745S_00016	CDS	486	ybaK_1	4.2.-.-	COG2606	Cys-tRNA(Pro)/Cys-tRNA(Cys) deacylase YbaK
E745S_00017	gene	1254	baiN			
E745S_00017	CDS	1254	baiN	1.3.1.114	COG2081	3-dehydro-bile acid delta(4,6)-reductase
E745S_00018	gene	1350	gdh			
E745S_00018	CDS	1350	gdh	1.4.1.4	COG0334	NADP-specific glutamate dehydrogenase
E745S_00019	gene	1347	pgi			
E745S_00019	CDS	1347	pgi	5.3.1.9	COG0166	Glucose-6-phosphate isomerase
E745S_00020	gene	1296				
E745S_00020	CDS	1296				ISL3 family transposase ISEfa11
E745S_00021	gene	387				
E745S_00021	CDS	387				hypothetical protein
E745S_00022	gene	1446				
E745S_00022	CDS	1446				IS1182 family transposase ISEfa7
E745S_00023	gene	783				
E745S_00023	CDS	783				IS982 family transposase ISEfm1
E745S_00024	gene	960				
E745S_00024	CDS	960			COG2826	IS30 family transposase IS1062
E745S_00025	gene	150				
E745S_00025	CDS	150				hypothetical protein
E745S_00026	gene	213				
E745S_00026	CDS	213				hypothetical protein
E745S_00027	gene	111				
E745S_00027	CDS	111				hypothetical protein
E745S_00028	gene	1800				
E745S_00028	CDS	1800				hypothetical protein
E745S_00029	gene	597				
E745S_00029	CDS	597				hypothetical protein
E745S_00030	gene	954				
E745S_00030	CDS	954			COG2826	IS30 family transposase IS1252
E745S_00031	gene	345				
E745S_00031	CDS	345				hypothetical protein
E745S_00032	gene	420				
E745S_00032	CDS	420				hypothetical protein
E745S_00033	gene	351				
E745S_00033	CDS	351				hypothetical protein
E745S_00034	gene	1332				
E745S_00034	CDS	1332				hypothetical protein
E745S_00035	gene	567				
E745S_00035	CDS	567				hypothetical protein
E745S_00036	gene	88				
E745S_00036	tRNA	88				tRNA-Ser(cga)
E745S_00037	gene	1206	xerC_1			
E745S_00037	CDS	1206	xerC_1			Tyrosine recombinase XerC
E745S_00038	gene	441				
E745S_00038	CDS	441				hypothetical protein
E745S_00039	gene	654				
E745S_00039	CDS	654				hypothetical protein
E745S_00040	gene	423				
E745S_00040	CDS	423				hypothetical protein
E745S_00041	gene	375				
E745S_00041	CDS	375				hypothetical protein
E745S_00042	gene	183				
E745S_00042	CDS	183				hypothetical protein
E745S_00043	gene	321				
E745S_00043	CDS	321				hypothetical protein
E745S_00044	gene	171				
E745S_00044	CDS	171				hypothetical protein
E745S_00045	gene	153				
E745S_00045	CDS	153				hypothetical protein
E745S_00046	gene	483				
E745S_00046	CDS	483				hypothetical protein
E745S_00047	gene	699				
E745S_00047	CDS	699				hypothetical protein
E745S_00048	gene	342				
E745S_00048	CDS	342				hypothetical protein
E745S_00049	gene	672				
E745S_00049	CDS	672				hypothetical protein
E745S_00050	gene	687				
E745S_00050	CDS	687				hypothetical protein
E745S_00051	gene	750				
E745S_00051	CDS	750				hypothetical protein
E745S_00052	gene	270				
E745S_00052	CDS	270				hypothetical protein
E745S_00053	gene	165				
E745S_00053	CDS	165				hypothetical protein
E745S_00054	gene	306				
E745S_00054	CDS	306				hypothetical protein
E745S_00055	gene	291				
E745S_00055	CDS	291				hypothetical protein
E745S_00056	gene	357				
E745S_00056	CDS	357				hypothetical protein
E745S_00057	gene	246				
E745S_00057	CDS	246				hypothetical protein
E745S_00058	gene	420				
E745S_00058	CDS	420				hypothetical protein
E745S_00059	gene	567				
E745S_00059	CDS	567				hypothetical protein
E745S_00060	gene	135				
E745S_00060	CDS	135				hypothetical protein
E745S_00061	gene	690				
E745S_00061	CDS	690				hypothetical protein
E745S_00062	gene	477				
E745S_00062	CDS	477				hypothetical protein
E745S_00063	gene	297	yjcQ			
E745S_00063	CDS	297	yjcQ			putative protein YjcQ
E745S_00064	gene	387				
E745S_00064	CDS	387				hypothetical protein
E745S_00065	gene	387				
E745S_00065	CDS	387				hypothetical protein
E745S_00066	gene	381				
E745S_00066	CDS	381				hypothetical protein
E745S_00067	gene	453				
E745S_00067	CDS	453				hypothetical protein
E745S_00068	gene	1728				
E745S_00068	CDS	1728				hypothetical protein
E745S_00069	gene	1131				
E745S_00069	CDS	1131				hypothetical protein
E745S_00070	gene	570				
E745S_00070	CDS	570				hypothetical protein
E745S_00071	gene	1362				
E745S_00071	CDS	1362				hypothetical protein
E745S_00072	gene	279				
E745S_00072	CDS	279				hypothetical protein
E745S_00073	gene	327				
E745S_00073	CDS	327				hypothetical protein
E745S_00074	gene	339				
E745S_00074	CDS	339				hypothetical protein
E745S_00075	gene	366				
E745S_00075	CDS	366				hypothetical protein
E745S_00076	gene	627				
E745S_00076	CDS	627				hypothetical protein
E745S_00077	gene	465				
E745S_00077	CDS	465				hypothetical protein
E745S_00078	gene	2310				
E745S_00078	CDS	2310				hypothetical protein
E745S_00079	gene	720				
E745S_00079	CDS	720				hypothetical protein
E745S_00080	gene	2706				
E745S_00080	CDS	2706				hypothetical protein
E745S_00081	gene	1719				
E745S_00081	CDS	1719				hypothetical protein
E745S_00082	gene	783				
E745S_00082	CDS	783				hypothetical protein
E745S_00083	gene	2067				
E745S_00083	CDS	2067				hypothetical protein
E745S_00084	gene	447				
E745S_00084	CDS	447				hypothetical protein
E745S_00085	gene	138				
E745S_00085	CDS	138				hypothetical protein
E745S_00086	gene	294				
E745S_00086	CDS	294				hypothetical protein
E745S_00087	gene	198				
E745S_00087	CDS	198				hypothetical protein
E745S_00088	gene	1020				
E745S_00088	CDS	1020				hypothetical protein
E745S_00089	gene	807				
E745S_00089	CDS	807				IS3 family transposase ISEnfa3
E745S_00090	gene	537				
E745S_00090	CDS	537				hypothetical protein
E745S_00091	gene	582	cbh_1			
E745S_00091	CDS	582	cbh_1	3.5.1.24		Choloylglycine hydrolase
E745S_00092	gene	1179				
E745S_00092	CDS	1179				IS256 family transposase ISEf1
E745S_00093	gene	351	cbh_2			
E745S_00093	CDS	351	cbh_2	3.5.1.24		Choloylglycine hydrolase
E745S_00094	gene	1446				
E745S_00094	CDS	1446				IS1182 family transposase ISEfa7
E745S_00095	gene	1896	asnB			
E745S_00095	CDS	1896	asnB	6.3.5.4	COG0367	Asparagine synthetase [glutamine-hydrolyzing] 1
E745S_00096	gene	447				
E745S_00096	CDS	447				hypothetical protein
E745S_00097	gene	150	rpmGA_1			
E745S_00097	CDS	150	rpmGA_1			50S ribosomal protein L33 1
E745S_00098	gene	519	folA_1			
E745S_00098	CDS	519	folA_1	1.5.1.3		Dihydrofolate reductase
E745S_00099	gene	957	yfiY			
E745S_00099	CDS	957	yfiY		COG0614	putative siderophore-binding lipoprotein YfiY
E745S_00100	gene	807	fepC			
E745S_00100	CDS	807	fepC		COG1120	Ferric enterobactin transport ATP-binding protein FepC
E745S_00101	gene	990	feuB			
E745S_00101	CDS	990	feuB		COG0609	Iron-uptake system permease protein FeuB
E745S_00102	gene	1005	feuC			
E745S_00102	CDS	1005	feuC		COG0609	Iron-uptake system permease protein FeuC
E745S_00103	gene	543	yqgN			
E745S_00103	CDS	543	yqgN		COG0212	putative protein YqgN
E745S_00104	gene	699	gluP			
E745S_00104	CDS	699	gluP	3.4.21.105	COG0705	Rhomboid protease GluP
E745S_00105	gene	213	yqgQ			
E745S_00105	CDS	213	yqgQ		COG4483	putative protein YqgQ
E745S_00106	gene	963	glcK			
E745S_00106	CDS	963	glcK	2.7.1.2	COG1940	Glucokinase
E745S_00107	gene	396	yibN			
E745S_00107	CDS	396	yibN		COG0607	putative protein YibN
E745S_00108	gene	366				
E745S_00108	CDS	366				hypothetical protein
E745S_00109	gene	1812				
E745S_00109	CDS	1812				hypothetical protein
E745S_00110	gene	168				
E745S_00110	CDS	168				hypothetical protein
E745S_00111	gene	990	galE			
E745S_00111	CDS	990	galE	5.1.3.2	COG1087	UDP-glucose 4-epimerase
E745S_00112	gene	1485	galT			
E745S_00112	CDS	1485	galT	2.7.7.12		Galactose-1-phosphate uridylyltransferase
E745S_00113	gene	981	melR_1			
E745S_00113	CDS	981	melR_1		COG1609	HTH-type transcriptional repressor MelR
E745S_00114	gene	825	tsaB			
E745S_00114	CDS	825	tsaB		COG1214	tRNA threonylcarbamoyladenosine biosynthesis protein TsaB
E745S_00115	gene	543				
E745S_00115	CDS	543				hypothetical protein
E745S_00116	gene	465	rimI			
E745S_00116	CDS	465	rimI	2.3.1.266	COG0456	[Ribosomal protein S18]-alanine N-acetyltransferase
E745S_00117	gene	1017	tsaD			
E745S_00117	CDS	1017	tsaD	2.3.1.234	COG0533	tRNA N6-adenosine threonylcarbamoyltransferase
E745S_00118	gene	702				
E745S_00118	CDS	702				hypothetical protein
E745S_00119	gene	1230	arcA			
E745S_00119	CDS	1230	arcA	3.5.3.6		Arginine deiminase
E745S_00120	gene	1020	arcB			
E745S_00120	CDS	1020	arcB	2.1.3.3		Ornithine carbamoyltransferase, catabolic
E745S_00121	gene	948	arcC1			
E745S_00121	CDS	948	arcC1	2.7.2.2		Carbamate kinase 1
E745S_00122	gene	1692	argS			
E745S_00122	CDS	1692	argS	6.1.1.19	COG0018	Arginine--tRNA ligase
E745S_00123	gene	546	phnX_1			
E745S_00123	CDS	546	phnX_1	3.11.1.1		Phosphonoacetaldehyde hydrolase
E745S_00124	gene	129	phnX_2			
E745S_00124	CDS	129	phnX_2	3.11.1.1		Phosphonoacetaldehyde hydrolase
E745S_00125	gene	1092	phnW			
E745S_00125	CDS	1092	phnW	2.6.1.37	COG0075	2-aminoethylphosphonate--pyruvate transaminase
E745S_00126	gene	480	argR_1			
E745S_00126	CDS	480	argR_1			Arginine repressor
E745S_00127	gene	783	rpsB			
E745S_00127	CDS	783	rpsB		COG0052	30S ribosomal protein S2
E745S_00128	gene	882	tsf			
E745S_00128	CDS	882	tsf		COG0264	Elongation factor Ts
E745S_00129	gene	723	pyrH			
E745S_00129	CDS	723	pyrH	2.7.4.22	COG0528	Uridylate kinase
E745S_00130	gene	558	frr			
E745S_00130	CDS	558	frr			Ribosome-recycling factor
E745S_00131	gene	813	uppS			
E745S_00131	CDS	813	uppS	2.5.1.31	COG0020	Ditrans,polycis-undecaprenyl-diphosphate synthase ((2E,6E)-farnesyl-diphosphate specific)
E745S_00132	gene	801				
E745S_00132	CDS	801				hypothetical protein
E745S_00133	gene	1269	rasP			
E745S_00133	CDS	1269	rasP	3.4.24.-	COG0750	Regulator of sigma-W protease RasP
E745S_00134	gene	1710	proS			
E745S_00134	CDS	1710	proS	6.1.1.15	COG0442	Proline--tRNA ligase
E745S_00135	gene	4359	polC_1			
E745S_00135	CDS	4359	polC_1	2.7.7.7	COG2176	DNA polymerase III PolC-type
E745S_00136	gene	474	rimP			
E745S_00136	CDS	474	rimP		COG0779	Ribosome maturation factor RimP
E745S_00137	gene	1176	nusA			
E745S_00137	CDS	1176	nusA		COG0195	Transcription termination/antitermination protein NusA
E745S_00138	gene	294				
E745S_00138	CDS	294				hypothetical protein
E745S_00139	gene	312	rplGA			
E745S_00139	CDS	312	rplGA		COG1358	putative ribosomal protein YlxQ
E745S_00140	gene	2307	infB			
E745S_00140	CDS	2307	infB			Translation initiation factor IF-2
E745S_00141	gene	348	rbfA			
E745S_00141	CDS	348	rbfA			Ribosome-binding factor A
E745S_00142	gene	468				
E745S_00142	CDS	468		4.1.2.-		phosphoketolase
E745S_00143	gene	990	xpkA_1			
E745S_00143	CDS	990	xpkA_1	4.1.2.9		Xylulose-5-phosphate phosphoketolase
E745S_00144	gene	885	xpkA_2			
E745S_00144	CDS	885	xpkA_2	4.1.2.9		Xylulose-5-phosphate phosphoketolase
E745S_00145	gene	924	truB			
E745S_00145	CDS	924	truB	5.4.99.25	COG0130	tRNA pseudouridine synthase B
E745S_00146	gene	942	ribF			
E745S_00146	CDS	942	ribF		COG0196	Bifunctional riboflavin kinase/FMN adenylyltransferase
E745S_00147	gene	786	gdhIV			
E745S_00147	CDS	786	gdhIV	1.1.1.47	COG1028	Glucose 1-dehydrogenase 4
E745S_00148	gene	852	glcU_1			
E745S_00148	CDS	852	glcU_1		COG4975	Glucose uptake protein GlcU
E745S_00149	gene	453				
E745S_00149	CDS	453				hypothetical protein
E745S_00150	gene	369	fra			
E745S_00150	CDS	369	fra		COG5646	Intracellular iron chaperone frataxin
E745S_00151	gene	483				
E745S_00151	CDS	483				hypothetical protein
E745S_00152	gene	1011	mccF			
E745S_00152	CDS	1011	mccF			Microcin C7 self-immunity protein MccF
E745S_00153	gene	714				
E745S_00153	CDS	714				hypothetical protein
E745S_00154	gene	591	ydeA			
E745S_00154	CDS	591	ydeA	3.2.-.-	COG0693	putative protease YdeA
E745S_00155	gene	228				
E745S_00155	CDS	228				hypothetical protein
E745S_00156	gene	1167	hemW			
E745S_00156	CDS	1167	hemW		COG0635	Heme chaperone HemW
E745S_00157	gene	1044	hrcA			
E745S_00157	CDS	1044	hrcA		COG1420	Heat-inducible transcription repressor HrcA
E745S_00158	gene	564	grpE			
E745S_00158	CDS	564	grpE			Protein GrpE
E745S_00159	gene	1830	dnaK			
E745S_00159	CDS	1830	dnaK		COG0443	Chaperone protein DnaK
E745S_00160	gene	1167	dnaJ			
E745S_00160	CDS	1167	dnaJ		COG0484	Chaperone protein DnaJ
E745S_00161	gene	630				
E745S_00161	CDS	630				hypothetical protein
E745S_00162	gene	738	artM_1			
E745S_00162	CDS	738	artM_1		COG1126	Arginine transport ATP-binding protein ArtM
E745S_00163	gene	1503	mltF_1			
E745S_00163	CDS	1503	mltF_1	4.2.2.-		Membrane-bound lytic murein transglycosylase F
E745S_00164	gene	1995	uvrB			
E745S_00164	CDS	1995	uvrB		COG0556	UvrABC system protein B
E745S_00165	gene	2817	uvrA			
E745S_00165	CDS	2817	uvrA			UvrABC system protein A
E745S_00166	gene	1266				
E745S_00166	CDS	1266		6.3.1.12		D-aspartate ligase
E745S_00167	gene	732				
E745S_00167	CDS	732		5.1.1.13		Aspartate racemase
E745S_00168	gene	885	yvcJ			
E745S_00168	CDS	885	yvcJ		COG1660	Nucleotide-binding protein YvcJ
E745S_00169	gene	999				
E745S_00169	CDS	999			COG0391	Putative gluconeogenesis factor
E745S_00170	gene	936	whiA			
E745S_00170	CDS	936	whiA		COG1481	putative cell division protein WhiA
E745S_00171	gene	201				
E745S_00171	CDS	201				hypothetical protein
E745S_00172	gene	627				
E745S_00172	CDS	627				hypothetical protein
E745S_00173	gene	417				
E745S_00173	CDS	417				hypothetical protein
E745S_00174	gene	954				
E745S_00174	CDS	954			COG2826	IS30 family transposase IS1252
E745S_00175	gene	252				
E745S_00175	CDS	252				hypothetical protein
E745S_00176	gene	258				
E745S_00176	CDS	258				hypothetical protein
E745S_00177	gene	588				
E745S_00177	CDS	588				hypothetical protein
E745S_00178	gene	558				
E745S_00178	CDS	558				hypothetical protein
E745S_00179	gene	522				
E745S_00179	CDS	522				hypothetical protein
E745S_00180	gene	3693				
E745S_00180	CDS	3693		1.2.7.1	COG0674	Pyruvate:ferredoxin oxidoreductase
E745S_00181	gene	888	cdaA			
E745S_00181	CDS	888	cdaA	2.7.7.85	COG1624	Cyclic di-AMP synthase CdaA
E745S_00182	gene	1170				
E745S_00182	CDS	1170				hypothetical protein
E745S_00183	gene	1356	glmM			
E745S_00183	CDS	1356	glmM	5.4.2.10	COG1109	Phosphoglucosamine mutase
E745S_00184	gene	1806	glmS			
E745S_00184	CDS	1806	glmS	2.6.1.16	COG0449	Glutamine--fructose-6-phosphate aminotransferase [isomerizing]
E745S_00185	gene	291				
E745S_00185	CDS	291				hypothetical protein
E745S_00186	gene	1026	sppA			
E745S_00186	CDS	1026	sppA	3.4.21.-	COG0616	Putative signal peptide peptidase SppA
E745S_00187	gene	660				
E745S_00187	CDS	660				hypothetical protein
E745S_00188	gene	918				
E745S_00188	CDS	918				hypothetical protein
E745S_00189	gene	1290	tig			
E745S_00189	CDS	1290	tig	5.2.1.8	COG0544	Trigger factor
E745S_00190	gene	1251	clpX			
E745S_00190	CDS	1251	clpX		COG1219	ATP-dependent Clp protease ATP-binding subunit ClpX
E745S_00191	gene	588	engB			
E745S_00191	CDS	588	engB		COG0218	putative GTP-binding protein EngB
E745S_00192	gene	156				
E745S_00192	CDS	156				hypothetical protein
E745S_00193	gene	1329				
E745S_00193	CDS	1329				hypothetical protein
E745S_00194	gene	210				
E745S_00194	CDS	210				hypothetical protein
E745S_00195	gene	753	glcR			
E745S_00195	CDS	753	glcR		COG1349	HTH-type transcriptional repressor GlcR
E745S_00196	gene	915	lacC_1			
E745S_00196	CDS	915	lacC_1	2.7.1.144	COG1105	Tagatose-6-phosphate kinase
E745S_00197	gene	1932	fruA_1			
E745S_00197	CDS	1932	fruA_1		COG1299	PTS system fructose-specific EIIABC component
E745S_00198	gene	1560	clcA			
E745S_00198	CDS	1560	clcA		COG0038	H(+)/Cl(-) exchange transporter ClcA
E745S_00199	gene	2235	pcrA			
E745S_00199	CDS	2235	pcrA	3.6.4.12	COG0210	ATP-dependent DNA helicase PcrA
E745S_00200	gene	2037	ligA_1			
E745S_00200	CDS	2037	ligA_1	6.5.1.2	COG0272	DNA ligase
E745S_00201	gene	306	gatC_1			
E745S_00201	CDS	306	gatC_1	6.3.5.-		Glutamyl-tRNA(Gln) amidotransferase subunit C
E745S_00202	gene	1473	gatA_1			
E745S_00202	CDS	1473	gatA_1	6.3.5.7	COG0154	Glutamyl-tRNA(Gln) amidotransferase subunit A
E745S_00203	gene	1431	gatB			
E745S_00203	CDS	1431	gatB	6.3.5.-	COG0064	Aspartyl/glutamyl-tRNA(Asn/Gln) amidotransferase subunit B
E745S_00204	gene	1056	dagK_1			
E745S_00204	CDS	1056	dagK_1	2.7.1.107	COG1597	Diacylglycerol kinase
E745S_00205	gene	1374				
E745S_00205	CDS	1374		2.1.1.-	COG2265	putative RNA methyltransferase
E745S_00206	gene	129				
E745S_00206	CDS	129				hypothetical protein
E745S_00207	gene	1014	aes_1			
E745S_00207	CDS	1014	aes_1	3.1.1.-		Acetyl esterase
E745S_00208	gene	1035	melR_2			
E745S_00208	CDS	1035	melR_2		COG1609	HTH-type transcriptional repressor MelR
E745S_00209	gene	2226	melA			
E745S_00209	CDS	2226	melA	3.2.1.22	COG3345	Alpha-galactosidase Mel36A
E745S_00210	gene	1884	lacL			
E745S_00210	CDS	1884	lacL	3.2.1.23	COG3250	Beta-galactosidase large subunit
E745S_00211	gene	975	lacM			
E745S_00211	CDS	975	lacM	3.2.1.23	COG3250	Beta-galactosidase small subunit
E745S_00212	gene	1023	aroF			
E745S_00212	CDS	1023	aroF	2.5.1.54	COG2876	Phospho-2-dehydro-3-deoxyheptonate aldolase
E745S_00213	gene	1065	aroB			
E745S_00213	CDS	1065	aroB	4.2.3.4	COG0337	3-dehydroquinate synthase
E745S_00214	gene	1167	aroC			
E745S_00214	CDS	1167	aroC	4.2.3.5	COG0082	Chorismate synthase
E745S_00215	gene	1092				
E745S_00215	CDS	1092				hypothetical protein
E745S_00216	gene	1296	aroA			
E745S_00216	CDS	1296	aroA	2.5.1.19	COG0128	3-phosphoshikimate 1-carboxyvinyltransferase
E745S_00217	gene	510	aroK			
E745S_00217	CDS	510	aroK	2.7.1.71	COG0703	Shikimate kinase
E745S_00218	gene	837	pheA			
E745S_00218	CDS	837	pheA			Bifunctional chorismate mutase/prephenate dehydratase
E745S_00219	gene	1737				
E745S_00219	CDS	1737				hypothetical protein
E745S_00220	gene	876	rhaR_1			
E745S_00220	CDS	876	rhaR_1			HTH-type transcriptional activator RhaR
E745S_00221	gene	579	cheB			
E745S_00221	CDS	579	cheB	3.5.1.44		Protein-glutamate methylesterase/protein-glutamine glutaminase
E745S_00222	gene	1287	lacE_1			
E745S_00222	CDS	1287	lacE_1			Lactose-binding protein
E745S_00223	gene	870	lacF_1			
E745S_00223	CDS	870	lacF_1			Lactose transport system permease protein LacF
E745S_00224	gene	870	lacG_1			
E745S_00224	CDS	870	lacG_1			Lactose transport system permease protein LacG
E745S_00225	gene	672	umpB_1			
E745S_00225	CDS	672	umpB_1			Na(+), Li(+), K(+)/H(+) antiporter subunit B
E745S_00226	gene	774	umpB_2			
E745S_00226	CDS	774	umpB_2			Na(+), Li(+), K(+)/H(+) antiporter subunit B
E745S_00227	gene	399				
E745S_00227	CDS	399				hypothetical protein
E745S_00228	gene	672				
E745S_00228	CDS	672				hypothetical protein
E745S_00229	gene	441				
E745S_00229	CDS	441				hypothetical protein
E745S_00230	gene	669	gpmA_1			
E745S_00230	CDS	669	gpmA_1	5.4.2.11		2,3-bisphosphoglycerate-dependent phosphoglycerate mutase
E745S_00231	gene	624	gph_1			
E745S_00231	CDS	624	gph_1	3.1.3.18	COG0546	Phosphoglycolate phosphatase
E745S_00232	gene	387				
E745S_00232	CDS	387				hypothetical protein
E745S_00233	gene	1392	tcyP			
E745S_00233	CDS	1392	tcyP		COG1823	L-cystine uptake protein TcyP
E745S_00234	gene	369				
E745S_00234	CDS	369				hypothetical protein
E745S_00235	gene	132				
E745S_00235	CDS	132				hypothetical protein
E745S_00236	gene	942				
E745S_00236	CDS	942				hypothetical protein
E745S_00237	gene	732	pphA			
E745S_00237	CDS	732	pphA	3.1.3.16	COG0639	Serine/threonine-protein phosphatase 1
E745S_00238	gene	2181	yhgF			
E745S_00238	CDS	2181	yhgF		COG2183	Protein YhgF
E745S_00239	gene	483				
E745S_00239	CDS	483				Protein SprT-like protein
E745S_00240	gene	762	ydcF			
E745S_00240	CDS	762	ydcF		COG1434	Protein YdcF
E745S_00241	gene	1335	murC			
E745S_00241	CDS	1335	murC	6.3.2.8		UDP-N-acetylmuramate--L-alanine ligase
E745S_00242	gene	486				
E745S_00242	CDS	486				hypothetical protein
E745S_00243	gene	684	ybhL			
E745S_00243	CDS	684	ybhL		COG0670	Inner membrane protein YbhL
E745S_00244	gene	2646	polA			
E745S_00244	CDS	2646	polA	2.7.7.7		DNA polymerase I
E745S_00245	gene	837	mutM			
E745S_00245	CDS	837	mutM	3.2.2.23	COG0266	Formamidopyrimidine-DNA glycosylase
E745S_00246	gene	630	coaE			
E745S_00246	CDS	630	coaE	2.7.1.24		Dephospho-CoA kinase
E745S_00247	gene	333				
E745S_00247	CDS	333				hypothetical protein
E745S_00248	gene	492	nrdR			
E745S_00248	CDS	492	nrdR		COG1327	Transcriptional repressor NrdR
E745S_00249	gene	1374	dnaB			
E745S_00249	CDS	1374	dnaB		COG3611	Replication initiation and membrane attachment protein
E745S_00250	gene	222	dnaI_1			
E745S_00250	CDS	222	dnaI_1		COG1484	Primosomal protein DnaI
E745S_00251	gene	708	dnaI_2			
E745S_00251	CDS	708	dnaI_2		COG1484	Primosomal protein DnaI
E745S_00252	gene	441				
E745S_00252	CDS	441				hypothetical protein
E745S_00253	gene	1296				
E745S_00253	CDS	1296				ISL3 family transposase ISEfa5
E745S_00254	gene	204	trmK_1			
E745S_00254	CDS	204	trmK_1	2.1.1.217	COG2384	tRNA (adenine(22)-N(1))-methyltransferase
E745S_00255	gene	414	trmK_2			
E745S_00255	CDS	414	trmK_2	2.1.1.217	COG2384	tRNA (adenine(22)-N(1))-methyltransferase
E745S_00256	gene	273				
E745S_00256	CDS	273			COG0327	GTP cyclohydrolase 1 type 2 
E745S_00257	gene	867				
E745S_00257	CDS	867			COG0327	GTP cyclohydrolase 1 type 2 
E745S_00258	gene	1233	pepT			
E745S_00258	CDS	1233	pepT	3.4.11.4		Peptidase T
E745S_00259	gene	909	dagK_2			
E745S_00259	CDS	909	dagK_2	2.7.1.107	COG1597	Diacylglycerol kinase
E745S_00260	gene	273				
E745S_00260	CDS	273				hypothetical protein
E745S_00261	gene	1047				
E745S_00261	CDS	1047				hypothetical protein
E745S_00262	gene	2610	clpB			
E745S_00262	CDS	2610	clpB		COG0542	Chaperone protein ClpB
E745S_00263	gene	672				
E745S_00263	CDS	672				hypothetical protein
E745S_00264	gene	495				
E745S_00264	CDS	495				hypothetical protein
E745S_00265	gene	1221	eis_1			
E745S_00265	CDS	1221	eis_1	2.3.1.-		N-acetyltransferase Eis
E745S_00266	gene	1836	lepA			
E745S_00266	CDS	1836	lepA	3.6.5.-		Elongation factor 4
E745S_00267	gene	1128	xerC_2			
E745S_00267	CDS	1128	xerC_2			Tyrosine recombinase XerC
E745S_00268	gene	954				
E745S_00268	CDS	954			COG2826	IS30 family transposase IS1252
E745S_00269	gene	1179				
E745S_00269	CDS	1179				IS256 family transposase ISEf1
E745S_00270	gene	414				
E745S_00270	CDS	414				hypothetical protein
E745S_00271	gene	486				
E745S_00271	CDS	486				hypothetical protein
E745S_00272	gene	216				
E745S_00272	CDS	216				hypothetical protein
E745S_00273	gene	801	fabG_1			
E745S_00273	CDS	801	fabG_1	1.1.1.100		3-oxoacyl-[acyl-carrier-protein] reductase FabG
E745S_00274	gene	1869	licR_1			
E745S_00274	CDS	1869	licR_1		COG1762	putative licABCH operon regulator
E745S_00275	gene	492				
E745S_00275	CDS	492				hypothetical protein
E745S_00276	gene	555	srlA			
E745S_00276	CDS	555	srlA		COG3730	PTS system glucitol/sorbitol-specific EIIC component
E745S_00277	gene	996	srlE			
E745S_00277	CDS	996	srlE	2.7.1.198	COG3732	PTS system glucitol/sorbitol-specific EIIB component
E745S_00278	gene	1251				
E745S_00278	CDS	1251				IS110 family transposase ISSpn10
E745S_00279	gene	399	srlB			
E745S_00279	CDS	399	srlB		COG3731	PTS system glucitol/sorbitol-specific EIIA component
E745S_00280	gene	711	fsaA			
E745S_00280	CDS	711	fsaA	4.1.2.-	COG0176	Fructose-6-phosphate aldolase 1
E745S_00281	gene	888	prsA_1			
E745S_00281	CDS	888	prsA_1	5.2.1.8		Foldase protein PrsA
E745S_00282	gene	840				
E745S_00282	CDS	840				hypothetical protein
E745S_00283	gene	975				
E745S_00283	CDS	975				hypothetical protein
E745S_00284	gene	357				
E745S_00284	CDS	357				hypothetical protein
E745S_00285	gene	1158				
E745S_00285	CDS	1158				hypothetical protein
E745S_00286	gene	441	spxA_1			
E745S_00286	CDS	441	spxA_1		COG1393	Regulatory protein Spx
E745S_00287	gene	507	sttH			
E745S_00287	CDS	507	sttH	3.5.2.19		Streptothricin hydrolase
E745S_00288	gene	1905				
E745S_00288	CDS	1905				hypothetical protein
E745S_00289	gene	1002	aes_2			
E745S_00289	CDS	1002	aes_2	3.1.1.-		Acetyl esterase
E745S_00290	gene	207				
E745S_00290	CDS	207				hypothetical protein
E745S_00291	gene	849	murR_1			
E745S_00291	CDS	849	murR_1		COG1737	HTH-type transcriptional regulator MurR
E745S_00292	gene	903				
E745S_00292	CDS	903		1.1.1.343	COG1023	6-phosphogluconate dehydrogenase, NAD(+)-dependent, decarboxylating
E745S_00293	gene	1002	fldH			
E745S_00293	CDS	1002	fldH	1.1.1.-		Phenyllactate dehydrogenase
E745S_00294	gene	273				
E745S_00294	CDS	273				hypothetical protein
E745S_00295	gene	798	hcxA			
E745S_00295	CDS	798	hcxA	1.1.1.-	COG0371	Hydroxycarboxylate dehydrogenase A
E745S_00296	gene	834				
E745S_00296	CDS	834				hypothetical protein
E745S_00297	gene	858	manZ_1			
E745S_00297	CDS	858	manZ_1		COG3716	PTS system mannose-specific EIID component
E745S_00298	gene	510	sorB_1			
E745S_00298	CDS	510	sorB_1	2.7.1.206	COG3444	PTS system sorbose-specific EIIB component
E745S_00299	gene	402				
E745S_00299	CDS	402				hypothetical protein
E745S_00300	gene	423				
E745S_00300	CDS	423				hypothetical protein
E745S_00301	gene	444	manX_1			
E745S_00301	CDS	444	manX_1	2.7.1.191		PTS system mannose-specific EIIAB component
E745S_00302	gene	1086	uxuA_1			
E745S_00302	CDS	1086	uxuA_1	4.2.1.8	COG1312	Mannonate dehydratase
E745S_00303	gene	714	ppaX			
E745S_00303	CDS	714	ppaX	3.6.1.1		Pyrophosphatase PpaX
E745S_00304	gene	150				
E745S_00304	CDS	150				hypothetical protein
E745S_00305	gene	201	cspL			
E745S_00305	CDS	201	cspL		COG1278	Cold shock protein 2
E745S_00306	gene	99				
E745S_00306	CDS	99				hypothetical protein
E745S_00307	gene	366				
E745S_00307	CDS	366				hypothetical protein
E745S_00308	gene	246				
E745S_00308	CDS	246				hypothetical protein
E745S_00309	gene	255				
E745S_00309	CDS	255				hypothetical protein
E745S_00310	gene	306				
E745S_00310	CDS	306				hypothetical protein
E745S_00311	gene	76				
E745S_00311	tRNA	76				tRNA-Met(cat)
E745S_00312	gene	498				
E745S_00312	CDS	498				hypothetical protein
E745S_00313	gene	810	yidA_1			
E745S_00313	CDS	810	yidA_1	3.1.3.23	COG0561	Sugar phosphatase YidA
E745S_00314	gene	858	gspA_1			
E745S_00314	CDS	858	gspA_1		COG1442	General stress protein A
E745S_00315	gene	903	gspA_2			
E745S_00315	CDS	903	gspA_2		COG1442	General stress protein A
E745S_00316	gene	351				
E745S_00316	CDS	351				hypothetical protein
E745S_00317	gene	939				
E745S_00317	CDS	939				hypothetical protein
E745S_00318	gene	894	yghA			
E745S_00318	CDS	894	yghA	1.-.-.-		putative oxidoreductase YghA
E745S_00319	gene	564				
E745S_00319	CDS	564				hypothetical protein
E745S_00320	gene	189				
E745S_00320	CDS	189				hypothetical protein
E745S_00321	gene	99				
E745S_00321	CDS	99				hypothetical protein
E745S_00322	gene	807				
E745S_00322	CDS	807				hypothetical protein
E745S_00323	gene	243				
E745S_00323	CDS	243				hypothetical protein
E745S_00324	gene	372				
E745S_00324	CDS	372				hypothetical protein
E745S_00325	gene	228				
E745S_00325	CDS	228				hypothetical protein
E745S_00326	gene	474				
E745S_00326	CDS	474				hypothetical protein
E745S_00327	gene	174				
E745S_00327	CDS	174				hypothetical protein
E745S_00328	gene	567				
E745S_00328	CDS	567				hypothetical protein
E745S_00329	gene	189				
E745S_00329	CDS	189				hypothetical protein
E745S_00330	gene	558				
E745S_00330	CDS	558				Stress response regulator gls24 
E745S_00331	gene	243				
E745S_00331	CDS	243				hypothetical protein
E745S_00332	gene	1296				
E745S_00332	CDS	1296				ISL3 family transposase ISEfa11
E745S_00333	gene	1215	amt			
E745S_00333	CDS	1215	amt			Ammonia channel
E745S_00334	gene	1428	gadC_1			
E745S_00334	CDS	1428	gadC_1		COG0531	Glutamate/gamma-aminobutyrate antiporter
E745S_00335	gene	927	glsA			
E745S_00335	CDS	927	glsA	3.5.1.2	COG2066	Glutaminase
E745S_00336	gene	1461				
E745S_00336	CDS	1461				hypothetical protein
E745S_00337	gene	1764	dxs			
E745S_00337	CDS	1764	dxs	2.2.1.7	COG1154	1-deoxy-D-xylulose-5-phosphate synthase
E745S_00338	gene	357				
E745S_00338	CDS	357				hypothetical protein
E745S_00339	gene	684	nanE_1			
E745S_00339	CDS	684	nanE_1	5.1.3.9		Putative N-acetylmannosamine-6-phosphate 2-epimerase
E745S_00340	gene	615				
E745S_00340	CDS	615				hypothetical protein
E745S_00341	gene	207				
E745S_00341	CDS	207				hypothetical protein
E745S_00342	gene	1164	ftsW_1			
E745S_00342	CDS	1164	ftsW_1	2.4.1.129	COG0772	putative peptidoglycan glycosyltransferase FtsW
E745S_00343	gene	756	msrR			
E745S_00343	CDS	756	msrR			Regulatory protein MsrR
E745S_00344	gene	2040	pbp			
E745S_00344	CDS	2040	pbp		COG0768	Beta-lactam-inducible penicillin-binding protein
E745S_00345	gene	609	napA_1			
E745S_00345	CDS	609	napA_1			Na(+)/H(+) antiporter
E745S_00346	gene	546	napA_2			
E745S_00346	CDS	546	napA_2			Na(+)/H(+) antiporter
E745S_00347	gene	531				
E745S_00347	CDS	531				hypothetical protein
E745S_00348	gene	351				
E745S_00348	CDS	351				hypothetical protein
E745S_00349	gene	1530	ahpF			
E745S_00349	CDS	1530	ahpF	1.6.99.3		NADH dehydrogenase
E745S_00350	gene	564	ahpC			
E745S_00350	CDS	564	ahpC	1.11.1.15	COG0450	Alkyl hydroperoxide reductase C
E745S_00351	gene	663	rspR_1			
E745S_00351	CDS	663	rspR_1		COG1802	HTH-type transcriptional repressor RspR
E745S_00352	gene	1986	uxuA_2			
E745S_00352	CDS	1986	uxuA_2	4.2.1.8		Mannonate dehydratase
E745S_00353	gene	774	uxuA_3			
E745S_00353	CDS	774	uxuA_3	4.2.1.8	COG1312	Mannonate dehydratase
E745S_00354	gene	1554				
E745S_00354	CDS	1554				hypothetical protein
E745S_00355	gene	588				
E745S_00355	CDS	588				hypothetical protein
E745S_00356	gene	591				
E745S_00356	CDS	591				hypothetical protein
E745S_00357	gene	1038				
E745S_00357	CDS	1038				hypothetical protein
E745S_00358	gene	441	ohrR			
E745S_00358	CDS	441	ohrR			Organic hydroperoxide resistance transcriptional regulator
E745S_00359	gene	411	ohrA			
E745S_00359	CDS	411	ohrA		COG1764	Organic hydroperoxide resistance protein OhrA
E745S_00360	gene	435				
E745S_00360	CDS	435				hypothetical protein
E745S_00361	gene	771				
E745S_00361	CDS	771				hypothetical protein
E745S_00362	gene	1767	bbmA			
E745S_00362	CDS	1767	bbmA	3.2.1.-	COG0366	Intracellular maltogenic amylase
E745S_00363	gene	1260	mdxE			
E745S_00363	CDS	1260	mdxE		COG2182	Maltodextrin-binding protein MdxE
E745S_00364	gene	1302				
E745S_00364	CDS	1302				hypothetical protein
E745S_00365	gene	852	malG			
E745S_00365	CDS	852	malG		COG3833	Maltose/maltodextrin transport system permease protein MalG
E745S_00366	gene	816				
E745S_00366	CDS	816				hypothetical protein
E745S_00367	gene	1167	cfa			
E745S_00367	CDS	1167	cfa	2.1.1.79	COG2230	Cyclopropane-fatty-acyl-phospholipid synthase
E745S_00368	gene	648				
E745S_00368	CDS	648				hypothetical protein
E745S_00369	gene	945	pyrDA			
E745S_00369	CDS	945	pyrDA	1.3.98.1	COG0167	Dihydroorotate dehydrogenase A (fumarate)
E745S_00370	gene	1452	nylA			
E745S_00370	CDS	1452	nylA	3.5.2.12		6-aminohexanoate-cyclic-dimer hydrolase
E745S_00371	gene	837	yckB			
E745S_00371	CDS	837	yckB		COG0834	putative ABC transporter extracellular-binding protein YckB
E745S_00372	gene	660	yecS_1			
E745S_00372	CDS	660	yecS_1		COG0765	L-cystine transport system permease protein YecS
E745S_00373	gene	690				
E745S_00373	CDS	690				hypothetical protein
E745S_00374	gene	957				
E745S_00374	CDS	957				hypothetical protein
E745S_00375	gene	513				
E745S_00375	CDS	513				hypothetical protein
E745S_00376	gene	549	gmk_1			
E745S_00376	CDS	549	gmk_1	2.7.4.8	COG0194	Guanylate kinase
E745S_00377	gene	1182	nupC			
E745S_00377	CDS	1182	nupC		COG1972	Nucleoside permease NupC
E745S_00378	gene	1509				
E745S_00378	CDS	1509				hypothetical protein
E745S_00379	gene	192				
E745S_00379	CDS	192				hypothetical protein
E745S_00380	gene	918				
E745S_00380	CDS	918				hypothetical protein
E745S_00381	gene	1074				
E745S_00381	CDS	1074				hypothetical protein
E745S_00382	gene	519				
E745S_00382	CDS	519				hypothetical protein
E745S_00383	gene	393				
E745S_00383	CDS	393				hypothetical protein
E745S_00384	gene	936				
E745S_00384	CDS	936				hypothetical protein
E745S_00385	gene	780	ygaZ_1			
E745S_00385	CDS	780	ygaZ_1		COG1296	Inner membrane protein YgaZ
E745S_00386	gene	318				
E745S_00386	CDS	318				hypothetical protein
E745S_00387	gene	1611	murJ_1			
E745S_00387	CDS	1611	murJ_1		COG2244	Lipid II flippase MurJ
E745S_00388	gene	849	degV			
E745S_00388	CDS	849	degV		COG1307	Protein DegV
E745S_00389	gene	480				
E745S_00389	CDS	480				hypothetical protein
E745S_00390	gene	2229				
E745S_00390	CDS	2229				hypothetical protein
E745S_00391	gene	1644	malL_1			
E745S_00391	CDS	1644	malL_1	3.2.1.10	COG0366	Oligo-1,6-glucosidase
E745S_00392	gene	546				
E745S_00392	CDS	546				hypothetical protein
E745S_00393	gene	486	hmpT			
E745S_00393	CDS	486	hmpT		COG4720	Thiamine precursor transporter HmpT
E745S_00394	gene	654	pdxK			
E745S_00394	CDS	654	pdxK	2.7.1.35	COG0351	Pyridoxine kinase
E745S_00395	gene	1545	menE			
E745S_00395	CDS	1545	menE	6.2.1.26		2-succinylbenzoate--CoA ligase
E745S_00396	gene	1032	xerC_3			
E745S_00396	CDS	1032	xerC_3			Tyrosine recombinase XerC
E745S_00397	gene	987	ysnF			
E745S_00397	CDS	987	ysnF			Stress response protein YsnF
E745S_00398	gene	1341	sasA_1			
E745S_00398	CDS	1341	sasA_1	2.7.-.-		Adaptive-response sensory-kinase SasA
E745S_00399	gene	558	mprA			
E745S_00399	CDS	558	mprA		COG0745	Response regulator MprA
E745S_00400	gene	1074				
E745S_00400	CDS	1074			COG0577	putative ABC transporter permease
E745S_00401	gene	303	lolD_1			
E745S_00401	CDS	303	lolD_1	3.6.3.-	COG1136	Lipoprotein-releasing system ATP-binding protein LolD
E745S_00402	gene	312	hrtA_1			
E745S_00402	CDS	312	hrtA_1	3.6.3.-	COG1136	Putative hemin import ATP-binding protein HrtA
E745S_00403	gene	648				
E745S_00403	CDS	648				hypothetical protein
E745S_00404	gene	1392				
E745S_00404	CDS	1392				hypothetical protein
E745S_00405	gene	342				
E745S_00405	CDS	342				hypothetical protein
E745S_00406	gene	342				
E745S_00406	CDS	342				hypothetical protein
E745S_00407	gene	2559				
E745S_00407	CDS	2559				hypothetical protein
E745S_00408	gene	843				
E745S_00408	CDS	843				hypothetical protein
E745S_00409	gene	564				
E745S_00409	CDS	564				hypothetical protein
E745S_00410	gene	1878				
E745S_00410	CDS	1878				hypothetical protein
E745S_00411	gene	843				
E745S_00411	CDS	843				hypothetical protein
E745S_00412	gene	876	ybbH_1			
E745S_00412	CDS	876	ybbH_1		COG1737	putative HTH-type transcriptional regulator YbbH
E745S_00413	gene	1032	yhhX			
E745S_00413	CDS	1032	yhhX	1.-.-.-	COG0673	putative oxidoreductase YhhX
E745S_00414	gene	291				
E745S_00414	CDS	291				hypothetical protein
E745S_00415	gene	2016				
E745S_00415	CDS	2016				hypothetical protein
E745S_00416	gene	285				
E745S_00416	CDS	285				hypothetical protein
E745S_00417	gene	1374	ulaA_1			
E745S_00417	CDS	1374	ulaA_1		COG3037	Ascorbate-specific PTS system EIIC component
E745S_00418	gene	2016				
E745S_00418	CDS	2016				hypothetical protein
E745S_00419	gene	1209				
E745S_00419	CDS	1209				hypothetical protein
E745S_00420	gene	945	rhaS_1			
E745S_00420	CDS	945	rhaS_1			HTH-type transcriptional activator RhaS
E745S_00421	gene	174				
E745S_00421	CDS	174				hypothetical protein
E745S_00422	gene	945	ldh_1			
E745S_00422	CDS	945	ldh_1	1.1.1.27		L-lactate dehydrogenase
E745S_00423	gene	399				
E745S_00423	CDS	399				hypothetical protein
E745S_00424	gene	237				
E745S_00424	CDS	237				hypothetical protein
E745S_00425	gene	318				
E745S_00425	CDS	318				hypothetical protein
E745S_00426	gene	2109	topB_1			
E745S_00426	CDS	2109	topB_1	5.6.2.1	COG0550	DNA topoisomerase 3
E745S_00427	gene	411				
E745S_00427	CDS	411				hypothetical protein
E745S_00428	gene	1164	tagU_1			
E745S_00428	CDS	1164	tagU_1	2.7.8.-		Polyisoprenyl-teichoic acid--peptidoglycan teichoic acid transferase TagU
E745S_00429	gene	855	aroE			
E745S_00429	CDS	855	aroE	1.1.1.25	COG0169	Shikimate dehydrogenase (NADP(+))
E745S_00430	gene	771	cmpD			
E745S_00430	CDS	771	cmpD	3.6.3.-		Bicarbonate transport ATP-binding protein CmpD
E745S_00431	gene	882				
E745S_00431	CDS	882				hypothetical protein
E745S_00432	gene	1050				
E745S_00432	CDS	1050				hypothetical protein
E745S_00433	gene	624				
E745S_00433	CDS	624				hypothetical protein
E745S_00434	gene	954				
E745S_00434	CDS	954			COG2826	IS30 family transposase IS1252
E745S_00435	gene	1707	rqcH			
E745S_00435	CDS	1707	rqcH		COG1293	Rqc2 RqcH
E745S_00436	gene	903	hdfR_1			
E745S_00436	CDS	903	hdfR_1			HTH-type transcriptional regulator HdfR
E745S_00437	gene	705	cah			
E745S_00437	CDS	705	cah	4.2.1.1	COG3338	Carbonic anhydrase
E745S_00438	gene	642	yfbR			
E745S_00438	CDS	642	yfbR	3.1.3.89		5'-deoxynucleotidase YfbR
E745S_00439	gene	630	pyrE			
E745S_00439	CDS	630	pyrE	2.4.2.10	COG0461	Orotate phosphoribosyltransferase
E745S_00440	gene	717	pyrF			
E745S_00440	CDS	717	pyrF	4.1.1.23	COG0284	Orotidine 5'-phosphate decarboxylase
E745S_00441	gene	933	pyrDB			
E745S_00441	CDS	933	pyrDB	1.3.1.14	COG0167	Dihydroorotate dehydrogenase B (NAD(+)), catalytic subunit
E745S_00442	gene	354	pyrK_1			
E745S_00442	CDS	354	pyrK_1		COG0543	Dihydroorotate dehydrogenase B (NAD(+)), electron transfer subunit
E745S_00443	gene	447	pyrK_2			
E745S_00443	CDS	447	pyrK_2		COG0543	Dihydroorotate dehydrogenase B (NAD(+)), electron transfer subunit
E745S_00444	gene	3186	carB			
E745S_00444	CDS	3186	carB	6.3.5.5	COG0458	Carbamoyl-phosphate synthase large chain
E745S_00445	gene	1077	carA			
E745S_00445	CDS	1077	carA	6.3.5.5		Carbamoyl-phosphate synthase small chain
E745S_00446	gene	1281	pyrC			
E745S_00446	CDS	1281	pyrC	3.5.2.3		Dihydroorotase
E745S_00447	gene	927	pyrB			
E745S_00447	CDS	927	pyrB	2.1.3.2	COG0540	Aspartate carbamoyltransferase
E745S_00448	gene	1284	pyrP			
E745S_00448	CDS	1284	pyrP			Uracil permease
E745S_00449	gene	540	pyrR			
E745S_00449	CDS	540	pyrR			Bifunctional protein pyrR
E745S_00450	gene	912	rluD_1			
E745S_00450	CDS	912	rluD_1	5.4.99.23	COG0564	Ribosomal large subunit pseudouridine synthase D
E745S_00451	gene	465	lspA			
E745S_00451	CDS	465	lspA	3.4.23.36	COG0597	Lipoprotein signal peptidase
E745S_00452	gene	699				
E745S_00452	CDS	699				hypothetical protein
E745S_00453	gene	387				
E745S_00453	CDS	387				hypothetical protein
E745S_00454	gene	1671	fhs1			
E745S_00454	CDS	1671	fhs1	6.3.4.3		Formate--tetrahydrofolate ligase 1
E745S_00455	gene	234				
E745S_00455	CDS	234				hypothetical protein
E745S_00456	gene	432				
E745S_00456	CDS	432				hypothetical protein
E745S_00457	gene	414	rnhA			
E745S_00457	CDS	414	rnhA		COG0328	14.7 kDa ribonuclease H-like protein
E745S_00458	gene	1149	fieF			
E745S_00458	CDS	1149	fieF			Ferrous-iron efflux pump FieF
E745S_00459	gene	597	panT_1			
E745S_00459	CDS	597	panT_1			Pantothenate transporter PanT
E745S_00460	gene	2643	alaS			
E745S_00460	CDS	2643	alaS	6.1.1.7		Alanine--tRNA ligase
E745S_00461	gene	432				
E745S_00461	CDS	432		2.3.1.-		Acetyltransferase
E745S_00462	gene	1350	cshB			
E745S_00462	CDS	1350	cshB	3.6.4.13	COG0513	DEAD-box ATP-dependent RNA helicase CshB
E745S_00463	gene	1164				
E745S_00463	CDS	1164				hypothetical protein
E745S_00464	gene	324				
E745S_00464	CDS	324				hypothetical protein
E745S_00465	gene	1350	steT_1			
E745S_00465	CDS	1350	steT_1		COG0531	Serine/threonine exchanger SteT
E745S_00466	gene	954				
E745S_00466	CDS	954				putative epimerase/dehydratase
E745S_00467	gene	1191				
E745S_00467	CDS	1191		2.3.1.-		Putative pyridoxal phosphate-dependent acyltransferase
E745S_00468	gene	222				
E745S_00468	CDS	222				hypothetical protein
E745S_00469	gene	684	yedJ			
E745S_00469	CDS	684	yedJ		COG1418	putative protein YedJ
E745S_00470	gene	1497	ypwA			
E745S_00470	CDS	1497	ypwA	3.4.17.19	COG2317	Carboxypeptidase 1
E745S_00471	gene	1167	rlmL			
E745S_00471	CDS	1167	rlmL	2.1.1.173	COG0116	Ribosomal RNA large subunit methyltransferase L
E745S_00472	gene	420	gpsB			
E745S_00472	CDS	420	gpsB			Cell cycle protein GpsB
E745S_00473	gene	540				
E745S_00473	CDS	540				hypothetical protein
E745S_00474	gene	648	recU			
E745S_00474	CDS	648	recU	3.1.22.4	COG3331	Holliday junction resolvase RecU
E745S_00475	gene	2382	ponA_1			
E745S_00475	CDS	2382	ponA_1		COG0744	Penicillin-binding protein 1A
E745S_00476	gene	1296				
E745S_00476	CDS	1296				ISL3 family transposase ISEfa5
E745S_00477	gene	498				
E745S_00477	CDS	498				hypothetical protein
E745S_00478	gene	678	nth			
E745S_00478	CDS	678	nth	4.2.99.18	COG0177	Endonuclease III
E745S_00479	gene	699	dnaD			
E745S_00479	CDS	699	dnaD		COG3935	DNA replication protein DnaD
E745S_00480	gene	1185	tetA			
E745S_00480	CDS	1185	tetA			Tetracycline resistance protein, class C
E745S_00481	gene	444				
E745S_00481	CDS	444				hypothetical protein
E745S_00482	gene	288				
E745S_00482	CDS	288				hypothetical protein
E745S_00483	gene	1353	nox_1			
E745S_00483	CDS	1353	nox_1	1.6.99.3	COG0446	NADH oxidase
E745S_00484	gene	447	perR			
E745S_00484	CDS	447	perR		COG0735	Peroxide operon regulator
E745S_00485	gene	927	cysK			
E745S_00485	CDS	927	cysK	2.5.1.47		Cysteine synthase
E745S_00486	gene	888				
E745S_00486	CDS	888		3.2.1.-	COG1388	Autolysin
E745S_00487	gene	954				
E745S_00487	CDS	954			COG2826	IS30 family transposase IS1252
E745S_00488	gene	1998	tkt			
E745S_00488	CDS	1998	tkt	2.2.1.1		Transketolase
E745S_00489	gene	252				
E745S_00489	CDS	252				hypothetical protein
E745S_00490	gene	624	lexA			
E745S_00490	CDS	624	lexA	3.4.21.88	COG1974	LexA repressor
E745S_00491	gene	219				
E745S_00491	CDS	219				hypothetical protein
E745S_00492	gene	513	apt			
E745S_00492	CDS	513	apt	2.4.2.7	COG0503	Adenine phosphoribosyltransferase
E745S_00493	gene	2298				
E745S_00493	CDS	2298				hypothetical protein
E745S_00494	gene	435				
E745S_00494	CDS	435				hypothetical protein
E745S_00495	gene	789	hcaB			
E745S_00495	CDS	789	hcaB	1.3.1.87		3-phenylpropionate-dihydrodiol/cinnamic acid-dihydrodiol dehydrogenase
E745S_00496	gene	942	rnz			
E745S_00496	CDS	942	rnz	3.1.26.11	COG1234	Ribonuclease Z
E745S_00497	gene	588				
E745S_00497	CDS	588				hypothetical protein
E745S_00498	gene	1314	obg			
E745S_00498	CDS	1314	obg	3.6.5.-	COG0536	GTPase Obg
E745S_00499	gene	1011	gap_1			
E745S_00499	CDS	1011	gap_1	1.2.1.12		Glyceraldehyde-3-phosphate dehydrogenase
E745S_00500	gene	936	menH_1			
E745S_00500	CDS	936	menH_1	4.2.99.20		2-succinyl-6-hydroxy-2,4-cyclohexadiene-1-carboxylate synthase
E745S_00501	gene	960				
E745S_00501	CDS	960			COG2826	IS30 family transposase IS6770
E745S_00502	gene	1095				
E745S_00502	CDS	1095				hypothetical protein
E745S_00503	gene	762				
E745S_00503	CDS	762				hypothetical protein
E745S_00504	gene	441	fabZ_1			
E745S_00504	CDS	441	fabZ_1	4.2.1.59	COG0764	3-hydroxyacyl-[acyl-carrier-protein] dehydratase FabZ
E745S_00505	gene	756	fabI			
E745S_00505	CDS	756	fabI	1.3.1.9	COG0623	Enoyl-[acyl-carrier-protein] reductase [NADH] FabI
E745S_00506	gene	1014	ilvE			
E745S_00506	CDS	1014	ilvE	2.6.1.42	COG0115	Branched-chain-amino-acid aminotransferase
E745S_00507	gene	921	ykuT			
E745S_00507	CDS	921	ykuT		COG0668	putative MscS family protein YkuT
E745S_00508	gene	501				
E745S_00508	CDS	501				hypothetical protein
E745S_00509	gene	519				
E745S_00509	CDS	519				hypothetical protein
E745S_00510	gene	1356	rph			
E745S_00510	CDS	1356	rph	2.7.7.56		Ribonuclease PH
E745S_00511	gene	834	murI			
E745S_00511	CDS	834	murI	5.1.1.3	COG0796	Glutamate racemase
E745S_00512	gene	657	glnP			
E745S_00512	CDS	657	glnP		COG0765	putative glutamine ABC transporter permease protein GlnP
E745S_00513	gene	648	glnM			
E745S_00513	CDS	648	glnM		COG0765	putative glutamine ABC transporter permease protein GlnM
E745S_00514	gene	816	glnH			
E745S_00514	CDS	816	glnH		COG0834	ABC transporter glutamine-binding protein GlnH
E745S_00515	gene	738	glnQ_1			
E745S_00515	CDS	738	glnQ_1	3.6.3.-	COG1126	Glutamine transport ATP-binding protein GlnQ
E745S_00516	gene	1011	trpS2			
E745S_00516	CDS	1011	trpS2	6.1.1.2	COG0180	Tryptophan--tRNA ligase 2
E745S_00517	gene	2421	pheT			
E745S_00517	CDS	2421	pheT	6.1.1.20		Phenylalanine--tRNA ligase beta subunit
E745S_00518	gene	1044	pheS			
E745S_00518	CDS	1044	pheS	6.1.1.20	COG0016	Phenylalanine--tRNA ligase alpha subunit
E745S_00519	gene	342	yodB			
E745S_00519	CDS	342	yodB		COG1733	HTH-type transcriptional regulator YodB
E745S_00520	gene	3723	addA			
E745S_00520	CDS	3723	addA	3.1.-.-	COG1074	ATP-dependent helicase/nuclease subunit A
E745S_00521	gene	2586	addB_1			
E745S_00521	CDS	2586	addB_1	3.1.-.-	COG3857	ATP-dependent helicase/deoxyribonuclease subunit B
E745S_00522	gene	984	addB_2			
E745S_00522	CDS	984	addB_2	3.1.-.-	COG3857	ATP-dependent helicase/deoxyribonuclease subunit B
E745S_00523	gene	1296				
E745S_00523	CDS	1296				ISL3 family transposase ISEfa11
E745S_00524	gene	831	dtpT_1			
E745S_00524	CDS	831	dtpT_1		COG3104	Di-/tripeptide transporter
E745S_00525	gene	432	dtpT_2			
E745S_00525	CDS	432	dtpT_2		COG3104	Di-/tripeptide transporter
E745S_00526	gene	597				
E745S_00526	CDS	597				hypothetical protein
E745S_00527	gene	483				
E745S_00527	CDS	483				hypothetical protein
E745S_00528	gene	198				
E745S_00528	CDS	198				hypothetical protein
E745S_00529	gene	759				
E745S_00529	CDS	759				hypothetical protein
E745S_00530	gene	429				
E745S_00530	CDS	429				hypothetical protein
E745S_00531	gene	73				
E745S_00531	tRNA	73				tRNA-Gln(ctg)
E745S_00532	gene	372				
E745S_00532	CDS	372				hypothetical protein
E745S_00533	gene	186				
E745S_00533	CDS	186				hypothetical protein
E745S_00534	gene	189				
E745S_00534	CDS	189				hypothetical protein
E745S_00535	gene	264				
E745S_00535	CDS	264				hypothetical protein
E745S_00536	gene	258				
E745S_00536	CDS	258				hypothetical protein
E745S_00537	gene	192				
E745S_00537	CDS	192				hypothetical protein
E745S_00538	gene	321				
E745S_00538	CDS	321				hypothetical protein
E745S_00539	gene	435				
E745S_00539	CDS	435				Putative universal stress protein
E745S_00540	gene	639				
E745S_00540	CDS	639				hypothetical protein
E745S_00541	gene	86				
E745S_00541	tRNA	86				tRNA-Leu(cag)
E745S_00542	gene	501				
E745S_00542	CDS	501				hypothetical protein
E745S_00543	gene	345				
E745S_00543	CDS	345				hypothetical protein
E745S_00544	gene	939				
E745S_00544	CDS	939				hypothetical protein
E745S_00545	gene	492				
E745S_00545	CDS	492				hypothetical protein
E745S_00546	gene	2376	dinG_1			
E745S_00546	CDS	2376	dinG_1	3.1.-.-		3'-5' exonuclease DinG
E745S_00547	gene	627				
E745S_00547	CDS	627		3.-.-.-		putative metallo-hydrolase
E745S_00548	gene	705	gpmA_2			
E745S_00548	CDS	705	gpmA_2	5.4.2.11		2,3-bisphosphoglycerate-dependent phosphoglycerate mutase
E745S_00549	gene	834	uppP			
E745S_00549	CDS	834	uppP	3.6.1.27		Undecaprenyl-diphosphatase
E745S_00550	gene	1929	zosA			
E745S_00550	CDS	1929	zosA	3.6.3.-	COG2217	Zinc-transporting ATPase
E745S_00551	gene	456				
E745S_00551	CDS	456				hypothetical protein
E745S_00552	gene	270				
E745S_00552	CDS	270				hypothetical protein
E745S_00553	gene	255	rpsT			
E745S_00553	CDS	255	rpsT			30S ribosomal protein S20
E745S_00554	gene	1047	yqeN			
E745S_00554	CDS	1047	yqeN		COG1466	putative protein YqeN
E745S_00555	gene	2274	comEC			
E745S_00555	CDS	2274	comEC		COG0658	ComE operon protein 3
E745S_00556	gene	540	tadA_1			
E745S_00556	CDS	540	tadA_1	3.5.4.33		tRNA-specific adenosine deaminase
E745S_00557	gene	219				
E745S_00557	CDS	219				hypothetical protein
E745S_00558	gene	246				
E745S_00558	CDS	246				hypothetical protein
E745S_00559	gene	618				
E745S_00559	CDS	618				hypothetical protein
E745S_00560	gene	1044	ylbL			
E745S_00560	CDS	1044	ylbL		COG3480	putative protein YlbL
E745S_00561	gene	492	coaD			
E745S_00561	CDS	492	coaD	2.7.7.3	COG0669	Phosphopantetheine adenylyltransferase
E745S_00562	gene	561	rsmD			
E745S_00562	CDS	561	rsmD	2.1.1.171	COG0742	Ribosomal RNA small subunit methyltransferase D
E745S_00563	gene	339				
E745S_00563	CDS	339				hypothetical protein
E745S_00564	gene	447				
E745S_00564	CDS	447				hypothetical protein
E745S_00565	gene	1125				
E745S_00565	CDS	1125				hypothetical protein
E745S_00566	gene	3429	pycA			
E745S_00566	CDS	3429	pycA	6.4.1.1		Pyruvate carboxylase
E745S_00567	gene	1164	ftsW_2			
E745S_00567	CDS	1164	ftsW_2	2.4.1.129	COG0772	putative peptidoglycan glycosyltransferase FtsW
E745S_00568	gene	303				
E745S_00568	CDS	303				hypothetical protein
E745S_00569	gene	1773	recQ_1			
E745S_00569	CDS	1773	recQ_1	3.6.4.12	COG0514	ATP-dependent DNA helicase RecQ
E745S_00570	gene	1830	typA			
E745S_00570	CDS	1830	typA		COG1217	GTP-binding protein TypA/BipA
E745S_00571	gene	759	cysQ			
E745S_00571	CDS	759	cysQ	3.1.3.7		3'(2'),5'-bisphosphate nucleotidase CysQ
E745S_00572	gene	276				
E745S_00572	CDS	276				hypothetical protein
E745S_00573	gene	1407	pdhD			
E745S_00573	CDS	1407	pdhD	1.8.1.4		Dihydrolipoyl dehydrogenase
E745S_00574	gene	1644				
E745S_00574	CDS	1644				hypothetical protein
E745S_00575	gene	978	pdhB			
E745S_00575	CDS	978	pdhB	1.2.4.1		Pyruvate dehydrogenase E1 component subunit beta
E745S_00576	gene	1110	pdhA			
E745S_00576	CDS	1110	pdhA	1.2.4.1		Pyruvate dehydrogenase E1 component subunit alpha
E745S_00577	gene	1425	norG			
E745S_00577	CDS	1425	norG		COG1167	HTH-type transcriptional regulator NorG
E745S_00578	gene	978	guaC			
E745S_00578	CDS	978	guaC	1.7.1.7	COG0516	GMP reductase
E745S_00579	gene	1206	xylH			
E745S_00579	CDS	1206	xylH		COG4214	Xylose transport system permease protein XylH
E745S_00580	gene	1527	xylG			
E745S_00580	CDS	1527	xylG	7.5.2.10	COG1129	Xylose import ATP-binding protein XylG
E745S_00581	gene	1089	chvE			
E745S_00581	CDS	1089	chvE		COG4213	Multiple sugar-binding periplasmic receptor ChvE
E745S_00582	gene	1017	ytfQ			
E745S_00582	CDS	1017	ytfQ			ABC transporter periplasmic-binding protein YtfQ
E745S_00583	gene	1452				
E745S_00583	CDS	1452				hypothetical protein
E745S_00584	gene	1566	rhaR_2			
E745S_00584	CDS	1566	rhaR_2			HTH-type transcriptional activator RhaR
E745S_00585	gene	915	ydhF			
E745S_00585	CDS	915	ydhF	1.-.-.-	COG4989	Oxidoreductase YdhF
E745S_00586	gene	1275	purD			
E745S_00586	CDS	1275	purD	6.3.4.13	COG0151	Phosphoribosylamine--glycine ligase
E745S_00587	gene	1536	purH			
E745S_00587	CDS	1536	purH			Bifunctional purine biosynthesis protein PurH
E745S_00588	gene	579	purN			
E745S_00588	CDS	579	purN	2.1.2.2		Phosphoribosylglycinamide formyltransferase
E745S_00589	gene	1053	purM			
E745S_00589	CDS	1053	purM	6.3.3.1	COG0150	Phosphoribosylformylglycinamidine cyclo-ligase
E745S_00590	gene	1440	purF			
E745S_00590	CDS	1440	purF	2.4.2.14		Amidophosphoribosyltransferase
E745S_00591	gene	2223	purL			
E745S_00591	CDS	2223	purL	6.3.5.3	COG0046	Phosphoribosylformylglycinamidine synthase subunit PurL
E745S_00592	gene	672	purQ			
E745S_00592	CDS	672	purQ	6.3.5.3	COG0047	Phosphoribosylformylglycinamidine synthase subunit PurQ
E745S_00593	gene	255	purS			
E745S_00593	CDS	255	purS	6.3.5.3	COG1828	Phosphoribosylformylglycinamidine synthase subunit PurS
E745S_00594	gene	729	purC			
E745S_00594	CDS	729	purC	6.3.2.6	COG0152	Phosphoribosylaminoimidazole-succinocarboxamide synthase
E745S_00595	gene	378				
E745S_00595	CDS	378				hypothetical protein
E745S_00596	gene	1296	purB			
E745S_00596	CDS	1296	purB	4.3.2.2	COG0015	Adenylosuccinate lyase
E745S_00597	gene	1125	purK			
E745S_00597	CDS	1125	purK	6.3.4.18		N5-carboxyaminoimidazole ribonucleotide synthase
E745S_00598	gene	489	purE			
E745S_00598	CDS	489	purE	5.4.99.18	COG0041	N5-carboxyaminoimidazole ribonucleotide mutase
E745S_00599	gene	1308				
E745S_00599	CDS	1308				Nucleobase transporter PlUacP
E745S_00600	gene	582	xpt			
E745S_00600	CDS	582	xpt	2.4.2.22	COG0503	Xanthine phosphoribosyltransferase
E745S_00601	gene	1293	yteT			
E745S_00601	CDS	1293	yteT	1.-.-.-	COG0673	Putative oxidoreductase YteT
E745S_00602	gene	624				
E745S_00602	CDS	624				hypothetical protein
E745S_00603	gene	837	araQ_1			
E745S_00603	CDS	837	araQ_1		COG0395	L-arabinose transport system permease protein AraQ
E745S_00604	gene	888	lacF_2			
E745S_00604	CDS	888	lacF_2			Lactose transport system permease protein LacF
E745S_00605	gene	1284	yesO			
E745S_00605	CDS	1284	yesO		COG1653	Putative ABC transporter substrate-binding protein YesO
E745S_00606	gene	684				
E745S_00606	CDS	684				hypothetical protein
E745S_00607	gene	618	lytG			
E745S_00607	CDS	618	lytG	3.2.1.-	COG1705	Exo-glucosaminidase LytG
E745S_00608	gene	825				
E745S_00608	CDS	825				hypothetical protein
E745S_00609	gene	561				
E745S_00609	CDS	561				hypothetical protein
E745S_00610	gene	948	iolU_1			
E745S_00610	CDS	948	iolU_1	1.1.1.371	COG0673	scyllo-inositol 2-dehydrogenase (NADP(+)) IolU
E745S_00611	gene	957				
E745S_00611	CDS	957				hypothetical protein
E745S_00612	gene	603				
E745S_00612	CDS	603				hypothetical protein
E745S_00613	gene	1500	yqiK			
E745S_00613	CDS	1500	yqiK		COG2268	Inner membrane protein YqiK
E745S_00614	gene	525	yuaF			
E745S_00614	CDS	525	yuaF			putative membrane protein YuaF
E745S_00615	gene	873	dcuS_1			
E745S_00615	CDS	873	dcuS_1	2.7.13.3	COG3290	Sensor histidine kinase DcuS
E745S_00616	gene	786	dcuS_2			
E745S_00616	CDS	786	dcuS_2	2.7.13.3	COG3290	Sensor histidine kinase DcuS
E745S_00617	gene	717	dcuR			
E745S_00617	CDS	717	dcuR		COG4565	Transcriptional regulatory protein DcuR
E745S_00618	gene	1020	hgdH			
E745S_00618	CDS	1020	hgdH	1.1.1.399	COG1052	(R)-2-hydroxyglutarate dehydrogenase
E745S_00619	gene	1059				
E745S_00619	CDS	1059				hypothetical protein
E745S_00620	gene	1149	agaA_1			
E745S_00620	CDS	1149	agaA_1	3.5.1.-	COG1820	N-acetylgalactosamine-6-phosphate deacetylase
E745S_00621	gene	837				
E745S_00621	CDS	837				hypothetical protein
E745S_00622	gene	1221	alaA			
E745S_00622	CDS	1221	alaA	2.6.1.2	COG0436	Glutamate-pyruvate aminotransferase AlaA
E745S_00623	gene	162				
E745S_00623	CDS	162				hypothetical protein
E745S_00624	gene	85				
E745S_00624	tRNA	85				tRNA-Leu(gag)
E745S_00625	gene	579				
E745S_00625	CDS	579				hypothetical protein
E745S_00626	gene	387				
E745S_00626	CDS	387				hypothetical protein
E745S_00627	gene	1179				
E745S_00627	CDS	1179				IS256 family transposase ISEf1
E745S_00628	gene	327				
E745S_00628	CDS	327				hypothetical protein
E745S_00629	gene	243	fosX			
E745S_00629	CDS	243	fosX		COG0346	Fosfomycin resistance protein FosX
E745S_00630	gene	291				
E745S_00630	CDS	291				hypothetical protein
E745S_00631	gene	693	smc_1			
E745S_00631	CDS	693	smc_1			Chromosome partition protein Smc
E745S_00632	gene	624				
E745S_00632	CDS	624				hypothetical protein
E745S_00633	gene	723	ycfH			
E745S_00633	CDS	723	ycfH	3.1.-.-	COG0084	putative metal-dependent hydrolase YcfH
E745S_00634	gene	738	ssuB			
E745S_00634	CDS	738	ssuB	3.6.3.-	COG1116	Aliphatic sulfonates import ATP-binding protein SsuB
E745S_00635	gene	993	thiY			
E745S_00635	CDS	993	thiY		COG0715	Formylaminopyrimidine-binding protein
E745S_00636	gene	744	ribX			
E745S_00636	CDS	744	ribX			Riboflavin transport system permease protein RibX
E745S_00637	gene	1323	garB			
E745S_00637	CDS	1323	garB	1.8.1.16		Glutathione amide reductase
E745S_00638	gene	309				
E745S_00638	CDS	309				hypothetical protein
E745S_00639	gene	693	opuCA_1			
E745S_00639	CDS	693	opuCA_1	7.6.2.9	COG1125	Carnitine transport ATP-binding protein OpuCA
E745S_00640	gene	1539				
E745S_00640	CDS	1539				hypothetical protein
E745S_00641	gene	288				
E745S_00641	CDS	288				hypothetical protein
E745S_00642	gene	669				
E745S_00642	CDS	669				hypothetical protein
E745S_00643	gene	741				
E745S_00643	CDS	741				hypothetical protein
E745S_00644	gene	948	exuR_1			
E745S_00644	CDS	948	exuR_1		COG1609	putative HTH-type transcriptional repressor ExuR
E745S_00645	gene	765				
E745S_00645	CDS	765				hypothetical protein
E745S_00646	gene	390				
E745S_00646	CDS	390				hypothetical protein
E745S_00647	gene	543				
E745S_00647	CDS	543				hypothetical protein
E745S_00648	gene	615				
E745S_00648	CDS	615				hypothetical protein
E745S_00649	gene	894				
E745S_00649	CDS	894				hypothetical protein
E745S_00650	gene	927	ppaC			
E745S_00650	CDS	927	ppaC	3.6.1.1	COG1227	putative manganese-dependent inorganic pyrophosphatase
E745S_00651	gene	762	pflA			
E745S_00651	CDS	762	pflA	1.97.1.4		Pyruvate formate-lyase-activating enzyme
E745S_00652	gene	2232	pflB			
E745S_00652	CDS	2232	pflB	2.3.1.54		Formate acetyltransferase
E745S_00653	gene	2451	parC			
E745S_00653	CDS	2451	parC	5.6.2.2	COG0188	DNA topoisomerase 4 subunit A
E745S_00654	gene	2046	parE			
E745S_00654	CDS	2046	parE	5.6.2.2	COG0187	DNA topoisomerase 4 subunit B
E745S_00655	gene	435	yccU			
E745S_00655	CDS	435	yccU		COG1832	putative protein YccU
E745S_00656	gene	639	plsY			
E745S_00656	CDS	639	plsY	2.3.1.275	COG0344	Glycerol-3-phosphate acyltransferase
E745S_00657	gene	876	lacX			
E745S_00657	CDS	876	lacX			Protein LacX, plasmid
E745S_00658	gene	792	codY			
E745S_00658	CDS	792	codY		COG4465	GTP-sensing transcriptional pleiotropic repressor CodY
E745S_00659	gene	1401	clpY			
E745S_00659	CDS	1401	clpY		COG1220	ATP-dependent protease ATPase subunit ClpY
E745S_00660	gene	549	hslV			
E745S_00660	CDS	549	hslV	3.4.25.2	COG5405	ATP-dependent protease subunit HslV
E745S_00661	gene	906	xerC_4			
E745S_00661	CDS	906	xerC_4		COG4974	Tyrosine recombinase XerC
E745S_00662	gene	1326	trmFO			
E745S_00662	CDS	1326	trmFO	2.1.1.74	COG1206	Methylenetetrahydrofolate--tRNA-(uracil-5-)-methyltransferase TrmFO
E745S_00663	gene	2079	topA			
E745S_00663	CDS	2079	topA	5.6.2.1		DNA topoisomerase 1
E745S_00664	gene	858	dprA			
E745S_00664	CDS	858	dprA		COG0758	DNA processing protein DprA
E745S_00665	gene	768	rnhB			
E745S_00665	CDS	768	rnhB	3.1.26.4	COG0164	Ribonuclease HII
E745S_00666	gene	861	rbgA			
E745S_00666	CDS	861	rbgA		COG1161	Ribosome biogenesis GTPase A
E745S_00667	gene	399				
E745S_00667	CDS	399				hypothetical protein
E745S_00668	gene	543	folT_1			
E745S_00668	CDS	543	folT_1			Folate transporter FolT
E745S_00669	gene	552	sipV			
E745S_00669	CDS	552	sipV	3.4.21.89	COG0681	Signal peptidase I V
E745S_00670	gene	228				
E745S_00670	CDS	228				hypothetical protein
E745S_00671	gene	519	msrA_1			
E745S_00671	CDS	519	msrA_1	1.8.4.11	COG0225	Peptide methionine sulfoxide reductase MsrA
E745S_00672	gene	714				
E745S_00672	CDS	714				hypothetical protein
E745S_00673	gene	897				
E745S_00673	CDS	897				hypothetical protein
E745S_00674	gene	843				
E745S_00674	CDS	843			COG1307	DegV domain-containing protein
E745S_00675	gene	654				
E745S_00675	CDS	654				hypothetical protein
E745S_00676	gene	528	folA_2			
E745S_00676	CDS	528	folA_2	1.5.1.3		Dihydrofolate reductase
E745S_00677	gene	948	thyA			
E745S_00677	CDS	948	thyA	2.1.1.45	COG0207	Thymidylate synthase
E745S_00678	gene	1887	ettA			
E745S_00678	CDS	1887	ettA		COG0488	Energy-dependent translational throttle protein EttA
E745S_00679	gene	2079				
E745S_00679	CDS	2079				hypothetical protein
E745S_00680	gene	276				
E745S_00680	CDS	276				hypothetical protein
E745S_00681	gene	456				
E745S_00681	CDS	456				hypothetical protein
E745S_00682	gene	1209	cca			
E745S_00682	CDS	1209	cca	2.7.7.72		CCA-adding enzyme
E745S_00683	gene	333	ypjD			
E745S_00683	CDS	333	ypjD		COG1694	putative protein YpjD
E745S_00684	gene	876				
E745S_00684	CDS	876				hypothetical protein
E745S_00685	gene	582				
E745S_00685	CDS	582				hypothetical protein
E745S_00686	gene	1260	bepA			
E745S_00686	CDS	1260	bepA	3.4.-.-		Beta-barrel assembly-enhancing protease
E745S_00687	gene	1047				
E745S_00687	CDS	1047				hypothetical protein
E745S_00688	gene	276	hupA			
E745S_00688	CDS	276	hupA		COG0776	DNA-binding protein HU 1
E745S_00689	gene	1311	der			
E745S_00689	CDS	1311	der		COG1160	GTPase Der
E745S_00690	gene	1230	ypfD			
E745S_00690	CDS	1230	ypfD		COG0539	30S ribosomal protein S1 
E745S_00691	gene	681	cmk			
E745S_00691	CDS	681	cmk	2.7.4.25	COG0283	Cytidylate kinase
E745S_00692	gene	636				
E745S_00692	CDS	636				hypothetical protein
E745S_00693	gene	1404	recQ_2			
E745S_00693	CDS	1404	recQ_2	3.6.4.12	COG0514	ATP-dependent DNA helicase RecQ
E745S_00694	gene	1032				
E745S_00694	CDS	1032				hypothetical protein
E745S_00695	gene	222				
E745S_00695	CDS	222				hypothetical protein
E745S_00696	gene	738				
E745S_00696	CDS	738				hypothetical protein
E745S_00697	gene	1341				
E745S_00697	CDS	1341		3.4.13.-		Putative dipeptidase
E745S_00698	gene	1524				
E745S_00698	CDS	1524				hypothetical protein
E745S_00699	gene	612	fmnP			
E745S_00699	CDS	612	fmnP		COG3601	Riboflavin transporter FmnP
E745S_00700	gene	717	rluB_1			
E745S_00700	CDS	717	rluB_1	5.4.99.22	COG1187	Ribosomal large subunit pseudouridine synthase B
E745S_00701	gene	570	scpB			
E745S_00701	CDS	570	scpB			Segregation and condensation protein B
E745S_00702	gene	798	scpA			
E745S_00702	CDS	798	scpA		COG1354	Segregation and condensation protein A
E745S_00703	gene	372	ribT			
E745S_00703	CDS	372	ribT	2.3.1.-		Protein RibT
E745S_00704	gene	888	xerD			
E745S_00704	CDS	888	xerD			Tyrosine recombinase XerD
E745S_00705	gene	171				
E745S_00705	CDS	171				hypothetical protein
E745S_00706	gene	468	fur			
E745S_00706	CDS	468	fur		COG0735	Ferric uptake regulation protein
E745S_00707	gene	864	cvfB			
E745S_00707	CDS	864	cvfB			Conserved virulence factor B
E745S_00708	gene	2103	mapZ			
E745S_00708	CDS	2103	mapZ			Mid-cell-anchored protein Z
E745S_00709	gene	1296				
E745S_00709	CDS	1296				ISL3 family transposase ISEfa11
E745S_00710	gene	1110	sigA			
E745S_00710	CDS	1110	sigA		COG0568	RNA polymerase sigma factor SigA
E745S_00711	gene	1842	dnaG			
E745S_00711	CDS	1842	dnaG	2.7.7.-	COG0358	DNA primase
E745S_00712	gene	2316	ctpE_1			
E745S_00712	CDS	2316	ctpE_1	7.2.2.10	COG0474	Calcium-transporting ATPase CtpE
E745S_00713	gene	861				
E745S_00713	CDS	861				hypothetical protein
E745S_00714	gene	342				
E745S_00714	CDS	342				hypothetical protein
E745S_00715	gene	720	ydjP			
E745S_00715	CDS	720	ydjP	3.-.-.-	COG0596	AB hydrolase superfamily protein YdjP
E745S_00716	gene	2592	mprF_1			
E745S_00716	CDS	2592	mprF_1	2.3.2.3		Phosphatidylglycerol lysyltransferase
E745S_00717	gene	1188	tuf_1			
E745S_00717	CDS	1188	tuf_1			Elongation factor Tu
E745S_00718	gene	357				
E745S_00718	CDS	357				hypothetical protein
E745S_00719	gene	1005				
E745S_00719	CDS	1005				hypothetical protein
E745S_00720	gene	852	yvgN			
E745S_00720	CDS	852	yvgN	1.1.1.-	COG0656	Glyoxal reductase
E745S_00721	gene	246				
E745S_00721	CDS	246				hypothetical protein
E745S_00722	gene	705				
E745S_00722	CDS	705				hypothetical protein
E745S_00723	gene	1263	mvaA			
E745S_00723	CDS	1263	mvaA	1.1.1.88		3-hydroxy-3-methylglutaryl-coenzyme A reductase
E745S_00724	gene	1221	thlA			
E745S_00724	CDS	1221	thlA	2.3.1.9	COG0183	Acetyl-CoA acetyltransferase
E745S_00725	gene	1155	mvaS			
E745S_00725	CDS	1155	mvaS	2.3.3.10	COG3425	Hydroxymethylglutaryl-CoA synthase
E745S_00726	gene	753				
E745S_00726	CDS	753				hypothetical protein
E745S_00727	gene	2667				
E745S_00727	CDS	2667		7.2.2.10	COG0474	Calcium-transporting ATPase
E745S_00728	gene	1452	clsA_1			
E745S_00728	CDS	1452	clsA_1	2.7.8.-	COG1502	Major cardiolipin synthase ClsA
E745S_00729	gene	816	thiD			
E745S_00729	CDS	816	thiD	2.7.1.49		Hydroxymethylpyrimidine/phosphomethylpyrimidine kinase
E745S_00730	gene	276				
E745S_00730	CDS	276				hypothetical protein
E745S_00731	gene	456	spxA_2			
E745S_00731	CDS	456	spxA_2		COG1393	Regulatory protein Spx
E745S_00732	gene	750				
E745S_00732	CDS	750				hypothetical protein
E745S_00733	gene	327				
E745S_00733	CDS	327				hypothetical protein
E745S_00734	gene	441				
E745S_00734	CDS	441				Putative universal stress protein
E745S_00735	gene	1398	gmuD_1			
E745S_00735	CDS	1398	gmuD_1	3.2.1.86	COG2723	6-phospho-beta-glucosidase GmuD
E745S_00736	gene	1272	gmuC_1			
E745S_00736	CDS	1272	gmuC_1		COG1455	PTS system oligo-beta-mannoside-specific EIIC component
E745S_00737	gene	720	gmuR			
E745S_00737	CDS	720	gmuR		COG2188	HTH-type transcriptional regulator GmuR
E745S_00738	gene	975	mhqA			
E745S_00738	CDS	975	mhqA	1.13.11.-	COG0346	Putative ring-cleaving dioxygenase MhqA
E745S_00739	gene	606	mhqD			
E745S_00739	CDS	606	mhqD	3.1.-.-	COG0400	Putative hydrolase MhqD
E745S_00740	gene	753	mtnB			
E745S_00740	CDS	753	mtnB	4.2.1.109		Methylthioribulose-1-phosphate dehydratase
E745S_00741	gene	261				
E745S_00741	CDS	261				hypothetical protein
E745S_00742	gene	1362	gatC_2			
E745S_00742	CDS	1362	gatC_2		COG3775	PTS system galactitol-specific EIIC component
E745S_00743	gene	300				
E745S_00743	CDS	300				hypothetical protein
E745S_00744	gene	459	gatA_2			
E745S_00744	CDS	459	gatA_2		COG1762	PTS system galactitol-specific EIIA component
E745S_00745	gene	792	lacR_1			
E745S_00745	CDS	792	lacR_1			Lactose phosphotransferase system repressor
E745S_00746	gene	954	lacC_2			
E745S_00746	CDS	954	lacC_2	2.7.1.144	COG1105	Tagatose-6-phosphate kinase
E745S_00747	gene	975				
E745S_00747	CDS	975			COG1073	putative protein
E745S_00748	gene	435				
E745S_00748	CDS	435			COG0789	putative HTH-type transcriptional regulator
E745S_00749	gene	1023				
E745S_00749	CDS	1023				hypothetical protein
E745S_00750	gene	423	arsC			
E745S_00750	CDS	423	arsC	1.20.4.4	COG0394	Arsenate reductase
E745S_00751	gene	1923	manR_1			
E745S_00751	CDS	1923	manR_1		COG1762	Transcriptional regulator ManR
E745S_00752	gene	921	manP_1			
E745S_00752	CDS	921	manP_1		COG1299	PTS system mannose-specific EIIBCA component
E745S_00753	gene	972	manP_2			
E745S_00753	CDS	972	manP_2		COG1299	PTS system mannose-specific EIIBCA component
E745S_00754	gene	741	dgaF			
E745S_00754	CDS	741	dgaF	4.1.2.14		2-dehydro-3-deoxy-phosphogluconate aldolase
E745S_00755	gene	1092	dgaE			
E745S_00755	CDS	1092	dgaE	4.3.1.29		D-glucosaminate-6-phosphate ammonia lyase
E745S_00756	gene	1107				
E745S_00756	CDS	1107		3.1.1.-	COG3964	Deacetylase
E745S_00757	gene	678				
E745S_00757	CDS	678				hypothetical protein
E745S_00758	gene	780				
E745S_00758	CDS	780				hypothetical protein
E745S_00759	gene	351				
E745S_00759	CDS	351				hypothetical protein
E745S_00760	gene	357				
E745S_00760	CDS	357				hypothetical protein
E745S_00761	gene	1251				
E745S_00761	CDS	1251				IS110 family transposase ISSpn10
E745S_00762	gene	333				
E745S_00762	CDS	333				hypothetical protein
E745S_00763	gene	1863				
E745S_00763	CDS	1863				hypothetical protein
E745S_00764	gene	954				
E745S_00764	CDS	954			COG2826	IS30 family transposase IS1252
E745S_00765	gene	195				
E745S_00765	CDS	195				hypothetical protein
E745S_00766	gene	300				
E745S_00766	CDS	300				hypothetical protein
E745S_00767	gene	435				
E745S_00767	CDS	435				hypothetical protein
E745S_00768	gene	711	araD			
E745S_00768	CDS	711	araD	5.1.3.4	COG0235	L-ribulose-5-phosphate 4-epimerase AraD
E745S_00769	gene	861	ulaE			
E745S_00769	CDS	861	ulaE	5.1.3.22	COG3623	L-ribulose-5-phosphate 3-epimerase UlaE
E745S_00770	gene	639	sgbH			
E745S_00770	CDS	639	sgbH	4.1.1.85	COG0269	3-keto-L-gulonate-6-phosphate decarboxylase SgbH
E745S_00771	gene	300				
E745S_00771	CDS	300				hypothetical protein
E745S_00772	gene	1485	ulaA_2			
E745S_00772	CDS	1485	ulaA_2		COG3037	Ascorbate-specific PTS system EIIC component
E745S_00773	gene	462				
E745S_00773	CDS	462				hypothetical protein
E745S_00774	gene	1068	ulaG			
E745S_00774	CDS	1068	ulaG	3.1.1.-	COG2220	putative L-ascorbate-6-phosphate lactonase UlaG
E745S_00775	gene	771	srlR			
E745S_00775	CDS	771	srlR		COG1349	Glucitol operon repressor
E745S_00776	gene	828				
E745S_00776	CDS	828				hypothetical protein
E745S_00777	gene	1236				
E745S_00777	CDS	1236				hypothetical protein
E745S_00778	gene	261				
E745S_00778	CDS	261				hypothetical protein
E745S_00779	gene	1302	licC_1			
E745S_00779	CDS	1302	licC_1		COG1455	Lichenan permease IIC component
E745S_00780	gene	459	ptsG_1			
E745S_00780	CDS	459	ptsG_1	2.7.1.199		PTS system glucose-specific EIICBA component
E745S_00781	gene	1329	malH			
E745S_00781	CDS	1329	malH	3.2.1.122	COG1486	Maltose-6'-phosphate glucosidase MalH
E745S_00782	gene	1413	gamP			
E745S_00782	CDS	1413	gamP		COG2190	Putative PTS system glucosamine-specific EIICBA component
E745S_00783	gene	765				
E745S_00783	CDS	765		3.5.1.-	COG3394	Carbohydrate deacetylase
E745S_00784	gene	876	licT_1			
E745S_00784	CDS	876	licT_1		COG3711	Transcription antiterminator LicT
E745S_00785	gene	87				
E745S_00785	tRNA	87				tRNA-Leu(caa)
E745S_00786	gene	74				
E745S_00786	tRNA	74				tRNA-Gln(ttg)
E745S_00787	gene	74				
E745S_00787	tRNA	74				tRNA-His(gtg)
E745S_00788	gene	87				
E745S_00788	tRNA	87				tRNA-Leu(caa)
E745S_00789	gene	71				
E745S_00789	tRNA	71				tRNA-Cys(gca)
E745S_00790	gene	74				
E745S_00790	tRNA	74				tRNA-Gln(ttg)
E745S_00791	gene	74				
E745S_00791	tRNA	74				tRNA-His(gtg)
E745S_00792	gene	74				
E745S_00792	tRNA	74				tRNA-Trp(cca)
E745S_00793	gene	83				
E745S_00793	tRNA	83				tRNA-Tyr(gta)
E745S_00794	gene	76				
E745S_00794	tRNA	76				tRNA-Phe(gaa)
E745S_00795	gene	76				
E745S_00795	tRNA	76				tRNA-Asp(gtc)
E745S_00796	gene	75				
E745S_00796	tRNA	75				tRNA-Val(tac)
E745S_00797	gene	74				
E745S_00797	tRNA	74				tRNA-Glu(ttc)
E745S_00798	gene	92				
E745S_00798	tRNA	92				tRNA-Ser(gga)
E745S_00799	gene	76				
E745S_00799	tRNA	76				tRNA-Asn(gtt)
E745S_00800	gene	73				
E745S_00800	tRNA	73				tRNA-Ala(tgc)
E745S_00801	gene	1506	sasA_2			
E745S_00801	CDS	1506	sasA_2	2.7.-.-		Adaptive-response sensory-kinase SasA
E745S_00802	gene	687	arlR_1			
E745S_00802	CDS	687	arlR_1		COG0745	Response regulator ArlR
E745S_00803	gene	1422	gnd			
E745S_00803	CDS	1422	gnd	1.1.1.44	COG0362	6-phosphogluconate dehydrogenase, decarboxylating
E745S_00804	gene	180	rpmF_1			
E745S_00804	CDS	180	rpmF_1			50S ribosomal protein L32
E745S_00805	gene	570				
E745S_00805	CDS	570				hypothetical protein
E745S_00806	gene	903	gltC_1			
E745S_00806	CDS	903	gltC_1			HTH-type transcriptional regulator GltC
E745S_00807	gene	1785	pyk			
E745S_00807	CDS	1785	pyk	2.7.1.40	COG0469	Pyruvate kinase
E745S_00808	gene	963	pfkA			
E745S_00808	CDS	963	pfkA	2.7.1.11		ATP-dependent 6-phosphofructokinase
E745S_00809	gene	3315	dnaE			
E745S_00809	CDS	3315	dnaE	2.7.7.7	COG0587	DNA polymerase III subunit alpha
E745S_00810	gene	186				
E745S_00810	CDS	186				hypothetical protein
E745S_00811	gene	1197	sbnD_1			
E745S_00811	CDS	1197	sbnD_1			Staphyloferrin B transporter
E745S_00812	gene	1296				
E745S_00812	CDS	1296				ISL3 family transposase ISEfa5
E745S_00813	gene	1545	pbuO			
E745S_00813	CDS	1545	pbuO		COG2252	Guanine/hypoxanthine permease PbuO
E745S_00814	gene	810	yitU			
E745S_00814	CDS	810	yitU	3.1.3.104	COG0561	5-amino-6-(5-phospho-D-ribitylamino)uracil phosphatase YitU
E745S_00815	gene	1296				
E745S_00815	CDS	1296				ISL3 family transposase IS1251
E745S_00816	gene	2154	penA			
E745S_00816	CDS	2154	penA		COG0768	Penicillin-binding protein 2B
E745S_00817	gene	849	ybbH_2			
E745S_00817	CDS	849	ybbH_2		COG1737	putative HTH-type transcriptional regulator YbbH
E745S_00818	gene	1941	thrS			
E745S_00818	CDS	1941	thrS	6.1.1.3	COG0441	Threonine--tRNA ligase
E745S_00819	gene	180				
E745S_00819	CDS	180		5.3.2.-		putative tautomerase
E745S_00820	gene	1824	ziaA			
E745S_00820	CDS	1824	ziaA	7.2.2.12		Zinc-transporting ATPase
E745S_00821	gene	2280	helD_1			
E745S_00821	CDS	2280	helD_1	3.6.4.12	COG3973	DNA helicase IV
E745S_00822	gene	648				
E745S_00822	CDS	648				hypothetical protein
E745S_00823	gene	990				
E745S_00823	CDS	990				ISL3 family transposase ISEfa11
E745S_00824	gene	720	yeeN			
E745S_00824	CDS	720	yeeN		COG0217	putative transcriptional regulatory protein YeeN
E745S_00825	gene	1152	tmcAL			
E745S_00825	CDS	1152	tmcAL	6.3.4.-	COG1323	tRNA(Met) cytidine acetate ligase
E745S_00826	gene	741	COQ5_1			
E745S_00826	CDS	741	COQ5_1	2.1.1.163		2-methoxy-6-polyprenyl-1,4-benzoquinol methylase, mitochondrial
E745S_00827	gene	261	rsfS			
E745S_00827	CDS	261	rsfS		COG0799	Ribosomal silencing factor RsfS
E745S_00828	gene	594				
E745S_00828	CDS	594				hypothetical protein
E745S_00829	gene	651	nadD			
E745S_00829	CDS	651	nadD	2.7.7.18	COG1057	Nicotinate-nucleotide adenylyltransferase
E745S_00830	gene	312				
E745S_00830	CDS	312			COG1534	RNA-binding protein
E745S_00831	gene	1110	yqeH			
E745S_00831	CDS	1110	yqeH		COG1161	putative protein YqeH
E745S_00832	gene	528				
E745S_00832	CDS	528				hypothetical protein
E745S_00833	gene	786	accA			
E745S_00833	CDS	786	accA	2.1.3.15	COG0825	Acetyl-coenzyme A carboxylase carboxyl transferase subunit alpha
E745S_00834	gene	870	accD			
E745S_00834	CDS	870	accD	2.1.3.15	COG0777	Acetyl-coenzyme A carboxylase carboxyl transferase subunit beta
E745S_00835	gene	1380	cfiB			
E745S_00835	CDS	1380	cfiB	6.4.1.7	COG0439	2-oxoglutarate carboxylase small subunit
E745S_00836	gene	420	fabZ_2			
E745S_00836	CDS	420	fabZ_2	4.2.1.59	COG0764	3-hydroxyacyl-[acyl-carrier-protein] dehydratase FabZ
E745S_00837	gene	477	accB			
E745S_00837	CDS	477	accB			Biotin carboxyl carrier protein of acetyl-CoA carboxylase
E745S_00838	gene	1236	fabF			
E745S_00838	CDS	1236	fabF	2.3.1.179	COG0304	3-oxoacyl-[acyl-carrier-protein] synthase 2
E745S_00839	gene	738	fabG_2			
E745S_00839	CDS	738	fabG_2	1.1.1.100		3-oxoacyl-[acyl-carrier-protein] reductase FabG
E745S_00840	gene	918	fabD			
E745S_00840	CDS	918	fabD	2.3.1.39	COG0331	Malonyl CoA-acyl carrier protein transacylase
E745S_00841	gene	225	acpA			
E745S_00841	CDS	225	acpA		COG0236	Acyl carrier protein
E745S_00842	gene	963	fabH			
E745S_00842	CDS	963	fabH	2.3.1.180	COG0332	3-oxoacyl-[acyl-carrier-protein] synthase 3
E745S_00843	gene	441				
E745S_00843	CDS	441				hypothetical protein
E745S_00844	gene	966	uvrC_1			
E745S_00844	CDS	966	uvrC_1			UvrABC system protein C
E745S_00845	gene	231	ykuJ			
E745S_00845	CDS	231	ykuJ		COG4703	putative protein YkuJ
E745S_00846	gene	888	glxR			
E745S_00846	CDS	888	glxR	1.1.1.60	COG2084	2-hydroxy-3-oxopropionate reductase
E745S_00847	gene	1224				
E745S_00847	CDS	1224		2.4.1.337	COG0438	Alpha-monoglucosyldiacylglycerol synthase
E745S_00848	gene	744	dgs			
E745S_00848	CDS	744	dgs	2.4.1.208	COG0438	Processive diacylglycerol alpha-glucosyltransferase
E745S_00849	gene	285				
E745S_00849	CDS	285				hypothetical protein
E745S_00850	gene	1728	ptsI			
E745S_00850	CDS	1728	ptsI	2.7.3.9	COG1080	Phosphoenolpyruvate-protein phosphotransferase
E745S_00851	gene	267	ptsH			
E745S_00851	CDS	267	ptsH		COG1925	Phosphocarrier protein HPr
E745S_00852	gene	2235	clpE			
E745S_00852	CDS	2235	clpE		COG0542	ATP-dependent Clp protease ATP-binding subunit ClpE
E745S_00853	gene	321				
E745S_00853	CDS	321				hypothetical protein
E745S_00854	gene	225				
E745S_00854	CDS	225				hypothetical protein
E745S_00855	gene	1581	prfC			
E745S_00855	CDS	1581	prfC			Peptide chain release factor 3
E745S_00856	gene	1377				
E745S_00856	CDS	1377				hypothetical protein
E745S_00857	gene	1119	yhhT			
E745S_00857	CDS	1119	yhhT		COG0628	Putative transport protein YhhT
E745S_00858	gene	435				
E745S_00858	CDS	435		2.3.1.-		Acetyltransferase
E745S_00859	gene	534				
E745S_00859	CDS	534				hypothetical protein
E745S_00860	gene	1179	mutY			
E745S_00860	CDS	1179	mutY	3.2.2.31		Adenine DNA glycosylase
E745S_00861	gene	711	recX			
E745S_00861	CDS	711	recX			Regulatory protein RecX
E745S_00862	gene	1383	rlmCD			
E745S_00862	CDS	1383	rlmCD	2.1.1.189	COG2265	23S rRNA (uracil-C(5))-methyltransferase RlmCD
E745S_00863	gene	579				
E745S_00863	CDS	579		1.14.99.53	COG3397	Lytic chitin monooxygenase
E745S_00864	gene	471	crtK-2			
E745S_00864	CDS	471	crtK-2		COG3476	Tryptophan-rich protein TspO
E745S_00865	gene	1227	tagU_2			
E745S_00865	CDS	1227	tagU_2	2.7.8.-		Polyisoprenyl-teichoic acid--peptidoglycan teichoic acid transferase TagU
E745S_00866	gene	201	cspD			
E745S_00866	CDS	201	cspD		COG1278	Cold shock protein CspD
E745S_00867	gene	609	sodA			
E745S_00867	CDS	609	sodA	1.15.1.1		Superoxide dismutase [Mn]
E745S_00868	gene	471				
E745S_00868	CDS	471				hypothetical protein
E745S_00869	gene	900	czcD			
E745S_00869	CDS	900	czcD		COG1230	Cadmium, cobalt and zinc/H(+)-K(+) antiporter
E745S_00870	gene	804				
E745S_00870	CDS	804				hypothetical protein
E745S_00871	gene	948	ghrB_1			
E745S_00871	CDS	948	ghrB_1	1.1.1.79	COG1052	Glyoxylate/hydroxypyruvate reductase B
E745S_00872	gene	1548				
E745S_00872	CDS	1548				IS66 family transposase ISRob1
E745S_00873	gene	354				
E745S_00873	CDS	354				hypothetical protein
E745S_00874	gene	195				
E745S_00874	CDS	195				hypothetical protein
E745S_00875	gene	294				
E745S_00875	CDS	294				hypothetical protein
E745S_00876	gene	543	ktrA			
E745S_00876	CDS	543	ktrA		COG0569	Ktr system potassium uptake protein A
E745S_00877	gene	633	vraR			
E745S_00877	CDS	633	vraR			Response regulator protein VraR
E745S_00878	gene	1068	liaS			
E745S_00878	CDS	1068	liaS	2.7.13.3	COG4585	Sensor histidine kinase LiaS
E745S_00879	gene	732				
E745S_00879	CDS	732				hypothetical protein
E745S_00880	gene	480	greA			
E745S_00880	CDS	480	greA		COG0782	Transcription elongation factor GreA
E745S_00881	gene	1176	mltG			
E745S_00881	CDS	1176	mltG	4.2.2.-		Endolytic murein transglycosylase
E745S_00882	gene	1161	pbpX_1			
E745S_00882	CDS	1161	pbpX_1		COG1680	Putative penicillin-binding protein PbpX
E745S_00883	gene	1446				
E745S_00883	CDS	1446				IS1182 family transposase ISEfa7
E745S_00884	gene	948	wbgU_1			
E745S_00884	CDS	948	wbgU_1	5.1.3.7		UDP-N-acetylglucosamine 4-epimerase
E745S_00885	gene	1416				
E745S_00885	CDS	1416				hypothetical protein
E745S_00886	gene	1149	pglH_1			
E745S_00886	CDS	1149	pglH_1	2.4.1.292	COG0438	GalNAc-alpha-(1->4)-GalNAc-alpha-(1->3)-diNAcBac-PP-undecaprenol alpha-1,4-N-acetyl-D-galactosaminyltransferase
E745S_00887	gene	1536				
E745S_00887	CDS	1536				hypothetical protein
E745S_00888	gene	684				
E745S_00888	CDS	684				hypothetical protein
E745S_00889	gene	207	glyG			
E745S_00889	CDS	207	glyG			Glycosyltransferase GlyG
E745S_00890	gene	1008	arnC_1			
E745S_00890	CDS	1008	arnC_1	2.4.2.53		Undecaprenyl-phosphate 4-deoxy-4-formamido-L-arabinose transferase
E745S_00891	gene	1068	rfbB			
E745S_00891	CDS	1068	rfbB	4.2.1.46	COG1088	dTDP-glucose 4,6-dehydratase
E745S_00892	gene	702	ispD			
E745S_00892	CDS	702	ispD	2.7.7.60	COG1211	2-C-methyl-D-erythritol 4-phosphate cytidylyltransferase
E745S_00893	gene	390				
E745S_00893	CDS	390				hypothetical protein
E745S_00894	gene	342				
E745S_00894	CDS	342				hypothetical protein
E745S_00895	gene	543	wbbD_1			
E745S_00895	CDS	543	wbbD_1	2.4.1.303	COG0463	UDP-Gal:alpha-D-GlcNAc-diphosphoundecaprenol beta-1,3-galactosyltransferase
E745S_00896	gene	240	wbbD_2			
E745S_00896	CDS	240	wbbD_2	2.4.1.303	COG0463	UDP-Gal:alpha-D-GlcNAc-diphosphoundecaprenol beta-1,3-galactosyltransferase
E745S_00897	gene	1392				
E745S_00897	CDS	1392				hypothetical protein
E745S_00898	gene	960				
E745S_00898	CDS	960			COG2826	IS30 family transposase IS6770
E745S_00899	gene	2139	arnC_2			
E745S_00899	CDS	2139	arnC_2	2.4.2.53		Undecaprenyl-phosphate 4-deoxy-4-formamido-L-arabinose transferase
E745S_00900	gene	1587				
E745S_00900	CDS	1587				hypothetical protein
E745S_00901	gene	1221	btuD_1			
E745S_00901	CDS	1221	btuD_1	7.6.2.8		Vitamin B12 import ATP-binding protein BtuD
E745S_00902	gene	807	tagG			
E745S_00902	CDS	807	tagG		COG1682	Teichoic acid translocation permease protein TagG
E745S_00903	gene	1281				
E745S_00903	CDS	1281				hypothetical protein
E745S_00904	gene	2034				
E745S_00904	CDS	2034				hypothetical protein
E745S_00905	gene	852	rmlD			
E745S_00905	CDS	852	rmlD	1.1.1.133		dTDP-4-dehydrorhamnose reductase
E745S_00906	gene	1029	rmlB			
E745S_00906	CDS	1029	rmlB	4.2.1.46	COG1088	dTDP-glucose 4,6-dehydratase
E745S_00907	gene	573	rfbC			
E745S_00907	CDS	573	rfbC	5.1.3.13	COG1898	dTDP-4-dehydrorhamnose 3,5-epimerase
E745S_00908	gene	867	rfbA			
E745S_00908	CDS	867	rfbA	2.7.7.24	COG1209	Glucose-1-phosphate thymidylyltransferase 1
E745S_00909	gene	708				
E745S_00909	CDS	708				hypothetical protein
E745S_00910	gene	828				
E745S_00910	CDS	828				hypothetical protein
E745S_00911	gene	801				
E745S_00911	CDS	801				hypothetical protein
E745S_00912	gene	1140	tagO			
E745S_00912	CDS	1140	tagO	2.7.8.33	COG0472	putative undecaprenyl-phosphate N-acetylglucosaminyl 1-phosphate transferase
E745S_00913	gene	924				
E745S_00913	CDS	924				hypothetical protein
E745S_00914	gene	765	map			
E745S_00914	CDS	765	map	3.4.11.18	COG0024	Methionine aminopeptidase 1
E745S_00915	gene	441				
E745S_00915	CDS	441				Flavodoxin
E745S_00916	gene	570				
E745S_00916	CDS	570				hypothetical protein
E745S_00917	gene	1233	pepS			
E745S_00917	CDS	1233	pepS	3.4.11.-	COG2309	Aminopeptidase PepS
E745S_00918	gene	180				
E745S_00918	CDS	180				hypothetical protein
E745S_00919	gene	372				
E745S_00919	CDS	372				hypothetical protein
E745S_00920	gene	402				
E745S_00920	CDS	402				hypothetical protein
E745S_00921	gene	408				
E745S_00921	CDS	408				hypothetical protein
E745S_00922	gene	495				
E745S_00922	CDS	495				IS3 family transposase ISEnfa3
E745S_00923	gene	837				
E745S_00923	CDS	837				IS3 family transposase ISEfa8
E745S_00924	gene	291				
E745S_00924	CDS	291				IS3 family transposase ISEfa8
E745S_00925	gene	74				
E745S_00925	tRNA	74				tRNA-Met(cat)
E745S_00926	gene	1026				
E745S_00926	CDS	1026				hypothetical protein
E745S_00927	gene	225				
E745S_00927	CDS	225				hypothetical protein
E745S_00928	gene	294				
E745S_00928	CDS	294				hypothetical protein
E745S_00929	gene	138				
E745S_00929	CDS	138				hypothetical protein
E745S_00930	gene	447				
E745S_00930	CDS	447				hypothetical protein
E745S_00931	gene	2067				
E745S_00931	CDS	2067				hypothetical protein
E745S_00932	gene	783				
E745S_00932	CDS	783				hypothetical protein
E745S_00933	gene	1719				
E745S_00933	CDS	1719				hypothetical protein
E745S_00934	gene	2832				
E745S_00934	CDS	2832				hypothetical protein
E745S_00935	gene	792				
E745S_00935	CDS	792				hypothetical protein
E745S_00936	gene	3120				
E745S_00936	CDS	3120				hypothetical protein
E745S_00937	gene	288				
E745S_00937	CDS	288				hypothetical protein
E745S_00938	gene	369				
E745S_00938	CDS	369				hypothetical protein
E745S_00939	gene	513				
E745S_00939	CDS	513				hypothetical protein
E745S_00940	gene	393				
E745S_00940	CDS	393				hypothetical protein
E745S_00941	gene	372				
E745S_00941	CDS	372				hypothetical protein
E745S_00942	gene	327				
E745S_00942	CDS	327				hypothetical protein
E745S_00943	gene	339				
E745S_00943	CDS	339				hypothetical protein
E745S_00944	gene	207				
E745S_00944	CDS	207				hypothetical protein
E745S_00945	gene	1008				
E745S_00945	CDS	1008				hypothetical protein
E745S_00946	gene	354				
E745S_00946	CDS	354				hypothetical protein
E745S_00947	gene	642				
E745S_00947	CDS	642				hypothetical protein
E745S_00948	gene	174				
E745S_00948	CDS	174				hypothetical protein
E745S_00949	gene	954				
E745S_00949	CDS	954				hypothetical protein
E745S_00950	gene	264				
E745S_00950	CDS	264				hypothetical protein
E745S_00951	gene	231				
E745S_00951	CDS	231				hypothetical protein
E745S_00952	gene	1635				
E745S_00952	CDS	1635				hypothetical protein
E745S_00953	gene	1302				
E745S_00953	CDS	1302				hypothetical protein
E745S_00954	gene	456				
E745S_00954	CDS	456				hypothetical protein
E745S_00955	gene	225				
E745S_00955	CDS	225				hypothetical protein
E745S_00956	gene	180				
E745S_00956	CDS	180				hypothetical protein
E745S_00957	gene	414				
E745S_00957	CDS	414				hypothetical protein
E745S_00958	gene	276				
E745S_00958	CDS	276				hypothetical protein
E745S_00959	gene	153				
E745S_00959	CDS	153				hypothetical protein
E745S_00960	gene	414				
E745S_00960	CDS	414				hypothetical protein
E745S_00961	gene	297				
E745S_00961	CDS	297				hypothetical protein
E745S_00962	gene	558				
E745S_00962	CDS	558				hypothetical protein
E745S_00963	gene	396				
E745S_00963	CDS	396				hypothetical protein
E745S_00964	gene	174				
E745S_00964	CDS	174				hypothetical protein
E745S_00965	gene	312				
E745S_00965	CDS	312				hypothetical protein
E745S_00966	gene	291				
E745S_00966	CDS	291				hypothetical protein
E745S_00967	gene	312				
E745S_00967	CDS	312				hypothetical protein
E745S_00968	gene	162				
E745S_00968	CDS	162				hypothetical protein
E745S_00969	gene	303				
E745S_00969	CDS	303				hypothetical protein
E745S_00970	gene	165				
E745S_00970	CDS	165				hypothetical protein
E745S_00971	gene	270				
E745S_00971	CDS	270				hypothetical protein
E745S_00972	gene	852				
E745S_00972	CDS	852				hypothetical protein
E745S_00973	gene	516				
E745S_00973	CDS	516				hypothetical protein
E745S_00974	gene	693				
E745S_00974	CDS	693				hypothetical protein
E745S_00975	gene	672				
E745S_00975	CDS	672				hypothetical protein
E745S_00976	gene	342				
E745S_00976	CDS	342				hypothetical protein
E745S_00977	gene	147				
E745S_00977	CDS	147				hypothetical protein
E745S_00978	gene	174				
E745S_00978	CDS	174				hypothetical protein
E745S_00979	gene	189				
E745S_00979	CDS	189				hypothetical protein
E745S_00980	gene	285				
E745S_00980	CDS	285				hypothetical protein
E745S_00981	gene	300				
E745S_00981	CDS	300				hypothetical protein
E745S_00982	gene	204				
E745S_00982	CDS	204				hypothetical protein
E745S_00983	gene	747				
E745S_00983	CDS	747				hypothetical protein
E745S_00984	gene	252				
E745S_00984	CDS	252				hypothetical protein
E745S_00985	gene	156				
E745S_00985	CDS	156				hypothetical protein
E745S_00986	gene	189				
E745S_00986	CDS	189				hypothetical protein
E745S_00987	gene	159				
E745S_00987	CDS	159				hypothetical protein
E745S_00988	gene	321				
E745S_00988	CDS	321				hypothetical protein
E745S_00989	gene	423				
E745S_00989	CDS	423				hypothetical protein
E745S_00990	gene	306				
E745S_00990	CDS	306				hypothetical protein
E745S_00991	gene	1140	xerC_5			
E745S_00991	CDS	1140	xerC_5			Tyrosine recombinase XerC
E745S_00992	gene	1626	groL			
E745S_00992	CDS	1626	groL		COG0459	60 kDa chaperonin
E745S_00993	gene	285	groS			
E745S_00993	CDS	285	groS		COG0234	10 kDa chaperonin
E745S_00994	gene	663	MroQ			
E745S_00994	CDS	663	MroQ	3.4.22.-		Membrane-embedded CAAX protease MroQ
E745S_00995	gene	1293	gmuC_2			
E745S_00995	CDS	1293	gmuC_2		COG1455	PTS system oligo-beta-mannoside-specific EIIC component
E745S_00996	gene	630				
E745S_00996	CDS	630				hypothetical protein
E745S_00997	gene	810	yycJ			
E745S_00997	CDS	810	yycJ	3.-.-.-	COG1235	Putative metallo-hydrolase YycJ
E745S_00998	gene	870				
E745S_00998	CDS	870				hypothetical protein
E745S_00999	gene	1317				
E745S_00999	CDS	1317				hypothetical protein
E745S_01000	gene	1836	walK_1			
E745S_01000	CDS	1836	walK_1	2.7.13.3		Sensor histidine kinase WalK
E745S_01001	gene	705	walR_1			
E745S_01001	CDS	705	walR_1		COG0745	Transcriptional regulatory protein WalR
E745S_01002	gene	861				
E745S_01002	CDS	861				DegV domain-containing protein
E745S_01003	gene	570				
E745S_01003	CDS	570				hypothetical protein
E745S_01004	gene	73				
E745S_01004	tRNA	73				tRNA-Lys(ctt)
E745S_01005	gene	318				
E745S_01005	CDS	318			COG2826	IS30 family transposase IS1252
E745S_01006	gene	585				
E745S_01006	CDS	585			COG2826	IS30 family transposase IS1252
E745S_01007	gene	147				
E745S_01007	CDS	147				hypothetical protein
E745S_01008	gene	339				
E745S_01008	CDS	339				hypothetical protein
E745S_01009	gene	198	pisA			
E745S_01009	CDS	198	pisA			Bacteriocin piscicolin-126
E745S_01010	gene	1728				
E745S_01010	CDS	1728				hypothetical protein
E745S_01011	gene	1194	opuAA			
E745S_01011	CDS	1194	opuAA	7.6.2.9	COG4175	Glycine betaine transport ATP-binding protein OpuAA
E745S_01012	gene	645				
E745S_01012	CDS	645				hypothetical protein
E745S_01013	gene	135				
E745S_01013	CDS	135				hypothetical protein
E745S_01014	gene	2133	feoB			
E745S_01014	CDS	2133	feoB		COG0370	Fe(2+) transporter FeoB
E745S_01015	gene	474				
E745S_01015	CDS	474				hypothetical protein
E745S_01016	gene	225	nrdH			
E745S_01016	CDS	225	nrdH		COG0695	Glutaredoxin-like protein NrdH
E745S_01017	gene	2160	nrdE2			
E745S_01017	CDS	2160	nrdE2	1.17.4.1	COG0209	Ribonucleoside-diphosphate reductase subunit alpha 2
E745S_01018	gene	966	nrdF			
E745S_01018	CDS	966	nrdF	1.17.4.1	COG0208	Ribonucleoside-diphosphate reductase 2 subunit beta
E745S_01019	gene	1140				
E745S_01019	CDS	1140				hypothetical protein
E745S_01020	gene	714	sapB			
E745S_01020	CDS	714	sapB		COG1285	Protein SapB
E745S_01021	gene	702	nagB			
E745S_01021	CDS	702	nagB	3.5.99.6	COG0363	Glucosamine-6-phosphate deaminase
E745S_01022	gene	1533	ybiT_1			
E745S_01022	CDS	1533	ybiT_1		COG0488	putative ABC transporter ATP-binding protein YbiT
E745S_01023	gene	909				
E745S_01023	CDS	909				IS982 family transposase ISEfm1
E745S_01024	gene	1050				
E745S_01024	CDS	1050				putative transporter
E745S_01025	gene	690				
E745S_01025	CDS	690				hypothetical protein
E745S_01026	gene	369	rplL			
E745S_01026	CDS	369	rplL		COG0222	50S ribosomal protein L7/L12
E745S_01027	gene	504	rplJ			
E745S_01027	CDS	504	rplJ			50S ribosomal protein L10
E745S_01028	gene	690	rplA			
E745S_01028	CDS	690	rplA			50S ribosomal protein L1
E745S_01029	gene	423	rplK			
E745S_01029	CDS	423	rplK			50S ribosomal protein L11
E745S_01030	gene	669	sdhB			
E745S_01030	CDS	669	sdhB	4.3.1.17		L-serine dehydratase, beta chain
E745S_01031	gene	873	sdhA			
E745S_01031	CDS	873	sdhA	4.3.1.17		L-serine dehydratase, alpha chain
E745S_01032	gene	1020				
E745S_01032	CDS	1020		1.13.12.4	COG1304	Lactate 2-monooxygenase
E745S_01033	gene	888				
E745S_01033	CDS	888				hypothetical protein
E745S_01034	gene	546	nusG			
E745S_01034	CDS	546	nusG			Transcription termination/antitermination protein NusG
E745S_01035	gene	171	secE			
E745S_01035	CDS	171	secE			Protein translocase subunit SecE
E745S_01036	gene	153	rpmG3			
E745S_01036	CDS	153	rpmG3		COG0267	50S ribosomal protein L33 3
E745S_01037	gene	645				
E745S_01037	CDS	645				hypothetical protein
E745S_01038	gene	504	queT_1			
E745S_01038	CDS	504	queT_1		COG4708	Queuosine precursor transporter QueT
E745S_01039	gene	966	ytlR			
E745S_01039	CDS	966	ytlR	2.7.1.-	COG1597	Putative lipid kinase YtlR
E745S_01040	gene	1173				
E745S_01040	CDS	1173				hypothetical protein
E745S_01041	gene	1146				
E745S_01041	CDS	1146				hypothetical protein
E745S_01042	gene	933	lnrL			
E745S_01042	CDS	933	lnrL	3.6.3.-	COG1131	Linearmycin resistance ATP-binding protein LnrL
E745S_01043	gene	1080				
E745S_01043	CDS	1080				hypothetical protein
E745S_01044	gene	630	lnrK			
E745S_01044	CDS	630	lnrK		COG2197	Transcriptional regulatory protein LnrK
E745S_01045	gene	228				
E745S_01045	CDS	228				hypothetical protein
E745S_01046	gene	2589	recD2			
E745S_01046	CDS	2589	recD2	3.6.4.12		ATP-dependent RecD-like DNA helicase
E745S_01047	gene	660	pspA			
E745S_01047	CDS	660	pspA	3.1.3.3	COG0406	Phosphoserine phosphatase 1
E745S_01048	gene	504	trmL			
E745S_01048	CDS	504	trmL	2.1.1.207	COG0219	tRNA (cytidine(34)-2'-O)-methyltransferase
E745S_01049	gene	867	rlmA			
E745S_01049	CDS	867	rlmA	2.1.1.187	COG0500	23S rRNA (guanine(745)-N(1))-methyltransferase
E745S_01050	gene	642	cutC			
E745S_01050	CDS	642	cutC		COG3142	Copper homeostasis protein CutC
E745S_01051	gene	1362	mgtE			
E745S_01051	CDS	1362	mgtE		COG2239	Magnesium transporter MgtE
E745S_01052	gene	900				
E745S_01052	CDS	900				hypothetical protein
E745S_01053	gene	798	ppnKA			
E745S_01053	CDS	798	ppnKA	2.7.1.23	COG0061	NAD kinase 1
E745S_01054	gene	705	yjbM			
E745S_01054	CDS	705	yjbM	2.7.6.5	COG2357	GTP pyrophosphokinase YjbM
E745S_01055	gene	576	yjbK			
E745S_01055	CDS	576	yjbK	3.6.1.-	COG4116	Putative triphosphatase YjbK
E745S_01056	gene	678				
E745S_01056	CDS	678				hypothetical protein
E745S_01057	gene	1296				
E745S_01057	CDS	1296				ISL3 family transposase IS1251
E745S_01058	gene	1809	pepF1_1			
E745S_01058	CDS	1809	pepF1_1	3.4.24.-		Oligoendopeptidase F, plasmid
E745S_01059	gene	999				
E745S_01059	CDS	999				hypothetical protein
E745S_01060	gene	654	mecA			
E745S_01060	CDS	654	mecA		COG4862	Adapter protein MecA 1
E745S_01061	gene	399	spxA_3			
E745S_01061	CDS	399	spxA_3		COG1393	Regulatory protein Spx
E745S_01062	gene	708	yfnB_1			
E745S_01062	CDS	708	yfnB_1	3.-.-.-	COG1011	Putative HAD-hydrolase YfnB
E745S_01063	gene	3195	rapA			
E745S_01063	CDS	3195	rapA	3.6.4.-		RNA polymerase-associated protein RapA
E745S_01064	gene	762				
E745S_01064	CDS	762				hypothetical protein
E745S_01065	gene	2223				
E745S_01065	CDS	2223				hypothetical protein
E745S_01066	gene	1122	sbcD			
E745S_01066	CDS	1122	sbcD			Nuclease SbcCD subunit D
E745S_01067	gene	624	plsC			
E745S_01067	CDS	624	plsC	2.3.1.-	COG0204	1-acyl-sn-glycerol-3-phosphate acyltransferase
E745S_01068	gene	735	yfiC			
E745S_01068	CDS	735	yfiC	2.1.1.223		tRNA1(Val) (adenine(37)-N6)-methyltransferase
E745S_01069	gene	285				
E745S_01069	CDS	285				hypothetical protein
E745S_01070	gene	1884	oatA			
E745S_01070	CDS	1884	oatA	2.3.1.-		O-acetyltransferase OatA
E745S_01071	gene	876				
E745S_01071	CDS	876				hypothetical protein
E745S_01072	gene	1770	aspS			
E745S_01072	CDS	1770	aspS	6.1.1.12		Aspartate--tRNA ligase
E745S_01073	gene	1293	hisS			
E745S_01073	CDS	1293	hisS	6.1.1.21		Histidine--tRNA ligase
E745S_01074	gene	948	iolS			
E745S_01074	CDS	948	iolS	1.1.1.-	COG0667	Aldo-keto reductase IolS
E745S_01075	gene	1260	cypC			
E745S_01075	CDS	1260	cypC	1.11.2.4		Fatty-acid peroxygenase
E745S_01076	gene	447	dtd			
E745S_01076	CDS	447	dtd	3.1.1.96	COG1490	D-aminoacyl-tRNA deacylase
E745S_01077	gene	2214	relA			
E745S_01077	CDS	2214	relA	2.7.6.5	COG0317	GTP pyrophosphokinase
E745S_01078	gene	765	rsmE			
E745S_01078	CDS	765	rsmE	2.1.1.193	COG1385	Ribosomal RNA small subunit methyltransferase E
E745S_01079	gene	948	prmA			
E745S_01079	CDS	948	prmA	2.1.1.-	COG2264	Ribosomal protein L11 methyltransferase
E745S_01080	gene	489				
E745S_01080	CDS	489				hypothetical protein
E745S_01081	gene	672				
E745S_01081	CDS	672		3.2.2.-		Putative 3-methyladenine DNA glycosylase
E745S_01082	gene	1287				
E745S_01082	CDS	1287			COG2256	putative AAA domain-containing protein
E745S_01083	gene	285				
E745S_01083	CDS	285				hypothetical protein
E745S_01084	gene	480				
E745S_01084	CDS	480				Putative universal stress protein
E745S_01085	gene	129				
E745S_01085	CDS	129				hypothetical protein
E745S_01086	gene	1584	ybiT_2			
E745S_01086	CDS	1584	ybiT_2		COG0488	putative ABC transporter ATP-binding protein YbiT
E745S_01087	gene	1185	ackA			
E745S_01087	CDS	1185	ackA	2.7.2.1	COG0282	Acetate kinase
E745S_01088	gene	1008				
E745S_01088	CDS	1008				hypothetical protein
E745S_01089	gene	360				
E745S_01089	CDS	360				hypothetical protein
E745S_01090	gene	426				
E745S_01090	CDS	426				hypothetical protein
E745S_01091	gene	303				
E745S_01091	CDS	303				hypothetical protein
E745S_01092	gene	495				
E745S_01092	CDS	495				hypothetical protein
E745S_01093	gene	279				
E745S_01093	CDS	279				hypothetical protein
E745S_01094	gene	1050				
E745S_01094	CDS	1050				hypothetical protein
E745S_01095	gene	930	comGA			
E745S_01095	CDS	930	comGA		COG2804	ComG operon protein 1
E745S_01096	gene	1755	adeC			
E745S_01096	CDS	1755	adeC	3.5.4.2		Adenine deaminase
E745S_01097	gene	663	trmB			
E745S_01097	CDS	663	trmB	2.1.1.33	COG0220	tRNA (guanine-N(7)-)-methyltransferase
E745S_01098	gene	783	thiK			
E745S_01098	CDS	783	thiK	2.7.1.89		Thiamine kinase
E745S_01099	gene	1212				
E745S_01099	CDS	1212				hypothetical protein
E745S_01100	gene	738	ecsA			
E745S_01100	CDS	738	ecsA		COG1131	ABC-type transporter ATP-binding protein EcsA
E745S_01101	gene	435	hit			
E745S_01101	CDS	435	hit		COG0537	Protein hit
E745S_01102	gene	345				
E745S_01102	CDS	345				hypothetical protein
E745S_01103	gene	1011	prsA_2			
E745S_01103	CDS	1011	prsA_2	5.2.1.8		Foldase protein PrsA
E745S_01104	gene	945	yhaM			
E745S_01104	CDS	945	yhaM	3.1.-.-	COG3481	3'-5' exoribonuclease YhaM
E745S_01105	gene	2721				
E745S_01105	CDS	2721				hypothetical protein
E745S_01106	gene	1221				
E745S_01106	CDS	1221				hypothetical protein
E745S_01107	gene	837	ywpJ_1			
E745S_01107	CDS	837	ywpJ_1	3.1.3.-	COG0561	Phosphatase YwpJ
E745S_01108	gene	1311				
E745S_01108	CDS	1311				hypothetical protein
E745S_01109	gene	1419	yjmB			
E745S_01109	CDS	1419	yjmB		COG2211	putative symporter YjmB
E745S_01110	gene	1569	xynB			
E745S_01110	CDS	1569	xynB	3.2.1.37		Beta-xylosidase
E745S_01111	gene	411				
E745S_01111	CDS	411				hypothetical protein
E745S_01112	gene	924	pemA			
E745S_01112	CDS	924	pemA	3.1.1.11	COG4677	Pectinesterase A
E745S_01113	gene	909				
E745S_01113	CDS	909				hypothetical protein
E745S_01114	gene	1338				
E745S_01114	CDS	1338				hypothetical protein
E745S_01115	gene	1104	yteR			
E745S_01115	CDS	1104	yteR	3.2.1.172	COG4225	Unsaturated rhamnogalacturonyl hydrolase YteR
E745S_01116	gene	1509	lipO			
E745S_01116	CDS	1509	lipO		COG1653	Lipoprotein LipO
E745S_01117	gene	693				
E745S_01117	CDS	693				hypothetical protein
E745S_01118	gene	975	yteP_1			
E745S_01118	CDS	975	yteP_1		COG4209	putative multiple-sugar transport system permease YteP
E745S_01119	gene	375				
E745S_01119	CDS	375				hypothetical protein
E745S_01120	gene	501	araQ_2			
E745S_01120	CDS	501	araQ_2		COG0395	L-arabinose transport system permease protein AraQ
E745S_01121	gene	2199	yesS			
E745S_01121	CDS	2199	yesS		COG2207	HTH-type transcriptional regulator YesS
E745S_01122	gene	993	exuR_2			
E745S_01122	CDS	993	exuR_2		COG1609	putative HTH-type transcriptional repressor ExuR
E745S_01123	gene	1422	uxaB			
E745S_01123	CDS	1422	uxaB	1.1.1.58	COG0246	Altronate oxidoreductase
E745S_01124	gene	1500	uxaA			
E745S_01124	CDS	1500	uxaA	4.2.1.7	COG2721	Altronate dehydratase
E745S_01125	gene	1395	uxaC			
E745S_01125	CDS	1395	uxaC	5.3.1.12	COG1904	Uronate isomerase
E745S_01126	gene	684	rhgT			
E745S_01126	CDS	684	rhgT	3.1.1.-	COG2755	Rhamnogalacturonan acetylesterase RhgT
E745S_01127	gene	837				
E745S_01127	CDS	837				hypothetical protein
E745S_01128	gene	1755				
E745S_01128	CDS	1755		3.6.3.-	COG1132	Putative multidrug export ATP-binding/permease protein
E745S_01129	gene	342				
E745S_01129	CDS	342				hypothetical protein
E745S_01130	gene	2172	pbpF			
E745S_01130	CDS	2172	pbpF		COG0744	Penicillin-binding protein 1F
E745S_01131	gene	858	rluD_2			
E745S_01131	CDS	858	rluD_2	5.4.99.23	COG0564	Ribosomal large subunit pseudouridine synthase D
E745S_01132	gene	858	gmuE_1			
E745S_01132	CDS	858	gmuE_1	2.7.1.4	COG1940	Putative fructokinase
E745S_01133	gene	2703	mngB			
E745S_01133	CDS	2703	mngB	3.2.1.-	COG0383	Mannosylglycerate hydrolase
E745S_01134	gene	1290				
E745S_01134	CDS	1290				hypothetical protein
E745S_01135	gene	1047	araR_1			
E745S_01135	CDS	1047	araR_1		COG1609	Arabinose metabolism transcriptional repressor
E745S_01136	gene	2154				
E745S_01136	CDS	2154				hypothetical protein
E745S_01137	gene	1446	rhaR_3			
E745S_01137	CDS	1446	rhaR_3			HTH-type transcriptional activator RhaR
E745S_01138	gene	1725				
E745S_01138	CDS	1725				hypothetical protein
E745S_01139	gene	615				
E745S_01139	CDS	615				hypothetical protein
E745S_01140	gene	1458				
E745S_01140	CDS	1458				hypothetical protein
E745S_01141	gene	921	araQ_3			
E745S_01141	CDS	921	araQ_3		COG0395	L-arabinose transport system permease protein AraQ
E745S_01142	gene	948	yteP_2			
E745S_01142	CDS	948	yteP_2		COG4209	putative multiple-sugar transport system permease YteP
E745S_01143	gene	720	rluB_2			
E745S_01143	CDS	720	rluB_2	5.4.99.22	COG1187	Ribosomal large subunit pseudouridine synthase B
E745S_01144	gene	1647	murJ_2			
E745S_01144	CDS	1647	murJ_2		COG2244	Lipid II flippase MurJ
E745S_01145	gene	591				
E745S_01145	CDS	591				hypothetical protein
E745S_01146	gene	1506	murE			
E745S_01146	CDS	1506	murE	6.3.2.7	COG0769	UDP-N-acetylmuramoyl-L-alanyl-D-glutamate--L-lysine ligase
E745S_01147	gene	1353	licC_2			
E745S_01147	CDS	1353	licC_2		COG1455	Lichenan permease IIC component
E745S_01148	gene	519				
E745S_01148	CDS	519				hypothetical protein
E745S_01149	gene	327	licA_1			
E745S_01149	CDS	327	licA_1		COG1447	Lichenan-specific phosphotransferase enzyme IIA component
E745S_01150	gene	1980	licR_2			
E745S_01150	CDS	1980	licR_2		COG1762	putative licABCH operon regulator
E745S_01151	gene	315				
E745S_01151	CDS	315				hypothetical protein
E745S_01152	gene	294				
E745S_01152	CDS	294				hypothetical protein
E745S_01153	gene	1071				
E745S_01153	CDS	1071				hypothetical protein
E745S_01154	gene	1020				
E745S_01154	CDS	1020				hypothetical protein
E745S_01155	gene	2793				
E745S_01155	CDS	2793				hypothetical protein
E745S_01156	gene	225				
E745S_01156	CDS	225				hypothetical protein
E745S_01157	gene	762				
E745S_01157	CDS	762				hypothetical protein
E745S_01158	gene	1722				
E745S_01158	CDS	1722			COG1132	putative ABC transporter ATP-binding protein
E745S_01159	gene	1785				
E745S_01159	CDS	1785			COG1132	putative ABC transporter ATP-binding protein
E745S_01160	gene	1554				
E745S_01160	CDS	1554				hypothetical protein
E745S_01161	gene	2415	leuS			
E745S_01161	CDS	2415	leuS	6.1.1.4		Leucine--tRNA ligase
E745S_01162	gene	2019				
E745S_01162	CDS	2019		3.2.1.17		Muramidase-2
E745S_01163	gene	657				
E745S_01163	CDS	657				hypothetical protein
E745S_01164	gene	957				
E745S_01164	CDS	957				hypothetical protein
E745S_01165	gene	567				
E745S_01165	CDS	567				hypothetical protein
E745S_01166	gene	1770				
E745S_01166	CDS	1770			COG1132	putative ABC transporter ATP-binding protein
E745S_01167	gene	1713				
E745S_01167	CDS	1713			COG1132	putative ABC transporter ATP-binding protein
E745S_01168	gene	669				
E745S_01168	CDS	669				hypothetical protein
E745S_01169	gene	789				
E745S_01169	CDS	789				hypothetical protein
E745S_01170	gene	1473	bmr3			
E745S_01170	CDS	1473	bmr3			Multidrug resistance protein 3
E745S_01171	gene	1296				
E745S_01171	CDS	1296				ISL3 family transposase ISEfa5
E745S_01172	gene	1194	metK			
E745S_01172	CDS	1194	metK	2.5.1.6		S-adenosylmethionine synthase
E745S_01173	gene	74				
E745S_01173	tRNA	74				tRNA-Glu(ttc)
E745S_01174	gene	76				
E745S_01174	tRNA	76				tRNA-Ile(gat)
E745S_01175	gene	71				
E745S_01175	tRNA	71				tRNA-Gly(tcc)
E745S_01176	gene	75				
E745S_01176	tRNA	75				tRNA-Phe(gaa)
E745S_01177	gene	75				
E745S_01177	tRNA	75				tRNA-Asp(gtc)
E745S_01178	gene	76				
E745S_01178	tRNA	76				tRNA-Met(cat)
E745S_01179	gene	90				
E745S_01179	tRNA	90				tRNA-Ser(tga)
E745S_01180	gene	74				
E745S_01180	tRNA	74				tRNA-Glu(ttc)
E745S_01181	gene	90				
E745S_01181	tRNA	90				tRNA-Ser(gct)
E745S_01182	gene	76				
E745S_01182	tRNA	76				tRNA-Ile(gat)
E745S_01183	gene	71				
E745S_01183	tRNA	71				tRNA-Gly(tcc)
E745S_01184	gene	76				
E745S_01184	tRNA	76				tRNA-Asp(gtc)
E745S_01185	gene	76				
E745S_01185	tRNA	76				tRNA-Met(cat)
E745S_01186	gene	90				
E745S_01186	tRNA	90				tRNA-Ser(tga)
E745S_01187	gene	76				
E745S_01187	tRNA	76				tRNA-Met(cat)
E745S_01188	gene	76				
E745S_01188	tRNA	76				tRNA-Met(cat)
E745S_01189	gene	73				
E745S_01189	tRNA	73				tRNA-Ala(tgc)
E745S_01190	gene	74				
E745S_01190	tRNA	74				tRNA-Pro(tgg)
E745S_01191	gene	76				
E745S_01191	tRNA	76				tRNA-Arg(acg)
E745S_01192	gene	86				
E745S_01192	tRNA	86				tRNA-Leu(taa)
E745S_01193	gene	72				
E745S_01193	tRNA	72				tRNA-Gly(gcc)
E745S_01194	gene	76				
E745S_01194	tRNA	76				tRNA-Thr(tgt)
E745S_01195	gene	84				
E745S_01195	tRNA	84				tRNA-Leu(tag)
E745S_01196	gene	75				
E745S_01196	tRNA	75				tRNA-Lys(ttt)
E745S_01197	gene	75				
E745S_01197	tRNA	75				tRNA-Val(tac)
E745S_01198	gene	73				
E745S_01198	tRNA	73				tRNA-Ala(tgc)
E745S_01199	gene	1296				
E745S_01199	CDS	1296				ISL3 family transposase ISEfa11
E745S_01200	gene	1497	lysS			
E745S_01200	CDS	1497	lysS	6.1.1.6	COG1190	Lysine--tRNA ligase
E745S_01201	gene	1005	dusB			
E745S_01201	CDS	1005	dusB	1.3.1.-	COG0042	tRNA-dihydrouridine synthase B
E745S_01202	gene	888	hslO			
E745S_01202	CDS	888	hslO		COG1281	33 kDa chaperonin
E745S_01203	gene	2112	ftsH			
E745S_01203	CDS	2112	ftsH	3.4.24.-	COG0465	ATP-dependent zinc metalloprotease FtsH
E745S_01204	gene	546	hpt			
E745S_01204	CDS	546	hpt	2.4.2.8		Hypoxanthine-guanine phosphoribosyltransferase
E745S_01205	gene	1455	tilS			
E745S_01205	CDS	1455	tilS	6.3.4.19		tRNA(Ile)-lysidine synthase
E745S_01206	gene	471	pnp_1			
E745S_01206	CDS	471	pnp_1	2.7.7.8		Polyribonucleotide nucleotidyltransferase
E745S_01207	gene	426				
E745S_01207	CDS	426				hypothetical protein
E745S_01208	gene	270				
E745S_01208	CDS	270				hypothetical protein
E745S_01209	gene	1596	murJ_3			
E745S_01209	CDS	1596	murJ_3		COG2244	Lipid II flippase MurJ
E745S_01210	gene	3522	mfd			
E745S_01210	CDS	3522	mfd	3.6.4.-		Transcription-repair-coupling factor
E745S_01211	gene	561	pth			
E745S_01211	CDS	561	pth	3.1.1.29		Peptidyl-tRNA hydrolase
E745S_01212	gene	975	ldh_2			
E745S_01212	CDS	975	ldh_2	1.1.1.27	COG0039	L-lactate dehydrogenase
E745S_01213	gene	1401				
E745S_01213	CDS	1401				hypothetical protein
E745S_01214	gene	723				
E745S_01214	CDS	723			COG0217	putative transcriptional regulatory protein
E745S_01215	gene	507				
E745S_01215	CDS	507				hypothetical protein
E745S_01216	gene	1800	pepF1_2			
E745S_01216	CDS	1800	pepF1_2	3.4.24.-		Oligoendopeptidase F, plasmid
E745S_01217	gene	1575				
E745S_01217	CDS	1575				hypothetical protein
E745S_01218	gene	510				
E745S_01218	CDS	510				hypothetical protein
E745S_01219	gene	855	mreC			
E745S_01219	CDS	855	mreC		COG1792	Cell shape-determining protein MreC
E745S_01220	gene	639	thiN			
E745S_01220	CDS	639	thiN	2.7.6.2	COG1564	Thiamine pyrophosphokinase
E745S_01221	gene	651	rpe_1			
E745S_01221	CDS	651	rpe_1	5.1.3.1		Ribulose-phosphate 3-epimerase
E745S_01222	gene	900	rsgA			
E745S_01222	CDS	900	rsgA	3.6.1.-	COG1162	Small ribosomal subunit biogenesis GTPase RsgA
E745S_01223	gene	2070	prkC			
E745S_01223	CDS	2070	prkC	2.7.11.1	COG0515	Serine/threonine-protein kinase PrkC
E745S_01224	gene	741	stp			
E745S_01224	CDS	741	stp	3.1.3.16	COG0631	Serine/threonine phosphatase stp
E745S_01225	gene	1359	rsmB			
E745S_01225	CDS	1359	rsmB	2.1.1.176	COG0144	Ribosomal RNA small subunit methyltransferase B
E745S_01226	gene	939	fmt			
E745S_01226	CDS	939	fmt	2.1.2.9		Methionyl-tRNA formyltransferase
E745S_01227	gene	492	def_1			
E745S_01227	CDS	492	def_1	3.5.1.88		Peptide deformylase
E745S_01228	gene	2409	priA			
E745S_01228	CDS	2409	priA	3.6.4.-		primosomal protein N'
E745S_01229	gene	306	rpoZ			
E745S_01229	CDS	306	rpoZ	2.7.7.6		DNA-directed RNA polymerase subunit omega
E745S_01230	gene	615	gmk_2			
E745S_01230	CDS	615	gmk_2	2.7.4.8	COG0194	Guanylate kinase
E745S_01231	gene	285				
E745S_01231	CDS	285				hypothetical protein
E745S_01232	gene	891				
E745S_01232	CDS	891				hypothetical protein
E745S_01233	gene	219				
E745S_01233	CDS	219				hypothetical protein
E745S_01234	gene	1701				
E745S_01234	CDS	1701				hypothetical protein
E745S_01235	gene	774				
E745S_01235	CDS	774				hypothetical protein
E745S_01236	gene	570	thiT			
E745S_01236	CDS	570	thiT			Thiamine transporter ThiT
E745S_01237	gene	972	prs			
E745S_01237	CDS	972	prs	2.7.6.1	COG0462	Ribose-phosphate pyrophosphokinase
E745S_01238	gene	1374	glmU			
E745S_01238	CDS	1374	glmU		COG1207	Bifunctional protein GlmU
E745S_01239	gene	819	purR_1			
E745S_01239	CDS	819	purR_1		COG0503	Pur operon repressor
E745S_01240	gene	825	znuB			
E745S_01240	CDS	825	znuB		COG1108	High-affinity zinc uptake system membrane protein ZnuB
E745S_01241	gene	681	znuC			
E745S_01241	CDS	681	znuC	7.2.2.-	COG1121	High-affinity zinc uptake system ATP-binding protein ZnuC
E745S_01242	gene	939	znuA			
E745S_01242	CDS	939	znuA		COG0803	High-affinity zinc uptake system binding-protein ZnuA
E745S_01243	gene	846	ispE			
E745S_01243	CDS	846	ispE	2.7.1.148	COG1947	4-diphosphocytidyl-2-C-methyl-D-erythritol kinase
E745S_01244	gene	2574	mprF_2			
E745S_01244	CDS	2574	mprF_2	2.3.2.3		Phosphatidylglycerol lysyltransferase
E745S_01245	gene	807	proC			
E745S_01245	CDS	807	proC	1.5.1.2	COG0345	Pyrroline-5-carboxylate reductase
E745S_01246	gene	1557	rny			
E745S_01246	CDS	1557	rny	3.1.-.-	COG1418	Ribonuclease Y
E745S_01247	gene	1050	recA			
E745S_01247	CDS	1050	recA		COG0468	Protein RecA
E745S_01248	gene	1242	cinA			
E745S_01248	CDS	1242	cinA		COG1058	Putative competence-damage inducible protein
E745S_01249	gene	579	pgsA			
E745S_01249	CDS	579	pgsA	2.7.8.5		CDP-diacylglycerol--glycerol-3-phosphate 3-phosphatidyltransferase
E745S_01250	gene	924				
E745S_01250	CDS	924				hypothetical protein
E745S_01251	gene	1287				
E745S_01251	CDS	1287				hypothetical protein
E745S_01252	gene	1269				
E745S_01252	CDS	1269				hypothetical protein
E745S_01253	gene	462	mscL			
E745S_01253	CDS	462	mscL		COG1970	Large-conductance mechanosensitive channel
E745S_01254	gene	447	elaA			
E745S_01254	CDS	447	elaA		COG2153	Protein ElaA
E745S_01255	gene	246	veg			
E745S_01255	CDS	246	veg		COG4466	Protein Veg
E745S_01256	gene	579	sigH			
E745S_01256	CDS	579	sigH		COG1595	RNA polymerase sigma-H factor
E745S_01257	gene	531				
E745S_01257	CDS	531				hypothetical protein
E745S_01258	gene	861				
E745S_01258	CDS	861		2.1.1.-		Putative TrmH family tRNA/rRNA methyltransferase
E745S_01259	gene	396	mrnC			
E745S_01259	CDS	396	mrnC	3.1.26.-	COG1939	Mini-ribonuclease 3
E745S_01260	gene	1413	cysS			
E745S_01260	CDS	1413	cysS	6.1.1.16	COG0215	Cysteine--tRNA ligase
E745S_01261	gene	537	cysE			
E745S_01261	CDS	537	cysE	2.3.1.30	COG1045	Serine acetyltransferase
E745S_01262	gene	1461	gltX			
E745S_01262	CDS	1461	gltX	6.1.1.17		Glutamate--tRNA ligase
E745S_01263	gene	1158	yacL			
E745S_01263	CDS	1158	yacL	3.1.-.-	COG4956	putative PIN and TRAM-domain containing protein YacL
E745S_01264	gene	1371	radA			
E745S_01264	CDS	1371	radA	3.6.4.-	COG1066	DNA repair protein RadA
E745S_01265	gene	528	dut			
E745S_01265	CDS	528	dut	3.6.1.23	COG0756	Deoxyuridine 5'-triphosphate nucleotidohydrolase
E745S_01266	gene	807	proB			
E745S_01266	CDS	807	proB	2.7.2.11	COG0263	Glutamate 5-kinase 1
E745S_01267	gene	1248	proA			
E745S_01267	CDS	1248	proA	1.2.1.41	COG0014	Gamma-glutamyl phosphate reductase
E745S_01268	gene	345				
E745S_01268	CDS	345				hypothetical protein
E745S_01269	gene	327				
E745S_01269	CDS	327				hypothetical protein
E745S_01270	gene	933	yfmO_1			
E745S_01270	CDS	933	yfmO_1			Multidrug efflux protein YfmO
E745S_01271	gene	270	yfmO_2			
E745S_01271	CDS	270	yfmO_2			Multidrug efflux protein YfmO
E745S_01272	gene	516				
E745S_01272	CDS	516				hypothetical protein
E745S_01273	gene	447				
E745S_01273	CDS	447				hypothetical protein
E745S_01274	gene	1479	msr(C)			
E745S_01274	CDS	1479	msr(C)			ABC-F type ribosomal protection protein Msr(C)
E745S_01275	gene	240	yodC_1			
E745S_01275	CDS	240	yodC_1	1.-.-.-	COG0778	Putative NAD(P)H nitroreductase YodC
E745S_01276	gene	393	yodC_2			
E745S_01276	CDS	393	yodC_2	1.-.-.-	COG0778	Putative NAD(P)H nitroreductase YodC
E745S_01277	gene	363				
E745S_01277	CDS	363				hypothetical protein
E745S_01278	gene	1269				
E745S_01278	CDS	1269				hypothetical protein
E745S_01279	gene	738				
E745S_01279	CDS	738		1.-.-.-		putative oxidoreductase
E745S_01280	gene	570				
E745S_01280	CDS	570		2.3.1.-		Putative acetyltransferase
E745S_01281	gene	873	hdfR_2			
E745S_01281	CDS	873	hdfR_2			HTH-type transcriptional regulator HdfR
E745S_01282	gene	873	sacY			
E745S_01282	CDS	873	sacY		COG3711	Levansucrase and sucrase synthesis operon antiterminator
E745S_01283	gene	1959	ptsG_2			
E745S_01283	CDS	1959	ptsG_2	2.7.1.199	COG1263	PTS system glucose-specific EIICBA component
E745S_01284	gene	99				
E745S_01284	CDS	99				hypothetical protein
E745S_01285	gene	852	qorB			
E745S_01285	CDS	852	qorB	1.6.5.2	COG0702	Quinone oxidoreductase 2
E745S_01286	gene	468	ywnA			
E745S_01286	CDS	468	ywnA		COG1959	Putative HTH-type transcriptional regulator YwnA
E745S_01287	gene	483				
E745S_01287	CDS	483				hypothetical protein
E745S_01288	gene	864				
E745S_01288	CDS	864				hypothetical protein
E745S_01289	gene	849				
E745S_01289	CDS	849				hypothetical protein
E745S_01290	gene	342	xylB_1			
E745S_01290	CDS	342	xylB_1	2.7.1.17	COG1070	Xylulose kinase
E745S_01291	gene	708	ygaZ_2			
E745S_01291	CDS	708	ygaZ_2		COG1296	Inner membrane protein YgaZ
E745S_01292	gene	324				
E745S_01292	CDS	324				hypothetical protein
E745S_01293	gene	1038				
E745S_01293	CDS	1038				Zinc-type alcohol dehydrogenase-like protein
E745S_01294	gene	984	dus			
E745S_01294	CDS	984	dus	1.3.1.-		putative tRNA-dihydrouridine synthase
E745S_01295	gene	771	yadH			
E745S_01295	CDS	771	yadH		COG0842	Inner membrane transport permease YadH
E745S_01296	gene	936	yadG			
E745S_01296	CDS	936	yadG		COG1131	putative ABC transporter ATP-binding protein YadG
E745S_01297	gene	108				
E745S_01297	CDS	108				hypothetical protein
E745S_01298	gene	1650	mutS_1			
E745S_01298	CDS	1650	mutS_1			DNA mismatch repair protein MutS
E745S_01299	gene	897	phoR_1			
E745S_01299	CDS	897	phoR_1	2.7.13.3	COG0642	Alkaline phosphatase synthesis sensor protein PhoR
E745S_01300	gene	660	arlR_2			
E745S_01300	CDS	660	arlR_2		COG0745	Response regulator ArlR
E745S_01301	gene	783				
E745S_01301	CDS	783				hypothetical protein
E745S_01302	gene	918	bcrA_1			
E745S_01302	CDS	918	bcrA_1			Bacitracin transport ATP-binding protein BcrA
E745S_01303	gene	216				
E745S_01303	CDS	216				hypothetical protein
E745S_01304	gene	3228				
E745S_01304	CDS	3228				hypothetical protein
E745S_01305	gene	315				
E745S_01305	CDS	315				hypothetical protein
E745S_01306	gene	375				
E745S_01306	CDS	375				hypothetical protein
E745S_01307	gene	336				
E745S_01307	CDS	336				hypothetical protein
E745S_01308	gene	1146				
E745S_01308	CDS	1146				hypothetical protein
E745S_01309	gene	1860				
E745S_01309	CDS	1860				hypothetical protein
E745S_01310	gene	240				
E745S_01310	CDS	240				hypothetical protein
E745S_01311	gene	675				
E745S_01311	CDS	675				hypothetical protein
E745S_01312	gene	165				
E745S_01312	CDS	165				hypothetical protein
E745S_01313	gene	435	hhaIM			
E745S_01313	CDS	435	hhaIM	2.1.1.37		Modification methylase HhaI
E745S_01314	gene	708				
E745S_01314	CDS	708				hypothetical protein
E745S_01315	gene	291				
E745S_01315	CDS	291				hypothetical protein
E745S_01316	gene	1185				
E745S_01316	CDS	1185				hypothetical protein
E745S_01317	gene	138				
E745S_01317	CDS	138				hypothetical protein
E745S_01318	gene	1911				
E745S_01318	CDS	1911				hypothetical protein
E745S_01319	gene	504				
E745S_01319	CDS	504				hypothetical protein
E745S_01320	gene	2448				
E745S_01320	CDS	2448				hypothetical protein
E745S_01321	gene	2124				
E745S_01321	CDS	2124				hypothetical protein
E745S_01322	gene	1005				
E745S_01322	CDS	1005				hypothetical protein
E745S_01323	gene	912				
E745S_01323	CDS	912				hypothetical protein
E745S_01324	gene	216				
E745S_01324	CDS	216				hypothetical protein
E745S_01325	gene	1440	ribZ_1			
E745S_01325	CDS	1440	ribZ_1			Riboflavin transporter RibZ
E745S_01326	gene	633				
E745S_01326	CDS	633				hypothetical protein
E745S_01327	gene	1452				
E745S_01327	CDS	1452				hypothetical protein
E745S_01328	gene	1344	noxE			
E745S_01328	CDS	1344	noxE	1.6.99.3	COG0446	NADH oxidase
E745S_01329	gene	5928				
E745S_01329	CDS	5928				hypothetical protein
E745S_01330	gene	435				
E745S_01330	CDS	435				hypothetical protein
E745S_01331	gene	1206	rhaR_4			
E745S_01331	CDS	1206	rhaR_4			HTH-type transcriptional activator RhaR
E745S_01332	gene	387				
E745S_01332	CDS	387				hypothetical protein
E745S_01333	gene	192				
E745S_01333	CDS	192				hypothetical protein
E745S_01334	gene	195				
E745S_01334	CDS	195				hypothetical protein
E745S_01335	gene	189				
E745S_01335	CDS	189				hypothetical protein
E745S_01336	gene	1128				
E745S_01336	CDS	1128				ISL3 family transposase IS1251
E745S_01337	gene	1617				
E745S_01337	CDS	1617				hypothetical protein
E745S_01338	gene	219				
E745S_01338	CDS	219				hypothetical protein
E745S_01339	gene	240				
E745S_01339	CDS	240				hypothetical protein
E745S_01340	gene	1524				
E745S_01340	CDS	1524				hypothetical protein
E745S_01341	gene	984	yjiA			
E745S_01341	CDS	984	yjiA	3.6.-.-	COG0523	P-loop guanosine triphosphatase YjiA
E745S_01342	gene	150	rpmGA_2			
E745S_01342	CDS	150	rpmGA_2			50S ribosomal protein L33 1
E745S_01343	gene	378				
E745S_01343	CDS	378				hypothetical protein
E745S_01344	gene	180	rpmF_2			
E745S_01344	CDS	180	rpmF_2		COG0333	50S ribosomal protein L32
E745S_01345	gene	270	rpsN2_1			
E745S_01345	CDS	270	rpsN2_1		COG0199	Alternate 30S ribosomal protein S14
E745S_01346	gene	1743	ndvA			
E745S_01346	CDS	1743	ndvA	7.5.2.3	COG1132	Beta-(1-->2)glucan export ATP-binding/permease protein NdvA
E745S_01347	gene	1755	btuD_2			
E745S_01347	CDS	1755	btuD_2	7.6.2.8		Vitamin B12 import ATP-binding protein BtuD
E745S_01348	gene	570				
E745S_01348	CDS	570				hypothetical protein
E745S_01349	gene	447	btuD_3			
E745S_01349	CDS	447	btuD_3	7.6.2.8		Vitamin B12 import ATP-binding protein BtuD
E745S_01350	gene	966	ykoD			
E745S_01350	CDS	966	ykoD	3.6.3.-	COG1122	Putative HMP/thiamine import ATP-binding protein YkoD
E745S_01351	gene	582				
E745S_01351	CDS	582				hypothetical protein
E745S_01352	gene	519				
E745S_01352	CDS	519				hypothetical protein
E745S_01353	gene	93				
E745S_01353	CDS	93				hypothetical protein
E745S_01354	gene	234				
E745S_01354	CDS	234				hypothetical protein
E745S_01355	gene	951	ssaB_1			
E745S_01355	CDS	951	ssaB_1		COG0803	Manganese ABC transporter substrate-binding lipoprotein
E745S_01356	gene	408	mntD			
E745S_01356	CDS	408	mntD		COG1108	Manganese transport system membrane protein MntD
E745S_01357	gene	228				
E745S_01357	CDS	228				hypothetical protein
E745S_01358	gene	1188				
E745S_01358	CDS	1188				IS110 family transposase ISBth13
E745S_01359	gene	741	scaC_1			
E745S_01359	CDS	741	scaC_1	7.2.2.5	COG1121	Manganese import ATP-binding protein ScaC
E745S_01360	gene	1227	xerC_6			
E745S_01360	CDS	1227	xerC_6			Tyrosine recombinase XerC
E745S_01361	gene	393	rpsI			
E745S_01361	CDS	393	rpsI		COG0103	30S ribosomal protein S9
E745S_01362	gene	444	rplM			
E745S_01362	CDS	444	rplM			50S ribosomal protein L13
E745S_01363	gene	468	dps			
E745S_01363	CDS	468	dps	1.16.-.-	COG0783	DNA protection during starvation protein
E745S_01364	gene	1539	xylB_2			
E745S_01364	CDS	1539	xylB_2	2.7.1.17	COG1070	Xylulose kinase
E745S_01365	gene	687	comC			
E745S_01365	CDS	687	comC			Type 4 prepilin-like proteins leader peptide-processing enzyme
E745S_01366	gene	528	msrA_2			
E745S_01366	CDS	528	msrA_2	1.8.4.11	COG0225	Peptide methionine sulfoxide reductase MsrA
E745S_01367	gene	678	yvdM_1			
E745S_01367	CDS	678	yvdM_1	5.4.2.6	COG0637	Beta-phosphoglucomutase
E745S_01368	gene	1131	glxK			
E745S_01368	CDS	1131	glxK	2.7.1.31		Glycerate kinase
E745S_01369	gene	2184	ycjT			
E745S_01369	CDS	2184	ycjT	2.4.1.230	COG1554	Kojibiose phosphorylase
E745S_01370	gene	1026	rifL			
E745S_01370	CDS	1026	rifL	1.1.1.-		Putative UDP-kanosamine synthase oxidoreductase subunit
E745S_01371	gene	828				
E745S_01371	CDS	828				hypothetical protein
E745S_01372	gene	1068	tdh			
E745S_01372	CDS	1068	tdh	1.1.1.103		L-threonine 3-dehydrogenase
E745S_01373	gene	837	ycjP			
E745S_01373	CDS	837	ycjP		COG0395	Inner membrane ABC transporter permease protein YcjP
E745S_01374	gene	870	ycjO			
E745S_01374	CDS	870	ycjO		COG1175	Inner membrane ABC transporter permease protein YcjO
E745S_01375	gene	1284				
E745S_01375	CDS	1284				hypothetical protein
E745S_01376	gene	1686	ycjM			
E745S_01376	CDS	1686	ycjM	2.4.1.352	COG0366	Glucosylglycerate phosphorylase
E745S_01377	gene	1026	purR_2			
E745S_01377	CDS	1026	purR_2		COG1609	HTH-type transcriptional repressor PurR
E745S_01378	gene	3654	rpoC			
E745S_01378	CDS	3654	rpoC	2.7.7.6	COG0086	DNA-directed RNA polymerase subunit beta'
E745S_01379	gene	3618	rpoB			
E745S_01379	CDS	3618	rpoB	2.7.7.6	COG0085	DNA-directed RNA polymerase subunit beta
E745S_01380	gene	969				
E745S_01380	CDS	969				hypothetical protein
E745S_01381	gene	906				
E745S_01381	CDS	906				hypothetical protein
E745S_01382	gene	807	yxdL_1			
E745S_01382	CDS	807	yxdL_1		COG1136	ABC transporter ATP-binding protein YxdL
E745S_01383	gene	969	birA			
E745S_01383	CDS	969	birA	6.3.4.15	COG0340	Bifunctional ligase/repressor BirA
E745S_01384	gene	525				
E745S_01384	CDS	525				hypothetical protein
E745S_01385	gene	1983				
E745S_01385	CDS	1983				hypothetical protein
E745S_01386	gene	987	hepT			
E745S_01386	CDS	987	hepT	2.5.1.30	COG0142	Heptaprenyl diphosphate synthase component 2
E745S_01387	gene	567				
E745S_01387	CDS	567				hypothetical protein
E745S_01388	gene	417				
E745S_01388	CDS	417				hypothetical protein
E745S_01389	gene	1935	norW			
E745S_01389	CDS	1935	norW	1.18.1.-		Nitric oxide reductase FlRd-NAD(+) reductase
E745S_01390	gene	957				
E745S_01390	CDS	957				hypothetical protein
E745S_01391	gene	1104	apbE			
E745S_01391	CDS	1104	apbE	2.7.1.180	COG1477	FAD:protein FMN transferase
E745S_01392	gene	954	menA			
E745S_01392	CDS	954	menA	2.5.1.74		1,4-dihydroxy-2-naphthoate octaprenyltransferase
E745S_01393	gene	1347	gor			
E745S_01393	CDS	1347	gor	1.8.1.7	COG1249	Glutathione reductase
E745S_01394	gene	1251				
E745S_01394	CDS	1251				hypothetical protein
E745S_01395	gene	924	rlhA			
E745S_01395	CDS	924	rlhA		COG0826	23S rRNA 5-hydroxycytidine synthase
E745S_01396	gene	2493	clpC			
E745S_01396	CDS	2493	clpC		COG0542	Negative regulator of genetic competence ClpC/MecB
E745S_01397	gene	468	ctsR			
E745S_01397	CDS	468	ctsR		COG4463	Transcriptional regulator CtsR
E745S_01398	gene	77				
E745S_01398	tRNA	77				tRNA-Arg(acg)
E745S_01399	gene	74				
E745S_01399	tRNA	74				tRNA-Pro(tgg)
E745S_01400	gene	76				
E745S_01400	tRNA	76				tRNA-Arg(acg)
E745S_01401	gene	86				
E745S_01401	tRNA	86				tRNA-Leu(taa)
E745S_01402	gene	72				
E745S_01402	tRNA	72				tRNA-Gly(gcc)
E745S_01403	gene	76				
E745S_01403	tRNA	76				tRNA-Thr(tgt)
E745S_01404	gene	84				
E745S_01404	tRNA	84				tRNA-Leu(tag)
E745S_01405	gene	75				
E745S_01405	tRNA	75				tRNA-Lys(ttt)
E745S_01406	gene	75				
E745S_01406	tRNA	75				tRNA-Val(tac)
E745S_01407	gene	690	srrA_2			
E745S_01407	CDS	690	srrA_2		COG0745	Transcriptional regulatory protein SrrA
E745S_01408	gene	1209	rcsC_2			
E745S_01408	CDS	1209	rcsC_2	2.7.13.3		Sensor histidine kinase RcsC
E745S_01409	gene	1272	serS			
E745S_01409	CDS	1272	serS	6.1.1.11		Serine--tRNA ligase
E745S_01410	gene	1485	guaB			
E745S_01410	CDS	1485	guaB	1.1.1.205	COG0516	Inosine-5'-monophosphate dehydrogenase
E745S_01411	gene	696				
E745S_01411	CDS	696				hypothetical protein
E745S_01412	gene	1101	ychF			
E745S_01412	CDS	1101	ychF		COG0012	Ribosome-binding ATPase YchF
E745S_01413	gene	192				
E745S_01413	CDS	192				hypothetical protein
E745S_01414	gene	891	spo0J			
E745S_01414	CDS	891	spo0J		COG1475	Stage 0 sporulation protein J
E745S_01415	gene	768	soj_1			
E745S_01415	CDS	768	soj_1	3.6.-.-	COG1192	Sporulation initiation inhibitor protein Soj
E745S_01416	gene	714	rsmG			
E745S_01416	CDS	714	rsmG	2.1.1.-	COG0357	Ribosomal RNA small subunit methyltransferase G
E745S_01417	gene	1902	mnmG			
E745S_01417	CDS	1902	mnmG			tRNA uridine 5-carboxymethylaminomethyl modification enzyme MnmG
E745S_01418	gene	528	mnmE_1			
E745S_01418	CDS	528	mnmE_1	3.6.5.-	COG0486	tRNA modification GTPase MnmE
E745S_01419	gene	837	mnmE_2			
E745S_01419	CDS	837	mnmE_2	3.6.-.-	COG0486	tRNA modification GTPase MnmE
E745S_01420	gene	339				
E745S_01420	CDS	339				hypothetical protein
E745S_01421	gene	759				
E745S_01421	CDS	759				hypothetical protein
E745S_01422	gene	819	misCA			
E745S_01422	CDS	819	misCA		COG0706	Membrane protein insertase MisCA
E745S_01423	gene	357	rnpA			
E745S_01423	CDS	357	rnpA	3.1.26.5	COG0594	Ribonuclease P protein component
E745S_01424	gene	135	rpmH			
E745S_01424	CDS	135	rpmH			50S ribosomal protein L34
E745S_01425	gene	1335	dnaA			
E745S_01425	CDS	1335	dnaA		COG0593	Chromosomal replication initiator protein DnaA
E745S_01426	gene	1131	dnaN			
E745S_01426	CDS	1131	dnaN		COG0592	Beta sliding clamp
E745S_01427	gene	309				
E745S_01427	CDS	309				hypothetical protein
E745S_01428	gene	1125	recF			
E745S_01428	CDS	1125	recF		COG1195	DNA replication and repair protein RecF
E745S_01429	gene	1947	gyrB			
E745S_01429	CDS	1947	gyrB	5.6.2.2	COG0187	DNA gyrase subunit B
E745S_01430	gene	2472	gyrA			
E745S_01430	CDS	2472	gyrA	5.6.2.2	COG0188	DNA gyrase subunit A
E745S_01431	gene	300	rpsF			
E745S_01431	CDS	300	rpsF		COG0360	30S ribosomal protein S6
E745S_01432	gene	513	ssb_1			
E745S_01432	CDS	513	ssb_1		COG0629	Single-stranded DNA-binding protein
E745S_01433	gene	237	rpsR			
E745S_01433	CDS	237	rpsR		COG0238	30S ribosomal protein S18
E745S_01434	gene	105				
E745S_01434	CDS	105				hypothetical protein
E745S_01435	gene	1974	gdpP			
E745S_01435	CDS	1974	gdpP	3.1.4.59	COG3887	Cyclic-di-AMP phosphodiesterase GdpP
E745S_01436	gene	453	rplI			
E745S_01436	CDS	453	rplI			50S ribosomal protein L9
E745S_01437	gene	1368	dnaC			
E745S_01437	CDS	1368	dnaC	3.6.4.12	COG0305	Replicative DNA helicase
E745S_01438	gene	1293	purA			
E745S_01438	CDS	1293	purA	6.3.4.4	COG0104	Adenylosuccinate synthetase
E745S_01439	gene	864				
E745S_01439	CDS	864				DegV domain-containing protein
E745S_01440	gene	1623	ybiT_3			
E745S_01440	CDS	1623	ybiT_3		COG0488	putative ABC transporter ATP-binding protein YbiT
E745S_01441	gene	522				
E745S_01441	CDS	522				hypothetical protein
E745S_01442	gene	1731	pox5			
E745S_01442	CDS	1731	pox5	1.2.3.3	COG0028	Pyruvate oxidase
E745S_01443	gene	819	zupT			
E745S_01443	CDS	819	zupT		COG0428	Zinc transporter ZupT
E745S_01444	gene	198				
E745S_01444	CDS	198				hypothetical protein
E745S_01445	gene	579				
E745S_01445	CDS	579				Potassium channel
E745S_01446	gene	138				
E745S_01446	CDS	138				hypothetical protein
E745S_01447	gene	504				
E745S_01447	CDS	504				hypothetical protein
E745S_01448	gene	1026				
E745S_01448	CDS	1026				hypothetical protein
E745S_01449	gene	864				
E745S_01449	CDS	864				hypothetical protein
E745S_01450	gene	378				
E745S_01450	CDS	378				hypothetical protein
E745S_01451	gene	231				
E745S_01451	CDS	231				hypothetical protein
E745S_01452	gene	207				
E745S_01452	CDS	207				hypothetical protein
E745S_01453	gene	372				
E745S_01453	CDS	372				hypothetical protein
E745S_01454	gene	693	yvdM_2			
E745S_01454	CDS	693	yvdM_2	5.4.2.6	COG0637	Beta-phosphoglucomutase
E745S_01455	gene	786	lacR_2			
E745S_01455	CDS	786	lacR_2			Lactose phosphotransferase system repressor
E745S_01456	gene	1401	lacG_2			
E745S_01456	CDS	1401	lacG_2	3.2.1.85	COG2723	6-phospho-beta-galactosidase
E745S_01457	gene	318	lacF_3			
E745S_01457	CDS	318	lacF_3			PTS system lactose-specific EIIA component
E745S_01458	gene	1674	lacE_2			
E745S_01458	CDS	1674	lacE_2		COG1455	PTS system lactose-specific EIICB component
E745S_01459	gene	1632				
E745S_01459	CDS	1632				hypothetical protein
E745S_01460	gene	1566	guaA_1			
E745S_01460	CDS	1566	guaA_1	6.3.5.2		GMP synthase [glutamine-hydrolyzing]
E745S_01461	gene	924	coaA			
E745S_01461	CDS	924	coaA	2.7.1.33		Pantothenate kinase
E745S_01462	gene	606	rsmC			
E745S_01462	CDS	606	rsmC	2.1.1.172	COG2813	Ribosomal RNA small subunit methyltransferase C
E745S_01463	gene	1017	degA_1			
E745S_01463	CDS	1017	degA_1		COG1609	HTH-type transcriptional regulator DegA
E745S_01464	gene	1302	pdp			
E745S_01464	CDS	1302	pdp	2.4.2.2	COG0213	Pyrimidine-nucleoside phosphorylase
E745S_01465	gene	663	deoC			
E745S_01465	CDS	663	deoC	4.1.2.4	COG0274	Deoxyribose-phosphate aldolase
E745S_01466	gene	399	cdd			
E745S_01466	CDS	399	cdd	3.5.4.5	COG0295	Cytidine deaminase
E745S_01467	gene	1083	tmpC			
E745S_01467	CDS	1083	tmpC		COG1744	Membrane lipoprotein TmpC
E745S_01468	gene	1563	mglA			
E745S_01468	CDS	1563	mglA	7.5.2.11	COG1129	Galactose/methyl galactoside import ATP-binding protein MglA
E745S_01469	gene	1134				
E745S_01469	CDS	1134				hypothetical protein
E745S_01470	gene	957				
E745S_01470	CDS	957				hypothetical protein
E745S_01471	gene	1167	deoB			
E745S_01471	CDS	1167	deoB	5.4.2.7		Phosphopentomutase
E745S_01472	gene	819	punA			
E745S_01472	CDS	819	punA	2.4.2.1		Purine nucleoside phosphorylase 1
E745S_01473	gene	708	deoD			
E745S_01473	CDS	708	deoD	2.4.2.1	COG0813	Purine nucleoside phosphorylase DeoD-type
E745S_01474	gene	687	gpmA_3			
E745S_01474	CDS	687	gpmA_3	5.4.2.11		2,3-bisphosphoglycerate-dependent phosphoglycerate mutase
E745S_01475	gene	582	hin			
E745S_01475	CDS	582	hin		COG1961	DNA-invertase hin
E745S_01476	gene	684	rpiA			
E745S_01476	CDS	684	rpiA	5.3.1.6	COG0120	Ribose-5-phosphate isomerase A
E745S_01477	gene	414	rpsL			
E745S_01477	CDS	414	rpsL		COG0048	30S ribosomal protein S12
E745S_01478	gene	471	rpsG			
E745S_01478	CDS	471	rpsG		COG0049	30S ribosomal protein S7
E745S_01479	gene	2088	fus			
E745S_01479	CDS	2088	fus			Elongation factor G
E745S_01480	gene	1188	tuf_2			
E745S_01480	CDS	1188	tuf_2		COG0050	Elongation factor Tu
E745S_01481	gene	309	rpsJ			
E745S_01481	CDS	309	rpsJ		COG0051	30S ribosomal protein S10
E745S_01482	gene	630	rplC			
E745S_01482	CDS	630	rplC		COG0087	50S ribosomal protein L3
E745S_01483	gene	624	rplD			
E745S_01483	CDS	624	rplD		COG0088	50S ribosomal protein L4
E745S_01484	gene	291	rplW			
E745S_01484	CDS	291	rplW			50S ribosomal protein L23
E745S_01485	gene	834	rplB			
E745S_01485	CDS	834	rplB		COG0090	50S ribosomal protein L2
E745S_01486	gene	279	rpsS			
E745S_01486	CDS	279	rpsS		COG0185	30S ribosomal protein S19
E745S_01487	gene	348	rplV			
E745S_01487	CDS	348	rplV		COG0091	50S ribosomal protein L22
E745S_01488	gene	657	rpsC			
E745S_01488	CDS	657	rpsC		COG0092	30S ribosomal protein S3
E745S_01489	gene	435	rplP			
E745S_01489	CDS	435	rplP		COG0197	50S ribosomal protein L16
E745S_01490	gene	189	rpmC			
E745S_01490	CDS	189	rpmC		COG0255	50S ribosomal protein L29
E745S_01491	gene	267	rpsQ			
E745S_01491	CDS	267	rpsQ		COG0186	30S ribosomal protein S17
E745S_01492	gene	369	rplN			
E745S_01492	CDS	369	rplN		COG0093	50S ribosomal protein L14
E745S_01493	gene	309	rplX			
E745S_01493	CDS	309	rplX			50S ribosomal protein L24
E745S_01494	gene	540	rplE			
E745S_01494	CDS	540	rplE		COG0094	50S ribosomal protein L5
E745S_01495	gene	186	rpsZ			
E745S_01495	CDS	186	rpsZ		COG0199	30S ribosomal protein S14 type Z
E745S_01496	gene	399	rpsH			
E745S_01496	CDS	399	rpsH		COG0096	30S ribosomal protein S8
E745S_01497	gene	537	rplF			
E745S_01497	CDS	537	rplF			50S ribosomal protein L6
E745S_01498	gene	357	rplR			
E745S_01498	CDS	357	rplR		COG0256	50S ribosomal protein L18
E745S_01499	gene	501	rpsE			
E745S_01499	CDS	501	rpsE		COG0098	30S ribosomal protein S5
E745S_01500	gene	180	rpmD			
E745S_01500	CDS	180	rpmD		COG1841	50S ribosomal protein L30
E745S_01501	gene	441	rplO			
E745S_01501	CDS	441	rplO			50S ribosomal protein L15
E745S_01502	gene	1296	secY			
E745S_01502	CDS	1296	secY			Protein translocase subunit SecY
E745S_01503	gene	648	adk			
E745S_01503	CDS	648	adk	2.7.4.3		Adenylate kinase
E745S_01504	gene	219	infA			
E745S_01504	CDS	219	infA		COG0361	Translation initiation factor IF-1
E745S_01505	gene	117	rpmJ			
E745S_01505	CDS	117	rpmJ		COG0257	50S ribosomal protein L36
E745S_01506	gene	366	rpsM			
E745S_01506	CDS	366	rpsM		COG0099	30S ribosomal protein S13
E745S_01507	gene	390	rpsK			
E745S_01507	CDS	390	rpsK			30S ribosomal protein S11
E745S_01508	gene	939	rpoA			
E745S_01508	CDS	939	rpoA	2.7.7.6	COG0202	DNA-directed RNA polymerase subunit alpha
E745S_01509	gene	381	rplQ			
E745S_01509	CDS	381	rplQ		COG0203	50S ribosomal protein L17
E745S_01510	gene	840	ecfA1			
E745S_01510	CDS	840	ecfA1	7.-.-.-		Energy-coupling factor transporter ATP-binding protein EcfA1
E745S_01511	gene	870	ecfA2			
E745S_01511	CDS	870	ecfA2	3.6.3.-		Energy-coupling factor transporter ATP-binding protein EcfA2
E745S_01512	gene	798	ecfT			
E745S_01512	CDS	798	ecfT			Energy-coupling factor transporter transmembrane protein EcfT
E745S_01513	gene	747	truA			
E745S_01513	CDS	747	truA	5.4.99.12	COG0101	tRNA pseudouridine synthase A
E745S_01514	gene	807				
E745S_01514	CDS	807				hypothetical protein
E745S_01515	gene	369	lrpC			
E745S_01515	CDS	369	lrpC		COG1522	HTH-type transcriptional regulator LrpC
E745S_01516	gene	1173				
E745S_01516	CDS	1173				IS256 family transposase IS256
E745S_01517	gene	1179				
E745S_01517	CDS	1179				IS256 family transposase ISEf1
E745S_01518	gene	339				
E745S_01518	CDS	339				hypothetical protein
E745S_01519	gene	549				
E745S_01519	CDS	549				hypothetical protein
E745S_01520	gene	660				
E745S_01520	CDS	660				hypothetical protein
E745S_01521	gene	909				
E745S_01521	CDS	909				IS982 family transposase ISEfm1
E745S_01522	gene	2670				
E745S_01522	CDS	2670				hypothetical protein
E745S_01523	gene	189	rpmB			
E745S_01523	CDS	189	rpmB			50S ribosomal protein L28
E745S_01524	gene	363				
E745S_01524	CDS	363				putative protein
E745S_01525	gene	1683				
E745S_01525	CDS	1683				putative protein
E745S_01526	gene	2037	recG			
E745S_01526	CDS	2037	recG	3.6.4.12		ATP-dependent DNA helicase RecG
E745S_01527	gene	1002	plsX			
E745S_01527	CDS	1002	plsX	2.3.1.274	COG0416	Phosphate acyltransferase
E745S_01528	gene	243	acpP			
E745S_01528	CDS	243	acpP		COG0236	Acyl carrier protein
E745S_01529	gene	1188				
E745S_01529	CDS	1188				IS110 family transposase ISBth13
E745S_01530	gene	1005	oppD_1			
E745S_01530	CDS	1005	oppD_1		COG0444	Oligopeptide transport ATP-binding protein OppD
E745S_01531	gene	945	oppF_1			
E745S_01531	CDS	945	oppF_1		COG4608	Oligopeptide transport ATP-binding protein OppF
E745S_01532	gene	963	gsiC			
E745S_01532	CDS	963	gsiC		COG0601	Glutathione transport system permease protein GsiC
E745S_01533	gene	915				
E745S_01533	CDS	915				hypothetical protein
E745S_01534	gene	1782				
E745S_01534	CDS	1782				hypothetical protein
E745S_01535	gene	687	rnc			
E745S_01535	CDS	687	rnc	3.1.26.3	COG0571	Ribonuclease 3
E745S_01536	gene	3582	smc_2			
E745S_01536	CDS	3582	smc_2		COG1196	Chromosome partition protein Smc
E745S_01537	gene	810	yidA_2			
E745S_01537	CDS	810	yidA_2	3.1.3.23	COG0561	Sugar phosphatase YidA
E745S_01538	gene	999	ftsY			
E745S_01538	CDS	999	ftsY		COG0552	Signal recognition particle receptor FtsY
E745S_01539	gene	2268	gshAB			
E745S_01539	CDS	2268	gshAB		COG1181	Glutathione biosynthesis bifunctional protein GshAB
E745S_01540	gene	453	yueI			
E745S_01540	CDS	453	yueI		COG5506	putative protein YueI
E745S_01541	gene	951	yclN			
E745S_01541	CDS	951	yclN		COG4606	Petrobactin import system permease protein YclN
E745S_01542	gene	960	yclO			
E745S_01542	CDS	960	yclO		COG4605	Petrobactin import system permease protein YclO
E745S_01543	gene	756	yclP			
E745S_01543	CDS	756	yclP	7.2.2.-	COG4604	Petrobactin import ATP-binding protein YclP
E745S_01544	gene	954	yclQ			
E745S_01544	CDS	954	yclQ		COG4607	Petrobactin-binding protein YclQ
E745S_01545	gene	108				
E745S_01545	CDS	108				hypothetical protein
E745S_01546	gene	954				
E745S_01546	CDS	954			COG2826	IS30 family transposase IS1252
E745S_01547	gene	189				
E745S_01547	CDS	189				hypothetical protein
E745S_01548	gene	1173				
E745S_01548	CDS	1173				IS256 family transposase IS256
E745S_01549	gene	357				
E745S_01549	CDS	357				hypothetical protein
E745S_01550	gene	900				
E745S_01550	CDS	900				hypothetical protein
E745S_01551	gene	897				
E745S_01551	CDS	897				IS982 family transposase ISEfm1
E745S_01552	gene	729				
E745S_01552	CDS	729				hypothetical protein
E745S_01553	gene	1680				
E745S_01553	CDS	1680				hypothetical protein
E745S_01554	gene	960				
E745S_01554	CDS	960			COG2826	IS30 family transposase IS6770
E745S_01555	gene	735	gla			
E745S_01555	CDS	735	gla		COG0580	Glycerol facilitator-aquaporin gla
E745S_01556	gene	411	cidA			
E745S_01556	CDS	411	cidA			Holin-like protein CidA
E745S_01557	gene	702	yohK			
E745S_01557	CDS	702	yohK		COG1346	Inner membrane protein YohK
E745S_01558	gene	1584				
E745S_01558	CDS	1584				hypothetical protein
E745S_01559	gene	222				
E745S_01559	CDS	222				hypothetical protein
E745S_01560	gene	762				
E745S_01560	CDS	762		1.1.1.391	COG1028	3-beta-hydroxycholanate 3-dehydrogenase (NAD(+)) 2
E745S_01561	gene	510	queT_2			
E745S_01561	CDS	510	queT_2		COG4708	Queuosine precursor transporter QueT
E745S_01562	gene	540	bioY2			
E745S_01562	CDS	540	bioY2		COG1268	Biotin transporter BioY2
E745S_01563	gene	612	rpsD			
E745S_01563	CDS	612	rpsD		COG0522	30S ribosomal protein S4
E745S_01564	gene	834	nirC			
E745S_01564	CDS	834	nirC		COG2116	Nitrite transporter NirC
E745S_01565	gene	636				
E745S_01565	CDS	636				hypothetical protein
E745S_01566	gene	774				
E745S_01566	CDS	774				Putative bifunctional phosphatase/peptidyl-prolyl cis-trans isomerase
E745S_01567	gene	798	ymdB			
E745S_01567	CDS	798	ymdB	3.1.4.16	COG1692	2',3'-cyclic-nucleotide 2'-phosphodiesterase
E745S_01568	gene	375				
E745S_01568	CDS	375				hypothetical protein
E745S_01569	gene	2646	mutS_2			
E745S_01569	CDS	2646	mutS_2		COG0249	DNA mismatch repair protein MutS
E745S_01570	gene	2109	mutL			
E745S_01570	CDS	2109	mutL		COG0323	DNA mismatch repair protein MutL
E745S_01571	gene	561	maf			
E745S_01571	CDS	561	maf	3.6.1.9	COG0424	dTTP/UTP pyrophosphatase
E745S_01572	gene	1989				
E745S_01572	CDS	1989				hypothetical protein
E745S_01573	gene	714	treR			
E745S_01573	CDS	714	treR		COG2188	HTH-type transcriptional regulator TreR
E745S_01574	gene	447	msrB			
E745S_01574	CDS	447	msrB	1.8.4.12		Peptide methionine sulfoxide reductase MsrB
E745S_01575	gene	603	ruvA			
E745S_01575	CDS	603	ruvA	3.6.4.12	COG0632	Holliday junction ATP-dependent DNA helicase RuvA
E745S_01576	gene	1002	ruvB			
E745S_01576	CDS	1002	ruvB	3.6.4.12	COG2255	Holliday junction ATP-dependent DNA helicase RuvB
E745S_01577	gene	579				
E745S_01577	CDS	579				hypothetical protein
E745S_01578	gene	483	yfkJ			
E745S_01578	CDS	483	yfkJ	3.1.3.48	COG0394	Low molecular weight protein-tyrosine-phosphatase YfkJ
E745S_01579	gene	375				
E745S_01579	CDS	375				hypothetical protein
E745S_01580	gene	954				
E745S_01580	CDS	954			COG2826	IS30 family transposase IS1252
E745S_01581	gene	1353	brnQ_1			
E745S_01581	CDS	1353	brnQ_1		COG1114	Branched-chain amino acid transport system 2 carrier protein
E745S_01582	gene	591				
E745S_01582	CDS	591				Potassium channel
E745S_01583	gene	1350	cycA			
E745S_01583	CDS	1350	cycA		COG1113	D-serine/D-alanine/glycine transporter
E745S_01584	gene	741	artM_2			
E745S_01584	CDS	741	artM_2		COG1126	Arginine transport ATP-binding protein ArtM
E745S_01585	gene	1593	mltF_2			
E745S_01585	CDS	1593	mltF_2	4.2.2.-		Membrane-bound lytic murein transglycosylase F
E745S_01586	gene	192				
E745S_01586	CDS	192				hypothetical protein
E745S_01587	gene	297				
E745S_01587	CDS	297				hypothetical protein
E745S_01588	gene	726	cobB			
E745S_01588	CDS	726	cobB	2.3.1.286	COG0846	NAD-dependent protein deacetylase
E745S_01589	gene	843	dapH_1			
E745S_01589	CDS	843	dapH_1	2.3.1.89		2,3,4,5-tetrahydropyridine-2,6-dicarboxylate N-acetyltransferase
E745S_01590	gene	522	nadR			
E745S_01590	CDS	522	nadR		COG1827	Transcription repressor NadR
E745S_01591	gene	564	def_2			
E745S_01591	CDS	564	def_2	3.5.1.88	COG0242	Peptide deformylase
E745S_01592	gene	270	rpsO			
E745S_01592	CDS	270	rpsO		COG0184	30S ribosomal protein S15
E745S_01593	gene	2127	pnp_2			
E745S_01593	CDS	2127	pnp_2	2.7.7.8	COG1185	Polyribonucleotide nucleotidyltransferase
E745S_01594	gene	267				
E745S_01594	CDS	267				hypothetical protein
E745S_01595	gene	1992	kup			
E745S_01595	CDS	1992	kup			Low affinity potassium transport system protein kup
E745S_01596	gene	1302				
E745S_01596	CDS	1302				hypothetical protein
E745S_01597	gene	1371	dinF			
E745S_01597	CDS	1371	dinF		COG0534	DNA damage-inducible protein F
E745S_01598	gene	324				
E745S_01598	CDS	324				hypothetical protein
E745S_01599	gene	609	ctc			
E745S_01599	CDS	609	ctc		COG1825	General stress protein CTC
E745S_01600	gene	717	rsuA			
E745S_01600	CDS	717	rsuA	5.4.99.19	COG1187	Ribosomal small subunit pseudouridine synthase A
E745S_01601	gene	696	yfnB_2			
E745S_01601	CDS	696	yfnB_2	3.-.-.-	COG1011	Putative HAD-hydrolase YfnB
E745S_01602	gene	630	udk			
E745S_01602	CDS	630	udk	2.7.1.48	COG0572	Uridine kinase
E745S_01603	gene	537				
E745S_01603	CDS	537				hypothetical protein
E745S_01604	gene	513				
E745S_01604	CDS	513				IS3 family transposase ISEnfa3
E745S_01605	gene	168				
E745S_01605	CDS	168				hypothetical protein
E745S_01606	gene	603				
E745S_01606	CDS	603				hypothetical protein
E745S_01607	gene	489				
E745S_01607	CDS	489				hypothetical protein
E745S_01608	gene	1374				
E745S_01608	CDS	1374				hypothetical protein
E745S_01609	gene	468				
E745S_01609	CDS	468				hypothetical protein
E745S_01610	gene	1593	ubiB			
E745S_01610	CDS	1593	ubiB	2.7.-.-	COG0661	putative protein kinase UbiB
E745S_01611	gene	126				
E745S_01611	CDS	126				hypothetical protein
E745S_01612	gene	1077	ddl			
E745S_01612	CDS	1077	ddl	6.3.2.4	COG1181	D-alanine--D-alanine ligase
E745S_01613	gene	1413	murF			
E745S_01613	CDS	1413	murF	6.3.2.10	COG0770	UDP-N-acetylmuramoyl-tripeptide--D-alanyl-D-alanine ligase
E745S_01614	gene	1512	cshA			
E745S_01614	CDS	1512	cshA	3.6.4.13	COG0513	ATP-dependent RNA helicase CshA
E745S_01615	gene	351	acpS			
E745S_01615	CDS	351	acpS	2.7.8.7	COG0736	Holo-[acyl-carrier-protein] synthase
E745S_01616	gene	1122	alr			
E745S_01616	CDS	1122	alr	5.1.1.1	COG0787	Alanine racemase
E745S_01617	gene	363	ndoA			
E745S_01617	CDS	363	ndoA	3.1.27.-	COG2337	Endoribonuclease EndoA
E745S_01618	gene	270	rpsN2_2			
E745S_01618	CDS	270	rpsN2_2		COG0199	Alternate 30S ribosomal protein S14
E745S_01619	gene	948				
E745S_01619	CDS	948				Zinc-type alcohol dehydrogenase-like protein
E745S_01620	gene	2706				
E745S_01620	CDS	2706				hypothetical protein
E745S_01621	gene	1824	kimA			
E745S_01621	CDS	1824	kimA		COG0531	Potassium transporter KimA
E745S_01622	gene	264				
E745S_01622	CDS	264				hypothetical protein
E745S_01623	gene	267				
E745S_01623	CDS	267				hypothetical protein
E745S_01624	gene	489				
E745S_01624	CDS	489				hypothetical protein
E745S_01625	gene	99				
E745S_01625	CDS	99				hypothetical protein
E745S_01626	gene	672	opuCD			
E745S_01626	CDS	672	opuCD		COG1174	Glycine betaine/carnitine/choline transport system permease protein OpuCD
E745S_01627	gene	918	opuCC			
E745S_01627	CDS	918	opuCC		COG1732	Glycine betaine/carnitine/choline-binding protein OpuCC
E745S_01628	gene	642	opuCB			
E745S_01628	CDS	642	opuCB		COG1174	Carnitine transport permease protein OpuCB
E745S_01629	gene	1176	opuCA_2			
E745S_01629	CDS	1176	opuCA_2	7.6.2.9	COG1125	Carnitine transport ATP-binding protein OpuCA
E745S_01630	gene	1032	queA			
E745S_01630	CDS	1032	queA	2.4.99.17	COG0809	S-adenosylmethionine:tRNA ribosyltransferase-isomerase
E745S_01631	gene	309	yoaB			
E745S_01631	CDS	309	yoaB	7.2.2.10	COG0474	Calcium-transporting ATPase 1
E745S_01632	gene	2292				
E745S_01632	CDS	2292		7.2.2.10		Calcium-transporting ATPase 1
E745S_01633	gene	699				
E745S_01633	CDS	699				hypothetical protein
E745S_01634	gene	1146	tgt			
E745S_01634	CDS	1146	tgt	2.4.2.29		Queuine tRNA-ribosyltransferase
E745S_01635	gene	381				
E745S_01635	CDS	381				hypothetical protein
E745S_01636	gene	1320				
E745S_01636	CDS	1320				IS1380 family transposase IS1678
E745S_01637	gene	2598	adhE			
E745S_01637	CDS	2598	adhE		COG1012	Aldehyde-alcohol dehydrogenase
E745S_01638	gene	954				
E745S_01638	CDS	954			COG2826	IS30 family transposase IS1252
E745S_01639	gene	189				
E745S_01639	CDS	189				hypothetical protein
E745S_01640	gene	1461	rhaB			
E745S_01640	CDS	1461	rhaB	2.7.1.5		Rhamnulokinase
E745S_01641	gene	1257	rhaA			
E745S_01641	CDS	1257	rhaA	5.3.1.14	COG4806	L-rhamnose isomerase
E745S_01642	gene	846	rhaD			
E745S_01642	CDS	846	rhaD	4.1.2.19	COG0235	Rhamnulose-1-phosphate aldolase
E745S_01643	gene	312	rhaM			
E745S_01643	CDS	312	rhaM	5.1.3.32	COG3254	L-rhamnose mutarotase
E745S_01644	gene	1152	fucO			
E745S_01644	CDS	1152	fucO	1.1.1.77	COG1454	Lactaldehyde reductase
E745S_01645	gene	759	iclR			
E745S_01645	CDS	759	iclR		COG1414	Transcriptional repressor IclR
E745S_01646	gene	645	kdgA			
E745S_01646	CDS	645	kdgA		COG0800	KHG/KDPG aldolase
E745S_01647	gene	1008	kdgK			
E745S_01647	CDS	1008	kdgK	2.7.1.45		2-dehydro-3-deoxygluconokinase
E745S_01648	gene	843	kduI1			
E745S_01648	CDS	843	kduI1	5.3.1.17	COG3717	4-deoxy-L-threo-5-hexosulose-uronate ketol-isomerase 1
E745S_01649	gene	135				
E745S_01649	CDS	135				hypothetical protein
E745S_01650	gene	675	kduD			
E745S_01650	CDS	675	kduD	1.1.1.127		2-dehydro-3-deoxy-D-gluconate 5-dehydrogenase
E745S_01651	gene	1065	fni			
E745S_01651	CDS	1065	fni	5.3.3.2		Isopentenyl-diphosphate delta-isomerase
E745S_01652	gene	1086				
E745S_01652	CDS	1086		2.7.4.2		Phosphomevalonate kinase
E745S_01653	gene	978				
E745S_01653	CDS	978				hypothetical protein
E745S_01654	gene	945	galK_1			
E745S_01654	CDS	945	galK_1	2.7.1.6		Galactokinase
E745S_01655	gene	654				
E745S_01655	CDS	654		2.7.1.113	COG1428	Deoxyguanosine kinase
E745S_01656	gene	906				
E745S_01656	CDS	906				hypothetical protein
E745S_01657	gene	633				
E745S_01657	CDS	633				hypothetical protein
E745S_01658	gene	525	infC			
E745S_01658	CDS	525	infC			Translation initiation factor IF-3
E745S_01659	gene	201	rpmI			
E745S_01659	CDS	201	rpmI		COG0291	50S ribosomal protein L35
E745S_01660	gene	360	rplT			
E745S_01660	CDS	360	rplT		COG0292	50S ribosomal protein L20
E745S_01661	gene	1338				
E745S_01661	CDS	1338				hypothetical protein
E745S_01662	gene	2130				
E745S_01662	CDS	2130				hypothetical protein
E745S_01663	gene	690				
E745S_01663	CDS	690				hypothetical protein
E745S_01664	gene	687	rspR_2			
E745S_01664	CDS	687	rspR_2		COG1802	HTH-type transcriptional repressor RspR
E745S_01665	gene	168				
E745S_01665	CDS	168				hypothetical protein
E745S_01666	gene	441				
E745S_01666	CDS	441		3.1.2.28		1,4-dihydroxy-2-naphthoyl-CoA hydrolase
E745S_01667	gene	846	nnrD			
E745S_01667	CDS	846	nnrD	4.2.1.136	COG0063	ADP-dependent (S)-NAD(P)H-hydrate dehydratase
E745S_01668	gene	1419	pepV			
E745S_01668	CDS	1419	pepV	3.4.13.-		Beta-Ala-Xaa dipeptidase
E745S_01669	gene	291				
E745S_01669	CDS	291				hypothetical protein
E745S_01670	gene	318				
E745S_01670	CDS	318		1.2.1.97		3-sulfolactaldehyde dehydrogenase
E745S_01671	gene	957				
E745S_01671	CDS	957				hypothetical protein
E745S_01672	gene	354				
E745S_01672	CDS	354				hypothetical protein
E745S_01673	gene	1080	pepA			
E745S_01673	CDS	1080	pepA	3.4.11.7	COG1363	Glutamyl aminopeptidase
E745S_01674	gene	321	ytpP			
E745S_01674	CDS	321	ytpP			Thioredoxin-like protein YtpP
E745S_01675	gene	468				
E745S_01675	CDS	468				Putative universal stress protein
E745S_01676	gene	606				
E745S_01676	CDS	606				hypothetical protein
E745S_01677	gene	1284	htrA			
E745S_01677	CDS	1284	htrA	3.4.21.107	COG0265	Serine protease Do-like HtrA
E745S_01678	gene	480	rlmH			
E745S_01678	CDS	480	rlmH	2.1.1.177	COG1576	Ribosomal RNA large subunit methyltransferase H
E745S_01679	gene	837				
E745S_01679	CDS	837				IS3 family transposase IS1485
E745S_01680	gene	291				
E745S_01680	CDS	291				IS3 family transposase IS1485
E745S_01681	gene	1131				
E745S_01681	CDS	1131				hypothetical protein
E745S_01682	gene	909				
E745S_01682	CDS	909				IS982 family transposase ISEfm1
E745S_01683	gene	855	rhaR_5			
E745S_01683	CDS	855	rhaR_5			HTH-type transcriptional activator RhaR
E745S_01684	gene	2250	agaA_2			
E745S_01684	CDS	2250	agaA_2	3.2.1.22		Alpha-galactosidase AgaA
E745S_01685	gene	1173				
E745S_01685	CDS	1173				hypothetical protein
E745S_01686	gene	1320				
E745S_01686	CDS	1320				IS1380 family transposase IS1678
E745S_01687	gene	360				
E745S_01687	CDS	360				IS256 family transposase ISEf1
E745S_01688	gene	777				
E745S_01688	CDS	777				IS256 family transposase ISEf1
E745S_01689	gene	309				
E745S_01689	CDS	309				hypothetical protein
E745S_01690	gene	300				
E745S_01690	CDS	300				hypothetical protein
E745S_01691	gene	552				
E745S_01691	CDS	552				hypothetical protein
E745S_01692	gene	1320				
E745S_01692	CDS	1320				IS1380 family transposase IS1678
E745S_01693	gene	294				
E745S_01693	CDS	294				hypothetical protein
E745S_01694	gene	297				
E745S_01694	CDS	297				hypothetical protein
E745S_01695	gene	663				
E745S_01695	CDS	663				hypothetical protein
E745S_01696	gene	903				
E745S_01696	CDS	903				hypothetical protein
E745S_01697	gene	1395				
E745S_01697	CDS	1395				hypothetical protein
E745S_01698	gene	201				
E745S_01698	CDS	201				hypothetical protein
E745S_01699	gene	240				
E745S_01699	CDS	240				hypothetical protein
E745S_01700	gene	1374				
E745S_01700	CDS	1374				hypothetical protein
E745S_01701	gene	1638				
E745S_01701	CDS	1638				hypothetical protein
E745S_01702	gene	1089				
E745S_01702	CDS	1089				hypothetical protein
E745S_01703	gene	954				
E745S_01703	CDS	954			COG2826	IS30 family transposase IS1252
E745S_01704	gene	258				
E745S_01704	CDS	258				hypothetical protein
E745S_01705	gene	405				
E745S_01705	CDS	405				hypothetical protein
E745S_01706	gene	2658	norR			
E745S_01706	CDS	2658	norR			Anaerobic nitric oxide reductase transcription regulator NorR
E745S_01707	gene	477	sorB_2			
E745S_01707	CDS	477	sorB_2	2.7.1.206	COG3444	PTS system sorbose-specific EIIB component
E745S_01708	gene	789	agaC_1			
E745S_01708	CDS	789	agaC_1		COG3715	N-acetylgalactosamine permease IIC component 1
E745S_01709	gene	798	manZ_2			
E745S_01709	CDS	798	manZ_2		COG3716	PTS system mannose-specific EIID component
E745S_01710	gene	396				
E745S_01710	CDS	396				hypothetical protein
E745S_01711	gene	1122				
E745S_01711	CDS	1122				hypothetical protein
E745S_01712	gene	870	gmuE_2			
E745S_01712	CDS	870	gmuE_2	2.7.1.4	COG1940	Putative fructokinase
E745S_01713	gene	162				
E745S_01713	CDS	162				hypothetical protein
E745S_01714	gene	954				
E745S_01714	CDS	954			COG2826	IS30 family transposase IS1252
E745S_01715	gene	513				
E745S_01715	CDS	513				IS630 family transposase ISBs2
E745S_01716	gene	1002				
E745S_01716	CDS	1002				hypothetical protein
E745S_01717	gene	1242	sstT			
E745S_01717	CDS	1242	sstT		COG3633	Serine/threonine transporter SstT
E745S_01718	gene	636				
E745S_01718	CDS	636				hypothetical protein
E745S_01719	gene	1635	manR_2			
E745S_01719	CDS	1635	manR_2		COG1762	Transcriptional regulator ManR
E745S_01720	gene	432				
E745S_01720	CDS	432				hypothetical protein
E745S_01721	gene	249				
E745S_01721	CDS	249				hypothetical protein
E745S_01722	gene	954				
E745S_01722	CDS	954			COG2826	IS30 family transposase IS1252
E745S_01723	gene	453				
E745S_01723	CDS	453				hypothetical protein
E745S_01724	gene	522	paiA			
E745S_01724	CDS	522	paiA	2.3.1.57	COG0454	Spermidine/spermine N(1)-acetyltransferase
E745S_01725	gene	711				
E745S_01725	CDS	711				hypothetical protein
E745S_01726	gene	369				
E745S_01726	CDS	369				hypothetical protein
E745S_01727	gene	225				
E745S_01727	CDS	225				hypothetical protein
E745S_01728	gene	1554				
E745S_01728	CDS	1554				hypothetical protein
E745S_01729	gene	1314	pbuG			
E745S_01729	CDS	1314	pbuG		COG2252	Guanine/hypoxanthine permease PbuG
E745S_01730	gene	1638	malL_2			
E745S_01730	CDS	1638	malL_2	3.2.1.10	COG0366	Oligo-1,6-glucosidase
E745S_01731	gene	495				
E745S_01731	CDS	495				hypothetical protein
E745S_01732	gene	1092				
E745S_01732	CDS	1092		1.-.-.-		putative oxidoreductase
E745S_01733	gene	678	hchA			
E745S_01733	CDS	678	hchA	3.1.2.-	COG0693	Protein/nucleic acid deglycase 1
E745S_01734	gene	1296	npr_1			
E745S_01734	CDS	1296	npr_1	1.11.1.1	COG0446	NADH peroxidase
E745S_01735	gene	1461				
E745S_01735	CDS	1461				hypothetical protein
E745S_01736	gene	1497	glpK			
E745S_01736	CDS	1497	glpK	2.7.1.30	COG0554	Glycerol kinase
E745S_01737	gene	1824	glpO			
E745S_01737	CDS	1824	glpO	1.1.3.21	COG0578	Alpha-glycerophosphate oxidase
E745S_01738	gene	717	glpF			
E745S_01738	CDS	717	glpF		COG0580	Glycerol uptake facilitator protein
E745S_01739	gene	1929	mutS2_1			
E745S_01739	CDS	1929	mutS2_1	3.1.-.-		Endonuclease MutS2
E745S_01740	gene	555	pgsA2			
E745S_01740	CDS	555	pgsA2	2.7.8.41	COG0558	Putative cardiolipin synthase
E745S_01741	gene	315				
E745S_01741	CDS	315				hypothetical protein
E745S_01742	gene	261				
E745S_01742	CDS	261				hypothetical protein
E745S_01743	gene	315	glpE			
E745S_01743	CDS	315	glpE	2.8.1.1		Thiosulfate sulfurtransferase GlpE
E745S_01744	gene	1656	cdr_1			
E745S_01744	CDS	1656	cdr_1	1.8.1.14		Coenzyme A disulfide reductase
E745S_01745	gene	1851	helD_2			
E745S_01745	CDS	1851	helD_2	3.6.4.12	COG3973	DNA helicase IV
E745S_01746	gene	288				
E745S_01746	CDS	288				hypothetical protein
E745S_01747	gene	348				
E745S_01747	CDS	348				hypothetical protein
E745S_01748	gene	1305	pgaC			
E745S_01748	CDS	1305	pgaC	2.4.1.-	COG1215	Poly-beta-1,6-N-acetyl-D-glucosamine synthase
E745S_01749	gene	858				
E745S_01749	CDS	858				hypothetical protein
E745S_01750	gene	321				
E745S_01750	CDS	321				hypothetical protein
E745S_01751	gene	396	dhaM-2			
E745S_01751	CDS	396	dhaM-2	2.7.1.121	COG3412	PEP-dependent dihydroxyacetone kinase 2, phosphoryl donor subunit DhaM
E745S_01752	gene	1011	dhaK			
E745S_01752	CDS	1011	dhaK	2.7.1.121	COG2376	PTS-dependent dihydroxyacetone kinase, dihydroxyacetone-binding subunit DhaK
E745S_01753	gene	606	dhaL			
E745S_01753	CDS	606	dhaL	2.7.1.121	COG2376	PTS-dependent dihydroxyacetone kinase, ADP-binding subunit DhaL
E745S_01754	gene	666				
E745S_01754	CDS	666				hypothetical protein
E745S_01755	gene	660	anr			
E745S_01755	CDS	660	anr			Transcriptional activator protein Anr
E745S_01756	gene	1611				
E745S_01756	CDS	1611			COG3559	Multidrug efflux system permease protein
E745S_01757	gene	621				
E745S_01757	CDS	621		7.6.2.-	COG1131	Multidrug efflux system ATP-binding protein
E745S_01758	gene	954				
E745S_01758	CDS	954			COG2826	IS30 family transposase IS1252
E745S_01759	gene	249	artM_3			
E745S_01759	CDS	249	artM_3		COG1126	Arginine transport ATP-binding protein ArtM
E745S_01760	gene	600				
E745S_01760	CDS	600				hypothetical protein
E745S_01761	gene	1302				
E745S_01761	CDS	1302				hypothetical protein
E745S_01762	gene	1257	tyrS1			
E745S_01762	CDS	1257	tyrS1	6.1.1.1	COG0162	Tyrosine--tRNA ligase 1
E745S_01763	gene	1878				
E745S_01763	CDS	1878				hypothetical protein
E745S_01764	gene	1422	gadC_2			
E745S_01764	CDS	1422	gadC_2		COG0531	putative glutamate/gamma-aminobutyrate antiporter
E745S_01765	gene	816	nhaC_1			
E745S_01765	CDS	816	nhaC_1		COG1757	Na(+)/H(+) antiporter NhaC
E745S_01766	gene	516	nhaC_2			
E745S_01766	CDS	516	nhaC_2		COG1757	Na(+)/H(+) antiporter NhaC
E745S_01767	gene	1020	ccpA_1			
E745S_01767	CDS	1020	ccpA_1		COG1609	Catabolite control protein A
E745S_01768	gene	1008	mro_1			
E745S_01768	CDS	1008	mro_1	5.1.3.3	COG2017	Aldose 1-epimerase
E745S_01769	gene	666	pgmB			
E745S_01769	CDS	666	pgmB	5.4.2.6	COG0637	Beta-phosphoglucomutase
E745S_01770	gene	2295	malP			
E745S_01770	CDS	2295	malP	2.4.1.8		Maltose phosphorylase
E745S_01771	gene	2166	ptsG_3			
E745S_01771	CDS	2166	ptsG_3	2.7.1.199	COG1263	PTS system glucose-specific EIICBA component
E745S_01772	gene	834	mapP			
E745S_01772	CDS	834	mapP	3.1.3.90		Maltose 6'-phosphate phosphatase
E745S_01773	gene	1662				
E745S_01773	CDS	1662				hypothetical protein
E745S_01774	gene	1320				
E745S_01774	CDS	1320				IS1380 family transposase IS1678
E745S_01775	gene	969				
E745S_01775	CDS	969				hypothetical protein
E745S_01776	gene	444	yiaC			
E745S_01776	CDS	444	yiaC	2.3.1.-	COG0454	Peptidyl-lysine N-acetyltransferase YiaC
E745S_01777	gene	531	padC			
E745S_01777	CDS	531	padC	4.1.1.102	COG3479	Phenolic acid decarboxylase PadC
E745S_01778	gene	552				
E745S_01778	CDS	552				hypothetical protein
E745S_01779	gene	474				
E745S_01779	CDS	474				hypothetical protein
E745S_01780	gene	1473	emrB			
E745S_01780	CDS	1473	emrB			Multidrug export protein EmrB
E745S_01781	gene	666				
E745S_01781	CDS	666				hypothetical protein
E745S_01782	gene	285				
E745S_01782	CDS	285				hypothetical protein
E745S_01783	gene	420				
E745S_01783	CDS	420				hypothetical protein
E745S_01784	gene	585	vdcB			
E745S_01784	CDS	585	vdcB	2.5.1.129		putative UbiX-like flavin prenyltransferase
E745S_01785	gene	1476	lpdC			
E745S_01785	CDS	1476	lpdC	4.1.1.59	COG0043	Gallate decarboxylase
E745S_01786	gene	312				
E745S_01786	CDS	312				hypothetical protein
E745S_01787	gene	2337	btuD_4			
E745S_01787	CDS	2337	btuD_4	7.6.2.8		Vitamin B12 import ATP-binding protein BtuD
E745S_01788	gene	669	hssR			
E745S_01788	CDS	669	hssR			Heme response regulator HssR
E745S_01789	gene	1044	sasA_3			
E745S_01789	CDS	1044	sasA_3	2.7.-.-		Adaptive-response sensory-kinase SasA
E745S_01790	gene	882	gltC_2			
E745S_01790	CDS	882	gltC_2			HTH-type transcriptional regulator GltC
E745S_01791	gene	729	ydfK			
E745S_01791	CDS	729	ydfK		COG1811	putative membrane protein YdfK
E745S_01792	gene	318				
E745S_01792	CDS	318				hypothetical protein
E745S_01793	gene	609				
E745S_01793	CDS	609				hypothetical protein
E745S_01794	gene	831				
E745S_01794	CDS	831				hypothetical protein
E745S_01795	gene	489				
E745S_01795	CDS	489				hypothetical protein
E745S_01796	gene	873				
E745S_01796	CDS	873				hypothetical protein
E745S_01797	gene	363				
E745S_01797	CDS	363				hypothetical protein
E745S_01798	gene	753	bceA_1			
E745S_01798	CDS	753	bceA_1		COG1136	Bacitracin export ATP-binding protein BceA
E745S_01799	gene	1803	bceB_1			
E745S_01799	CDS	1803	bceB_1		COG0577	Bacitracin export permease protein BceB
E745S_01800	gene	1041	mro_2			
E745S_01800	CDS	1041	mro_2	5.1.3.3	COG2017	Aldose 1-epimerase
E745S_01801	gene	2145				
E745S_01801	CDS	2145				hypothetical protein
E745S_01802	gene	1374	bglF_1			
E745S_01802	CDS	1374	bglF_1		COG1263	PTS system beta-glucoside-specific EIIBCA component
E745S_01803	gene	396	rbsD			
E745S_01803	CDS	396	rbsD	5.4.99.62	COG1869	D-ribose pyranase
E745S_01804	gene	918	rbsK			
E745S_01804	CDS	918	rbsK	2.7.1.15		Ribokinase
E745S_01805	gene	1014	degA_2			
E745S_01805	CDS	1014	degA_2		COG1609	HTH-type transcriptional regulator DegA
E745S_01806	gene	600	yecD			
E745S_01806	CDS	600	yecD	3.-.-.-	COG1335	Isochorismatase family protein YecD
E745S_01807	gene	702				
E745S_01807	CDS	702			COG1136	putative ABC transporter ATP-binding protein
E745S_01808	gene	2712				
E745S_01808	CDS	2712				hypothetical protein
E745S_01809	gene	1629	treA			
E745S_01809	CDS	1629	treA	3.2.1.93	COG0366	Trehalose-6-phosphate hydrolase
E745S_01810	gene	1182				
E745S_01810	CDS	1182				hypothetical protein
E745S_01811	gene	1530				
E745S_01811	CDS	1530				hypothetical protein
E745S_01812	gene	729	agrA			
E745S_01812	CDS	729	agrA		COG3279	Accessory gene regulator protein A
E745S_01813	gene	1281				
E745S_01813	CDS	1281				hypothetical protein
E745S_01814	gene	111				
E745S_01814	CDS	111				hypothetical protein
E745S_01815	gene	603	agrB			
E745S_01815	CDS	603	agrB	3.4.-.-	COG4512	Accessory gene regulator protein B
E745S_01816	gene	207				
E745S_01816	CDS	207				hypothetical protein
E745S_01817	gene	708				
E745S_01817	CDS	708		2.7.1.113	COG1428	Deoxyguanosine kinase
E745S_01818	gene	684				
E745S_01818	CDS	684				hypothetical protein
E745S_01819	gene	2187	yjcD			
E745S_01819	CDS	2187	yjcD	3.6.4.12	COG0210	Putative ATP-dependent DNA helicase YjcD
E745S_01820	gene	411	spxA_4			
E745S_01820	CDS	411	spxA_4		COG1393	Regulatory protein Spx
E745S_01821	gene	357	spxA_5			
E745S_01821	CDS	357	spxA_5		COG1393	Regulatory protein Spx
E745S_01822	gene	471	bsaA			
E745S_01822	CDS	471	bsaA			Glutathione peroxidase BsaA
E745S_01823	gene	459	luxS			
E745S_01823	CDS	459	luxS	4.4.1.21	COG1854	S-ribosylhomocysteine lyase
E745S_01824	gene	1146	metB			
E745S_01824	CDS	1146	metB	2.5.1.48	COG0626	Cystathionine gamma-synthase
E745S_01825	gene	918	cysM			
E745S_01825	CDS	918	cysM	2.5.1.47	COG0031	Cysteine synthase
E745S_01826	gene	564	efp			
E745S_01826	CDS	564	efp			Elongation factor P
E745S_01827	gene	1260	lysA			
E745S_01827	CDS	1260	lysA	4.1.1.20	COG0019	Diaminopimelate decarboxylase
E745S_01828	gene	801	dapF			
E745S_01828	CDS	801	dapF	5.1.1.7	COG0253	Diaminopimelate epimerase
E745S_01829	gene	882	dapA			
E745S_01829	CDS	882	dapA	4.3.3.7	COG0329	4-hydroxy-tetrahydrodipicolinate synthase
E745S_01830	gene	717	dapB			
E745S_01830	CDS	717	dapB	1.17.1.8	COG0289	4-hydroxy-tetrahydrodipicolinate reductase
E745S_01831	gene	696	dapH_2			
E745S_01831	CDS	696	dapH_2	2.3.1.89	COG2171	2,3,4,5-tetrahydropyridine-2,6-dicarboxylate N-acetyltransferase
E745S_01832	gene	1002	asd			
E745S_01832	CDS	1002	asd	1.2.1.11	COG0136	Aspartate-semialdehyde dehydrogenase
E745S_01833	gene	1362	yclM			
E745S_01833	CDS	1362	yclM	2.7.2.4	COG0527	Aspartokinase 3
E745S_01834	gene	1152	scmP			
E745S_01834	CDS	1152	scmP	3.5.1.-	COG1473	N-acetylcysteine deacetylase
E745S_01835	gene	1170	dapX			
E745S_01835	CDS	1170	dapX	2.6.1.-	COG0436	putative N-acetyl-LL-diaminopimelate aminotransferase
E745S_01836	gene	1380	npr_2			
E745S_01836	CDS	1380	npr_2	1.11.1.1	COG0446	NADH peroxidase
E745S_01837	gene	153				
E745S_01837	CDS	153				hypothetical protein
E745S_01838	gene	702				
E745S_01838	CDS	702				IS3 family transposase ISEfa10
E745S_01839	gene	669				
E745S_01839	CDS	669				hypothetical protein
E745S_01840	gene	321				
E745S_01840	CDS	321				hypothetical protein
E745S_01841	gene	1383	umuC_1			
E745S_01841	CDS	1383	umuC_1		COG0389	Protein UmuC
E745S_01842	gene	1188	galK_2			
E745S_01842	CDS	1188	galK_2	2.7.1.6	COG0153	Galactokinase
E745S_01843	gene	1032	galM			
E745S_01843	CDS	1032	galM	5.1.3.3	COG2017	Aldose 1-epimerase
E745S_01844	gene	1467	lacS			
E745S_01844	CDS	1467	lacS		COG2190	Lactose permease
E745S_01845	gene	906	rhaS_2			
E745S_01845	CDS	906	rhaS_2			HTH-type transcriptional activator RhaS
E745S_01846	gene	678	kefG			
E745S_01846	CDS	678	kefG	1.6.5.2		Glutathione-regulated potassium-efflux system ancillary protein KefG
E745S_01847	gene	171				
E745S_01847	CDS	171				hypothetical protein
E745S_01848	gene	897				
E745S_01848	CDS	897				hypothetical protein
E745S_01849	gene	1371	yifK			
E745S_01849	CDS	1371	yifK		COG1113	putative transport protein YifK
E745S_01850	gene	747	scaC_2			
E745S_01850	CDS	747	scaC_2	7.2.2.5	COG1121	Manganese import ATP-binding protein ScaC
E745S_01851	gene	840	mntB			
E745S_01851	CDS	840	mntB			Manganese transport system membrane protein MntB
E745S_01852	gene	951	ssaB_2			
E745S_01852	CDS	951	ssaB_2		COG0803	Manganese ABC transporter substrate-binding lipoprotein
E745S_01853	gene	753				
E745S_01853	CDS	753				hypothetical protein
E745S_01854	gene	1152	queG			
E745S_01854	CDS	1152	queG	1.17.99.6	COG1600	Epoxyqueuosine reductase
E745S_01855	gene	609				
E745S_01855	CDS	609				hypothetical protein
E745S_01856	gene	1638	pckA			
E745S_01856	CDS	1638	pckA	4.1.1.49		Phosphoenolpyruvate carboxykinase (ATP)
E745S_01857	gene	1113	thiO			
E745S_01857	CDS	1113	thiO	1.4.3.19	COG0665	Glycine oxidase
E745S_01858	gene	1374	ribZ_2			
E745S_01858	CDS	1374	ribZ_2			Riboflavin transporter RibZ
E745S_01859	gene	618				
E745S_01859	CDS	618				hypothetical protein
E745S_01860	gene	456	argR_2			
E745S_01860	CDS	456	argR_2			Arginine repressor
E745S_01861	gene	1503	algC			
E745S_01861	CDS	1503	algC	5.4.2.2	COG1109	Phosphomannomutase/phosphoglucomutase
E745S_01862	gene	207				
E745S_01862	CDS	207				hypothetical protein
E745S_01863	gene	402	ohrB_1			
E745S_01863	CDS	402	ohrB_1		COG1764	Organic hydroperoxide resistance protein OhrB
E745S_01864	gene	1332	rclA			
E745S_01864	CDS	1332	rclA		COG1249	putative pyridine nucleotide-disulfide oxidoreductase RclA
E745S_01865	gene	627				
E745S_01865	CDS	627				hypothetical protein
E745S_01866	gene	582	acuR			
E745S_01866	CDS	582	acuR			Transcriptional regulator AcuR
E745S_01867	gene	348				
E745S_01867	CDS	348				hypothetical protein
E745S_01868	gene	216				
E745S_01868	CDS	216				hypothetical protein
E745S_01869	gene	339				
E745S_01869	CDS	339				hypothetical protein
E745S_01870	gene	231				
E745S_01870	CDS	231				hypothetical protein
E745S_01871	gene	342	mazF			
E745S_01871	CDS	342	mazF	3.1.27.-	COG2337	Endoribonuclease toxin MazF
E745S_01872	gene	186				
E745S_01872	CDS	186				hypothetical protein
E745S_01873	gene	195				
E745S_01873	CDS	195				hypothetical protein
E745S_01874	gene	831	ydbD			
E745S_01874	CDS	831	ydbD	1.11.1.6	COG3546	putative manganese catalase
E745S_01875	gene	1335	araN_1			
E745S_01875	CDS	1335	araN_1		COG1653	putative arabinose-binding protein
E745S_01876	gene	912	lacF_4			
E745S_01876	CDS	912	lacF_4			Lactose transport system permease protein LacF
E745S_01877	gene	855	araQ_4			
E745S_01877	CDS	855	araQ_4		COG0395	L-arabinose transport system permease protein AraQ
E745S_01878	gene	618				
E745S_01878	CDS	618				hypothetical protein
E745S_01879	gene	519				
E745S_01879	CDS	519				hypothetical protein
E745S_01880	gene	459				
E745S_01880	CDS	459				hypothetical protein
E745S_01881	gene	4038				
E745S_01881	CDS	4038				hypothetical protein
E745S_01882	gene	777				
E745S_01882	CDS	777				hypothetical protein
E745S_01883	gene	534				
E745S_01883	CDS	534				hypothetical protein
E745S_01884	gene	1698				
E745S_01884	CDS	1698				hypothetical protein
E745S_01885	gene	894				
E745S_01885	CDS	894				hypothetical protein
E745S_01886	gene	675	graR			
E745S_01886	CDS	675	graR		COG0745	Response regulator protein GraR
E745S_01887	gene	1026	graS			
E745S_01887	CDS	1026	graS	2.7.13.3	COG0642	Sensor histidine kinase GraS
E745S_01888	gene	867	glcU_2			
E745S_01888	CDS	867	glcU_2		COG4975	putative glucose uptake protein GlcU
E745S_01889	gene	1377	yhdG			
E745S_01889	CDS	1377	yhdG		COG0531	putative amino acid permease YhdG
E745S_01890	gene	1197				
E745S_01890	CDS	1197				TelA-like protein
E745S_01891	gene	663				
E745S_01891	CDS	663				hypothetical protein
E745S_01892	gene	564	act			
E745S_01892	CDS	564	act	3.-.-.-		Methanol dehydrogenase activator
E745S_01893	gene	285				
E745S_01893	CDS	285				hypothetical protein
E745S_01894	gene	693	mtnN			
E745S_01894	CDS	693	mtnN	3.2.2.9	COG0775	5'-methylthioadenosine/S-adenosylhomocysteine nucleosidase
E745S_01895	gene	546				
E745S_01895	CDS	546				hypothetical protein
E745S_01896	gene	3279				
E745S_01896	CDS	3279				hypothetical protein
E745S_01897	gene	1908	pepO			
E745S_01897	CDS	1908	pepO	3.4.24.-	COG3590	Neutral endopeptidase
E745S_01898	gene	876				
E745S_01898	CDS	876				hypothetical protein
E745S_01899	gene	975	prs2			
E745S_01899	CDS	975	prs2	2.7.6.1		Putative ribose-phosphate pyrophosphokinase 2
E745S_01900	gene	1137	iscS_1			
E745S_01900	CDS	1137	iscS_1	2.8.1.7		Cysteine desulfurase IscS
E745S_01901	gene	345				
E745S_01901	CDS	345				hypothetical protein
E745S_01902	gene	1287				
E745S_01902	CDS	1287				hypothetical protein
E745S_01903	gene	600				
E745S_01903	CDS	600				hypothetical protein
E745S_01904	gene	1122	mnmA			
E745S_01904	CDS	1122	mnmA	2.8.1.13	COG0482	tRNA-specific 2-thiouridylase MnmA
E745S_01905	gene	1422	arcD1_1			
E745S_01905	CDS	1422	arcD1_1		COG0531	Arginine/ornithine antiporter ArcD1
E745S_01906	gene	1119	vioD			
E745S_01906	CDS	1119	vioD	4.2.1.145		Capreomycidine synthase
E745S_01907	gene	1293	sbnD_2			
E745S_01907	CDS	1293	sbnD_2			Staphyloferrin B transporter
E745S_01908	gene	561				
E745S_01908	CDS	561				hypothetical protein
E745S_01909	gene	378				
E745S_01909	CDS	378				hypothetical protein
E745S_01910	gene	1971	topB_2			
E745S_01910	CDS	1971	topB_2	5.6.2.1	COG0550	DNA topoisomerase 3
E745S_01911	gene	948	yfdH			
E745S_01911	CDS	948	yfdH	2.4.1.-	COG0463	Prophage bactoprenol glucosyl transferase 
E745S_01912	gene	465	ogt			
E745S_01912	CDS	465	ogt	2.1.1.63	COG0350	Methylated-DNA--protein-cysteine methyltransferase, constitutive
E745S_01913	gene	1044				
E745S_01913	CDS	1044				hypothetical protein
E745S_01914	gene	966				
E745S_01914	CDS	966				hypothetical protein
E745S_01915	gene	846	cysL			
E745S_01915	CDS	846	cysL		COG0583	HTH-type transcriptional regulator CysL
E745S_01916	gene	1188	rodA			
E745S_01916	CDS	1188	rodA	2.4.1.129	COG0772	Peptidoglycan glycosyltransferase RodA
E745S_01917	gene	357	mgsR			
E745S_01917	CDS	357	mgsR		COG1393	Regulatory protein MgsR
E745S_01918	gene	339	gcvH			
E745S_01918	CDS	339	gcvH		COG0509	Glycine cleavage system H protein
E745S_01919	gene	1044	metN2			
E745S_01919	CDS	1044	metN2	3.6.3.-	COG1135	Methionine import ATP-binding protein MetN 2
E745S_01920	gene	687	metP_1			
E745S_01920	CDS	687	metP_1		COG2011	Methionine import system permease protein MetP
E745S_01921	gene	849	metQ_1			
E745S_01921	CDS	849	metQ_1		COG1464	Methionine-binding lipoprotein MetQ
E745S_01922	gene	774				
E745S_01922	CDS	774				putative ABC transporter ATP-binding protein
E745S_01923	gene	1287				
E745S_01923	CDS	1287				hypothetical protein
E745S_01924	gene	1236	sufS			
E745S_01924	CDS	1236	sufS	2.8.1.7	COG0520	Cysteine desulfurase SufS
E745S_01925	gene	471	iscU			
E745S_01925	CDS	471	iscU		COG0822	Iron-sulfur cluster assembly scaffold protein IscU
E745S_01926	gene	1392				
E745S_01926	CDS	1392				hypothetical protein
E745S_01927	gene	1143	xerC_7			
E745S_01927	CDS	1143	xerC_7			Tyrosine recombinase XerC
E745S_01928	gene	735				
E745S_01928	CDS	735				hypothetical protein
E745S_01929	gene	276				
E745S_01929	CDS	276				hypothetical protein
E745S_01930	gene	1998				
E745S_01930	CDS	1998				hypothetical protein
E745S_01931	gene	336				
E745S_01931	CDS	336				hypothetical protein
E745S_01932	gene	216				
E745S_01932	CDS	216				hypothetical protein
E745S_01933	gene	366				
E745S_01933	CDS	366				hypothetical protein
E745S_01934	gene	327				
E745S_01934	CDS	327				hypothetical protein
E745S_01935	gene	726				
E745S_01935	CDS	726				hypothetical protein
E745S_01936	gene	1593				
E745S_01936	CDS	1593				hypothetical protein
E745S_01937	gene	1245				
E745S_01937	CDS	1245				hypothetical protein
E745S_01938	gene	690				
E745S_01938	CDS	690				hypothetical protein
E745S_01939	gene	2433				
E745S_01939	CDS	2433				hypothetical protein
E745S_01940	gene	1446				
E745S_01940	CDS	1446				IS1182 family transposase ISEfa7
E745S_01941	gene	666				
E745S_01941	CDS	666				hypothetical protein
E745S_01942	gene	2037				
E745S_01942	CDS	2037				hypothetical protein
E745S_01943	gene	639	yknY			
E745S_01943	CDS	639	yknY	3.6.3.-	COG1136	putative ABC transporter ATP-binding protein YknY
E745S_01944	gene	429				
E745S_01944	CDS	429				hypothetical protein
E745S_01945	gene	912	prsA_3			
E745S_01945	CDS	912	prsA_3	5.2.1.8		Foldase protein PrsA
E745S_01946	gene	438				
E745S_01946	CDS	438				hypothetical protein
E745S_01947	gene	885				
E745S_01947	CDS	885		2.7.1.-	COG1597	Putative lipid kinase
E745S_01948	gene	3168				
E745S_01948	CDS	3168				hypothetical protein
E745S_01949	gene	546				
E745S_01949	CDS	546				hypothetical protein
E745S_01950	gene	456				
E745S_01950	CDS	456				hypothetical protein
E745S_01951	gene	759				
E745S_01951	CDS	759				hypothetical protein
E745S_01952	gene	741				
E745S_01952	CDS	741				hypothetical protein
E745S_01953	gene	1254				
E745S_01953	CDS	1254				hypothetical protein
E745S_01954	gene	228				
E745S_01954	CDS	228				hypothetical protein
E745S_01955	gene	327				
E745S_01955	CDS	327				hypothetical protein
E745S_01956	gene	714	strA			
E745S_01956	CDS	714	strA	3.4.22.-	COG3764	Sortase A
E745S_01957	gene	852	licT_2			
E745S_01957	CDS	852	licT_2		COG3711	Transcription antiterminator LicT
E745S_01958	gene	150				
E745S_01958	CDS	150				hypothetical protein
E745S_01959	gene	1866	bglF_2			
E745S_01959	CDS	1866	bglF_2		COG1263	PTS system beta-glucoside-specific EIIBCA component
E745S_01960	gene	1371	bglH_1			
E745S_01960	CDS	1371	bglH_1	3.2.1.86	COG2723	Aryl-phospho-beta-D-glucosidase BglH
E745S_01961	gene	702				
E745S_01961	CDS	702				hypothetical protein
E745S_01962	gene	489	fruA_2			
E745S_01962	CDS	489	fruA_2		COG1299	PTS system fructose-specific EIIB'BC component
E745S_01963	gene	111				
E745S_01963	CDS	111				hypothetical protein
E745S_01964	gene	576	yvdD			
E745S_01964	CDS	576	yvdD		COG1611	LOG family protein YvdD
E745S_01965	gene	441				
E745S_01965	CDS	441				hypothetical protein
E745S_01966	gene	702				
E745S_01966	CDS	702		2.7.1.113	COG1428	Deoxyguanosine kinase
E745S_01967	gene	174				
E745S_01967	CDS	174				hypothetical protein
E745S_01968	gene	426				
E745S_01968	CDS	426				hypothetical protein
E745S_01969	gene	972	rbsR			
E745S_01969	CDS	972	rbsR		COG1609	Ribose operon repressor
E745S_01970	gene	1398	gmuD_2			
E745S_01970	CDS	1398	gmuD_2	3.2.1.86	COG2723	6-phospho-beta-glucosidase GmuD
E745S_01971	gene	624				
E745S_01971	CDS	624				hypothetical protein
E745S_01972	gene	2094	ltaS1_2			
E745S_01972	CDS	2094	ltaS1_2		COG1368	Lipoteichoic acid synthase 1
E745S_01973	gene	867				
E745S_01973	CDS	867				hypothetical protein
E745S_01974	gene	438	ndk			
E745S_01974	CDS	438	ndk	2.7.4.6	COG0105	Nucleoside diphosphate kinase
E745S_01975	gene	2649	mgtA			
E745S_01975	CDS	2649	mgtA	7.2.2.14	COG0474	Magnesium-transporting ATPase, P-type 1
E745S_01976	gene	672				
E745S_01976	CDS	672		3.1.3.-	COG0637	Phosphorylated carbohydrates phosphatase
E745S_01977	gene	600				
E745S_01977	CDS	600				hypothetical protein
E745S_01978	gene	1074	metN			
E745S_01978	CDS	1074	metN	3.6.3.-	COG1135	Methionine import ATP-binding protein MetN
E745S_01979	gene	681	metP_2			
E745S_01979	CDS	681	metP_2		COG2011	Methionine import system permease protein MetP
E745S_01980	gene	840	metQ_2			
E745S_01980	CDS	840	metQ_2		COG1464	D-methionine-binding lipoprotein MetQ
E745S_01981	gene	1224	abgB			
E745S_01981	CDS	1224	abgB	3.5.1.-	COG1473	p-aminobenzoyl-glutamate hydrolase subunit B
E745S_01982	gene	1419	nhaC_3			
E745S_01982	CDS	1419	nhaC_3		COG1757	Na(+)/H(+) antiporter NhaC
E745S_01983	gene	444				
E745S_01983	CDS	444				hypothetical protein
E745S_01984	gene	1341	yvbW			
E745S_01984	CDS	1341	yvbW		COG1113	putative amino acid permease YvbW
E745S_01985	gene	897				
E745S_01985	CDS	897				hypothetical protein
E745S_01986	gene	942	panE			
E745S_01986	CDS	942	panE	1.1.1.169	COG1893	2-dehydropantoate 2-reductase
E745S_01987	gene	1122	garK			
E745S_01987	CDS	1122	garK	2.7.1.165	COG1929	Glycerate 2-kinase
E745S_01988	gene	1503	eat(A)			
E745S_01988	CDS	1503	eat(A)			ABC-F type ribosomal protection protein Eat(A)
E745S_01989	gene	528	pspB			
E745S_01989	CDS	528	pspB	3.1.3.3	COG0406	Putative phosphoserine phosphatase 2
E745S_01990	gene	1062				
E745S_01990	CDS	1062				hypothetical protein
E745S_01991	gene	897	murQ			
E745S_01991	CDS	897	murQ	4.2.1.126	COG2103	N-acetylmuramic acid 6-phosphate etherase
E745S_01992	gene	1983				
E745S_01992	CDS	1983				hypothetical protein
E745S_01993	gene	447				
E745S_01993	CDS	447			COG1780	Putative NrdI-like protein
E745S_01994	gene	1425	arcD1_2			
E745S_01994	CDS	1425	arcD1_2		COG0531	Arginine/ornithine antiporter ArcD1
E745S_01995	gene	774				
E745S_01995	CDS	774				hypothetical protein
E745S_01996	gene	906	bcrA_2			
E745S_01996	CDS	906	bcrA_2			Bacitracin transport ATP-binding protein BcrA
E745S_01997	gene	321	gdx			
E745S_01997	CDS	321	gdx		COG2076	Guanidinium exporter
E745S_01998	gene	687				
E745S_01998	CDS	687				hypothetical protein
E745S_01999	gene	945				
E745S_01999	CDS	945				hypothetical protein
E745S_02000	gene	645	pcp			
E745S_02000	CDS	645	pcp	3.4.19.3		Pyrrolidone-carboxylate peptidase
E745S_02001	gene	1278				
E745S_02001	CDS	1278				hypothetical protein
E745S_02002	gene	750	pnuC			
E745S_02002	CDS	750	pnuC		COG3201	Nicotinamide riboside transporter PnuC
E745S_02003	gene	381				
E745S_02003	CDS	381				hypothetical protein
E745S_02004	gene	510				
E745S_02004	CDS	510				hypothetical protein
E745S_02005	gene	180				
E745S_02005	CDS	180				hypothetical protein
E745S_02006	gene	564				
E745S_02006	CDS	564				hypothetical protein
E745S_02007	gene	516				
E745S_02007	CDS	516				hypothetical protein
E745S_02008	gene	870	ywpJ_2			
E745S_02008	CDS	870	ywpJ_2	3.1.3.-	COG0561	Phosphatase YwpJ
E745S_02009	gene	681	ung			
E745S_02009	CDS	681	ung	3.2.2.27	COG0692	Uracil-DNA glycosylase
E745S_02010	gene	981	pta			
E745S_02010	CDS	981	pta	2.3.1.8	COG0280	Phosphate acetyltransferase
E745S_02011	gene	474	tsaE			
E745S_02011	CDS	474	tsaE		COG0802	tRNA threonylcarbamoyladenosine biosynthesis protein TsaE
E745S_02012	gene	525				
E745S_02012	CDS	525				hypothetical protein
E745S_02013	gene	534	polC_2			
E745S_02013	CDS	534	polC_2	2.7.7.7	COG2176	DNA polymerase III PolC-type
E745S_02014	gene	753	exoA			
E745S_02014	CDS	753	exoA	3.1.11.2	COG0708	Exodeoxyribonuclease
E745S_02015	gene	921	yceM			
E745S_02015	CDS	921	yceM	1.-.-.-	COG0673	Putative oxidoreductase YceM
E745S_02016	gene	936	murB			
E745S_02016	CDS	936	murB	1.3.1.98	COG0812	UDP-N-acetylenolpyruvoylglucosamine reductase
E745S_02017	gene	1479				
E745S_02017	CDS	1479				hypothetical protein
E745S_02018	gene	2061				
E745S_02018	CDS	2061				hypothetical protein
E745S_02019	gene	570				
E745S_02019	CDS	570				hypothetical protein
E745S_02020	gene	807				
E745S_02020	CDS	807				hypothetical protein
E745S_02021	gene	1515				
E745S_02021	CDS	1515		1.3.5.4	COG1053	Fumarate reductase flavoprotein subunit
E745S_02022	gene	984				
E745S_02022	CDS	984		1.3.1.103		2-haloacrylate reductase
E745S_02023	gene	648	yhfK			
E745S_02023	CDS	648	yhfK	4.-.-.-	COG0702	putative sugar epimerase YhfK
E745S_02024	gene	633	panT_2			
E745S_02024	CDS	633	panT_2		COG4684	Pantothenic acid transporter PanT
E745S_02025	gene	552	coaBC_1			
E745S_02025	CDS	552	coaBC_1		COG0452	Coenzyme A biosynthesis bifunctional protein CoaBC
E745S_02026	gene	738	coaBC_2			
E745S_02026	CDS	738	coaBC_2	6.3.2.5		Coenzyme A biosynthesis bifunctional protein CoaBC
E745S_02027	gene	990	acuI			
E745S_02027	CDS	990	acuI	1.3.1.84	COG0604	putative acrylyl-CoA reductase AcuI
E745S_02028	gene	543				
E745S_02028	CDS	543				hypothetical protein
E745S_02029	gene	1086	potA			
E745S_02029	CDS	1086	potA	7.6.2.11		Spermidine/putrescine import ATP-binding protein PotA
E745S_02030	gene	807	potB			
E745S_02030	CDS	807	potB		COG1176	Spermidine/putrescine transport system permease protein PotB
E745S_02031	gene	828	ydcV			
E745S_02031	CDS	828	ydcV			Inner membrane ABC transporter permease protein YdcV
E745S_02032	gene	1074	potD			
E745S_02032	CDS	1074	potD		COG0687	Spermidine/putrescine-binding periplasmic protein
E745S_02033	gene	2619	dgaR_1			
E745S_02033	CDS	2619	dgaR_1			Transcriptional regulatory protein DagR
E745S_02034	gene	423				
E745S_02034	CDS	423				hypothetical protein
E745S_02035	gene	495				
E745S_02035	CDS	495		2.7.1.-		putative phosphotransferase enzyme IIB component
E745S_02036	gene	810				
E745S_02036	CDS	810				hypothetical protein
E745S_02037	gene	822	manZ_3			
E745S_02037	CDS	822	manZ_3		COG3716	PTS system mannose-specific EIID component
E745S_02038	gene	2100				
E745S_02038	CDS	2100				hypothetical protein
E745S_02039	gene	1119				
E745S_02039	CDS	1119				hypothetical protein
E745S_02040	gene	879	gmuE_3			
E745S_02040	CDS	879	gmuE_3	2.7.1.4	COG1940	Putative fructokinase
E745S_02041	gene	813				
E745S_02041	CDS	813				hypothetical protein
E745S_02042	gene	108				
E745S_02042	CDS	108				hypothetical protein
E745S_02043	gene	1068				
E745S_02043	CDS	1068				hypothetical protein
E745S_02044	gene	204				
E745S_02044	CDS	204				hypothetical protein
E745S_02045	gene	1203	xerC_8			
E745S_02045	CDS	1203	xerC_8			Tyrosine recombinase XerC
E745S_02046	gene	1131	metE			
E745S_02046	CDS	1131	metE	2.1.1.14	COG0620	5-methyltetrahydropteroyltriglutamate--homocysteine methyltransferase
E745S_02047	gene	954				
E745S_02047	CDS	954			COG2826	IS30 family transposase IS1252
E745S_02048	gene	393	glnR			
E745S_02048	CDS	393	glnR		COG0789	HTH-type transcriptional regulator GlnR
E745S_02049	gene	1341	glnA			
E745S_02049	CDS	1341	glnA	6.3.1.2		Glutamine synthetase
E745S_02050	gene	246				
E745S_02050	CDS	246				hypothetical protein
E745S_02051	gene	1611	pyrG			
E745S_02051	CDS	1611	pyrG	6.3.4.2	COG0504	CTP synthase
E745S_02052	gene	870	fba			
E745S_02052	CDS	870	fba	4.1.2.13	COG0191	Fructose-bisphosphate aldolase
E745S_02053	gene	1272	murA1_1			
E745S_02053	CDS	1272	murA1_1	2.5.1.7		UDP-N-acetylglucosamine 1-carboxyvinyltransferase
E745S_02054	gene	1296	rho			
E745S_02054	CDS	1296	rho	3.6.4.-	COG1158	Transcription termination factor Rho
E745S_02055	gene	264	rpmE2			
E745S_02055	CDS	264	rpmE2		COG0254	50S ribosomal protein L31 type B
E745S_02056	gene	450	fruA_3			
E745S_02056	CDS	450	fruA_3		COG1299	PTS system fructose-specific EIIABC component
E745S_02057	gene	1419	fruA_4			
E745S_02057	CDS	1419	fruA_4		COG1299	PTS system fructose-specific EIIABC component
E745S_02058	gene	861	kbaY			
E745S_02058	CDS	861	kbaY	4.1.2.40	COG0191	D-tagatose-1,6-bisphosphate aldolase subunit KbaY
E745S_02059	gene	738	ydjF			
E745S_02059	CDS	738	ydjF		COG1349	putative HTH-type transcriptional regulator YdjF
E745S_02060	gene	366				
E745S_02060	CDS	366				hypothetical protein
E745S_02061	gene	1209	yfcJ			
E745S_02061	CDS	1209	yfcJ			putative MFS-type transporter YfcJ
E745S_02062	gene	279				
E745S_02062	CDS	279				hypothetical protein
E745S_02063	gene	696	larR			
E745S_02063	CDS	696	larR		COG0664	Lactate racemization regulatory protein
E745S_02064	gene	798				
E745S_02064	CDS	798				hypothetical protein
E745S_02065	gene	1185				
E745S_02065	CDS	1185				hypothetical protein
E745S_02066	gene	1248				
E745S_02066	CDS	1248				hypothetical protein
E745S_02067	gene	1746				
E745S_02067	CDS	1746				hypothetical protein
E745S_02068	gene	315				
E745S_02068	CDS	315			COG0718	Nucleoid-associated protein
E745S_02069	gene	597	recR			
E745S_02069	CDS	597	recR		COG0353	Recombination protein RecR
E745S_02070	gene	645	tmk			
E745S_02070	CDS	645	tmk	2.7.4.9	COG0125	Thymidylate kinase
E745S_02071	gene	330	darA			
E745S_02071	CDS	330	darA		COG3870	Cyclic di-AMP receptor A
E745S_02072	gene	939				
E745S_02072	CDS	939				hypothetical protein
E745S_02073	gene	825				
E745S_02073	CDS	825				hypothetical protein
E745S_02074	gene	348	yabA			
E745S_02074	CDS	348	yabA		COG4467	Initiation-control protein YabA
E745S_02075	gene	873	rsmI			
E745S_02075	CDS	873	rsmI	2.1.1.198		Ribosomal RNA small subunit methyltransferase I
E745S_02076	gene	1122	dinB			
E745S_02076	CDS	1122	dinB	2.7.7.7	COG0389	DNA polymerase IV
E745S_02077	gene	603				
E745S_02077	CDS	603				hypothetical protein
E745S_02078	gene	2190	nrdD			
E745S_02078	CDS	2190	nrdD	1.1.98.6	COG1328	Anaerobic ribonucleoside-triphosphate reductase
E745S_02079	gene	768	bceA_2			
E745S_02079	CDS	768	bceA_2		COG1136	Bacitracin export ATP-binding protein BceA
E745S_02080	gene	2043	bceB_2			
E745S_02080	CDS	2043	bceB_2		COG0577	Bacitracin export permease protein BceB
E745S_02081	gene	1074	dltA			
E745S_02081	CDS	1074	dltA	6.2.1.54	COG1020	D-alanine--D-alanyl carrier protein ligase
E745S_02082	gene	1206				
E745S_02082	CDS	1206				hypothetical protein
E745S_02083	gene	234	dltC			
E745S_02083	CDS	234	dltC		COG0236	D-alanyl carrier protein
E745S_02084	gene	921	dltD			
E745S_02084	CDS	921	dltD		COG3966	Protein DltD
E745S_02085	gene	267				
E745S_02085	CDS	267				hypothetical protein
E745S_02086	gene	1083	ysdC			
E745S_02086	CDS	1083	ysdC	3.4.11.-	COG1363	Putative aminopeptidase YsdC
E745S_02087	gene	804				
E745S_02087	CDS	804				hypothetical protein
E745S_02088	gene	741				
E745S_02088	CDS	741			COG1234	putative protein
E745S_02089	gene	1005	lplJ			
E745S_02089	CDS	1005	lplJ	6.3.1.20	COG0095	Lipoate-protein ligase LplJ
E745S_02090	gene	1845				
E745S_02090	CDS	1845				hypothetical protein
E745S_02091	gene	390				
E745S_02091	CDS	390				hypothetical protein
E745S_02092	gene	684	trmR			
E745S_02092	CDS	684	trmR	2.1.1.-	COG4122	tRNA 5-hydroxyuridine methyltransferase
E745S_02093	gene	75				
E745S_02093	tRNA	75				tRNA-Arg(tct)
E745S_02094	gene	360				
E745S_02094	CDS	360				hypothetical protein
E745S_02095	gene	1632	dauA			
E745S_02095	CDS	1632	dauA		COG0659	C4-dicarboxylic acid transporter DauA
E745S_02096	gene	642	udg			
E745S_02096	CDS	642	udg	3.2.2.27	COG1573	Type-4 uracil-DNA glycosylase
E745S_02097	gene	309	rplU			
E745S_02097	CDS	309	rplU		COG0261	50S ribosomal protein L21
E745S_02098	gene	345				
E745S_02098	CDS	345				hypothetical protein
E745S_02099	gene	294	rpmA			
E745S_02099	CDS	294	rpmA			50S ribosomal protein L27
E745S_02100	gene	2835	dgaR_2			
E745S_02100	CDS	2835	dgaR_2			Transcriptional regulatory protein DagR
E745S_02101	gene	492	manX_2			
E745S_02101	CDS	492	manX_2	2.7.1.191	COG2893	PTS system mannose-specific EIIAB component
E745S_02102	gene	990	manX_3			
E745S_02102	CDS	990	manX_3	2.7.1.191		PTS system mannose-specific EIIAB component
E745S_02103	gene	804	sorA_1			
E745S_02103	CDS	804	sorA_1		COG3715	PTS system sorbose-specific EIIC component
E745S_02104	gene	915	manZ_4			
E745S_02104	CDS	915	manZ_4		COG3716	PTS system mannose-specific EIID component
E745S_02105	gene	375				
E745S_02105	CDS	375				hypothetical protein
E745S_02106	gene	246				
E745S_02106	CDS	246				hypothetical protein
E745S_02107	gene	1065	ypdF			
E745S_02107	CDS	1065	ypdF	3.4.11.-	COG0006	Aminopeptidase YpdF
E745S_02108	gene	426				
E745S_02108	CDS	426				putative protein
E745S_02109	gene	450	nusB			
E745S_02109	CDS	450	nusB		COG0781	Transcription antitermination protein NusB
E745S_02110	gene	855	folD			
E745S_02110	CDS	855	folD		COG0190	Bifunctional protein FolD protein
E745S_02111	gene	1338	xseA			
E745S_02111	CDS	1338	xseA	3.1.11.6	COG1570	Exodeoxyribonuclease 7 large subunit
E745S_02112	gene	225	xseB			
E745S_02112	CDS	225	xseB	3.1.11.6		Exodeoxyribonuclease 7 small subunit
E745S_02113	gene	891				
E745S_02113	CDS	891		2.5.1.10		Farnesyl diphosphate synthase
E745S_02114	gene	819	tlyA			
E745S_02114	CDS	819	tlyA		COG1189	Hemolysin A
E745S_02115	gene	450	argR_3			
E745S_02115	CDS	450	argR_3		COG1438	Arginine repressor
E745S_02116	gene	1683	recN			
E745S_02116	CDS	1683	recN		COG0497	DNA repair protein RecN
E745S_02117	gene	117				
E745S_02117	CDS	117				hypothetical protein
E745S_02118	gene	957				
E745S_02118	CDS	957				hypothetical protein
E745S_02119	gene	369				
E745S_02119	CDS	369				hypothetical protein
E745S_02120	gene	432	mraZ			
E745S_02120	CDS	432	mraZ			Transcriptional regulator MraZ
E745S_02121	gene	960	rsmH			
E745S_02121	CDS	960	rsmH	2.1.1.199		Ribosomal RNA small subunit methyltransferase H
E745S_02122	gene	402	ftsL			
E745S_02122	CDS	402	ftsL			Cell division protein FtsL
E745S_02123	gene	2193	pbpX_2			
E745S_02123	CDS	2193	pbpX_2		COG0768	Penicillin-binding protein 2X
E745S_02124	gene	963	mraY			
E745S_02124	CDS	963	mraY	2.7.8.13	COG0472	Phospho-N-acetylmuramoyl-pentapeptide-transferase
E745S_02125	gene	1362	murD			
E745S_02125	CDS	1362	murD	6.3.2.9		UDP-N-acetylmuramoylalanine--D-glutamate ligase
E745S_02126	gene	1089	murG			
E745S_02126	CDS	1089	murG	2.4.1.227	COG0707	UDP-N-acetylglucosamine--N-acetylmuramyl-(pentapeptide) pyrophosphoryl-undecaprenol N-acetylglucosamine transferase
E745S_02127	gene	1221	divIB			
E745S_02127	CDS	1221	divIB			Cell division protein DivIB
E745S_02128	gene	1326	ftsA			
E745S_02128	CDS	1326	ftsA		COG0849	Cell division protein FtsA
E745S_02129	gene	1242	ftsZ			
E745S_02129	CDS	1242	ftsZ		COG0206	Cell division protein FtsZ
E745S_02130	gene	678	yggS			
E745S_02130	CDS	678	yggS		COG0325	Pyridoxal phosphate homeostasis protein
E745S_02131	gene	600	sepF			
E745S_02131	CDS	600	sepF			Cell division protein SepF
E745S_02132	gene	783				
E745S_02132	CDS	783				hypothetical protein
E745S_02133	gene	708	divIVA			
E745S_02133	CDS	708	divIVA		COG3599	Cell division protein DivIVA
E745S_02134	gene	2799	ileS			
E745S_02134	CDS	2799	ileS	6.1.1.5	COG0060	Isoleucine--tRNA ligase
E745S_02135	gene	1527	zwf			
E745S_02135	CDS	1527	zwf	1.1.1.49	COG0364	Glucose-6-phosphate 1-dehydrogenase
E745S_02136	gene	648	dtxR			
E745S_02136	CDS	648	dtxR			Diphtheria toxin repressor
E745S_02137	gene	342				
E745S_02137	CDS	342				hypothetical protein
E745S_02138	gene	729	sfsA			
E745S_02138	CDS	729	sfsA		COG1489	Sugar fermentation stimulation protein A
E745S_02139	gene	1014	iolU_2			
E745S_02139	CDS	1014	iolU_2	1.1.1.371	COG0673	scyllo-inositol 2-dehydrogenase (NADP(+)) IolU
E745S_02140	gene	1278	yfmL			
E745S_02140	CDS	1278	yfmL	3.6.4.13	COG0513	putative ATP-dependent RNA helicase YfmL
E745S_02141	gene	2703	dgaR_3			
E745S_02141	CDS	2703	dgaR_3			Transcriptional regulatory protein DagR
E745S_02142	gene	318	ptcB_1			
E745S_02142	CDS	318	ptcB_1	2.7.1.204	COG1440	PTS system galactose-specific EIIB component
E745S_02143	gene	321	licA_2			
E745S_02143	CDS	321	licA_2		COG1447	Lichenan-specific phosphotransferase enzyme IIA component
E745S_02144	gene	1461	celB			
E745S_02144	CDS	1461	celB		COG1455	PTS system cellobiose-specific EIIC component
E745S_02145	gene	222				
E745S_02145	CDS	222				hypothetical protein
E745S_02146	gene	183				
E745S_02146	CDS	183				hypothetical protein
E745S_02147	gene	414				
E745S_02147	CDS	414				hypothetical protein
E745S_02148	gene	1182	eis_2			
E745S_02148	CDS	1182	eis_2	2.3.1.-		N-acetyltransferase Eis
E745S_02149	gene	165				
E745S_02149	CDS	165				hypothetical protein
E745S_02150	gene	76				
E745S_02150	tRNA	76				tRNA-Arg(cct)
E745S_02151	gene	1140	xerC_9			
E745S_02151	CDS	1140	xerC_9			Tyrosine recombinase XerC
E745S_02152	gene	135				
E745S_02152	CDS	135				hypothetical protein
E745S_02153	gene	636				
E745S_02153	CDS	636				hypothetical protein
E745S_02154	gene	636				
E745S_02154	CDS	636				hypothetical protein
E745S_02155	gene	462				
E745S_02155	CDS	462				hypothetical protein
E745S_02156	gene	432				
E745S_02156	CDS	432				hypothetical protein
E745S_02157	gene	321				
E745S_02157	CDS	321				hypothetical protein
E745S_02158	gene	777				
E745S_02158	CDS	777				hypothetical protein
E745S_02159	gene	204				
E745S_02159	CDS	204				hypothetical protein
E745S_02160	gene	339				
E745S_02160	CDS	339				hypothetical protein
E745S_02161	gene	180				
E745S_02161	CDS	180				hypothetical protein
E745S_02162	gene	504				
E745S_02162	CDS	504				hypothetical protein
E745S_02163	gene	699				
E745S_02163	CDS	699				hypothetical protein
E745S_02164	gene	342				
E745S_02164	CDS	342				hypothetical protein
E745S_02165	gene	672				
E745S_02165	CDS	672				hypothetical protein
E745S_02166	gene	687				
E745S_02166	CDS	687				hypothetical protein
E745S_02167	gene	750				
E745S_02167	CDS	750				hypothetical protein
E745S_02168	gene	270				
E745S_02168	CDS	270				hypothetical protein
E745S_02169	gene	165				
E745S_02169	CDS	165				hypothetical protein
E745S_02170	gene	303				
E745S_02170	CDS	303				hypothetical protein
E745S_02171	gene	162				
E745S_02171	CDS	162				hypothetical protein
E745S_02172	gene	300				
E745S_02172	CDS	300				hypothetical protein
E745S_02173	gene	357				
E745S_02173	CDS	357				hypothetical protein
E745S_02174	gene	246				
E745S_02174	CDS	246				hypothetical protein
E745S_02175	gene	420				
E745S_02175	CDS	420				hypothetical protein
E745S_02176	gene	558				
E745S_02176	CDS	558				hypothetical protein
E745S_02177	gene	297				
E745S_02177	CDS	297				hypothetical protein
E745S_02178	gene	414				
E745S_02178	CDS	414				hypothetical protein
E745S_02179	gene	153				
E745S_02179	CDS	153				hypothetical protein
E745S_02180	gene	276				
E745S_02180	CDS	276				hypothetical protein
E745S_02181	gene	168				
E745S_02181	CDS	168				hypothetical protein
E745S_02182	gene	345				
E745S_02182	CDS	345				hypothetical protein
E745S_02183	gene	282				
E745S_02183	CDS	282				hypothetical protein
E745S_02184	gene	315				
E745S_02184	CDS	315				hypothetical protein
E745S_02185	gene	1695				
E745S_02185	CDS	1695				hypothetical protein
E745S_02186	gene	1179				
E745S_02186	CDS	1179				hypothetical protein
E745S_02187	gene	687	clpP_1			
E745S_02187	CDS	687	clpP_1	3.4.21.92		ATP-dependent Clp protease proteolytic subunit
E745S_02188	gene	1161				
E745S_02188	CDS	1161				hypothetical protein
E745S_02189	gene	876				
E745S_02189	CDS	876				hypothetical protein
E745S_02190	gene	312				
E745S_02190	CDS	312				hypothetical protein
E745S_02191	gene	354				
E745S_02191	CDS	354				hypothetical protein
E745S_02192	gene	402				
E745S_02192	CDS	402				hypothetical protein
E745S_02193	gene	414				
E745S_02193	CDS	414				hypothetical protein
E745S_02194	gene	609				
E745S_02194	CDS	609				hypothetical protein
E745S_02195	gene	363				
E745S_02195	CDS	363				hypothetical protein
E745S_02196	gene	3432	smc_3			
E745S_02196	CDS	3432	smc_3			Chromosome partition protein Smc
E745S_02197	gene	1296				
E745S_02197	CDS	1296				ISL3 family transposase ISEfa11
E745S_02198	gene	738				
E745S_02198	CDS	738				hypothetical protein
E745S_02199	gene	2292				
E745S_02199	CDS	2292				hypothetical protein
E745S_02200	gene	2127				
E745S_02200	CDS	2127				hypothetical protein
E745S_02201	gene	447				
E745S_02201	CDS	447				hypothetical protein
E745S_02202	gene	138				
E745S_02202	CDS	138				hypothetical protein
E745S_02203	gene	294				
E745S_02203	CDS	294				hypothetical protein
E745S_02204	gene	225				
E745S_02204	CDS	225				hypothetical protein
E745S_02205	gene	579				
E745S_02205	CDS	579				hypothetical protein
E745S_02206	gene	483				
E745S_02206	CDS	483				hypothetical protein
E745S_02207	gene	74				
E745S_02207	tRNA	74				tRNA-Met(cat)
E745S_02208	gene	291				
E745S_02208	CDS	291				IS3 family transposase ISEfa8
E745S_02209	gene	837				
E745S_02209	CDS	837				IS3 family transposase ISEfa8
E745S_02210	gene	495				
E745S_02210	CDS	495				IS3 family transposase ISEnfa3
E745S_02211	gene	408				
E745S_02211	CDS	408				hypothetical protein
E745S_02212	gene	402				
E745S_02212	CDS	402				hypothetical protein
E745S_02213	gene	372				
E745S_02213	CDS	372				hypothetical protein
E745S_02214	gene	300				
E745S_02214	CDS	300				hypothetical protein
E745S_02215	gene	222				
E745S_02215	CDS	222				hypothetical protein
E745S_02216	gene	1188				
E745S_02216	CDS	1188				IS256 family transposase IS16
E745S_02217	gene	273				
E745S_02217	CDS	273				hypothetical protein
E745S_02218	gene	924	ccpB			
E745S_02218	CDS	924	ccpB			Catabolite control protein B
E745S_02219	gene	753	mta			
E745S_02219	CDS	753	mta		COG0789	HTH-type transcriptional activator mta
E745S_02220	gene	363				
E745S_02220	CDS	363				hypothetical protein
E745S_02221	gene	1473	pncB2			
E745S_02221	CDS	1473	pncB2	6.3.4.21	COG1488	Nicotinate phosphoribosyltransferase pncB2
E745S_02222	gene	825	nadE			
E745S_02222	CDS	825	nadE	6.3.1.5	COG0171	NH(3)-dependent NAD(+) synthetase
E745S_02223	gene	891				
E745S_02223	CDS	891				hypothetical protein
E745S_02224	gene	1518	abfA_1			
E745S_02224	CDS	1518	abfA_1	3.2.1.55		Intracellular exo-alpha-(1->5)-L-arabinofuranosidase
E745S_02225	gene	1272	ugpB			
E745S_02225	CDS	1272	ugpB		COG1653	sn-glycerol-3-phosphate-binding periplasmic protein UgpB
E745S_02226	gene	897	melD			
E745S_02226	CDS	897	melD		COG1175	Melibiose/raffinose/stachyose import permease protein MelD
E745S_02227	gene	864	araQ_5			
E745S_02227	CDS	864	araQ_5		COG0395	L-arabinose transport system permease protein AraQ
E745S_02228	gene	564				
E745S_02228	CDS	564				hypothetical protein
E745S_02229	gene	1512	abfA_2			
E745S_02229	CDS	1512	abfA_2	3.2.1.55	COG3534	Intracellular exo-alpha-(1->5)-L-arabinofuranosidase 1
E745S_02230	gene	960				
E745S_02230	CDS	960		3.2.1.55	COG3940	Extracellular exo-alpha-(1->5)-L-arabinofuranosidase
E745S_02231	gene	1080	araR_2			
E745S_02231	CDS	1080	araR_2		COG1609	Arabinose metabolism transcriptional repressor
E745S_02232	gene	1401	xylT			
E745S_02232	CDS	1401	xylT			D-xylose transporter
E745S_02233	gene	1662	xylB_3			
E745S_02233	CDS	1662	xylB_3	2.7.1.17		Xylulose kinase
E745S_02234	gene	699	sgbE			
E745S_02234	CDS	699	sgbE	5.1.3.4	COG0235	L-ribulose-5-phosphate 4-epimerase SgbE
E745S_02235	gene	1425	araA			
E745S_02235	CDS	1425	araA	5.3.1.4		L-arabinose isomerase
E745S_02236	gene	1161	ghrB_2			
E745S_02236	CDS	1161	ghrB_2	1.1.1.81		Glyoxylate/hydroxypyruvate reductase B
E745S_02237	gene	1860				
E745S_02237	CDS	1860				hypothetical protein
E745S_02238	gene	435				
E745S_02238	CDS	435				hypothetical protein
E745S_02239	gene	162				
E745S_02239	CDS	162				hypothetical protein
E745S_02240	gene	1023	pgl			
E745S_02240	CDS	1023	pgl	3.1.1.31	COG2706	6-phosphogluconolactonase
E745S_02241	gene	354				
E745S_02241	CDS	354				hypothetical protein
E745S_02242	gene	1167				
E745S_02242	CDS	1167				hypothetical protein
E745S_02243	gene	621	azoR			
E745S_02243	CDS	621	azoR	1.7.1.17	COG1182	FMN-dependent NADH-azoreductase
E745S_02244	gene	297				
E745S_02244	CDS	297				hypothetical protein
E745S_02245	gene	651				
E745S_02245	CDS	651				hypothetical protein
E745S_02246	gene	1728				
E745S_02246	CDS	1728			COG1132	putative ABC transporter ATP-binding protein
E745S_02247	gene	255				
E745S_02247	CDS	255				hypothetical protein
E745S_02248	gene	1638				
E745S_02248	CDS	1638		7.6.2.-	COG1132	Fatty acid ABC transporter ATP-binding/permease protein
E745S_02249	gene	870	catE			
E745S_02249	CDS	870	catE	1.13.11.2	COG2514	Catechol-2,3-dioxygenase
E745S_02250	gene	1026	amiE			
E745S_02250	CDS	1026	amiE	3.5.1.28		N-acetylmuramyl-L-alanine amidase
E745S_02251	gene	951	gmuF			
E745S_02251	CDS	951	gmuF	5.3.1.8	COG1482	putative mannose-6-phosphate isomerase GmuF
E745S_02252	gene	393	mtlA			
E745S_02252	CDS	393	mtlA		COG2213	PTS system mannitol-specific EIICB component
E745S_02253	gene	1320				
E745S_02253	CDS	1320				hypothetical protein
E745S_02254	gene	2034	mtlR			
E745S_02254	CDS	2034	mtlR			Transcriptional regulator MtlR
E745S_02255	gene	441	mtlF_1			
E745S_02255	CDS	441	mtlF_1		COG2213	Mannitol-specific phosphotransferase enzyme IIA component
E745S_02256	gene	1128				
E745S_02256	CDS	1128				hypothetical protein
E745S_02257	gene	678	natA_1			
E745S_02257	CDS	678	natA_1	7.2.2.4	COG4555	ABC transporter ATP-binding protein NatA
E745S_02258	gene	1767				
E745S_02258	CDS	1767				hypothetical protein
E745S_02259	gene	438	mtlF_2			
E745S_02259	CDS	438	mtlF_2		COG2213	Mannitol-specific phosphotransferase enzyme IIA component
E745S_02260	gene	1152	mtlD			
E745S_02260	CDS	1152	mtlD	1.1.1.17	COG0246	Mannitol-1-phosphate 5-dehydrogenase
E745S_02261	gene	699	gatD			
E745S_02261	CDS	699	gatD	6.3.5.13	COG3442	Lipid II isoglutaminyl synthase (glutamine-hydrolyzing) subunit GatD
E745S_02262	gene	1353	murT			
E745S_02262	CDS	1353	murT	6.3.5.13	COG0769	Lipid II isoglutaminyl synthase (glutamine-hydrolyzing) subunit MurT
E745S_02263	gene	1401	ntpJ_1			
E745S_02263	CDS	1401	ntpJ_1			Potassium/sodium uptake protein NtpJ
E745S_02264	gene	738	queH			
E745S_02264	CDS	738	queH	1.17.99.6		Epoxyqueuosine reductase QueH
E745S_02265	gene	480				
E745S_02265	CDS	480				hypothetical protein
E745S_02266	gene	768				
E745S_02266	CDS	768				hypothetical protein
E745S_02267	gene	213				
E745S_02267	CDS	213				hypothetical protein
E745S_02268	gene	360	spsB			
E745S_02268	CDS	360	spsB	3.4.21.89		Signal peptidase IB
E745S_02269	gene	603	COQ5_2			
E745S_02269	CDS	603	COQ5_2	2.1.1.163		2-methoxy-6-polyprenyl-1,4-benzoquinol methylase, mitochondrial
E745S_02270	gene	231				
E745S_02270	CDS	231				hypothetical protein
E745S_02271	gene	249				
E745S_02271	CDS	249				hypothetical protein
E745S_02272	gene	597	tdk			
E745S_02272	CDS	597	tdk	2.7.1.21		Thymidine kinase
E745S_02273	gene	1074	prfA			
E745S_02273	CDS	1074	prfA		COG0216	Peptide chain release factor 1
E745S_02274	gene	840	prmC			
E745S_02274	CDS	840	prmC	2.1.1.297	COG2890	Release factor glutamine methyltransferase
E745S_02275	gene	1026	ywlC			
E745S_02275	CDS	1026	ywlC	2.7.7.87	COG0009	Threonylcarbamoyl-AMP synthase
E745S_02276	gene	162				
E745S_02276	CDS	162				hypothetical protein
E745S_02277	gene	1245	glyA			
E745S_02277	CDS	1245	glyA	2.1.2.1		Serine hydroxymethyltransferase
E745S_02278	gene	948	nlhH			
E745S_02278	CDS	948	nlhH	3.1.1.1	COG0657	Carboxylesterase NlhH
E745S_02279	gene	630	upp			
E745S_02279	CDS	630	upp	2.4.2.9		Uracil phosphoribosyltransferase
E745S_02280	gene	243				
E745S_02280	CDS	243				hypothetical protein
E745S_02281	gene	73				
E745S_02281	tRNA	73				tRNA-Thr(cgt)
E745S_02282	gene	639				
E745S_02282	CDS	639				hypothetical protein
E745S_02283	gene	633				
E745S_02283	CDS	633				hypothetical protein
E745S_02284	gene	300				
E745S_02284	CDS	300				hypothetical protein
E745S_02285	gene	2166	cna			
E745S_02285	CDS	2166	cna			Collagen adhesin
E745S_02286	gene	486	proX			
E745S_02286	CDS	486	proX		COG3760	Prolyl-tRNA editing protein ProX
E745S_02287	gene	642	yecS_2			
E745S_02287	CDS	642	yecS_2		COG0765	L-cystine transport system permease protein YecS
E745S_02288	gene	636	glnQ_2			
E745S_02288	CDS	636	glnQ_2		COG1126	Glutamine transport ATP-binding protein GlnQ
E745S_02289	gene	816	fliY			
E745S_02289	CDS	816	fliY		COG0834	L-cystine-binding protein FliY
E745S_02290	gene	1437	bglC			
E745S_02290	CDS	1437	bglC	3.2.1.86	COG2723	Aryl-phospho-beta-D-glucosidase BglC
E745S_02291	gene	2448	spoIIIE			
E745S_02291	CDS	2448	spoIIIE		COG1674	DNA translocase SpoIIIE
E745S_02292	gene	1068	rlmN			
E745S_02292	CDS	1068	rlmN	2.1.1.192		putative dual-specificity RNA methyltransferase RlmN
E745S_02293	gene	1104				
E745S_02293	CDS	1104				hypothetical protein
E745S_02294	gene	549				
E745S_02294	CDS	549				hypothetical protein
E745S_02295	gene	1662	dppE			
E745S_02295	CDS	1662	dppE		COG4166	Dipeptide-binding protein DppE
E745S_02296	gene	348				
E745S_02296	CDS	348				hypothetical protein
E745S_02297	gene	942	oppB			
E745S_02297	CDS	942	oppB		COG0601	Oligopeptide transport system permease protein OppB
E745S_02298	gene	1044	dppC			
E745S_02298	CDS	1044	dppC		COG1173	Dipeptide transport system permease protein DppC
E745S_02299	gene	1071	oppD_2			
E745S_02299	CDS	1071	oppD_2		COG0444	Oligopeptide transport ATP-binding protein OppD
E745S_02300	gene	954	oppF_2			
E745S_02300	CDS	954	oppF_2		COG4608	Oligopeptide transport ATP-binding protein OppF
E745S_02301	gene	1011				
E745S_02301	CDS	1011				IS200/IS605 family transposase ISEfa4
E745S_02302	gene	822				
E745S_02302	CDS	822				hypothetical protein
E745S_02303	gene	279				
E745S_02303	CDS	279				hypothetical protein
E745S_02304	gene	2010	metG			
E745S_02304	CDS	2010	metG	6.1.1.10		Methionine--tRNA ligase
E745S_02305	gene	588				
E745S_02305	CDS	588				hypothetical protein
E745S_02306	gene	1323	steT_2			
E745S_02306	CDS	1323	steT_2		COG0531	Serine/threonine exchanger SteT
E745S_02307	gene	777	dtd3			
E745S_02307	CDS	777	dtd3	3.1.1.96		D-aminoacyl-tRNA deacylase
E745S_02308	gene	561	rnmV			
E745S_02308	CDS	561	rnmV	3.1.26.8	COG1658	Ribonuclease M5
E745S_02309	gene	885	rsmA			
E745S_02309	CDS	885	rsmA	2.1.1.182	COG0030	Ribosomal RNA small subunit methyltransferase A
E745S_02310	gene	630	niaX			
E745S_02310	CDS	630	niaX			Niacin transporter NiaX
E745S_02311	gene	1110	msmX			
E745S_02311	CDS	1110	msmX	7.5.2.-	COG3839	Oligosaccharides import ATP-binding protein MsmX
E745S_02312	gene	423	mgsA			
E745S_02312	CDS	423	mgsA	4.2.3.3	COG1803	Methylglyoxal synthase
E745S_02313	gene	537	folT_2			
E745S_02313	CDS	537	folT_2			Folate transporter FolT
E745S_02314	gene	1764				
E745S_02314	CDS	1764			COG1132	putative ABC transporter ATP-binding protein
E745S_02315	gene	1716				
E745S_02315	CDS	1716			COG1132	putative ABC transporter ATP-binding protein
E745S_02316	gene	225				
E745S_02316	CDS	225				hypothetical protein
E745S_02317	gene	2769	dgaR_4			
E745S_02317	CDS	2769	dgaR_4			Transcriptional regulatory protein DagR
E745S_02318	gene	420	manX_4			
E745S_02318	CDS	420	manX_4	2.7.1.191		PTS system mannose-specific EIIAB component
E745S_02319	gene	471				
E745S_02319	CDS	471		2.7.1.-		putative phosphotransferase enzyme IIB component
E745S_02320	gene	780	sorA_2			
E745S_02320	CDS	780	sorA_2		COG3715	PTS system sorbose-specific EIIC component
E745S_02321	gene	822	manZ_5			
E745S_02321	CDS	822	manZ_5		COG3716	PTS system mannose-specific EIID component
E745S_02322	gene	1050	nodM			
E745S_02322	CDS	1050	nodM	2.6.1.16		Glutamine--fructose-6-phosphate aminotransferase [isomerizing]
E745S_02323	gene	1005	frlB_1			
E745S_02323	CDS	1005	frlB_1	3.5.-.-	COG2222	Fructosamine deglycase FrlB
E745S_02324	gene	1020	gpsA_1			
E745S_02324	CDS	1020	gpsA_1	1.1.1.94	COG0240	Glycerol-3-phosphate dehydrogenase [NAD(P)+]
E745S_02325	gene	1251				
E745S_02325	CDS	1251				IS110 family transposase ISSpn10
E745S_02326	gene	882	gtaB_1			
E745S_02326	CDS	882	gtaB_1	2.7.7.9	COG1210	UTP--glucose-1-phosphate uridylyltransferase
E745S_02327	gene	378				
E745S_02327	CDS	378				hypothetical protein
E745S_02328	gene	615				
E745S_02328	CDS	615				hypothetical protein
E745S_02329	gene	1740				
E745S_02329	CDS	1740				hypothetical protein
E745S_02330	gene	1185	iadA			
E745S_02330	CDS	1185	iadA	3.4.19.-		Isoaspartyl dipeptidase
E745S_02331	gene	204				
E745S_02331	CDS	204				hypothetical protein
E745S_02332	gene	663	lolD_2			
E745S_02332	CDS	663	lolD_2	3.6.3.-	COG1136	Lipoprotein-releasing system ATP-binding protein LolD
E745S_02333	gene	1503				
E745S_02333	CDS	1503				hypothetical protein
E745S_02334	gene	1680	rnj2			
E745S_02334	CDS	1680	rnj2	3.1.-.-		Ribonuclease J 2
E745S_02335	gene	477	ybaK_2			
E745S_02335	CDS	477	ybaK_2	4.2.-.-	COG2606	Cys-tRNA(Pro)/Cys-tRNA(Cys) deacylase YbaK
E745S_02336	gene	681				
E745S_02336	CDS	681				hypothetical protein
E745S_02337	gene	1332	IMPDH			
E745S_02337	CDS	1332	IMPDH	1.1.1.205		Inosine-5'-monophosphate dehydrogenase
E745S_02338	gene	963	nrnA			
E745S_02338	CDS	963	nrnA	3.1.-.-	COG0618	putative bifunctional oligoribonuclease and PAP phosphatase NrnA
E745S_02339	gene	339				
E745S_02339	CDS	339				hypothetical protein
E745S_02340	gene	708				
E745S_02340	CDS	708				hypothetical protein
E745S_02341	gene	1482				
E745S_02341	CDS	1482				hypothetical protein
E745S_02342	gene	534				
E745S_02342	CDS	534				hypothetical protein
E745S_02343	gene	1371	rsmF			
E745S_02343	CDS	1371	rsmF	2.1.1.-	COG0144	Ribosomal RNA small subunit methyltransferase F
E745S_02344	gene	336				
E745S_02344	CDS	336				hypothetical protein
E745S_02345	gene	858	lrp			
E745S_02345	CDS	858	lrp			Leucine-rich protein
E745S_02346	gene	516	tadA_2			
E745S_02346	CDS	516	tadA_2	3.5.4.33	COG0590	tRNA-specific adenosine deaminase
E745S_02347	gene	255				
E745S_02347	CDS	255				hypothetical protein
E745S_02348	gene	1386				
E745S_02348	CDS	1386				hypothetical protein
E745S_02349	gene	678				
E745S_02349	CDS	678				hypothetical protein
E745S_02350	gene	765	yutF			
E745S_02350	CDS	765	yutF	3.1.3.-	COG0647	Acid sugar phosphatase
E745S_02351	gene	660				
E745S_02351	CDS	660				hypothetical protein
E745S_02352	gene	510	ypjQ			
E745S_02352	CDS	510	ypjQ		COG1267	putative protein YpjQ
E745S_02353	gene	999	yumC			
E745S_02353	CDS	999	yumC	1.18.1.2	COG0492	Ferredoxin--NADP reductase 2
E745S_02354	gene	585				
E745S_02354	CDS	585		5.2.1.8		Putative peptidyl-prolyl cis-trans isomerase
E745S_02355	gene	1176	patB			
E745S_02355	CDS	1176	patB	4.4.1.13	COG1168	Cystathionine beta-lyase PatB
E745S_02356	gene	381	yugI			
E745S_02356	CDS	381	yugI		COG1098	General stress protein 13
E745S_02357	gene	363				
E745S_02357	CDS	363				hypothetical protein
E745S_02358	gene	76				
E745S_02358	tRNA	76				tRNA-Asn(gtt)
E745S_02359	gene	837				
E745S_02359	CDS	837				IS3 family transposase IS1485
E745S_02360	gene	291				
E745S_02360	CDS	291				IS3 family transposase IS1485
E745S_02361	gene	375				
E745S_02361	CDS	375				hypothetical protein
E745S_02362	gene	630	menH_2			
E745S_02362	CDS	630	menH_2	4.2.99.20		2-succinyl-6-hydroxy-2,4-cyclohexadiene-1-carboxylate synthase
E745S_02363	gene	73				
E745S_02363	tRNA	73				tRNA-Thr(ggt)
E745S_02364	gene	76				
E745S_02364	tRNA	76				tRNA-Asn(gtt)
E745S_02365	gene	165				
E745S_02365	CDS	165				hypothetical protein
E745S_02366	gene	1329	pepC			
E745S_02366	CDS	1329	pepC	3.4.22.40	COG3579	Aminopeptidase C
E745S_02367	gene	834				
E745S_02367	CDS	834		2.7.1.-		putative ketoamine kinase
E745S_02368	gene	738				
E745S_02368	CDS	738				hypothetical protein
E745S_02369	gene	969	ansA			
E745S_02369	CDS	969	ansA	3.5.1.1	COG0252	L-asparaginase
E745S_02370	gene	834				
E745S_02370	CDS	834				hypothetical protein
E745S_02371	gene	840	yhaX			
E745S_02371	CDS	840	yhaX		COG0561	Stress response protein YhaX
E745S_02372	gene	561				
E745S_02372	CDS	561				hypothetical protein
E745S_02373	gene	1722	ezrA			
E745S_02373	CDS	1722	ezrA		COG4477	Septation ring formation regulator EzrA
E745S_02374	gene	1143	iscS_2			
E745S_02374	CDS	1143	iscS_2	2.8.1.7	COG1104	Cysteine desulfurase IscS
E745S_02375	gene	576	thiI_1			
E745S_02375	CDS	576	thiI_1	2.8.1.4	COG0301	putative tRNA sulfurtransferase
E745S_02376	gene	621	thiI_2			
E745S_02376	CDS	621	thiI_2	2.8.1.4	COG0301	putative tRNA sulfurtransferase
E745S_02377	gene	648	rex_1			
E745S_02377	CDS	648	rex_1		COG2344	Redox-sensing transcriptional repressor Rex
E745S_02378	gene	2646	valS			
E745S_02378	CDS	2646	valS	6.1.1.9	COG0525	Valine--tRNA ligase
E745S_02379	gene	1314	fpgS			
E745S_02379	CDS	1314	fpgS	6.3.2.17		Folylpolyglutamate synthase
E745S_02380	gene	654				
E745S_02380	CDS	654		3.1.3.-	COG0637	Phosphorylated carbohydrates phosphatase
E745S_02381	gene	693				
E745S_02381	CDS	693				hypothetical protein
E745S_02382	gene	201	cspLA_1			
E745S_02382	CDS	201	cspLA_1		COG1278	Cold shock-like protein CspLA
E745S_02383	gene	1680	rnj1			
E745S_02383	CDS	1680	rnj1	3.1.-.-		Ribonuclease J 1
E745S_02384	gene	213				
E745S_02384	CDS	213				hypothetical protein
E745S_02385	gene	1731				
E745S_02385	CDS	1731			COG1132	putative ABC transporter ATP-binding protein
E745S_02386	gene	1761				
E745S_02386	CDS	1761			COG1132	putative ABC transporter ATP-binding protein
E745S_02387	gene	198				
E745S_02387	CDS	198				hypothetical protein
E745S_02388	gene	486	yrdA			
E745S_02388	CDS	486	yrdA		COG0663	Protein YrdA
E745S_02389	gene	594	clpP_2			
E745S_02389	CDS	594	clpP_2	3.4.21.92	COG0740	ATP-dependent Clp protease proteolytic subunit
E745S_02390	gene	528				
E745S_02390	CDS	528				hypothetical protein
E745S_02391	gene	738	glpQ			
E745S_02391	CDS	738	glpQ	3.1.4.46	COG0584	Glycerophosphodiester phosphodiesterase
E745S_02392	gene	918	miaA			
E745S_02392	CDS	918	miaA	2.5.1.75	COG0324	tRNA dimethylallyltransferase
E745S_02393	gene	1230	hflX			
E745S_02393	CDS	1230	hflX		COG2262	GTPase HflX
E745S_02394	gene	954				
E745S_02394	CDS	954			COG2826	IS30 family transposase IS1252
E745S_02395	gene	408				
E745S_02395	CDS	408				hypothetical protein
E745S_02396	gene	1224	cdr_2			
E745S_02396	CDS	1224	cdr_2	1.8.1.14		Coenzyme A disulfide reductase
E745S_02397	gene	900	rhaR_6			
E745S_02397	CDS	900	rhaR_6			HTH-type transcriptional activator RhaR
E745S_02398	gene	1125	araN_2			
E745S_02398	CDS	1125	araN_2		COG1653	putative arabinose-binding protein
E745S_02399	gene	918	lacF_5			
E745S_02399	CDS	918	lacF_5			Lactose transport system permease protein LacF
E745S_02400	gene	834	lacG_3			
E745S_02400	CDS	834	lacG_3			Lactose transport system permease protein LacG
E745S_02401	gene	1119	ugl_1			
E745S_02401	CDS	1119	ugl_1	3.2.1.179		Unsaturated glucuronyl hydrolase
E745S_02402	gene	1872				
E745S_02402	CDS	1872				hypothetical protein
E745S_02403	gene	1224	ugl_2			
E745S_02403	CDS	1224	ugl_2	3.2.1.180		Unsaturated chondroitin disaccharide hydrolase
E745S_02404	gene	1935	yheS			
E745S_02404	CDS	1935	yheS		COG0488	putative ABC transporter ATP-binding protein YheS
E745S_02405	gene	657	rex_2			
E745S_02405	CDS	657	rex_2		COG2344	Redox-sensing transcriptional repressor Rex
E745S_02406	gene	354				
E745S_02406	CDS	354				hypothetical protein
E745S_02407	gene	930				
E745S_02407	CDS	930			COG0701	Putative two-component membrane permease complex subunit SMU_747c
E745S_02408	gene	837				
E745S_02408	CDS	837			COG3689	Putative two-component membrane permease complex subunit SMU_746c
E745S_02409	gene	777				
E745S_02409	CDS	777				hypothetical protein
E745S_02410	gene	744	natA_2			
E745S_02410	CDS	744	natA_2	7.2.2.4	COG4555	ABC transporter ATP-binding protein NatA
E745S_02411	gene	1581				
E745S_02411	CDS	1581				hypothetical protein
E745S_02412	gene	480				
E745S_02412	CDS	480				hypothetical protein
E745S_02413	gene	753				
E745S_02413	CDS	753				hypothetical protein
E745S_02414	gene	71				
E745S_02414	tRNA	71				tRNA-Gly(ccc)
E745S_02415	gene	726	endA			
E745S_02415	CDS	726	endA	3.1.30.-		DNA-entry nuclease
E745S_02416	gene	267				
E745S_02416	CDS	267				hypothetical protein
E745S_02417	gene	432	yrrK			
E745S_02417	CDS	432	yrrK	3.1.-.-	COG0816	Putative pre-16S rRNA nuclease
E745S_02418	gene	306				
E745S_02418	CDS	306				hypothetical protein
E745S_02419	gene	1146	xerC_10			
E745S_02419	CDS	1146	xerC_10			Tyrosine recombinase XerC
E745S_02420	gene	648				
E745S_02420	CDS	648				hypothetical protein
E745S_02421	gene	294				
E745S_02421	CDS	294				hypothetical protein
E745S_02422	gene	312				
E745S_02422	CDS	312				hypothetical protein
E745S_02423	gene	240				
E745S_02423	CDS	240				hypothetical protein
E745S_02424	gene	405				
E745S_02424	CDS	405				hypothetical protein
E745S_02425	gene	159				
E745S_02425	CDS	159				hypothetical protein
E745S_02426	gene	363				
E745S_02426	CDS	363				hypothetical protein
E745S_02427	gene	849				
E745S_02427	CDS	849				hypothetical protein
E745S_02428	gene	1476				
E745S_02428	CDS	1476				hypothetical protein
E745S_02429	gene	408				
E745S_02429	CDS	408				hypothetical protein
E745S_02430	gene	216				
E745S_02430	CDS	216				hypothetical protein
E745S_02431	gene	474				
E745S_02431	CDS	474				hypothetical protein
E745S_02432	gene	1695				
E745S_02432	CDS	1695				hypothetical protein
E745S_02433	gene	186				
E745S_02433	CDS	186				hypothetical protein
E745S_02434	gene	1176				
E745S_02434	CDS	1176				hypothetical protein
E745S_02435	gene	1392				
E745S_02435	CDS	1392				hypothetical protein
E745S_02436	gene	285				
E745S_02436	CDS	285				hypothetical protein
E745S_02437	gene	336				
E745S_02437	CDS	336				hypothetical protein
E745S_02438	gene	627				
E745S_02438	CDS	627				hypothetical protein
E745S_02439	gene	837				
E745S_02439	CDS	837				hypothetical protein
E745S_02440	gene	423				
E745S_02440	CDS	423				hypothetical protein
E745S_02441	gene	1323	citS			
E745S_02441	CDS	1323	citS		COG3493	Citrate-sodium symporter
E745S_02442	gene	1641	mleS			
E745S_02442	CDS	1641	mleS	4.1.1.101	COG0281	Malolactic enzyme
E745S_02443	gene	471				
E745S_02443	CDS	471				hypothetical protein
E745S_02444	gene	1104	hmo			
E745S_02444	CDS	1104	hmo	1.1.3.46		4-hydroxymandelate oxidase
E745S_02445	gene	681				
E745S_02445	CDS	681				hypothetical protein
E745S_02446	gene	1035				
E745S_02446	CDS	1035				hypothetical protein
E745S_02447	gene	336				
E745S_02447	CDS	336				hypothetical protein
E745S_02448	gene	2481				
E745S_02448	CDS	2481				hypothetical protein
E745S_02449	gene	1509				
E745S_02449	CDS	1509				hypothetical protein
E745S_02450	gene	1365	nox_2			
E745S_02450	CDS	1365	nox_2	1.6.99.3	COG0446	NADH oxidase
E745S_02451	gene	1071				
E745S_02451	CDS	1071			COG0577	putative ABC transporter permease
E745S_02452	gene	669	hrtA_2			
E745S_02452	CDS	669	hrtA_2	3.6.3.-	COG1136	Putative hemin import ATP-binding protein HrtA
E745S_02453	gene	579				
E745S_02453	CDS	579				hypothetical protein
E745S_02454	gene	912				
E745S_02454	CDS	912				hypothetical protein
E745S_02455	gene	918	rnhC			
E745S_02455	CDS	918	rnhC	3.1.26.4	COG1039	Ribonuclease HIII
E745S_02456	gene	438	zapA			
E745S_02456	CDS	438	zapA			Cell division protein ZapA
E745S_02457	gene	549				
E745S_02457	CDS	549				hypothetical protein
E745S_02458	gene	2361	mutS2_2			
E745S_02458	CDS	2361	mutS2_2	3.1.-.-		Endonuclease MutS2
E745S_02459	gene	315	trxA			
E745S_02459	CDS	315	trxA		COG0526	Thioredoxin
E745S_02460	gene	1779	uvrC_2			
E745S_02460	CDS	1779	uvrC_2		COG0322	UvrABC system protein C
E745S_02461	gene	900	btuD_5			
E745S_02461	CDS	900	btuD_5	7.6.2.8		Vitamin B12 import ATP-binding protein BtuD
E745S_02462	gene	1263	yhaP			
E745S_02462	CDS	1263	yhaP		COG1668	putative protein YhaP
E745S_02463	gene	1899	fbp			
E745S_02463	CDS	1899	fbp	3.1.3.11	COG3855	Fructose-1,6-bisphosphatase class 3
E745S_02464	gene	720	puuD			
E745S_02464	CDS	720	puuD	3.5.1.94	COG2071	Gamma-glutamyl-gamma-aminobutyrate hydrolase PuuD
E745S_02465	gene	324				
E745S_02465	CDS	324				hypothetical protein
E745S_02466	gene	2004				
E745S_02466	CDS	2004				hypothetical protein
E745S_02467	gene	471	ntpK			
E745S_02467	CDS	471	ntpK			V-type sodium ATPase subunit K
E745S_02468	gene	585	atpE_1			
E745S_02468	CDS	585	atpE_1			V-type proton ATPase subunit E
E745S_02469	gene	987	ntpC			
E745S_02469	CDS	987	ntpC			V-type sodium ATPase subunit C
E745S_02470	gene	312	ntpG			
E745S_02470	CDS	312	ntpG			V-type sodium ATPase subunit G
E745S_02471	gene	1782	ntpA			
E745S_02471	CDS	1782	ntpA	7.2.2.1		V-type sodium ATPase catalytic subunit A
E745S_02472	gene	1377	ntpB			
E745S_02472	CDS	1377	ntpB			V-type sodium ATPase subunit B
E745S_02473	gene	636	ntpD			
E745S_02473	CDS	636	ntpD			V-type sodium ATPase subunit D
E745S_02474	gene	1356	ntpJ_2			
E745S_02474	CDS	1356	ntpJ_2			Potassium/sodium uptake protein NtpJ
E745S_02475	gene	1395	hisC			
E745S_02475	CDS	1395	hisC	2.6.1.9		Histidinol-phosphate aminotransferase
E745S_02476	gene	972	lhpI			
E745S_02476	CDS	972	lhpI	1.5.1.49	COG2423	Delta(1)-pyrroline-2-carboxylate reductase
E745S_02477	gene	783	yddE			
E745S_02477	CDS	783	yddE	5.1.-.-	COG0384	putative isomerase YddE
E745S_02478	gene	372	gloA			
E745S_02478	CDS	372	gloA	4.4.1.5	COG0346	Lactoylglutathione lyase
E745S_02479	gene	444				
E745S_02479	CDS	444				hypothetical protein
E745S_02480	gene	810	yidA_3			
E745S_02480	CDS	810	yidA_3	3.1.3.23	COG0561	Sugar phosphatase YidA
E745S_02481	gene	1368				
E745S_02481	CDS	1368				hypothetical protein
E745S_02482	gene	831	lipL			
E745S_02482	CDS	831	lipL	2.3.1.204	COG0095	Octanoyl-[GcvH]:protein N-octanoyltransferase
E745S_02483	gene	438				
E745S_02483	CDS	438				hypothetical protein
E745S_02484	gene	621	rpoE			
E745S_02484	CDS	621	rpoE			putative DNA-directed RNA polymerase subunit delta
E745S_02485	gene	507	sigV			
E745S_02485	CDS	507	sigV		COG1595	RNA polymerase sigma factor SigV
E745S_02486	gene	900	rsiV			
E745S_02486	CDS	900	rsiV			Anti-sigma-V factor RsiV
E745S_02487	gene	885				
E745S_02487	CDS	885				hypothetical protein
E745S_02488	gene	74				
E745S_02488	tRNA	74				tRNA-Arg(ccg)
E745S_02489	gene	1335	rpoN1			
E745S_02489	CDS	1335	rpoN1		COG1508	RNA polymerase sigma-54 factor 1
E745S_02490	gene	1038	cggR			
E745S_02490	CDS	1038	cggR		COG2390	Central glycolytic genes regulator
E745S_02491	gene	1002	gap_2			
E745S_02491	CDS	1002	gap_2	1.2.1.12		Glyceraldehyde-3-phosphate dehydrogenase
E745S_02492	gene	1191	pgk			
E745S_02492	CDS	1191	pgk	2.7.2.3		Phosphoglycerate kinase
E745S_02493	gene	756	tpiA			
E745S_02493	CDS	756	tpiA	5.3.1.1	COG0149	Triosephosphate isomerase
E745S_02494	gene	1299	eno			
E745S_02494	CDS	1299	eno	4.2.1.11		Enolase
E745S_02495	gene	537				
E745S_02495	CDS	537				hypothetical protein
E745S_02496	gene	807				
E745S_02496	CDS	807				IS3 family transposase ISEnfa3
E745S_02497	gene	1014				
E745S_02497	CDS	1014				ISL3 family transposase ISEfa11
E745S_02498	gene	1140	dapE			
E745S_02498	CDS	1140	dapE	3.5.1.18		putative succinyl-diaminopimelate desuccinylase
E745S_02499	gene	576				
E745S_02499	CDS	576				hypothetical protein
E745S_02500	gene	975	rihB			
E745S_02500	CDS	975	rihB	3.2.2.8	COG1957	Pyrimidine-specific ribonucleoside hydrolase RihB
E745S_02501	gene	969	menH_3			
E745S_02501	CDS	969	menH_3	4.2.99.20		2-succinyl-6-hydroxy-2,4-cyclohexadiene-1-carboxylate synthase
E745S_02502	gene	279	yjdJ			
E745S_02502	CDS	279	yjdJ		COG2388	putative protein YjdJ
E745S_02503	gene	237	secG			
E745S_02503	CDS	237	secG		COG1314	putative protein-export membrane protein SecG
E745S_02504	gene	756	est			
E745S_02504	CDS	756	est	3.1.1.1		Carboxylesterase
E745S_02505	gene	2358	rnr			
E745S_02505	CDS	2358	rnr	3.1.13.1	COG0557	Ribonuclease R
E745S_02506	gene	465	smpB			
E745S_02506	CDS	465	smpB		COG0691	SsrA-binding protein
E745S_02507	gene	720	atpB			
E745S_02507	CDS	720	atpB			ATP synthase subunit a
E745S_02508	gene	216	atpE_2			
E745S_02508	CDS	216	atpE_2			ATP synthase subunit c
E745S_02509	gene	525	atpF			
E745S_02509	CDS	525	atpF		COG0711	ATP synthase subunit b
E745S_02510	gene	543	atpH			
E745S_02510	CDS	543	atpH		COG0712	ATP synthase subunit delta
E745S_02511	gene	1557	atpA			
E745S_02511	CDS	1557	atpA	7.1.2.2	COG0056	ATP synthase subunit alpha
E745S_02512	gene	903	atpG			
E745S_02512	CDS	903	atpG		COG0224	ATP synthase gamma chain
E745S_02513	gene	1407	atpD			
E745S_02513	CDS	1407	atpD	7.1.2.2	COG0055	ATP synthase subunit beta
E745S_02514	gene	423	atpC			
E745S_02514	CDS	423	atpC		COG0355	ATP synthase epsilon chain
E745S_02515	gene	231				
E745S_02515	CDS	231				hypothetical protein
E745S_02516	gene	1302	murA1_2			
E745S_02516	CDS	1302	murA1_2	2.5.1.7	COG0766	UDP-N-acetylglucosamine 1-carboxyvinyltransferase 1
E745S_02517	gene	177				
E745S_02517	CDS	177				hypothetical protein
E745S_02518	gene	297				
E745S_02518	CDS	297			COG0759	Putative membrane protein insertion efficiency factor
E745S_02519	gene	468	yvbK			
E745S_02519	CDS	468	yvbK	2.3.1.-		putative N-acetyltransferase YvbK
E745S_02520	gene	885	bglK			
E745S_02520	CDS	885	bglK	2.7.1.85	COG1940	Beta-glucoside kinase
E745S_02521	gene	237				
E745S_02521	CDS	237				hypothetical protein
E745S_02522	gene	81				
E745S_02522	tRNA	81				tRNA-Tyr(gta)
E745S_02523	gene	74				
E745S_02523	tRNA	74				tRNA-Gln(ttg)
E745S_02524	gene	171				
E745S_02524	CDS	171				hypothetical protein
E745S_02525	gene	708	nagR_1			
E745S_02525	CDS	708	nagR_1		COG2188	HTH-type transcriptional repressor NagR
E745S_02526	gene	645	yigZ			
E745S_02526	CDS	645	yigZ		COG1739	IMPACT family member YigZ
E745S_02527	gene	288				
E745S_02527	CDS	288				hypothetical protein
E745S_02528	gene	321	ptcB_2			
E745S_02528	CDS	321	ptcB_2	2.7.1.204	COG1440	PTS system galactose-specific EIIB component
E745S_02529	gene	1314	comFA			
E745S_02529	CDS	1314	comFA	3.6.4.12	COG4098	ComF operon protein 1
E745S_02530	gene	720				
E745S_02530	CDS	720				hypothetical protein
E745S_02531	gene	552	hpf			
E745S_02531	CDS	552	hpf			Ribosome hibernation promotion factor
E745S_02532	gene	2535	secA			
E745S_02532	CDS	2535	secA		COG0653	Protein translocase subunit SecA
E745S_02533	gene	984	prfB			
E745S_02533	CDS	984	prfB			Peptide chain release factor 2
E745S_02534	gene	687	ftsE			
E745S_02534	CDS	687	ftsE		COG2884	Cell division ATP-binding protein FtsE
E745S_02535	gene	894	ftsX			
E745S_02535	CDS	894	ftsX		COG2177	Cell division protein FtsX
E745S_02536	gene	1449	clsA_2			
E745S_02536	CDS	1449	clsA_2	2.7.8.-	COG1502	Major cardiolipin synthase ClsA
E745S_02537	gene	858	pstS1_1			
E745S_02537	CDS	858	pstS1_1		COG0226	Phosphate-binding protein PstS 1
E745S_02538	gene	921				
E745S_02538	CDS	921				hypothetical protein
E745S_02539	gene	885				
E745S_02539	CDS	885				hypothetical protein
E745S_02540	gene	807	pstB3_1			
E745S_02540	CDS	807	pstB3_1	7.3.2.1	COG1117	Phosphate import ATP-binding protein PstB 3
E745S_02541	gene	759	pstB3_2			
E745S_02541	CDS	759	pstB3_2	7.3.2.1	COG1117	Phosphate import ATP-binding protein PstB 3
E745S_02542	gene	678	phoU			
E745S_02542	CDS	678	phoU		COG0704	Phosphate-specific transport system accessory protein PhoU 
E745S_02543	gene	1032				
E745S_02543	CDS	1032				hypothetical protein
E745S_02544	gene	768				
E745S_02544	CDS	768				hypothetical protein
E745S_02545	gene	1569				
E745S_02545	CDS	1569				hypothetical protein
E745S_02546	gene	321				
E745S_02546	CDS	321				hypothetical protein
E745S_02547	gene	351				
E745S_02547	CDS	351				hypothetical protein
E745S_02548	gene	1296				
E745S_02548	CDS	1296				ISL3 family transposase ISEfa5
E745S_02549	gene	939	hprK			
E745S_02549	CDS	939	hprK	2.7.11.-	COG1493	HPr kinase/phosphorylase
E745S_02550	gene	831	lgt			
E745S_02550	CDS	831	lgt	2.5.1.145	COG0682	Phosphatidylglycerol--prolipoprotein diacylglyceryl transferase
E745S_02551	gene	1026	gpsA_2			
E745S_02551	CDS	1026	gpsA_2	1.1.1.94	COG0240	Glycerol-3-phosphate dehydrogenase [NAD(P)+]
E745S_02552	gene	939	gtaB_2			
E745S_02552	CDS	939	gtaB_2	2.7.7.9	COG1210	UTP--glucose-1-phosphate uridylyltransferase
E745S_02553	gene	441				
E745S_02553	CDS	441				hypothetical protein
E745S_02554	gene	603				
E745S_02554	CDS	603				hypothetical protein
E745S_02555	gene	1107	pepQ			
E745S_02555	CDS	1107	pepQ	3.4.13.9	COG0006	Xaa-Pro dipeptidase
E745S_02556	gene	1002	ccpA_2			
E745S_02556	CDS	1002	ccpA_2		COG1609	Catabolite control protein A
E745S_02557	gene	2346	ponA_2			
E745S_02557	CDS	2346	ponA_2		COG0744	Penicillin-binding protein 1A/1B
E745S_02558	gene	903	nfo			
E745S_02558	CDS	903	nfo	3.1.21.2	COG0648	putative endonuclease 4
E745S_02559	gene	1188				
E745S_02559	CDS	1188				IS110 family transposase ISBth13
E745S_02560	gene	1776				
E745S_02560	CDS	1776				hypothetical protein
E745S_02561	gene	1587	mntH			
E745S_02561	CDS	1587	mntH			Divalent metal cation transporter MntH
E745S_02562	gene	225				
E745S_02562	CDS	225				hypothetical protein
E745S_02563	gene	1752	yheI			
E745S_02563	CDS	1752	yheI	3.6.3.-	COG1132	putative multidrug resistance ABC transporter ATP-binding/permease protein YheI
E745S_02564	gene	1785	yheH			
E745S_02564	CDS	1785	yheH	3.6.3.-	COG1132	putative multidrug resistance ABC transporter ATP-binding/permease protein YheH
E745S_02565	gene	852	licT_3			
E745S_02565	CDS	852	licT_3		COG3711	Transcription antiterminator LicT
E745S_02566	gene	1887	bglF_3			
E745S_02566	CDS	1887	bglF_3		COG1263	PTS system beta-glucoside-specific EIIBCA component
E745S_02567	gene	903	murR_2			
E745S_02567	CDS	903	murR_2			HTH-type transcriptional regulator MurR
E745S_02568	gene	1404	licH			
E745S_02568	CDS	1404	licH	3.2.1.86	COG1486	putative 6-phospho-beta-glucosidase
E745S_02569	gene	1434	bglH_2			
E745S_02569	CDS	1434	bglH_2	3.2.1.86	COG2723	Aryl-phospho-beta-D-glucosidase BglH
E745S_02570	gene	927	trxB			
E745S_02570	CDS	927	trxB	1.8.1.9	COG0492	Thioredoxin reductase
E745S_02571	gene	1728	pgcA			
E745S_02571	CDS	1728	pgcA	5.4.2.2		Phosphoglucomutase
E745S_02572	gene	294	czrA			
E745S_02572	CDS	294	czrA		COG0640	HTH-type transcriptional repressor CzrA
E745S_02573	gene	861	yqfL			
E745S_02573	CDS	861	yqfL	2.7.11.32	COG1806	Putative pyruvate, phosphate dikinase regulatory protein
E745S_02574	gene	429	zur			
E745S_02574	CDS	429	zur		COG0735	Zinc-specific metallo-regulatory protein
E745S_02575	gene	177	rpsU			
E745S_02575	CDS	177	rpsU		COG0828	30S ribosomal protein S21
E745S_02576	gene	447	yqeY			
E745S_02576	CDS	447	yqeY		COG1610	putative protein YqeY
E745S_02577	gene	1380	brnQ_2			
E745S_02577	CDS	1380	brnQ_2		COG1114	Branched-chain amino acid transport system 2 carrier protein
E745S_02578	gene	972				
E745S_02578	CDS	972			COG1702	PhoH-like protein
E745S_02579	gene	2193	pgpH			
E745S_02579	CDS	2193	pgpH	3.1.4.59		Cyclic-di-AMP phosphodiesterase PgpH
E745S_02580	gene	462	ybeY			
E745S_02580	CDS	462	ybeY	3.1.-.-	COG0319	Endoribonuclease YbeY
E745S_02581	gene	396	dgkA			
E745S_02581	CDS	396	dgkA	2.7.1.66	COG0818	Undecaprenol kinase
E745S_02582	gene	900	era			
E745S_02582	CDS	900	era		COG1159	GTPase Era
E745S_02583	gene	813	recO			
E745S_02583	CDS	813	recO		COG1381	DNA repair protein RecO
E745S_02584	gene	918	glyQ			
E745S_02584	CDS	918	glyQ	6.1.1.14	COG0752	Glycine--tRNA ligase alpha subunit
E745S_02585	gene	2076	glyS			
E745S_02585	CDS	2076	glyS	6.1.1.14	COG0751	Glycine--tRNA ligase beta subunit
E745S_02586	gene	780				
E745S_02586	CDS	780				hypothetical protein
E745S_02587	gene	945	tagU_3			
E745S_02587	CDS	945	tagU_3	2.7.8.-	COG1316	Polyisoprenyl-teichoic acid--peptidoglycan teichoic acid transferase TagU
E745S_02588	gene	780	ywqC			
E745S_02588	CDS	780	ywqC		COG3944	putative capsular polysaccharide biosynthesis protein YwqC
E745S_02589	gene	699	ywqD			
E745S_02589	CDS	699	ywqD	2.7.10.2	COG0489	Tyrosine-protein kinase YwqD
E745S_02590	gene	765	ywqE			
E745S_02590	CDS	765	ywqE	3.1.3.48	COG4464	Tyrosine-protein phosphatase YwqE
E745S_02591	gene	1818	pglF			
E745S_02591	CDS	1818	pglF	4.2.1.135	COG1086	UDP-N-acetyl-alpha-D-glucosamine C6 dehydratase
E745S_02592	gene	966				
E745S_02592	CDS	966				hypothetical protein
E745S_02593	gene	696	gph_2			
E745S_02593	CDS	696	gph_2	3.1.3.18		Phosphoglycolate phosphatase
E745S_02594	gene	1119	epsN			
E745S_02594	CDS	1119	epsN	2.6.1.-	COG0399	Putative pyridoxal phosphate-dependent aminotransferase EpsN
E745S_02595	gene	621	epsL			
E745S_02595	CDS	621	epsL	2.-.-.-	COG2148	putative sugar transferase EpsL
E745S_02596	gene	1101	pglA			
E745S_02596	CDS	1101	pglA	2.4.1.290		N,N'-diacetylbacillosaminyl-diphospho-undecaprenol alpha-1,3-N-acetylgalactosaminyltransferase
E745S_02597	gene	246				
E745S_02597	CDS	246				hypothetical protein
E745S_02598	gene	1002				
E745S_02598	CDS	1002				hypothetical protein
E745S_02599	gene	975				
E745S_02599	CDS	975				hypothetical protein
E745S_02600	gene	1080	pglH_2			
E745S_02600	CDS	1080	pglH_2	2.4.1.292	COG0438	GalNAc-alpha-(1->4)-GalNAc-alpha-(1->3)-diNAcBac-PP-undecaprenol alpha-1,4-N-acetyl-D-galactosaminyltransferase
E745S_02601	gene	699				
E745S_02601	CDS	699				hypothetical protein
E745S_02602	gene	696				
E745S_02602	CDS	696				hypothetical protein
E745S_02603	gene	1494				
E745S_02603	CDS	1494				hypothetical protein
E745S_02604	gene	1173				
E745S_02604	CDS	1173				IS256 family transposase IS256
E745S_02605	gene	1092	wbgU_2			
E745S_02605	CDS	1092	wbgU_2	5.1.3.7		UDP-N-acetylglucosamine 4-epimerase
E745S_02606	gene	1479	ugd			
E745S_02606	CDS	1479	ugd	1.1.1.22	COG1004	UDP-glucose 6-dehydrogenase
E745S_02607	gene	750	glvR			
E745S_02607	CDS	750	glvR		COG1737	HTH-type transcriptional regulator GlvR
E745S_02608	gene	951	pfkB			
E745S_02608	CDS	951	pfkB	2.7.1.11	COG1105	ATP-dependent 6-phosphofructokinase isozyme 2
E745S_02609	gene	1464	fruA_5			
E745S_02609	CDS	1464	fruA_5		COG1299	PTS system fructose-specific EIIABC component
E745S_02610	gene	459	mngA			
E745S_02610	CDS	459	mngA		COG1299	PTS system 2-O-alpha-mannosyl-D-glycerate-specific EIIABC component
E745S_02611	gene	975	lacD2			
E745S_02611	CDS	975	lacD2	4.1.2.40	COG3684	Tagatose 1,6-diphosphate aldolase 2
E745S_02612	gene	951	yidC			
E745S_02612	CDS	951	yidC			Membrane protein insertase YidC
E745S_02613	gene	276	acyP			
E745S_02613	CDS	276	acyP	3.6.1.7	COG1254	Acylphosphatase
E745S_02614	gene	765				
E745S_02614	CDS	765		2.1.1.-		Putative TrmH family tRNA/rRNA methyltransferase
E745S_02615	gene	504				
E745S_02615	CDS	504				hypothetical protein
E745S_02616	gene	642				
E745S_02616	CDS	642				hypothetical protein
E745S_02617	gene	1269	eriC			
E745S_02617	CDS	1269	eriC		COG0038	Chloride/fluoride channel protein
E745S_02618	gene	1200				
E745S_02618	CDS	1200				hypothetical protein
E745S_02619	gene	1308	dacA			
E745S_02619	CDS	1308	dacA	3.4.16.4	COG1686	D-alanyl-D-alanine carboxypeptidase DacA
E745S_02620	gene	123				
E745S_02620	CDS	123				hypothetical protein
E745S_02621	gene	1119				
E745S_02621	CDS	1119				hypothetical protein
E745S_02622	gene	321				
E745S_02622	CDS	321				hypothetical protein
E745S_02623	gene	165				
E745S_02623	CDS	165				hypothetical protein
E745S_02624	gene	201	cspLA_2			
E745S_02624	CDS	201	cspLA_2		COG1278	Cold shock-like protein CspLA
E745S_02625	gene	2790	dinG_2			
E745S_02625	CDS	2790	dinG_2	3.1.-.-		3'-5' exonuclease DinG
E745S_02626	gene	504				
E745S_02626	CDS	504				hypothetical protein
E745S_02627	gene	1191	aspB			
E745S_02627	CDS	1191	aspB	2.6.1.14	COG0436	Asparagine--oxo-acid transaminase
E745S_02628	gene	1299	asnS			
E745S_02628	CDS	1299	asnS	6.1.1.22		Asparagine--tRNA ligase
E745S_02629	gene	675	axe2			
E745S_02629	CDS	675	axe2	3.1.1.72		Acetylxylan esterase
E745S_02630	gene	342				
E745S_02630	CDS	342				hypothetical protein
E745S_02631	gene	360	yccF			
E745S_02631	CDS	360	yccF		COG3304	Inner membrane protein YccF
E745S_02632	gene	2085	cadA			
E745S_02632	CDS	2085	cadA	3.6.3.3	COG2217	Cadmium, zinc and cobalt-transporting ATPase
E745S_02633	gene	1467	ycaM			
E745S_02633	CDS	1467	ycaM		COG0531	Inner membrane transporter YcaM
E745S_02634	gene	1296				
E745S_02634	CDS	1296				ISL3 family transposase ISEfa5
E745S_02635	gene	540				
E745S_02635	CDS	540				hypothetical protein
E745S_02636	gene	441	copY			
E745S_02636	CDS	441	copY			Transcriptional repressor CopY
E745S_02637	gene	210	copZ			
E745S_02637	CDS	210	copZ			Copper chaperone CopZ
E745S_02638	gene	2187	copA			
E745S_02638	CDS	2187	copA	7.2.2.8		putative copper-importing P-type ATPase A
E745S_02639	gene	2172	copB			
E745S_02639	CDS	2172	copB	7.2.2.8		Copper-exporting P-type ATPase B
E745S_02640	gene	741				
E745S_02640	CDS	741				hypothetical protein
E745S_02641	gene	1299				
E745S_02641	CDS	1299				hypothetical protein
E745S_02642	gene	753				
E745S_02642	CDS	753				hypothetical protein
E745S_02643	gene	324				
E745S_02643	CDS	324				hypothetical protein
E745S_02644	gene	849				
E745S_02644	CDS	849				hypothetical protein
E745S_02645	gene	813				
E745S_02645	CDS	813				hypothetical protein
E745S_02646	gene	324				
E745S_02646	CDS	324				hypothetical protein
E745S_02647	gene	570				
E745S_02647	CDS	570				hypothetical protein
E745S_02648	gene	297	lytA			
E745S_02648	CDS	297	lytA	3.5.1.28		Autolysin
E745S_02649	gene	246				
E745S_02649	CDS	246				hypothetical protein
E745S_02650	gene	570				
E745S_02650	CDS	570				IS3 family transposase ISEnfa3
E745S_02651	gene	537				
E745S_02651	CDS	537				hypothetical protein
E745S_02652	gene	1179				
E745S_02652	CDS	1179				IS256 family transposase ISEf1
E745S_02653	gene	537				
E745S_02653	CDS	537				hypothetical protein
E745S_02654	gene	657				
E745S_02654	CDS	657				IS3 family transposase ISEnfa3
E745S_02655	gene	417				
E745S_02655	CDS	417				hypothetical protein
E745S_02656	gene	261				
E745S_02656	CDS	261				hypothetical protein
E745S_02657	gene	1251				
E745S_02657	CDS	1251				IS110 family transposase ISSpn10
E745S_02658	gene	975	cbh_3			
E745S_02658	CDS	975	cbh_3	3.5.1.24		Choloylglycine hydrolase
E745S_02659	gene	1296				
E745S_02659	CDS	1296				ISL3 family transposase ISEfa5
E745S_02660	gene	1188				
E745S_02660	CDS	1188				IS256 family transposase IS16
E745S_02661	gene	318				
E745S_02661	CDS	318				hypothetical protein
E745S_02662	gene	366				
E745S_02662	CDS	366				hypothetical protein
E745S_02663	gene	483				
E745S_02663	CDS	483				hypothetical protein
E745S_02664	gene	891	pstS1_2			
E745S_02664	CDS	891	pstS1_2		COG0226	Phosphate-binding protein PstS 1
E745S_02665	gene	1296				
E745S_02665	CDS	1296				ISL3 family transposase IS1251
E745S_02666	gene	1269				
E745S_02666	CDS	1269				ISL3 family transposase IS1476
E745S_02667	gene	2472	ctpE_2			
E745S_02667	CDS	2472	ctpE_2	7.2.2.10	COG0474	Calcium-transporting ATPase CtpE
E745S_02668	gene	1737	phoR_2			
E745S_02668	CDS	1737	phoR_2	2.7.13.3	COG0642	Alkaline phosphatase synthesis sensor protein PhoR
E745S_02669	gene	705	phoP			
E745S_02669	CDS	705	phoP		COG0745	Alkaline phosphatase synthesis transcriptional regulatory protein PhoP
E745S_02670	gene	417				
E745S_02670	CDS	417				hypothetical protein
E745S_02671	gene	339				
E745S_02671	CDS	339				hypothetical protein
E745S_02672	gene	1419	ffh			
E745S_02672	CDS	1419	ffh		COG0541	Signal recognition particle protein
E745S_02673	gene	579	tag			
E745S_02673	CDS	579	tag	3.2.2.20	COG2818	DNA-3-methyladenine glycosylase 1
E745S_02674	gene	522				
E745S_02674	CDS	522				IS1595 family transposase ISCac2
E745S_02675	gene	555	chrR			
E745S_02675	CDS	555	chrR	1.6.5.2	COG0431	Quinone reductase
E745S_02676	gene	276	rpsP			
E745S_02676	CDS	276	rpsP		COG0228	30S ribosomal protein S16
E745S_02677	gene	252				
E745S_02677	CDS	252				hypothetical protein
E745S_02678	gene	792				
E745S_02678	CDS	792				hypothetical protein
E745S_02679	gene	522	rimM			
E745S_02679	CDS	522	rimM			Ribosome maturation factor RimM
E745S_02680	gene	762	trmD			
E745S_02680	CDS	762	trmD	2.1.1.228		tRNA (guanine-N(1)-)-methyltransferase
E745S_02681	gene	348	rplS			
E745S_02681	CDS	348	rplS		COG0335	50S ribosomal protein L19
E745S_02682	gene	663				
E745S_02682	CDS	663				hypothetical protein
E745S_02683	gene	3228				
E745S_02683	CDS	3228				hypothetical protein
E745S_02684	gene	315				
E745S_02684	CDS	315				hypothetical protein
E745S_02685	gene	375				
E745S_02685	CDS	375				hypothetical protein
E745S_02686	gene	345				
E745S_02686	CDS	345				hypothetical protein
E745S_02687	gene	1146				
E745S_02687	CDS	1146				hypothetical protein
E745S_02688	gene	1860				
E745S_02688	CDS	1860				hypothetical protein
E745S_02689	gene	252				
E745S_02689	CDS	252				hypothetical protein
E745S_02690	gene	1143				
E745S_02690	CDS	1143				IS1595 family transposase ISCco3
E745S_02691	gene	255				
E745S_02691	CDS	255				hypothetical protein
E745S_02692	gene	1185				
E745S_02692	CDS	1185				hypothetical protein
E745S_02693	gene	138				
E745S_02693	CDS	138				hypothetical protein
E745S_02694	gene	1911				
E745S_02694	CDS	1911				hypothetical protein
E745S_02695	gene	501				
E745S_02695	CDS	501				hypothetical protein
E745S_02696	gene	1848				
E745S_02696	CDS	1848				hypothetical protein
E745S_02697	gene	897				
E745S_02697	CDS	897				hypothetical protein
E745S_02698	gene	390				
E745S_02698	CDS	390				hypothetical protein
E745S_02699	gene	2346				
E745S_02699	CDS	2346				hypothetical protein
E745S_02700	gene	1188				
E745S_02700	CDS	1188				IS256 family transposase IS16
E745S_02701	gene	2130				
E745S_02701	CDS	2130				hypothetical protein
E745S_02702	gene	1008				
E745S_02702	CDS	1008				hypothetical protein
E745S_02703	gene	912				
E745S_02703	CDS	912				hypothetical protein
E745S_02704	gene	729				
E745S_02704	CDS	729				IS21 family transposase ISCth15
E745S_02705	gene	1419				
E745S_02705	CDS	1419				hypothetical protein
E745S_02706	gene	1122				
E745S_02706	CDS	1122			COG3385	IS4 family transposase IS4Bsu1
E745S_02707	gene	954				
E745S_02707	CDS	954			COG2826	IS30 family transposase IS1252
E745S_02708	gene	480				
E745S_02708	CDS	480				hypothetical protein
E745S_02709	gene	291				
E745S_02709	CDS	291				IS3 family transposase ISEfa8
E745S_02710	gene	837				
E745S_02710	CDS	837				IS3 family transposase ISEfa8
E745S_02711	gene	981	degA_3			
E745S_02711	CDS	981	degA_3		COG1609	HTH-type transcriptional regulator DegA
E745S_02712	gene	1419	bfrA			
E745S_02712	CDS	1419	bfrA	3.2.1.26	COG1621	Beta-fructosidase
E745S_02713	gene	1470	treP_1			
E745S_02713	CDS	1470	treP_1		COG1263	PTS system trehalose-specific EIIBC component
E745S_02714	gene	468				
E745S_02714	CDS	468				hypothetical protein
E745S_02715	gene	873	gmuE_4			
E745S_02715	CDS	873	gmuE_4	2.7.1.4	COG1940	Putative fructokinase
E745S_02716	gene	2535	dgaR_5			
E745S_02716	CDS	2535	dgaR_5			Transcriptional regulatory protein DagR
E745S_02717	gene	108				
E745S_02717	CDS	108				hypothetical protein
E745S_02718	gene	654	agaC_2			
E745S_02718	CDS	654	agaC_2		COG3715	N-acetylgalactosamine permease IIC component 1
E745S_02719	gene	792	manZ_6			
E745S_02719	CDS	792	manZ_6		COG3716	PTS system mannose-specific EIID component
E745S_02720	gene	492	manX_5			
E745S_02720	CDS	492	manX_5	2.7.1.191	COG2893	PTS system mannose-specific EIIAB component
E745S_02721	gene	411				
E745S_02721	CDS	411				hypothetical protein
E745S_02722	gene	1401				
E745S_02722	CDS	1401				hypothetical protein
E745S_02723	gene	375				
E745S_02723	CDS	375				hypothetical protein
E745S_02724	gene	195				
E745S_02724	CDS	195				hypothetical protein
E745S_02725	gene	354				
E745S_02725	CDS	354				hypothetical protein
E745S_02726	gene	1548				
E745S_02726	CDS	1548				IS66 family transposase ISRob1
E745S_02727	gene	429				
E745S_02727	CDS	429				hypothetical protein
E745S_02728	gene	252				
E745S_02728	CDS	252				hypothetical protein
E745S_02729	gene	216				
E745S_02729	CDS	216				hypothetical protein
E745S_02730	gene	309				
E745S_02730	CDS	309				hypothetical protein
E745S_02731	gene	1179	xerC_11			
E745S_02731	CDS	1179	xerC_11			Tyrosine recombinase XerC
E745S_02732	gene	294				
E745S_02732	CDS	294				hypothetical protein
E745S_02733	gene	2322				
E745S_02733	CDS	2322				hypothetical protein
E745S_02734	gene	459				
E745S_02734	CDS	459				hypothetical protein
E745S_02735	gene	1014				
E745S_02735	CDS	1014				hypothetical protein
E745S_02736	gene	447				
E745S_02736	CDS	447				hypothetical protein
E745S_02737	gene	816				
E745S_02737	CDS	816				hypothetical protein
E745S_02738	gene	1173				
E745S_02738	CDS	1173				hypothetical protein
E745S_02739	gene	198				
E745S_02739	CDS	198				hypothetical protein
E745S_02740	gene	495				
E745S_02740	CDS	495				hypothetical protein
E745S_02741	gene	423				
E745S_02741	CDS	423				hypothetical protein
E745S_02742	gene	1194	yjhB			
E745S_02742	CDS	1194	yjhB			Putative metabolite transport protein YjhB
E745S_02743	gene	378	adhR			
E745S_02743	CDS	378	adhR		COG0789	HTH-type transcriptional regulator AdhR
E745S_02744	gene	306	hdfR_3			
E745S_02744	CDS	306	hdfR_3			HTH-type transcriptional regulator HdfR
E745S_02745	gene	444				
E745S_02745	CDS	444				hypothetical protein
E745S_02746	gene	1296				
E745S_02746	CDS	1296				ISL3 family transposase ISEfa11
E745S_02747	gene	816	araQ_6			
E745S_02747	CDS	816	araQ_6		COG0395	L-arabinose transport system permease protein AraQ
E745S_02748	gene	216				
E745S_02748	CDS	216				hypothetical protein
E745S_02749	gene	1179				
E745S_02749	CDS	1179				IS256 family transposase ISEf1
E745S_02750	gene	1485	alsS_1			
E745S_02750	CDS	1485	alsS_1	2.2.1.6	COG0028	Acetolactate synthase
E745S_02751	gene	225	alsS_2			
E745S_02751	CDS	225	alsS_2	2.2.1.6	COG0028	Acetolactate synthase
E745S_02752	gene	150				
E745S_02752	CDS	150				hypothetical protein
E745S_02753	gene	327				
E745S_02753	CDS	327				IS6 family transposase IS1216V
E745S_02754	gene	255				
E745S_02754	CDS	255				hypothetical protein
E745S_02755	gene	282				
E745S_02755	CDS	282				hypothetical protein
E745S_02756	gene	468				
E745S_02756	CDS	468				hypothetical protein
E745S_02757	gene	546	frlB_2			
E745S_02757	CDS	546	frlB_2	3.5.-.-	COG2222	Fructosamine deglycase FrlB
E745S_02758	gene	258				
E745S_02758	CDS	258				hypothetical protein
E745S_02759	gene	468				
E745S_02759	CDS	468		2.7.1.-		putative phosphotransferase enzyme IIB component
E745S_02760	gene	747	sorA_3			
E745S_02760	CDS	747	sorA_3		COG3715	PTS system sorbose-specific EIIC component
E745S_02761	gene	810	manZ_7			
E745S_02761	CDS	810	manZ_7		COG3716	PTS system mannose-specific EIID component
E745S_02762	gene	687				
E745S_02762	CDS	687				IS6 family transposase IS1216E
E745S_02763	gene	1845	bglF_4			
E745S_02763	CDS	1845	bglF_4		COG1263	PTS system beta-glucoside-specific EIIBCA component
E745S_02764	gene	1467	bglH_3			
E745S_02764	CDS	1467	bglH_3	3.2.1.86	COG2723	Aryl-phospho-beta-D-glucosidase BglH
E745S_02765	gene	843	licT_4			
E745S_02765	CDS	843	licT_4		COG3711	Transcription antiterminator LicT
E745S_02766	gene	1296				
E745S_02766	CDS	1296				ISL3 family transposase IS1251
E745S_02767	gene	1152	bglF_5			
E745S_02767	CDS	1152	bglF_5		COG1263	PTS system beta-glucoside-specific EIIBCA component
E745S_02768	gene	270				
E745S_02768	CDS	270				hypothetical protein
E745S_02769	gene	561				
E745S_02769	CDS	561				hypothetical protein
E745S_02770	gene	960				
E745S_02770	CDS	960			COG2826	IS30 family transposase IS6770
E745S_02771	gene	879				
E745S_02771	CDS	879				hypothetical protein
E745S_02772	gene	297				
E745S_02772	CDS	297				hypothetical protein
E745S_02773	gene	1179				
E745S_02773	CDS	1179				IS256 family transposase ISEf1
E745S_02774	gene	612				
E745S_02774	CDS	612			COG2826	IS30 family transposase IS6770
E745S_02775	gene	1179				
E745S_02775	CDS	1179				IS256 family transposase ISEf1
E745S_02776	gene	249				
E745S_02776	CDS	249				hypothetical protein
E745S_02777	gene	405	ohrB_2			
E745S_02777	CDS	405	ohrB_2		COG1764	Organic hydroperoxide resistance protein OhrB
E745S_02778	gene	1044				
E745S_02778	CDS	1044				hypothetical protein
E745S_02779	gene	564	hsdS			
E745S_02779	CDS	564	hsdS		COG0732	Type-1 restriction enzyme EcoKI specificity protein
E745S_02780	gene	510				
E745S_02780	CDS	510				hypothetical protein
E745S_02781	gene	651				
E745S_02781	CDS	651				hypothetical protein
E745S_02782	gene	954				
E745S_02782	CDS	954			COG2826	IS30 family transposase IS1252
E745S_02783	gene	300				
E745S_02783	CDS	300				hypothetical protein
E745S_02784	gene	606				
E745S_02784	CDS	606		2.7.7.-	COG2184	Protein adenylyltransferase NmFic
E745S_02785	gene	909				
E745S_02785	CDS	909				IS982 family transposase ISEfm1
E745S_02786	gene	555	xerC_12			
E745S_02786	CDS	555	xerC_12			Tyrosine recombinase XerC
E745S_02787	gene	405				
E745S_02787	CDS	405				hypothetical protein
E745S_02788	gene	1149				
E745S_02788	CDS	1149				IS200/IS605 family transposase ISEfa4
E745S_02789	gene	606				
E745S_02789	CDS	606				hypothetical protein
E745S_02790	gene	960				
E745S_02790	CDS	960			COG2826	IS30 family transposase IS1062
E745S_02791	gene	321				
E745S_02791	CDS	321				hypothetical protein
E745S_02792	gene	837				
E745S_02792	CDS	837				IS3 family transposase ISEfa8
E745S_02793	gene	291				
E745S_02793	CDS	291				IS3 family transposase ISEfa8
E745S_02794	gene	534				
E745S_02794	CDS	534				hypothetical protein
E745S_02795	gene	588	resA			
E745S_02795	CDS	588	resA			Thiol-disulfide oxidoreductase ResA
E745S_02796	gene	837				
E745S_02796	CDS	837				IS3 family transposase ISEfa8
E745S_02797	gene	291				
E745S_02797	CDS	291				IS3 family transposase ISEfa8
E745S_02798	gene	1278				
E745S_02798	CDS	1278				hypothetical protein
E745S_02799	gene	657				
E745S_02799	CDS	657			COG1136	putative ABC transporter ATP-binding protein
E745S_02800	gene	1377				
E745S_02800	CDS	1377				hypothetical protein
E745S_02801	gene	102				
E745S_02801	CDS	102				hypothetical protein
E745S_02802	gene	195				
E745S_02802	CDS	195				hypothetical protein
E745S_02803	gene	1548				
E745S_02803	CDS	1548				IS66 family transposase ISRob1
E745S_02804	gene	1296				
E745S_02804	CDS	1296				ISL3 family transposase ISEfa5
E745S_02805	gene	492				
E745S_02805	CDS	492				hypothetical protein
E745S_02806	gene	696				
E745S_02806	CDS	696				IS1182 family transposase ISEfa7
E745S_02807	gene	816	cutD			
E745S_02807	CDS	816	cutD	1.97.1.-		Choline trimethylamine-lyase activating enzyme
E745S_02808	gene	237				
E745S_02808	CDS	237				Putative bifunctional phosphatase/peptidyl-prolyl cis-trans isomerase
E745S_02809	gene	288				
E745S_02809	CDS	288				hypothetical protein
E745S_02810	gene	786	hisK			
E745S_02810	CDS	786	hisK	3.1.3.15	COG1387	Histidinol-phosphatase
E745S_02811	gene	1101				
E745S_02811	CDS	1101				hypothetical protein
E745S_02812	gene	825				
E745S_02812	CDS	825				hypothetical protein
E745S_02813	gene	816				
E745S_02813	CDS	816				hypothetical protein
E745S_02814	gene	831				
E745S_02814	CDS	831				hypothetical protein
E745S_02815	gene	1032	btuD_6			
E745S_02815	CDS	1032	btuD_6	7.6.2.8		Vitamin B12 import ATP-binding protein BtuD
E745S_02816	gene	1275				
E745S_02816	CDS	1275				ISL3 family transposase IS1476
E745S_02817	gene	729				
E745S_02817	CDS	729			COG4753	putative response regulatory protein
E745S_02818	gene	1575				
E745S_02818	CDS	1575				hypothetical protein
E745S_02819	gene	939	yteP_3			
E745S_02819	CDS	939	yteP_3		COG4209	putative multiple-sugar transport system permease YteP
E745S_02820	gene	912	araQ_7			
E745S_02820	CDS	912	araQ_7		COG0395	L-arabinose transport system permease protein AraQ
E745S_02821	gene	1473				
E745S_02821	CDS	1473				hypothetical protein
E745S_02822	gene	612				
E745S_02822	CDS	612				hypothetical protein
E745S_02823	gene	1047				
E745S_02823	CDS	1047				hypothetical protein
E745S_02824	gene	792				
E745S_02824	CDS	792				hypothetical protein
E745S_02825	gene	2982	ebgA			
E745S_02825	CDS	2982	ebgA	3.2.1.23	COG3250	Evolved beta-galactosidase subunit alpha
E745S_02826	gene	1662				
E745S_02826	CDS	1662				hypothetical protein
E745S_02827	gene	933				
E745S_02827	CDS	933				hypothetical protein
E745S_02828	gene	1614	guaA_2			
E745S_02828	CDS	1614	guaA_2	6.3.5.2		GMP synthase [glutamine-hydrolyzing]
E745S_02829	gene	1275				
E745S_02829	CDS	1275				ISL3 family transposase IS1476
E745S_02830	gene	654	qseB			
E745S_02830	CDS	654	qseB			Transcriptional regulatory protein QseB
E745S_02831	gene	1320				
E745S_02831	CDS	1320				hypothetical protein
E745S_02832	gene	1179				
E745S_02832	CDS	1179				IS256 family transposase ISEf1
E745S_02833	gene	261				
E745S_02833	CDS	261				hypothetical protein
E745S_02834	gene	1149				
E745S_02834	CDS	1149				IS200/IS605 family transposase ISEfa4
E745S_02835	gene	405				
E745S_02835	CDS	405				hypothetical protein
E745S_02836	gene	1296				
E745S_02836	CDS	1296				ISL3 family transposase ISEfa5
E745S_02837	gene	378				
E745S_02837	CDS	378				IS256 family transposase ISBsu2
E745S_02838	gene	864				
E745S_02838	CDS	864				IS256 family transposase ISBsu2
E745S_02839	gene	570				
E745S_02839	CDS	570				IS3 family transposase ISEnfa3
E745S_02840	gene	537				
E745S_02840	CDS	537				hypothetical protein
E745S_02841	gene	291				
E745S_02841	CDS	291				IS3 family transposase IS1485
E745S_02842	gene	837				
E745S_02842	CDS	837				IS3 family transposase IS1485
E745S_02843	gene	456	crr			
E745S_02843	CDS	456	crr			PTS system glucose-specific EIIA component
E745S_02844	gene	2193	agaA_3			
E745S_02844	CDS	2193	agaA_3	3.2.1.22		Alpha-galactosidase AgaA
E745S_02845	gene	855	rhaS_3			
E745S_02845	CDS	855	rhaS_3			HTH-type transcriptional activator RhaS
E745S_02846	gene	1341	scrB_1			
E745S_02846	CDS	1341	scrB_1	3.2.1.26	COG1621	Sucrose-6-phosphate hydrolase
E745S_02847	gene	1386	treP_2			
E745S_02847	CDS	1386	treP_2		COG1263	PTS system trehalose-specific EIIBC component
E745S_02848	gene	1149				
E745S_02848	CDS	1149				IS200/IS605 family transposase ISEfa4
E745S_02849	gene	405				
E745S_02849	CDS	405				hypothetical protein
E745S_02850	gene	1428				
E745S_02850	CDS	1428				IS1182 family transposase ISEfa12
E745S_02851	gene	837				
E745S_02851	CDS	837				IS3 family transposase IS1485
E745S_02852	gene	735	nagR_2			
E745S_02852	CDS	735	nagR_2		COG2188	HTH-type transcriptional repressor NagR
E745S_02853	gene	1170	agaS			
E745S_02853	CDS	1170	agaS	3.5.99.-	COG2222	D-galactosamine-6-phosphate deaminase AgaS
E745S_02854	gene	996	lacD			
E745S_02854	CDS	996	lacD	4.1.2.40		Tagatose 1,6-diphosphate aldolase
E745S_02855	gene	927				
E745S_02855	CDS	927				hypothetical protein
E745S_02856	gene	1251	licC_3			
E745S_02856	CDS	1251	licC_3		COG1455	Lichenan permease IIC component
E745S_02857	gene	954				
E745S_02857	CDS	954			COG2826	IS30 family transposase IS1252
E745S_02858	gene	1086	xerS			
E745S_02858	CDS	1086	xerS		COG0582	Tyrosine recombinase XerS
E745S_02859	gene	519				
E745S_02859	CDS	519				hypothetical protein
E745S_02860	gene	837				
E745S_02860	CDS	837				IS3 family transposase IS1485
E745S_02861	gene	477				
E745S_02861	CDS	477				hypothetical protein
E745S_02862	gene	1251				
E745S_02862	CDS	1251				IS110 family transposase ISSpn10
E745S_02863	gene	1503	glcB			
E745S_02863	CDS	1503	glcB		COG2190	PTS system glucoside-specific EIICBA component
E745S_02864	gene	690	nanE_2			
E745S_02864	CDS	690	nanE_2	5.1.3.9	COG3010	Putative N-acetylmannosamine-6-phosphate 2-epimerase
E745S_02865	gene	819	rpiR			
E745S_02865	CDS	819	rpiR		COG1737	HTH-type transcriptional regulator RpiR
E745S_02866	gene	219				
E745S_02866	CDS	219				hypothetical protein
E745S_02867	gene	1320				
E745S_02867	CDS	1320				IS1380 family transposase IS1678
E745S_02868	gene	234				
E745S_02868	CDS	234				hypothetical protein
E745S_02869	gene	456				
E745S_02869	CDS	456				IS200/IS605 family transposase ISAac3
E745S_02870	gene	582				
E745S_02870	CDS	582				IS3 family transposase ISEfa10
E745S_02871	gene	804				
E745S_02871	CDS	804				IS3 family transposase ISEfa10
E745S_02872	gene	963	degA_4			
E745S_02872	CDS	963	degA_4		COG1609	HTH-type transcriptional regulator DegA
E745S_02873	gene	1440	scrB_2			
E745S_02873	CDS	1440	scrB_2	3.2.1.26		Sucrose-6-phosphate hydrolase
E745S_02874	gene	1947				
E745S_02874	CDS	1947				hypothetical protein
E745S_02875	gene	1173				
E745S_02875	CDS	1173				IS256 family transposase IS256
E745S_02876	gene	873	gmuE_5			
E745S_02876	CDS	873	gmuE_5	2.7.1.4	COG1940	Putative fructokinase
E745S_02877	gene	285				
E745S_02877	CDS	285				hypothetical protein
E745S_02878	gene	420				
E745S_02878	CDS	420				IS6 family transposase IS1216V
E745S_02879	gene	600				
E745S_02879	CDS	600				hypothetical protein
E745S_02880	gene	600	xerC_13			
E745S_02880	CDS	600	xerC_13			Tyrosine recombinase XerC
E745S_02881	gene	183				
E745S_02881	CDS	183				hypothetical protein
E745S_02882	gene	180				
E745S_02882	CDS	180				hypothetical protein
E745S_02883	gene	1521				
E745S_02883	CDS	1521				IS66 family transposase ISCth11
E745S_02884	gene	573	hxlB			
E745S_02884	CDS	573	hxlB	5.3.1.27	COG0794	3-hexulose-6-phosphate isomerase
E745S_02885	gene	663	rpe_2			
E745S_02885	CDS	663	rpe_2	5.1.3.1		Ribulose-phosphate 3-epimerase
E745S_02886	gene	516				
E745S_02886	CDS	516				hypothetical protein
E745S_02887	gene	285				
E745S_02887	CDS	285				hypothetical protein
E745S_02888	gene	1329	gatC_3			
E745S_02888	CDS	1329	gatC_3		COG3775	PTS system galactitol-specific EIIC component
E745S_02889	gene	456				
E745S_02889	CDS	456				hypothetical protein
E745S_02890	gene	1947	manR_3			
E745S_02890	CDS	1947	manR_3		COG1762	Transcriptional regulator ManR
E745S_02891	gene	1179				
E745S_02891	CDS	1179				IS256 family transposase ISEf1
E745S_02892	gene	291				
E745S_02892	CDS	291				hypothetical protein
E745S_02893	gene	264				
E745S_02893	CDS	264				hypothetical protein
E745S_02894	gene	954				
E745S_02894	CDS	954			COG2826	IS30 family transposase IS1252
E745S_02895	gene	282				
E745S_02895	CDS	282				hypothetical protein
E745S_02896	gene	357				
E745S_02896	CDS	357				hypothetical protein
E745S_02897	gene	180				
E745S_02897	CDS	180				hypothetical protein
E745S_02898	gene	273				
E745S_02898	CDS	273				hypothetical protein
E745S_02899	gene	156				
E745S_02899	CDS	156				hypothetical protein
E745S_02900	gene	252				
E745S_02900	CDS	252				hypothetical protein
E745S_02901	gene	207				
E745S_02901	CDS	207				hypothetical protein
E745S_02902	gene	258				
E745S_02902	CDS	258				hypothetical protein
E745S_02903	gene	306	ssb_2			
E745S_02903	CDS	306	ssb_2		COG0629	Single-stranded DNA-binding protein
E745S_02904	gene	132	ssbA			
E745S_02904	CDS	132	ssbA		COG0629	Single-stranded DNA-binding protein A
E745S_02905	gene	900				
E745S_02905	CDS	900				hypothetical protein
E745S_02906	gene	597				
E745S_02906	CDS	597				hypothetical protein
E745S_02907	gene	150				
E745S_02907	CDS	150				hypothetical protein
E745S_02908	gene	2010	topB_3			
E745S_02908	CDS	2010	topB_3	5.6.2.1	COG0550	DNA topoisomerase 3
E745S_02909	gene	1470				
E745S_02909	CDS	1470				hypothetical protein
E745S_02910	gene	2373				
E745S_02910	CDS	2373				hypothetical protein
E745S_02911	gene	1251				
E745S_02911	CDS	1251				IS110 family transposase ISSpn10
E745S_02912	gene	195				
E745S_02912	CDS	195				hypothetical protein
E745S_02913	gene	336				
E745S_02913	CDS	336				hypothetical protein
E745S_02914	gene	1593				
E745S_02914	CDS	1593				hypothetical protein
E745S_02915	gene	423				
E745S_02915	CDS	423				hypothetical protein
E745S_02916	gene	297				
E745S_02916	CDS	297				hypothetical protein
E745S_02917	gene	270				
E745S_02917	CDS	270				hypothetical protein
E745S_02918	gene	1074				
E745S_02918	CDS	1074				hypothetical protein
E745S_02919	gene	135				
E745S_02919	CDS	135				hypothetical protein
E745S_02920	gene	807				
E745S_02920	CDS	807				hypothetical protein
E745S_02921	gene	645				
E745S_02921	CDS	645				hypothetical protein
E745S_02922	gene	1206				
E745S_02922	CDS	1206				hypothetical protein
E745S_02923	gene	2025				
E745S_02923	CDS	2025				hypothetical protein
E745S_02924	gene	153				
E745S_02924	CDS	153				hypothetical protein
E745S_02925	gene	594				
E745S_02925	CDS	594				hypothetical protein
E745S_02926	gene	333				
E745S_02926	CDS	333				hypothetical protein
E745S_02927	gene	2373				
E745S_02927	CDS	2373				hypothetical protein
E745S_02928	gene	792				
E745S_02928	CDS	792				hypothetical protein
E745S_02929	gene	1899				
E745S_02929	CDS	1899				hypothetical protein
E745S_02930	gene	1830				
E745S_02930	CDS	1830				hypothetical protein
E745S_02931	gene	2064				
E745S_02931	CDS	2064				hypothetical protein
E745S_02932	gene	303				
E745S_02932	CDS	303				hypothetical protein
E745S_02933	gene	243				
E745S_02933	CDS	243				hypothetical protein
E745S_02934	gene	435				
E745S_02934	CDS	435				hypothetical protein
E745S_02935	gene	2091				
E745S_02935	CDS	2091				hypothetical protein
E745S_02936	gene	261				
E745S_02936	CDS	261				hypothetical protein
E745S_02937	gene	756				
E745S_02937	CDS	756				hypothetical protein
E745S_02938	gene	753	srtA			
E745S_02938	CDS	753	srtA	3.4.22.-		Sortase A
E745S_02939	gene	816				
E745S_02939	CDS	816				hypothetical protein
E745S_02940	gene	1173				
E745S_02940	CDS	1173				hypothetical protein
E745S_02941	gene	675				
E745S_02941	CDS	675				hypothetical protein
E745S_02942	gene	1074				
E745S_02942	CDS	1074				hypothetical protein
E745S_02943	gene	690				
E745S_02943	CDS	690				hypothetical protein
E745S_02944	gene	240				
E745S_02944	CDS	240				hypothetical protein
E745S_02945	gene	123				
E745S_02945	CDS	123				hypothetical protein
E745S_02946	gene	156				
E745S_02946	CDS	156				hypothetical protein
E745S_02947	gene	333				
E745S_02947	CDS	333				hypothetical protein
E745S_02948	gene	1041				
E745S_02948	CDS	1041				hypothetical protein
E745S_02949	gene	876				
E745S_02949	CDS	876				ISL3 family transposase ISEfa5
E745S_02950	gene	276				
E745S_02950	CDS	276				ISL3 family transposase ISEfa5
E745S_02951	gene	705				
E745S_02951	CDS	705				ISL3 family transposase ISEfa5
E745S_02952	gene	456				
E745S_02952	CDS	456				hypothetical protein
E745S_02953	gene	138				
E745S_02953	CDS	138				hypothetical protein
E745S_02954	gene	2178				
E745S_02954	CDS	2178				hypothetical protein
E745S_02955	gene	1461				
E745S_02955	CDS	1461				hypothetical protein
E745S_02956	gene	2205	topB_4			
E745S_02956	CDS	2205	topB_4	5.6.2.1	COG0550	DNA topoisomerase 3
E745S_02957	gene	150				
E745S_02957	CDS	150				hypothetical protein
E745S_02958	gene	594				
E745S_02958	CDS	594				hypothetical protein
E745S_02959	gene	900				
E745S_02959	CDS	900				hypothetical protein
E745S_02960	gene	486	ssb_3			
E745S_02960	CDS	486	ssb_3		COG0629	Single-stranded DNA-binding protein
E745S_02961	gene	261				
E745S_02961	CDS	261				hypothetical protein
E745S_02962	gene	207				
E745S_02962	CDS	207				hypothetical protein
E745S_02963	gene	252				
E745S_02963	CDS	252				hypothetical protein
E745S_02964	gene	438				
E745S_02964	CDS	438				hypothetical protein
E745S_02965	gene	708				
E745S_02965	CDS	708				hypothetical protein
E745S_02966	gene	201				
E745S_02966	CDS	201				hypothetical protein
E745S_02967	gene	180				
E745S_02967	CDS	180				hypothetical protein
E745S_02968	gene	150				
E745S_02968	CDS	150				hypothetical protein
E745S_02969	gene	264				
E745S_02969	CDS	264				hypothetical protein
E745S_02970	gene	351	pemK			
E745S_02970	CDS	351	pemK	3.1.-.-		Endoribonuclease PemK
E745S_02971	gene	615	bin3_1			
E745S_02971	CDS	615	bin3_1			Putative transposon Tn552 DNA-invertase bin3
E745S_02972	gene	1326	umuC_2			
E745S_02972	CDS	1326	umuC_2		COG0389	Protein UmuC
E745S_02973	gene	351				
E745S_02973	CDS	351				hypothetical protein
E745S_02974	gene	105				
E745S_02974	CDS	105				hypothetical protein
E745S_02975	gene	294				
E745S_02975	CDS	294				hypothetical protein
E745S_02976	gene	117				
E745S_02976	CDS	117				hypothetical protein
E745S_02977	gene	693				
E745S_02977	CDS	693				hypothetical protein
E745S_02978	gene	555				
E745S_02978	CDS	555				hypothetical protein
E745S_02979	gene	102				
E745S_02979	CDS	102				hypothetical protein
E745S_02980	gene	270				
E745S_02980	CDS	270				hypothetical protein
E745S_02981	gene	378				
E745S_02981	CDS	378				hypothetical protein
E745S_02982	gene	333				
E745S_02982	CDS	333				hypothetical protein
E745S_02983	gene	309				
E745S_02983	CDS	309				hypothetical protein
E745S_02984	gene	228				
E745S_02984	CDS	228				hypothetical protein
E745S_02985	gene	117				
E745S_02985	CDS	117				hypothetical protein
E745S_02986	gene	402				
E745S_02986	CDS	402				hypothetical protein
E745S_02987	gene	738				
E745S_02987	CDS	738				hypothetical protein
E745S_02988	gene	1251				
E745S_02988	CDS	1251				IS110 family transposase ISSpn10
E745S_02989	gene	195				
E745S_02989	CDS	195				hypothetical protein
E745S_02990	gene	657				
E745S_02990	CDS	657				hypothetical protein
E745S_02991	gene	330				
E745S_02991	CDS	330				hypothetical protein
E745S_02992	gene	480				
E745S_02992	CDS	480				hypothetical protein
E745S_02993	gene	243				
E745S_02993	CDS	243				hypothetical protein
E745S_02994	gene	153				
E745S_02994	CDS	153				hypothetical protein
E745S_02995	gene	309				
E745S_02995	CDS	309				hypothetical protein
E745S_02996	gene	231				
E745S_02996	CDS	231				hypothetical protein
E745S_02997	gene	363				
E745S_02997	CDS	363				hypothetical protein
E745S_02998	gene	465				
E745S_02998	CDS	465				hypothetical protein
E745S_02999	gene	645				
E745S_02999	CDS	645				hypothetical protein
E745S_03000	gene	525				
E745S_03000	CDS	525				hypothetical protein
E745S_03001	gene	549				
E745S_03001	CDS	549				hypothetical protein
E745S_03002	gene	321				
E745S_03002	CDS	321				hypothetical protein
E745S_03003	gene	207				
E745S_03003	CDS	207				hypothetical protein
E745S_03004	gene	351				
E745S_03004	CDS	351				hypothetical protein
E745S_03005	gene	120				
E745S_03005	CDS	120				hypothetical protein
E745S_03006	gene	492				
E745S_03006	CDS	492				hypothetical protein
E745S_03007	gene	141				
E745S_03007	CDS	141				hypothetical protein
E745S_03008	gene	189				
E745S_03008	CDS	189				hypothetical protein
E745S_03009	gene	324				
E745S_03009	CDS	324				hypothetical protein
E745S_03010	gene	225				
E745S_03010	CDS	225				hypothetical protein
E745S_03011	gene	267				
E745S_03011	CDS	267				hypothetical protein
E745S_03012	gene	213				
E745S_03012	CDS	213				hypothetical protein
E745S_03013	gene	225				
E745S_03013	CDS	225				hypothetical protein
E745S_03014	gene	288				
E745S_03014	CDS	288				hypothetical protein
E745S_03015	gene	885				
E745S_03015	CDS	885				hypothetical protein
E745S_03016	gene	297				
E745S_03016	CDS	297				hypothetical protein
E745S_03017	gene	681				
E745S_03017	CDS	681				IS6 family transposase IS1216E
E745S_03018	gene	696	walR_2			
E745S_03018	CDS	696	walR_2		COG0745	Transcriptional regulatory protein WalR
E745S_03019	gene	1095	sasA_4			
E745S_03019	CDS	1095	sasA_4	2.7.-.-		Adaptive-response sensory-kinase SasA
E745S_03020	gene	969	vanH_1			
E745S_03020	CDS	969	vanH_1	1.1.1.-		D-specific alpha-keto acid dehydrogenase
E745S_03021	gene	1032	vanA_1			
E745S_03021	CDS	1032	vanA_1	6.1.2.1		Vancomycin/teicoplanin A-type resistance protein VanA
E745S_03022	gene	609	vanX			
E745S_03022	CDS	609	vanX	3.4.13.22		D-alanyl-D-alanine dipeptidase
E745S_03023	gene	681				
E745S_03023	CDS	681				IS6 family transposase IS1216E
E745S_03024	gene	399				
E745S_03024	CDS	399				hypothetical protein
E745S_03025	gene	285				
E745S_03025	CDS	285				hypothetical protein
E745S_03026	gene	300				
E745S_03026	CDS	300				hypothetical protein
E745S_03027	gene	1491				
E745S_03027	CDS	1491				hypothetical protein
E745S_03028	gene	171				
E745S_03028	CDS	171				hypothetical protein
E745S_03029	gene	618	bin3_2			
E745S_03029	CDS	618	bin3_2			Putative transposon Tn552 DNA-invertase bin3
E745S_03030	gene	93				
E745S_03030	CDS	93				hypothetical protein
E745S_03031	gene	681				
E745S_03031	CDS	681				IS6 family transposase IS1216E
E745S_03032	gene	453				
E745S_03032	CDS	453				hypothetical protein
E745S_03033	gene	690				
E745S_03033	CDS	690				hypothetical protein
E745S_03034	gene	2352				
E745S_03034	CDS	2352				hypothetical protein
E745S_03035	gene	387				
E745S_03035	CDS	387				hypothetical protein
E745S_03036	gene	618	bin3_3			
E745S_03036	CDS	618	bin3_3			Putative transposon Tn552 DNA-invertase bin3
E745S_03037	gene	300	ligA_2			
E745S_03037	CDS	300	ligA_2	6.5.1.2		DNA ligase
E745S_03038	gene	168				
E745S_03038	CDS	168				hypothetical protein
E745S_03039	gene	606	bin3_4			
E745S_03039	CDS	606	bin3_4			Putative transposon Tn552 DNA-invertase bin3
E745S_03040	gene	1371				
E745S_03040	CDS	1371				Tn3 family transposase TnBth1
E745S_03041	gene	681				
E745S_03041	CDS	681				IS6 family transposase IS1216E
E745S_03042	gene	318				
E745S_03042	CDS	318				hypothetical protein
E745S_03043	gene	594	repD			
E745S_03043	CDS	594	repD			Replication initiation protein
E745S_03044	gene	681				
E745S_03044	CDS	681				IS6 family transposase IS1216E
E745S_03045	gene	525				
E745S_03045	CDS	525				hypothetical protein
E745S_03046	gene	1416				
E745S_03046	CDS	1416				hypothetical protein
E745S_03047	gene	363				
E745S_03047	CDS	363				hypothetical protein
E745S_03048	gene	318				
E745S_03048	CDS	318				hypothetical protein
E745S_03049	gene	420				
E745S_03049	CDS	420				hypothetical protein
E745S_03050	gene	492	repN			
E745S_03050	CDS	492	repN			Replication initiation protein
E745S_03051	gene	681				
E745S_03051	CDS	681				IS6 family transposase IS1216E
E745S_03052	gene	237				
E745S_03052	CDS	237				hypothetical protein
E745S_03053	gene	276				
E745S_03053	CDS	276				hypothetical protein
E745S_03054	gene	954	soj_2			
E745S_03054	CDS	954	soj_2	3.6.-.-	COG1192	Sporulation initiation inhibitor protein Soj
E745S_03055	gene	1494				
E745S_03055	CDS	1494				hypothetical protein
E745S_03056	gene	297				
E745S_03056	CDS	297				hypothetical protein
E745S_03057	gene	681				
E745S_03057	CDS	681				IS6 family transposase IS1216E
E745S_03058	gene	1458	rssB			
E745S_03058	CDS	1458	rssB			Regulator of RpoS
E745S_03059	gene	366	walK_2			
E745S_03059	CDS	366	walK_2	2.7.13.3		Sensor protein kinase WalK
E745S_03060	gene	969	vanH_2			
E745S_03060	CDS	969	vanH_2	1.1.1.-		D-specific alpha-keto acid dehydrogenase
E745S_03061	gene	1032	vanA_2			
E745S_03061	CDS	1032	vanA_2	6.1.2.1		Vancomycin/teicoplanin A-type resistance protein VanA
E745S_03062	gene	114				
E745S_03062	CDS	114				hypothetical protein
E745S_03063	gene	399				
E745S_03063	CDS	399				hypothetical protein
E745S_03064	gene	537				
E745S_03064	CDS	537				hypothetical protein
E745S_03065	gene	261				
E745S_03065	CDS	261				hypothetical protein
E745S_03066	gene	2025				
E745S_03066	CDS	2025				hypothetical protein
E745S_03067	gene	153				
E745S_03067	CDS	153				hypothetical protein
E745S_03068	gene	594				
E745S_03068	CDS	594				hypothetical protein
E745S_03069	gene	333				
E745S_03069	CDS	333				hypothetical protein
E745S_03070	gene	2373				
E745S_03070	CDS	2373				hypothetical protein
E745S_03071	gene	792				
E745S_03071	CDS	792				hypothetical protein
E745S_03072	gene	684				
E745S_03072	CDS	684				hypothetical protein
E745S_03073	gene	1203	ltrA			
E745S_03073	CDS	1203	ltrA		COG3344	Group II intron-encoded protein LtrA
E745S_03074	gene	279				
E745S_03074	CDS	279				hypothetical protein
E745S_03075	gene	1113				
E745S_03075	CDS	1113				hypothetical protein
E745S_03076	gene	516				
E745S_03076	CDS	516				hypothetical protein
E745S_03077	gene	384				
E745S_03077	CDS	384				hypothetical protein
E745S_03078	gene	990				
E745S_03078	CDS	990				hypothetical protein
E745S_03079	gene	144				
E745S_03079	CDS	144				hypothetical protein
E745S_03080	gene	369				
E745S_03080	CDS	369				hypothetical protein
E745S_03081	gene	183				
E745S_03081	CDS	183				hypothetical protein
E745S_03082	gene	417				
E745S_03082	CDS	417				IS6 family transposase IS1216V
E745S_03083	gene	294				
E745S_03083	CDS	294				hypothetical protein
E745S_03084	gene	696				
E745S_03084	CDS	696				hypothetical protein
E745S_03085	gene	201				
E745S_03085	CDS	201				hypothetical protein
E745S_03086	gene	180				
E745S_03086	CDS	180				hypothetical protein
E745S_03087	gene	234				
E745S_03087	CDS	234				hypothetical protein
E745S_03088	gene	105				
E745S_03088	CDS	105				hypothetical protein
E745S_03089	gene	291				
E745S_03089	CDS	291				hypothetical protein
E745S_03090	gene	423				
E745S_03090	CDS	423				hypothetical protein
E745S_03091	gene	615	bin3_5			
E745S_03091	CDS	615	bin3_5			Putative transposon Tn552 DNA-invertase bin3
E745S_03092	gene	1326	umuC_3			
E745S_03092	CDS	1326	umuC_3		COG0389	Protein UmuC
E745S_03093	gene	351				
E745S_03093	CDS	351				hypothetical protein
E745S_03094	gene	180				
E745S_03094	CDS	180				hypothetical protein
E745S_03095	gene	342				
E745S_03095	CDS	342				hypothetical protein
E745S_03096	gene	789	soj_3			
E745S_03096	CDS	789	soj_3	3.6.-.-	COG1192	Sporulation initiation inhibitor protein Soj
E745S_03097	gene	327				
E745S_03097	CDS	327				hypothetical protein
E745S_03098	gene	1041				
E745S_03098	CDS	1041				hypothetical protein
E745S_03099	gene	321				
E745S_03099	CDS	321				IS6 family transposase IS1216V
E745S_03100	gene	228				
E745S_03100	CDS	228				hypothetical protein
E745S_03101	gene	696				
E745S_03101	CDS	696				hypothetical protein
E745S_03102	gene	201				
E745S_03102	CDS	201				hypothetical protein
E745S_03103	gene	180				
E745S_03103	CDS	180				hypothetical protein
E745S_03104	gene	138				
E745S_03104	CDS	138				hypothetical protein
E745S_03105	gene	258	yoeB			
E745S_03105	CDS	258	yoeB	3.1.-.-	COG4115	Toxin YoeB
E745S_03106	gene	156				
E745S_03106	CDS	156				hypothetical protein
E745S_03107	gene	291				
E745S_03107	CDS	291				hypothetical protein
E745S_03108	gene	384				
E745S_03108	CDS	384				hypothetical protein
E745S_03109	gene	219				
E745S_03109	CDS	219				hypothetical protein
E745S_03110	gene	447				
E745S_03110	CDS	447				hypothetical protein
E745S_03111	gene	690				
E745S_03111	CDS	690				hypothetical protein
E745S_03112	gene	738				
E745S_03112	CDS	738				hypothetical protein
E745S_03113	gene	540				
E745S_03113	CDS	540				hypothetical protein
E745S_03114	gene	171				
E745S_03114	CDS	171				hypothetical protein
E745S_03115	gene	462				
E745S_03115	CDS	462				hypothetical protein
E745S_03116	gene	375				
E745S_03116	CDS	375				hypothetical protein
E745S_03117	gene	2139				
E745S_03117	CDS	2139				hypothetical protein
E745S_03118	gene	621	yxdL_2			
E745S_03118	CDS	621	yxdL_2		COG1136	ABC transporter ATP-binding protein YxdL
E745S_03119	gene	138				
E745S_03119	CDS	138				hypothetical protein
E745S_03120	gene	381				
E745S_03120	CDS	381				hypothetical protein
E745S_03121	gene	915				
E745S_03121	CDS	915				hypothetical protein
E745S_03122	gene	690				
E745S_03122	CDS	690				hypothetical protein
E745S_03123	gene	738				
E745S_03123	CDS	738				hypothetical protein
E745S_03124	gene	540				
E745S_03124	CDS	540				hypothetical protein
E745S_03125	gene	171				
E745S_03125	CDS	171				hypothetical protein
E745S_03126	gene	357				
E745S_03126	CDS	357				hypothetical protein
E745S_03127	gene	135				
E745S_03127	CDS	135				hypothetical protein
E745S_03128	gene	693				
E745S_03128	CDS	693				hypothetical protein
E745S_03129	gene	636				
E745S_03129	CDS	636				hypothetical protein
E745S_03130	gene	153				
E745S_03130	CDS	153				hypothetical protein
E745S_03131	gene	330				
E745S_03131	CDS	330				hypothetical protein
E745S_03132	gene	153				
E745S_03132	CDS	153				hypothetical protein
E745S_03133	gene	420				
E745S_03133	CDS	420				hypothetical protein
E745S_03134	gene	516				
E745S_03134	CDS	516				hypothetical protein
E745S_03135	gene	831				
E745S_03135	CDS	831				hypothetical protein
E745S_03136	gene	429				
E745S_03136	CDS	429				hypothetical protein
E745S_03137	gene	324				
E745S_03137	CDS	324				hypothetical protein
E745S_03138	gene	363				
E745S_03138	CDS	363				hypothetical protein
E745S_03139	gene	147				
E745S_03139	CDS	147				hypothetical protein
E745S_03140	gene	222				
E745S_03140	CDS	222				hypothetical protein
E745S_03141	gene	111				
E745S_03141	CDS	111				hypothetical protein
E745S_03142	gene	1671				
E745S_03142	CDS	1671				hypothetical protein
E745S_03143	gene	717				
E745S_03143	CDS	717				hypothetical protein
E745S_03144	gene	1818				
E745S_03144	CDS	1818				hypothetical protein
E745S_03145	gene	1899				
E745S_03145	CDS	1899				hypothetical protein
E745S_03146	gene	1008				
E745S_03146	CDS	1008				hypothetical protein
E745S_03147	gene	2541				
E745S_03147	CDS	2541				hypothetical protein
E745S_03148	gene	222				
E745S_03148	CDS	222				hypothetical protein
E745S_03149	gene	618				
E745S_03149	CDS	618				hypothetical protein
E745S_03150	gene	468				
E745S_03150	CDS	468				hypothetical protein
E745S_03151	gene	903				
E745S_03151	CDS	903				hypothetical protein
E745S_03152	gene	504				
E745S_03152	CDS	504				hypothetical protein
E745S_03153	gene	165				
E745S_03153	CDS	165				hypothetical protein
E745S_03154	gene	99				
E745S_03154	CDS	99				hypothetical protein
E745S_03155	gene	1014				
E745S_03155	CDS	1014				hypothetical protein
E745S_03156	gene	651				
E745S_03156	CDS	651				hypothetical protein
E745S_03157	gene	897				
E745S_03157	CDS	897				hypothetical protein
E745S_03158	gene	231				
E745S_03158	CDS	231				hypothetical protein
E745S_03159	gene	135				
E745S_03159	CDS	135				hypothetical protein
E745S_03160	gene	429				
E745S_03160	CDS	429				hypothetical protein
E745S_03161	gene	324				
E745S_03161	CDS	324				hypothetical protein
E745S_03162	gene	1827				
E745S_03162	CDS	1827				hypothetical protein
E745S_03163	gene	543				
E745S_03163	CDS	543				hypothetical protein
E745S_03164	gene	135				
E745S_03164	CDS	135				hypothetical protein
