Discrepancy Report Results

Summary
FATAL: MISSING_PROTEIN_ID:3093 proteins have invalid IDs.
DISC_SOURCE_QUALS_ASNDISC:strain (all present, all same)
DISC_SOURCE_QUALS_ASNDISC:taxname (all present, all same)
DISC_FEATURE_COUNT:gene: 3164 present
DISC_FEATURE_COUNT:CDS: 3093 present
DISC_FEATURE_COUNT:tRNA: 70 present
DISC_FEATURE_COUNT:tmRNA: 1 present
DISC_COUNT_NUCLEOTIDES:10 nucleotide Bioseqs are present
OVERLAPPING_GENES:782 genes overlap another gene on the same strand.
OVERLAPPING_CDS:28 coding regions overlap another coding region with a similar or identical name.
SUSPECT_PRODUCT_NAMES:15 product_names contain suspect phrase or characters
	May contain database identifier more appropriate in note; remove from product name
		8 features contains three or more numbers together that may be identifiers more appropriate in note
		2 features Contains underscore
	Use short product name instead of descriptive phrase
		2 features Is longer than 100 characters. Remove descriptive phrases or synonyms from product names. Keep valid long product names, eg long enzyme names
	use protein instead of gene as appropriate
		2 features contains 'gene'
		1 features contains 'genes'
DISC_QUALITY_SCORES:Quality scores are missing on all sequences.
DISC_BAD_BACTERIAL_GENE_NAME:4 bacterial genes do not start with lowercase letters
ONCALLER_COMMENT_PRESENT:10 comment descriptors were found (all same)
SHORT_PROT_SEQUENCES:67 protein sequences are shorter than 50 aa.
MISSING_GENOMEASSEMBLY_COMMENTS:10 bioseqs are missing GenomeAssembly structured comments
MOLTYPE_NOT_MRNA:10 molecule types are not set as mRNA.
TECHNIQUE_NOT_TSA:10 technique are not set as TSA
MISSING_STRUCTURED_COMMENT:10 sequences do not include structured comments.
MISSING_PROJECT:3103 sequences do not include project.
DISC_INCONSISTENT_MOLINFO_TECH:Molinfo Technique Report (some missing, all same)


Detailed Report

FATAL: DiscRep_ALL:MISSING_PROTEIN_ID::3093 proteins have invalid IDs.
/home/yuch3531/genome_analysis_project/5_genome_annotation/Prokka/E745_spades/E745_spades:tig00000001_1 (length 201)
/home/yuch3531/genome_analysis_project/5_genome_annotation/Prokka/E745_spades/E745_spades:tig00000001_2 (length 392)
/home/yuch3531/genome_analysis_project/5_genome_annotation/Prokka/E745_spades/E745_spades:tig00000001_3 (length 100)
/home/yuch3531/genome_analysis_project/5_genome_annotation/Prokka/E745_spades/E745_spades:tig00000001_4 (length 257)
/home/yuch3531/genome_analysis_project/5_genome_annotation/Prokka/E745_spades/E745_spades:tig00000001_5 (length 116)
/home/yuch3531/genome_analysis_project/5_genome_annotation/Prokka/E745_spades/E745_spades:tig00000001_6 (length 40)
/home/yuch3531/genome_analysis_project/5_genome_annotation/Prokka/E745_spades/E745_spades:tig00000001_7 (length 190)
/home/yuch3531/genome_analysis_project/5_genome_annotation/Prokka/E745_spades/E745_spades:tig00000001_8 (length 482)
/home/yuch3531/genome_analysis_project/5_genome_annotation/Prokka/E745_spades/E745_spades:tig00000001_9 (length 169)
/home/yuch3531/genome_analysis_project/5_genome_annotation/Prokka/E745_spades/E745_spades:tig00000001_10 (length 241)
/home/yuch3531/genome_analysis_project/5_genome_annotation/Prokka/E745_spades/E745_spades:tig00000001_11 (length 706)
/home/yuch3531/genome_analysis_project/5_genome_annotation/Prokka/E745_spades/E745_spades:tig00000001_12 (length 392)
/home/yuch3531/genome_analysis_project/5_genome_annotation/Prokka/E745_spades/E745_spades:tig00000001_13 (length 252)
/home/yuch3531/genome_analysis_project/5_genome_annotation/Prokka/E745_spades/E745_spades:tig00000001_14 (length 161)
/home/yuch3531/genome_analysis_project/5_genome_annotation/Prokka/E745_spades/E745_spades:tig00000001_15 (length 417)
/home/yuch3531/genome_analysis_project/5_genome_annotation/Prokka/E745_spades/E745_spades:tig00000001_16 (length 449)
/home/yuch3531/genome_analysis_project/5_genome_annotation/Prokka/E745_spades/E745_spades:tig00000001_17 (length 448)
/home/yuch3531/genome_analysis_project/5_genome_annotation/Prokka/E745_spades/E745_spades:tig00000001_18 (length 431)
/home/yuch3531/genome_analysis_project/5_genome_annotation/Prokka/E745_spades/E745_spades:tig00000001_19 (length 128)
/home/yuch3531/genome_analysis_project/5_genome_annotation/Prokka/E745_spades/E745_spades:tig00000001_20 (length 481)
/home/yuch3531/genome_analysis_project/5_genome_annotation/Prokka/E745_spades/E745_spades:tig00000001_21 (length 260)
/home/yuch3531/genome_analysis_project/5_genome_annotation/Prokka/E745_spades/E745_spades:tig00000001_22 (length 319)
/home/yuch3531/genome_analysis_project/5_genome_annotation/Prokka/E745_spades/E745_spades:tig00000001_23 (length 49)
/home/yuch3531/genome_analysis_project/5_genome_annotation/Prokka/E745_spades/E745_spades:tig00000001_24 (length 70)
/home/yuch3531/genome_analysis_project/5_genome_annotation/Prokka/E745_spades/E745_spades:tig00000001_25 (length 36)
/home/yuch3531/genome_analysis_project/5_genome_annotation/Prokka/E745_spades/E745_spades:tig00000001_26 (length 599)
/home/yuch3531/genome_analysis_project/5_genome_annotation/Prokka/E745_spades/E745_spades:tig00000001_27 (length 198)
/home/yuch3531/genome_analysis_project/5_genome_annotation/Prokka/E745_spades/E745_spades:tig00000001_28 (length 317)
/home/yuch3531/genome_analysis_project/5_genome_annotation/Prokka/E745_spades/E745_spades:tig00000001_29 (length 114)
/home/yuch3531/genome_analysis_project/5_genome_annotation/Prokka/E745_spades/E745_spades:tig00000001_30 (length 139)
/home/yuch3531/genome_analysis_project/5_genome_annotation/Prokka/E745_spades/E745_spades:tig00000001_31 (length 116)
/home/yuch3531/genome_analysis_project/5_genome_annotation/Prokka/E745_spades/E745_spades:tig00000001_32 (length 443)
/home/yuch3531/genome_analysis_project/5_genome_annotation/Prokka/E745_spades/E745_spades:tig00000001_33 (length 188)
/home/yuch3531/genome_analysis_project/5_genome_annotation/Prokka/E745_spades/E745_spades:tig00000001_34 (length 401)
/home/yuch3531/genome_analysis_project/5_genome_annotation/Prokka/E745_spades/E745_spades:tig00000001_35 (length 146)
/home/yuch3531/genome_analysis_project/5_genome_annotation/Prokka/E745_spades/E745_spades:tig00000001_36 (length 217)
/home/yuch3531/genome_analysis_project/5_genome_annotation/Prokka/E745_spades/E745_spades:tig00000001_37 (length 140)
/home/yuch3531/genome_analysis_project/5_genome_annotation/Prokka/E745_spades/E745_spades:tig00000001_38 (length 124)
/home/yuch3531/genome_analysis_project/5_genome_annotation/Prokka/E745_spades/E745_spades:tig00000001_39 (length 60)
/home/yuch3531/genome_analysis_project/5_genome_annotation/Prokka/E745_spades/E745_spades:tig00000001_40 (length 106)
/home/yuch3531/genome_analysis_project/5_genome_annotation/Prokka/E745_spades/E745_spades:tig00000001_41 (length 56)
/home/yuch3531/genome_analysis_project/5_genome_annotation/Prokka/E745_spades/E745_spades:tig00000001_42 (length 50)
/home/yuch3531/genome_analysis_project/5_genome_annotation/Prokka/E745_spades/E745_spades:tig00000001_43 (length 160)
/home/yuch3531/genome_analysis_project/5_genome_annotation/Prokka/E745_spades/E745_spades:tig00000001_44 (length 232)
/home/yuch3531/genome_analysis_project/5_genome_annotation/Prokka/E745_spades/E745_spades:tig00000001_45 (length 113)
/home/yuch3531/genome_analysis_project/5_genome_annotation/Prokka/E745_spades/E745_spades:tig00000001_46 (length 223)
/home/yuch3531/genome_analysis_project/5_genome_annotation/Prokka/E745_spades/E745_spades:tig00000001_47 (length 228)
/home/yuch3531/genome_analysis_project/5_genome_annotation/Prokka/E745_spades/E745_spades:tig00000001_48 (length 249)
/home/yuch3531/genome_analysis_project/5_genome_annotation/Prokka/E745_spades/E745_spades:tig00000001_49 (length 89)
/home/yuch3531/genome_analysis_project/5_genome_annotation/Prokka/E745_spades/E745_spades:tig00000001_50 (length 54)
/home/yuch3531/genome_analysis_project/5_genome_annotation/Prokka/E745_spades/E745_spades:tig00000001_51 (length 101)
/home/yuch3531/genome_analysis_project/5_genome_annotation/Prokka/E745_spades/E745_spades:tig00000001_52 (length 96)
/home/yuch3531/genome_analysis_project/5_genome_annotation/Prokka/E745_spades/E745_spades:tig00000001_53 (length 118)
/home/yuch3531/genome_analysis_project/5_genome_annotation/Prokka/E745_spades/E745_spades:tig00000001_54 (length 81)
/home/yuch3531/genome_analysis_project/5_genome_annotation/Prokka/E745_spades/E745_spades:tig00000001_55 (length 139)
/home/yuch3531/genome_analysis_project/5_genome_annotation/Prokka/E745_spades/E745_spades:tig00000001_56 (length 188)
/home/yuch3531/genome_analysis_project/5_genome_annotation/Prokka/E745_spades/E745_spades:tig00000001_57 (length 44)
/home/yuch3531/genome_analysis_project/5_genome_annotation/Prokka/E745_spades/E745_spades:tig00000001_58 (length 229)
/home/yuch3531/genome_analysis_project/5_genome_annotation/Prokka/E745_spades/E745_spades:tig00000001_59 (length 158)
/home/yuch3531/genome_analysis_project/5_genome_annotation/Prokka/E745_spades/E745_spades:tig00000001_60 (length 98)
/home/yuch3531/genome_analysis_project/5_genome_annotation/Prokka/E745_spades/E745_spades:tig00000001_61 (length 128)
/home/yuch3531/genome_analysis_project/5_genome_annotation/Prokka/E745_spades/E745_spades:tig00000001_62 (length 128)
/home/yuch3531/genome_analysis_project/5_genome_annotation/Prokka/E745_spades/E745_spades:tig00000001_63 (length 126)
/home/yuch3531/genome_analysis_project/5_genome_annotation/Prokka/E745_spades/E745_spades:tig00000001_64 (length 150)
/home/yuch3531/genome_analysis_project/5_genome_annotation/Prokka/E745_spades/E745_spades:tig00000001_65 (length 575)
/home/yuch3531/genome_analysis_project/5_genome_annotation/Prokka/E745_spades/E745_spades:tig00000001_66 (length 376)
/home/yuch3531/genome_analysis_project/5_genome_annotation/Prokka/E745_spades/E745_spades:tig00000001_67 (length 189)
/home/yuch3531/genome_analysis_project/5_genome_annotation/Prokka/E745_spades/E745_spades:tig00000001_68 (length 453)
/home/yuch3531/genome_analysis_project/5_genome_annotation/Prokka/E745_spades/E745_spades:tig00000001_69 (length 92)
/home/yuch3531/genome_analysis_project/5_genome_annotation/Prokka/E745_spades/E745_spades:tig00000001_70 (length 108)
/home/yuch3531/genome_analysis_project/5_genome_annotation/Prokka/E745_spades/E745_spades:tig00000001_71 (length 112)
/home/yuch3531/genome_analysis_project/5_genome_annotation/Prokka/E745_spades/E745_spades:tig00000001_72 (length 121)
/home/yuch3531/genome_analysis_project/5_genome_annotation/Prokka/E745_spades/E745_spades:tig00000001_73 (length 208)
/home/yuch3531/genome_analysis_project/5_genome_annotation/Prokka/E745_spades/E745_spades:tig00000001_74 (length 154)
/home/yuch3531/genome_analysis_project/5_genome_annotation/Prokka/E745_spades/E745_spades:tig00000001_75 (length 769)
/home/yuch3531/genome_analysis_project/5_genome_annotation/Prokka/E745_spades/E745_spades:tig00000001_76 (length 239)
/home/yuch3531/genome_analysis_project/5_genome_annotation/Prokka/E745_spades/E745_spades:tig00000001_77 (length 901)
/home/yuch3531/genome_analysis_project/5_genome_annotation/Prokka/E745_spades/E745_spades:tig00000001_78 (length 572)
/home/yuch3531/genome_analysis_project/5_genome_annotation/Prokka/E745_spades/E745_spades:tig00000001_79 (length 260)
/home/yuch3531/genome_analysis_project/5_genome_annotation/Prokka/E745_spades/E745_spades:tig00000001_80 (length 688)
/home/yuch3531/genome_analysis_project/5_genome_annotation/Prokka/E745_spades/E745_spades:tig00000001_81 (length 148)
/home/yuch3531/genome_analysis_project/5_genome_annotation/Prokka/E745_spades/E745_spades:tig00000001_82 (length 45)
/home/yuch3531/genome_analysis_project/5_genome_annotation/Prokka/E745_spades/E745_spades:tig00000001_83 (length 97)
/home/yuch3531/genome_analysis_project/5_genome_annotation/Prokka/E745_spades/E745_spades:tig00000001_84 (length 65)
/home/yuch3531/genome_analysis_project/5_genome_annotation/Prokka/E745_spades/E745_spades:tig00000001_85 (length 339)
/home/yuch3531/genome_analysis_project/5_genome_annotation/Prokka/E745_spades/E745_spades:tig00000001_86 (length 268)
/home/yuch3531/genome_analysis_project/5_genome_annotation/Prokka/E745_spades/E745_spades:tig00000001_87 (length 178)
/home/yuch3531/genome_analysis_project/5_genome_annotation/Prokka/E745_spades/E745_spades:tig00000001_88 (length 193)
/home/yuch3531/genome_analysis_project/5_genome_annotation/Prokka/E745_spades/E745_spades:tig00000001_89 (length 392)
/home/yuch3531/genome_analysis_project/5_genome_annotation/Prokka/E745_spades/E745_spades:tig00000001_90 (length 116)
/home/yuch3531/genome_analysis_project/5_genome_annotation/Prokka/E745_spades/E745_spades:tig00000001_91 (length 481)
/home/yuch3531/genome_analysis_project/5_genome_annotation/Prokka/E745_spades/E745_spades:tig00000001_92 (length 631)
/home/yuch3531/genome_analysis_project/5_genome_annotation/Prokka/E745_spades/E745_spades:tig00000001_93 (length 148)
/home/yuch3531/genome_analysis_project/5_genome_annotation/Prokka/E745_spades/E745_spades:tig00000001_94 (length 49)
/home/yuch3531/genome_analysis_project/5_genome_annotation/Prokka/E745_spades/E745_spades:tig00000001_95 (length 172)
/home/yuch3531/genome_analysis_project/5_genome_annotation/Prokka/E745_spades/E745_spades:tig00000001_96 (length 318)
/home/yuch3531/genome_analysis_project/5_genome_annotation/Prokka/E745_spades/E745_spades:tig00000001_97 (length 268)
/home/yuch3531/genome_analysis_project/5_genome_annotation/Prokka/E745_spades/E745_spades:tig00000001_98 (length 329)
/home/yuch3531/genome_analysis_project/5_genome_annotation/Prokka/E745_spades/E745_spades:tig00000001_99 (length 334)
/home/yuch3531/genome_analysis_project/5_genome_annotation/Prokka/E745_spades/E745_spades:tig00000001_100 (length 180)
/home/yuch3531/genome_analysis_project/5_genome_annotation/Prokka/E745_spades/E745_spades:tig00000001_101 (length 232)
/home/yuch3531/genome_analysis_project/5_genome_annotation/Prokka/E745_spades/E745_spades:tig00000001_102 (length 70)
/home/yuch3531/genome_analysis_project/5_genome_annotation/Prokka/E745_spades/E745_spades:tig00000001_103 (length 320)
/home/yuch3531/genome_analysis_project/5_genome_annotation/Prokka/E745_spades/E745_spades:tig00000001_104 (length 131)
/home/yuch3531/genome_analysis_project/5_genome_annotation/Prokka/E745_spades/E745_spades:tig00000001_105 (length 121)
/home/yuch3531/genome_analysis_project/5_genome_annotation/Prokka/E745_spades/E745_spades:tig00000001_106 (length 603)
/home/yuch3531/genome_analysis_project/5_genome_annotation/Prokka/E745_spades/E745_spades:tig00000001_107 (length 55)
/home/yuch3531/genome_analysis_project/5_genome_annotation/Prokka/E745_spades/E745_spades:tig00000001_108 (length 329)
/home/yuch3531/genome_analysis_project/5_genome_annotation/Prokka/E745_spades/E745_spades:tig00000001_109 (length 494)
/home/yuch3531/genome_analysis_project/5_genome_annotation/Prokka/E745_spades/E745_spades:tig00000001_110 (length 326)
/home/yuch3531/genome_analysis_project/5_genome_annotation/Prokka/E745_spades/E745_spades:tig00000001_111 (length 274)
/home/yuch3531/genome_analysis_project/5_genome_annotation/Prokka/E745_spades/E745_spades:tig00000001_112 (length 180)
/home/yuch3531/genome_analysis_project/5_genome_annotation/Prokka/E745_spades/E745_spades:tig00000001_113 (length 154)
/home/yuch3531/genome_analysis_project/5_genome_annotation/Prokka/E745_spades/E745_spades:tig00000001_114 (length 338)
/home/yuch3531/genome_analysis_project/5_genome_annotation/Prokka/E745_spades/E745_spades:tig00000001_115 (length 233)
/home/yuch3531/genome_analysis_project/5_genome_annotation/Prokka/E745_spades/E745_spades:tig00000001_116 (length 409)
/home/yuch3531/genome_analysis_project/5_genome_annotation/Prokka/E745_spades/E745_spades:tig00000001_117 (length 339)
/home/yuch3531/genome_analysis_project/5_genome_annotation/Prokka/E745_spades/E745_spades:tig00000001_118 (length 315)
/home/yuch3531/genome_analysis_project/5_genome_annotation/Prokka/E745_spades/E745_spades:tig00000001_119 (length 563)
/home/yuch3531/genome_analysis_project/5_genome_annotation/Prokka/E745_spades/E745_spades:tig00000001_120 (length 181)
/home/yuch3531/genome_analysis_project/5_genome_annotation/Prokka/E745_spades/E745_spades:tig00000001_121 (length 42)
/home/yuch3531/genome_analysis_project/5_genome_annotation/Prokka/E745_spades/E745_spades:tig00000001_122 (length 363)
/home/yuch3531/genome_analysis_project/5_genome_annotation/Prokka/E745_spades/E745_spades:tig00000001_123 (length 159)
/home/yuch3531/genome_analysis_project/5_genome_annotation/Prokka/E745_spades/E745_spades:tig00000001_124 (length 260)
/home/yuch3531/genome_analysis_project/5_genome_annotation/Prokka/E745_spades/E745_spades:tig00000001_125 (length 293)
/home/yuch3531/genome_analysis_project/5_genome_annotation/Prokka/E745_spades/E745_spades:tig00000001_126 (length 240)
/home/yuch3531/genome_analysis_project/5_genome_annotation/Prokka/E745_spades/E745_spades:tig00000001_127 (length 185)
/home/yuch3531/genome_analysis_project/5_genome_annotation/Prokka/E745_spades/E745_spades:tig00000001_128 (length 270)
/home/yuch3531/genome_analysis_project/5_genome_annotation/Prokka/E745_spades/E745_spades:tig00000001_129 (length 266)
/home/yuch3531/genome_analysis_project/5_genome_annotation/Prokka/E745_spades/E745_spades:tig00000001_130 (length 422)
/home/yuch3531/genome_analysis_project/5_genome_annotation/Prokka/E745_spades/E745_spades:tig00000001_131 (length 569)
/home/yuch3531/genome_analysis_project/5_genome_annotation/Prokka/E745_spades/E745_spades:tig00000001_132 (length 1452)
/home/yuch3531/genome_analysis_project/5_genome_annotation/Prokka/E745_spades/E745_spades:tig00000001_133 (length 157)
/home/yuch3531/genome_analysis_project/5_genome_annotation/Prokka/E745_spades/E745_spades:tig00000001_134 (length 391)
/home/yuch3531/genome_analysis_project/5_genome_annotation/Prokka/E745_spades/E745_spades:tig00000001_135 (length 97)
/home/yuch3531/genome_analysis_project/5_genome_annotation/Prokka/E745_spades/E745_spades:tig00000001_136 (length 103)
/home/yuch3531/genome_analysis_project/5_genome_annotation/Prokka/E745_spades/E745_spades:tig00000001_137 (length 768)
/home/yuch3531/genome_analysis_project/5_genome_annotation/Prokka/E745_spades/E745_spades:tig00000001_138 (length 115)
/home/yuch3531/genome_analysis_project/5_genome_annotation/Prokka/E745_spades/E745_spades:tig00000001_139 (length 155)
/home/yuch3531/genome_analysis_project/5_genome_annotation/Prokka/E745_spades/E745_spades:tig00000001_140 (length 329)
/home/yuch3531/genome_analysis_project/5_genome_annotation/Prokka/E745_spades/E745_spades:tig00000001_141 (length 294)
/home/yuch3531/genome_analysis_project/5_genome_annotation/Prokka/E745_spades/E745_spades:tig00000001_142 (length 307)
/home/yuch3531/genome_analysis_project/5_genome_annotation/Prokka/E745_spades/E745_spades:tig00000001_143 (length 313)
/home/yuch3531/genome_analysis_project/5_genome_annotation/Prokka/E745_spades/E745_spades:tig00000001_144 (length 261)
/home/yuch3531/genome_analysis_project/5_genome_annotation/Prokka/E745_spades/E745_spades:tig00000001_145 (length 283)
/home/yuch3531/genome_analysis_project/5_genome_annotation/Prokka/E745_spades/E745_spades:tig00000001_146 (length 150)
/home/yuch3531/genome_analysis_project/5_genome_annotation/Prokka/E745_spades/E745_spades:tig00000001_147 (length 122)
/home/yuch3531/genome_analysis_project/5_genome_annotation/Prokka/E745_spades/E745_spades:tig00000001_148 (length 160)
/home/yuch3531/genome_analysis_project/5_genome_annotation/Prokka/E745_spades/E745_spades:tig00000001_149 (length 336)
/home/yuch3531/genome_analysis_project/5_genome_annotation/Prokka/E745_spades/E745_spades:tig00000001_150 (length 237)
/home/yuch3531/genome_analysis_project/5_genome_annotation/Prokka/E745_spades/E745_spades:tig00000001_151 (length 196)
/home/yuch3531/genome_analysis_project/5_genome_annotation/Prokka/E745_spades/E745_spades:tig00000001_152 (length 75)
/home/yuch3531/genome_analysis_project/5_genome_annotation/Prokka/E745_spades/E745_spades:tig00000001_153 (length 388)
/home/yuch3531/genome_analysis_project/5_genome_annotation/Prokka/E745_spades/E745_spades:tig00000001_154 (length 347)
/home/yuch3531/genome_analysis_project/5_genome_annotation/Prokka/E745_spades/E745_spades:tig00000001_155 (length 187)
/home/yuch3531/genome_analysis_project/5_genome_annotation/Prokka/E745_spades/E745_spades:tig00000001_156 (length 609)
/home/yuch3531/genome_analysis_project/5_genome_annotation/Prokka/E745_spades/E745_spades:tig00000001_157 (length 388)
/home/yuch3531/genome_analysis_project/5_genome_annotation/Prokka/E745_spades/E745_spades:tig00000001_158 (length 209)
/home/yuch3531/genome_analysis_project/5_genome_annotation/Prokka/E745_spades/E745_spades:tig00000001_159 (length 245)
/home/yuch3531/genome_analysis_project/5_genome_annotation/Prokka/E745_spades/E745_spades:tig00000001_160 (length 500)
/home/yuch3531/genome_analysis_project/5_genome_annotation/Prokka/E745_spades/E745_spades:tig00000001_161 (length 664)
/home/yuch3531/genome_analysis_project/5_genome_annotation/Prokka/E745_spades/E745_spades:tig00000001_162 (length 938)
/home/yuch3531/genome_analysis_project/5_genome_annotation/Prokka/E745_spades/E745_spades:tig00000001_163 (length 421)
/home/yuch3531/genome_analysis_project/5_genome_annotation/Prokka/E745_spades/E745_spades:tig00000001_164 (length 243)
/home/yuch3531/genome_analysis_project/5_genome_annotation/Prokka/E745_spades/E745_spades:tig00000001_165 (length 294)
/home/yuch3531/genome_analysis_project/5_genome_annotation/Prokka/E745_spades/E745_spades:tig00000001_166 (length 332)
/home/yuch3531/genome_analysis_project/5_genome_annotation/Prokka/E745_spades/E745_spades:tig00000001_167 (length 311)
/home/yuch3531/genome_analysis_project/5_genome_annotation/Prokka/E745_spades/E745_spades:tig00000001_168 (length 66)
/home/yuch3531/genome_analysis_project/5_genome_annotation/Prokka/E745_spades/E745_spades:tig00000001_169 (length 208)
/home/yuch3531/genome_analysis_project/5_genome_annotation/Prokka/E745_spades/E745_spades:tig00000001_170 (length 138)
/home/yuch3531/genome_analysis_project/5_genome_annotation/Prokka/E745_spades/E745_spades:tig00000001_171 (length 317)
/home/yuch3531/genome_analysis_project/5_genome_annotation/Prokka/E745_spades/E745_spades:tig00000001_172 (length 83)
/home/yuch3531/genome_analysis_project/5_genome_annotation/Prokka/E745_spades/E745_spades:tig00000001_173 (length 85)
/home/yuch3531/genome_analysis_project/5_genome_annotation/Prokka/E745_spades/E745_spades:tig00000001_174 (length 195)
/home/yuch3531/genome_analysis_project/5_genome_annotation/Prokka/E745_spades/E745_spades:tig00000001_175 (length 185)
/home/yuch3531/genome_analysis_project/5_genome_annotation/Prokka/E745_spades/E745_spades:tig00000001_176 (length 173)
/home/yuch3531/genome_analysis_project/5_genome_annotation/Prokka/E745_spades/E745_spades:tig00000001_177 (length 1230)
/home/yuch3531/genome_analysis_project/5_genome_annotation/Prokka/E745_spades/E745_spades:tig00000001_178 (length 295)
/home/yuch3531/genome_analysis_project/5_genome_annotation/Prokka/E745_spades/E745_spades:tig00000001_179 (length 389)
/home/yuch3531/genome_analysis_project/5_genome_annotation/Prokka/E745_spades/E745_spades:tig00000001_180 (length 451)
/home/yuch3531/genome_analysis_project/5_genome_annotation/Prokka/E745_spades/E745_spades:tig00000001_181 (length 601)
/home/yuch3531/genome_analysis_project/5_genome_annotation/Prokka/E745_spades/E745_spades:tig00000001_182 (length 96)
/home/yuch3531/genome_analysis_project/5_genome_annotation/Prokka/E745_spades/E745_spades:tig00000001_183 (length 341)
/home/yuch3531/genome_analysis_project/5_genome_annotation/Prokka/E745_spades/E745_spades:tig00000001_184 (length 219)
/home/yuch3531/genome_analysis_project/5_genome_annotation/Prokka/E745_spades/E745_spades:tig00000001_185 (length 305)
/home/yuch3531/genome_analysis_project/5_genome_annotation/Prokka/E745_spades/E745_spades:tig00000001_186 (length 429)
/home/yuch3531/genome_analysis_project/5_genome_annotation/Prokka/E745_spades/E745_spades:tig00000001_187 (length 416)
/home/yuch3531/genome_analysis_project/5_genome_annotation/Prokka/E745_spades/E745_spades:tig00000001_188 (length 195)
/home/yuch3531/genome_analysis_project/5_genome_annotation/Prokka/E745_spades/E745_spades:tig00000001_189 (length 51)
/home/yuch3531/genome_analysis_project/5_genome_annotation/Prokka/E745_spades/E745_spades:tig00000001_190 (length 442)
/home/yuch3531/genome_analysis_project/5_genome_annotation/Prokka/E745_spades/E745_spades:tig00000001_191 (length 69)
/home/yuch3531/genome_analysis_project/5_genome_annotation/Prokka/E745_spades/E745_spades:tig00000001_192 (length 250)
/home/yuch3531/genome_analysis_project/5_genome_annotation/Prokka/E745_spades/E745_spades:tig00000001_193 (length 304)
/home/yuch3531/genome_analysis_project/5_genome_annotation/Prokka/E745_spades/E745_spades:tig00000001_194 (length 643)
/home/yuch3531/genome_analysis_project/5_genome_annotation/Prokka/E745_spades/E745_spades:tig00000001_195 (length 519)
/home/yuch3531/genome_analysis_project/5_genome_annotation/Prokka/E745_spades/E745_spades:tig00000001_196 (length 744)
/home/yuch3531/genome_analysis_project/5_genome_annotation/Prokka/E745_spades/E745_spades:tig00000001_197 (length 678)
/home/yuch3531/genome_analysis_project/5_genome_annotation/Prokka/E745_spades/E745_spades:tig00000001_198 (length 101)
/home/yuch3531/genome_analysis_project/5_genome_annotation/Prokka/E745_spades/E745_spades:tig00000001_199 (length 490)
/home/yuch3531/genome_analysis_project/5_genome_annotation/Prokka/E745_spades/E745_spades:tig00000001_200 (length 476)
/home/yuch3531/genome_analysis_project/5_genome_annotation/Prokka/E745_spades/E745_spades:tig00000001_201 (length 351)
/home/yuch3531/genome_analysis_project/5_genome_annotation/Prokka/E745_spades/E745_spades:tig00000001_202 (length 457)
/home/yuch3531/genome_analysis_project/5_genome_annotation/Prokka/E745_spades/E745_spades:tig00000001_203 (length 42)
/home/yuch3531/genome_analysis_project/5_genome_annotation/Prokka/E745_spades/E745_spades:tig00000001_204 (length 337)
/home/yuch3531/genome_analysis_project/5_genome_annotation/Prokka/E745_spades/E745_spades:tig00000001_205 (length 344)
/home/yuch3531/genome_analysis_project/5_genome_annotation/Prokka/E745_spades/E745_spades:tig00000001_206 (length 741)
/home/yuch3531/genome_analysis_project/5_genome_annotation/Prokka/E745_spades/E745_spades:tig00000001_207 (length 627)
/home/yuch3531/genome_analysis_project/5_genome_annotation/Prokka/E745_spades/E745_spades:tig00000001_208 (length 324)
/home/yuch3531/genome_analysis_project/5_genome_annotation/Prokka/E745_spades/E745_spades:tig00000001_209 (length 340)
/home/yuch3531/genome_analysis_project/5_genome_annotation/Prokka/E745_spades/E745_spades:tig00000001_210 (length 354)
/home/yuch3531/genome_analysis_project/5_genome_annotation/Prokka/E745_spades/E745_spades:tig00000001_211 (length 388)
/home/yuch3531/genome_analysis_project/5_genome_annotation/Prokka/E745_spades/E745_spades:tig00000001_212 (length 363)
/home/yuch3531/genome_analysis_project/5_genome_annotation/Prokka/E745_spades/E745_spades:tig00000001_213 (length 431)
/home/yuch3531/genome_analysis_project/5_genome_annotation/Prokka/E745_spades/E745_spades:tig00000001_214 (length 169)
/home/yuch3531/genome_analysis_project/5_genome_annotation/Prokka/E745_spades/E745_spades:tig00000001_215 (length 278)
/home/yuch3531/genome_analysis_project/5_genome_annotation/Prokka/E745_spades/E745_spades:tig00000001_216 (length 578)
/home/yuch3531/genome_analysis_project/5_genome_annotation/Prokka/E745_spades/E745_spades:tig00000001_217 (length 291)
/home/yuch3531/genome_analysis_project/5_genome_annotation/Prokka/E745_spades/E745_spades:tig00000001_218 (length 192)
/home/yuch3531/genome_analysis_project/5_genome_annotation/Prokka/E745_spades/E745_spades:tig00000001_219 (length 428)
/home/yuch3531/genome_analysis_project/5_genome_annotation/Prokka/E745_spades/E745_spades:tig00000001_220 (length 289)
/home/yuch3531/genome_analysis_project/5_genome_annotation/Prokka/E745_spades/E745_spades:tig00000001_221 (length 289)
/home/yuch3531/genome_analysis_project/5_genome_annotation/Prokka/E745_spades/E745_spades:tig00000001_222 (length 223)
/home/yuch3531/genome_analysis_project/5_genome_annotation/Prokka/E745_spades/E745_spades:tig00000001_223 (length 257)
/home/yuch3531/genome_analysis_project/5_genome_annotation/Prokka/E745_spades/E745_spades:tig00000001_224 (length 132)
/home/yuch3531/genome_analysis_project/5_genome_annotation/Prokka/E745_spades/E745_spades:tig00000001_225 (length 223)
/home/yuch3531/genome_analysis_project/5_genome_annotation/Prokka/E745_spades/E745_spades:tig00000001_226 (length 146)
/home/yuch3531/genome_analysis_project/5_genome_annotation/Prokka/E745_spades/E745_spades:tig00000001_227 (length 222)
/home/yuch3531/genome_analysis_project/5_genome_annotation/Prokka/E745_spades/E745_spades:tig00000001_228 (length 207)
/home/yuch3531/genome_analysis_project/5_genome_annotation/Prokka/E745_spades/E745_spades:tig00000001_229 (length 128)
/home/yuch3531/genome_analysis_project/5_genome_annotation/Prokka/E745_spades/E745_spades:tig00000001_230 (length 463)
/home/yuch3531/genome_analysis_project/5_genome_annotation/Prokka/E745_spades/E745_spades:tig00000001_231 (length 122)
/home/yuch3531/genome_analysis_project/5_genome_annotation/Prokka/E745_spades/E745_spades:tig00000001_232 (length 43)
/home/yuch3531/genome_analysis_project/5_genome_annotation/Prokka/E745_spades/E745_spades:tig00000001_233 (length 313)
/home/yuch3531/genome_analysis_project/5_genome_annotation/Prokka/E745_spades/E745_spades:tig00000001_234 (length 243)
/home/yuch3531/genome_analysis_project/5_genome_annotation/Prokka/E745_spades/E745_spades:tig00000001_235 (length 726)
/home/yuch3531/genome_analysis_project/5_genome_annotation/Prokka/E745_spades/E745_spades:tig00000001_236 (length 160)
/home/yuch3531/genome_analysis_project/5_genome_annotation/Prokka/E745_spades/E745_spades:tig00000001_237 (length 253)
/home/yuch3531/genome_analysis_project/5_genome_annotation/Prokka/E745_spades/E745_spades:tig00000001_238 (length 444)
/home/yuch3531/genome_analysis_project/5_genome_annotation/Prokka/E745_spades/E745_spades:tig00000001_239 (length 161)
/home/yuch3531/genome_analysis_project/5_genome_annotation/Prokka/E745_spades/E745_spades:tig00000001_240 (length 227)
/home/yuch3531/genome_analysis_project/5_genome_annotation/Prokka/E745_spades/E745_spades:tig00000001_241 (length 881)
/home/yuch3531/genome_analysis_project/5_genome_annotation/Prokka/E745_spades/E745_spades:tig00000001_242 (length 278)
/home/yuch3531/genome_analysis_project/5_genome_annotation/Prokka/E745_spades/E745_spades:tig00000001_243 (length 209)
/home/yuch3531/genome_analysis_project/5_genome_annotation/Prokka/E745_spades/E745_spades:tig00000001_244 (length 110)
/home/yuch3531/genome_analysis_project/5_genome_annotation/Prokka/E745_spades/E745_spades:tig00000001_245 (length 163)
/home/yuch3531/genome_analysis_project/5_genome_annotation/Prokka/E745_spades/E745_spades:tig00000001_246 (length 457)
/home/yuch3531/genome_analysis_project/5_genome_annotation/Prokka/E745_spades/E745_spades:tig00000001_247 (length 73)
/home/yuch3531/genome_analysis_project/5_genome_annotation/Prokka/E745_spades/E745_spades:tig00000001_248 (length 235)
/home/yuch3531/genome_analysis_project/5_genome_annotation/Prokka/E745_spades/E745_spades:tig00000001_249 (length 146)
/home/yuch3531/genome_analysis_project/5_genome_annotation/Prokka/E745_spades/E745_spades:tig00000001_250 (length 431)
/home/yuch3531/genome_analysis_project/5_genome_annotation/Prokka/E745_spades/E745_spades:tig00000001_251 (length 67)
/home/yuch3531/genome_analysis_project/5_genome_annotation/Prokka/E745_spades/E745_spades:tig00000001_252 (length 137)
/home/yuch3531/genome_analysis_project/5_genome_annotation/Prokka/E745_spades/E745_spades:tig00000001_253 (length 90)
/home/yuch3531/genome_analysis_project/5_genome_annotation/Prokka/E745_spades/E745_spades:tig00000001_254 (length 288)
/home/yuch3531/genome_analysis_project/5_genome_annotation/Prokka/E745_spades/E745_spades:tig00000001_255 (length 410)
/home/yuch3531/genome_analysis_project/5_genome_annotation/Prokka/E745_spades/E745_spades:tig00000001_256 (length 302)
/home/yuch3531/genome_analysis_project/5_genome_annotation/Prokka/E745_spades/E745_spades:tig00000001_257 (length 90)
/home/yuch3531/genome_analysis_project/5_genome_annotation/Prokka/E745_spades/E745_spades:tig00000001_258 (length 348)
/home/yuch3531/genome_analysis_project/5_genome_annotation/Prokka/E745_spades/E745_spades:tig00000001_259 (length 869)
/home/yuch3531/genome_analysis_project/5_genome_annotation/Prokka/E745_spades/E745_spades:tig00000001_260 (length 223)
/home/yuch3531/genome_analysis_project/5_genome_annotation/Prokka/E745_spades/E745_spades:tig00000001_261 (length 164)
/home/yuch3531/genome_analysis_project/5_genome_annotation/Prokka/E745_spades/E745_spades:tig00000001_262 (length 406)
/home/yuch3531/genome_analysis_project/5_genome_annotation/Prokka/E745_spades/E745_spades:tig00000001_263 (length 611)
/home/yuch3531/genome_analysis_project/5_genome_annotation/Prokka/E745_spades/E745_spades:tig00000001_264 (length 375)
/home/yuch3531/genome_analysis_project/5_genome_annotation/Prokka/E745_spades/E745_spades:tig00000001_265 (length 317)
/home/yuch3531/genome_analysis_project/5_genome_annotation/Prokka/E745_spades/E745_spades:tig00000001_266 (length 392)
/home/yuch3531/genome_analysis_project/5_genome_annotation/Prokka/E745_spades/E745_spades:tig00000001_267 (length 137)
/home/yuch3531/genome_analysis_project/5_genome_annotation/Prokka/E745_spades/E745_spades:tig00000001_268 (length 161)
/home/yuch3531/genome_analysis_project/5_genome_annotation/Prokka/E745_spades/E745_spades:tig00000001_269 (length 71)
/home/yuch3531/genome_analysis_project/5_genome_annotation/Prokka/E745_spades/E745_spades:tig00000001_270 (length 266)
/home/yuch3531/genome_analysis_project/5_genome_annotation/Prokka/E745_spades/E745_spades:tig00000001_271 (length 622)
/home/yuch3531/genome_analysis_project/5_genome_annotation/Prokka/E745_spades/E745_spades:tig00000001_272 (length 163)
/home/yuch3531/genome_analysis_project/5_genome_annotation/Prokka/E745_spades/E745_spades:tig00000001_273 (length 184)
/home/yuch3531/genome_analysis_project/5_genome_annotation/Prokka/E745_spades/E745_spades:tig00000001_274 (length 331)
/home/yuch3531/genome_analysis_project/5_genome_annotation/Prokka/E745_spades/E745_spades:tig00000001_275 (length 416)
/home/yuch3531/genome_analysis_project/5_genome_annotation/Prokka/E745_spades/E745_spades:tig00000001_276 (length 132)
/home/yuch3531/genome_analysis_project/5_genome_annotation/Prokka/E745_spades/E745_spades:tig00000001_277 (length 236)
/home/yuch3531/genome_analysis_project/5_genome_annotation/Prokka/E745_spades/E745_spades:tig00000001_278 (length 295)
/home/yuch3531/genome_analysis_project/5_genome_annotation/Prokka/E745_spades/E745_spades:tig00000001_279 (length 279)
/home/yuch3531/genome_analysis_project/5_genome_annotation/Prokka/E745_spades/E745_spades:tig00000001_280 (length 324)
/home/yuch3531/genome_analysis_project/5_genome_annotation/Prokka/E745_spades/E745_spades:tig00000001_281 (length 118)
/home/yuch3531/genome_analysis_project/5_genome_annotation/Prokka/E745_spades/E745_spades:tig00000001_282 (length 385)
/home/yuch3531/genome_analysis_project/5_genome_annotation/Prokka/E745_spades/E745_spades:tig00000001_283 (length 146)
/home/yuch3531/genome_analysis_project/5_genome_annotation/Prokka/E745_spades/E745_spades:tig00000001_284 (length 168)
/home/yuch3531/genome_analysis_project/5_genome_annotation/Prokka/E745_spades/E745_spades:tig00000001_285 (length 634)
/home/yuch3531/genome_analysis_project/5_genome_annotation/Prokka/E745_spades/E745_spades:tig00000001_286 (length 333)
/home/yuch3531/genome_analysis_project/5_genome_annotation/Prokka/E745_spades/E745_spades:tig00000001_287 (length 68)
/home/yuch3531/genome_analysis_project/5_genome_annotation/Prokka/E745_spades/E745_spades:tig00000001_288 (length 282)
/home/yuch3531/genome_analysis_project/5_genome_annotation/Prokka/E745_spades/E745_spades:tig00000001_289 (length 300)
/home/yuch3531/genome_analysis_project/5_genome_annotation/Prokka/E745_spades/E745_spades:tig00000001_290 (length 333)
/home/yuch3531/genome_analysis_project/5_genome_annotation/Prokka/E745_spades/E745_spades:tig00000001_291 (length 90)
/home/yuch3531/genome_analysis_project/5_genome_annotation/Prokka/E745_spades/E745_spades:tig00000001_292 (length 265)
/home/yuch3531/genome_analysis_project/5_genome_annotation/Prokka/E745_spades/E745_spades:tig00000001_293 (length 277)
/home/yuch3531/genome_analysis_project/5_genome_annotation/Prokka/E745_spades/E745_spades:tig00000001_294 (length 285)
/home/yuch3531/genome_analysis_project/5_genome_annotation/Prokka/E745_spades/E745_spades:tig00000001_295 (length 169)
/home/yuch3531/genome_analysis_project/5_genome_annotation/Prokka/E745_spades/E745_spades:tig00000001_296 (length 133)
/home/yuch3531/genome_analysis_project/5_genome_annotation/Prokka/E745_spades/E745_spades:tig00000001_297 (length 140)
/home/yuch3531/genome_analysis_project/5_genome_annotation/Prokka/E745_spades/E745_spades:tig00000001_298 (length 147)
/home/yuch3531/genome_analysis_project/5_genome_annotation/Prokka/E745_spades/E745_spades:tig00000001_299 (length 361)
/home/yuch3531/genome_analysis_project/5_genome_annotation/Prokka/E745_spades/E745_spades:tig00000001_300 (length 237)
/home/yuch3531/genome_analysis_project/5_genome_annotation/Prokka/E745_spades/E745_spades:tig00000001_301 (length 49)
/home/yuch3531/genome_analysis_project/5_genome_annotation/Prokka/E745_spades/E745_spades:tig00000001_302 (length 66)
/home/yuch3531/genome_analysis_project/5_genome_annotation/Prokka/E745_spades/E745_spades:tig00000001_303 (length 32)
/home/yuch3531/genome_analysis_project/5_genome_annotation/Prokka/E745_spades/E745_spades:tig00000001_304 (length 121)
/home/yuch3531/genome_analysis_project/5_genome_annotation/Prokka/E745_spades/E745_spades:tig00000001_305 (length 81)
/home/yuch3531/genome_analysis_project/5_genome_annotation/Prokka/E745_spades/E745_spades:tig00000001_306 (length 84)
/home/yuch3531/genome_analysis_project/5_genome_annotation/Prokka/E745_spades/E745_spades:tig00000001_307 (length 101)
/home/yuch3531/genome_analysis_project/5_genome_annotation/Prokka/E745_spades/E745_spades:tig00000001_308 (length 165)
/home/yuch3531/genome_analysis_project/5_genome_annotation/Prokka/E745_spades/E745_spades:tig00000001_309 (length 269)
/home/yuch3531/genome_analysis_project/5_genome_annotation/Prokka/E745_spades/E745_spades:tig00000001_310 (length 285)
/home/yuch3531/genome_analysis_project/5_genome_annotation/Prokka/E745_spades/E745_spades:tig00000001_311 (length 300)
/home/yuch3531/genome_analysis_project/5_genome_annotation/Prokka/E745_spades/E745_spades:tig00000001_312 (length 116)
/home/yuch3531/genome_analysis_project/5_genome_annotation/Prokka/E745_spades/E745_spades:tig00000001_313 (length 312)
/home/yuch3531/genome_analysis_project/5_genome_annotation/Prokka/E745_spades/E745_spades:tig00000001_314 (length 297)
/home/yuch3531/genome_analysis_project/5_genome_annotation/Prokka/E745_spades/E745_spades:tig00000001_315 (length 187)
/home/yuch3531/genome_analysis_project/5_genome_annotation/Prokka/E745_spades/E745_spades:tig00000001_316 (length 62)
/home/yuch3531/genome_analysis_project/5_genome_annotation/Prokka/E745_spades/E745_spades:tig00000001_317 (length 32)
/home/yuch3531/genome_analysis_project/5_genome_annotation/Prokka/E745_spades/E745_spades:tig00000001_318 (length 268)
/home/yuch3531/genome_analysis_project/5_genome_annotation/Prokka/E745_spades/E745_spades:tig00000001_319 (length 80)
/home/yuch3531/genome_analysis_project/5_genome_annotation/Prokka/E745_spades/E745_spades:tig00000001_320 (length 123)
/home/yuch3531/genome_analysis_project/5_genome_annotation/Prokka/E745_spades/E745_spades:tig00000001_321 (length 75)
/home/yuch3531/genome_analysis_project/5_genome_annotation/Prokka/E745_spades/E745_spades:tig00000001_322 (length 157)
/home/yuch3531/genome_analysis_project/5_genome_annotation/Prokka/E745_spades/E745_spades:tig00000001_323 (length 57)
/home/yuch3531/genome_analysis_project/5_genome_annotation/Prokka/E745_spades/E745_spades:tig00000001_324 (length 188)
/home/yuch3531/genome_analysis_project/5_genome_annotation/Prokka/E745_spades/E745_spades:tig00000001_325 (length 62)
/home/yuch3531/genome_analysis_project/5_genome_annotation/Prokka/E745_spades/E745_spades:tig00000001_326 (length 185)
/home/yuch3531/genome_analysis_project/5_genome_annotation/Prokka/E745_spades/E745_spades:tig00000001_327 (length 80)
/home/yuch3531/genome_analysis_project/5_genome_annotation/Prokka/E745_spades/E745_spades:tig00000001_328 (length 431)
/home/yuch3531/genome_analysis_project/5_genome_annotation/Prokka/E745_spades/E745_spades:tig00000001_329 (length 404)
/home/yuch3531/genome_analysis_project/5_genome_annotation/Prokka/E745_spades/E745_spades:tig00000001_330 (length 475)
/home/yuch3531/genome_analysis_project/5_genome_annotation/Prokka/E745_spades/E745_spades:tig00000001_331 (length 308)
/home/yuch3531/genome_analysis_project/5_genome_annotation/Prokka/E745_spades/E745_spades:tig00000001_332 (length 486)
/home/yuch3531/genome_analysis_project/5_genome_annotation/Prokka/E745_spades/E745_spades:tig00000001_333 (length 587)
/home/yuch3531/genome_analysis_project/5_genome_annotation/Prokka/E745_spades/E745_spades:tig00000001_334 (length 118)
/home/yuch3531/genome_analysis_project/5_genome_annotation/Prokka/E745_spades/E745_spades:tig00000001_335 (length 227)
/home/yuch3531/genome_analysis_project/5_genome_annotation/Prokka/E745_spades/E745_spades:tig00000001_336 (length 204)
/home/yuch3531/genome_analysis_project/5_genome_annotation/Prokka/E745_spades/E745_spades:tig00000001_337 (length 68)
/home/yuch3531/genome_analysis_project/5_genome_annotation/Prokka/E745_spades/E745_spades:tig00000001_338 (length 387)
/home/yuch3531/genome_analysis_project/5_genome_annotation/Prokka/E745_spades/E745_spades:tig00000001_339 (length 251)
/home/yuch3531/genome_analysis_project/5_genome_annotation/Prokka/E745_spades/E745_spades:tig00000001_340 (length 679)
/home/yuch3531/genome_analysis_project/5_genome_annotation/Prokka/E745_spades/E745_spades:tig00000001_341 (length 202)
/home/yuch3531/genome_analysis_project/5_genome_annotation/Prokka/E745_spades/E745_spades:tig00000001_342 (length 181)
/home/yuch3531/genome_analysis_project/5_genome_annotation/Prokka/E745_spades/E745_spades:tig00000001_343 (length 176)
/home/yuch3531/genome_analysis_project/5_genome_annotation/Prokka/E745_spades/E745_spades:tig00000001_344 (length 116)
/home/yuch3531/genome_analysis_project/5_genome_annotation/Prokka/E745_spades/E745_spades:tig00000001_345 (length 509)
/home/yuch3531/genome_analysis_project/5_genome_annotation/Prokka/E745_spades/E745_spades:tig00000001_346 (length 187)
/home/yuch3531/genome_analysis_project/5_genome_annotation/Prokka/E745_spades/E745_spades:tig00000001_347 (length 220)
/home/yuch3531/genome_analysis_project/5_genome_annotation/Prokka/E745_spades/E745_spades:tig00000001_348 (length 661)
/home/yuch3531/genome_analysis_project/5_genome_annotation/Prokka/E745_spades/E745_spades:tig00000001_349 (length 257)
/home/yuch3531/genome_analysis_project/5_genome_annotation/Prokka/E745_spades/E745_spades:tig00000001_350 (length 517)
/home/yuch3531/genome_analysis_project/5_genome_annotation/Prokka/E745_spades/E745_spades:tig00000001_351 (length 195)
/home/yuch3531/genome_analysis_project/5_genome_annotation/Prokka/E745_spades/E745_spades:tig00000001_352 (length 196)
/home/yuch3531/genome_analysis_project/5_genome_annotation/Prokka/E745_spades/E745_spades:tig00000001_353 (length 345)
/home/yuch3531/genome_analysis_project/5_genome_annotation/Prokka/E745_spades/E745_spades:tig00000001_354 (length 146)
/home/yuch3531/genome_analysis_project/5_genome_annotation/Prokka/E745_spades/E745_spades:tig00000001_355 (length 136)
/home/yuch3531/genome_analysis_project/5_genome_annotation/Prokka/E745_spades/E745_spades:tig00000001_356 (length 144)
/home/yuch3531/genome_analysis_project/5_genome_annotation/Prokka/E745_spades/E745_spades:tig00000001_357 (length 256)
/home/yuch3531/genome_analysis_project/5_genome_annotation/Prokka/E745_spades/E745_spades:tig00000001_358 (length 588)
/home/yuch3531/genome_analysis_project/5_genome_annotation/Prokka/E745_spades/E745_spades:tig00000001_359 (length 419)
/home/yuch3531/genome_analysis_project/5_genome_annotation/Prokka/E745_spades/E745_spades:tig00000001_360 (length 433)
/home/yuch3531/genome_analysis_project/5_genome_annotation/Prokka/E745_spades/E745_spades:tig00000001_361 (length 283)
/home/yuch3531/genome_analysis_project/5_genome_annotation/Prokka/E745_spades/E745_spades:tig00000001_362 (length 271)
/home/yuch3531/genome_analysis_project/5_genome_annotation/Prokka/E745_spades/E745_spades:tig00000001_363 (length 388)
/home/yuch3531/genome_analysis_project/5_genome_annotation/Prokka/E745_spades/E745_spades:tig00000001_364 (length 215)
/home/yuch3531/genome_analysis_project/5_genome_annotation/Prokka/E745_spades/E745_spades:tig00000001_365 (length 314)
/home/yuch3531/genome_analysis_project/5_genome_annotation/Prokka/E745_spades/E745_spades:tig00000001_366 (length 483)
/home/yuch3531/genome_analysis_project/5_genome_annotation/Prokka/E745_spades/E745_spades:tig00000001_367 (length 278)
/home/yuch3531/genome_analysis_project/5_genome_annotation/Prokka/E745_spades/E745_spades:tig00000001_368 (length 219)
/home/yuch3531/genome_analysis_project/5_genome_annotation/Prokka/E745_spades/E745_spades:tig00000001_369 (length 229)
/home/yuch3531/genome_analysis_project/5_genome_annotation/Prokka/E745_spades/E745_spades:tig00000001_370 (length 318)
/home/yuch3531/genome_analysis_project/5_genome_annotation/Prokka/E745_spades/E745_spades:tig00000001_371 (length 170)
/home/yuch3531/genome_analysis_project/5_genome_annotation/Prokka/E745_spades/E745_spades:tig00000001_372 (length 182)
/home/yuch3531/genome_analysis_project/5_genome_annotation/Prokka/E745_spades/E745_spades:tig00000001_373 (length 393)
/home/yuch3531/genome_analysis_project/5_genome_annotation/Prokka/E745_spades/E745_spades:tig00000001_374 (length 502)
/home/yuch3531/genome_analysis_project/5_genome_annotation/Prokka/E745_spades/E745_spades:tig00000001_375 (length 63)
/home/yuch3531/genome_analysis_project/5_genome_annotation/Prokka/E745_spades/E745_spades:tig00000001_376 (length 305)
/home/yuch3531/genome_analysis_project/5_genome_annotation/Prokka/E745_spades/E745_spades:tig00000001_377 (length 357)
/home/yuch3531/genome_analysis_project/5_genome_annotation/Prokka/E745_spades/E745_spades:tig00000001_378 (length 172)
/home/yuch3531/genome_analysis_project/5_genome_annotation/Prokka/E745_spades/E745_spades:tig00000001_379 (length 130)
/home/yuch3531/genome_analysis_project/5_genome_annotation/Prokka/E745_spades/E745_spades:tig00000001_380 (length 311)
/home/yuch3531/genome_analysis_project/5_genome_annotation/Prokka/E745_spades/E745_spades:tig00000001_381 (length 259)
/home/yuch3531/genome_analysis_project/5_genome_annotation/Prokka/E745_spades/E745_spades:tig00000001_382 (length 105)
/home/yuch3531/genome_analysis_project/5_genome_annotation/Prokka/E745_spades/E745_spades:tig00000001_383 (length 536)
/home/yuch3531/genome_analysis_project/5_genome_annotation/Prokka/E745_spades/E745_spades:tig00000001_384 (length 282)
/home/yuch3531/genome_analysis_project/5_genome_annotation/Prokka/E745_spades/E745_spades:tig00000001_385 (length 159)
/home/yuch3531/genome_analysis_project/5_genome_annotation/Prokka/E745_spades/E745_spades:tig00000001_386 (length 742)
/home/yuch3531/genome_analysis_project/5_genome_annotation/Prokka/E745_spades/E745_spades:tig00000001_387 (length 547)
/home/yuch3531/genome_analysis_project/5_genome_annotation/Prokka/E745_spades/E745_spades:tig00000001_388 (length 181)
/home/yuch3531/genome_analysis_project/5_genome_annotation/Prokka/E745_spades/E745_spades:tig00000001_389 (length 161)
/home/yuch3531/genome_analysis_project/5_genome_annotation/Prokka/E745_spades/E745_spades:tig00000001_390 (length 217)
/home/yuch3531/genome_analysis_project/5_genome_annotation/Prokka/E745_spades/E745_spades:tig00000001_391 (length 514)
/home/yuch3531/genome_analysis_project/5_genome_annotation/Prokka/E745_spades/E745_spades:tig00000001_392 (length 343)
/home/yuch3531/genome_analysis_project/5_genome_annotation/Prokka/E745_spades/E745_spades:tig00000001_393 (length 328)
/home/yuch3531/genome_analysis_project/5_genome_annotation/Prokka/E745_spades/E745_spades:tig00000001_394 (length 446)
/home/yuch3531/genome_analysis_project/5_genome_annotation/Prokka/E745_spades/E745_spades:tig00000001_395 (length 185)
/home/yuch3531/genome_analysis_project/5_genome_annotation/Prokka/E745_spades/E745_spades:tig00000001_396 (length 357)
/home/yuch3531/genome_analysis_project/5_genome_annotation/Prokka/E745_spades/E745_spades:tig00000001_397 (length 100)
/home/yuch3531/genome_analysis_project/5_genome_annotation/Prokka/E745_spades/E745_spades:tig00000001_398 (length 103)
/home/yuch3531/genome_analysis_project/5_genome_annotation/Prokka/E745_spades/E745_spades:tig00000001_399 (length 215)
/home/yuch3531/genome_analysis_project/5_genome_annotation/Prokka/E745_spades/E745_spades:tig00000001_400 (length 463)
/home/yuch3531/genome_analysis_project/5_genome_annotation/Prokka/E745_spades/E745_spades:tig00000001_401 (length 113)
/home/yuch3531/genome_analysis_project/5_genome_annotation/Prokka/E745_spades/E745_spades:tig00000001_402 (length 113)
/home/yuch3531/genome_analysis_project/5_genome_annotation/Prokka/E745_spades/E745_spades:tig00000001_403 (length 852)
/home/yuch3531/genome_analysis_project/5_genome_annotation/Prokka/E745_spades/E745_spades:tig00000001_404 (length 280)
/home/yuch3531/genome_analysis_project/5_genome_annotation/Prokka/E745_spades/E745_spades:tig00000001_405 (length 187)
/home/yuch3531/genome_analysis_project/5_genome_annotation/Prokka/E745_spades/E745_spades:tig00000001_406 (length 625)
/home/yuch3531/genome_analysis_project/5_genome_annotation/Prokka/E745_spades/E745_spades:tig00000001_407 (length 280)
/home/yuch3531/genome_analysis_project/5_genome_annotation/Prokka/E745_spades/E745_spades:tig00000001_408 (length 291)
/home/yuch3531/genome_analysis_project/5_genome_annotation/Prokka/E745_spades/E745_spades:tig00000001_409 (length 343)
/home/yuch3531/genome_analysis_project/5_genome_annotation/Prokka/E745_spades/E745_spades:tig00000001_410 (length 96)
/home/yuch3531/genome_analysis_project/5_genome_annotation/Prokka/E745_spades/E745_spades:tig00000001_411 (length 671)
/home/yuch3531/genome_analysis_project/5_genome_annotation/Prokka/E745_spades/E745_spades:tig00000001_412 (length 94)
/home/yuch3531/genome_analysis_project/5_genome_annotation/Prokka/E745_spades/E745_spades:tig00000001_413 (length 457)
/home/yuch3531/genome_analysis_project/5_genome_annotation/Prokka/E745_spades/E745_spades:tig00000001_414 (length 671)
/home/yuch3531/genome_analysis_project/5_genome_annotation/Prokka/E745_spades/E745_spades:tig00000001_415 (length 402)
/home/yuch3531/genome_analysis_project/5_genome_annotation/Prokka/E745_spades/E745_spades:tig00000001_416 (length 314)
/home/yuch3531/genome_analysis_project/5_genome_annotation/Prokka/E745_spades/E745_spades:tig00000001_417 (length 57)
/home/yuch3531/genome_analysis_project/5_genome_annotation/Prokka/E745_spades/E745_spades:tig00000001_418 (length 314)
/home/yuch3531/genome_analysis_project/5_genome_annotation/Prokka/E745_spades/E745_spades:tig00000001_419 (length 132)
/home/yuch3531/genome_analysis_project/5_genome_annotation/Prokka/E745_spades/E745_spades:tig00000001_420 (length 78)
/home/yuch3531/genome_analysis_project/5_genome_annotation/Prokka/E745_spades/E745_spades:tig00000001_421 (length 105)
/home/yuch3531/genome_analysis_project/5_genome_annotation/Prokka/E745_spades/E745_spades:tig00000001_422 (length 702)
/home/yuch3531/genome_analysis_project/5_genome_annotation/Prokka/E745_spades/E745_spades:tig00000001_423 (length 136)
/home/yuch3531/genome_analysis_project/5_genome_annotation/Prokka/E745_spades/E745_spades:tig00000001_424 (length 387)
/home/yuch3531/genome_analysis_project/5_genome_annotation/Prokka/E745_spades/E745_spades:tig00000001_425 (length 284)
/home/yuch3531/genome_analysis_project/5_genome_annotation/Prokka/E745_spades/E745_spades:tig00000001_426 (length 256)
/home/yuch3531/genome_analysis_project/5_genome_annotation/Prokka/E745_spades/E745_spades:tig00000001_427 (length 293)
/home/yuch3531/genome_analysis_project/5_genome_annotation/Prokka/E745_spades/E745_spades:tig00000001_428 (length 349)
/home/yuch3531/genome_analysis_project/5_genome_annotation/Prokka/E745_spades/E745_spades:tig00000001_429 (length 207)
/home/yuch3531/genome_analysis_project/5_genome_annotation/Prokka/E745_spades/E745_spades:tig00000001_430 (length 317)
/home/yuch3531/genome_analysis_project/5_genome_annotation/Prokka/E745_spades/E745_spades:tig00000001_431 (length 568)
/home/yuch3531/genome_analysis_project/5_genome_annotation/Prokka/E745_spades/E745_spades:tig00000001_432 (length 300)
/home/yuch3531/genome_analysis_project/5_genome_annotation/Prokka/E745_spades/E745_spades:tig00000001_433 (length 234)
/home/yuch3531/genome_analysis_project/5_genome_annotation/Prokka/E745_spades/E745_spades:tig00000001_434 (length 213)
/home/yuch3531/genome_analysis_project/5_genome_annotation/Prokka/E745_spades/E745_spades:tig00000001_435 (length 209)
/home/yuch3531/genome_analysis_project/5_genome_annotation/Prokka/E745_spades/E745_spades:tig00000001_436 (length 238)
/home/yuch3531/genome_analysis_project/5_genome_annotation/Prokka/E745_spades/E745_spades:tig00000001_437 (length 310)
/home/yuch3531/genome_analysis_project/5_genome_annotation/Prokka/E745_spades/E745_spades:tig00000001_438 (length 117)
/home/yuch3531/genome_analysis_project/5_genome_annotation/Prokka/E745_spades/E745_spades:tig00000001_439 (length 148)
/home/yuch3531/genome_analysis_project/5_genome_annotation/Prokka/E745_spades/E745_spades:tig00000001_440 (length 1061)
/home/yuch3531/genome_analysis_project/5_genome_annotation/Prokka/E745_spades/E745_spades:tig00000001_441 (length 358)
/home/yuch3531/genome_analysis_project/5_genome_annotation/Prokka/E745_spades/E745_spades:tig00000001_442 (length 426)
/home/yuch3531/genome_analysis_project/5_genome_annotation/Prokka/E745_spades/E745_spades:tig00000001_443 (length 308)
/home/yuch3531/genome_analysis_project/5_genome_annotation/Prokka/E745_spades/E745_spades:tig00000001_444 (length 427)
/home/yuch3531/genome_analysis_project/5_genome_annotation/Prokka/E745_spades/E745_spades:tig00000001_445 (length 179)
/home/yuch3531/genome_analysis_project/5_genome_annotation/Prokka/E745_spades/E745_spades:tig00000001_446 (length 303)
/home/yuch3531/genome_analysis_project/5_genome_annotation/Prokka/E745_spades/E745_spades:tig00000001_447 (length 154)
/home/yuch3531/genome_analysis_project/5_genome_annotation/Prokka/E745_spades/E745_spades:tig00000001_448 (length 232)
/home/yuch3531/genome_analysis_project/5_genome_annotation/Prokka/E745_spades/E745_spades:tig00000001_449 (length 128)
/home/yuch3531/genome_analysis_project/5_genome_annotation/Prokka/E745_spades/E745_spades:tig00000001_450 (length 556)
/home/yuch3531/genome_analysis_project/5_genome_annotation/Prokka/E745_spades/E745_spades:tig00000001_451 (length 77)
/home/yuch3531/genome_analysis_project/5_genome_annotation/Prokka/E745_spades/E745_spades:tig00000001_452 (length 143)
/home/yuch3531/genome_analysis_project/5_genome_annotation/Prokka/E745_spades/E745_spades:tig00000001_453 (length 137)
/home/yuch3531/genome_analysis_project/5_genome_annotation/Prokka/E745_spades/E745_spades:tig00000001_454 (length 382)
/home/yuch3531/genome_analysis_project/5_genome_annotation/Prokka/E745_spades/E745_spades:tig00000001_455 (length 198)
/home/yuch3531/genome_analysis_project/5_genome_annotation/Prokka/E745_spades/E745_spades:tig00000001_456 (length 880)
/home/yuch3531/genome_analysis_project/5_genome_annotation/Prokka/E745_spades/E745_spades:tig00000001_457 (length 143)
/home/yuch3531/genome_analysis_project/5_genome_annotation/Prokka/E745_spades/E745_spades:tig00000001_458 (length 449)
/home/yuch3531/genome_analysis_project/5_genome_annotation/Prokka/E745_spades/E745_spades:tig00000001_459 (length 387)
/home/yuch3531/genome_analysis_project/5_genome_annotation/Prokka/E745_spades/E745_spades:tig00000001_460 (length 107)
/home/yuch3531/genome_analysis_project/5_genome_annotation/Prokka/E745_spades/E745_spades:tig00000001_461 (length 449)
/home/yuch3531/genome_analysis_project/5_genome_annotation/Prokka/E745_spades/E745_spades:tig00000001_462 (length 317)
/home/yuch3531/genome_analysis_project/5_genome_annotation/Prokka/E745_spades/E745_spades:tig00000001_463 (length 396)
/home/yuch3531/genome_analysis_project/5_genome_annotation/Prokka/E745_spades/E745_spades:tig00000001_464 (length 73)
/home/yuch3531/genome_analysis_project/5_genome_annotation/Prokka/E745_spades/E745_spades:tig00000001_465 (length 227)
/home/yuch3531/genome_analysis_project/5_genome_annotation/Prokka/E745_spades/E745_spades:tig00000001_466 (length 498)
/home/yuch3531/genome_analysis_project/5_genome_annotation/Prokka/E745_spades/E745_spades:tig00000001_467 (length 388)
/home/yuch3531/genome_analysis_project/5_genome_annotation/Prokka/E745_spades/E745_spades:tig00000001_468 (length 139)
/home/yuch3531/genome_analysis_project/5_genome_annotation/Prokka/E745_spades/E745_spades:tig00000001_469 (length 179)
/home/yuch3531/genome_analysis_project/5_genome_annotation/Prokka/E745_spades/E745_spades:tig00000001_470 (length 215)
/home/yuch3531/genome_analysis_project/5_genome_annotation/Prokka/E745_spades/E745_spades:tig00000001_471 (length 793)
/home/yuch3531/genome_analysis_project/5_genome_annotation/Prokka/E745_spades/E745_spades:tig00000001_472 (length 431)
/home/yuch3531/genome_analysis_project/5_genome_annotation/Prokka/E745_spades/E745_spades:tig00000001_473 (length 165)
/home/yuch3531/genome_analysis_project/5_genome_annotation/Prokka/E745_spades/E745_spades:tig00000001_474 (length 225)
/home/yuch3531/genome_analysis_project/5_genome_annotation/Prokka/E745_spades/E745_spades:tig00000001_475 (length 232)
/home/yuch3531/genome_analysis_project/5_genome_annotation/Prokka/E745_spades/E745_spades:tig00000001_476 (length 394)
/home/yuch3531/genome_analysis_project/5_genome_annotation/Prokka/E745_spades/E745_spades:tig00000001_477 (length 147)
/home/yuch3531/genome_analysis_project/5_genome_annotation/Prokka/E745_spades/E745_spades:tig00000001_478 (length 95)
/home/yuch3531/genome_analysis_project/5_genome_annotation/Prokka/E745_spades/E745_spades:tig00000001_479 (length 450)
/home/yuch3531/genome_analysis_project/5_genome_annotation/Prokka/E745_spades/E745_spades:tig00000001_480 (length 148)
/home/yuch3531/genome_analysis_project/5_genome_annotation/Prokka/E745_spades/E745_spades:tig00000001_481 (length 308)
/home/yuch3531/genome_analysis_project/5_genome_annotation/Prokka/E745_spades/E745_spades:tig00000001_482 (length 295)
/home/yuch3531/genome_analysis_project/5_genome_annotation/Prokka/E745_spades/E745_spades:tig00000001_483 (length 317)
/home/yuch3531/genome_analysis_project/5_genome_annotation/Prokka/E745_spades/E745_spades:tig00000001_484 (length 665)
/home/yuch3531/genome_analysis_project/5_genome_annotation/Prokka/E745_spades/E745_spades:tig00000001_485 (length 83)
/home/yuch3531/genome_analysis_project/5_genome_annotation/Prokka/E745_spades/E745_spades:tig00000001_486 (length 207)
/home/yuch3531/genome_analysis_project/5_genome_annotation/Prokka/E745_spades/E745_spades:tig00000001_487 (length 72)
/home/yuch3531/genome_analysis_project/5_genome_annotation/Prokka/E745_spades/E745_spades:tig00000001_488 (length 170)
/home/yuch3531/genome_analysis_project/5_genome_annotation/Prokka/E745_spades/E745_spades:tig00000001_489 (length 765)
/home/yuch3531/genome_analysis_project/5_genome_annotation/Prokka/E745_spades/E745_spades:tig00000001_490 (length 144)
/home/yuch3531/genome_analysis_project/5_genome_annotation/Prokka/E745_spades/E745_spades:tig00000001_491 (length 262)
/home/yuch3531/genome_analysis_project/5_genome_annotation/Prokka/E745_spades/E745_spades:tig00000001_492 (length 313)
/home/yuch3531/genome_analysis_project/5_genome_annotation/Prokka/E745_spades/E745_spades:tig00000001_493 (length 195)
/home/yuch3531/genome_analysis_project/5_genome_annotation/Prokka/E745_spades/E745_spades:tig00000001_494 (length 437)
/home/yuch3531/genome_analysis_project/5_genome_annotation/Prokka/E745_spades/E745_spades:tig00000001_495 (length 336)
/home/yuch3531/genome_analysis_project/5_genome_annotation/Prokka/E745_spades/E745_spades:tig00000001_496 (length 311)
/home/yuch3531/genome_analysis_project/5_genome_annotation/Prokka/E745_spades/E745_spades:tig00000001_497 (length 319)
/home/yuch3531/genome_analysis_project/5_genome_annotation/Prokka/E745_spades/E745_spades:tig00000001_498 (length 364)
/home/yuch3531/genome_analysis_project/5_genome_annotation/Prokka/E745_spades/E745_spades:tig00000001_499 (length 253)
/home/yuch3531/genome_analysis_project/5_genome_annotation/Prokka/E745_spades/E745_spades:tig00000001_500 (length 146)
/home/yuch3531/genome_analysis_project/5_genome_annotation/Prokka/E745_spades/E745_spades:tig00000001_501 (length 251)
/home/yuch3531/genome_analysis_project/5_genome_annotation/Prokka/E745_spades/E745_spades:tig00000001_502 (length 337)
/home/yuch3531/genome_analysis_project/5_genome_annotation/Prokka/E745_spades/E745_spades:tig00000001_503 (length 306)
/home/yuch3531/genome_analysis_project/5_genome_annotation/Prokka/E745_spades/E745_spades:tig00000001_504 (length 166)
/home/yuch3531/genome_analysis_project/5_genome_annotation/Prokka/E745_spades/E745_spades:tig00000001_505 (length 172)
/home/yuch3531/genome_analysis_project/5_genome_annotation/Prokka/E745_spades/E745_spades:tig00000001_506 (length 451)
/home/yuch3531/genome_analysis_project/5_genome_annotation/Prokka/E745_spades/E745_spades:tig00000001_507 (length 277)
/home/yuch3531/genome_analysis_project/5_genome_annotation/Prokka/E745_spades/E745_spades:tig00000001_508 (length 218)
/home/yuch3531/genome_analysis_project/5_genome_annotation/Prokka/E745_spades/E745_spades:tig00000001_509 (length 215)
/home/yuch3531/genome_analysis_project/5_genome_annotation/Prokka/E745_spades/E745_spades:tig00000001_510 (length 271)
/home/yuch3531/genome_analysis_project/5_genome_annotation/Prokka/E745_spades/E745_spades:tig00000001_511 (length 245)
/home/yuch3531/genome_analysis_project/5_genome_annotation/Prokka/E745_spades/E745_spades:tig00000001_512 (length 336)
/home/yuch3531/genome_analysis_project/5_genome_annotation/Prokka/E745_spades/E745_spades:tig00000001_513 (length 806)
/home/yuch3531/genome_analysis_project/5_genome_annotation/Prokka/E745_spades/E745_spades:tig00000001_514 (length 347)
/home/yuch3531/genome_analysis_project/5_genome_annotation/Prokka/E745_spades/E745_spades:tig00000001_515 (length 113)
/home/yuch3531/genome_analysis_project/5_genome_annotation/Prokka/E745_spades/E745_spades:tig00000001_516 (length 1240)
/home/yuch3531/genome_analysis_project/5_genome_annotation/Prokka/E745_spades/E745_spades:tig00000001_517 (length 861)
/home/yuch3531/genome_analysis_project/5_genome_annotation/Prokka/E745_spades/E745_spades:tig00000001_518 (length 327)
/home/yuch3531/genome_analysis_project/5_genome_annotation/Prokka/E745_spades/E745_spades:tig00000001_519 (length 431)
/home/yuch3531/genome_analysis_project/5_genome_annotation/Prokka/E745_spades/E745_spades:tig00000001_520 (length 276)
/home/yuch3531/genome_analysis_project/5_genome_annotation/Prokka/E745_spades/E745_spades:tig00000001_521 (length 143)
/home/yuch3531/genome_analysis_project/5_genome_annotation/Prokka/E745_spades/E745_spades:tig00000001_522 (length 198)
/home/yuch3531/genome_analysis_project/5_genome_annotation/Prokka/E745_spades/E745_spades:tig00000001_523 (length 160)
/home/yuch3531/genome_analysis_project/5_genome_annotation/Prokka/E745_spades/E745_spades:tig00000001_524 (length 65)
/home/yuch3531/genome_analysis_project/5_genome_annotation/Prokka/E745_spades/E745_spades:tig00000001_525 (length 252)
/home/yuch3531/genome_analysis_project/5_genome_annotation/Prokka/E745_spades/E745_spades:tig00000001_526 (length 142)
/home/yuch3531/genome_analysis_project/5_genome_annotation/Prokka/E745_spades/E745_spades:tig00000001_527 (length 123)
/home/yuch3531/genome_analysis_project/5_genome_annotation/Prokka/E745_spades/E745_spades:tig00000001_528 (length 61)
/home/yuch3531/genome_analysis_project/5_genome_annotation/Prokka/E745_spades/E745_spades:tig00000001_529 (length 62)
/home/yuch3531/genome_analysis_project/5_genome_annotation/Prokka/E745_spades/E745_spades:tig00000001_530 (length 87)
/home/yuch3531/genome_analysis_project/5_genome_annotation/Prokka/E745_spades/E745_spades:tig00000001_531 (length 85)
/home/yuch3531/genome_analysis_project/5_genome_annotation/Prokka/E745_spades/E745_spades:tig00000001_532 (length 63)
/home/yuch3531/genome_analysis_project/5_genome_annotation/Prokka/E745_spades/E745_spades:tig00000001_533 (length 106)
/home/yuch3531/genome_analysis_project/5_genome_annotation/Prokka/E745_spades/E745_spades:tig00000001_534 (length 144)
/home/yuch3531/genome_analysis_project/5_genome_annotation/Prokka/E745_spades/E745_spades:tig00000001_535 (length 212)
/home/yuch3531/genome_analysis_project/5_genome_annotation/Prokka/E745_spades/E745_spades:tig00000001_536 (length 166)
/home/yuch3531/genome_analysis_project/5_genome_annotation/Prokka/E745_spades/E745_spades:tig00000001_537 (length 114)
/home/yuch3531/genome_analysis_project/5_genome_annotation/Prokka/E745_spades/E745_spades:tig00000001_538 (length 312)
/home/yuch3531/genome_analysis_project/5_genome_annotation/Prokka/E745_spades/E745_spades:tig00000001_539 (length 163)
/home/yuch3531/genome_analysis_project/5_genome_annotation/Prokka/E745_spades/E745_spades:tig00000001_540 (length 791)
/home/yuch3531/genome_analysis_project/5_genome_annotation/Prokka/E745_spades/E745_spades:tig00000001_541 (length 208)
/home/yuch3531/genome_analysis_project/5_genome_annotation/Prokka/E745_spades/E745_spades:tig00000001_542 (length 234)
/home/yuch3531/genome_analysis_project/5_genome_annotation/Prokka/E745_spades/E745_spades:tig00000001_543 (length 277)
/home/yuch3531/genome_analysis_project/5_genome_annotation/Prokka/E745_spades/E745_spades:tig00000001_544 (length 642)
/home/yuch3531/genome_analysis_project/5_genome_annotation/Prokka/E745_spades/E745_spades:tig00000001_545 (length 151)
/home/yuch3531/genome_analysis_project/5_genome_annotation/Prokka/E745_spades/E745_spades:tig00000001_546 (length 89)
/home/yuch3531/genome_analysis_project/5_genome_annotation/Prokka/E745_spades/E745_spades:tig00000001_547 (length 84)
/home/yuch3531/genome_analysis_project/5_genome_annotation/Prokka/E745_spades/E745_spades:tig00000001_548 (length 348)
/home/yuch3531/genome_analysis_project/5_genome_annotation/Prokka/E745_spades/E745_spades:tig00000001_549 (length 757)
/home/yuch3531/genome_analysis_project/5_genome_annotation/Prokka/E745_spades/E745_spades:tig00000001_550 (length 179)
/home/yuch3531/genome_analysis_project/5_genome_annotation/Prokka/E745_spades/E745_spades:tig00000001_551 (length 72)
/home/yuch3531/genome_analysis_project/5_genome_annotation/Prokka/E745_spades/E745_spades:tig00000001_552 (length 81)
/home/yuch3531/genome_analysis_project/5_genome_annotation/Prokka/E745_spades/E745_spades:tig00000001_553 (length 205)
/home/yuch3531/genome_analysis_project/5_genome_annotation/Prokka/E745_spades/E745_spades:tig00000001_554 (length 347)
/home/yuch3531/genome_analysis_project/5_genome_annotation/Prokka/E745_spades/E745_spades:tig00000001_555 (length 163)
/home/yuch3531/genome_analysis_project/5_genome_annotation/Prokka/E745_spades/E745_spades:tig00000001_556 (length 186)
/home/yuch3531/genome_analysis_project/5_genome_annotation/Prokka/E745_spades/E745_spades:tig00000001_557 (length 112)
/home/yuch3531/genome_analysis_project/5_genome_annotation/Prokka/E745_spades/E745_spades:tig00000001_558 (length 148)
/home/yuch3531/genome_analysis_project/5_genome_annotation/Prokka/E745_spades/E745_spades:tig00000001_559 (length 374)
/home/yuch3531/genome_analysis_project/5_genome_annotation/Prokka/E745_spades/E745_spades:tig00000001_560 (length 1142)
/home/yuch3531/genome_analysis_project/5_genome_annotation/Prokka/E745_spades/E745_spades:tig00000001_561 (length 387)
/home/yuch3531/genome_analysis_project/5_genome_annotation/Prokka/E745_spades/E745_spades:tig00000001_562 (length 100)
/home/yuch3531/genome_analysis_project/5_genome_annotation/Prokka/E745_spades/E745_spades:tig00000001_563 (length 590)
/home/yuch3531/genome_analysis_project/5_genome_annotation/Prokka/E745_spades/E745_spades:tig00000001_564 (length 609)
/home/yuch3531/genome_analysis_project/5_genome_annotation/Prokka/E745_spades/E745_spades:tig00000001_565 (length 252)
/home/yuch3531/genome_analysis_project/5_genome_annotation/Prokka/E745_spades/E745_spades:tig00000001_566 (length 91)
/home/yuch3531/genome_analysis_project/5_genome_annotation/Prokka/E745_spades/E745_spades:tig00000001_567 (length 468)
/home/yuch3531/genome_analysis_project/5_genome_annotation/Prokka/E745_spades/E745_spades:tig00000001_568 (length 547)
/home/yuch3531/genome_analysis_project/5_genome_annotation/Prokka/E745_spades/E745_spades:tig00000001_569 (length 325)
/home/yuch3531/genome_analysis_project/5_genome_annotation/Prokka/E745_spades/E745_spades:tig00000001_570 (length 369)
/home/yuch3531/genome_analysis_project/5_genome_annotation/Prokka/E745_spades/E745_spades:tig00000001_571 (length 474)
/home/yuch3531/genome_analysis_project/5_genome_annotation/Prokka/E745_spades/E745_spades:tig00000001_572 (length 325)
/home/yuch3531/genome_analysis_project/5_genome_annotation/Prokka/E745_spades/E745_spades:tig00000001_573 (length 401)
/home/yuch3531/genome_analysis_project/5_genome_annotation/Prokka/E745_spades/E745_spades:tig00000001_574 (length 508)
/home/yuch3531/genome_analysis_project/5_genome_annotation/Prokka/E745_spades/E745_spades:tig00000001_575 (length 362)
/home/yuch3531/genome_analysis_project/5_genome_annotation/Prokka/E745_spades/E745_spades:tig00000001_576 (length 338)
/home/yuch3531/genome_analysis_project/5_genome_annotation/Prokka/E745_spades/E745_spades:tig00000001_577 (length 483)
/home/yuch3531/genome_analysis_project/5_genome_annotation/Prokka/E745_spades/E745_spades:tig00000001_578 (length 521)
/home/yuch3531/genome_analysis_project/5_genome_annotation/Prokka/E745_spades/E745_spades:tig00000001_579 (length 304)
/home/yuch3531/genome_analysis_project/5_genome_annotation/Prokka/E745_spades/E745_spades:tig00000001_580 (length 424)
/home/yuch3531/genome_analysis_project/5_genome_annotation/Prokka/E745_spades/E745_spades:tig00000001_581 (length 511)
/home/yuch3531/genome_analysis_project/5_genome_annotation/Prokka/E745_spades/E745_spades:tig00000001_582 (length 192)
/home/yuch3531/genome_analysis_project/5_genome_annotation/Prokka/E745_spades/E745_spades:tig00000001_583 (length 350)
/home/yuch3531/genome_analysis_project/5_genome_annotation/Prokka/E745_spades/E745_spades:tig00000001_584 (length 479)
/home/yuch3531/genome_analysis_project/5_genome_annotation/Prokka/E745_spades/E745_spades:tig00000001_585 (length 740)
/home/yuch3531/genome_analysis_project/5_genome_annotation/Prokka/E745_spades/E745_spades:tig00000001_586 (length 223)
/home/yuch3531/genome_analysis_project/5_genome_annotation/Prokka/E745_spades/E745_spades:tig00000001_587 (length 84)
/home/yuch3531/genome_analysis_project/5_genome_annotation/Prokka/E745_spades/E745_spades:tig00000001_588 (length 242)
/home/yuch3531/genome_analysis_project/5_genome_annotation/Prokka/E745_spades/E745_spades:tig00000001_589 (length 125)
/home/yuch3531/genome_analysis_project/5_genome_annotation/Prokka/E745_spades/E745_spades:tig00000001_590 (length 431)
/home/yuch3531/genome_analysis_project/5_genome_annotation/Prokka/E745_spades/E745_spades:tig00000001_591 (length 374)
/home/yuch3531/genome_analysis_project/5_genome_annotation/Prokka/E745_spades/E745_spades:tig00000001_592 (length 162)
/home/yuch3531/genome_analysis_project/5_genome_annotation/Prokka/E745_spades/E745_spades:tig00000001_593 (length 435)
/home/yuch3531/genome_analysis_project/5_genome_annotation/Prokka/E745_spades/E745_spades:tig00000001_594 (length 193)
/home/yuch3531/genome_analysis_project/5_genome_annotation/Prokka/E745_spades/E745_spades:tig00000001_595 (length 430)
/home/yuch3531/genome_analysis_project/5_genome_annotation/Prokka/E745_spades/E745_spades:tig00000001_596 (length 207)
/home/yuch3531/genome_analysis_project/5_genome_annotation/Prokka/E745_spades/E745_spades:tig00000001_597 (length 278)
/home/yuch3531/genome_analysis_project/5_genome_annotation/Prokka/E745_spades/E745_spades:tig00000001_598 (length 295)
/home/yuch3531/genome_analysis_project/5_genome_annotation/Prokka/E745_spades/E745_spades:tig00000001_599 (length 427)
/home/yuch3531/genome_analysis_project/5_genome_annotation/Prokka/E745_spades/E745_spades:tig00000001_600 (length 227)
/home/yuch3531/genome_analysis_project/5_genome_annotation/Prokka/E745_spades/E745_spades:tig00000001_601 (length 205)
/home/yuch3531/genome_analysis_project/5_genome_annotation/Prokka/E745_spades/E745_spades:tig00000001_602 (length 274)
/home/yuch3531/genome_analysis_project/5_genome_annotation/Prokka/E745_spades/E745_spades:tig00000001_603 (length 186)
/home/yuch3531/genome_analysis_project/5_genome_annotation/Prokka/E745_spades/E745_spades:tig00000001_604 (length 315)
/home/yuch3531/genome_analysis_project/5_genome_annotation/Prokka/E745_spades/E745_spades:tig00000001_605 (length 318)
/home/yuch3531/genome_analysis_project/5_genome_annotation/Prokka/E745_spades/E745_spades:tig00000001_606 (length 200)
/home/yuch3531/genome_analysis_project/5_genome_annotation/Prokka/E745_spades/E745_spades:tig00000001_607 (length 499)
/home/yuch3531/genome_analysis_project/5_genome_annotation/Prokka/E745_spades/E745_spades:tig00000001_608 (length 174)
/home/yuch3531/genome_analysis_project/5_genome_annotation/Prokka/E745_spades/E745_spades:tig00000001_609 (length 290)
/home/yuch3531/genome_analysis_project/5_genome_annotation/Prokka/E745_spades/E745_spades:tig00000001_610 (length 261)
/home/yuch3531/genome_analysis_project/5_genome_annotation/Prokka/E745_spades/E745_spades:tig00000001_611 (length 238)
/home/yuch3531/genome_analysis_project/5_genome_annotation/Prokka/E745_spades/E745_spades:tig00000001_612 (length 339)
/home/yuch3531/genome_analysis_project/5_genome_annotation/Prokka/E745_spades/E745_spades:tig00000001_613 (length 352)
/home/yuch3531/genome_analysis_project/5_genome_annotation/Prokka/E745_spades/E745_spades:tig00000001_614 (length 382)
/home/yuch3531/genome_analysis_project/5_genome_annotation/Prokka/E745_spades/E745_spades:tig00000001_615 (length 278)
/home/yuch3531/genome_analysis_project/5_genome_annotation/Prokka/E745_spades/E745_spades:tig00000001_616 (length 406)
/home/yuch3531/genome_analysis_project/5_genome_annotation/Prokka/E745_spades/E745_spades:tig00000001_617 (length 53)
/home/yuch3531/genome_analysis_project/5_genome_annotation/Prokka/E745_spades/E745_spades:tig00000001_618 (length 192)
/home/yuch3531/genome_analysis_project/5_genome_annotation/Prokka/E745_spades/E745_spades:tig00000001_619 (length 128)
/home/yuch3531/genome_analysis_project/5_genome_annotation/Prokka/E745_spades/E745_spades:tig00000001_620 (length 392)
/home/yuch3531/genome_analysis_project/5_genome_annotation/Prokka/E745_spades/E745_spades:tig00000001_621 (length 108)
/home/yuch3531/genome_analysis_project/5_genome_annotation/Prokka/E745_spades/E745_spades:tig00000001_622 (length 80)
/home/yuch3531/genome_analysis_project/5_genome_annotation/Prokka/E745_spades/E745_spades:tig00000001_623 (length 96)
/home/yuch3531/genome_analysis_project/5_genome_annotation/Prokka/E745_spades/E745_spades:tig00000001_624 (length 230)
/home/yuch3531/genome_analysis_project/5_genome_annotation/Prokka/E745_spades/E745_spades:tig00000001_625 (length 207)
/home/yuch3531/genome_analysis_project/5_genome_annotation/Prokka/E745_spades/E745_spades:tig00000001_626 (length 240)
/home/yuch3531/genome_analysis_project/5_genome_annotation/Prokka/E745_spades/E745_spades:tig00000001_627 (length 245)
/home/yuch3531/genome_analysis_project/5_genome_annotation/Prokka/E745_spades/E745_spades:tig00000001_628 (length 330)
/home/yuch3531/genome_analysis_project/5_genome_annotation/Prokka/E745_spades/E745_spades:tig00000001_629 (length 247)
/home/yuch3531/genome_analysis_project/5_genome_annotation/Prokka/E745_spades/E745_spades:tig00000001_630 (length 440)
/home/yuch3531/genome_analysis_project/5_genome_annotation/Prokka/E745_spades/E745_spades:tig00000001_631 (length 102)
/home/yuch3531/genome_analysis_project/5_genome_annotation/Prokka/E745_spades/E745_spades:tig00000001_632 (length 230)
/home/yuch3531/genome_analysis_project/5_genome_annotation/Prokka/E745_spades/E745_spades:tig00000001_633 (length 512)
/home/yuch3531/genome_analysis_project/5_genome_annotation/Prokka/E745_spades/E745_spades:tig00000001_634 (length 95)
/home/yuch3531/genome_analysis_project/5_genome_annotation/Prokka/E745_spades/E745_spades:tig00000001_635 (length 222)
/home/yuch3531/genome_analysis_project/5_genome_annotation/Prokka/E745_spades/E745_spades:tig00000001_636 (length 246)
/home/yuch3531/genome_analysis_project/5_genome_annotation/Prokka/E745_spades/E745_spades:tig00000001_637 (length 315)
/home/yuch3531/genome_analysis_project/5_genome_annotation/Prokka/E745_spades/E745_spades:tig00000001_638 (length 254)
/home/yuch3531/genome_analysis_project/5_genome_annotation/Prokka/E745_spades/E745_spades:tig00000001_639 (length 129)
/home/yuch3531/genome_analysis_project/5_genome_annotation/Prokka/E745_spades/E745_spades:tig00000001_640 (length 180)
/home/yuch3531/genome_analysis_project/5_genome_annotation/Prokka/E745_spades/E745_spades:tig00000001_641 (length 204)
/home/yuch3531/genome_analysis_project/5_genome_annotation/Prokka/E745_spades/E745_spades:tig00000001_642 (length 297)
/home/yuch3531/genome_analysis_project/5_genome_annotation/Prokka/E745_spades/E745_spades:tig00000001_643 (length 308)
/home/yuch3531/genome_analysis_project/5_genome_annotation/Prokka/E745_spades/E745_spades:tig00000001_644 (length 253)
/home/yuch3531/genome_analysis_project/5_genome_annotation/Prokka/E745_spades/E745_spades:tig00000001_645 (length 743)
/home/yuch3531/genome_analysis_project/5_genome_annotation/Prokka/E745_spades/E745_spades:tig00000001_646 (length 816)
/home/yuch3531/genome_analysis_project/5_genome_annotation/Prokka/E745_spades/E745_spades:tig00000001_647 (length 681)
/home/yuch3531/genome_analysis_project/5_genome_annotation/Prokka/E745_spades/E745_spades:tig00000001_648 (length 144)
/home/yuch3531/genome_analysis_project/5_genome_annotation/Prokka/E745_spades/E745_spades:tig00000001_649 (length 212)
/home/yuch3531/genome_analysis_project/5_genome_annotation/Prokka/E745_spades/E745_spades:tig00000001_650 (length 291)
/home/yuch3531/genome_analysis_project/5_genome_annotation/Prokka/E745_spades/E745_spades:tig00000001_651 (length 263)
/home/yuch3531/genome_analysis_project/5_genome_annotation/Prokka/E745_spades/E745_spades:tig00000001_652 (length 466)
/home/yuch3531/genome_analysis_project/5_genome_annotation/Prokka/E745_spades/E745_spades:tig00000001_653 (length 182)
/home/yuch3531/genome_analysis_project/5_genome_annotation/Prokka/E745_spades/E745_spades:tig00000001_654 (length 301)
/home/yuch3531/genome_analysis_project/5_genome_annotation/Prokka/E745_spades/E745_spades:tig00000001_655 (length 441)
/home/yuch3531/genome_analysis_project/5_genome_annotation/Prokka/E745_spades/E745_spades:tig00000001_656 (length 692)
/home/yuch3531/genome_analysis_project/5_genome_annotation/Prokka/E745_spades/E745_spades:tig00000001_657 (length 285)
/home/yuch3531/genome_analysis_project/5_genome_annotation/Prokka/E745_spades/E745_spades:tig00000001_658 (length 255)
/home/yuch3531/genome_analysis_project/5_genome_annotation/Prokka/E745_spades/E745_spades:tig00000001_659 (length 286)
/home/yuch3531/genome_analysis_project/5_genome_annotation/Prokka/E745_spades/E745_spades:tig00000001_660 (length 132)
/home/yuch3531/genome_analysis_project/5_genome_annotation/Prokka/E745_spades/E745_spades:tig00000001_661 (length 180)
/home/yuch3531/genome_analysis_project/5_genome_annotation/Prokka/E745_spades/E745_spades:tig00000001_662 (length 183)
/home/yuch3531/genome_analysis_project/5_genome_annotation/Prokka/E745_spades/E745_spades:tig00000001_663 (length 75)
/home/yuch3531/genome_analysis_project/5_genome_annotation/Prokka/E745_spades/E745_spades:tig00000001_664 (length 172)
/home/yuch3531/genome_analysis_project/5_genome_annotation/Prokka/E745_spades/E745_spades:tig00000001_665 (length 237)
/home/yuch3531/genome_analysis_project/5_genome_annotation/Prokka/E745_spades/E745_spades:tig00000001_666 (length 298)
/home/yuch3531/genome_analysis_project/5_genome_annotation/Prokka/E745_spades/E745_spades:tig00000001_667 (length 280)
/home/yuch3531/genome_analysis_project/5_genome_annotation/Prokka/E745_spades/E745_spades:tig00000001_668 (length 217)
/home/yuch3531/genome_analysis_project/5_genome_annotation/Prokka/E745_spades/E745_spades:tig00000001_669 (length 175)
/home/yuch3531/genome_analysis_project/5_genome_annotation/Prokka/E745_spades/E745_spades:tig00000001_670 (length 315)
/home/yuch3531/genome_analysis_project/5_genome_annotation/Prokka/E745_spades/E745_spades:tig00000001_671 (length 628)
/home/yuch3531/genome_analysis_project/5_genome_annotation/Prokka/E745_spades/E745_spades:tig00000001_672 (length 692)
/home/yuch3531/genome_analysis_project/5_genome_annotation/Prokka/E745_spades/E745_spades:tig00000001_673 (length 91)
/home/yuch3531/genome_analysis_project/5_genome_annotation/Prokka/E745_spades/E745_spades:tig00000001_674 (length 151)
/home/yuch3531/genome_analysis_project/5_genome_annotation/Prokka/E745_spades/E745_spades:tig00000001_675 (length 402)
/home/yuch3531/genome_analysis_project/5_genome_annotation/Prokka/E745_spades/E745_spades:tig00000001_676 (length 110)
/home/yuch3531/genome_analysis_project/5_genome_annotation/Prokka/E745_spades/E745_spades:tig00000001_677 (length 291)
/home/yuch3531/genome_analysis_project/5_genome_annotation/Prokka/E745_spades/E745_spades:tig00000001_678 (length 193)
/home/yuch3531/genome_analysis_project/5_genome_annotation/Prokka/E745_spades/E745_spades:tig00000001_679 (length 419)
/home/yuch3531/genome_analysis_project/5_genome_annotation/Prokka/E745_spades/E745_spades:tig00000001_680 (length 348)
/home/yuch3531/genome_analysis_project/5_genome_annotation/Prokka/E745_spades/E745_spades:tig00000001_681 (length 91)
/home/yuch3531/genome_analysis_project/5_genome_annotation/Prokka/E745_spades/E745_spades:tig00000001_682 (length 436)
/home/yuch3531/genome_analysis_project/5_genome_annotation/Prokka/E745_spades/E745_spades:tig00000001_683 (length 409)
/home/yuch3531/genome_analysis_project/5_genome_annotation/Prokka/E745_spades/E745_spades:tig00000001_684 (length 226)
/home/yuch3531/genome_analysis_project/5_genome_annotation/Prokka/E745_spades/E745_spades:tig00000001_685 (length 211)
/home/yuch3531/genome_analysis_project/5_genome_annotation/Prokka/E745_spades/E745_spades:tig00000001_686 (length 467)
/home/yuch3531/genome_analysis_project/5_genome_annotation/Prokka/E745_spades/E745_spades:tig00000001_687 (length 343)
/home/yuch3531/genome_analysis_project/5_genome_annotation/Prokka/E745_spades/E745_spades:tig00000001_688 (length 73)
/home/yuch3531/genome_analysis_project/5_genome_annotation/Prokka/E745_spades/E745_spades:tig00000001_689 (length 245)
/home/yuch3531/genome_analysis_project/5_genome_annotation/Prokka/E745_spades/E745_spades:tig00000001_690 (length 446)
/home/yuch3531/genome_analysis_project/5_genome_annotation/Prokka/E745_spades/E745_spades:tig00000001_691 (length 507)
/home/yuch3531/genome_analysis_project/5_genome_annotation/Prokka/E745_spades/E745_spades:tig00000001_692 (length 203)
/home/yuch3531/genome_analysis_project/5_genome_annotation/Prokka/E745_spades/E745_spades:tig00000001_693 (length 238)
/home/yuch3531/genome_analysis_project/5_genome_annotation/Prokka/E745_spades/E745_spades:tig00000001_694 (length 189)
/home/yuch3531/genome_analysis_project/5_genome_annotation/Prokka/E745_spades/E745_spades:tig00000001_695 (length 265)
/home/yuch3531/genome_analysis_project/5_genome_annotation/Prokka/E745_spades/E745_spades:tig00000001_696 (length 123)
/home/yuch3531/genome_analysis_project/5_genome_annotation/Prokka/E745_spades/E745_spades:tig00000001_697 (length 295)
/home/yuch3531/genome_analysis_project/5_genome_annotation/Prokka/E745_spades/E745_spades:tig00000001_698 (length 56)
/home/yuch3531/genome_analysis_project/5_genome_annotation/Prokka/E745_spades/E745_spades:tig00000001_699 (length 155)
/home/yuch3531/genome_analysis_project/5_genome_annotation/Prokka/E745_spades/E745_spades:tig00000001_700 (length 287)
/home/yuch3531/genome_analysis_project/5_genome_annotation/Prokka/E745_spades/E745_spades:tig00000001_701 (length 700)
/home/yuch3531/genome_analysis_project/5_genome_annotation/Prokka/E745_spades/E745_spades:tig00000001_702 (length 431)
/home/yuch3531/genome_analysis_project/5_genome_annotation/Prokka/E745_spades/E745_spades:tig00000001_703 (length 369)
/home/yuch3531/genome_analysis_project/5_genome_annotation/Prokka/E745_spades/E745_spades:tig00000001_704 (length 613)
/home/yuch3531/genome_analysis_project/5_genome_annotation/Prokka/E745_spades/E745_spades:tig00000001_705 (length 771)
/home/yuch3531/genome_analysis_project/5_genome_annotation/Prokka/E745_spades/E745_spades:tig00000001_706 (length 286)
/home/yuch3531/genome_analysis_project/5_genome_annotation/Prokka/E745_spades/E745_spades:tig00000001_707 (length 113)
/home/yuch3531/genome_analysis_project/5_genome_annotation/Prokka/E745_spades/E745_spades:tig00000001_708 (length 239)
/home/yuch3531/genome_analysis_project/5_genome_annotation/Prokka/E745_spades/E745_spades:tig00000001_709 (length 863)
/home/yuch3531/genome_analysis_project/5_genome_annotation/Prokka/E745_spades/E745_spades:tig00000001_710 (length 395)
/home/yuch3531/genome_analysis_project/5_genome_annotation/Prokka/E745_spades/E745_spades:tig00000001_711 (length 118)
/home/yuch3531/genome_analysis_project/5_genome_annotation/Prokka/E745_spades/E745_spades:tig00000001_712 (length 334)
/home/yuch3531/genome_analysis_project/5_genome_annotation/Prokka/E745_spades/E745_spades:tig00000001_713 (length 283)
/home/yuch3531/genome_analysis_project/5_genome_annotation/Prokka/E745_spades/E745_spades:tig00000001_714 (length 81)
/home/yuch3531/genome_analysis_project/5_genome_annotation/Prokka/E745_spades/E745_spades:tig00000001_715 (length 234)
/home/yuch3531/genome_analysis_project/5_genome_annotation/Prokka/E745_spades/E745_spades:tig00000001_716 (length 420)
/home/yuch3531/genome_analysis_project/5_genome_annotation/Prokka/E745_spades/E745_spades:tig00000001_717 (length 406)
/home/yuch3531/genome_analysis_project/5_genome_annotation/Prokka/E745_spades/E745_spades:tig00000001_718 (length 384)
/home/yuch3531/genome_analysis_project/5_genome_annotation/Prokka/E745_spades/E745_spades:tig00000001_719 (length 250)
/home/yuch3531/genome_analysis_project/5_genome_annotation/Prokka/E745_spades/E745_spades:tig00000001_720 (length 888)
/home/yuch3531/genome_analysis_project/5_genome_annotation/Prokka/E745_spades/E745_spades:tig00000001_721 (length 483)
/home/yuch3531/genome_analysis_project/5_genome_annotation/Prokka/E745_spades/E745_spades:tig00000001_722 (length 271)
/home/yuch3531/genome_analysis_project/5_genome_annotation/Prokka/E745_spades/E745_spades:tig00000001_723 (length 91)
/home/yuch3531/genome_analysis_project/5_genome_annotation/Prokka/E745_spades/E745_spades:tig00000001_724 (length 151)
/home/yuch3531/genome_analysis_project/5_genome_annotation/Prokka/E745_spades/E745_spades:tig00000001_725 (length 249)
/home/yuch3531/genome_analysis_project/5_genome_annotation/Prokka/E745_spades/E745_spades:tig00000001_726 (length 108)
/home/yuch3531/genome_analysis_project/5_genome_annotation/Prokka/E745_spades/E745_spades:tig00000001_727 (length 146)
/home/yuch3531/genome_analysis_project/5_genome_annotation/Prokka/E745_spades/E745_spades:tig00000001_728 (length 465)
/home/yuch3531/genome_analysis_project/5_genome_annotation/Prokka/E745_spades/E745_spades:tig00000001_729 (length 423)
/home/yuch3531/genome_analysis_project/5_genome_annotation/Prokka/E745_spades/E745_spades:tig00000001_730 (length 239)
/home/yuch3531/genome_analysis_project/5_genome_annotation/Prokka/E745_spades/E745_spades:tig00000001_731 (length 324)
/home/yuch3531/genome_analysis_project/5_genome_annotation/Prokka/E745_spades/E745_spades:tig00000001_732 (length 201)
/home/yuch3531/genome_analysis_project/5_genome_annotation/Prokka/E745_spades/E745_spades:tig00000001_733 (length 250)
/home/yuch3531/genome_analysis_project/5_genome_annotation/Prokka/E745_spades/E745_spades:tig00000001_734 (length 86)
/home/yuch3531/genome_analysis_project/5_genome_annotation/Prokka/E745_spades/E745_spades:tig00000001_735 (length 453)
/home/yuch3531/genome_analysis_project/5_genome_annotation/Prokka/E745_spades/E745_spades:tig00000001_736 (length 99)
/home/yuch3531/genome_analysis_project/5_genome_annotation/Prokka/E745_spades/E745_spades:tig00000001_737 (length 152)
/home/yuch3531/genome_analysis_project/5_genome_annotation/Prokka/E745_spades/E745_spades:tig00000001_738 (length 263)
/home/yuch3531/genome_analysis_project/5_genome_annotation/Prokka/E745_spades/E745_spades:tig00000001_739 (length 317)
/home/yuch3531/genome_analysis_project/5_genome_annotation/Prokka/E745_spades/E745_spades:tig00000001_740 (length 324)
/home/yuch3531/genome_analysis_project/5_genome_annotation/Prokka/E745_spades/E745_spades:tig00000001_741 (length 144)
/home/yuch3531/genome_analysis_project/5_genome_annotation/Prokka/E745_spades/E745_spades:tig00000001_742 (length 340)
/home/yuch3531/genome_analysis_project/5_genome_annotation/Prokka/E745_spades/E745_spades:tig00000001_743 (length 140)
/home/yuch3531/genome_analysis_project/5_genome_annotation/Prokka/E745_spades/E745_spades:tig00000001_744 (length 640)
/home/yuch3531/genome_analysis_project/5_genome_annotation/Prokka/E745_spades/E745_spades:tig00000001_745 (length 306)
/home/yuch3531/genome_analysis_project/5_genome_annotation/Prokka/E745_spades/E745_spades:tig00000001_746 (length 323)
/home/yuch3531/genome_analysis_project/5_genome_annotation/Prokka/E745_spades/E745_spades:tig00000001_747 (length 246)
/home/yuch3531/genome_analysis_project/5_genome_annotation/Prokka/E745_spades/E745_spades:tig00000001_748 (length 363)
/home/yuch3531/genome_analysis_project/5_genome_annotation/Prokka/E745_spades/E745_spades:tig00000001_749 (length 368)
/home/yuch3531/genome_analysis_project/5_genome_annotation/Prokka/E745_spades/E745_spades:tig00000001_750 (length 225)
/home/yuch3531/genome_analysis_project/5_genome_annotation/Prokka/E745_spades/E745_spades:tig00000001_751 (length 259)
/home/yuch3531/genome_analysis_project/5_genome_annotation/Prokka/E745_spades/E745_spades:tig00000001_752 (length 116)
/home/yuch3531/genome_analysis_project/5_genome_annotation/Prokka/E745_spades/E745_spades:tig00000001_753 (length 118)
/home/yuch3531/genome_analysis_project/5_genome_annotation/Prokka/E745_spades/E745_spades:tig00000001_754 (length 416)
/home/yuch3531/genome_analysis_project/5_genome_annotation/Prokka/E745_spades/E745_spades:tig00000001_755 (length 110)
/home/yuch3531/genome_analysis_project/5_genome_annotation/Prokka/E745_spades/E745_spades:tig00000001_756 (length 620)
/home/yuch3531/genome_analysis_project/5_genome_annotation/Prokka/E745_spades/E745_spades:tig00000001_757 (length 317)
/home/yuch3531/genome_analysis_project/5_genome_annotation/Prokka/E745_spades/E745_spades:tig00000001_758 (length 64)
/home/yuch3531/genome_analysis_project/5_genome_annotation/Prokka/E745_spades/E745_spades:tig00000001_759 (length 99)
/home/yuch3531/genome_analysis_project/5_genome_annotation/Prokka/E745_spades/E745_spades:tig00000001_760 (length 144)
/home/yuch3531/genome_analysis_project/5_genome_annotation/Prokka/E745_spades/E745_spades:tig00000001_761 (length 236)
/home/yuch3531/genome_analysis_project/5_genome_annotation/Prokka/E745_spades/E745_spades:tig00000001_762 (length 286)
/home/yuch3531/genome_analysis_project/5_genome_annotation/Prokka/E745_spades/E745_spades:tig00000001_763 (length 212)
/home/yuch3531/genome_analysis_project/5_genome_annotation/Prokka/E745_spades/E745_spades:tig00000001_764 (length 99)
/home/yuch3531/genome_analysis_project/5_genome_annotation/Prokka/E745_spades/E745_spades:tig00000001_765 (length 494)
/home/yuch3531/genome_analysis_project/5_genome_annotation/Prokka/E745_spades/E745_spades:tig00000001_766 (length 153)
/home/yuch3531/genome_analysis_project/5_genome_annotation/Prokka/E745_spades/E745_spades:tig00000001_767 (length 355)
/home/yuch3531/genome_analysis_project/5_genome_annotation/Prokka/E745_spades/E745_spades:tig00000001_768 (length 256)
/home/yuch3531/genome_analysis_project/5_genome_annotation/Prokka/E745_spades/E745_spades:tig00000001_769 (length 275)
/home/yuch3531/genome_analysis_project/5_genome_annotation/Prokka/E745_spades/E745_spades:tig00000001_770 (length 411)
/home/yuch3531/genome_analysis_project/5_genome_annotation/Prokka/E745_spades/E745_spades:tig00000001_771 (length 86)
/home/yuch3531/genome_analysis_project/5_genome_annotation/Prokka/E745_spades/E745_spades:tig00000001_772 (length 433)
/home/yuch3531/genome_analysis_project/5_genome_annotation/Prokka/E745_spades/E745_spades:tig00000001_773 (length 152)
/home/yuch3531/genome_analysis_project/5_genome_annotation/Prokka/E745_spades/E745_spades:tig00000001_774 (length 442)
/home/yuch3531/genome_analysis_project/5_genome_annotation/Prokka/E745_spades/E745_spades:tig00000001_775 (length 470)
/home/yuch3531/genome_analysis_project/5_genome_annotation/Prokka/E745_spades/E745_spades:tig00000001_776 (length 254)
/home/yuch3531/genome_analysis_project/5_genome_annotation/Prokka/E745_spades/E745_spades:tig00000001_777 (length 291)
/home/yuch3531/genome_analysis_project/5_genome_annotation/Prokka/E745_spades/E745_spades:tig00000001_778 (length 501)
/home/yuch3531/genome_analysis_project/5_genome_annotation/Prokka/E745_spades/E745_spades:tig00000001_779 (length 228)
/home/yuch3531/genome_analysis_project/5_genome_annotation/Prokka/E745_spades/E745_spades:tig00000001_780 (length 473)
/home/yuch3531/genome_analysis_project/5_genome_annotation/Prokka/E745_spades/E745_spades:tig00000001_781 (length 59)
/home/yuch3531/genome_analysis_project/5_genome_annotation/Prokka/E745_spades/E745_spades:tig00000001_782 (length 189)
/home/yuch3531/genome_analysis_project/5_genome_annotation/Prokka/E745_spades/E745_spades:tig00000001_783 (length 300)
/home/yuch3531/genome_analysis_project/5_genome_annotation/Prokka/E745_spades/E745_spades:tig00000001_784 (length 594)
/home/yuch3531/genome_analysis_project/5_genome_annotation/Prokka/E745_spades/E745_spades:tig00000001_785 (length 320)
/home/yuch3531/genome_analysis_project/5_genome_annotation/Prokka/E745_spades/E745_spades:tig00000001_786 (length 1104)
/home/yuch3531/genome_analysis_project/5_genome_annotation/Prokka/E745_spades/E745_spades:tig00000001_787 (length 61)
/home/yuch3531/genome_analysis_project/5_genome_annotation/Prokka/E745_spades/E745_spades:tig00000001_788 (length 398)
/home/yuch3531/genome_analysis_project/5_genome_annotation/Prokka/E745_spades/E745_spades:tig00000001_789 (length 431)
/home/yuch3531/genome_analysis_project/5_genome_annotation/Prokka/E745_spades/E745_spades:tig00000001_790 (length 514)
/home/yuch3531/genome_analysis_project/5_genome_annotation/Prokka/E745_spades/E745_spades:tig00000001_791 (length 269)
/home/yuch3531/genome_analysis_project/5_genome_annotation/Prokka/E745_spades/E745_spades:tig00000001_792 (length 431)
/home/yuch3531/genome_analysis_project/5_genome_annotation/Prokka/E745_spades/E745_spades:tig00000001_793 (length 717)
/home/yuch3531/genome_analysis_project/5_genome_annotation/Prokka/E745_spades/E745_spades:tig00000001_794 (length 282)
/home/yuch3531/genome_analysis_project/5_genome_annotation/Prokka/E745_spades/E745_spades:tig00000001_795 (length 646)
/home/yuch3531/genome_analysis_project/5_genome_annotation/Prokka/E745_spades/E745_spades:tig00000001_796 (length 59)
/home/yuch3531/genome_analysis_project/5_genome_annotation/Prokka/E745_spades/E745_spades:tig00000001_797 (length 607)
/home/yuch3531/genome_analysis_project/5_genome_annotation/Prokka/E745_spades/E745_spades:tig00000001_798 (length 759)
/home/yuch3531/genome_analysis_project/5_genome_annotation/Prokka/E745_spades/E745_spades:tig00000001_799 (length 215)
/home/yuch3531/genome_analysis_project/5_genome_annotation/Prokka/E745_spades/E745_spades:tig00000001_800 (length 329)
/home/yuch3531/genome_analysis_project/5_genome_annotation/Prokka/E745_spades/E745_spades:tig00000001_801 (length 239)
/home/yuch3531/genome_analysis_project/5_genome_annotation/Prokka/E745_spades/E745_spades:tig00000001_802 (length 383)
/home/yuch3531/genome_analysis_project/5_genome_annotation/Prokka/E745_spades/E745_spades:tig00000001_803 (length 246)
/home/yuch3531/genome_analysis_project/5_genome_annotation/Prokka/E745_spades/E745_spades:tig00000001_804 (length 86)
/home/yuch3531/genome_analysis_project/5_genome_annotation/Prokka/E745_spades/E745_spades:tig00000001_805 (length 197)
/home/yuch3531/genome_analysis_project/5_genome_annotation/Prokka/E745_spades/E745_spades:tig00000001_806 (length 216)
/home/yuch3531/genome_analysis_project/5_genome_annotation/Prokka/E745_spades/E745_spades:tig00000001_807 (length 103)
/home/yuch3531/genome_analysis_project/5_genome_annotation/Prokka/E745_spades/E745_spades:tig00000001_808 (length 369)
/home/yuch3531/genome_analysis_project/5_genome_annotation/Prokka/E745_spades/E745_spades:tig00000001_809 (length 175)
/home/yuch3531/genome_analysis_project/5_genome_annotation/Prokka/E745_spades/E745_spades:tig00000001_810 (length 261)
/home/yuch3531/genome_analysis_project/5_genome_annotation/Prokka/E745_spades/E745_spades:tig00000001_811 (length 289)
/home/yuch3531/genome_analysis_project/5_genome_annotation/Prokka/E745_spades/E745_spades:tig00000001_812 (length 459)
/home/yuch3531/genome_analysis_project/5_genome_annotation/Prokka/E745_spades/E745_spades:tig00000001_813 (length 139)
/home/yuch3531/genome_analysis_project/5_genome_annotation/Prokka/E745_spades/E745_spades:tig00000001_814 (length 158)
/home/yuch3531/genome_analysis_project/5_genome_annotation/Prokka/E745_spades/E745_spades:tig00000001_815 (length 411)
/home/yuch3531/genome_analysis_project/5_genome_annotation/Prokka/E745_spades/E745_spades:tig00000001_816 (length 245)
/home/yuch3531/genome_analysis_project/5_genome_annotation/Prokka/E745_spades/E745_spades:tig00000001_817 (length 305)
/home/yuch3531/genome_analysis_project/5_genome_annotation/Prokka/E745_spades/E745_spades:tig00000001_818 (length 74)
/home/yuch3531/genome_analysis_project/5_genome_annotation/Prokka/E745_spades/E745_spades:tig00000001_819 (length 320)
/home/yuch3531/genome_analysis_project/5_genome_annotation/Prokka/E745_spades/E745_spades:tig00000001_820 (length 146)
/home/yuch3531/genome_analysis_project/5_genome_annotation/Prokka/E745_spades/E745_spades:tig00000001_821 (length 321)
/home/yuch3531/genome_analysis_project/5_genome_annotation/Prokka/E745_spades/E745_spades:tig00000001_822 (length 76)
/home/yuch3531/genome_analysis_project/5_genome_annotation/Prokka/E745_spades/E745_spades:tig00000001_823 (length 295)
/home/yuch3531/genome_analysis_project/5_genome_annotation/Prokka/E745_spades/E745_spades:tig00000001_824 (length 407)
/home/yuch3531/genome_analysis_project/5_genome_annotation/Prokka/E745_spades/E745_spades:tig00000001_825 (length 247)
/home/yuch3531/genome_analysis_project/5_genome_annotation/Prokka/E745_spades/E745_spades:tig00000001_826 (length 94)
/home/yuch3531/genome_analysis_project/5_genome_annotation/Prokka/E745_spades/E745_spades:tig00000001_827 (length 575)
/home/yuch3531/genome_analysis_project/5_genome_annotation/Prokka/E745_spades/E745_spades:tig00000001_828 (length 88)
/home/yuch3531/genome_analysis_project/5_genome_annotation/Prokka/E745_spades/E745_spades:tig00000001_829 (length 744)
/home/yuch3531/genome_analysis_project/5_genome_annotation/Prokka/E745_spades/E745_spades:tig00000001_830 (length 106)
/home/yuch3531/genome_analysis_project/5_genome_annotation/Prokka/E745_spades/E745_spades:tig00000001_831 (length 74)
/home/yuch3531/genome_analysis_project/5_genome_annotation/Prokka/E745_spades/E745_spades:tig00000001_832 (length 526)
/home/yuch3531/genome_analysis_project/5_genome_annotation/Prokka/E745_spades/E745_spades:tig00000001_833 (length 458)
/home/yuch3531/genome_analysis_project/5_genome_annotation/Prokka/E745_spades/E745_spades:tig00000001_834 (length 372)
/home/yuch3531/genome_analysis_project/5_genome_annotation/Prokka/E745_spades/E745_spades:tig00000001_835 (length 144)
/home/yuch3531/genome_analysis_project/5_genome_annotation/Prokka/E745_spades/E745_spades:tig00000001_836 (length 177)
/home/yuch3531/genome_analysis_project/5_genome_annotation/Prokka/E745_spades/E745_spades:tig00000001_837 (length 392)
/home/yuch3531/genome_analysis_project/5_genome_annotation/Prokka/E745_spades/E745_spades:tig00000001_838 (length 236)
/home/yuch3531/genome_analysis_project/5_genome_annotation/Prokka/E745_spades/E745_spades:tig00000001_839 (length 460)
/home/yuch3531/genome_analysis_project/5_genome_annotation/Prokka/E745_spades/E745_spades:tig00000001_840 (length 192)
/home/yuch3531/genome_analysis_project/5_genome_annotation/Prokka/E745_spades/E745_spades:tig00000001_841 (length 156)
/home/yuch3531/genome_analysis_project/5_genome_annotation/Prokka/E745_spades/E745_spades:tig00000001_842 (length 408)
/home/yuch3531/genome_analysis_project/5_genome_annotation/Prokka/E745_spades/E745_spades:tig00000001_843 (length 66)
/home/yuch3531/genome_analysis_project/5_genome_annotation/Prokka/E745_spades/E745_spades:tig00000001_844 (length 202)
/home/yuch3531/genome_analysis_project/5_genome_annotation/Prokka/E745_spades/E745_spades:tig00000001_845 (length 156)
/home/yuch3531/genome_analysis_project/5_genome_annotation/Prokka/E745_spades/E745_spades:tig00000001_846 (length 299)
/home/yuch3531/genome_analysis_project/5_genome_annotation/Prokka/E745_spades/E745_spades:tig00000001_847 (length 267)
/home/yuch3531/genome_analysis_project/5_genome_annotation/Prokka/E745_spades/E745_spades:tig00000001_848 (length 315)
/home/yuch3531/genome_analysis_project/5_genome_annotation/Prokka/E745_spades/E745_spades:tig00000001_849 (length 515)
/home/yuch3531/genome_analysis_project/5_genome_annotation/Prokka/E745_spades/E745_spades:tig00000001_850 (length 117)
/home/yuch3531/genome_analysis_project/5_genome_annotation/Prokka/E745_spades/E745_spades:tig00000001_851 (length 64)
/home/yuch3531/genome_analysis_project/5_genome_annotation/Prokka/E745_spades/E745_spades:tig00000001_852 (length 97)
/home/yuch3531/genome_analysis_project/5_genome_annotation/Prokka/E745_spades/E745_spades:tig00000001_853 (length 180)
/home/yuch3531/genome_analysis_project/5_genome_annotation/Prokka/E745_spades/E745_spades:tig00000001_854 (length 210)
/home/yuch3531/genome_analysis_project/5_genome_annotation/Prokka/E745_spades/E745_spades:tig00000001_855 (length 355)
/home/yuch3531/genome_analysis_project/5_genome_annotation/Prokka/E745_spades/E745_spades:tig00000001_856 (length 243)
/home/yuch3531/genome_analysis_project/5_genome_annotation/Prokka/E745_spades/E745_spades:tig00000001_857 (length 159)
/home/yuch3531/genome_analysis_project/5_genome_annotation/Prokka/E745_spades/E745_spades:tig00000001_858 (length 391)
/home/yuch3531/genome_analysis_project/5_genome_annotation/Prokka/E745_spades/E745_spades:tig00000001_859 (length 386)
/home/yuch3531/genome_analysis_project/5_genome_annotation/Prokka/E745_spades/E745_spades:tig00000001_860 (length 481)
/home/yuch3531/genome_analysis_project/5_genome_annotation/Prokka/E745_spades/E745_spades:tig00000001_861 (length 315)
/home/yuch3531/genome_analysis_project/5_genome_annotation/Prokka/E745_spades/E745_spades:tig00000001_862 (length 471)
/home/yuch3531/genome_analysis_project/5_genome_annotation/Prokka/E745_spades/E745_spades:tig00000001_863 (length 382)
/home/yuch3531/genome_analysis_project/5_genome_annotation/Prokka/E745_spades/E745_spades:tig00000001_864 (length 511)
/home/yuch3531/genome_analysis_project/5_genome_annotation/Prokka/E745_spades/E745_spades:tig00000001_865 (length 227)
/home/yuch3531/genome_analysis_project/5_genome_annotation/Prokka/E745_spades/E745_spades:tig00000001_866 (length 68)
/home/yuch3531/genome_analysis_project/5_genome_annotation/Prokka/E745_spades/E745_spades:tig00000001_867 (length 335)
/home/yuch3531/genome_analysis_project/5_genome_annotation/Prokka/E745_spades/E745_spades:tig00000001_868 (length 355)
/home/yuch3531/genome_analysis_project/5_genome_annotation/Prokka/E745_spades/E745_spades:tig00000001_869 (length 233)
/home/yuch3531/genome_analysis_project/5_genome_annotation/Prokka/E745_spades/E745_spades:tig00000001_870 (length 129)
/home/yuch3531/genome_analysis_project/5_genome_annotation/Prokka/E745_spades/E745_spades:tig00000001_871 (length 113)
/home/yuch3531/genome_analysis_project/5_genome_annotation/Prokka/E745_spades/E745_spades:tig00000001_872 (length 180)
/home/yuch3531/genome_analysis_project/5_genome_annotation/Prokka/E745_spades/E745_spades:tig00000001_873 (length 79)
/home/yuch3531/genome_analysis_project/5_genome_annotation/Prokka/E745_spades/E745_spades:tig00000001_874 (length 463)
/home/yuch3531/genome_analysis_project/5_genome_annotation/Prokka/E745_spades/E745_spades:tig00000001_875 (length 319)
/home/yuch3531/genome_analysis_project/5_genome_annotation/Prokka/E745_spades/E745_spades:tig00000001_876 (length 712)
/home/yuch3531/genome_analysis_project/5_genome_annotation/Prokka/E745_spades/E745_spades:tig00000001_877 (length 528)
/home/yuch3531/genome_analysis_project/5_genome_annotation/Prokka/E745_spades/E745_spades:tig00000001_878 (length 406)
/home/yuch3531/genome_analysis_project/5_genome_annotation/Prokka/E745_spades/E745_spades:tig00000001_879 (length 268)
/home/yuch3531/genome_analysis_project/5_genome_annotation/Prokka/E745_spades/E745_spades:tig00000001_880 (length 426)
/home/yuch3531/genome_analysis_project/5_genome_annotation/Prokka/E745_spades/E745_spades:tig00000001_881 (length 677)
/home/yuch3531/genome_analysis_project/5_genome_annotation/Prokka/E745_spades/E745_spades:tig00000001_882 (length 283)
/home/yuch3531/genome_analysis_project/5_genome_annotation/Prokka/E745_spades/E745_spades:tig00000001_883 (length 342)
/home/yuch3531/genome_analysis_project/5_genome_annotation/Prokka/E745_spades/E745_spades:tig00000001_884 (length 190)
/home/yuch3531/genome_analysis_project/5_genome_annotation/Prokka/E745_spades/E745_spades:tig00000001_885 (length 288)
/home/yuch3531/genome_analysis_project/5_genome_annotation/Prokka/E745_spades/E745_spades:tig00000001_886 (length 235)
/home/yuch3531/genome_analysis_project/5_genome_annotation/Prokka/E745_spades/E745_spades:tig00000001_887 (length 275)
/home/yuch3531/genome_analysis_project/5_genome_annotation/Prokka/E745_spades/E745_spades:tig00000001_888 (length 266)
/home/yuch3531/genome_analysis_project/5_genome_annotation/Prokka/E745_spades/E745_spades:tig00000001_889 (length 379)
/home/yuch3531/genome_analysis_project/5_genome_annotation/Prokka/E745_spades/E745_spades:tig00000001_890 (length 307)
/home/yuch3531/genome_analysis_project/5_genome_annotation/Prokka/E745_spades/E745_spades:tig00000001_891 (length 254)
/home/yuch3531/genome_analysis_project/5_genome_annotation/Prokka/E745_spades/E745_spades:tig00000001_892 (length 146)
/home/yuch3531/genome_analysis_project/5_genome_annotation/Prokka/E745_spades/E745_spades:tig00000001_893 (length 189)
/home/yuch3531/genome_analysis_project/5_genome_annotation/Prokka/E745_spades/E745_spades:tig00000001_894 (length 410)
/home/yuch3531/genome_analysis_project/5_genome_annotation/Prokka/E745_spades/E745_spades:tig00000001_895 (length 59)
/home/yuch3531/genome_analysis_project/5_genome_annotation/Prokka/E745_spades/E745_spades:tig00000001_896 (length 123)
/home/yuch3531/genome_analysis_project/5_genome_annotation/Prokka/E745_spades/E745_spades:tig00000001_897 (length 133)
/home/yuch3531/genome_analysis_project/5_genome_annotation/Prokka/E745_spades/E745_spades:tig00000001_898 (length 135)
/home/yuch3531/genome_analysis_project/5_genome_annotation/Prokka/E745_spades/E745_spades:tig00000001_899 (length 164)
/home/yuch3531/genome_analysis_project/5_genome_annotation/Prokka/E745_spades/E745_spades:tig00000001_900 (length 278)
/home/yuch3531/genome_analysis_project/5_genome_annotation/Prokka/E745_spades/E745_spades:tig00000001_901 (length 96)
/home/yuch3531/genome_analysis_project/5_genome_annotation/Prokka/E745_spades/E745_spades:tig00000001_902 (length 341)
/home/yuch3531/genome_analysis_project/5_genome_annotation/Prokka/E745_spades/E745_spades:tig00000001_903 (length 74)
/home/yuch3531/genome_analysis_project/5_genome_annotation/Prokka/E745_spades/E745_spades:tig00000001_904 (length 97)
/home/yuch3531/genome_analysis_project/5_genome_annotation/Prokka/E745_spades/E745_spades:tig00000001_905 (length 45)
/home/yuch3531/genome_analysis_project/5_genome_annotation/Prokka/E745_spades/E745_spades:tig00000001_906 (length 148)
/home/yuch3531/genome_analysis_project/5_genome_annotation/Prokka/E745_spades/E745_spades:tig00000001_907 (length 688)
/home/yuch3531/genome_analysis_project/5_genome_annotation/Prokka/E745_spades/E745_spades:tig00000001_908 (length 260)
/home/yuch3531/genome_analysis_project/5_genome_annotation/Prokka/E745_spades/E745_spades:tig00000001_909 (length 572)
/home/yuch3531/genome_analysis_project/5_genome_annotation/Prokka/E745_spades/E745_spades:tig00000001_910 (length 943)
/home/yuch3531/genome_analysis_project/5_genome_annotation/Prokka/E745_spades/E745_spades:tig00000001_911 (length 263)
/home/yuch3531/genome_analysis_project/5_genome_annotation/Prokka/E745_spades/E745_spades:tig00000001_912 (length 1039)
/home/yuch3531/genome_analysis_project/5_genome_annotation/Prokka/E745_spades/E745_spades:tig00000001_913 (length 95)
/home/yuch3531/genome_analysis_project/5_genome_annotation/Prokka/E745_spades/E745_spades:tig00000001_914 (length 122)
/home/yuch3531/genome_analysis_project/5_genome_annotation/Prokka/E745_spades/E745_spades:tig00000001_915 (length 170)
/home/yuch3531/genome_analysis_project/5_genome_annotation/Prokka/E745_spades/E745_spades:tig00000001_916 (length 130)
/home/yuch3531/genome_analysis_project/5_genome_annotation/Prokka/E745_spades/E745_spades:tig00000001_917 (length 123)
/home/yuch3531/genome_analysis_project/5_genome_annotation/Prokka/E745_spades/E745_spades:tig00000001_918 (length 108)
/home/yuch3531/genome_analysis_project/5_genome_annotation/Prokka/E745_spades/E745_spades:tig00000001_919 (length 112)
/home/yuch3531/genome_analysis_project/5_genome_annotation/Prokka/E745_spades/E745_spades:tig00000001_920 (length 68)
/home/yuch3531/genome_analysis_project/5_genome_annotation/Prokka/E745_spades/E745_spades:tig00000001_921 (length 335)
/home/yuch3531/genome_analysis_project/5_genome_annotation/Prokka/E745_spades/E745_spades:tig00000001_922 (length 117)
/home/yuch3531/genome_analysis_project/5_genome_annotation/Prokka/E745_spades/E745_spades:tig00000001_923 (length 213)
/home/yuch3531/genome_analysis_project/5_genome_annotation/Prokka/E745_spades/E745_spades:tig00000001_924 (length 57)
/home/yuch3531/genome_analysis_project/5_genome_annotation/Prokka/E745_spades/E745_spades:tig00000001_925 (length 317)
/home/yuch3531/genome_analysis_project/5_genome_annotation/Prokka/E745_spades/E745_spades:tig00000001_926 (length 87)
/home/yuch3531/genome_analysis_project/5_genome_annotation/Prokka/E745_spades/E745_spades:tig00000001_927 (length 76)
/home/yuch3531/genome_analysis_project/5_genome_annotation/Prokka/E745_spades/E745_spades:tig00000001_928 (length 544)
/home/yuch3531/genome_analysis_project/5_genome_annotation/Prokka/E745_spades/E745_spades:tig00000001_929 (length 433)
/home/yuch3531/genome_analysis_project/5_genome_annotation/Prokka/E745_spades/E745_spades:tig00000001_930 (length 151)
/home/yuch3531/genome_analysis_project/5_genome_annotation/Prokka/E745_spades/E745_spades:tig00000001_931 (length 74)
/home/yuch3531/genome_analysis_project/5_genome_annotation/Prokka/E745_spades/E745_spades:tig00000001_932 (length 59)
/home/yuch3531/genome_analysis_project/5_genome_annotation/Prokka/E745_spades/E745_spades:tig00000001_933 (length 137)
/home/yuch3531/genome_analysis_project/5_genome_annotation/Prokka/E745_spades/E745_spades:tig00000001_934 (length 91)
/home/yuch3531/genome_analysis_project/5_genome_annotation/Prokka/E745_spades/E745_spades:tig00000001_935 (length 50)
/home/yuch3531/genome_analysis_project/5_genome_annotation/Prokka/E745_spades/E745_spades:tig00000001_936 (length 137)
/home/yuch3531/genome_analysis_project/5_genome_annotation/Prokka/E745_spades/E745_spades:tig00000001_937 (length 98)
/home/yuch3531/genome_analysis_project/5_genome_annotation/Prokka/E745_spades/E745_spades:tig00000001_938 (length 185)
/home/yuch3531/genome_analysis_project/5_genome_annotation/Prokka/E745_spades/E745_spades:tig00000001_939 (length 131)
/home/yuch3531/genome_analysis_project/5_genome_annotation/Prokka/E745_spades/E745_spades:tig00000001_940 (length 57)
/home/yuch3531/genome_analysis_project/5_genome_annotation/Prokka/E745_spades/E745_spades:tig00000001_941 (length 103)
/home/yuch3531/genome_analysis_project/5_genome_annotation/Prokka/E745_spades/E745_spades:tig00000001_942 (length 96)
/home/yuch3531/genome_analysis_project/5_genome_annotation/Prokka/E745_spades/E745_spades:tig00000001_943 (length 103)
/home/yuch3531/genome_analysis_project/5_genome_annotation/Prokka/E745_spades/E745_spades:tig00000001_944 (length 53)
/home/yuch3531/genome_analysis_project/5_genome_annotation/Prokka/E745_spades/E745_spades:tig00000001_945 (length 100)
/home/yuch3531/genome_analysis_project/5_genome_annotation/Prokka/E745_spades/E745_spades:tig00000001_946 (length 54)
/home/yuch3531/genome_analysis_project/5_genome_annotation/Prokka/E745_spades/E745_spades:tig00000001_947 (length 89)
/home/yuch3531/genome_analysis_project/5_genome_annotation/Prokka/E745_spades/E745_spades:tig00000001_948 (length 283)
/home/yuch3531/genome_analysis_project/5_genome_annotation/Prokka/E745_spades/E745_spades:tig00000001_949 (length 171)
/home/yuch3531/genome_analysis_project/5_genome_annotation/Prokka/E745_spades/E745_spades:tig00000001_950 (length 230)
/home/yuch3531/genome_analysis_project/5_genome_annotation/Prokka/E745_spades/E745_spades:tig00000001_951 (length 223)
/home/yuch3531/genome_analysis_project/5_genome_annotation/Prokka/E745_spades/E745_spades:tig00000001_952 (length 113)
/home/yuch3531/genome_analysis_project/5_genome_annotation/Prokka/E745_spades/E745_spades:tig00000001_953 (length 48)
/home/yuch3531/genome_analysis_project/5_genome_annotation/Prokka/E745_spades/E745_spades:tig00000001_954 (length 57)
/home/yuch3531/genome_analysis_project/5_genome_annotation/Prokka/E745_spades/E745_spades:tig00000001_955 (length 62)
/home/yuch3531/genome_analysis_project/5_genome_annotation/Prokka/E745_spades/E745_spades:tig00000001_956 (length 94)
/home/yuch3531/genome_analysis_project/5_genome_annotation/Prokka/E745_spades/E745_spades:tig00000001_957 (length 99)
/home/yuch3531/genome_analysis_project/5_genome_annotation/Prokka/E745_spades/E745_spades:tig00000001_958 (length 67)
/home/yuch3531/genome_analysis_project/5_genome_annotation/Prokka/E745_spades/E745_spades:tig00000001_959 (length 248)
/home/yuch3531/genome_analysis_project/5_genome_annotation/Prokka/E745_spades/E745_spades:tig00000001_960 (length 83)
/home/yuch3531/genome_analysis_project/5_genome_annotation/Prokka/E745_spades/E745_spades:tig00000001_961 (length 51)
/home/yuch3531/genome_analysis_project/5_genome_annotation/Prokka/E745_spades/E745_spades:tig00000001_962 (length 62)
/home/yuch3531/genome_analysis_project/5_genome_annotation/Prokka/E745_spades/E745_spades:tig00000001_963 (length 52)
/home/yuch3531/genome_analysis_project/5_genome_annotation/Prokka/E745_spades/E745_spades:tig00000001_964 (length 106)
/home/yuch3531/genome_analysis_project/5_genome_annotation/Prokka/E745_spades/E745_spades:tig00000001_965 (length 140)
/home/yuch3531/genome_analysis_project/5_genome_annotation/Prokka/E745_spades/E745_spades:tig00000001_966 (length 101)
/home/yuch3531/genome_analysis_project/5_genome_annotation/Prokka/E745_spades/E745_spades:tig00000001_967 (length 379)
/home/yuch3531/genome_analysis_project/5_genome_annotation/Prokka/E745_spades/E745_spades:tig00000001_968 (length 541)
/home/yuch3531/genome_analysis_project/5_genome_annotation/Prokka/E745_spades/E745_spades:tig00000001_969 (length 94)
/home/yuch3531/genome_analysis_project/5_genome_annotation/Prokka/E745_spades/E745_spades:tig00000001_970 (length 220)
/home/yuch3531/genome_analysis_project/5_genome_annotation/Prokka/E745_spades/E745_spades:tig00000001_971 (length 430)
/home/yuch3531/genome_analysis_project/5_genome_annotation/Prokka/E745_spades/E745_spades:tig00000001_972 (length 209)
/home/yuch3531/genome_analysis_project/5_genome_annotation/Prokka/E745_spades/E745_spades:tig00000001_973 (length 269)
/home/yuch3531/genome_analysis_project/5_genome_annotation/Prokka/E745_spades/E745_spades:tig00000001_974 (length 289)
/home/yuch3531/genome_analysis_project/5_genome_annotation/Prokka/E745_spades/E745_spades:tig00000001_975 (length 438)
/home/yuch3531/genome_analysis_project/5_genome_annotation/Prokka/E745_spades/E745_spades:tig00000001_976 (length 611)
/home/yuch3531/genome_analysis_project/5_genome_annotation/Prokka/E745_spades/E745_spades:tig00000001_977 (length 234)
/home/yuch3531/genome_analysis_project/5_genome_annotation/Prokka/E745_spades/E745_spades:tig00000001_978 (length 286)
/home/yuch3531/genome_analysis_project/5_genome_annotation/Prokka/E745_spades/E745_spades:tig00000001_979 (length 189)
/home/yuch3531/genome_analysis_project/5_genome_annotation/Prokka/E745_spades/E745_spades:tig00000001_980 (length 105)
/home/yuch3531/genome_analysis_project/5_genome_annotation/Prokka/E745_spades/E745_spades:tig00000001_981 (length 194)
/home/yuch3531/genome_analysis_project/5_genome_annotation/Prokka/E745_spades/E745_spades:tig00000001_982 (length 48)
/home/yuch3531/genome_analysis_project/5_genome_annotation/Prokka/E745_spades/E745_spades:tig00000001_983 (length 112)
/home/yuch3531/genome_analysis_project/5_genome_annotation/Prokka/E745_spades/E745_spades:tig00000001_984 (length 65)
/home/yuch3531/genome_analysis_project/5_genome_annotation/Prokka/E745_spades/E745_spades:tig00000001_985 (length 575)
/home/yuch3531/genome_analysis_project/5_genome_annotation/Prokka/E745_spades/E745_spades:tig00000001_986 (length 397)
/home/yuch3531/genome_analysis_project/5_genome_annotation/Prokka/E745_spades/E745_spades:tig00000001_987 (length 214)
/home/yuch3531/genome_analysis_project/5_genome_annotation/Prokka/E745_spades/E745_spades:tig00000001_988 (length 44)
/home/yuch3531/genome_analysis_project/5_genome_annotation/Prokka/E745_spades/E745_spades:tig00000001_989 (length 710)
/home/yuch3531/genome_analysis_project/5_genome_annotation/Prokka/E745_spades/E745_spades:tig00000001_990 (length 157)
/home/yuch3531/genome_analysis_project/5_genome_annotation/Prokka/E745_spades/E745_spades:tig00000001_991 (length 74)
/home/yuch3531/genome_analysis_project/5_genome_annotation/Prokka/E745_spades/E745_spades:tig00000001_992 (length 719)
/home/yuch3531/genome_analysis_project/5_genome_annotation/Prokka/E745_spades/E745_spades:tig00000001_993 (length 321)
/home/yuch3531/genome_analysis_project/5_genome_annotation/Prokka/E745_spades/E745_spades:tig00000001_994 (length 379)
/home/yuch3531/genome_analysis_project/5_genome_annotation/Prokka/E745_spades/E745_spades:tig00000001_995 (length 237)
/home/yuch3531/genome_analysis_project/5_genome_annotation/Prokka/E745_spades/E745_spades:tig00000001_996 (length 233)
/home/yuch3531/genome_analysis_project/5_genome_annotation/Prokka/E745_spades/E745_spades:tig00000001_997 (length 510)
/home/yuch3531/genome_analysis_project/5_genome_annotation/Prokka/E745_spades/E745_spades:tig00000001_998 (length 302)
/home/yuch3531/genome_analysis_project/5_genome_annotation/Prokka/E745_spades/E745_spades:tig00000001_999 (length 349)
/home/yuch3531/genome_analysis_project/5_genome_annotation/Prokka/E745_spades/E745_spades:tig00000001_1000 (length 229)
/home/yuch3531/genome_analysis_project/5_genome_annotation/Prokka/E745_spades/E745_spades:tig00000001_1001 (length 122)
/home/yuch3531/genome_analysis_project/5_genome_annotation/Prokka/E745_spades/E745_spades:tig00000001_1002 (length 167)
/home/yuch3531/genome_analysis_project/5_genome_annotation/Prokka/E745_spades/E745_spades:tig00000001_1003 (length 229)
/home/yuch3531/genome_analysis_project/5_genome_annotation/Prokka/E745_spades/E745_spades:tig00000001_1004 (length 140)
/home/yuch3531/genome_analysis_project/5_genome_annotation/Prokka/E745_spades/E745_spades:tig00000001_1005 (length 222)
/home/yuch3531/genome_analysis_project/5_genome_annotation/Prokka/E745_spades/E745_spades:tig00000001_1006 (length 290)
/home/yuch3531/genome_analysis_project/5_genome_annotation/Prokka/E745_spades/E745_spades:tig00000001_1007 (length 339)
/home/yuch3531/genome_analysis_project/5_genome_annotation/Prokka/E745_spades/E745_spades:tig00000001_1008 (length 295)
/home/yuch3531/genome_analysis_project/5_genome_annotation/Prokka/E745_spades/E745_spades:tig00000001_1009 (length 181)
/home/yuch3531/genome_analysis_project/5_genome_annotation/Prokka/E745_spades/E745_spades:tig00000001_1010 (length 56)
/home/yuch3531/genome_analysis_project/5_genome_annotation/Prokka/E745_spades/E745_spades:tig00000001_1011 (length 50)
/home/yuch3531/genome_analysis_project/5_genome_annotation/Prokka/E745_spades/E745_spades:tig00000001_1012 (length 214)
/home/yuch3531/genome_analysis_project/5_genome_annotation/Prokka/E745_spades/E745_spades:tig00000001_1013 (length 167)
/home/yuch3531/genome_analysis_project/5_genome_annotation/Prokka/E745_spades/E745_spades:tig00000001_1014 (length 321)
/home/yuch3531/genome_analysis_project/5_genome_annotation/Prokka/E745_spades/E745_spades:tig00000001_1015 (length 390)
/home/yuch3531/genome_analysis_project/5_genome_annotation/Prokka/E745_spades/E745_spades:tig00000001_1016 (length 381)
/home/yuch3531/genome_analysis_project/5_genome_annotation/Prokka/E745_spades/E745_spades:tig00000001_1017 (length 310)
/home/yuch3531/genome_analysis_project/5_genome_annotation/Prokka/E745_spades/E745_spades:tig00000001_1018 (length 359)
/home/yuch3531/genome_analysis_project/5_genome_annotation/Prokka/E745_spades/E745_spades:tig00000001_1019 (length 209)
/home/yuch3531/genome_analysis_project/5_genome_annotation/Prokka/E745_spades/E745_spades:tig00000001_1020 (length 75)
/home/yuch3531/genome_analysis_project/5_genome_annotation/Prokka/E745_spades/E745_spades:tig00000001_1021 (length 862)
/home/yuch3531/genome_analysis_project/5_genome_annotation/Prokka/E745_spades/E745_spades:tig00000001_1022 (length 219)
/home/yuch3531/genome_analysis_project/5_genome_annotation/Prokka/E745_spades/E745_spades:tig00000001_1023 (length 167)
/home/yuch3531/genome_analysis_project/5_genome_annotation/Prokka/E745_spades/E745_spades:tig00000001_1024 (length 288)
/home/yuch3531/genome_analysis_project/5_genome_annotation/Prokka/E745_spades/E745_spades:tig00000001_1025 (length 213)
/home/yuch3531/genome_analysis_project/5_genome_annotation/Prokka/E745_spades/E745_spades:tig00000001_1026 (length 453)
/home/yuch3531/genome_analysis_project/5_genome_annotation/Prokka/E745_spades/E745_spades:tig00000001_1027 (length 299)
/home/yuch3531/genome_analysis_project/5_genome_annotation/Prokka/E745_spades/E745_spades:tig00000001_1028 (length 265)
/home/yuch3531/genome_analysis_project/5_genome_annotation/Prokka/E745_spades/E745_spades:tig00000001_1029 (length 234)
/home/yuch3531/genome_analysis_project/5_genome_annotation/Prokka/E745_spades/E745_spades:tig00000001_1030 (length 191)
/home/yuch3531/genome_analysis_project/5_genome_annotation/Prokka/E745_spades/E745_spades:tig00000001_1031 (length 225)
/home/yuch3531/genome_analysis_project/5_genome_annotation/Prokka/E745_spades/E745_spades:tig00000001_1032 (length 431)
/home/yuch3531/genome_analysis_project/5_genome_annotation/Prokka/E745_spades/E745_spades:tig00000001_1033 (length 602)
/home/yuch3531/genome_analysis_project/5_genome_annotation/Prokka/E745_spades/E745_spades:tig00000001_1034 (length 332)
/home/yuch3531/genome_analysis_project/5_genome_annotation/Prokka/E745_spades/E745_spades:tig00000001_1035 (length 217)
/home/yuch3531/genome_analysis_project/5_genome_annotation/Prokka/E745_spades/E745_spades:tig00000001_1036 (length 132)
/home/yuch3531/genome_analysis_project/5_genome_annotation/Prokka/E745_spades/E745_spades:tig00000001_1037 (length 235)
/home/yuch3531/genome_analysis_project/5_genome_annotation/Prokka/E745_spades/E745_spades:tig00000001_1038 (length 1064)
/home/yuch3531/genome_analysis_project/5_genome_annotation/Prokka/E745_spades/E745_spades:tig00000001_1039 (length 253)
/home/yuch3531/genome_analysis_project/5_genome_annotation/Prokka/E745_spades/E745_spades:tig00000001_1040 (length 740)
/home/yuch3531/genome_analysis_project/5_genome_annotation/Prokka/E745_spades/E745_spades:tig00000001_1041 (length 373)
/home/yuch3531/genome_analysis_project/5_genome_annotation/Prokka/E745_spades/E745_spades:tig00000001_1042 (length 207)
/home/yuch3531/genome_analysis_project/5_genome_annotation/Prokka/E745_spades/E745_spades:tig00000001_1043 (length 244)
/home/yuch3531/genome_analysis_project/5_genome_annotation/Prokka/E745_spades/E745_spades:tig00000001_1044 (length 94)
/home/yuch3531/genome_analysis_project/5_genome_annotation/Prokka/E745_spades/E745_spades:tig00000001_1045 (length 627)
/home/yuch3531/genome_analysis_project/5_genome_annotation/Prokka/E745_spades/E745_spades:tig00000001_1046 (length 291)
/home/yuch3531/genome_analysis_project/5_genome_annotation/Prokka/E745_spades/E745_spades:tig00000001_1047 (length 589)
/home/yuch3531/genome_analysis_project/5_genome_annotation/Prokka/E745_spades/E745_spades:tig00000001_1048 (length 430)
/home/yuch3531/genome_analysis_project/5_genome_annotation/Prokka/E745_spades/E745_spades:tig00000001_1049 (length 315)
/home/yuch3531/genome_analysis_project/5_genome_annotation/Prokka/E745_spades/E745_spades:tig00000001_1050 (length 419)
/home/yuch3531/genome_analysis_project/5_genome_annotation/Prokka/E745_spades/E745_spades:tig00000001_1051 (length 148)
/home/yuch3531/genome_analysis_project/5_genome_annotation/Prokka/E745_spades/E745_spades:tig00000001_1052 (length 737)
/home/yuch3531/genome_analysis_project/5_genome_annotation/Prokka/E745_spades/E745_spades:tig00000001_1053 (length 254)
/home/yuch3531/genome_analysis_project/5_genome_annotation/Prokka/E745_spades/E745_spades:tig00000001_1054 (length 315)
/home/yuch3531/genome_analysis_project/5_genome_annotation/Prokka/E745_spades/E745_spades:tig00000001_1055 (length 162)
/home/yuch3531/genome_analysis_project/5_genome_annotation/Prokka/E745_spades/E745_spades:tig00000001_1056 (length 223)
/home/yuch3531/genome_analysis_project/5_genome_annotation/Prokka/E745_spades/E745_spades:tig00000001_1057 (length 428)
/home/yuch3531/genome_analysis_project/5_genome_annotation/Prokka/E745_spades/E745_spades:tig00000001_1058 (length 94)
/home/yuch3531/genome_analysis_project/5_genome_annotation/Prokka/E745_spades/E745_spades:tig00000001_1059 (length 159)
/home/yuch3531/genome_analysis_project/5_genome_annotation/Prokka/E745_spades/E745_spades:tig00000001_1060 (length 42)
/home/yuch3531/genome_analysis_project/5_genome_annotation/Prokka/E745_spades/E745_spades:tig00000001_1061 (length 527)
/home/yuch3531/genome_analysis_project/5_genome_annotation/Prokka/E745_spades/E745_spades:tig00000001_1062 (length 394)
/home/yuch3531/genome_analysis_project/5_genome_annotation/Prokka/E745_spades/E745_spades:tig00000001_1063 (length 335)
/home/yuch3531/genome_analysis_project/5_genome_annotation/Prokka/E745_spades/E745_spades:tig00000001_1064 (length 119)
/home/yuch3531/genome_analysis_project/5_genome_annotation/Prokka/E745_spades/E745_spades:tig00000001_1065 (length 141)
/home/yuch3531/genome_analysis_project/5_genome_annotation/Prokka/E745_spades/E745_spades:tig00000001_1066 (length 100)
/home/yuch3531/genome_analysis_project/5_genome_annotation/Prokka/E745_spades/E745_spades:tig00000001_1067 (length 164)
/home/yuch3531/genome_analysis_project/5_genome_annotation/Prokka/E745_spades/E745_spades:tig00000001_1068 (length 92)
/home/yuch3531/genome_analysis_project/5_genome_annotation/Prokka/E745_spades/E745_spades:tig00000001_1069 (length 349)
/home/yuch3531/genome_analysis_project/5_genome_annotation/Prokka/E745_spades/E745_spades:tig00000001_1070 (length 309)
/home/yuch3531/genome_analysis_project/5_genome_annotation/Prokka/E745_spades/E745_spades:tig00000001_1071 (length 584)
/home/yuch3531/genome_analysis_project/5_genome_annotation/Prokka/E745_spades/E745_spades:tig00000001_1072 (length 220)
/home/yuch3531/genome_analysis_project/5_genome_annotation/Prokka/E745_spades/E745_spades:tig00000001_1073 (length 260)
/home/yuch3531/genome_analysis_project/5_genome_annotation/Prokka/E745_spades/E745_spades:tig00000001_1074 (length 403)
/home/yuch3531/genome_analysis_project/5_genome_annotation/Prokka/E745_spades/E745_spades:tig00000001_1075 (length 245)
/home/yuch3531/genome_analysis_project/5_genome_annotation/Prokka/E745_spades/E745_spades:tig00000001_1076 (length 144)
/home/yuch3531/genome_analysis_project/5_genome_annotation/Prokka/E745_spades/E745_spades:tig00000001_1077 (length 114)
/home/yuch3531/genome_analysis_project/5_genome_annotation/Prokka/E745_spades/E745_spades:tig00000001_1078 (length 336)
/home/yuch3531/genome_analysis_project/5_genome_annotation/Prokka/E745_spades/E745_spades:tig00000001_1079 (length 314)
/home/yuch3531/genome_analysis_project/5_genome_annotation/Prokka/E745_spades/E745_spades:tig00000001_1080 (length 906)
/home/yuch3531/genome_analysis_project/5_genome_annotation/Prokka/E745_spades/E745_spades:tig00000001_1081 (length 406)
/home/yuch3531/genome_analysis_project/5_genome_annotation/Prokka/E745_spades/E745_spades:tig00000001_1082 (length 278)
/home/yuch3531/genome_analysis_project/5_genome_annotation/Prokka/E745_spades/E745_spades:tig00000001_1083 (length 436)
/home/yuch3531/genome_analysis_project/5_genome_annotation/Prokka/E745_spades/E745_spades:tig00000001_1084 (length 472)
/home/yuch3531/genome_analysis_project/5_genome_annotation/Prokka/E745_spades/E745_spades:tig00000001_1085 (length 522)
/home/yuch3531/genome_analysis_project/5_genome_annotation/Prokka/E745_spades/E745_spades:tig00000001_1086 (length 136)
/home/yuch3531/genome_analysis_project/5_genome_annotation/Prokka/E745_spades/E745_spades:tig00000001_1087 (length 307)
/home/yuch3531/genome_analysis_project/5_genome_annotation/Prokka/E745_spades/E745_spades:tig00000001_1088 (length 302)
/home/yuch3531/genome_analysis_project/5_genome_annotation/Prokka/E745_spades/E745_spades:tig00000001_1089 (length 445)
/home/yuch3531/genome_analysis_project/5_genome_annotation/Prokka/E745_spades/E745_spades:tig00000001_1090 (length 367)
/home/yuch3531/genome_analysis_project/5_genome_annotation/Prokka/E745_spades/E745_spades:tig00000001_1091 (length 502)
/home/yuch3531/genome_analysis_project/5_genome_annotation/Prokka/E745_spades/E745_spades:tig00000001_1092 (length 230)
/home/yuch3531/genome_analysis_project/5_genome_annotation/Prokka/E745_spades/E745_spades:tig00000001_1093 (length 324)
/home/yuch3531/genome_analysis_project/5_genome_annotation/Prokka/E745_spades/E745_spades:tig00000001_1094 (length 124)
/home/yuch3531/genome_analysis_project/5_genome_annotation/Prokka/E745_spades/E745_spades:tig00000001_1095 (length 166)
/home/yuch3531/genome_analysis_project/5_genome_annotation/Prokka/E745_spades/E745_spades:tig00000001_1096 (length 732)
/home/yuch3531/genome_analysis_project/5_genome_annotation/Prokka/E745_spades/E745_spades:tig00000001_1097 (length 330)
/home/yuch3531/genome_analysis_project/5_genome_annotation/Prokka/E745_spades/E745_spades:tig00000001_1098 (length 473)
/home/yuch3531/genome_analysis_project/5_genome_annotation/Prokka/E745_spades/E745_spades:tig00000001_1099 (length 499)
/home/yuch3531/genome_analysis_project/5_genome_annotation/Prokka/E745_spades/E745_spades:tig00000001_1100 (length 464)
/home/yuch3531/genome_analysis_project/5_genome_annotation/Prokka/E745_spades/E745_spades:tig00000001_1101 (length 227)
/home/yuch3531/genome_analysis_project/5_genome_annotation/Prokka/E745_spades/E745_spades:tig00000001_1102 (length 278)
/home/yuch3531/genome_analysis_project/5_genome_annotation/Prokka/E745_spades/E745_spades:tig00000001_1103 (length 584)
/home/yuch3531/genome_analysis_project/5_genome_annotation/Prokka/E745_spades/E745_spades:tig00000001_1104 (length 113)
/home/yuch3531/genome_analysis_project/5_genome_annotation/Prokka/E745_spades/E745_spades:tig00000001_1105 (length 723)
/home/yuch3531/genome_analysis_project/5_genome_annotation/Prokka/E745_spades/E745_spades:tig00000001_1106 (length 285)
/home/yuch3531/genome_analysis_project/5_genome_annotation/Prokka/E745_spades/E745_spades:tig00000001_1107 (length 285)
/home/yuch3531/genome_analysis_project/5_genome_annotation/Prokka/E745_spades/E745_spades:tig00000001_1108 (length 900)
/home/yuch3531/genome_analysis_project/5_genome_annotation/Prokka/E745_spades/E745_spades:tig00000001_1109 (length 429)
/home/yuch3531/genome_analysis_project/5_genome_annotation/Prokka/E745_spades/E745_spades:tig00000001_1110 (length 348)
/home/yuch3531/genome_analysis_project/5_genome_annotation/Prokka/E745_spades/E745_spades:tig00000001_1111 (length 717)
/home/yuch3531/genome_analysis_project/5_genome_annotation/Prokka/E745_spades/E745_spades:tig00000001_1112 (length 481)
/home/yuch3531/genome_analysis_project/5_genome_annotation/Prokka/E745_spades/E745_spades:tig00000001_1113 (length 574)
/home/yuch3531/genome_analysis_project/5_genome_annotation/Prokka/E745_spades/E745_spades:tig00000001_1114 (length 204)
/home/yuch3531/genome_analysis_project/5_genome_annotation/Prokka/E745_spades/E745_spades:tig00000001_1115 (length 485)
/home/yuch3531/genome_analysis_project/5_genome_annotation/Prokka/E745_spades/E745_spades:tig00000001_1116 (length 306)
/home/yuch3531/genome_analysis_project/5_genome_annotation/Prokka/E745_spades/E745_spades:tig00000001_1117 (length 315)
/home/yuch3531/genome_analysis_project/5_genome_annotation/Prokka/E745_spades/E745_spades:tig00000001_1118 (length 239)
/home/yuch3531/genome_analysis_project/5_genome_annotation/Prokka/E745_spades/E745_spades:tig00000001_1119 (length 548)
/home/yuch3531/genome_analysis_project/5_genome_annotation/Prokka/E745_spades/E745_spades:tig00000001_1120 (length 196)
/home/yuch3531/genome_analysis_project/5_genome_annotation/Prokka/E745_spades/E745_spades:tig00000001_1121 (length 501)
/home/yuch3531/genome_analysis_project/5_genome_annotation/Prokka/E745_spades/E745_spades:tig00000001_1122 (length 450)
/home/yuch3531/genome_analysis_project/5_genome_annotation/Prokka/E745_spades/E745_spades:tig00000001_1123 (length 172)
/home/yuch3531/genome_analysis_project/5_genome_annotation/Prokka/E745_spades/E745_spades:tig00000001_1124 (length 108)
/home/yuch3531/genome_analysis_project/5_genome_annotation/Prokka/E745_spades/E745_spades:tig00000001_1125 (length 659)
/home/yuch3531/genome_analysis_project/5_genome_annotation/Prokka/E745_spades/E745_spades:tig00000001_1126 (length 104)
/home/yuch3531/genome_analysis_project/5_genome_annotation/Prokka/E745_spades/E745_spades:tig00000001_1127 (length 97)
/home/yuch3531/genome_analysis_project/5_genome_annotation/Prokka/E745_spades/E745_spades:tig00000001_1128 (length 356)
/home/yuch3531/genome_analysis_project/5_genome_annotation/Prokka/E745_spades/E745_spades:tig00000001_1129 (length 339)
/home/yuch3531/genome_analysis_project/5_genome_annotation/Prokka/E745_spades/E745_spades:tig00000001_1130 (length 930)
/home/yuch3531/genome_analysis_project/5_genome_annotation/Prokka/E745_spades/E745_spades:tig00000001_1131 (length 74)
/home/yuch3531/genome_analysis_project/5_genome_annotation/Prokka/E745_spades/E745_spades:tig00000001_1132 (length 253)
/home/yuch3531/genome_analysis_project/5_genome_annotation/Prokka/E745_spades/E745_spades:tig00000001_1133 (length 573)
/home/yuch3531/genome_analysis_project/5_genome_annotation/Prokka/E745_spades/E745_spades:tig00000001_1134 (length 594)
/home/yuch3531/genome_analysis_project/5_genome_annotation/Prokka/E745_spades/E745_spades:tig00000001_1135 (length 517)
/home/yuch3531/genome_analysis_project/5_genome_annotation/Prokka/E745_spades/E745_spades:tig00000001_1136 (length 804)
/home/yuch3531/genome_analysis_project/5_genome_annotation/Prokka/E745_spades/E745_spades:tig00000001_1137 (length 672)
/home/yuch3531/genome_analysis_project/5_genome_annotation/Prokka/E745_spades/E745_spades:tig00000001_1138 (length 218)
/home/yuch3531/genome_analysis_project/5_genome_annotation/Prokka/E745_spades/E745_spades:tig00000001_1139 (length 318)
/home/yuch3531/genome_analysis_project/5_genome_annotation/Prokka/E745_spades/E745_spades:tig00000001_1140 (length 188)
/home/yuch3531/genome_analysis_project/5_genome_annotation/Prokka/E745_spades/E745_spades:tig00000001_1141 (length 589)
/home/yuch3531/genome_analysis_project/5_genome_annotation/Prokka/E745_spades/E745_spades:tig00000001_1142 (length 570)
/home/yuch3531/genome_analysis_project/5_genome_annotation/Prokka/E745_spades/E745_spades:tig00000001_1143 (length 222)
/home/yuch3531/genome_analysis_project/5_genome_annotation/Prokka/E745_spades/E745_spades:tig00000001_1144 (length 262)
/home/yuch3531/genome_analysis_project/5_genome_annotation/Prokka/E745_spades/E745_spades:tig00000001_1145 (length 490)
/home/yuch3531/genome_analysis_project/5_genome_annotation/Prokka/E745_spades/E745_spades:tig00000001_1146 (length 431)
/home/yuch3531/genome_analysis_project/5_genome_annotation/Prokka/E745_spades/E745_spades:tig00000001_1147 (length 397)
/home/yuch3531/genome_analysis_project/5_genome_annotation/Prokka/E745_spades/E745_spades:tig00000001_1148 (length 431)
/home/yuch3531/genome_analysis_project/5_genome_annotation/Prokka/E745_spades/E745_spades:tig00000001_1149 (length 498)
/home/yuch3531/genome_analysis_project/5_genome_annotation/Prokka/E745_spades/E745_spades:tig00000001_1150 (length 334)
/home/yuch3531/genome_analysis_project/5_genome_annotation/Prokka/E745_spades/E745_spades:tig00000001_1151 (length 295)
/home/yuch3531/genome_analysis_project/5_genome_annotation/Prokka/E745_spades/E745_spades:tig00000001_1152 (length 703)
/home/yuch3531/genome_analysis_project/5_genome_annotation/Prokka/E745_spades/E745_spades:tig00000001_1153 (length 181)
/home/yuch3531/genome_analysis_project/5_genome_annotation/Prokka/E745_spades/E745_spades:tig00000001_1154 (length 484)
/home/yuch3531/genome_analysis_project/5_genome_annotation/Prokka/E745_spades/E745_spades:tig00000001_1155 (length 156)
/home/yuch3531/genome_analysis_project/5_genome_annotation/Prokka/E745_spades/E745_spades:tig00000001_1156 (length 141)
/home/yuch3531/genome_analysis_project/5_genome_annotation/Prokka/E745_spades/E745_spades:tig00000001_1157 (length 89)
/home/yuch3531/genome_analysis_project/5_genome_annotation/Prokka/E745_spades/E745_spades:tig00000001_1158 (length 531)
/home/yuch3531/genome_analysis_project/5_genome_annotation/Prokka/E745_spades/E745_spades:tig00000001_1159 (length 1173)
/home/yuch3531/genome_analysis_project/5_genome_annotation/Prokka/E745_spades/E745_spades:tig00000001_1160 (length 186)
/home/yuch3531/genome_analysis_project/5_genome_annotation/Prokka/E745_spades/E745_spades:tig00000001_1161 (length 324)
/home/yuch3531/genome_analysis_project/5_genome_annotation/Prokka/E745_spades/E745_spades:tig00000001_1162 (length 466)
/home/yuch3531/genome_analysis_project/5_genome_annotation/Prokka/E745_spades/E745_spades:tig00000001_1163 (length 240)
/home/yuch3531/genome_analysis_project/5_genome_annotation/Prokka/E745_spades/E745_spades:tig00000001_1164 (length 168)
/home/yuch3531/genome_analysis_project/5_genome_annotation/Prokka/E745_spades/E745_spades:tig00000001_1165 (length 599)
/home/yuch3531/genome_analysis_project/5_genome_annotation/Prokka/E745_spades/E745_spades:tig00000001_1166 (length 524)
/home/yuch3531/genome_analysis_project/5_genome_annotation/Prokka/E745_spades/E745_spades:tig00000001_1167 (length 169)
/home/yuch3531/genome_analysis_project/5_genome_annotation/Prokka/E745_spades/E745_spades:tig00000001_1168 (length 284)
/home/yuch3531/genome_analysis_project/5_genome_annotation/Prokka/E745_spades/E745_spades:tig00000001_1169 (length 212)
/home/yuch3531/genome_analysis_project/5_genome_annotation/Prokka/E745_spades/E745_spades:tig00000001_1170 (length 216)
/home/yuch3531/genome_analysis_project/5_genome_annotation/Prokka/E745_spades/E745_spades:tig00000001_1171 (length 299)
/home/yuch3531/genome_analysis_project/5_genome_annotation/Prokka/E745_spades/E745_spades:tig00000001_1172 (length 689)
/home/yuch3531/genome_analysis_project/5_genome_annotation/Prokka/E745_spades/E745_spades:tig00000001_1173 (length 246)
/home/yuch3531/genome_analysis_project/5_genome_annotation/Prokka/E745_spades/E745_spades:tig00000001_1174 (length 452)
/home/yuch3531/genome_analysis_project/5_genome_annotation/Prokka/E745_spades/E745_spades:tig00000001_1175 (length 312)
/home/yuch3531/genome_analysis_project/5_genome_annotation/Prokka/E745_spades/E745_spades:tig00000001_1176 (length 163)
/home/yuch3531/genome_analysis_project/5_genome_annotation/Prokka/E745_spades/E745_spades:tig00000001_1177 (length 802)
/home/yuch3531/genome_analysis_project/5_genome_annotation/Prokka/E745_spades/E745_spades:tig00000001_1178 (length 101)
/home/yuch3531/genome_analysis_project/5_genome_annotation/Prokka/E745_spades/E745_spades:tig00000001_1179 (length 204)
/home/yuch3531/genome_analysis_project/5_genome_annotation/Prokka/E745_spades/E745_spades:tig00000001_1180 (length 94)
/home/yuch3531/genome_analysis_project/5_genome_annotation/Prokka/E745_spades/E745_spades:tig00000001_1181 (length 296)
/home/yuch3531/genome_analysis_project/5_genome_annotation/Prokka/E745_spades/E745_spades:tig00000001_1182 (length 72)
/home/yuch3531/genome_analysis_project/5_genome_annotation/Prokka/E745_spades/E745_spades:tig00000001_1183 (length 566)
/home/yuch3531/genome_analysis_project/5_genome_annotation/Prokka/E745_spades/E745_spades:tig00000001_1184 (length 257)
/home/yuch3531/genome_analysis_project/5_genome_annotation/Prokka/E745_spades/E745_spades:tig00000001_1185 (length 189)
/home/yuch3531/genome_analysis_project/5_genome_annotation/Prokka/E745_spades/E745_spades:tig00000001_1186 (length 323)
/home/yuch3531/genome_analysis_project/5_genome_annotation/Prokka/E745_spades/E745_spades:tig00000001_1187 (length 457)
/home/yuch3531/genome_analysis_project/5_genome_annotation/Prokka/E745_spades/E745_spades:tig00000001_1188 (length 272)
/home/yuch3531/genome_analysis_project/5_genome_annotation/Prokka/E745_spades/E745_spades:tig00000001_1189 (length 274)
/home/yuch3531/genome_analysis_project/5_genome_annotation/Prokka/E745_spades/E745_spades:tig00000001_1190 (length 226)
/home/yuch3531/genome_analysis_project/5_genome_annotation/Prokka/E745_spades/E745_spades:tig00000001_1191 (length 312)
/home/yuch3531/genome_analysis_project/5_genome_annotation/Prokka/E745_spades/E745_spades:tig00000001_1192 (length 281)
/home/yuch3531/genome_analysis_project/5_genome_annotation/Prokka/E745_spades/E745_spades:tig00000001_1193 (length 857)
/home/yuch3531/genome_analysis_project/5_genome_annotation/Prokka/E745_spades/E745_spades:tig00000001_1194 (length 268)
/home/yuch3531/genome_analysis_project/5_genome_annotation/Prokka/E745_spades/E745_spades:tig00000001_1195 (length 518)
/home/yuch3531/genome_analysis_project/5_genome_annotation/Prokka/E745_spades/E745_spades:tig00000001_1196 (length 349)
/home/yuch3531/genome_analysis_project/5_genome_annotation/Prokka/E745_spades/E745_spades:tig00000001_1197 (length 413)
/home/yuch3531/genome_analysis_project/5_genome_annotation/Prokka/E745_spades/E745_spades:tig00000001_1198 (length 192)
/home/yuch3531/genome_analysis_project/5_genome_annotation/Prokka/E745_spades/E745_spades:tig00000001_1199 (length 307)
/home/yuch3531/genome_analysis_project/5_genome_annotation/Prokka/E745_spades/E745_spades:tig00000001_1200 (length 428)
/home/yuch3531/genome_analysis_project/5_genome_annotation/Prokka/E745_spades/E745_spades:tig00000001_1201 (length 422)
/home/yuch3531/genome_analysis_project/5_genome_annotation/Prokka/E745_spades/E745_spades:tig00000001_1202 (length 153)
/home/yuch3531/genome_analysis_project/5_genome_annotation/Prokka/E745_spades/E745_spades:tig00000001_1203 (length 148)
/home/yuch3531/genome_analysis_project/5_genome_annotation/Prokka/E745_spades/E745_spades:tig00000001_1204 (length 81)
/home/yuch3531/genome_analysis_project/5_genome_annotation/Prokka/E745_spades/E745_spades:tig00000001_1205 (length 192)
/home/yuch3531/genome_analysis_project/5_genome_annotation/Prokka/E745_spades/E745_spades:tig00000001_1206 (length 176)
/home/yuch3531/genome_analysis_project/5_genome_annotation/Prokka/E745_spades/E745_spades:tig00000001_1207 (length 286)
/home/yuch3531/genome_analysis_project/5_genome_annotation/Prokka/E745_spades/E745_spades:tig00000001_1208 (length 131)
/home/yuch3531/genome_analysis_project/5_genome_annotation/Prokka/E745_spades/E745_spades:tig00000001_1209 (length 470)
/home/yuch3531/genome_analysis_project/5_genome_annotation/Prokka/E745_spades/E745_spades:tig00000001_1210 (length 178)
/home/yuch3531/genome_analysis_project/5_genome_annotation/Prokka/E745_spades/E745_spades:tig00000001_1211 (length 486)
/home/yuch3531/genome_analysis_project/5_genome_annotation/Prokka/E745_spades/E745_spades:tig00000001_1212 (length 385)
/home/yuch3531/genome_analysis_project/5_genome_annotation/Prokka/E745_spades/E745_spades:tig00000001_1213 (length 456)
/home/yuch3531/genome_analysis_project/5_genome_annotation/Prokka/E745_spades/E745_spades:tig00000001_1214 (length 175)
/home/yuch3531/genome_analysis_project/5_genome_annotation/Prokka/E745_spades/E745_spades:tig00000001_1215 (length 268)
/home/yuch3531/genome_analysis_project/5_genome_annotation/Prokka/E745_spades/E745_spades:tig00000001_1216 (length 415)
/home/yuch3531/genome_analysis_project/5_genome_annotation/Prokka/E745_spades/E745_spades:tig00000001_1217 (length 114)
/home/yuch3531/genome_analysis_project/5_genome_annotation/Prokka/E745_spades/E745_spades:tig00000001_1218 (length 108)
/home/yuch3531/genome_analysis_project/5_genome_annotation/Prokka/E745_spades/E745_spades:tig00000001_1219 (length 310)
/home/yuch3531/genome_analysis_project/5_genome_annotation/Prokka/E745_spades/E745_spades:tig00000001_1220 (length 89)
/home/yuch3531/genome_analysis_project/5_genome_annotation/Prokka/E745_spades/E745_spades:tig00000001_1221 (length 171)
/home/yuch3531/genome_analysis_project/5_genome_annotation/Prokka/E745_spades/E745_spades:tig00000001_1222 (length 148)
/home/yuch3531/genome_analysis_project/5_genome_annotation/Prokka/E745_spades/E745_spades:tig00000001_1223 (length 492)
/home/yuch3531/genome_analysis_project/5_genome_annotation/Prokka/E745_spades/E745_spades:tig00000001_1224 (length 79)
/home/yuch3531/genome_analysis_project/5_genome_annotation/Prokka/E745_spades/E745_spades:tig00000001_1225 (length 130)
/home/yuch3531/genome_analysis_project/5_genome_annotation/Prokka/E745_spades/E745_spades:tig00000001_1226 (length 120)
/home/yuch3531/genome_analysis_project/5_genome_annotation/Prokka/E745_spades/E745_spades:tig00000001_1227 (length 422)
/home/yuch3531/genome_analysis_project/5_genome_annotation/Prokka/E745_spades/E745_spades:tig00000001_1228 (length 245)
/home/yuch3531/genome_analysis_project/5_genome_annotation/Prokka/E745_spades/E745_spades:tig00000001_1229 (length 189)
/home/yuch3531/genome_analysis_project/5_genome_annotation/Prokka/E745_spades/E745_spades:tig00000001_1230 (length 290)
/home/yuch3531/genome_analysis_project/5_genome_annotation/Prokka/E745_spades/E745_spades:tig00000001_1231 (length 290)
/home/yuch3531/genome_analysis_project/5_genome_annotation/Prokka/E745_spades/E745_spades:tig00000001_1232 (length 652)
/home/yuch3531/genome_analysis_project/5_genome_annotation/Prokka/E745_spades/E745_spades:tig00000001_1233 (length 32)
/home/yuch3531/genome_analysis_project/5_genome_annotation/Prokka/E745_spades/E745_spades:tig00000001_1234 (length 283)
/home/yuch3531/genome_analysis_project/5_genome_annotation/Prokka/E745_spades/E745_spades:tig00000001_1235 (length 155)
/home/yuch3531/genome_analysis_project/5_genome_annotation/Prokka/E745_spades/E745_spades:tig00000001_1236 (length 160)
/home/yuch3531/genome_analysis_project/5_genome_annotation/Prokka/E745_spades/E745_spades:tig00000001_1237 (length 287)
/home/yuch3531/genome_analysis_project/5_genome_annotation/Prokka/E745_spades/E745_spades:tig00000001_1238 (length 282)
/home/yuch3531/genome_analysis_project/5_genome_annotation/Prokka/E745_spades/E745_spades:tig00000001_1239 (length 113)
/home/yuch3531/genome_analysis_project/5_genome_annotation/Prokka/E745_spades/E745_spades:tig00000001_1240 (length 235)
/home/yuch3531/genome_analysis_project/5_genome_annotation/Prokka/E745_spades/E745_spades:tig00000001_1241 (length 107)
/home/yuch3531/genome_analysis_project/5_genome_annotation/Prokka/E745_spades/E745_spades:tig00000001_1242 (length 345)
/home/yuch3531/genome_analysis_project/5_genome_annotation/Prokka/E745_spades/E745_spades:tig00000001_1243 (length 327)
/home/yuch3531/genome_analysis_project/5_genome_annotation/Prokka/E745_spades/E745_spades:tig00000001_1244 (length 256)
/home/yuch3531/genome_analysis_project/5_genome_annotation/Prokka/E745_spades/E745_spades:tig00000001_1245 (length 311)
/home/yuch3531/genome_analysis_project/5_genome_annotation/Prokka/E745_spades/E745_spades:tig00000001_1246 (length 35)
/home/yuch3531/genome_analysis_project/5_genome_annotation/Prokka/E745_spades/E745_spades:tig00000001_1247 (length 549)
/home/yuch3531/genome_analysis_project/5_genome_annotation/Prokka/E745_spades/E745_spades:tig00000001_1248 (length 298)
/home/yuch3531/genome_analysis_project/5_genome_annotation/Prokka/E745_spades/E745_spades:tig00000001_1249 (length 219)
/home/yuch3531/genome_analysis_project/5_genome_annotation/Prokka/E745_spades/E745_spades:tig00000001_1250 (length 260)
/home/yuch3531/genome_analysis_project/5_genome_annotation/Prokka/E745_spades/E745_spades:tig00000001_1251 (length 305)
/home/yuch3531/genome_analysis_project/5_genome_annotation/Prokka/E745_spades/E745_spades:tig00000001_1252 (length 71)
/home/yuch3531/genome_analysis_project/5_genome_annotation/Prokka/E745_spades/E745_spades:tig00000001_1253 (length 1075)
/home/yuch3531/genome_analysis_project/5_genome_annotation/Prokka/E745_spades/E745_spades:tig00000001_1254 (length 104)
/home/yuch3531/genome_analysis_project/5_genome_annotation/Prokka/E745_spades/E745_spades:tig00000001_1255 (length 124)
/home/yuch3531/genome_analysis_project/5_genome_annotation/Prokka/E745_spades/E745_spades:tig00000001_1256 (length 111)
/home/yuch3531/genome_analysis_project/5_genome_annotation/Prokka/E745_spades/E745_spades:tig00000001_1257 (length 381)
/home/yuch3531/genome_analysis_project/5_genome_annotation/Prokka/E745_spades/E745_spades:tig00000001_1258 (length 619)
/home/yuch3531/genome_analysis_project/5_genome_annotation/Prokka/E745_spades/E745_spades:tig00000001_1259 (length 79)
/home/yuch3531/genome_analysis_project/5_genome_annotation/Prokka/E745_spades/E745_spades:tig00000001_1260 (length 224)
/home/yuch3531/genome_analysis_project/5_genome_annotation/Prokka/E745_spades/E745_spades:tig00000001_1261 (length 54)
/home/yuch3531/genome_analysis_project/5_genome_annotation/Prokka/E745_spades/E745_spades:tig00000001_1262 (length 144)
/home/yuch3531/genome_analysis_project/5_genome_annotation/Prokka/E745_spades/E745_spades:tig00000001_1263 (length 235)
/home/yuch3531/genome_analysis_project/5_genome_annotation/Prokka/E745_spades/E745_spades:tig00000001_1264 (length 96)
/home/yuch3531/genome_analysis_project/5_genome_annotation/Prokka/E745_spades/E745_spades:tig00000001_1265 (length 394)
/home/yuch3531/genome_analysis_project/5_genome_annotation/Prokka/E745_spades/E745_spades:tig00000001_1266 (length 45)
/home/yuch3531/genome_analysis_project/5_genome_annotation/Prokka/E745_spades/E745_spades:tig00000001_1267 (length 636)
/home/yuch3531/genome_analysis_project/5_genome_annotation/Prokka/E745_spades/E745_spades:tig00000001_1268 (length 167)
/home/yuch3531/genome_analysis_project/5_genome_annotation/Prokka/E745_spades/E745_spades:tig00000001_1269 (length 815)
/home/yuch3531/genome_analysis_project/5_genome_annotation/Prokka/E745_spades/E745_spades:tig00000001_1270 (length 707)
/home/yuch3531/genome_analysis_project/5_genome_annotation/Prokka/E745_spades/E745_spades:tig00000001_1271 (length 334)
/home/yuch3531/genome_analysis_project/5_genome_annotation/Prokka/E745_spades/E745_spades:tig00000001_1272 (length 303)
/home/yuch3531/genome_analysis_project/5_genome_annotation/Prokka/E745_spades/E745_spades:tig00000001_1273 (length 71)
/home/yuch3531/genome_analysis_project/5_genome_annotation/Prokka/E745_spades/E745_spades:tig00000001_1274 (length 479)
/home/yuch3531/genome_analysis_project/5_genome_annotation/Prokka/E745_spades/E745_spades:tig00000001_1275 (length 210)
/home/yuch3531/genome_analysis_project/5_genome_annotation/Prokka/E745_spades/E745_spades:tig00000001_1276 (length 483)
/home/yuch3531/genome_analysis_project/5_genome_annotation/Prokka/E745_spades/E745_spades:tig00000001_1277 (length 447)
/home/yuch3531/genome_analysis_project/5_genome_annotation/Prokka/E745_spades/E745_spades:tig00000001_1278 (length 1975)
/home/yuch3531/genome_analysis_project/5_genome_annotation/Prokka/E745_spades/E745_spades:tig00000001_1279 (length 144)
/home/yuch3531/genome_analysis_project/5_genome_annotation/Prokka/E745_spades/E745_spades:tig00000001_1280 (length 401)
/home/yuch3531/genome_analysis_project/5_genome_annotation/Prokka/E745_spades/E745_spades:tig00000001_1281 (length 128)
/home/yuch3531/genome_analysis_project/5_genome_annotation/Prokka/E745_spades/E745_spades:tig00000001_1282 (length 63)
/home/yuch3531/genome_analysis_project/5_genome_annotation/Prokka/E745_spades/E745_spades:tig00000001_1283 (length 64)
/home/yuch3531/genome_analysis_project/5_genome_annotation/Prokka/E745_spades/E745_spades:tig00000001_1284 (length 62)
/home/yuch3531/genome_analysis_project/5_genome_annotation/Prokka/E745_spades/E745_spades:tig00000001_1285 (length 375)
/home/yuch3531/genome_analysis_project/5_genome_annotation/Prokka/E745_spades/E745_spades:tig00000001_1286 (length 538)
/home/yuch3531/genome_analysis_project/5_genome_annotation/Prokka/E745_spades/E745_spades:tig00000001_1287 (length 72)
/home/yuch3531/genome_analysis_project/5_genome_annotation/Prokka/E745_spades/E745_spades:tig00000001_1288 (length 79)
/home/yuch3531/genome_analysis_project/5_genome_annotation/Prokka/E745_spades/E745_spades:tig00000001_1289 (length 507)
/home/yuch3531/genome_analysis_project/5_genome_annotation/Prokka/E745_spades/E745_spades:tig00000001_1290 (length 327)
/home/yuch3531/genome_analysis_project/5_genome_annotation/Prokka/E745_spades/E745_spades:tig00000001_1291 (length 49)
/home/yuch3531/genome_analysis_project/5_genome_annotation/Prokka/E745_spades/E745_spades:tig00000001_1292 (length 125)
/home/yuch3531/genome_analysis_project/5_genome_annotation/Prokka/E745_spades/E745_spades:tig00000001_1293 (length 59)
/home/yuch3531/genome_analysis_project/5_genome_annotation/Prokka/E745_spades/E745_spades:tig00000001_1294 (length 89)
/home/yuch3531/genome_analysis_project/5_genome_annotation/Prokka/E745_spades/E745_spades:tig00000001_1295 (length 580)
/home/yuch3531/genome_analysis_project/5_genome_annotation/Prokka/E745_spades/E745_spades:tig00000001_1296 (length 584)
/home/yuch3531/genome_analysis_project/5_genome_annotation/Prokka/E745_spades/E745_spades:tig00000001_1297 (length 189)
/home/yuch3531/genome_analysis_project/5_genome_annotation/Prokka/E745_spades/E745_spades:tig00000001_1298 (length 148)
/home/yuch3531/genome_analysis_project/5_genome_annotation/Prokka/E745_spades/E745_spades:tig00000001_1299 (length 321)
/home/yuch3531/genome_analysis_project/5_genome_annotation/Prokka/E745_spades/E745_spades:tig00000001_1300 (length 193)
/home/yuch3531/genome_analysis_project/5_genome_annotation/Prokka/E745_spades/E745_spades:tig00000001_1301 (length 172)
/home/yuch3531/genome_analysis_project/5_genome_annotation/Prokka/E745_spades/E745_spades:tig00000001_1302 (length 30)
/home/yuch3531/genome_analysis_project/5_genome_annotation/Prokka/E745_spades/E745_spades:tig00000001_1303 (length 77)
/home/yuch3531/genome_analysis_project/5_genome_annotation/Prokka/E745_spades/E745_spades:tig00000001_1304 (length 316)
/home/yuch3531/genome_analysis_project/5_genome_annotation/Prokka/E745_spades/E745_spades:tig00000001_1305 (length 135)
/home/yuch3531/genome_analysis_project/5_genome_annotation/Prokka/E745_spades/E745_spades:tig00000001_1306 (length 75)
/home/yuch3531/genome_analysis_project/5_genome_annotation/Prokka/E745_spades/E745_spades:tig00000001_1307 (length 395)
/home/yuch3531/genome_analysis_project/5_genome_annotation/Prokka/E745_spades/E745_spades:tig00000001_1308 (length 246)
/home/yuch3531/genome_analysis_project/5_genome_annotation/Prokka/E745_spades/E745_spades:tig00000001_1309 (length 408)
/home/yuch3531/genome_analysis_project/5_genome_annotation/Prokka/E745_spades/E745_spades:tig00000001_1310 (length 130)
/home/yuch3531/genome_analysis_project/5_genome_annotation/Prokka/E745_spades/E745_spades:tig00000001_1311 (length 147)
/home/yuch3531/genome_analysis_project/5_genome_annotation/Prokka/E745_spades/E745_spades:tig00000001_1312 (length 155)
/home/yuch3531/genome_analysis_project/5_genome_annotation/Prokka/E745_spades/E745_spades:tig00000001_1313 (length 512)
/home/yuch3531/genome_analysis_project/5_genome_annotation/Prokka/E745_spades/E745_spades:tig00000001_1314 (length 228)
/home/yuch3531/genome_analysis_project/5_genome_annotation/Prokka/E745_spades/E745_spades:tig00000001_1315 (length 175)
/home/yuch3531/genome_analysis_project/5_genome_annotation/Prokka/E745_spades/E745_spades:tig00000001_1316 (length 225)
/home/yuch3531/genome_analysis_project/5_genome_annotation/Prokka/E745_spades/E745_spades:tig00000001_1317 (length 376)
/home/yuch3531/genome_analysis_project/5_genome_annotation/Prokka/E745_spades/E745_spades:tig00000001_1318 (length 727)
/home/yuch3531/genome_analysis_project/5_genome_annotation/Prokka/E745_spades/E745_spades:tig00000001_1319 (length 341)
/home/yuch3531/genome_analysis_project/5_genome_annotation/Prokka/E745_spades/E745_spades:tig00000001_1320 (length 275)
/home/yuch3531/genome_analysis_project/5_genome_annotation/Prokka/E745_spades/E745_spades:tig00000001_1321 (length 355)
/home/yuch3531/genome_analysis_project/5_genome_annotation/Prokka/E745_spades/E745_spades:tig00000001_1322 (length 278)
/home/yuch3531/genome_analysis_project/5_genome_annotation/Prokka/E745_spades/E745_spades:tig00000001_1323 (length 289)
/home/yuch3531/genome_analysis_project/5_genome_annotation/Prokka/E745_spades/E745_spades:tig00000001_1324 (length 427)
/home/yuch3531/genome_analysis_project/5_genome_annotation/Prokka/E745_spades/E745_spades:tig00000001_1325 (length 561)
/home/yuch3531/genome_analysis_project/5_genome_annotation/Prokka/E745_spades/E745_spades:tig00000001_1326 (length 341)
/home/yuch3531/genome_analysis_project/5_genome_annotation/Prokka/E745_spades/E745_spades:tig00000001_1327 (length 1217)
/home/yuch3531/genome_analysis_project/5_genome_annotation/Prokka/E745_spades/E745_spades:tig00000001_1328 (length 1205)
/home/yuch3531/genome_analysis_project/5_genome_annotation/Prokka/E745_spades/E745_spades:tig00000001_1329 (length 322)
/home/yuch3531/genome_analysis_project/5_genome_annotation/Prokka/E745_spades/E745_spades:tig00000001_1330 (length 301)
/home/yuch3531/genome_analysis_project/5_genome_annotation/Prokka/E745_spades/E745_spades:tig00000001_1331 (length 268)
/home/yuch3531/genome_analysis_project/5_genome_annotation/Prokka/E745_spades/E745_spades:tig00000001_1332 (length 322)
/home/yuch3531/genome_analysis_project/5_genome_annotation/Prokka/E745_spades/E745_spades:tig00000001_1333 (length 174)
/home/yuch3531/genome_analysis_project/5_genome_annotation/Prokka/E745_spades/E745_spades:tig00000001_1334 (length 660)
/home/yuch3531/genome_analysis_project/5_genome_annotation/Prokka/E745_spades/E745_spades:tig00000001_1335 (length 328)
/home/yuch3531/genome_analysis_project/5_genome_annotation/Prokka/E745_spades/E745_spades:tig00000001_1336 (length 188)
/home/yuch3531/genome_analysis_project/5_genome_annotation/Prokka/E745_spades/E745_spades:tig00000001_1337 (length 138)
/home/yuch3531/genome_analysis_project/5_genome_annotation/Prokka/E745_spades/E745_spades:tig00000001_1338 (length 644)
/home/yuch3531/genome_analysis_project/5_genome_annotation/Prokka/E745_spades/E745_spades:tig00000001_1339 (length 318)
/home/yuch3531/genome_analysis_project/5_genome_annotation/Prokka/E745_spades/E745_spades:tig00000001_1340 (length 367)
/home/yuch3531/genome_analysis_project/5_genome_annotation/Prokka/E745_spades/E745_spades:tig00000001_1341 (length 317)
/home/yuch3531/genome_analysis_project/5_genome_annotation/Prokka/E745_spades/E745_spades:tig00000001_1342 (length 448)
/home/yuch3531/genome_analysis_project/5_genome_annotation/Prokka/E745_spades/E745_spades:tig00000001_1343 (length 416)
/home/yuch3531/genome_analysis_project/5_genome_annotation/Prokka/E745_spades/E745_spades:tig00000001_1344 (length 307)
/home/yuch3531/genome_analysis_project/5_genome_annotation/Prokka/E745_spades/E745_spades:tig00000001_1345 (length 830)
/home/yuch3531/genome_analysis_project/5_genome_annotation/Prokka/E745_spades/E745_spades:tig00000001_1346 (length 155)
/home/yuch3531/genome_analysis_project/5_genome_annotation/Prokka/E745_spades/E745_spades:tig00000001_1347 (length 229)
/home/yuch3531/genome_analysis_project/5_genome_annotation/Prokka/E745_spades/E745_spades:tig00000001_1348 (length 402)
/home/yuch3531/genome_analysis_project/5_genome_annotation/Prokka/E745_spades/E745_spades:tig00000001_1349 (length 423)
/home/yuch3531/genome_analysis_project/5_genome_annotation/Prokka/E745_spades/E745_spades:tig00000001_1350 (length 494)
/home/yuch3531/genome_analysis_project/5_genome_annotation/Prokka/E745_spades/E745_spades:tig00000001_1351 (length 231)
/home/yuch3531/genome_analysis_project/5_genome_annotation/Prokka/E745_spades/E745_spades:tig00000001_1352 (length 366)
/home/yuch3531/genome_analysis_project/5_genome_annotation/Prokka/E745_spades/E745_spades:tig00000001_1353 (length 63)
/home/yuch3531/genome_analysis_project/5_genome_annotation/Prokka/E745_spades/E745_spades:tig00000001_1354 (length 296)
/home/yuch3531/genome_analysis_project/5_genome_annotation/Prokka/E745_spades/E745_spades:tig00000001_1355 (length 255)
/home/yuch3531/genome_analysis_project/5_genome_annotation/Prokka/E745_spades/E745_spades:tig00000001_1356 (length 237)
/home/yuch3531/genome_analysis_project/5_genome_annotation/Prokka/E745_spades/E745_spades:tig00000001_1357 (length 633)
/home/yuch3531/genome_analysis_project/5_genome_annotation/Prokka/E745_spades/E745_spades:tig00000001_1358 (length 175)
/home/yuch3531/genome_analysis_project/5_genome_annotation/Prokka/E745_spades/E745_spades:tig00000001_1359 (length 278)
/home/yuch3531/genome_analysis_project/5_genome_annotation/Prokka/E745_spades/E745_spades:tig00000001_1360 (length 112)
/home/yuch3531/genome_analysis_project/5_genome_annotation/Prokka/E745_spades/E745_spades:tig00000001_1361 (length 252)
/home/yuch3531/genome_analysis_project/5_genome_annotation/Prokka/E745_spades/E745_spades:tig00000001_1362 (length 272)
/home/yuch3531/genome_analysis_project/5_genome_annotation/Prokka/E745_spades/E745_spades:tig00000001_1363 (length 118)
/home/yuch3531/genome_analysis_project/5_genome_annotation/Prokka/E745_spades/E745_spades:tig00000001_1364 (length 44)
/home/yuch3531/genome_analysis_project/5_genome_annotation/Prokka/E745_spades/E745_spades:tig00000001_1365 (length 444)
/home/yuch3531/genome_analysis_project/5_genome_annotation/Prokka/E745_spades/E745_spades:tig00000001_1366 (length 376)
/home/yuch3531/genome_analysis_project/5_genome_annotation/Prokka/E745_spades/E745_spades:tig00000001_1367 (length 102)
/home/yuch3531/genome_analysis_project/5_genome_annotation/Prokka/E745_spades/E745_spades:tig00000001_1368 (length 374)
/home/yuch3531/genome_analysis_project/5_genome_annotation/Prokka/E745_spades/E745_spades:tig00000001_1369 (length 648)
/home/yuch3531/genome_analysis_project/5_genome_annotation/Prokka/E745_spades/E745_spades:tig00000001_1370 (length 823)
/home/yuch3531/genome_analysis_project/5_genome_annotation/Prokka/E745_spades/E745_spades:tig00000001_1371 (length 99)
/home/yuch3531/genome_analysis_project/5_genome_annotation/Prokka/E745_spades/E745_spades:tig00000001_1372 (length 170)
/home/yuch3531/genome_analysis_project/5_genome_annotation/Prokka/E745_spades/E745_spades:tig00000001_1373 (length 78)
/home/yuch3531/genome_analysis_project/5_genome_annotation/Prokka/E745_spades/E745_spades:tig00000001_1374 (length 34)
/home/yuch3531/genome_analysis_project/5_genome_annotation/Prokka/E745_spades/E745_spades:tig00000001_1375 (length 657)
/home/yuch3531/genome_analysis_project/5_genome_annotation/Prokka/E745_spades/E745_spades:tig00000001_1376 (length 150)
/home/yuch3531/genome_analysis_project/5_genome_annotation/Prokka/E745_spades/E745_spades:tig00000001_1377 (length 455)
/home/yuch3531/genome_analysis_project/5_genome_annotation/Prokka/E745_spades/E745_spades:tig00000001_1378 (length 430)
/home/yuch3531/genome_analysis_project/5_genome_annotation/Prokka/E745_spades/E745_spades:tig00000001_1379 (length 287)
/home/yuch3531/genome_analysis_project/5_genome_annotation/Prokka/E745_spades/E745_spades:tig00000001_1380 (length 540)
/home/yuch3531/genome_analysis_project/5_genome_annotation/Prokka/E745_spades/E745_spades:tig00000001_1381 (length 173)
/home/yuch3531/genome_analysis_project/5_genome_annotation/Prokka/E745_spades/E745_spades:tig00000001_1382 (length 576)
/home/yuch3531/genome_analysis_project/5_genome_annotation/Prokka/E745_spades/E745_spades:tig00000001_1383 (length 272)
/home/yuch3531/genome_analysis_project/5_genome_annotation/Prokka/E745_spades/E745_spades:tig00000001_1384 (length 65)
/home/yuch3531/genome_analysis_project/5_genome_annotation/Prokka/E745_spades/E745_spades:tig00000001_1385 (length 192)
/home/yuch3531/genome_analysis_project/5_genome_annotation/Prokka/E745_spades/E745_spades:tig00000001_1386 (length 45)
/home/yuch3531/genome_analysis_project/5_genome_annotation/Prokka/E745_spades/E745_spades:tig00000001_1387 (length 167)
/home/yuch3531/genome_analysis_project/5_genome_annotation/Prokka/E745_spades/E745_spades:tig00000001_1388 (length 341)
/home/yuch3531/genome_analysis_project/5_genome_annotation/Prokka/E745_spades/E745_spades:tig00000001_1389 (length 287)
/home/yuch3531/genome_analysis_project/5_genome_annotation/Prokka/E745_spades/E745_spades:tig00000001_1390 (length 125)
/home/yuch3531/genome_analysis_project/5_genome_annotation/Prokka/E745_spades/E745_spades:tig00000001_1391 (length 76)
/home/yuch3531/genome_analysis_project/5_genome_annotation/Prokka/E745_spades/E745_spades:tig00000001_1392 (length 68)
/home/yuch3531/genome_analysis_project/5_genome_annotation/Prokka/E745_spades/E745_spades:tig00000001_1393 (length 123)
/home/yuch3531/genome_analysis_project/5_genome_annotation/Prokka/E745_spades/E745_spades:tig00000001_1394 (length 230)
/home/yuch3531/genome_analysis_project/5_genome_annotation/Prokka/E745_spades/E745_spades:tig00000001_1395 (length 261)
/home/yuch3531/genome_analysis_project/5_genome_annotation/Prokka/E745_spades/E745_spades:tig00000001_1396 (length 466)
/home/yuch3531/genome_analysis_project/5_genome_annotation/Prokka/E745_spades/E745_spades:tig00000001_1397 (length 105)
/home/yuch3531/genome_analysis_project/5_genome_annotation/Prokka/E745_spades/E745_spades:tig00000001_1398 (length 557)
/home/yuch3531/genome_analysis_project/5_genome_annotation/Prokka/E745_spades/E745_spades:tig00000001_1399 (length 543)
/home/yuch3531/genome_analysis_project/5_genome_annotation/Prokka/E745_spades/E745_spades:tig00000001_1400 (length 521)
/home/yuch3531/genome_analysis_project/5_genome_annotation/Prokka/E745_spades/E745_spades:tig00000001_1401 (length 307)
/home/yuch3531/genome_analysis_project/5_genome_annotation/Prokka/E745_spades/E745_spades:tig00000001_1402 (length 201)
/home/yuch3531/genome_analysis_project/5_genome_annotation/Prokka/E745_spades/E745_spades:tig00000001_1403 (length 338)
/home/yuch3531/genome_analysis_project/5_genome_annotation/Prokka/E745_spades/E745_spades:tig00000001_1404 (length 433)
/home/yuch3531/genome_analysis_project/5_genome_annotation/Prokka/E745_spades/E745_spades:tig00000001_1405 (length 220)
/home/yuch3531/genome_analysis_project/5_genome_annotation/Prokka/E745_spades/E745_spades:tig00000001_1406 (length 132)
/home/yuch3531/genome_analysis_project/5_genome_annotation/Prokka/E745_spades/E745_spades:tig00000001_1407 (length 360)
/home/yuch3531/genome_analysis_project/5_genome_annotation/Prokka/E745_spades/E745_spades:tig00000001_1408 (length 520)
/home/yuch3531/genome_analysis_project/5_genome_annotation/Prokka/E745_spades/E745_spades:tig00000001_1409 (length 377)
/home/yuch3531/genome_analysis_project/5_genome_annotation/Prokka/E745_spades/E745_spades:tig00000001_1410 (length 318)
/home/yuch3531/genome_analysis_project/5_genome_annotation/Prokka/E745_spades/E745_spades:tig00000001_1411 (length 388)
/home/yuch3531/genome_analysis_project/5_genome_annotation/Prokka/E745_spades/E745_spades:tig00000001_1412 (length 272)
/home/yuch3531/genome_analysis_project/5_genome_annotation/Prokka/E745_spades/E745_spades:tig00000001_1413 (length 235)
/home/yuch3531/genome_analysis_project/5_genome_annotation/Prokka/E745_spades/E745_spades:tig00000001_1414 (length 228)
/home/yuch3531/genome_analysis_project/5_genome_annotation/Prokka/E745_spades/E745_spades:tig00000001_1415 (length 193)
/home/yuch3531/genome_analysis_project/5_genome_annotation/Prokka/E745_spades/E745_spades:tig00000001_1416 (length 227)
/home/yuch3531/genome_analysis_project/5_genome_annotation/Prokka/E745_spades/E745_spades:tig00000001_1417 (length 137)
/home/yuch3531/genome_analysis_project/5_genome_annotation/Prokka/E745_spades/E745_spades:tig00000001_1418 (length 156)
/home/yuch3531/genome_analysis_project/5_genome_annotation/Prokka/E745_spades/E745_spades:tig00000001_1419 (length 695)
/home/yuch3531/genome_analysis_project/5_genome_annotation/Prokka/E745_spades/E745_spades:tig00000001_1420 (length 395)
/home/yuch3531/genome_analysis_project/5_genome_annotation/Prokka/E745_spades/E745_spades:tig00000001_1421 (length 102)
/home/yuch3531/genome_analysis_project/5_genome_annotation/Prokka/E745_spades/E745_spades:tig00000001_1422 (length 209)
/home/yuch3531/genome_analysis_project/5_genome_annotation/Prokka/E745_spades/E745_spades:tig00000001_1423 (length 207)
/home/yuch3531/genome_analysis_project/5_genome_annotation/Prokka/E745_spades/E745_spades:tig00000001_1424 (length 96)
/home/yuch3531/genome_analysis_project/5_genome_annotation/Prokka/E745_spades/E745_spades:tig00000001_1425 (length 277)
/home/yuch3531/genome_analysis_project/5_genome_annotation/Prokka/E745_spades/E745_spades:tig00000001_1426 (length 92)
/home/yuch3531/genome_analysis_project/5_genome_annotation/Prokka/E745_spades/E745_spades:tig00000001_1427 (length 115)
/home/yuch3531/genome_analysis_project/5_genome_annotation/Prokka/E745_spades/E745_spades:tig00000001_1428 (length 218)
/home/yuch3531/genome_analysis_project/5_genome_annotation/Prokka/E745_spades/E745_spades:tig00000001_1429 (length 144)
/home/yuch3531/genome_analysis_project/5_genome_annotation/Prokka/E745_spades/E745_spades:tig00000001_1430 (length 62)
/home/yuch3531/genome_analysis_project/5_genome_annotation/Prokka/E745_spades/E745_spades:tig00000001_1431 (length 88)
/home/yuch3531/genome_analysis_project/5_genome_annotation/Prokka/E745_spades/E745_spades:tig00000001_1432 (length 122)
/home/yuch3531/genome_analysis_project/5_genome_annotation/Prokka/E745_spades/E745_spades:tig00000001_1433 (length 102)
/home/yuch3531/genome_analysis_project/5_genome_annotation/Prokka/E745_spades/E745_spades:tig00000001_1434 (length 179)
/home/yuch3531/genome_analysis_project/5_genome_annotation/Prokka/E745_spades/E745_spades:tig00000001_1435 (length 61)
/home/yuch3531/genome_analysis_project/5_genome_annotation/Prokka/E745_spades/E745_spades:tig00000001_1436 (length 132)
/home/yuch3531/genome_analysis_project/5_genome_annotation/Prokka/E745_spades/E745_spades:tig00000001_1437 (length 178)
/home/yuch3531/genome_analysis_project/5_genome_annotation/Prokka/E745_spades/E745_spades:tig00000001_1438 (length 118)
/home/yuch3531/genome_analysis_project/5_genome_annotation/Prokka/E745_spades/E745_spades:tig00000001_1439 (length 166)
/home/yuch3531/genome_analysis_project/5_genome_annotation/Prokka/E745_spades/E745_spades:tig00000001_1440 (length 59)
/home/yuch3531/genome_analysis_project/5_genome_annotation/Prokka/E745_spades/E745_spades:tig00000001_1441 (length 146)
/home/yuch3531/genome_analysis_project/5_genome_annotation/Prokka/E745_spades/E745_spades:tig00000001_1442 (length 431)
/home/yuch3531/genome_analysis_project/5_genome_annotation/Prokka/E745_spades/E745_spades:tig00000001_1443 (length 215)
/home/yuch3531/genome_analysis_project/5_genome_annotation/Prokka/E745_spades/E745_spades:tig00000001_1444 (length 72)
/home/yuch3531/genome_analysis_project/5_genome_annotation/Prokka/E745_spades/E745_spades:tig00000001_1445 (length 38)
/home/yuch3531/genome_analysis_project/5_genome_annotation/Prokka/E745_spades/E745_spades:tig00000001_1446 (length 121)
/home/yuch3531/genome_analysis_project/5_genome_annotation/Prokka/E745_spades/E745_spades:tig00000001_1447 (length 129)
/home/yuch3531/genome_analysis_project/5_genome_annotation/Prokka/E745_spades/E745_spades:tig00000001_1448 (length 312)
/home/yuch3531/genome_analysis_project/5_genome_annotation/Prokka/E745_spades/E745_spades:tig00000001_1449 (length 126)
/home/yuch3531/genome_analysis_project/5_genome_annotation/Prokka/E745_spades/E745_spades:tig00000001_1450 (length 279)
/home/yuch3531/genome_analysis_project/5_genome_annotation/Prokka/E745_spades/E745_spades:tig00000001_1451 (length 289)
/home/yuch3531/genome_analysis_project/5_genome_annotation/Prokka/E745_spades/E745_spades:tig00000001_1452 (length 265)
/home/yuch3531/genome_analysis_project/5_genome_annotation/Prokka/E745_spades/E745_spades:tig00000001_1453 (length 248)
/home/yuch3531/genome_analysis_project/5_genome_annotation/Prokka/E745_spades/E745_spades:tig00000001_1454 (length 268)
/home/yuch3531/genome_analysis_project/5_genome_annotation/Prokka/E745_spades/E745_spades:tig00000001_1455 (length 122)
/home/yuch3531/genome_analysis_project/5_genome_annotation/Prokka/E745_spades/E745_spades:tig00000001_1456 (length 390)
/home/yuch3531/genome_analysis_project/5_genome_annotation/Prokka/E745_spades/E745_spades:tig00000001_1457 (length 392)
/home/yuch3531/genome_analysis_project/5_genome_annotation/Prokka/E745_spades/E745_spades:tig00000001_1458 (length 112)
/home/yuch3531/genome_analysis_project/5_genome_annotation/Prokka/E745_spades/E745_spades:tig00000001_1459 (length 182)
/home/yuch3531/genome_analysis_project/5_genome_annotation/Prokka/E745_spades/E745_spades:tig00000001_1460 (length 219)
/home/yuch3531/genome_analysis_project/5_genome_annotation/Prokka/E745_spades/E745_spades:tig00000001_1461 (length 302)
/home/yuch3531/genome_analysis_project/5_genome_annotation/Prokka/E745_spades/E745_spades:tig00000001_1462 (length 889)
/home/yuch3531/genome_analysis_project/5_genome_annotation/Prokka/E745_spades/E745_spades:tig00000001_1463 (length 62)
/home/yuch3531/genome_analysis_project/5_genome_annotation/Prokka/E745_spades/E745_spades:tig00000001_1464 (length 120)
/home/yuch3531/genome_analysis_project/5_genome_annotation/Prokka/E745_spades/E745_spades:tig00000001_1465 (length 560)
/home/yuch3531/genome_analysis_project/5_genome_annotation/Prokka/E745_spades/E745_spades:tig00000001_1466 (length 678)
/home/yuch3531/genome_analysis_project/5_genome_annotation/Prokka/E745_spades/E745_spades:tig00000001_1467 (length 333)
/home/yuch3531/genome_analysis_project/5_genome_annotation/Prokka/E745_spades/E745_spades:tig00000001_1468 (length 80)
/home/yuch3531/genome_analysis_project/5_genome_annotation/Prokka/E745_spades/E745_spades:tig00000001_1469 (length 395)
/home/yuch3531/genome_analysis_project/5_genome_annotation/Prokka/E745_spades/E745_spades:tig00000001_1470 (length 334)
/home/yuch3531/genome_analysis_project/5_genome_annotation/Prokka/E745_spades/E745_spades:tig00000001_1471 (length 314)
/home/yuch3531/genome_analysis_project/5_genome_annotation/Prokka/E745_spades/E745_spades:tig00000001_1472 (length 320)
/home/yuch3531/genome_analysis_project/5_genome_annotation/Prokka/E745_spades/E745_spades:tig00000001_1473 (length 304)
/home/yuch3531/genome_analysis_project/5_genome_annotation/Prokka/E745_spades/E745_spades:tig00000001_1474 (length 593)
/home/yuch3531/genome_analysis_project/5_genome_annotation/Prokka/E745_spades/E745_spades:tig00000001_1475 (length 228)
/home/yuch3531/genome_analysis_project/5_genome_annotation/Prokka/E745_spades/E745_spades:tig00000001_1476 (length 1193)
/home/yuch3531/genome_analysis_project/5_genome_annotation/Prokka/E745_spades/E745_spades:tig00000001_1477 (length 269)
/home/yuch3531/genome_analysis_project/5_genome_annotation/Prokka/E745_spades/E745_spades:tig00000001_1478 (length 332)
/home/yuch3531/genome_analysis_project/5_genome_annotation/Prokka/E745_spades/E745_spades:tig00000001_1479 (length 755)
/home/yuch3531/genome_analysis_project/5_genome_annotation/Prokka/E745_spades/E745_spades:tig00000001_1480 (length 150)
/home/yuch3531/genome_analysis_project/5_genome_annotation/Prokka/E745_spades/E745_spades:tig00000001_1481 (length 316)
/home/yuch3531/genome_analysis_project/5_genome_annotation/Prokka/E745_spades/E745_spades:tig00000001_1482 (length 319)
/home/yuch3531/genome_analysis_project/5_genome_annotation/Prokka/E745_spades/E745_spades:tig00000001_1483 (length 251)
/home/yuch3531/genome_analysis_project/5_genome_annotation/Prokka/E745_spades/E745_spades:tig00000001_1484 (length 317)
/home/yuch3531/genome_analysis_project/5_genome_annotation/Prokka/E745_spades/E745_spades:tig00000001_1485 (length 35)
/home/yuch3531/genome_analysis_project/5_genome_annotation/Prokka/E745_spades/E745_spades:tig00000001_1486 (length 317)
/home/yuch3531/genome_analysis_project/5_genome_annotation/Prokka/E745_spades/E745_spades:tig00000001_1487 (length 62)
/home/yuch3531/genome_analysis_project/5_genome_annotation/Prokka/E745_spades/E745_spades:tig00000001_1488 (length 390)
/home/yuch3531/genome_analysis_project/5_genome_annotation/Prokka/E745_spades/E745_spades:tig00000001_1489 (length 118)
/home/yuch3531/genome_analysis_project/5_genome_annotation/Prokka/E745_spades/E745_spades:tig00000001_1490 (length 299)
/home/yuch3531/genome_analysis_project/5_genome_annotation/Prokka/E745_spades/E745_spades:tig00000001_1491 (length 298)
/home/yuch3531/genome_analysis_project/5_genome_annotation/Prokka/E745_spades/E745_spades:tig00000001_1492 (length 242)
/home/yuch3531/genome_analysis_project/5_genome_annotation/Prokka/E745_spades/E745_spades:tig00000001_1493 (length 559)
/home/yuch3531/genome_analysis_project/5_genome_annotation/Prokka/E745_spades/E745_spades:tig00000001_1494 (length 319)
/home/yuch3531/genome_analysis_project/5_genome_annotation/Prokka/E745_spades/E745_spades:tig00000001_1495 (length 244)
/home/yuch3531/genome_analysis_project/5_genome_annotation/Prokka/E745_spades/E745_spades:tig00000001_1496 (length 136)
/home/yuch3531/genome_analysis_project/5_genome_annotation/Prokka/E745_spades/E745_spades:tig00000001_1497 (length 233)
/home/yuch3531/genome_analysis_project/5_genome_annotation/Prokka/E745_spades/E745_spades:tig00000001_1498 (length 527)
/home/yuch3531/genome_analysis_project/5_genome_annotation/Prokka/E745_spades/E745_spades:tig00000001_1499 (length 73)
/home/yuch3531/genome_analysis_project/5_genome_annotation/Prokka/E745_spades/E745_spades:tig00000001_1500 (length 253)
/home/yuch3531/genome_analysis_project/5_genome_annotation/Prokka/E745_spades/E745_spades:tig00000001_1501 (length 169)
/home/yuch3531/genome_analysis_project/5_genome_annotation/Prokka/E745_spades/E745_spades:tig00000001_1502 (length 179)
/home/yuch3531/genome_analysis_project/5_genome_annotation/Prokka/E745_spades/E745_spades:tig00000001_1503 (length 203)
/home/yuch3531/genome_analysis_project/5_genome_annotation/Prokka/E745_spades/E745_spades:tig00000001_1504 (length 277)
/home/yuch3531/genome_analysis_project/5_genome_annotation/Prokka/E745_spades/E745_spades:tig00000001_1505 (length 211)
/home/yuch3531/genome_analysis_project/5_genome_annotation/Prokka/E745_spades/E745_spades:tig00000001_1506 (length 257)
/home/yuch3531/genome_analysis_project/5_genome_annotation/Prokka/E745_spades/E745_spades:tig00000001_1507 (length 265)
/home/yuch3531/genome_analysis_project/5_genome_annotation/Prokka/E745_spades/E745_spades:tig00000001_1508 (length 124)
/home/yuch3531/genome_analysis_project/5_genome_annotation/Prokka/E745_spades/E745_spades:tig00000001_1509 (length 881)
/home/yuch3531/genome_analysis_project/5_genome_annotation/Prokka/E745_spades/E745_spades:tig00000001_1510 (length 702)
/home/yuch3531/genome_analysis_project/5_genome_annotation/Prokka/E745_spades/E745_spades:tig00000001_1511 (length 186)
/home/yuch3531/genome_analysis_project/5_genome_annotation/Prokka/E745_spades/E745_spades:tig00000001_1512 (length 662)
/home/yuch3531/genome_analysis_project/5_genome_annotation/Prokka/E745_spades/E745_spades:tig00000001_1513 (length 237)
/home/yuch3531/genome_analysis_project/5_genome_annotation/Prokka/E745_spades/E745_spades:tig00000001_1514 (length 148)
/home/yuch3531/genome_analysis_project/5_genome_annotation/Prokka/E745_spades/E745_spades:tig00000001_1515 (length 200)
/home/yuch3531/genome_analysis_project/5_genome_annotation/Prokka/E745_spades/E745_spades:tig00000001_1516 (length 333)
/home/yuch3531/genome_analysis_project/5_genome_annotation/Prokka/E745_spades/E745_spades:tig00000001_1517 (length 192)
/home/yuch3531/genome_analysis_project/5_genome_annotation/Prokka/E745_spades/E745_spades:tig00000001_1518 (length 160)
/home/yuch3531/genome_analysis_project/5_genome_annotation/Prokka/E745_spades/E745_spades:tig00000001_1519 (length 124)
/home/yuch3531/genome_analysis_project/5_genome_annotation/Prokka/E745_spades/E745_spades:tig00000001_1520 (length 317)
/home/yuch3531/genome_analysis_project/5_genome_annotation/Prokka/E745_spades/E745_spades:tig00000001_1521 (length 450)
/home/yuch3531/genome_analysis_project/5_genome_annotation/Prokka/E745_spades/E745_spades:tig00000001_1522 (length 196)
/home/yuch3531/genome_analysis_project/5_genome_annotation/Prokka/E745_spades/E745_spades:tig00000001_1523 (length 449)
/home/yuch3531/genome_analysis_project/5_genome_annotation/Prokka/E745_spades/E745_spades:tig00000001_1524 (length 246)
/home/yuch3531/genome_analysis_project/5_genome_annotation/Prokka/E745_spades/E745_spades:tig00000001_1525 (length 530)
/home/yuch3531/genome_analysis_project/5_genome_annotation/Prokka/E745_spades/E745_spades:tig00000001_1526 (length 63)
/home/yuch3531/genome_analysis_project/5_genome_annotation/Prokka/E745_spades/E745_spades:tig00000001_1527 (length 98)
/home/yuch3531/genome_analysis_project/5_genome_annotation/Prokka/E745_spades/E745_spades:tig00000001_1528 (length 241)
/home/yuch3531/genome_analysis_project/5_genome_annotation/Prokka/E745_spades/E745_spades:tig00000001_1529 (length 280)
/home/yuch3531/genome_analysis_project/5_genome_annotation/Prokka/E745_spades/E745_spades:tig00000001_1530 (length 173)
/home/yuch3531/genome_analysis_project/5_genome_annotation/Prokka/E745_spades/E745_spades:tig00000001_1531 (length 187)
/home/yuch3531/genome_analysis_project/5_genome_annotation/Prokka/E745_spades/E745_spades:tig00000001_1532 (length 89)
/home/yuch3531/genome_analysis_project/5_genome_annotation/Prokka/E745_spades/E745_spades:tig00000001_1533 (length 708)
/home/yuch3531/genome_analysis_project/5_genome_annotation/Prokka/E745_spades/E745_spades:tig00000001_1534 (length 88)
/home/yuch3531/genome_analysis_project/5_genome_annotation/Prokka/E745_spades/E745_spades:tig00000001_1535 (length 663)
/home/yuch3531/genome_analysis_project/5_genome_annotation/Prokka/E745_spades/E745_spades:tig00000001_1536 (length 433)
/home/yuch3531/genome_analysis_project/5_genome_annotation/Prokka/E745_spades/E745_spades:tig00000001_1537 (length 456)
/home/yuch3531/genome_analysis_project/5_genome_annotation/Prokka/E745_spades/E745_spades:tig00000001_1538 (length 107)
/home/yuch3531/genome_analysis_project/5_genome_annotation/Prokka/E745_spades/E745_spades:tig00000001_1539 (length 202)
/home/yuch3531/genome_analysis_project/5_genome_annotation/Prokka/E745_spades/E745_spades:tig00000001_1540 (length 238)
/home/yuch3531/genome_analysis_project/5_genome_annotation/Prokka/E745_spades/E745_spades:tig00000001_1541 (length 231)
/home/yuch3531/genome_analysis_project/5_genome_annotation/Prokka/E745_spades/E745_spades:tig00000001_1542 (length 209)
/home/yuch3531/genome_analysis_project/5_genome_annotation/Prokka/E745_spades/E745_spades:tig00000001_1543 (length 178)
/home/yuch3531/genome_analysis_project/5_genome_annotation/Prokka/E745_spades/E745_spades:tig00000001_1544 (length 170)
/home/yuch3531/genome_analysis_project/5_genome_annotation/Prokka/E745_spades/E745_spades:tig00000001_1545 (length 55)
/home/yuch3531/genome_analysis_project/5_genome_annotation/Prokka/E745_spades/E745_spades:tig00000001_1546 (length 200)
/home/yuch3531/genome_analysis_project/5_genome_annotation/Prokka/E745_spades/E745_spades:tig00000001_1547 (length 162)
/home/yuch3531/genome_analysis_project/5_genome_annotation/Prokka/E745_spades/E745_spades:tig00000001_1548 (length 457)
/home/yuch3531/genome_analysis_project/5_genome_annotation/Prokka/E745_spades/E745_spades:tig00000001_1549 (length 155)
/home/yuch3531/genome_analysis_project/5_genome_annotation/Prokka/E745_spades/E745_spades:tig00000001_1550 (length 530)
/home/yuch3531/genome_analysis_project/5_genome_annotation/Prokka/E745_spades/E745_spades:tig00000001_1551 (length 41)
/home/yuch3531/genome_analysis_project/5_genome_annotation/Prokka/E745_spades/E745_spades:tig00000001_1552 (length 358)
/home/yuch3531/genome_analysis_project/5_genome_annotation/Prokka/E745_spades/E745_spades:tig00000001_1553 (length 470)
/home/yuch3531/genome_analysis_project/5_genome_annotation/Prokka/E745_spades/E745_spades:tig00000001_1554 (length 503)
/home/yuch3531/genome_analysis_project/5_genome_annotation/Prokka/E745_spades/E745_spades:tig00000001_1555 (length 116)
/home/yuch3531/genome_analysis_project/5_genome_annotation/Prokka/E745_spades/E745_spades:tig00000001_1556 (length 373)
/home/yuch3531/genome_analysis_project/5_genome_annotation/Prokka/E745_spades/E745_spades:tig00000001_1557 (length 120)
/home/yuch3531/genome_analysis_project/5_genome_annotation/Prokka/E745_spades/E745_spades:tig00000001_1558 (length 89)
/home/yuch3531/genome_analysis_project/5_genome_annotation/Prokka/E745_spades/E745_spades:tig00000001_1559 (length 315)
/home/yuch3531/genome_analysis_project/5_genome_annotation/Prokka/E745_spades/E745_spades:tig00000001_1560 (length 901)
/home/yuch3531/genome_analysis_project/5_genome_annotation/Prokka/E745_spades/E745_spades:tig00000001_1561 (length 607)
/home/yuch3531/genome_analysis_project/5_genome_annotation/Prokka/E745_spades/E745_spades:tig00000001_1562 (length 87)
/home/yuch3531/genome_analysis_project/5_genome_annotation/Prokka/E745_spades/E745_spades:tig00000001_1563 (length 88)
/home/yuch3531/genome_analysis_project/5_genome_annotation/Prokka/E745_spades/E745_spades:tig00000001_1564 (length 162)
/home/yuch3531/genome_analysis_project/5_genome_annotation/Prokka/E745_spades/E745_spades:tig00000001_1565 (length 32)
/home/yuch3531/genome_analysis_project/5_genome_annotation/Prokka/E745_spades/E745_spades:tig00000001_1566 (length 223)
/home/yuch3531/genome_analysis_project/5_genome_annotation/Prokka/E745_spades/E745_spades:tig00000001_1567 (length 305)
/home/yuch3531/genome_analysis_project/5_genome_annotation/Prokka/E745_spades/E745_spades:tig00000001_1568 (length 213)
/home/yuch3531/genome_analysis_project/5_genome_annotation/Prokka/E745_spades/E745_spades:tig00000001_1569 (length 391)
/home/yuch3531/genome_analysis_project/5_genome_annotation/Prokka/E745_spades/E745_spades:tig00000001_1570 (length 343)
/home/yuch3531/genome_analysis_project/5_genome_annotation/Prokka/E745_spades/E745_spades:tig00000001_1571 (length 102)
/home/yuch3531/genome_analysis_project/5_genome_annotation/Prokka/E745_spades/E745_spades:tig00000001_1572 (length 763)
/home/yuch3531/genome_analysis_project/5_genome_annotation/Prokka/E745_spades/E745_spades:tig00000001_1573 (length 232)
/home/yuch3531/genome_analysis_project/5_genome_annotation/Prokka/E745_spades/E745_spades:tig00000001_1574 (length 381)
/home/yuch3531/genome_analysis_project/5_genome_annotation/Prokka/E745_spades/E745_spades:tig00000001_1575 (length 126)
/home/yuch3531/genome_analysis_project/5_genome_annotation/Prokka/E745_spades/E745_spades:tig00000001_1576 (length 439)
/home/yuch3531/genome_analysis_project/5_genome_annotation/Prokka/E745_spades/E745_spades:tig00000001_1577 (length 865)
/home/yuch3531/genome_analysis_project/5_genome_annotation/Prokka/E745_spades/E745_spades:tig00000001_1578 (length 317)
/home/yuch3531/genome_analysis_project/5_genome_annotation/Prokka/E745_spades/E745_spades:tig00000001_1579 (length 62)
/home/yuch3531/genome_analysis_project/5_genome_annotation/Prokka/E745_spades/E745_spades:tig00000001_1580 (length 486)
/home/yuch3531/genome_analysis_project/5_genome_annotation/Prokka/E745_spades/E745_spades:tig00000001_1581 (length 418)
/home/yuch3531/genome_analysis_project/5_genome_annotation/Prokka/E745_spades/E745_spades:tig00000001_1582 (length 281)
/home/yuch3531/genome_analysis_project/5_genome_annotation/Prokka/E745_spades/E745_spades:tig00000001_1583 (length 103)
/home/yuch3531/genome_analysis_project/5_genome_annotation/Prokka/E745_spades/E745_spades:tig00000001_1584 (length 383)
/home/yuch3531/genome_analysis_project/5_genome_annotation/Prokka/E745_spades/E745_spades:tig00000001_1585 (length 252)
/home/yuch3531/genome_analysis_project/5_genome_annotation/Prokka/E745_spades/E745_spades:tig00000001_1586 (length 214)
/home/yuch3531/genome_analysis_project/5_genome_annotation/Prokka/E745_spades/E745_spades:tig00000001_1587 (length 335)
/home/yuch3531/genome_analysis_project/5_genome_annotation/Prokka/E745_spades/E745_spades:tig00000001_1588 (length 280)
/home/yuch3531/genome_analysis_project/5_genome_annotation/Prokka/E745_spades/E745_spades:tig00000001_1589 (length 44)
/home/yuch3531/genome_analysis_project/5_genome_annotation/Prokka/E745_spades/E745_spades:tig00000001_1590 (length 224)
/home/yuch3531/genome_analysis_project/5_genome_annotation/Prokka/E745_spades/E745_spades:tig00000001_1591 (length 354)
/home/yuch3531/genome_analysis_project/5_genome_annotation/Prokka/E745_spades/E745_spades:tig00000001_1592 (length 361)
/home/yuch3531/genome_analysis_project/5_genome_annotation/Prokka/E745_spades/E745_spades:tig00000001_1593 (length 325)
/home/yuch3531/genome_analysis_project/5_genome_annotation/Prokka/E745_spades/E745_spades:tig00000001_1594 (length 314)
/home/yuch3531/genome_analysis_project/5_genome_annotation/Prokka/E745_spades/E745_spades:tig00000001_1595 (length 217)
/home/yuch3531/genome_analysis_project/5_genome_annotation/Prokka/E745_spades/E745_spades:tig00000001_1596 (length 301)
/home/yuch3531/genome_analysis_project/5_genome_annotation/Prokka/E745_spades/E745_spades:tig00000001_1597 (length 210)
/home/yuch3531/genome_analysis_project/5_genome_annotation/Prokka/E745_spades/E745_spades:tig00000001_1598 (length 174)
/home/yuch3531/genome_analysis_project/5_genome_annotation/Prokka/E745_spades/E745_spades:tig00000001_1599 (length 66)
/home/yuch3531/genome_analysis_project/5_genome_annotation/Prokka/E745_spades/E745_spades:tig00000001_1600 (length 119)
/home/yuch3531/genome_analysis_project/5_genome_annotation/Prokka/E745_spades/E745_spades:tig00000001_1601 (length 445)
/home/yuch3531/genome_analysis_project/5_genome_annotation/Prokka/E745_spades/E745_spades:tig00000001_1602 (length 709)
/home/yuch3531/genome_analysis_project/5_genome_annotation/Prokka/E745_spades/E745_spades:tig00000001_1603 (length 229)
/home/yuch3531/genome_analysis_project/5_genome_annotation/Prokka/E745_spades/E745_spades:tig00000001_1604 (length 228)
/home/yuch3531/genome_analysis_project/5_genome_annotation/Prokka/E745_spades/E745_spades:tig00000001_1605 (length 55)
/home/yuch3531/genome_analysis_project/5_genome_annotation/Prokka/E745_spades/E745_spades:tig00000001_1606 (length 146)
/home/yuch3531/genome_analysis_project/5_genome_annotation/Prokka/E745_spades/E745_spades:tig00000001_1607 (length 281)
/home/yuch3531/genome_analysis_project/5_genome_annotation/Prokka/E745_spades/E745_spades:tig00000001_1608 (length 472)
/home/yuch3531/genome_analysis_project/5_genome_annotation/Prokka/E745_spades/E745_spades:tig00000001_1609 (length 96)
/home/yuch3531/genome_analysis_project/5_genome_annotation/Prokka/E745_spades/E745_spades:tig00000001_1610 (length 105)
/home/yuch3531/genome_analysis_project/5_genome_annotation/Prokka/E745_spades/E745_spades:tig00000001_1611 (length 318)
/home/yuch3531/genome_analysis_project/5_genome_annotation/Prokka/E745_spades/E745_spades:tig00000001_1612 (length 117)
/home/yuch3531/genome_analysis_project/5_genome_annotation/Prokka/E745_spades/E745_spades:tig00000001_1613 (length 359)
/home/yuch3531/genome_analysis_project/5_genome_annotation/Prokka/E745_spades/E745_spades:tig00000001_1614 (length 106)
/home/yuch3531/genome_analysis_project/5_genome_annotation/Prokka/E745_spades/E745_spades:tig00000001_1615 (length 155)
/home/yuch3531/genome_analysis_project/5_genome_annotation/Prokka/E745_spades/E745_spades:tig00000001_1616 (length 201)
/home/yuch3531/genome_analysis_project/5_genome_annotation/Prokka/E745_spades/E745_spades:tig00000001_1617 (length 427)
/home/yuch3531/genome_analysis_project/5_genome_annotation/Prokka/E745_spades/E745_spades:tig00000001_1618 (length 159)
/home/yuch3531/genome_analysis_project/5_genome_annotation/Prokka/E745_spades/E745_spades:tig00000001_1619 (length 278)
/home/yuch3531/genome_analysis_project/5_genome_annotation/Prokka/E745_spades/E745_spades:tig00000001_1620 (length 96)
/home/yuch3531/genome_analysis_project/5_genome_annotation/Prokka/E745_spades/E745_spades:tig00000001_1621 (length 376)
/home/yuch3531/genome_analysis_project/5_genome_annotation/Prokka/E745_spades/E745_spades:tig00000001_1622 (length 302)
/home/yuch3531/genome_analysis_project/5_genome_annotation/Prokka/E745_spades/E745_spades:tig00000001_1623 (length 284)
/home/yuch3531/genome_analysis_project/5_genome_annotation/Prokka/E745_spades/E745_spades:tig00000001_1624 (length 749)
/home/yuch3531/genome_analysis_project/5_genome_annotation/Prokka/E745_spades/E745_spades:tig00000001_1625 (length 390)
/home/yuch3531/genome_analysis_project/5_genome_annotation/Prokka/E745_spades/E745_spades:tig00000001_1626 (length 439)
/home/yuch3531/genome_analysis_project/5_genome_annotation/Prokka/E745_spades/E745_spades:tig00000001_1627 (length 119)
/home/yuch3531/genome_analysis_project/5_genome_annotation/Prokka/E745_spades/E745_spades:tig00000001_1628 (length 258)
/home/yuch3531/genome_analysis_project/5_genome_annotation/Prokka/E745_spades/E745_spades:tig00000001_1629 (length 102)
/home/yuch3531/genome_analysis_project/5_genome_annotation/Prokka/E745_spades/E745_spades:tig00000001_1630 (length 99)
/home/yuch3531/genome_analysis_project/5_genome_annotation/Prokka/E745_spades/E745_spades:tig00000001_1631 (length 183)
/home/yuch3531/genome_analysis_project/5_genome_annotation/Prokka/E745_spades/E745_spades:tig00000001_1632 (length 439)
/home/yuch3531/genome_analysis_project/5_genome_annotation/Prokka/E745_spades/E745_spades:tig00000001_1633 (length 97)
/home/yuch3531/genome_analysis_project/5_genome_annotation/Prokka/E745_spades/E745_spades:tig00000001_1634 (length 98)
/home/yuch3531/genome_analysis_project/5_genome_annotation/Prokka/E745_spades/E745_spades:tig00000001_1635 (length 220)
/home/yuch3531/genome_analysis_project/5_genome_annotation/Prokka/E745_spades/E745_spades:tig00000001_1636 (length 300)
/home/yuch3531/genome_analysis_project/5_genome_annotation/Prokka/E745_spades/E745_spades:tig00000001_1637 (length 464)
/home/yuch3531/genome_analysis_project/5_genome_annotation/Prokka/E745_spades/E745_spades:tig00000001_1638 (length 66)
/home/yuch3531/genome_analysis_project/5_genome_annotation/Prokka/E745_spades/E745_spades:tig00000001_1639 (length 79)
/home/yuch3531/genome_analysis_project/5_genome_annotation/Prokka/E745_spades/E745_spades:tig00000001_1640 (length 457)
/home/yuch3531/genome_analysis_project/5_genome_annotation/Prokka/E745_spades/E745_spades:tig00000001_1641 (length 545)
/home/yuch3531/genome_analysis_project/5_genome_annotation/Prokka/E745_spades/E745_spades:tig00000001_1642 (length 362)
/home/yuch3531/genome_analysis_project/5_genome_annotation/Prokka/E745_spades/E745_spades:tig00000001_1643 (length 317)
/home/yuch3531/genome_analysis_project/5_genome_annotation/Prokka/E745_spades/E745_spades:tig00000001_1644 (length 85)
/home/yuch3531/genome_analysis_project/5_genome_annotation/Prokka/E745_spades/E745_spades:tig00000001_1645 (length 134)
/home/yuch3531/genome_analysis_project/5_genome_annotation/Prokka/E745_spades/E745_spades:tig00000001_1646 (length 885)
/home/yuch3531/genome_analysis_project/5_genome_annotation/Prokka/E745_spades/E745_spades:tig00000001_1647 (length 158)
/home/yuch3531/genome_analysis_project/5_genome_annotation/Prokka/E745_spades/E745_spades:tig00000001_1648 (length 262)
/home/yuch3531/genome_analysis_project/5_genome_annotation/Prokka/E745_spades/E745_spades:tig00000001_1649 (length 265)
/home/yuch3531/genome_analysis_project/5_genome_annotation/Prokka/E745_spades/E745_spades:tig00000001_1650 (length 131)
/home/yuch3531/genome_analysis_project/5_genome_annotation/Prokka/E745_spades/E745_spades:tig00000001_1651 (length 373)
/home/yuch3531/genome_analysis_project/5_genome_annotation/Prokka/E745_spades/E745_spades:tig00000001_1652 (length 289)
/home/yuch3531/genome_analysis_project/5_genome_annotation/Prokka/E745_spades/E745_spades:tig00000001_1653 (length 53)
/home/yuch3531/genome_analysis_project/5_genome_annotation/Prokka/E745_spades/E745_spades:tig00000001_1654 (length 317)
/home/yuch3531/genome_analysis_project/5_genome_annotation/Prokka/E745_spades/E745_spades:tig00000001_1655 (length 170)
/home/yuch3531/genome_analysis_project/5_genome_annotation/Prokka/E745_spades/E745_spades:tig00000001_1656 (length 333)
/home/yuch3531/genome_analysis_project/5_genome_annotation/Prokka/E745_spades/E745_spades:tig00000001_1657 (length 413)
/home/yuch3531/genome_analysis_project/5_genome_annotation/Prokka/E745_spades/E745_spades:tig00000001_1658 (length 211)
/home/yuch3531/genome_analysis_project/5_genome_annotation/Prokka/E745_spades/E745_spades:tig00000001_1659 (length 544)
/home/yuch3531/genome_analysis_project/5_genome_annotation/Prokka/E745_spades/E745_spades:tig00000001_1660 (length 143)
/home/yuch3531/genome_analysis_project/5_genome_annotation/Prokka/E745_spades/E745_spades:tig00000001_1661 (length 82)
/home/yuch3531/genome_analysis_project/5_genome_annotation/Prokka/E745_spades/E745_spades:tig00000001_1662 (length 317)
/home/yuch3531/genome_analysis_project/5_genome_annotation/Prokka/E745_spades/E745_spades:tig00000001_1663 (length 150)
/home/yuch3531/genome_analysis_project/5_genome_annotation/Prokka/E745_spades/E745_spades:tig00000001_1664 (length 173)
/home/yuch3531/genome_analysis_project/5_genome_annotation/Prokka/E745_spades/E745_spades:tig00000001_1665 (length 236)
/home/yuch3531/genome_analysis_project/5_genome_annotation/Prokka/E745_spades/E745_spades:tig00000001_1666 (length 122)
/home/yuch3531/genome_analysis_project/5_genome_annotation/Prokka/E745_spades/E745_spades:tig00000001_1667 (length 74)
/home/yuch3531/genome_analysis_project/5_genome_annotation/Prokka/E745_spades/E745_spades:tig00000001_1668 (length 517)
/home/yuch3531/genome_analysis_project/5_genome_annotation/Prokka/E745_spades/E745_spades:tig00000001_1669 (length 437)
/home/yuch3531/genome_analysis_project/5_genome_annotation/Prokka/E745_spades/E745_spades:tig00000001_1670 (length 545)
/home/yuch3531/genome_analysis_project/5_genome_annotation/Prokka/E745_spades/E745_spades:tig00000001_1671 (length 164)
/home/yuch3531/genome_analysis_project/5_genome_annotation/Prokka/E745_spades/E745_spades:tig00000001_1672 (length 363)
/home/yuch3531/genome_analysis_project/5_genome_annotation/Prokka/E745_spades/E745_spades:tig00000001_1673 (length 225)
/home/yuch3531/genome_analysis_project/5_genome_annotation/Prokka/E745_spades/E745_spades:tig00000001_1674 (length 431)
/home/yuch3531/genome_analysis_project/5_genome_annotation/Prokka/E745_spades/E745_spades:tig00000001_1675 (length 486)
/home/yuch3531/genome_analysis_project/5_genome_annotation/Prokka/E745_spades/E745_spades:tig00000001_1676 (length 498)
/home/yuch3531/genome_analysis_project/5_genome_annotation/Prokka/E745_spades/E745_spades:tig00000001_1677 (length 607)
/home/yuch3531/genome_analysis_project/5_genome_annotation/Prokka/E745_spades/E745_spades:tig00000001_1678 (length 238)
/home/yuch3531/genome_analysis_project/5_genome_annotation/Prokka/E745_spades/E745_spades:tig00000001_1679 (length 642)
/home/yuch3531/genome_analysis_project/5_genome_annotation/Prokka/E745_spades/E745_spades:tig00000001_1680 (length 184)
/home/yuch3531/genome_analysis_project/5_genome_annotation/Prokka/E745_spades/E745_spades:tig00000001_1681 (length 104)
/home/yuch3531/genome_analysis_project/5_genome_annotation/Prokka/E745_spades/E745_spades:tig00000001_1682 (length 86)
/home/yuch3531/genome_analysis_project/5_genome_annotation/Prokka/E745_spades/E745_spades:tig00000001_1683 (length 104)
/home/yuch3531/genome_analysis_project/5_genome_annotation/Prokka/E745_spades/E745_spades:tig00000001_1684 (length 551)
/home/yuch3531/genome_analysis_project/5_genome_annotation/Prokka/E745_spades/E745_spades:tig00000001_1685 (length 616)
/home/yuch3531/genome_analysis_project/5_genome_annotation/Prokka/E745_spades/E745_spades:tig00000001_1686 (length 95)
/home/yuch3531/genome_analysis_project/5_genome_annotation/Prokka/E745_spades/E745_spades:tig00000001_1687 (length 115)
/home/yuch3531/genome_analysis_project/5_genome_annotation/Prokka/E745_spades/E745_spades:tig00000001_1688 (length 434)
/home/yuch3531/genome_analysis_project/5_genome_annotation/Prokka/E745_spades/E745_spades:tig00000001_1689 (length 285)
/home/yuch3531/genome_analysis_project/5_genome_annotation/Prokka/E745_spades/E745_spades:tig00000001_1690 (length 106)
/home/yuch3531/genome_analysis_project/5_genome_annotation/Prokka/E745_spades/E745_spades:tig00000001_1691 (length 131)
/home/yuch3531/genome_analysis_project/5_genome_annotation/Prokka/E745_spades/E745_spades:tig00000001_1692 (length 336)
/home/yuch3531/genome_analysis_project/5_genome_annotation/Prokka/E745_spades/E745_spades:tig00000001_1693 (length 201)
/home/yuch3531/genome_analysis_project/5_genome_annotation/Prokka/E745_spades/E745_spades:tig00000001_1694 (length 221)
/home/yuch3531/genome_analysis_project/5_genome_annotation/Prokka/E745_spades/E745_spades:tig00000001_1695 (length 219)
/home/yuch3531/genome_analysis_project/5_genome_annotation/Prokka/E745_spades/E745_spades:tig00000001_1696 (length 536)
/home/yuch3531/genome_analysis_project/5_genome_annotation/Prokka/E745_spades/E745_spades:tig00000001_1697 (length 206)
/home/yuch3531/genome_analysis_project/5_genome_annotation/Prokka/E745_spades/E745_spades:tig00000001_1698 (length 317)
/home/yuch3531/genome_analysis_project/5_genome_annotation/Prokka/E745_spades/E745_spades:tig00000001_1699 (length 82)
/home/yuch3531/genome_analysis_project/5_genome_annotation/Prokka/E745_spades/E745_spades:tig00000001_1700 (length 199)
/home/yuch3531/genome_analysis_project/5_genome_annotation/Prokka/E745_spades/E745_spades:tig00000001_1701 (length 433)
/home/yuch3531/genome_analysis_project/5_genome_annotation/Prokka/E745_spades/E745_spades:tig00000001_1702 (length 418)
/home/yuch3531/genome_analysis_project/5_genome_annotation/Prokka/E745_spades/E745_spades:tig00000001_1703 (length 625)
/home/yuch3531/genome_analysis_project/5_genome_annotation/Prokka/E745_spades/E745_spades:tig00000001_1704 (length 473)
/home/yuch3531/genome_analysis_project/5_genome_annotation/Prokka/E745_spades/E745_spades:tig00000001_1705 (length 271)
/home/yuch3531/genome_analysis_project/5_genome_annotation/Prokka/E745_spades/E745_spades:tig00000001_1706 (length 171)
/home/yuch3531/genome_analysis_project/5_genome_annotation/Prokka/E745_spades/E745_spades:tig00000001_1707 (length 339)
/home/yuch3531/genome_analysis_project/5_genome_annotation/Prokka/E745_spades/E745_spades:tig00000001_1708 (length 335)
/home/yuch3531/genome_analysis_project/5_genome_annotation/Prokka/E745_spades/E745_spades:tig00000001_1709 (length 221)
/home/yuch3531/genome_analysis_project/5_genome_annotation/Prokka/E745_spades/E745_spades:tig00000001_1710 (length 764)
/home/yuch3531/genome_analysis_project/5_genome_annotation/Prokka/E745_spades/E745_spades:tig00000001_1711 (length 721)
/home/yuch3531/genome_analysis_project/5_genome_annotation/Prokka/E745_spades/E745_spades:tig00000001_1712 (length 277)
/home/yuch3531/genome_analysis_project/5_genome_annotation/Prokka/E745_spades/E745_spades:tig00000001_1713 (length 553)
/home/yuch3531/genome_analysis_project/5_genome_annotation/Prokka/E745_spades/E745_spades:tig00000001_1714 (length 439)
/home/yuch3531/genome_analysis_project/5_genome_annotation/Prokka/E745_spades/E745_spades:tig00000001_1715 (length 322)
/home/yuch3531/genome_analysis_project/5_genome_annotation/Prokka/E745_spades/E745_spades:tig00000001_1716 (length 147)
/home/yuch3531/genome_analysis_project/5_genome_annotation/Prokka/E745_spades/E745_spades:tig00000001_1717 (length 176)
/home/yuch3531/genome_analysis_project/5_genome_annotation/Prokka/E745_spades/E745_spades:tig00000001_1718 (length 183)
/home/yuch3531/genome_analysis_project/5_genome_annotation/Prokka/E745_spades/E745_spades:tig00000001_1719 (length 157)
/home/yuch3531/genome_analysis_project/5_genome_annotation/Prokka/E745_spades/E745_spades:tig00000001_1720 (length 490)
/home/yuch3531/genome_analysis_project/5_genome_annotation/Prokka/E745_spades/E745_spades:tig00000001_1721 (length 221)
/home/yuch3531/genome_analysis_project/5_genome_annotation/Prokka/E745_spades/E745_spades:tig00000001_1722 (length 94)
/home/yuch3531/genome_analysis_project/5_genome_annotation/Prokka/E745_spades/E745_spades:tig00000001_1723 (length 139)
/home/yuch3531/genome_analysis_project/5_genome_annotation/Prokka/E745_spades/E745_spades:tig00000001_1724 (length 194)
/home/yuch3531/genome_analysis_project/5_genome_annotation/Prokka/E745_spades/E745_spades:tig00000001_1725 (length 491)
/home/yuch3531/genome_analysis_project/5_genome_annotation/Prokka/E745_spades/E745_spades:tig00000001_1726 (length 103)
/home/yuch3531/genome_analysis_project/5_genome_annotation/Prokka/E745_spades/E745_spades:tig00000001_1727 (length 778)
/home/yuch3531/genome_analysis_project/5_genome_annotation/Prokka/E745_spades/E745_spades:tig00000001_1728 (length 222)
/home/yuch3531/genome_analysis_project/5_genome_annotation/Prokka/E745_spades/E745_spades:tig00000001_1729 (length 347)
/home/yuch3531/genome_analysis_project/5_genome_annotation/Prokka/E745_spades/E745_spades:tig00000001_1730 (length 293)
/home/yuch3531/genome_analysis_project/5_genome_annotation/Prokka/E745_spades/E745_spades:tig00000001_1731 (length 242)
/home/yuch3531/genome_analysis_project/5_genome_annotation/Prokka/E745_spades/E745_spades:tig00000001_1732 (length 105)
/home/yuch3531/genome_analysis_project/5_genome_annotation/Prokka/E745_spades/E745_spades:tig00000001_1733 (length 202)
/home/yuch3531/genome_analysis_project/5_genome_annotation/Prokka/E745_spades/E745_spades:tig00000001_1734 (length 276)
/home/yuch3531/genome_analysis_project/5_genome_annotation/Prokka/E745_spades/E745_spades:tig00000001_1735 (length 162)
/home/yuch3531/genome_analysis_project/5_genome_annotation/Prokka/E745_spades/E745_spades:tig00000001_1736 (length 290)
/home/yuch3531/genome_analysis_project/5_genome_annotation/Prokka/E745_spades/E745_spades:tig00000001_1737 (length 120)
/home/yuch3531/genome_analysis_project/5_genome_annotation/Prokka/E745_spades/E745_spades:tig00000001_1738 (length 250)
/home/yuch3531/genome_analysis_project/5_genome_annotation/Prokka/E745_spades/E745_spades:tig00000001_1739 (length 600)
/home/yuch3531/genome_analysis_project/5_genome_annotation/Prokka/E745_spades/E745_spades:tig00000001_1740 (length 346)
/home/yuch3531/genome_analysis_project/5_genome_annotation/Prokka/E745_spades/E745_spades:tig00000001_1741 (length 714)
/home/yuch3531/genome_analysis_project/5_genome_annotation/Prokka/E745_spades/E745_spades:tig00000001_1742 (length 457)
/home/yuch3531/genome_analysis_project/5_genome_annotation/Prokka/E745_spades/E745_spades:tig00000001_1743 (length 131)
/home/yuch3531/genome_analysis_project/5_genome_annotation/Prokka/E745_spades/E745_spades:tig00000001_1744 (length 305)
/home/yuch3531/genome_analysis_project/5_genome_annotation/Prokka/E745_spades/E745_spades:tig00000001_1745 (length 337)
/home/yuch3531/genome_analysis_project/5_genome_annotation/Prokka/E745_spades/E745_spades:tig00000001_1746 (length 199)
/home/yuch3531/genome_analysis_project/5_genome_annotation/Prokka/E745_spades/E745_spades:tig00000001_1747 (length 233)
/home/yuch3531/genome_analysis_project/5_genome_annotation/Prokka/E745_spades/E745_spades:tig00000001_1748 (length 903)
/home/yuch3531/genome_analysis_project/5_genome_annotation/Prokka/E745_spades/E745_spades:tig00000001_1749 (length 542)
/home/yuch3531/genome_analysis_project/5_genome_annotation/Prokka/E745_spades/E745_spades:tig00000001_1750 (length 393)
/home/yuch3531/genome_analysis_project/5_genome_annotation/Prokka/E745_spades/E745_spades:tig00000001_1751 (length 509)
/home/yuch3531/genome_analysis_project/5_genome_annotation/Prokka/E745_spades/E745_spades:tig00000001_1752 (length 242)
/home/yuch3531/genome_analysis_project/5_genome_annotation/Prokka/E745_spades/E745_spades:tig00000001_1753 (length 426)
/home/yuch3531/genome_analysis_project/5_genome_annotation/Prokka/E745_spades/E745_spades:tig00000001_1754 (length 36)
/home/yuch3531/genome_analysis_project/5_genome_annotation/Prokka/E745_spades/E745_spades:tig00000001_1755 (length 200)
/home/yuch3531/genome_analysis_project/5_genome_annotation/Prokka/E745_spades/E745_spades:tig00000001_1756 (length 68)
/home/yuch3531/genome_analysis_project/5_genome_annotation/Prokka/E745_spades/E745_spades:tig00000001_1757 (length 235)
/home/yuch3531/genome_analysis_project/5_genome_annotation/Prokka/E745_spades/E745_spades:tig00000001_1758 (length 227)
/home/yuch3531/genome_analysis_project/5_genome_annotation/Prokka/E745_spades/E745_spades:tig00000001_1759 (length 728)
/home/yuch3531/genome_analysis_project/5_genome_annotation/Prokka/E745_spades/E745_spades:tig00000001_1760 (length 136)
/home/yuch3531/genome_analysis_project/5_genome_annotation/Prokka/E745_spades/E745_spades:tig00000001_1761 (length 118)
/home/yuch3531/genome_analysis_project/5_genome_annotation/Prokka/E745_spades/E745_spades:tig00000001_1762 (length 156)
/home/yuch3531/genome_analysis_project/5_genome_annotation/Prokka/E745_spades/E745_spades:tig00000001_1763 (length 152)
/home/yuch3531/genome_analysis_project/5_genome_annotation/Prokka/E745_spades/E745_spades:tig00000001_1764 (length 381)
/home/yuch3531/genome_analysis_project/5_genome_annotation/Prokka/E745_spades/E745_spades:tig00000001_1765 (length 305)
/home/yuch3531/genome_analysis_project/5_genome_annotation/Prokka/E745_spades/E745_spades:tig00000001_1766 (length 187)
/home/yuch3531/genome_analysis_project/5_genome_annotation/Prokka/E745_spades/E745_spades:tig00000001_1767 (length 419)
/home/yuch3531/genome_analysis_project/5_genome_annotation/Prokka/E745_spades/E745_spades:tig00000001_1768 (length 266)
/home/yuch3531/genome_analysis_project/5_genome_annotation/Prokka/E745_spades/E745_spades:tig00000001_1769 (length 293)
/home/yuch3531/genome_analysis_project/5_genome_annotation/Prokka/E745_spades/E745_spades:tig00000001_1770 (length 238)
/home/yuch3531/genome_analysis_project/5_genome_annotation/Prokka/E745_spades/E745_spades:tig00000001_1771 (length 231)
/home/yuch3531/genome_analysis_project/5_genome_annotation/Prokka/E745_spades/E745_spades:tig00000001_1772 (length 333)
/home/yuch3531/genome_analysis_project/5_genome_annotation/Prokka/E745_spades/E745_spades:tig00000001_1773 (length 453)
/home/yuch3531/genome_analysis_project/5_genome_annotation/Prokka/E745_spades/E745_spades:tig00000001_1774 (length 383)
/home/yuch3531/genome_analysis_project/5_genome_annotation/Prokka/E745_spades/E745_spades:tig00000001_1775 (length 389)
/home/yuch3531/genome_analysis_project/5_genome_annotation/Prokka/E745_spades/E745_spades:tig00000001_1776 (length 459)
/home/yuch3531/genome_analysis_project/5_genome_annotation/Prokka/E745_spades/E745_spades:tig00000001_1777 (length 50)
/home/yuch3531/genome_analysis_project/5_genome_annotation/Prokka/E745_spades/E745_spades:tig00000001_1778 (length 233)
/home/yuch3531/genome_analysis_project/5_genome_annotation/Prokka/E745_spades/E745_spades:tig00000001_1779 (length 222)
/home/yuch3531/genome_analysis_project/5_genome_annotation/Prokka/E745_spades/E745_spades:tig00000001_1780 (length 106)
/home/yuch3531/genome_analysis_project/5_genome_annotation/Prokka/E745_spades/E745_spades:tig00000001_1781 (length 460)
/home/yuch3531/genome_analysis_project/5_genome_annotation/Prokka/E745_spades/E745_spades:tig00000001_1782 (length 395)
/home/yuch3531/genome_analysis_project/5_genome_annotation/Prokka/E745_spades/E745_spades:tig00000001_1783 (length 343)
/home/yuch3531/genome_analysis_project/5_genome_annotation/Prokka/E745_spades/E745_spades:tig00000001_1784 (length 488)
/home/yuch3531/genome_analysis_project/5_genome_annotation/Prokka/E745_spades/E745_spades:tig00000001_1785 (length 301)
/home/yuch3531/genome_analysis_project/5_genome_annotation/Prokka/E745_spades/E745_spades:tig00000001_1786 (length 225)
/home/yuch3531/genome_analysis_project/5_genome_annotation/Prokka/E745_spades/E745_spades:tig00000001_1787 (length 56)
/home/yuch3531/genome_analysis_project/5_genome_annotation/Prokka/E745_spades/E745_spades:tig00000001_1788 (length 298)
/home/yuch3531/genome_analysis_project/5_genome_annotation/Prokka/E745_spades/E745_spades:tig00000001_1789 (length 456)
/home/yuch3531/genome_analysis_project/5_genome_annotation/Prokka/E745_spades/E745_spades:tig00000001_1790 (length 248)
/home/yuch3531/genome_analysis_project/5_genome_annotation/Prokka/E745_spades/E745_spades:tig00000001_1791 (length 279)
/home/yuch3531/genome_analysis_project/5_genome_annotation/Prokka/E745_spades/E745_spades:tig00000001_1792 (length 316)
/home/yuch3531/genome_analysis_project/5_genome_annotation/Prokka/E745_spades/E745_spades:tig00000001_1793 (length 250)
/home/yuch3531/genome_analysis_project/5_genome_annotation/Prokka/E745_spades/E745_spades:tig00000001_1794 (length 383)
/home/yuch3531/genome_analysis_project/5_genome_annotation/Prokka/E745_spades/E745_spades:tig00000001_1795 (length 202)
/home/yuch3531/genome_analysis_project/5_genome_annotation/Prokka/E745_spades/E745_spades:tig00000001_1796 (length 545)
/home/yuch3531/genome_analysis_project/5_genome_annotation/Prokka/E745_spades/E745_spades:tig00000001_1797 (length 370)
/home/yuch3531/genome_analysis_project/5_genome_annotation/Prokka/E745_spades/E745_spades:tig00000001_1798 (length 457)
/home/yuch3531/genome_analysis_project/5_genome_annotation/Prokka/E745_spades/E745_spades:tig00000001_1799 (length 205)
/home/yuch3531/genome_analysis_project/5_genome_annotation/Prokka/E745_spades/E745_spades:tig00000001_1800 (length 151)
/home/yuch3531/genome_analysis_project/5_genome_annotation/Prokka/E745_spades/E745_spades:tig00000001_1801 (length 500)
/home/yuch3531/genome_analysis_project/5_genome_annotation/Prokka/E745_spades/E745_spades:tig00000001_1802 (length 68)
/home/yuch3531/genome_analysis_project/5_genome_annotation/Prokka/E745_spades/E745_spades:tig00000001_1803 (length 133)
/home/yuch3531/genome_analysis_project/5_genome_annotation/Prokka/E745_spades/E745_spades:tig00000001_1804 (length 443)
/home/yuch3531/genome_analysis_project/5_genome_annotation/Prokka/E745_spades/E745_spades:tig00000001_1805 (length 208)
/home/yuch3531/genome_analysis_project/5_genome_annotation/Prokka/E745_spades/E745_spades:tig00000001_1806 (length 193)
/home/yuch3531/genome_analysis_project/5_genome_annotation/Prokka/E745_spades/E745_spades:tig00000001_1807 (length 115)
/home/yuch3531/genome_analysis_project/5_genome_annotation/Prokka/E745_spades/E745_spades:tig00000001_1808 (length 71)
/home/yuch3531/genome_analysis_project/5_genome_annotation/Prokka/E745_spades/E745_spades:tig00000001_1809 (length 112)
/home/yuch3531/genome_analysis_project/5_genome_annotation/Prokka/E745_spades/E745_spades:tig00000001_1810 (length 76)
/home/yuch3531/genome_analysis_project/5_genome_annotation/Prokka/E745_spades/E745_spades:tig00000001_1811 (length 113)
/home/yuch3531/genome_analysis_project/5_genome_annotation/Prokka/E745_spades/E745_spades:tig00000001_1812 (length 61)
/home/yuch3531/genome_analysis_project/5_genome_annotation/Prokka/E745_spades/E745_spades:tig00000001_1813 (length 64)
/home/yuch3531/genome_analysis_project/5_genome_annotation/Prokka/E745_spades/E745_spades:tig00000001_1814 (length 276)
/home/yuch3531/genome_analysis_project/5_genome_annotation/Prokka/E745_spades/E745_spades:tig00000001_1815 (length 444)
/home/yuch3531/genome_analysis_project/5_genome_annotation/Prokka/E745_spades/E745_spades:tig00000001_1816 (length 303)
/home/yuch3531/genome_analysis_project/5_genome_annotation/Prokka/E745_spades/E745_spades:tig00000001_1817 (length 284)
/home/yuch3531/genome_analysis_project/5_genome_annotation/Prokka/E745_spades/E745_spades:tig00000001_1818 (length 205)
/home/yuch3531/genome_analysis_project/5_genome_annotation/Prokka/E745_spades/E745_spades:tig00000001_1819 (length 172)
/home/yuch3531/genome_analysis_project/5_genome_annotation/Prokka/E745_spades/E745_spades:tig00000001_1820 (length 152)
/home/yuch3531/genome_analysis_project/5_genome_annotation/Prokka/E745_spades/E745_spades:tig00000001_1821 (length 1345)
/home/yuch3531/genome_analysis_project/5_genome_annotation/Prokka/E745_spades/E745_spades:tig00000001_1822 (length 258)
/home/yuch3531/genome_analysis_project/5_genome_annotation/Prokka/E745_spades/E745_spades:tig00000001_1823 (length 177)
/home/yuch3531/genome_analysis_project/5_genome_annotation/Prokka/E745_spades/E745_spades:tig00000001_1824 (length 565)
/home/yuch3531/genome_analysis_project/5_genome_annotation/Prokka/E745_spades/E745_spades:tig00000001_1825 (length 297)
/home/yuch3531/genome_analysis_project/5_genome_annotation/Prokka/E745_spades/E745_spades:tig00000001_1826 (length 224)
/home/yuch3531/genome_analysis_project/5_genome_annotation/Prokka/E745_spades/E745_spades:tig00000001_1827 (length 341)
/home/yuch3531/genome_analysis_project/5_genome_annotation/Prokka/E745_spades/E745_spades:tig00000001_1828 (length 288)
/home/yuch3531/genome_analysis_project/5_genome_annotation/Prokka/E745_spades/E745_spades:tig00000001_1829 (length 458)
/home/yuch3531/genome_analysis_project/5_genome_annotation/Prokka/E745_spades/E745_spades:tig00000001_1830 (length 398)
/home/yuch3531/genome_analysis_project/5_genome_annotation/Prokka/E745_spades/E745_spades:tig00000001_1831 (length 220)
/home/yuch3531/genome_analysis_project/5_genome_annotation/Prokka/E745_spades/E745_spades:tig00000001_1832 (length 187)
/home/yuch3531/genome_analysis_project/5_genome_annotation/Prokka/E745_spades/E745_spades:tig00000001_1833 (length 94)
/home/yuch3531/genome_analysis_project/5_genome_annotation/Prokka/E745_spades/E745_spades:tig00000001_1834 (length 230)
/home/yuch3531/genome_analysis_project/5_genome_annotation/Prokka/E745_spades/E745_spades:tig00000001_1835 (length 181)
/home/yuch3531/genome_analysis_project/5_genome_annotation/Prokka/E745_spades/E745_spades:tig00000001_1836 (length 1092)
/home/yuch3531/genome_analysis_project/5_genome_annotation/Prokka/E745_spades/E745_spades:tig00000001_1837 (length 635)
/home/yuch3531/genome_analysis_project/5_genome_annotation/Prokka/E745_spades/E745_spades:tig00000001_1838 (length 291)
/home/yuch3531/genome_analysis_project/5_genome_annotation/Prokka/E745_spades/E745_spades:tig00000001_1839 (length 324)
/home/yuch3531/genome_analysis_project/5_genome_annotation/Prokka/E745_spades/E745_spades:tig00000001_1840 (length 378)
/home/yuch3531/genome_analysis_project/5_genome_annotation/Prokka/E745_spades/E745_spades:tig00000001_1841 (length 114)
/home/yuch3531/genome_analysis_project/5_genome_annotation/Prokka/E745_spades/E745_spades:tig00000001_1842 (length 428)
/home/yuch3531/genome_analysis_project/5_genome_annotation/Prokka/E745_spades/E745_spades:tig00000001_1843 (length 199)
/home/yuch3531/genome_analysis_project/5_genome_annotation/Prokka/E745_spades/E745_spades:tig00000001_1844 (length 373)
/home/yuch3531/genome_analysis_project/5_genome_annotation/Prokka/E745_spades/E745_spades:tig00000001_1845 (length 473)
/home/yuch3531/genome_analysis_project/5_genome_annotation/Prokka/E745_spades/E745_spades:tig00000001_1846 (length 372)
/home/yuch3531/genome_analysis_project/5_genome_annotation/Prokka/E745_spades/E745_spades:tig00000001_1847 (length 430)
/home/yuch3531/genome_analysis_project/5_genome_annotation/Prokka/E745_spades/E745_spades:tig00000001_1848 (length 186)
/home/yuch3531/genome_analysis_project/5_genome_annotation/Prokka/E745_spades/E745_spades:tig00000001_1849 (length 125)
/home/yuch3531/genome_analysis_project/5_genome_annotation/Prokka/E745_spades/E745_spades:tig00000001_1850 (length 656)
/home/yuch3531/genome_analysis_project/5_genome_annotation/Prokka/E745_spades/E745_spades:tig00000001_1851 (length 315)
/home/yuch3531/genome_analysis_project/5_genome_annotation/Prokka/E745_spades/E745_spades:tig00000001_1852 (length 154)
/home/yuch3531/genome_analysis_project/5_genome_annotation/Prokka/E745_spades/E745_spades:tig00000001_1853 (length 347)
/home/yuch3531/genome_analysis_project/5_genome_annotation/Prokka/E745_spades/E745_spades:tig00000001_1854 (length 321)
/home/yuch3531/genome_analysis_project/5_genome_annotation/Prokka/E745_spades/E745_spades:tig00000001_1855 (length 281)
/home/yuch3531/genome_analysis_project/5_genome_annotation/Prokka/E745_spades/E745_spades:tig00000001_1856 (length 395)
/home/yuch3531/genome_analysis_project/5_genome_annotation/Prokka/E745_spades/E745_spades:tig00000001_1857 (length 118)
/home/yuch3531/genome_analysis_project/5_genome_annotation/Prokka/E745_spades/E745_spades:tig00000001_1858 (length 112)
/home/yuch3531/genome_analysis_project/5_genome_annotation/Prokka/E745_spades/E745_spades:tig00000001_1859 (length 347)
/home/yuch3531/genome_analysis_project/5_genome_annotation/Prokka/E745_spades/E745_spades:tig00000001_1860 (length 228)
/home/yuch3531/genome_analysis_project/5_genome_annotation/Prokka/E745_spades/E745_spades:tig00000001_1861 (length 282)
/home/yuch3531/genome_analysis_project/5_genome_annotation/Prokka/E745_spades/E745_spades:tig00000001_1862 (length 257)
/home/yuch3531/genome_analysis_project/5_genome_annotation/Prokka/E745_spades/E745_spades:tig00000001_1863 (length 428)
/home/yuch3531/genome_analysis_project/5_genome_annotation/Prokka/E745_spades/E745_spades:tig00000001_1864 (length 411)
/home/yuch3531/genome_analysis_project/5_genome_annotation/Prokka/E745_spades/E745_spades:tig00000001_1865 (length 156)
/home/yuch3531/genome_analysis_project/5_genome_annotation/Prokka/E745_spades/E745_spades:tig00000001_1866 (length 463)
/home/yuch3531/genome_analysis_project/5_genome_annotation/Prokka/E745_spades/E745_spades:tig00000001_1867 (length 380)
/home/yuch3531/genome_analysis_project/5_genome_annotation/Prokka/E745_spades/E745_spades:tig00000001_1868 (length 244)
/home/yuch3531/genome_analysis_project/5_genome_annotation/Prokka/E745_spades/E745_spades:tig00000001_1869 (length 91)
/home/yuch3531/genome_analysis_project/5_genome_annotation/Prokka/E745_spades/E745_spades:tig00000001_1870 (length 665)
/home/yuch3531/genome_analysis_project/5_genome_annotation/Prokka/E745_spades/E745_spades:tig00000001_1871 (length 111)
/home/yuch3531/genome_analysis_project/5_genome_annotation/Prokka/E745_spades/E745_spades:tig00000001_1872 (length 71)
/home/yuch3531/genome_analysis_project/5_genome_annotation/Prokka/E745_spades/E745_spades:tig00000001_1873 (length 121)
/home/yuch3531/genome_analysis_project/5_genome_annotation/Prokka/E745_spades/E745_spades:tig00000001_1874 (length 108)
/home/yuch3531/genome_analysis_project/5_genome_annotation/Prokka/E745_spades/E745_spades:tig00000001_1875 (length 241)
/home/yuch3531/genome_analysis_project/5_genome_annotation/Prokka/E745_spades/E745_spades:tig00000001_1876 (length 530)
/home/yuch3531/genome_analysis_project/5_genome_annotation/Prokka/E745_spades/E745_spades:tig00000001_1877 (length 414)
/home/yuch3531/genome_analysis_project/5_genome_annotation/Prokka/E745_spades/E745_spades:tig00000001_1878 (length 229)
/home/yuch3531/genome_analysis_project/5_genome_annotation/Prokka/E745_spades/E745_spades:tig00000001_1879 (length 810)
/home/yuch3531/genome_analysis_project/5_genome_annotation/Prokka/E745_spades/E745_spades:tig00000001_1880 (length 481)
/home/yuch3531/genome_analysis_project/5_genome_annotation/Prokka/E745_spades/E745_spades:tig00000001_1881 (length 221)
/home/yuch3531/genome_analysis_project/5_genome_annotation/Prokka/E745_spades/E745_spades:tig00000001_1882 (length 678)
/home/yuch3531/genome_analysis_project/5_genome_annotation/Prokka/E745_spades/E745_spades:tig00000001_1883 (length 212)
/home/yuch3531/genome_analysis_project/5_genome_annotation/Prokka/E745_spades/E745_spades:tig00000001_1884 (length 142)
/home/yuch3531/genome_analysis_project/5_genome_annotation/Prokka/E745_spades/E745_spades:tig00000001_1885 (length 303)
/home/yuch3531/genome_analysis_project/5_genome_annotation/Prokka/E745_spades/E745_spades:tig00000001_1886 (length 145)
/home/yuch3531/genome_analysis_project/5_genome_annotation/Prokka/E745_spades/E745_spades:tig00000001_1887 (length 294)
/home/yuch3531/genome_analysis_project/5_genome_annotation/Prokka/E745_spades/E745_spades:tig00000001_1888 (length 1055)
/home/yuch3531/genome_analysis_project/5_genome_annotation/Prokka/E745_spades/E745_spades:tig00000001_1889 (length 181)
/home/yuch3531/genome_analysis_project/5_genome_annotation/Prokka/E745_spades/E745_spades:tig00000001_1890 (length 151)
/home/yuch3531/genome_analysis_project/5_genome_annotation/Prokka/E745_spades/E745_spades:tig00000001_1891 (length 252)
/home/yuch3531/genome_analysis_project/5_genome_annotation/Prokka/E745_spades/E745_spades:tig00000001_1892 (length 246)
/home/yuch3531/genome_analysis_project/5_genome_annotation/Prokka/E745_spades/E745_spades:tig00000001_1893 (length 417)
/home/yuch3531/genome_analysis_project/5_genome_annotation/Prokka/E745_spades/E745_spades:tig00000001_1894 (length 75)
/home/yuch3531/genome_analysis_project/5_genome_annotation/Prokka/E745_spades/E745_spades:tig00000001_1895 (length 108)
/home/yuch3531/genome_analysis_project/5_genome_annotation/Prokka/E745_spades/E745_spades:tig00000001_1896 (length 237)
/home/yuch3531/genome_analysis_project/5_genome_annotation/Prokka/E745_spades/E745_spades:tig00000001_1897 (length 283)
/home/yuch3531/genome_analysis_project/5_genome_annotation/Prokka/E745_spades/E745_spades:tig00000001_1898 (length 49)
/home/yuch3531/genome_analysis_project/5_genome_annotation/Prokka/E745_spades/E745_spades:tig00000001_1899 (length 621)
/home/yuch3531/genome_analysis_project/5_genome_annotation/Prokka/E745_spades/E745_spades:tig00000001_1900 (length 456)
/home/yuch3531/genome_analysis_project/5_genome_annotation/Prokka/E745_spades/E745_spades:tig00000001_1901 (length 233)
/home/yuch3531/genome_analysis_project/5_genome_annotation/Prokka/E745_spades/E745_spades:tig00000001_1902 (length 162)
/home/yuch3531/genome_analysis_project/5_genome_annotation/Prokka/E745_spades/E745_spades:tig00000001_1903 (length 36)
/home/yuch3531/genome_analysis_project/5_genome_annotation/Prokka/E745_spades/E745_spades:tig00000001_1904 (length 191)
/home/yuch3531/genome_analysis_project/5_genome_annotation/Prokka/E745_spades/E745_spades:tig00000001_1905 (length 146)
/home/yuch3531/genome_analysis_project/5_genome_annotation/Prokka/E745_spades/E745_spades:tig00000001_1906 (length 233)
/home/yuch3531/genome_analysis_project/5_genome_annotation/Prokka/E745_spades/E745_spades:tig00000001_1907 (length 57)
/home/yuch3531/genome_analysis_project/5_genome_annotation/Prokka/E745_spades/E745_spades:tig00000001_1908 (length 141)
/home/yuch3531/genome_analysis_project/5_genome_annotation/Prokka/E745_spades/E745_spades:tig00000001_1909 (length 323)
/home/yuch3531/genome_analysis_project/5_genome_annotation/Prokka/E745_spades/E745_spades:tig00000001_1910 (length 465)
/home/yuch3531/genome_analysis_project/5_genome_annotation/Prokka/E745_spades/E745_spades:tig00000001_1911 (length 207)
/home/yuch3531/genome_analysis_project/5_genome_annotation/Prokka/E745_spades/E745_spades:tig00000001_1912 (length 697)
/home/yuch3531/genome_analysis_project/5_genome_annotation/Prokka/E745_spades/E745_spades:tig00000001_1913 (length 288)
/home/yuch3531/genome_analysis_project/5_genome_annotation/Prokka/E745_spades/E745_spades:tig00000001_1914 (length 145)
/home/yuch3531/genome_analysis_project/5_genome_annotation/Prokka/E745_spades/E745_spades:tig00000001_1915 (length 882)
/home/yuch3531/genome_analysis_project/5_genome_annotation/Prokka/E745_spades/E745_spades:tig00000001_1916 (length 223)
/home/yuch3531/genome_analysis_project/5_genome_annotation/Prokka/E745_spades/E745_spades:tig00000001_1917 (length 199)
/home/yuch3531/genome_analysis_project/5_genome_annotation/Prokka/E745_spades/E745_spades:tig00000001_1918 (length 357)
/home/yuch3531/genome_analysis_project/5_genome_annotation/Prokka/E745_spades/E745_spades:tig00000001_1919 (length 226)
/home/yuch3531/genome_analysis_project/5_genome_annotation/Prokka/E745_spades/E745_spades:tig00000001_1920 (length 279)
/home/yuch3531/genome_analysis_project/5_genome_annotation/Prokka/E745_spades/E745_spades:tig00000001_1921 (length 407)
/home/yuch3531/genome_analysis_project/5_genome_annotation/Prokka/E745_spades/E745_spades:tig00000001_1922 (length 472)
/home/yuch3531/genome_analysis_project/5_genome_annotation/Prokka/E745_spades/E745_spades:tig00000001_1923 (length 147)
/home/yuch3531/genome_analysis_project/5_genome_annotation/Prokka/E745_spades/E745_spades:tig00000001_1924 (length 446)
/home/yuch3531/genome_analysis_project/5_genome_annotation/Prokka/E745_spades/E745_spades:tig00000001_1925 (length 298)
/home/yuch3531/genome_analysis_project/5_genome_annotation/Prokka/E745_spades/E745_spades:tig00000001_1926 (length 313)
/home/yuch3531/genome_analysis_project/5_genome_annotation/Prokka/E745_spades/E745_spades:tig00000001_1927 (length 373)
/home/yuch3531/genome_analysis_project/5_genome_annotation/Prokka/E745_spades/E745_spades:tig00000001_1928 (length 500)
/home/yuch3531/genome_analysis_project/5_genome_annotation/Prokka/E745_spades/E745_spades:tig00000001_1929 (length 175)
/home/yuch3531/genome_analysis_project/5_genome_annotation/Prokka/E745_spades/E745_spades:tig00000001_1930 (length 353)
/home/yuch3531/genome_analysis_project/5_genome_annotation/Prokka/E745_spades/E745_spades:tig00000001_1931 (length 298)
/home/yuch3531/genome_analysis_project/5_genome_annotation/Prokka/E745_spades/E745_spades:tig00000001_1932 (length 660)
/home/yuch3531/genome_analysis_project/5_genome_annotation/Prokka/E745_spades/E745_spades:tig00000001_1933 (length 148)
/home/yuch3531/genome_analysis_project/5_genome_annotation/Prokka/E745_spades/E745_spades:tig00000001_1934 (length 474)
/home/yuch3531/genome_analysis_project/5_genome_annotation/Prokka/E745_spades/E745_spades:tig00000001_1935 (length 257)
/home/yuch3531/genome_analysis_project/5_genome_annotation/Prokka/E745_spades/E745_spades:tig00000001_1936 (length 301)
/home/yuch3531/genome_analysis_project/5_genome_annotation/Prokka/E745_spades/E745_spades:tig00000001_1937 (length 106)
/home/yuch3531/genome_analysis_project/5_genome_annotation/Prokka/E745_spades/E745_spades:tig00000001_1938 (length 228)
/home/yuch3531/genome_analysis_project/5_genome_annotation/Prokka/E745_spades/E745_spades:tig00000001_1939 (length 314)
/home/yuch3531/genome_analysis_project/5_genome_annotation/Prokka/E745_spades/E745_spades:tig00000001_1940 (length 214)
/home/yuch3531/genome_analysis_project/5_genome_annotation/Prokka/E745_spades/E745_spades:tig00000001_1941 (length 425)
/home/yuch3531/genome_analysis_project/5_genome_annotation/Prokka/E745_spades/E745_spades:tig00000001_1942 (length 249)
/home/yuch3531/genome_analysis_project/5_genome_annotation/Prokka/E745_spades/E745_spades:tig00000001_1943 (length 126)
/home/yuch3531/genome_analysis_project/5_genome_annotation/Prokka/E745_spades/E745_spades:tig00000001_1944 (length 169)
/home/yuch3531/genome_analysis_project/5_genome_annotation/Prokka/E745_spades/E745_spades:tig00000001_1945 (length 59)
/home/yuch3531/genome_analysis_project/5_genome_annotation/Prokka/E745_spades/E745_spades:tig00000001_1946 (length 187)
/home/yuch3531/genome_analysis_project/5_genome_annotation/Prokka/E745_spades/E745_spades:tig00000001_1947 (length 171)
/home/yuch3531/genome_analysis_project/5_genome_annotation/Prokka/E745_spades/E745_spades:tig00000001_1948 (length 289)
/home/yuch3531/genome_analysis_project/5_genome_annotation/Prokka/E745_spades/E745_spades:tig00000001_1949 (length 226)
/home/yuch3531/genome_analysis_project/5_genome_annotation/Prokka/E745_spades/E745_spades:tig00000001_1950 (length 326)
/home/yuch3531/genome_analysis_project/5_genome_annotation/Prokka/E745_spades/E745_spades:tig00000001_1951 (length 157)
/home/yuch3531/genome_analysis_project/5_genome_annotation/Prokka/E745_spades/E745_spades:tig00000001_1952 (length 174)
/home/yuch3531/genome_analysis_project/5_genome_annotation/Prokka/E745_spades/E745_spades:tig00000001_1953 (length 177)
/home/yuch3531/genome_analysis_project/5_genome_annotation/Prokka/E745_spades/E745_spades:tig00000001_1954 (length 250)
/home/yuch3531/genome_analysis_project/5_genome_annotation/Prokka/E745_spades/E745_spades:tig00000001_1955 (length 306)
/home/yuch3531/genome_analysis_project/5_genome_annotation/Prokka/E745_spades/E745_spades:tig00000001_1956 (length 311)
/home/yuch3531/genome_analysis_project/5_genome_annotation/Prokka/E745_spades/E745_spades:tig00000001_1957 (length 492)
/home/yuch3531/genome_analysis_project/5_genome_annotation/Prokka/E745_spades/E745_spades:tig00000001_1958 (length 686)
/home/yuch3531/genome_analysis_project/5_genome_annotation/Prokka/E745_spades/E745_spades:tig00000001_1959 (length 189)
/home/yuch3531/genome_analysis_project/5_genome_annotation/Prokka/E745_spades/E745_spades:tig00000001_1960 (length 268)
/home/yuch3531/genome_analysis_project/5_genome_annotation/Prokka/E745_spades/E745_spades:tig00000001_1961 (length 504)
/home/yuch3531/genome_analysis_project/5_genome_annotation/Prokka/E745_spades/E745_spades:tig00000001_1962 (length 327)
/home/yuch3531/genome_analysis_project/5_genome_annotation/Prokka/E745_spades/E745_spades:tig00000001_1963 (length 215)
/home/yuch3531/genome_analysis_project/5_genome_annotation/Prokka/E745_spades/E745_spades:tig00000001_1964 (length 210)
/home/yuch3531/genome_analysis_project/5_genome_annotation/Prokka/E745_spades/E745_spades:tig00000001_1965 (length 183)
/home/yuch3531/genome_analysis_project/5_genome_annotation/Prokka/E745_spades/E745_spades:tig00000001_1966 (length 245)
/home/yuch3531/genome_analysis_project/5_genome_annotation/Prokka/E745_spades/E745_spades:tig00000001_1967 (length 329)
/home/yuch3531/genome_analysis_project/5_genome_annotation/Prokka/E745_spades/E745_spades:tig00000001_1968 (length 180)
/home/yuch3531/genome_analysis_project/5_genome_annotation/Prokka/E745_spades/E745_spades:tig00000001_1969 (length 361)
/home/yuch3531/genome_analysis_project/5_genome_annotation/Prokka/E745_spades/E745_spades:tig00000001_1970 (length 268)
/home/yuch3531/genome_analysis_project/5_genome_annotation/Prokka/E745_spades/E745_spades:tig00000001_1971 (length 275)
/home/yuch3531/genome_analysis_project/5_genome_annotation/Prokka/E745_spades/E745_spades:tig00000001_1972 (length 357)
/home/yuch3531/genome_analysis_project/5_genome_annotation/Prokka/E745_spades/E745_spades:tig00000001_1973 (length 872)
/home/yuch3531/genome_analysis_project/5_genome_annotation/Prokka/E745_spades/E745_spades:tig00000001_1974 (length 140)
/home/yuch3531/genome_analysis_project/5_genome_annotation/Prokka/E745_spades/E745_spades:tig00000001_1975 (length 164)
/home/yuch3531/genome_analysis_project/5_genome_annotation/Prokka/E745_spades/E745_spades:tig00000001_1976 (length 269)
/home/yuch3531/genome_analysis_project/5_genome_annotation/Prokka/E745_spades/E745_spades:tig00000001_1977 (length 273)
/home/yuch3531/genome_analysis_project/5_genome_annotation/Prokka/E745_spades/E745_spades:tig00000001_1978 (length 699)
/home/yuch3531/genome_analysis_project/5_genome_annotation/Prokka/E745_spades/E745_spades:tig00000001_1979 (length 372)
/home/yuch3531/genome_analysis_project/5_genome_annotation/Prokka/E745_spades/E745_spades:tig00000001_1980 (length 292)
/home/yuch3531/genome_analysis_project/5_genome_annotation/Prokka/E745_spades/E745_spades:tig00000001_1981 (length 270)
/home/yuch3531/genome_analysis_project/5_genome_annotation/Prokka/E745_spades/E745_spades:tig00000001_1982 (length 35)
/home/yuch3531/genome_analysis_project/5_genome_annotation/Prokka/E745_spades/E745_spades:tig00000001_1983 (length 355)
/home/yuch3531/genome_analysis_project/5_genome_annotation/Prokka/E745_spades/E745_spades:tig00000001_1984 (length 67)
/home/yuch3531/genome_analysis_project/5_genome_annotation/Prokka/E745_spades/E745_spades:tig00000001_1985 (length 400)
/home/yuch3531/genome_analysis_project/5_genome_annotation/Prokka/E745_spades/E745_spades:tig00000001_1986 (length 376)
/home/yuch3531/genome_analysis_project/5_genome_annotation/Prokka/E745_spades/E745_spades:tig00000001_1987 (length 317)
/home/yuch3531/genome_analysis_project/5_genome_annotation/Prokka/E745_spades/E745_spades:tig00000001_1988 (length 130)
/home/yuch3531/genome_analysis_project/5_genome_annotation/Prokka/E745_spades/E745_spades:tig00000001_1989 (length 446)
/home/yuch3531/genome_analysis_project/5_genome_annotation/Prokka/E745_spades/E745_spades:tig00000001_1990 (length 81)
/home/yuch3531/genome_analysis_project/5_genome_annotation/Prokka/E745_spades/E745_spades:tig00000001_1991 (length 536)
/home/yuch3531/genome_analysis_project/5_genome_annotation/Prokka/E745_spades/E745_spades:tig00000001_1992 (length 289)
/home/yuch3531/genome_analysis_project/5_genome_annotation/Prokka/E745_spades/E745_spades:tig00000001_1993 (length 423)
/home/yuch3531/genome_analysis_project/5_genome_annotation/Prokka/E745_spades/E745_spades:tig00000001_1994 (length 431)
/home/yuch3531/genome_analysis_project/5_genome_annotation/Prokka/E745_spades/E745_spades:tig00000001_1995 (length 87)
/home/yuch3531/genome_analysis_project/5_genome_annotation/Prokka/E745_spades/E745_spades:tig00000001_1996 (length 149)
/home/yuch3531/genome_analysis_project/5_genome_annotation/Prokka/E745_spades/E745_spades:tig00000001_1997 (length 472)
/home/yuch3531/genome_analysis_project/5_genome_annotation/Prokka/E745_spades/E745_spades:tig00000001_1998 (length 286)
/home/yuch3531/genome_analysis_project/5_genome_annotation/Prokka/E745_spades/E745_spades:tig00000001_1999 (length 245)
/home/yuch3531/genome_analysis_project/5_genome_annotation/Prokka/E745_spades/E745_spades:tig00000001_2000 (length 121)
/home/yuch3531/genome_analysis_project/5_genome_annotation/Prokka/E745_spades/E745_spades:tig00000001_2001 (length 402)
/home/yuch3531/genome_analysis_project/5_genome_annotation/Prokka/E745_spades/E745_spades:tig00000001_2002 (length 92)
/home/yuch3531/genome_analysis_project/5_genome_annotation/Prokka/E745_spades/E745_spades:tig00000001_2003 (length 231)
/home/yuch3531/genome_analysis_project/5_genome_annotation/Prokka/E745_spades/E745_spades:tig00000001_2004 (length 265)
/home/yuch3531/genome_analysis_project/5_genome_annotation/Prokka/E745_spades/E745_spades:tig00000001_2005 (length 394)
/home/yuch3531/genome_analysis_project/5_genome_annotation/Prokka/E745_spades/E745_spades:tig00000001_2006 (length 415)
/home/yuch3531/genome_analysis_project/5_genome_annotation/Prokka/E745_spades/E745_spades:tig00000001_2007 (length 581)
/home/yuch3531/genome_analysis_project/5_genome_annotation/Prokka/E745_spades/E745_spades:tig00000001_2008 (length 104)
/home/yuch3531/genome_analysis_project/5_genome_annotation/Prokka/E745_spades/E745_spades:tig00000001_2009 (length 198)
/home/yuch3531/genome_analysis_project/5_genome_annotation/Prokka/E745_spades/E745_spades:tig00000001_2010 (length 214)
/home/yuch3531/genome_analysis_project/5_genome_annotation/Prokka/E745_spades/E745_spades:tig00000001_2011 (length 109)
/home/yuch3531/genome_analysis_project/5_genome_annotation/Prokka/E745_spades/E745_spades:tig00000001_2012 (length 312)
/home/yuch3531/genome_analysis_project/5_genome_annotation/Prokka/E745_spades/E745_spades:tig00000001_2013 (length 274)
/home/yuch3531/genome_analysis_project/5_genome_annotation/Prokka/E745_spades/E745_spades:tig00000001_2014 (length 115)
/home/yuch3531/genome_analysis_project/5_genome_annotation/Prokka/E745_spades/E745_spades:tig00000001_2015 (length 290)
/home/yuch3531/genome_analysis_project/5_genome_annotation/Prokka/E745_spades/E745_spades:tig00000001_2016 (length 373)
/home/yuch3531/genome_analysis_project/5_genome_annotation/Prokka/E745_spades/E745_spades:tig00000001_2017 (length 200)
/home/yuch3531/genome_analysis_project/5_genome_annotation/Prokka/E745_spades/E745_spades:tig00000001_2018 (length 729)
/home/yuch3531/genome_analysis_project/5_genome_annotation/Prokka/E745_spades/E745_spades:tig00000001_2019 (length 255)
/home/yuch3531/genome_analysis_project/5_genome_annotation/Prokka/E745_spades/E745_spades:tig00000001_2020 (length 680)
/home/yuch3531/genome_analysis_project/5_genome_annotation/Prokka/E745_spades/E745_spades:tig00000001_2021 (length 357)
/home/yuch3531/genome_analysis_project/5_genome_annotation/Prokka/E745_spades/E745_spades:tig00000001_2022 (length 401)
/home/yuch3531/genome_analysis_project/5_genome_annotation/Prokka/E745_spades/E745_spades:tig00000001_2023 (length 77)
/home/yuch3531/genome_analysis_project/5_genome_annotation/Prokka/E745_spades/E745_spades:tig00000001_2024 (length 306)
/home/yuch3531/genome_analysis_project/5_genome_annotation/Prokka/E745_spades/E745_spades:tig00000001_2025 (length 88)
/home/yuch3531/genome_analysis_project/5_genome_annotation/Prokka/E745_spades/E745_spades:tig00000001_2026 (length 360)
/home/yuch3531/genome_analysis_project/5_genome_annotation/Prokka/E745_spades/E745_spades:tig00000001_2027 (length 267)
/home/yuch3531/genome_analysis_project/5_genome_annotation/Prokka/E745_spades/E745_spades:tig00000001_2028 (length 246)
/home/yuch3531/genome_analysis_project/5_genome_annotation/Prokka/E745_spades/E745_spades:tig00000001_2029 (length 334)
/home/yuch3531/genome_analysis_project/5_genome_annotation/Prokka/E745_spades/E745_spades:tig00000001_2030 (length 614)
/home/yuch3531/genome_analysis_project/5_genome_annotation/Prokka/E745_spades/E745_spades:tig00000001_2031 (length 129)
/home/yuch3531/genome_analysis_project/5_genome_annotation/Prokka/E745_spades/E745_spades:tig00000001_2032 (length 227)
/home/yuch3531/genome_analysis_project/5_genome_annotation/Prokka/E745_spades/E745_spades:tig00000001_2033 (length 119)
/home/yuch3531/genome_analysis_project/5_genome_annotation/Prokka/E745_spades/E745_spades:tig00000001_2034 (length 543)
/home/yuch3531/genome_analysis_project/5_genome_annotation/Prokka/E745_spades/E745_spades:tig00000001_2035 (length 213)
/home/yuch3531/genome_analysis_project/5_genome_annotation/Prokka/E745_spades/E745_spades:tig00000001_2036 (length 102)
/home/yuch3531/genome_analysis_project/5_genome_annotation/Prokka/E745_spades/E745_spades:tig00000001_2037 (length 114)
/home/yuch3531/genome_analysis_project/5_genome_annotation/Prokka/E745_spades/E745_spades:tig00000001_2038 (length 97)
/home/yuch3531/genome_analysis_project/5_genome_annotation/Prokka/E745_spades/E745_spades:tig00000001_2039 (length 944)
/home/yuch3531/genome_analysis_project/5_genome_annotation/Prokka/E745_spades/E745_spades:tig00000001_2040 (length 163)
/home/yuch3531/genome_analysis_project/5_genome_annotation/Prokka/E745_spades/E745_spades:tig00000001_2041 (length 329)
/home/yuch3531/genome_analysis_project/5_genome_annotation/Prokka/E745_spades/E745_spades:tig00000001_2042 (length 267)
/home/yuch3531/genome_analysis_project/5_genome_annotation/Prokka/E745_spades/E745_spades:tig00000001_2043 (length 304)
/home/yuch3531/genome_analysis_project/5_genome_annotation/Prokka/E745_spades/E745_spades:tig00000001_2044 (length 124)
/home/yuch3531/genome_analysis_project/5_genome_annotation/Prokka/E745_spades/E745_spades:tig00000001_2045 (length 81)
/home/yuch3531/genome_analysis_project/5_genome_annotation/Prokka/E745_spades/E745_spades:tig00000001_2046 (length 354)
/home/yuch3531/genome_analysis_project/5_genome_annotation/Prokka/E745_spades/E745_spades:tig00000001_2047 (length 141)
/home/yuch3531/genome_analysis_project/5_genome_annotation/Prokka/E745_spades/E745_spades:tig00000001_2048 (length 149)
/home/yuch3531/genome_analysis_project/5_genome_annotation/Prokka/E745_spades/E745_spades:tig00000001_2049 (length 284)
/home/yuch3531/genome_analysis_project/5_genome_annotation/Prokka/E745_spades/E745_spades:tig00000001_2050 (length 445)
/home/yuch3531/genome_analysis_project/5_genome_annotation/Prokka/E745_spades/E745_spades:tig00000001_2051 (length 74)
/home/yuch3531/genome_analysis_project/5_genome_annotation/Prokka/E745_spades/E745_spades:tig00000001_2052 (length 296)
/home/yuch3531/genome_analysis_project/5_genome_annotation/Prokka/E745_spades/E745_spades:tig00000001_2053 (length 272)
/home/yuch3531/genome_analysis_project/5_genome_annotation/Prokka/E745_spades/E745_spades:tig00000001_2054 (length 149)
/home/yuch3531/genome_analysis_project/5_genome_annotation/Prokka/E745_spades/E745_spades:tig00000001_2055 (length 560)
/home/yuch3531/genome_analysis_project/5_genome_annotation/Prokka/E745_spades/E745_spades:tig00000001_2056 (length 38)
/home/yuch3531/genome_analysis_project/5_genome_annotation/Prokka/E745_spades/E745_spades:tig00000001_2057 (length 318)
/home/yuch3531/genome_analysis_project/5_genome_annotation/Prokka/E745_spades/E745_spades:tig00000001_2058 (length 122)
/home/yuch3531/genome_analysis_project/5_genome_annotation/Prokka/E745_spades/E745_spades:tig00000001_2059 (length 143)
/home/yuch3531/genome_analysis_project/5_genome_annotation/Prokka/E745_spades/E745_spades:tig00000001_2060 (length 319)
/home/yuch3531/genome_analysis_project/5_genome_annotation/Prokka/E745_spades/E745_spades:tig00000001_2061 (length 133)
/home/yuch3531/genome_analysis_project/5_genome_annotation/Prokka/E745_spades/E745_spades:tig00000001_2062 (length 730)
/home/yuch3531/genome_analysis_project/5_genome_annotation/Prokka/E745_spades/E745_spades:tig00000001_2063 (length 320)
/home/yuch3531/genome_analysis_project/5_genome_annotation/Prokka/E745_spades/E745_spades:tig00000001_2064 (length 453)
/home/yuch3531/genome_analysis_project/5_genome_annotation/Prokka/E745_spades/E745_spades:tig00000001_2065 (length 362)
/home/yuch3531/genome_analysis_project/5_genome_annotation/Prokka/E745_spades/E745_spades:tig00000001_2066 (length 406)
/home/yuch3531/genome_analysis_project/5_genome_annotation/Prokka/E745_spades/E745_spades:tig00000001_2067 (length 441)
/home/yuch3531/genome_analysis_project/5_genome_annotation/Prokka/E745_spades/E745_spades:tig00000001_2068 (length 413)
/home/yuch3531/genome_analysis_project/5_genome_annotation/Prokka/E745_spades/E745_spades:tig00000001_2069 (length 225)
/home/yuch3531/genome_analysis_project/5_genome_annotation/Prokka/E745_spades/E745_spades:tig00000001_2070 (length 199)
/home/yuch3531/genome_analysis_project/5_genome_annotation/Prokka/E745_spades/E745_spades:tig00000001_2071 (length 260)
/home/yuch3531/genome_analysis_project/5_genome_annotation/Prokka/E745_spades/E745_spades:tig00000001_2072 (length 235)
/home/yuch3531/genome_analysis_project/5_genome_annotation/Prokka/E745_spades/E745_spades:tig00000001_2073 (length 932)
/home/yuch3531/genome_analysis_project/5_genome_annotation/Prokka/E745_spades/E745_spades:tig00000001_2074 (length 508)
/home/yuch3531/genome_analysis_project/5_genome_annotation/Prokka/E745_spades/E745_spades:tig00000001_2075 (length 215)
/home/yuch3531/genome_analysis_project/5_genome_annotation/Prokka/E745_spades/E745_spades:tig00000001_2076 (length 113)
/home/yuch3531/genome_analysis_project/5_genome_annotation/Prokka/E745_spades/E745_spades:tig00000001_2077 (length 242)
/home/yuch3531/genome_analysis_project/5_genome_annotation/Prokka/E745_spades/E745_spades:tig00000001_2078 (length 337)
/home/yuch3531/genome_analysis_project/5_genome_annotation/Prokka/E745_spades/E745_spades:tig00000001_2079 (length 425)
/home/yuch3531/genome_analysis_project/5_genome_annotation/Prokka/E745_spades/E745_spades:tig00000001_2080 (length 900)
/home/yuch3531/genome_analysis_project/5_genome_annotation/Prokka/E745_spades/E745_spades:tig00000001_2081 (length 105)
/home/yuch3531/genome_analysis_project/5_genome_annotation/Prokka/E745_spades/E745_spades:tig00000001_2082 (length 106)
/home/yuch3531/genome_analysis_project/5_genome_annotation/Prokka/E745_spades/E745_spades:tig00000001_2083 (length 486)
/home/yuch3531/genome_analysis_project/5_genome_annotation/Prokka/E745_spades/E745_spades:tig00000001_2084 (length 73)
/home/yuch3531/genome_analysis_project/5_genome_annotation/Prokka/E745_spades/E745_spades:tig00000001_2085 (length 60)
/home/yuch3531/genome_analysis_project/5_genome_annotation/Prokka/E745_spades/E745_spades:tig00000001_2086 (length 137)
/home/yuch3531/genome_analysis_project/5_genome_annotation/Prokka/E745_spades/E745_spades:tig00000001_2087 (length 393)
/home/yuch3531/genome_analysis_project/5_genome_annotation/Prokka/E745_spades/E745_spades:tig00000001_2088 (length 54)
/home/yuch3531/genome_analysis_project/5_genome_annotation/Prokka/E745_spades/E745_spades:tig00000001_2089 (length 379)
/home/yuch3531/genome_analysis_project/5_genome_annotation/Prokka/E745_spades/E745_spades:tig00000001_2090 (length 44)
/home/yuch3531/genome_analysis_project/5_genome_annotation/Prokka/E745_spades/E745_spades:tig00000001_2091 (length 211)
/home/yuch3531/genome_analysis_project/5_genome_annotation/Prokka/E745_spades/E745_spades:tig00000001_2092 (length 211)
/home/yuch3531/genome_analysis_project/5_genome_annotation/Prokka/E745_spades/E745_spades:tig00000001_2093 (length 153)
/home/yuch3531/genome_analysis_project/5_genome_annotation/Prokka/E745_spades/E745_spades:tig00000001_2094 (length 143)
/home/yuch3531/genome_analysis_project/5_genome_annotation/Prokka/E745_spades/E745_spades:tig00000001_2095 (length 106)
/home/yuch3531/genome_analysis_project/5_genome_annotation/Prokka/E745_spades/E745_spades:tig00000001_2096 (length 258)
/home/yuch3531/genome_analysis_project/5_genome_annotation/Prokka/E745_spades/E745_spades:tig00000001_2097 (length 67)
/home/yuch3531/genome_analysis_project/5_genome_annotation/Prokka/E745_spades/E745_spades:tig00000001_2098 (length 112)
/home/yuch3531/genome_analysis_project/5_genome_annotation/Prokka/E745_spades/E745_spades:tig00000001_2099 (length 59)
/home/yuch3531/genome_analysis_project/5_genome_annotation/Prokka/E745_spades/E745_spades:tig00000001_2100 (length 167)
/home/yuch3531/genome_analysis_project/5_genome_annotation/Prokka/E745_spades/E745_spades:tig00000001_2101 (length 232)
/home/yuch3531/genome_analysis_project/5_genome_annotation/Prokka/E745_spades/E745_spades:tig00000001_2102 (length 113)
/home/yuch3531/genome_analysis_project/5_genome_annotation/Prokka/E745_spades/E745_spades:tig00000001_2103 (length 223)
/home/yuch3531/genome_analysis_project/5_genome_annotation/Prokka/E745_spades/E745_spades:tig00000001_2104 (length 228)
/home/yuch3531/genome_analysis_project/5_genome_annotation/Prokka/E745_spades/E745_spades:tig00000001_2105 (length 249)
/home/yuch3531/genome_analysis_project/5_genome_annotation/Prokka/E745_spades/E745_spades:tig00000001_2106 (length 89)
/home/yuch3531/genome_analysis_project/5_genome_annotation/Prokka/E745_spades/E745_spades:tig00000001_2107 (length 54)
/home/yuch3531/genome_analysis_project/5_genome_annotation/Prokka/E745_spades/E745_spades:tig00000001_2108 (length 100)
/home/yuch3531/genome_analysis_project/5_genome_annotation/Prokka/E745_spades/E745_spades:tig00000001_2109 (length 53)
/home/yuch3531/genome_analysis_project/5_genome_annotation/Prokka/E745_spades/E745_spades:tig00000001_2110 (length 99)
/home/yuch3531/genome_analysis_project/5_genome_annotation/Prokka/E745_spades/E745_spades:tig00000001_2111 (length 118)
/home/yuch3531/genome_analysis_project/5_genome_annotation/Prokka/E745_spades/E745_spades:tig00000001_2112 (length 81)
/home/yuch3531/genome_analysis_project/5_genome_annotation/Prokka/E745_spades/E745_spades:tig00000001_2113 (length 139)
/home/yuch3531/genome_analysis_project/5_genome_annotation/Prokka/E745_spades/E745_spades:tig00000001_2114 (length 185)
/home/yuch3531/genome_analysis_project/5_genome_annotation/Prokka/E745_spades/E745_spades:tig00000001_2115 (length 98)
/home/yuch3531/genome_analysis_project/5_genome_annotation/Prokka/E745_spades/E745_spades:tig00000001_2116 (length 137)
/home/yuch3531/genome_analysis_project/5_genome_annotation/Prokka/E745_spades/E745_spades:tig00000001_2117 (length 50)
/home/yuch3531/genome_analysis_project/5_genome_annotation/Prokka/E745_spades/E745_spades:tig00000001_2118 (length 91)
/home/yuch3531/genome_analysis_project/5_genome_annotation/Prokka/E745_spades/E745_spades:tig00000001_2119 (length 55)
/home/yuch3531/genome_analysis_project/5_genome_annotation/Prokka/E745_spades/E745_spades:tig00000001_2120 (length 114)
/home/yuch3531/genome_analysis_project/5_genome_annotation/Prokka/E745_spades/E745_spades:tig00000001_2121 (length 93)
/home/yuch3531/genome_analysis_project/5_genome_annotation/Prokka/E745_spades/E745_spades:tig00000001_2122 (length 104)
/home/yuch3531/genome_analysis_project/5_genome_annotation/Prokka/E745_spades/E745_spades:tig00000001_2123 (length 564)
/home/yuch3531/genome_analysis_project/5_genome_annotation/Prokka/E745_spades/E745_spades:tig00000001_2124 (length 392)
/home/yuch3531/genome_analysis_project/5_genome_annotation/Prokka/E745_spades/E745_spades:tig00000001_2125 (length 228)
/home/yuch3531/genome_analysis_project/5_genome_annotation/Prokka/E745_spades/E745_spades:tig00000001_2126 (length 386)
/home/yuch3531/genome_analysis_project/5_genome_annotation/Prokka/E745_spades/E745_spades:tig00000001_2127 (length 291)
/home/yuch3531/genome_analysis_project/5_genome_annotation/Prokka/E745_spades/E745_spades:tig00000001_2128 (length 103)
/home/yuch3531/genome_analysis_project/5_genome_annotation/Prokka/E745_spades/E745_spades:tig00000001_2129 (length 117)
/home/yuch3531/genome_analysis_project/5_genome_annotation/Prokka/E745_spades/E745_spades:tig00000001_2130 (length 133)
/home/yuch3531/genome_analysis_project/5_genome_annotation/Prokka/E745_spades/E745_spades:tig00000001_2131 (length 137)
/home/yuch3531/genome_analysis_project/5_genome_annotation/Prokka/E745_spades/E745_spades:tig00000001_2132 (length 202)
/home/yuch3531/genome_analysis_project/5_genome_annotation/Prokka/E745_spades/E745_spades:tig00000001_2133 (length 120)
/home/yuch3531/genome_analysis_project/5_genome_annotation/Prokka/E745_spades/E745_spades:tig00000001_2134 (length 1143)
/home/yuch3531/genome_analysis_project/5_genome_annotation/Prokka/E745_spades/E745_spades:tig00000001_2135 (length 431)
/home/yuch3531/genome_analysis_project/5_genome_annotation/Prokka/E745_spades/E745_spades:tig00000001_2136 (length 245)
/home/yuch3531/genome_analysis_project/5_genome_annotation/Prokka/E745_spades/E745_spades:tig00000001_2137 (length 763)
/home/yuch3531/genome_analysis_project/5_genome_annotation/Prokka/E745_spades/E745_spades:tig00000001_2138 (length 708)
/home/yuch3531/genome_analysis_project/5_genome_annotation/Prokka/E745_spades/E745_spades:tig00000001_2139 (length 148)
/home/yuch3531/genome_analysis_project/5_genome_annotation/Prokka/E745_spades/E745_spades:tig00000001_2140 (length 45)
/home/yuch3531/genome_analysis_project/5_genome_annotation/Prokka/E745_spades/E745_spades:tig00000001_2141 (length 97)
/home/yuch3531/genome_analysis_project/5_genome_annotation/Prokka/E745_spades/E745_spades:tig00000001_2142 (length 74)
/home/yuch3531/genome_analysis_project/5_genome_annotation/Prokka/E745_spades/E745_spades:tig00000001_2143 (length 192)
/home/yuch3531/genome_analysis_project/5_genome_annotation/Prokka/E745_spades/E745_spades:tig00000001_2144 (length 160)
/home/yuch3531/genome_analysis_project/5_genome_annotation/Prokka/E745_spades/E745_spades:tig00000001_2145 (length 96)
/home/yuch3531/genome_analysis_project/5_genome_annotation/Prokka/E745_spades/E745_spades:tig00000001_2146 (length 278)
/home/yuch3531/genome_analysis_project/5_genome_annotation/Prokka/E745_spades/E745_spades:tig00000001_2147 (length 164)
/home/yuch3531/genome_analysis_project/5_genome_annotation/Prokka/E745_spades/E745_spades:tig00000001_2148 (length 135)
/home/yuch3531/genome_analysis_project/5_genome_annotation/Prokka/E745_spades/E745_spades:tig00000001_2149 (length 133)
/home/yuch3531/genome_analysis_project/5_genome_annotation/Prokka/E745_spades/E745_spades:tig00000001_2150 (length 123)
/home/yuch3531/genome_analysis_project/5_genome_annotation/Prokka/E745_spades/E745_spades:tig00000001_2151 (length 99)
/home/yuch3531/genome_analysis_project/5_genome_annotation/Prokka/E745_spades/E745_spades:tig00000001_2152 (length 73)
/home/yuch3531/genome_analysis_project/5_genome_annotation/Prokka/E745_spades/E745_spades:tig00000001_2153 (length 395)
/home/yuch3531/genome_analysis_project/5_genome_annotation/Prokka/E745_spades/E745_spades:tig00000001_2154 (length 90)
/home/yuch3531/genome_analysis_project/5_genome_annotation/Prokka/E745_spades/E745_spades:tig00000001_2155 (length 307)
/home/yuch3531/genome_analysis_project/5_genome_annotation/Prokka/E745_spades/E745_spades:tig00000001_2156 (length 250)
/home/yuch3531/genome_analysis_project/5_genome_annotation/Prokka/E745_spades/E745_spades:tig00000001_2157 (length 120)
/home/yuch3531/genome_analysis_project/5_genome_annotation/Prokka/E745_spades/E745_spades:tig00000001_2158 (length 490)
/home/yuch3531/genome_analysis_project/5_genome_annotation/Prokka/E745_spades/E745_spades:tig00000001_2159 (length 274)
/home/yuch3531/genome_analysis_project/5_genome_annotation/Prokka/E745_spades/E745_spades:tig00000001_2160 (length 296)
/home/yuch3531/genome_analysis_project/5_genome_annotation/Prokka/E745_spades/E745_spades:tig00000001_2161 (length 505)
/home/yuch3531/genome_analysis_project/5_genome_annotation/Prokka/E745_spades/E745_spades:tig00000001_2162 (length 423)
/home/yuch3531/genome_analysis_project/5_genome_annotation/Prokka/E745_spades/E745_spades:tig00000001_2163 (length 298)
/home/yuch3531/genome_analysis_project/5_genome_annotation/Prokka/E745_spades/E745_spades:tig00000001_2164 (length 287)
/home/yuch3531/genome_analysis_project/5_genome_annotation/Prokka/E745_spades/E745_spades:tig00000001_2165 (length 187)
/home/yuch3531/genome_analysis_project/5_genome_annotation/Prokka/E745_spades/E745_spades:tig00000001_2166 (length 503)
/home/yuch3531/genome_analysis_project/5_genome_annotation/Prokka/E745_spades/E745_spades:tig00000001_2167 (length 319)
/home/yuch3531/genome_analysis_project/5_genome_annotation/Prokka/E745_spades/E745_spades:tig00000001_2168 (length 359)
/home/yuch3531/genome_analysis_project/5_genome_annotation/Prokka/E745_spades/E745_spades:tig00000001_2169 (length 466)
/home/yuch3531/genome_analysis_project/5_genome_annotation/Prokka/E745_spades/E745_spades:tig00000001_2170 (length 553)
/home/yuch3531/genome_analysis_project/5_genome_annotation/Prokka/E745_spades/E745_spades:tig00000001_2171 (length 232)
/home/yuch3531/genome_analysis_project/5_genome_annotation/Prokka/E745_spades/E745_spades:tig00000001_2172 (length 474)
/home/yuch3531/genome_analysis_project/5_genome_annotation/Prokka/E745_spades/E745_spades:tig00000001_2173 (length 386)
/home/yuch3531/genome_analysis_project/5_genome_annotation/Prokka/E745_spades/E745_spades:tig00000001_2174 (length 619)
/home/yuch3531/genome_analysis_project/5_genome_annotation/Prokka/E745_spades/E745_spades:tig00000001_2175 (length 144)
/home/yuch3531/genome_analysis_project/5_genome_annotation/Prokka/E745_spades/E745_spades:tig00000001_2176 (length 53)
/home/yuch3531/genome_analysis_project/5_genome_annotation/Prokka/E745_spades/E745_spades:tig00000001_2177 (length 340)
/home/yuch3531/genome_analysis_project/5_genome_annotation/Prokka/E745_spades/E745_spades:tig00000001_2178 (length 117)
/home/yuch3531/genome_analysis_project/5_genome_annotation/Prokka/E745_spades/E745_spades:tig00000001_2179 (length 388)
/home/yuch3531/genome_analysis_project/5_genome_annotation/Prokka/E745_spades/E745_spades:tig00000001_2180 (length 206)
/home/yuch3531/genome_analysis_project/5_genome_annotation/Prokka/E745_spades/E745_spades:tig00000001_2181 (length 98)
/home/yuch3531/genome_analysis_project/5_genome_annotation/Prokka/E745_spades/E745_spades:tig00000001_2182 (length 216)
/home/yuch3531/genome_analysis_project/5_genome_annotation/Prokka/E745_spades/E745_spades:tig00000001_2183 (length 575)
/home/yuch3531/genome_analysis_project/5_genome_annotation/Prokka/E745_spades/E745_spades:tig00000001_2184 (length 84)
/home/yuch3531/genome_analysis_project/5_genome_annotation/Prokka/E745_spades/E745_spades:tig00000001_2185 (length 545)
/home/yuch3531/genome_analysis_project/5_genome_annotation/Prokka/E745_spades/E745_spades:tig00000001_2186 (length 289)
/home/yuch3531/genome_analysis_project/5_genome_annotation/Prokka/E745_spades/E745_spades:tig00000001_2187 (length 341)
/home/yuch3531/genome_analysis_project/5_genome_annotation/Prokka/E745_spades/E745_spades:tig00000001_2188 (length 316)
/home/yuch3531/genome_analysis_project/5_genome_annotation/Prokka/E745_spades/E745_spades:tig00000001_2189 (length 130)
/home/yuch3531/genome_analysis_project/5_genome_annotation/Prokka/E745_spades/E745_spades:tig00000001_2190 (length 439)
/home/yuch3531/genome_analysis_project/5_genome_annotation/Prokka/E745_spades/E745_spades:tig00000001_2191 (length 677)
/home/yuch3531/genome_analysis_project/5_genome_annotation/Prokka/E745_spades/E745_spades:tig00000001_2192 (length 146)
/home/yuch3531/genome_analysis_project/5_genome_annotation/Prokka/E745_spades/E745_spades:tig00000001_2193 (length 375)
/home/yuch3531/genome_analysis_project/5_genome_annotation/Prokka/E745_spades/E745_spades:tig00000001_2194 (length 225)
/home/yuch3531/genome_analysis_project/5_genome_annotation/Prokka/E745_spades/E745_spades:tig00000001_2195 (length 588)
/home/yuch3531/genome_analysis_project/5_genome_annotation/Prokka/E745_spades/E745_spades:tig00000001_2196 (length 145)
/home/yuch3531/genome_analysis_project/5_genome_annotation/Prokka/E745_spades/E745_spades:tig00000001_2197 (length 383)
/home/yuch3531/genome_analysis_project/5_genome_annotation/Prokka/E745_spades/E745_spades:tig00000001_2198 (length 232)
/home/yuch3531/genome_analysis_project/5_genome_annotation/Prokka/E745_spades/E745_spades:tig00000001_2199 (length 450)
/home/yuch3531/genome_analysis_project/5_genome_annotation/Prokka/E745_spades/E745_spades:tig00000001_2200 (length 466)
/home/yuch3531/genome_analysis_project/5_genome_annotation/Prokka/E745_spades/E745_spades:tig00000001_2201 (length 245)
/home/yuch3531/genome_analysis_project/5_genome_annotation/Prokka/E745_spades/E745_spades:tig00000001_2202 (length 159)
/home/yuch3531/genome_analysis_project/5_genome_annotation/Prokka/E745_spades/E745_spades:tig00000001_2203 (length 255)
/home/yuch3531/genome_analysis_project/5_genome_annotation/Prokka/E745_spades/E745_spades:tig00000001_2204 (length 70)
/home/yuch3531/genome_analysis_project/5_genome_annotation/Prokka/E745_spades/E745_spades:tig00000001_2205 (length 119)
/home/yuch3531/genome_analysis_project/5_genome_annotation/Prokka/E745_spades/E745_spades:tig00000001_2206 (length 200)
/home/yuch3531/genome_analysis_project/5_genome_annotation/Prokka/E745_spades/E745_spades:tig00000001_2207 (length 76)
/home/yuch3531/genome_analysis_project/5_genome_annotation/Prokka/E745_spades/E745_spades:tig00000001_2208 (length 82)
/home/yuch3531/genome_analysis_project/5_genome_annotation/Prokka/E745_spades/E745_spades:tig00000001_2209 (length 198)
/home/yuch3531/genome_analysis_project/5_genome_annotation/Prokka/E745_spades/E745_spades:tig00000001_2210 (length 357)
/home/yuch3531/genome_analysis_project/5_genome_annotation/Prokka/E745_spades/E745_spades:tig00000001_2211 (length 279)
/home/yuch3531/genome_analysis_project/5_genome_annotation/Prokka/E745_spades/E745_spades:tig00000001_2212 (length 341)
/home/yuch3531/genome_analysis_project/5_genome_annotation/Prokka/E745_spades/E745_spades:tig00000001_2213 (length 53)
/home/yuch3531/genome_analysis_project/5_genome_annotation/Prokka/E745_spades/E745_spades:tig00000001_2214 (length 414)
/home/yuch3531/genome_analysis_project/5_genome_annotation/Prokka/E745_spades/E745_spades:tig00000001_2215 (length 315)
/home/yuch3531/genome_analysis_project/5_genome_annotation/Prokka/E745_spades/E745_spades:tig00000001_2216 (length 209)
/home/yuch3531/genome_analysis_project/5_genome_annotation/Prokka/E745_spades/E745_spades:tig00000001_2217 (length 80)
/home/yuch3531/genome_analysis_project/5_genome_annotation/Prokka/E745_spades/E745_spades:tig00000001_2218 (length 212)
/home/yuch3531/genome_analysis_project/5_genome_annotation/Prokka/E745_spades/E745_spades:tig00000001_2219 (length 210)
/home/yuch3531/genome_analysis_project/5_genome_annotation/Prokka/E745_spades/E745_spades:tig00000001_2220 (length 99)
/home/yuch3531/genome_analysis_project/5_genome_annotation/Prokka/E745_spades/E745_spades:tig00000001_2221 (length 721)
/home/yuch3531/genome_analysis_project/5_genome_annotation/Prokka/E745_spades/E745_spades:tig00000001_2222 (length 161)
/home/yuch3531/genome_analysis_project/5_genome_annotation/Prokka/E745_spades/E745_spades:tig00000001_2223 (length 213)
/home/yuch3531/genome_analysis_project/5_genome_annotation/Prokka/E745_spades/E745_spades:tig00000001_2224 (length 211)
/home/yuch3531/genome_analysis_project/5_genome_annotation/Prokka/E745_spades/E745_spades:tig00000001_2225 (length 271)
/home/yuch3531/genome_analysis_project/5_genome_annotation/Prokka/E745_spades/E745_spades:tig00000001_2226 (length 478)
/home/yuch3531/genome_analysis_project/5_genome_annotation/Prokka/E745_spades/E745_spades:tig00000001_2227 (length 815)
/home/yuch3531/genome_analysis_project/5_genome_annotation/Prokka/E745_spades/E745_spades:tig00000001_2228 (length 355)
/home/yuch3531/genome_analysis_project/5_genome_annotation/Prokka/E745_spades/E745_spades:tig00000001_2229 (length 367)
/home/yuch3531/genome_analysis_project/5_genome_annotation/Prokka/E745_spades/E745_spades:tig00000001_2230 (length 182)
/home/yuch3531/genome_analysis_project/5_genome_annotation/Prokka/E745_spades/E745_spades:tig00000001_2231 (length 553)
/home/yuch3531/genome_analysis_project/5_genome_annotation/Prokka/E745_spades/E745_spades:tig00000001_2232 (length 115)
/home/yuch3531/genome_analysis_project/5_genome_annotation/Prokka/E745_spades/E745_spades:tig00000001_2233 (length 313)
/home/yuch3531/genome_analysis_project/5_genome_annotation/Prokka/E745_spades/E745_spades:tig00000001_2234 (length 347)
/home/yuch3531/genome_analysis_project/5_genome_annotation/Prokka/E745_spades/E745_spades:tig00000001_2235 (length 356)
/home/yuch3531/genome_analysis_project/5_genome_annotation/Prokka/E745_spades/E745_spades:tig00000001_2236 (length 317)
/home/yuch3531/genome_analysis_project/5_genome_annotation/Prokka/E745_spades/E745_spades:tig00000001_2237 (length 336)
/home/yuch3531/genome_analysis_project/5_genome_annotation/Prokka/E745_spades/E745_spades:tig00000001_2238 (length 273)
/home/yuch3531/genome_analysis_project/5_genome_annotation/Prokka/E745_spades/E745_spades:tig00000001_2239 (length 92)
/home/yuch3531/genome_analysis_project/5_genome_annotation/Prokka/E745_spades/E745_spades:tig00000001_2240 (length 669)
/home/yuch3531/genome_analysis_project/5_genome_annotation/Prokka/E745_spades/E745_spades:tig00000001_2241 (length 195)
/home/yuch3531/genome_analysis_project/5_genome_annotation/Prokka/E745_spades/E745_spades:tig00000001_2242 (length 440)
/home/yuch3531/genome_analysis_project/5_genome_annotation/Prokka/E745_spades/E745_spades:tig00000001_2243 (length 258)
/home/yuch3531/genome_analysis_project/5_genome_annotation/Prokka/E745_spades/E745_spades:tig00000001_2244 (length 186)
/home/yuch3531/genome_analysis_project/5_genome_annotation/Prokka/E745_spades/E745_spades:tig00000001_2245 (length 294)
/home/yuch3531/genome_analysis_project/5_genome_annotation/Prokka/E745_spades/E745_spades:tig00000001_2246 (length 209)
/home/yuch3531/genome_analysis_project/5_genome_annotation/Prokka/E745_spades/E745_spades:tig00000001_2247 (length 369)
/home/yuch3531/genome_analysis_project/5_genome_annotation/Prokka/E745_spades/E745_spades:tig00000001_2248 (length 140)
/home/yuch3531/genome_analysis_project/5_genome_annotation/Prokka/E745_spades/E745_spades:tig00000001_2249 (length 178)
/home/yuch3531/genome_analysis_project/5_genome_annotation/Prokka/E745_spades/E745_spades:tig00000001_2250 (length 587)
/home/yuch3531/genome_analysis_project/5_genome_annotation/Prokka/E745_spades/E745_spades:tig00000001_2251 (length 571)
/home/yuch3531/genome_analysis_project/5_genome_annotation/Prokka/E745_spades/E745_spades:tig00000001_2252 (length 74)
/home/yuch3531/genome_analysis_project/5_genome_annotation/Prokka/E745_spades/E745_spades:tig00000001_2253 (length 922)
/home/yuch3531/genome_analysis_project/5_genome_annotation/Prokka/E745_spades/E745_spades:tig00000001_2254 (length 139)
/home/yuch3531/genome_analysis_project/5_genome_annotation/Prokka/E745_spades/E745_spades:tig00000001_2255 (length 156)
/home/yuch3531/genome_analysis_project/5_genome_annotation/Prokka/E745_spades/E745_spades:tig00000001_2256 (length 259)
/home/yuch3531/genome_analysis_project/5_genome_annotation/Prokka/E745_spades/E745_spades:tig00000001_2257 (length 273)
/home/yuch3531/genome_analysis_project/5_genome_annotation/Prokka/E745_spades/E745_spades:tig00000001_2258 (length 349)
/home/yuch3531/genome_analysis_project/5_genome_annotation/Prokka/E745_spades/E745_spades:tig00000001_2259 (length 334)
/home/yuch3531/genome_analysis_project/5_genome_annotation/Prokka/E745_spades/E745_spades:tig00000001_2260 (length 339)
/home/yuch3531/genome_analysis_project/5_genome_annotation/Prokka/E745_spades/E745_spades:tig00000001_2261 (length 416)
/home/yuch3531/genome_analysis_project/5_genome_annotation/Prokka/E745_spades/E745_spades:tig00000001_2262 (length 293)
/home/yuch3531/genome_analysis_project/5_genome_annotation/Prokka/E745_spades/E745_spades:tig00000001_2263 (length 125)
/home/yuch3531/genome_analysis_project/5_genome_annotation/Prokka/E745_spades/E745_spades:tig00000001_2264 (length 204)
/home/yuch3531/genome_analysis_project/5_genome_annotation/Prokka/E745_spades/E745_spades:tig00000001_2265 (length 579)
/home/yuch3531/genome_analysis_project/5_genome_annotation/Prokka/E745_spades/E745_spades:tig00000001_2266 (length 394)
/home/yuch3531/genome_analysis_project/5_genome_annotation/Prokka/E745_spades/E745_spades:tig00000001_2267 (length 67)
/home/yuch3531/genome_analysis_project/5_genome_annotation/Prokka/E745_spades/E745_spades:tig00000001_2268 (length 220)
/home/yuch3531/genome_analysis_project/5_genome_annotation/Prokka/E745_spades/E745_spades:tig00000001_2269 (length 500)
/home/yuch3531/genome_analysis_project/5_genome_annotation/Prokka/E745_spades/E745_spades:tig00000001_2270 (length 559)
/home/yuch3531/genome_analysis_project/5_genome_annotation/Prokka/E745_spades/E745_spades:tig00000001_2271 (length 158)
/home/yuch3531/genome_analysis_project/5_genome_annotation/Prokka/E745_spades/E745_spades:tig00000001_2272 (length 226)
/home/yuch3531/genome_analysis_project/5_genome_annotation/Prokka/E745_spades/E745_spades:tig00000001_2273 (length 443)
/home/yuch3531/genome_analysis_project/5_genome_annotation/Prokka/E745_spades/E745_spades:tig00000001_2274 (length 320)
/home/yuch3531/genome_analysis_project/5_genome_annotation/Prokka/E745_spades/E745_spades:tig00000001_2275 (length 112)
/home/yuch3531/genome_analysis_project/5_genome_annotation/Prokka/E745_spades/E745_spades:tig00000001_2276 (length 235)
/home/yuch3531/genome_analysis_project/5_genome_annotation/Prokka/E745_spades/E745_spades:tig00000001_2277 (length 493)
/home/yuch3531/genome_analysis_project/5_genome_annotation/Prokka/E745_spades/E745_spades:tig00000001_2278 (length 177)
/home/yuch3531/genome_analysis_project/5_genome_annotation/Prokka/E745_spades/E745_spades:tig00000001_2279 (length 456)
/home/yuch3531/genome_analysis_project/5_genome_annotation/Prokka/E745_spades/E745_spades:tig00000001_2280 (length 111)
/home/yuch3531/genome_analysis_project/5_genome_annotation/Prokka/E745_spades/E745_spades:tig00000001_2281 (length 285)
/home/yuch3531/genome_analysis_project/5_genome_annotation/Prokka/E745_spades/E745_spades:tig00000001_2282 (length 171)
/home/yuch3531/genome_analysis_project/5_genome_annotation/Prokka/E745_spades/E745_spades:tig00000001_2283 (length 84)
/home/yuch3531/genome_analysis_project/5_genome_annotation/Prokka/E745_spades/E745_spades:tig00000001_2284 (length 461)
/home/yuch3531/genome_analysis_project/5_genome_annotation/Prokka/E745_spades/E745_spades:tig00000001_2285 (length 225)
/home/yuch3531/genome_analysis_project/5_genome_annotation/Prokka/E745_spades/E745_spades:tig00000001_2286 (length 254)
/home/yuch3531/genome_analysis_project/5_genome_annotation/Prokka/E745_spades/E745_spades:tig00000001_2287 (length 219)
/home/yuch3531/genome_analysis_project/5_genome_annotation/Prokka/E745_spades/E745_spades:tig00000001_2288 (length 169)
/home/yuch3531/genome_analysis_project/5_genome_annotation/Prokka/E745_spades/E745_spades:tig00000001_2289 (length 332)
/home/yuch3531/genome_analysis_project/5_genome_annotation/Prokka/E745_spades/E745_spades:tig00000001_2290 (length 194)
/home/yuch3531/genome_analysis_project/5_genome_annotation/Prokka/E745_spades/E745_spades:tig00000001_2291 (length 391)
/home/yuch3531/genome_analysis_project/5_genome_annotation/Prokka/E745_spades/E745_spades:tig00000001_2292 (length 126)
/home/yuch3531/genome_analysis_project/5_genome_annotation/Prokka/E745_spades/E745_spades:tig00000001_2293 (length 120)
/home/yuch3531/genome_analysis_project/5_genome_annotation/Prokka/E745_spades/E745_spades:tig00000001_2294 (length 278)
/home/yuch3531/genome_analysis_project/5_genome_annotation/Prokka/E745_spades/E745_spades:tig00000001_2295 (length 96)
/home/yuch3531/genome_analysis_project/5_genome_annotation/Prokka/E745_spades/E745_spades:tig00000001_2296 (length 124)
/home/yuch3531/genome_analysis_project/5_genome_annotation/Prokka/E745_spades/E745_spades:tig00000001_2297 (length 209)
/home/yuch3531/genome_analysis_project/5_genome_annotation/Prokka/E745_spades/E745_spades:tig00000001_2298 (length 54)
/home/yuch3531/genome_analysis_project/5_genome_annotation/Prokka/E745_spades/E745_spades:tig00000001_2299 (length 442)
/home/yuch3531/genome_analysis_project/5_genome_annotation/Prokka/E745_spades/E745_spades:tig00000001_2300 (length 277)
/home/yuch3531/genome_analysis_project/5_genome_annotation/Prokka/E745_spades/E745_spades:tig00000001_2301 (length 245)
/home/yuch3531/genome_analysis_project/5_genome_annotation/Prokka/E745_spades/E745_spades:tig00000001_2302 (length 322)
/home/yuch3531/genome_analysis_project/5_genome_annotation/Prokka/E745_spades/E745_spades:tig00000001_2303 (length 277)
/home/yuch3531/genome_analysis_project/5_genome_annotation/Prokka/E745_spades/E745_spades:tig00000001_2304 (length 279)
/home/yuch3531/genome_analysis_project/5_genome_annotation/Prokka/E745_spades/E745_spades:tig00000001_2305 (length 186)
/home/yuch3531/genome_analysis_project/5_genome_annotation/Prokka/E745_spades/E745_spades:tig00000001_2306 (length 573)
/home/yuch3531/genome_analysis_project/5_genome_annotation/Prokka/E745_spades/E745_spades:tig00000001_2307 (length 380)
/home/yuch3531/genome_analysis_project/5_genome_annotation/Prokka/E745_spades/E745_spades:tig00000001_2308 (length 191)
/home/yuch3531/genome_analysis_project/5_genome_annotation/Prokka/E745_spades/E745_spades:tig00000001_2309 (length 206)
/home/yuch3531/genome_analysis_project/5_genome_annotation/Prokka/E745_spades/E745_spades:tig00000001_2310 (length 215)
/home/yuch3531/genome_analysis_project/5_genome_annotation/Prokka/E745_spades/E745_spades:tig00000001_2311 (length 881)
/home/yuch3531/genome_analysis_project/5_genome_annotation/Prokka/E745_spades/E745_spades:tig00000001_2312 (length 437)
/home/yuch3531/genome_analysis_project/5_genome_annotation/Prokka/E745_spades/E745_spades:tig00000001_2313 (length 217)
/home/yuch3531/genome_analysis_project/5_genome_annotation/Prokka/E745_spades/E745_spades:tig00000001_2314 (length 230)
/home/yuch3531/genome_analysis_project/5_genome_annotation/Prokka/E745_spades/E745_spades:tig00000001_2315 (length 66)
/home/yuch3531/genome_analysis_project/5_genome_annotation/Prokka/E745_spades/E745_spades:tig00000001_2316 (length 559)
/home/yuch3531/genome_analysis_project/5_genome_annotation/Prokka/E745_spades/E745_spades:tig00000001_2317 (length 70)
/home/yuch3531/genome_analysis_project/5_genome_annotation/Prokka/E745_spades/E745_spades:tig00000001_2318 (length 576)
/home/yuch3531/genome_analysis_project/5_genome_annotation/Prokka/E745_spades/E745_spades:tig00000001_2319 (length 586)
/home/yuch3531/genome_analysis_project/5_genome_annotation/Prokka/E745_spades/E745_spades:tig00000001_2320 (length 65)
/home/yuch3531/genome_analysis_project/5_genome_annotation/Prokka/E745_spades/E745_spades:tig00000001_2321 (length 161)
/home/yuch3531/genome_analysis_project/5_genome_annotation/Prokka/E745_spades/E745_spades:tig00000001_2322 (length 197)
/home/yuch3531/genome_analysis_project/5_genome_annotation/Prokka/E745_spades/E745_spades:tig00000001_2323 (length 175)
/home/yuch3531/genome_analysis_project/5_genome_annotation/Prokka/E745_spades/E745_spades:tig00000001_2324 (length 245)
/home/yuch3531/genome_analysis_project/5_genome_annotation/Prokka/E745_spades/E745_spades:tig00000001_2325 (length 305)
/home/yuch3531/genome_analysis_project/5_genome_annotation/Prokka/E745_spades/E745_spades:tig00000001_2326 (length 409)
/home/yuch3531/genome_analysis_project/5_genome_annotation/Prokka/E745_spades/E745_spades:tig00000001_2327 (length 317)
/home/yuch3531/genome_analysis_project/5_genome_annotation/Prokka/E745_spades/E745_spades:tig00000001_2328 (length 135)
/home/yuch3531/genome_analysis_project/5_genome_annotation/Prokka/E745_spades/E745_spades:tig00000001_2329 (length 407)
/home/yuch3531/genome_analysis_project/5_genome_annotation/Prokka/E745_spades/E745_spades:tig00000001_2330 (length 299)
/home/yuch3531/genome_analysis_project/5_genome_annotation/Prokka/E745_spades/E745_spades:tig00000001_2331 (length 374)
/home/yuch3531/genome_analysis_project/5_genome_annotation/Prokka/E745_spades/E745_spades:tig00000001_2332 (length 305)
/home/yuch3531/genome_analysis_project/5_genome_annotation/Prokka/E745_spades/E745_spades:tig00000001_2333 (length 277)
/home/yuch3531/genome_analysis_project/5_genome_annotation/Prokka/E745_spades/E745_spades:tig00000001_2334 (length 372)
/home/yuch3531/genome_analysis_project/5_genome_annotation/Prokka/E745_spades/E745_spades:tig00000001_2335 (length 623)
/home/yuch3531/genome_analysis_project/5_genome_annotation/Prokka/E745_spades/E745_spades:tig00000001_2336 (length 407)
/home/yuch3531/genome_analysis_project/5_genome_annotation/Prokka/E745_spades/E745_spades:tig00000001_2337 (length 644)
/home/yuch3531/genome_analysis_project/5_genome_annotation/Prokka/E745_spades/E745_spades:tig00000001_2338 (length 218)
/home/yuch3531/genome_analysis_project/5_genome_annotation/Prokka/E745_spades/E745_spades:tig00000001_2339 (length 117)
/home/yuch3531/genome_analysis_project/5_genome_annotation/Prokka/E745_spades/E745_spades:tig00000001_2340 (length 309)
/home/yuch3531/genome_analysis_project/5_genome_annotation/Prokka/E745_spades/E745_spades:tig00000001_2341 (length 278)
/home/yuch3531/genome_analysis_project/5_genome_annotation/Prokka/E745_spades/E745_spades:tig00000001_2342 (length 258)
/home/yuch3531/genome_analysis_project/5_genome_annotation/Prokka/E745_spades/E745_spades:tig00000001_2343 (length 247)
/home/yuch3531/genome_analysis_project/5_genome_annotation/Prokka/E745_spades/E745_spades:tig00000001_2344 (length 526)
/home/yuch3531/genome_analysis_project/5_genome_annotation/Prokka/E745_spades/E745_spades:tig00000001_2345 (length 159)
/home/yuch3531/genome_analysis_project/5_genome_annotation/Prokka/E745_spades/E745_spades:tig00000001_2346 (length 250)
/home/yuch3531/genome_analysis_project/5_genome_annotation/Prokka/E745_spades/E745_spades:tig00000001_2347 (length 241)
/home/yuch3531/genome_analysis_project/5_genome_annotation/Prokka/E745_spades/E745_spades:tig00000001_2348 (length 88)
/home/yuch3531/genome_analysis_project/5_genome_annotation/Prokka/E745_spades/E745_spades:tig00000001_2349 (length 143)
/home/yuch3531/genome_analysis_project/5_genome_annotation/Prokka/E745_spades/E745_spades:tig00000001_2350 (length 101)
/home/yuch3531/genome_analysis_project/5_genome_annotation/Prokka/E745_spades/E745_spades:tig00000001_2351 (length 381)
/home/yuch3531/genome_analysis_project/5_genome_annotation/Prokka/E745_spades/E745_spades:tig00000001_2352 (length 215)
/home/yuch3531/genome_analysis_project/5_genome_annotation/Prokka/E745_spades/E745_spades:tig00000001_2353 (length 97)
/home/yuch3531/genome_analysis_project/5_genome_annotation/Prokka/E745_spades/E745_spades:tig00000001_2354 (length 103)
/home/yuch3531/genome_analysis_project/5_genome_annotation/Prokka/E745_spades/E745_spades:tig00000001_2355 (length 79)
/home/yuch3531/genome_analysis_project/5_genome_annotation/Prokka/E745_spades/E745_spades:tig00000001_2356 (length 134)
/home/yuch3531/genome_analysis_project/5_genome_annotation/Prokka/E745_spades/E745_spades:tig00000001_2357 (length 52)
/home/yuch3531/genome_analysis_project/5_genome_annotation/Prokka/E745_spades/E745_spades:tig00000001_2358 (length 120)
/home/yuch3531/genome_analysis_project/5_genome_annotation/Prokka/E745_spades/E745_spades:tig00000001_2359 (length 282)
/home/yuch3531/genome_analysis_project/5_genome_annotation/Prokka/E745_spades/E745_spades:tig00000001_2360 (length 491)
/home/yuch3531/genome_analysis_project/5_genome_annotation/Prokka/E745_spades/E745_spades:tig00000001_2361 (length 135)
/home/yuch3531/genome_analysis_project/5_genome_annotation/Prokka/E745_spades/E745_spades:tig00000001_2362 (length 71)
/home/yuch3531/genome_analysis_project/5_genome_annotation/Prokka/E745_spades/E745_spades:tig00000001_2363 (length 157)
/home/yuch3531/genome_analysis_project/5_genome_annotation/Prokka/E745_spades/E745_spades:tig00000001_2364 (length 564)
/home/yuch3531/genome_analysis_project/5_genome_annotation/Prokka/E745_spades/E745_spades:tig00000001_2365 (length 61)
/home/yuch3531/genome_analysis_project/5_genome_annotation/Prokka/E745_spades/E745_spades:tig00000001_2366 (length 391)
/home/yuch3531/genome_analysis_project/5_genome_annotation/Prokka/E745_spades/E745_spades:tig00000001_2367 (length 463)
/home/yuch3531/genome_analysis_project/5_genome_annotation/Prokka/E745_spades/E745_spades:tig00000001_2368 (length 94)
/home/yuch3531/genome_analysis_project/5_genome_annotation/Prokka/E745_spades/E745_spades:tig00000001_2369 (length 111)
/home/yuch3531/genome_analysis_project/5_genome_annotation/Prokka/E745_spades/E745_spades:tig00000001_2370 (length 208)
/home/yuch3531/genome_analysis_project/5_genome_annotation/Prokka/E745_spades/E745_spades:tig00000001_2371 (length 278)
/home/yuch3531/genome_analysis_project/5_genome_annotation/Prokka/E745_spades/E745_spades:tig00000001_2372 (length 140)
/home/yuch3531/genome_analysis_project/5_genome_annotation/Prokka/E745_spades/E745_spades:tig00000001_2373 (length 440)
/home/yuch3531/genome_analysis_project/5_genome_annotation/Prokka/E745_spades/E745_spades:tig00000001_2374 (length 546)
/home/yuch3531/genome_analysis_project/5_genome_annotation/Prokka/E745_spades/E745_spades:tig00000001_2375 (length 156)
/home/yuch3531/genome_analysis_project/5_genome_annotation/Prokka/E745_spades/E745_spades:tig00000001_2376 (length 367)
/home/yuch3531/genome_analysis_project/5_genome_annotation/Prokka/E745_spades/E745_spades:tig00000001_2377 (length 226)
/home/yuch3531/genome_analysis_project/5_genome_annotation/Prokka/E745_spades/E745_spades:tig00000001_2378 (length 344)
/home/yuch3531/genome_analysis_project/5_genome_annotation/Prokka/E745_spades/E745_spades:tig00000001_2379 (length 111)
/home/yuch3531/genome_analysis_project/5_genome_annotation/Prokka/E745_spades/E745_spades:tig00000001_2380 (length 826)
/home/yuch3531/genome_analysis_project/5_genome_annotation/Prokka/E745_spades/E745_spades:tig00000001_2381 (length 502)
/home/yuch3531/genome_analysis_project/5_genome_annotation/Prokka/E745_spades/E745_spades:tig00000001_2382 (length 454)
/home/yuch3531/genome_analysis_project/5_genome_annotation/Prokka/E745_spades/E745_spades:tig00000001_2383 (length 356)
/home/yuch3531/genome_analysis_project/5_genome_annotation/Prokka/E745_spades/E745_spades:tig00000001_2384 (length 222)
/home/yuch3531/genome_analysis_project/5_genome_annotation/Prokka/E745_spades/E745_spades:tig00000001_2385 (length 192)
/home/yuch3531/genome_analysis_project/5_genome_annotation/Prokka/E745_spades/E745_spades:tig00000001_2386 (length 303)
/home/yuch3531/genome_analysis_project/5_genome_annotation/Prokka/E745_spades/E745_spades:tig00000001_2387 (length 305)
/home/yuch3531/genome_analysis_project/5_genome_annotation/Prokka/E745_spades/E745_spades:tig00000001_2388 (length 145)
/home/yuch3531/genome_analysis_project/5_genome_annotation/Prokka/E745_spades/E745_spades:tig00000001_2389 (length 182)
/home/yuch3531/genome_analysis_project/5_genome_annotation/Prokka/E745_spades/E745_spades:tig00000001_2390 (length 786)
/home/yuch3531/genome_analysis_project/5_genome_annotation/Prokka/E745_spades/E745_spades:tig00000001_2391 (length 104)
/home/yuch3531/genome_analysis_project/5_genome_annotation/Prokka/E745_spades/E745_spades:tig00000001_2392 (length 592)
/home/yuch3531/genome_analysis_project/5_genome_annotation/Prokka/E745_spades/E745_spades:tig00000001_2393 (length 299)
/home/yuch3531/genome_analysis_project/5_genome_annotation/Prokka/E745_spades/E745_spades:tig00000001_2394 (length 420)
/home/yuch3531/genome_analysis_project/5_genome_annotation/Prokka/E745_spades/E745_spades:tig00000001_2395 (length 632)
/home/yuch3531/genome_analysis_project/5_genome_annotation/Prokka/E745_spades/E745_spades:tig00000001_2396 (length 239)
/home/yuch3531/genome_analysis_project/5_genome_annotation/Prokka/E745_spades/E745_spades:tig00000001_2397 (length 107)
/home/yuch3531/genome_analysis_project/5_genome_annotation/Prokka/E745_spades/E745_spades:tig00000001_2398 (length 667)
/home/yuch3531/genome_analysis_project/5_genome_annotation/Prokka/E745_spades/E745_spades:tig00000001_2399 (length 156)
/home/yuch3531/genome_analysis_project/5_genome_annotation/Prokka/E745_spades/E745_spades:tig00000001_2400 (length 194)
/home/yuch3531/genome_analysis_project/5_genome_annotation/Prokka/E745_spades/E745_spades:tig00000001_2401 (length 328)
/home/yuch3531/genome_analysis_project/5_genome_annotation/Prokka/E745_spades/E745_spades:tig00000001_2402 (length 103)
/home/yuch3531/genome_analysis_project/5_genome_annotation/Prokka/E745_spades/E745_spades:tig00000001_2403 (length 593)
/home/yuch3531/genome_analysis_project/5_genome_annotation/Prokka/E745_spades/E745_spades:tig00000001_2404 (length 458)
/home/yuch3531/genome_analysis_project/5_genome_annotation/Prokka/E745_spades/E745_spades:tig00000001_2405 (length 211)
/home/yuch3531/genome_analysis_project/5_genome_annotation/Prokka/E745_spades/E745_spades:tig00000001_2406 (length 451)
/home/yuch3531/genome_analysis_project/5_genome_annotation/Prokka/E745_spades/E745_spades:tig00000001_2407 (length 464)
/home/yuch3531/genome_analysis_project/5_genome_annotation/Prokka/E745_spades/E745_spades:tig00000001_2408 (length 323)
/home/yuch3531/genome_analysis_project/5_genome_annotation/Prokka/E745_spades/E745_spades:tig00000001_2409 (length 260)
/home/yuch3531/genome_analysis_project/5_genome_annotation/Prokka/E745_spades/E745_spades:tig00000001_2410 (length 123)
/home/yuch3531/genome_analysis_project/5_genome_annotation/Prokka/E745_spades/E745_spades:tig00000001_2411 (length 147)
/home/yuch3531/genome_analysis_project/5_genome_annotation/Prokka/E745_spades/E745_spades:tig00000001_2412 (length 269)
/home/yuch3531/genome_analysis_project/5_genome_annotation/Prokka/E745_spades/E745_spades:tig00000001_2413 (length 455)
/home/yuch3531/genome_analysis_project/5_genome_annotation/Prokka/E745_spades/E745_spades:tig00000001_2414 (length 276)
/home/yuch3531/genome_analysis_project/5_genome_annotation/Prokka/E745_spades/E745_spades:tig00000001_2415 (length 145)
/home/yuch3531/genome_analysis_project/5_genome_annotation/Prokka/E745_spades/E745_spades:tig00000001_2416 (length 206)
/home/yuch3531/genome_analysis_project/5_genome_annotation/Prokka/E745_spades/E745_spades:tig00000001_2417 (length 168)
/home/yuch3531/genome_analysis_project/5_genome_annotation/Prokka/E745_spades/E745_spades:tig00000001_2418 (length 299)
/home/yuch3531/genome_analysis_project/5_genome_annotation/Prokka/E745_spades/E745_spades:tig00000001_2419 (length 294)
/home/yuch3531/genome_analysis_project/5_genome_annotation/Prokka/E745_spades/E745_spades:tig00000001_2420 (length 444)
/home/yuch3531/genome_analysis_project/5_genome_annotation/Prokka/E745_spades/E745_spades:tig00000001_2421 (length 345)
/home/yuch3531/genome_analysis_project/5_genome_annotation/Prokka/E745_spades/E745_spades:tig00000001_2422 (length 333)
/home/yuch3531/genome_analysis_project/5_genome_annotation/Prokka/E745_spades/E745_spades:tig00000001_2423 (length 396)
/home/yuch3531/genome_analysis_project/5_genome_annotation/Prokka/E745_spades/E745_spades:tig00000001_2424 (length 251)
/home/yuch3531/genome_analysis_project/5_genome_annotation/Prokka/E745_spades/E745_spades:tig00000001_2425 (length 432)
/home/yuch3531/genome_analysis_project/5_genome_annotation/Prokka/E745_spades/E745_spades:tig00000001_2426 (length 178)
/home/yuch3531/genome_analysis_project/5_genome_annotation/Prokka/E745_spades/E745_spades:tig00000001_2427 (length 268)
/home/yuch3531/genome_analysis_project/5_genome_annotation/Prokka/E745_spades/E745_spades:tig00000001_2428 (length 337)
/home/yuch3531/genome_analysis_project/5_genome_annotation/Prokka/E745_spades/E745_spades:tig00000001_2429 (length 379)
/home/yuch3531/genome_analysis_project/5_genome_annotation/Prokka/E745_spades/E745_spades:tig00000001_2430 (length 191)
/home/yuch3531/genome_analysis_project/5_genome_annotation/Prokka/E745_spades/E745_spades:tig00000001_2431 (length 324)
/home/yuch3531/genome_analysis_project/5_genome_annotation/Prokka/E745_spades/E745_spades:tig00000001_2432 (length 322)
/home/yuch3531/genome_analysis_project/5_genome_annotation/Prokka/E745_spades/E745_spades:tig00000001_2433 (length 92)
/home/yuch3531/genome_analysis_project/5_genome_annotation/Prokka/E745_spades/E745_spades:tig00000001_2434 (length 78)
/home/yuch3531/genome_analysis_project/5_genome_annotation/Prokka/E745_spades/E745_spades:tig00000001_2435 (length 251)
/home/yuch3531/genome_analysis_project/5_genome_annotation/Prokka/E745_spades/E745_spades:tig00000001_2436 (length 785)
/home/yuch3531/genome_analysis_project/5_genome_annotation/Prokka/E745_spades/E745_spades:tig00000001_2437 (length 154)
/home/yuch3531/genome_analysis_project/5_genome_annotation/Prokka/E745_spades/E745_spades:tig00000001_2438 (length 239)
/home/yuch3531/genome_analysis_project/5_genome_annotation/Prokka/E745_spades/E745_spades:tig00000001_2439 (length 71)
/home/yuch3531/genome_analysis_project/5_genome_annotation/Prokka/E745_spades/E745_spades:tig00000001_2440 (length 174)
/home/yuch3531/genome_analysis_project/5_genome_annotation/Prokka/E745_spades/E745_spades:tig00000001_2441 (length 180)
/home/yuch3531/genome_analysis_project/5_genome_annotation/Prokka/E745_spades/E745_spades:tig00000001_2442 (length 518)
/home/yuch3531/genome_analysis_project/5_genome_annotation/Prokka/E745_spades/E745_spades:tig00000001_2443 (length 300)
/home/yuch3531/genome_analysis_project/5_genome_annotation/Prokka/E745_spades/E745_spades:tig00000001_2444 (length 468)
/home/yuch3531/genome_analysis_project/5_genome_annotation/Prokka/E745_spades/E745_spades:tig00000001_2445 (length 140)
/home/yuch3531/genome_analysis_project/5_genome_annotation/Prokka/E745_spades/E745_spades:tig00000001_2446 (length 76)
/home/yuch3531/genome_analysis_project/5_genome_annotation/Prokka/E745_spades/E745_spades:tig00000001_2447 (length 433)
/home/yuch3531/genome_analysis_project/5_genome_annotation/Prokka/E745_spades/E745_spades:tig00000001_2448 (length 58)
/home/yuch3531/genome_analysis_project/5_genome_annotation/Prokka/E745_spades/E745_spades:tig00000001_2449 (length 98)
/home/yuch3531/genome_analysis_project/5_genome_annotation/Prokka/E745_spades/E745_spades:tig00000001_2450 (length 155)
/home/yuch3531/genome_analysis_project/5_genome_annotation/Prokka/E745_spades/E745_spades:tig00000001_2451 (length 294)
/home/yuch3531/genome_analysis_project/5_genome_annotation/Prokka/E745_spades/E745_spades:tig00000001_2452 (length 78)
/home/yuch3531/genome_analysis_project/5_genome_annotation/Prokka/E745_spades/E745_spades:tig00000001_2453 (length 56)
/home/yuch3531/genome_analysis_project/5_genome_annotation/Prokka/E745_spades/E745_spades:tig00000001_2454 (length 235)
/home/yuch3531/genome_analysis_project/5_genome_annotation/Prokka/E745_spades/E745_spades:tig00000001_2455 (length 214)
/home/yuch3531/genome_analysis_project/5_genome_annotation/Prokka/E745_spades/E745_spades:tig00000001_2456 (length 95)
/home/yuch3531/genome_analysis_project/5_genome_annotation/Prokka/E745_spades/E745_spades:tig00000001_2457 (length 106)
/home/yuch3531/genome_analysis_project/5_genome_annotation/Prokka/E745_spades/E745_spades:tig00000001_2458 (length 437)
/home/yuch3531/genome_analysis_project/5_genome_annotation/Prokka/E745_spades/E745_spades:tig00000001_2459 (length 239)
/home/yuch3531/genome_analysis_project/5_genome_annotation/Prokka/E745_spades/E745_spades:tig00000001_2460 (length 183)
/home/yuch3531/genome_analysis_project/5_genome_annotation/Prokka/E745_spades/E745_spades:tig00000001_2461 (length 844)
/home/yuch3531/genome_analysis_project/5_genome_annotation/Prokka/E745_spades/E745_spades:tig00000001_2462 (length 327)
/home/yuch3531/genome_analysis_project/5_genome_annotation/Prokka/E745_spades/E745_spades:tig00000001_2463 (length 228)
/home/yuch3531/genome_analysis_project/5_genome_annotation/Prokka/E745_spades/E745_spades:tig00000001_2464 (length 297)
/home/yuch3531/genome_analysis_project/5_genome_annotation/Prokka/E745_spades/E745_spades:tig00000001_2465 (length 482)
/home/yuch3531/genome_analysis_project/5_genome_annotation/Prokka/E745_spades/E745_spades:tig00000001_2466 (length 285)
/home/yuch3531/genome_analysis_project/5_genome_annotation/Prokka/E745_spades/E745_spades:tig00000001_2467 (length 306)
/home/yuch3531/genome_analysis_project/5_genome_annotation/Prokka/E745_spades/E745_spades:tig00000001_2468 (length 294)
/home/yuch3531/genome_analysis_project/5_genome_annotation/Prokka/E745_spades/E745_spades:tig00000001_2469 (length 268)
/home/yuch3531/genome_analysis_project/5_genome_annotation/Prokka/E745_spades/E745_spades:tig00000001_2470 (length 252)
/home/yuch3531/genome_analysis_project/5_genome_annotation/Prokka/E745_spades/E745_spades:tig00000001_2471 (length 225)
/home/yuch3531/genome_analysis_project/5_genome_annotation/Prokka/E745_spades/E745_spades:tig00000001_2472 (length 343)
/home/yuch3531/genome_analysis_project/5_genome_annotation/Prokka/E745_spades/E745_spades:tig00000001_2473 (length 255)
/home/yuch3531/genome_analysis_project/5_genome_annotation/Prokka/E745_spades/E745_spades:tig00000001_2474 (length 522)
/home/yuch3531/genome_analysis_project/5_genome_annotation/Prokka/E745_spades/E745_spades:tig00000001_2475 (length 106)
/home/yuch3531/genome_analysis_project/5_genome_annotation/Prokka/E745_spades/E745_spades:tig00000001_2476 (length 116)
/home/yuch3531/genome_analysis_project/5_genome_annotation/Prokka/E745_spades/E745_spades:tig00000001_2477 (length 431)
/home/yuch3531/genome_analysis_project/5_genome_annotation/Prokka/E745_spades/E745_spades:tig00000001_2478 (length 312)
/home/yuch3531/genome_analysis_project/5_genome_annotation/Prokka/E745_spades/E745_spades:tig00000001_2479 (length 276)
/home/yuch3531/genome_analysis_project/5_genome_annotation/Prokka/E745_spades/E745_spades:tig00000001_2480 (length 341)
/home/yuch3531/genome_analysis_project/5_genome_annotation/Prokka/E745_spades/E745_spades:tig00000001_2481 (length 312)
/home/yuch3531/genome_analysis_project/5_genome_annotation/Prokka/E745_spades/E745_spades:tig00000001_2482 (length 146)
/home/yuch3531/genome_analysis_project/5_genome_annotation/Prokka/E745_spades/E745_spades:tig00000001_2483 (length 200)
/home/yuch3531/genome_analysis_project/5_genome_annotation/Prokka/E745_spades/E745_spades:tig00000001_2484 (length 368)
/home/yuch3531/genome_analysis_project/5_genome_annotation/Prokka/E745_spades/E745_spades:tig00000001_2485 (length 333)
/home/yuch3531/genome_analysis_project/5_genome_annotation/Prokka/E745_spades/E745_spades:tig00000001_2486 (length 781)
/home/yuch3531/genome_analysis_project/5_genome_annotation/Prokka/E745_spades/E745_spades:tig00000001_2487 (length 300)
/home/yuch3531/genome_analysis_project/5_genome_annotation/Prokka/E745_spades/E745_spades:tig00000001_2488 (length 395)
/home/yuch3531/genome_analysis_project/5_genome_annotation/Prokka/E745_spades/E745_spades:tig00000001_2489 (length 591)
/home/yuch3531/genome_analysis_project/5_genome_annotation/Prokka/E745_spades/E745_spades:tig00000001_2490 (length 528)
/home/yuch3531/genome_analysis_project/5_genome_annotation/Prokka/E745_spades/E745_spades:tig00000001_2491 (length 74)
/home/yuch3531/genome_analysis_project/5_genome_annotation/Prokka/E745_spades/E745_spades:tig00000001_2492 (length 583)
/home/yuch3531/genome_analysis_project/5_genome_annotation/Prokka/E745_spades/E745_spades:tig00000001_2493 (length 594)
/home/yuch3531/genome_analysis_project/5_genome_annotation/Prokka/E745_spades/E745_spades:tig00000001_2494 (length 283)
/home/yuch3531/genome_analysis_project/5_genome_annotation/Prokka/E745_spades/E745_spades:tig00000001_2495 (length 628)
/home/yuch3531/genome_analysis_project/5_genome_annotation/Prokka/E745_spades/E745_spades:tig00000001_2496 (length 300)
/home/yuch3531/genome_analysis_project/5_genome_annotation/Prokka/E745_spades/E745_spades:tig00000001_2497 (length 467)
/home/yuch3531/genome_analysis_project/5_genome_annotation/Prokka/E745_spades/E745_spades:tig00000001_2498 (length 477)
/home/yuch3531/genome_analysis_project/5_genome_annotation/Prokka/E745_spades/E745_spades:tig00000001_2499 (length 308)
/home/yuch3531/genome_analysis_project/5_genome_annotation/Prokka/E745_spades/E745_spades:tig00000001_2500 (length 575)
/home/yuch3531/genome_analysis_project/5_genome_annotation/Prokka/E745_spades/E745_spades:tig00000001_2501 (length 97)
/home/yuch3531/genome_analysis_project/5_genome_annotation/Prokka/E745_spades/E745_spades:tig00000001_2502 (length 286)
/home/yuch3531/genome_analysis_project/5_genome_annotation/Prokka/E745_spades/E745_spades:tig00000001_2503 (length 142)
/home/yuch3531/genome_analysis_project/5_genome_annotation/Prokka/E745_spades/E745_spades:tig00000001_2504 (length 58)
/home/yuch3531/genome_analysis_project/5_genome_annotation/Prokka/E745_spades/E745_spades:tig00000001_2505 (length 148)
/home/yuch3531/genome_analysis_project/5_genome_annotation/Prokka/E745_spades/E745_spades:tig00000001_2506 (length 459)
/home/yuch3531/genome_analysis_project/5_genome_annotation/Prokka/E745_spades/E745_spades:tig00000001_2507 (length 323)
/home/yuch3531/genome_analysis_project/5_genome_annotation/Prokka/E745_spades/E745_spades:tig00000001_2508 (length 730)
/home/yuch3531/genome_analysis_project/5_genome_annotation/Prokka/E745_spades/E745_spades:tig00000001_2509 (length 153)
/home/yuch3531/genome_analysis_project/5_genome_annotation/Prokka/E745_spades/E745_spades:tig00000001_2510 (length 131)
/home/yuch3531/genome_analysis_project/5_genome_annotation/Prokka/E745_spades/E745_spades:tig00000001_2511 (length 299)
/home/yuch3531/genome_analysis_project/5_genome_annotation/Prokka/E745_spades/E745_spades:tig00000001_2512 (length 270)
/home/yuch3531/genome_analysis_project/5_genome_annotation/Prokka/E745_spades/E745_spades:tig00000001_2513 (length 305)
/home/yuch3531/genome_analysis_project/5_genome_annotation/Prokka/E745_spades/E745_spades:tig00000001_2514 (length 691)
/home/yuch3531/genome_analysis_project/5_genome_annotation/Prokka/E745_spades/E745_spades:tig00000001_2515 (length 259)
/home/yuch3531/genome_analysis_project/5_genome_annotation/Prokka/E745_spades/E745_spades:tig00000001_2516 (length 314)
/home/yuch3531/genome_analysis_project/5_genome_annotation/Prokka/E745_spades/E745_spades:tig00000001_2517 (length 259)
/home/yuch3531/genome_analysis_project/5_genome_annotation/Prokka/E745_spades/E745_spades:tig00000001_2518 (length 232)
/home/yuch3531/genome_analysis_project/5_genome_annotation/Prokka/E745_spades/E745_spades:tig00000001_2519 (length 254)
/home/yuch3531/genome_analysis_project/5_genome_annotation/Prokka/E745_spades/E745_spades:tig00000001_2520 (length 605)
/home/yuch3531/genome_analysis_project/5_genome_annotation/Prokka/E745_spades/E745_spades:tig00000001_2521 (length 321)
/home/yuch3531/genome_analysis_project/5_genome_annotation/Prokka/E745_spades/E745_spades:tig00000001_2522 (length 231)
/home/yuch3531/genome_analysis_project/5_genome_annotation/Prokka/E745_spades/E745_spades:tig00000001_2523 (length 372)
/home/yuch3531/genome_analysis_project/5_genome_annotation/Prokka/E745_spades/E745_spades:tig00000001_2524 (length 206)
/home/yuch3531/genome_analysis_project/5_genome_annotation/Prokka/E745_spades/E745_spades:tig00000001_2525 (length 366)
/home/yuch3531/genome_analysis_project/5_genome_annotation/Prokka/E745_spades/E745_spades:tig00000001_2526 (length 81)
/home/yuch3531/genome_analysis_project/5_genome_annotation/Prokka/E745_spades/E745_spades:tig00000001_2527 (length 333)
/home/yuch3531/genome_analysis_project/5_genome_annotation/Prokka/E745_spades/E745_spades:tig00000001_2528 (length 324)
/home/yuch3531/genome_analysis_project/5_genome_annotation/Prokka/E745_spades/E745_spades:tig00000001_2529 (length 359)
/home/yuch3531/genome_analysis_project/5_genome_annotation/Prokka/E745_spades/E745_spades:tig00000001_2530 (length 232)
/home/yuch3531/genome_analysis_project/5_genome_annotation/Prokka/E745_spades/E745_spades:tig00000001_2531 (length 231)
/home/yuch3531/genome_analysis_project/5_genome_annotation/Prokka/E745_spades/E745_spades:tig00000001_2532 (length 497)
/home/yuch3531/genome_analysis_project/5_genome_annotation/Prokka/E745_spades/E745_spades:tig00000001_2533 (length 390)
/home/yuch3531/genome_analysis_project/5_genome_annotation/Prokka/E745_spades/E745_spades:tig00000001_2534 (length 363)
/home/yuch3531/genome_analysis_project/5_genome_annotation/Prokka/E745_spades/E745_spades:tig00000001_2535 (length 492)
/home/yuch3531/genome_analysis_project/5_genome_annotation/Prokka/E745_spades/E745_spades:tig00000001_2536 (length 249)
/home/yuch3531/genome_analysis_project/5_genome_annotation/Prokka/E745_spades/E745_spades:tig00000001_2537 (length 316)
/home/yuch3531/genome_analysis_project/5_genome_annotation/Prokka/E745_spades/E745_spades:tig00000001_2538 (length 487)
/home/yuch3531/genome_analysis_project/5_genome_annotation/Prokka/E745_spades/E745_spades:tig00000001_2539 (length 152)
/home/yuch3531/genome_analysis_project/5_genome_annotation/Prokka/E745_spades/E745_spades:tig00000001_2540 (length 324)
/home/yuch3531/genome_analysis_project/5_genome_annotation/Prokka/E745_spades/E745_spades:tig00000001_2541 (length 316)
/home/yuch3531/genome_analysis_project/5_genome_annotation/Prokka/E745_spades/E745_spades:tig00000001_2542 (length 91)
/home/yuch3531/genome_analysis_project/5_genome_annotation/Prokka/E745_spades/E745_spades:tig00000001_2543 (length 254)
/home/yuch3531/genome_analysis_project/5_genome_annotation/Prokka/E745_spades/E745_spades:tig00000001_2544 (length 167)
/home/yuch3531/genome_analysis_project/5_genome_annotation/Prokka/E745_spades/E745_spades:tig00000001_2545 (length 213)
/home/yuch3531/genome_analysis_project/5_genome_annotation/Prokka/E745_spades/E745_spades:tig00000001_2546 (length 422)
/home/yuch3531/genome_analysis_project/5_genome_annotation/Prokka/E745_spades/E745_spades:tig00000001_2547 (length 399)
/home/yuch3531/genome_analysis_project/5_genome_annotation/Prokka/E745_spades/E745_spades:tig00000001_2548 (length 435)
/home/yuch3531/genome_analysis_project/5_genome_annotation/Prokka/E745_spades/E745_spades:tig00000001_2549 (length 40)
/home/yuch3531/genome_analysis_project/5_genome_annotation/Prokka/E745_spades/E745_spades:tig00000001_2550 (length 372)
/home/yuch3531/genome_analysis_project/5_genome_annotation/Prokka/E745_spades/E745_spades:tig00000001_2551 (length 106)
/home/yuch3531/genome_analysis_project/5_genome_annotation/Prokka/E745_spades/E745_spades:tig00000001_2552 (length 54)
/home/yuch3531/genome_analysis_project/5_genome_annotation/Prokka/E745_spades/E745_spades:tig00000001_2553 (length 66)
/home/yuch3531/genome_analysis_project/5_genome_annotation/Prokka/E745_spades/E745_spades:tig00000001_2554 (length 929)
/home/yuch3531/genome_analysis_project/5_genome_annotation/Prokka/E745_spades/E745_spades:tig00000001_2555 (length 167)
/home/yuch3531/genome_analysis_project/5_genome_annotation/Prokka/E745_spades/E745_spades:tig00000001_2556 (length 396)
/home/yuch3531/genome_analysis_project/5_genome_annotation/Prokka/E745_spades/E745_spades:tig00000001_2557 (length 432)
/home/yuch3531/genome_analysis_project/5_genome_annotation/Prokka/E745_spades/E745_spades:tig00000001_2558 (length 224)
/home/yuch3531/genome_analysis_project/5_genome_annotation/Prokka/E745_spades/E745_spades:tig00000001_2559 (length 113)
/home/yuch3531/genome_analysis_project/5_genome_annotation/Prokka/E745_spades/E745_spades:tig00000001_2560 (length 119)
/home/yuch3531/genome_analysis_project/5_genome_annotation/Prokka/E745_spades/E745_spades:tig00000001_2561 (length 694)
/home/yuch3531/genome_analysis_project/5_genome_annotation/Prokka/E745_spades/E745_spades:tig00000001_2562 (length 488)
/home/yuch3531/genome_analysis_project/5_genome_annotation/Prokka/E745_spades/E745_spades:tig00000001_2563 (length 431)
/home/yuch3531/genome_analysis_project/5_genome_annotation/Prokka/E745_spades/E745_spades:tig00000001_2564 (length 179)
/home/yuch3531/genome_analysis_project/5_genome_annotation/Prokka/E745_spades/E745_spades:tig00000001_2565 (length 146)
/home/yuch3531/genome_analysis_project/5_genome_annotation/Prokka/E745_spades/E745_spades:tig00000001_2566 (length 69)
/home/yuch3531/genome_analysis_project/5_genome_annotation/Prokka/E745_spades/E745_spades:tig00000001_2567 (length 728)
/home/yuch3531/genome_analysis_project/5_genome_annotation/Prokka/E745_spades/E745_spades:tig00000001_2568 (length 723)
/home/yuch3531/genome_analysis_project/5_genome_annotation/Prokka/E745_spades/E745_spades:tig00000001_2569 (length 246)
/home/yuch3531/genome_analysis_project/5_genome_annotation/Prokka/E745_spades/E745_spades:tig00000001_2570 (length 432)
/home/yuch3531/genome_analysis_project/5_genome_annotation/Prokka/E745_spades/E745_spades:tig00000001_2571 (length 250)
/home/yuch3531/genome_analysis_project/5_genome_annotation/Prokka/E745_spades/E745_spades:tig00000001_2572 (length 107)
/home/yuch3531/genome_analysis_project/5_genome_annotation/Prokka/E745_spades/E745_spades:tig00000001_2573 (length 282)
/home/yuch3531/genome_analysis_project/5_genome_annotation/Prokka/E745_spades/E745_spades:tig00000001_2574 (length 270)
/home/yuch3531/genome_analysis_project/5_genome_annotation/Prokka/E745_spades/E745_spades:tig00000001_2575 (length 107)
/home/yuch3531/genome_analysis_project/5_genome_annotation/Prokka/E745_spades/E745_spades:tig00000001_2576 (length 189)
/home/yuch3531/genome_analysis_project/5_genome_annotation/Prokka/E745_spades/E745_spades:tig00000001_2577 (length 98)
/home/yuch3531/genome_analysis_project/5_genome_annotation/Prokka/E745_spades/E745_spades:tig00000001_2578 (length 81)
/home/yuch3531/genome_analysis_project/5_genome_annotation/Prokka/E745_spades/E745_spades:tig00000001_2579 (length 189)
/home/yuch3531/genome_analysis_project/5_genome_annotation/Prokka/E745_spades/E745_spades:tig00000001_2580 (length 178)
/home/yuch3531/genome_analysis_project/5_genome_annotation/Prokka/E745_spades/E745_spades:tig00000001_2581 (length 392)
/home/yuch3531/genome_analysis_project/5_genome_annotation/Prokka/E745_spades/E745_spades:tig00000001_2582 (length 178)
/home/yuch3531/genome_analysis_project/5_genome_annotation/Prokka/E745_spades/E745_spades:tig00000001_2583 (length 218)
/home/yuch3531/genome_analysis_project/5_genome_annotation/Prokka/E745_spades/E745_spades:tig00000001_2584 (length 138)
/home/yuch3531/genome_analysis_project/5_genome_annotation/Prokka/E745_spades/E745_spades:tig00000001_2585 (length 86)
/home/yuch3531/genome_analysis_project/5_genome_annotation/Prokka/E745_spades/E745_spades:tig00000001_2586 (length 416)
/home/yuch3531/genome_analysis_project/5_genome_annotation/Prokka/E745_spades/E745_spades:tig00000001_2587 (length 324)
/home/yuch3531/genome_analysis_project/5_genome_annotation/Prokka/E745_spades/E745_spades:tig00000001_2588 (length 431)
/home/yuch3531/genome_analysis_project/5_genome_annotation/Prokka/E745_spades/E745_spades:tig00000001_2589 (length 395)
/home/yuch3531/genome_analysis_project/5_genome_annotation/Prokka/E745_spades/E745_spades:tig00000001_2590 (length 105)
/home/yuch3531/genome_analysis_project/5_genome_annotation/Prokka/E745_spades/E745_spades:tig00000001_2591 (length 121)
/home/yuch3531/genome_analysis_project/5_genome_annotation/Prokka/E745_spades/E745_spades:tig00000001_2592 (length 160)
/home/yuch3531/genome_analysis_project/5_genome_annotation/Prokka/E745_spades/E745_spades:tig00000001_2593 (length 296)
/home/yuch3531/genome_analysis_project/5_genome_annotation/Prokka/E745_spades/E745_spades:tig00000001_2594 (length 431)
/home/yuch3531/genome_analysis_project/5_genome_annotation/Prokka/E745_spades/E745_spades:tig00000001_2595 (length 422)
/home/yuch3531/genome_analysis_project/5_genome_annotation/Prokka/E745_spades/E745_spades:tig00000001_2596 (length 823)
/home/yuch3531/genome_analysis_project/5_genome_annotation/Prokka/E745_spades/E745_spades:tig00000001_2597 (length 578)
/home/yuch3531/genome_analysis_project/5_genome_annotation/Prokka/E745_spades/E745_spades:tig00000001_2598 (length 234)
/home/yuch3531/genome_analysis_project/5_genome_annotation/Prokka/E745_spades/E745_spades:tig00000001_2599 (length 138)
/home/yuch3531/genome_analysis_project/5_genome_annotation/Prokka/E745_spades/E745_spades:tig00000001_2600 (length 112)
/home/yuch3531/genome_analysis_project/5_genome_annotation/Prokka/E745_spades/E745_spades:tig00000001_2601 (length 472)
/home/yuch3531/genome_analysis_project/5_genome_annotation/Prokka/E745_spades/E745_spades:tig00000001_2602 (length 192)
/home/yuch3531/genome_analysis_project/5_genome_annotation/Prokka/E745_spades/E745_spades:tig00000001_2603 (length 173)
/home/yuch3531/genome_analysis_project/5_genome_annotation/Prokka/E745_spades/E745_spades:tig00000001_2604 (length 184)
/home/yuch3531/genome_analysis_project/5_genome_annotation/Prokka/E745_spades/E745_spades:tig00000001_2605 (length 91)
/home/yuch3531/genome_analysis_project/5_genome_annotation/Prokka/E745_spades/E745_spades:tig00000001_2606 (length 83)
/home/yuch3531/genome_analysis_project/5_genome_annotation/Prokka/E745_spades/E745_spades:tig00000001_2607 (length 263)
/home/yuch3531/genome_analysis_project/5_genome_annotation/Prokka/E745_spades/E745_spades:tig00000001_2608 (length 173)
/home/yuch3531/genome_analysis_project/5_genome_annotation/Prokka/E745_spades/E745_spades:tig00000001_2609 (length 253)
/home/yuch3531/genome_analysis_project/5_genome_annotation/Prokka/E745_spades/E745_spades:tig00000001_2610 (length 115)
/home/yuch3531/genome_analysis_project/5_genome_annotation/Prokka/E745_spades/E745_spades:tig00000001_2611 (length 220)
/home/yuch3531/genome_analysis_project/5_genome_annotation/Prokka/E745_spades/E745_spades:tig00000001_2612 (length 1075)
/home/yuch3531/genome_analysis_project/5_genome_annotation/Prokka/E745_spades/E745_spades:tig00000001_2613 (length 104)
/home/yuch3531/genome_analysis_project/5_genome_annotation/Prokka/E745_spades/E745_spades:tig00000001_2614 (length 124)
/home/yuch3531/genome_analysis_project/5_genome_annotation/Prokka/E745_spades/E745_spades:tig00000001_2615 (length 114)
/home/yuch3531/genome_analysis_project/5_genome_annotation/Prokka/E745_spades/E745_spades:tig00000001_2616 (length 381)
/home/yuch3531/genome_analysis_project/5_genome_annotation/Prokka/E745_spades/E745_spades:tig00000001_2617 (length 619)
/home/yuch3531/genome_analysis_project/5_genome_annotation/Prokka/E745_spades/E745_spades:tig00000001_2618 (length 83)
/home/yuch3531/genome_analysis_project/5_genome_annotation/Prokka/E745_spades/E745_spades:tig00000001_2619 (length 380)
/home/yuch3531/genome_analysis_project/5_genome_annotation/Prokka/E745_spades/E745_spades:tig00000001_2620 (length 84)
/home/yuch3531/genome_analysis_project/5_genome_annotation/Prokka/E745_spades/E745_spades:tig00000001_2621 (length 394)
/home/yuch3531/genome_analysis_project/5_genome_annotation/Prokka/E745_spades/E745_spades:tig00000001_2622 (length 45)
/home/yuch3531/genome_analysis_project/5_genome_annotation/Prokka/E745_spades/E745_spades:tig00000001_2623 (length 636)
/home/yuch3531/genome_analysis_project/5_genome_annotation/Prokka/E745_spades/E745_spades:tig00000001_2624 (length 166)
/home/yuch3531/genome_analysis_project/5_genome_annotation/Prokka/E745_spades/E745_spades:tig00000001_2625 (length 615)
/home/yuch3531/genome_analysis_project/5_genome_annotation/Prokka/E745_spades/E745_spades:tig00000001_2626 (length 298)
/home/yuch3531/genome_analysis_project/5_genome_annotation/Prokka/E745_spades/E745_spades:tig00000001_2627 (length 129)
/home/yuch3531/genome_analysis_project/5_genome_annotation/Prokka/E745_spades/E745_spades:tig00000001_2628 (length 781)
/home/yuch3531/genome_analysis_project/5_genome_annotation/Prokka/E745_spades/E745_spades:tig00000001_2629 (length 395)
/home/yuch3531/genome_analysis_project/5_genome_annotation/Prokka/E745_spades/E745_spades:tig00000001_2630 (length 709)
/home/yuch3531/genome_analysis_project/5_genome_annotation/Prokka/E745_spades/E745_spades:tig00000001_2631 (length 335)
/home/yuch3531/genome_analysis_project/5_genome_annotation/Prokka/E745_spades/E745_spades:tig00000001_2632 (length 303)
/home/yuch3531/genome_analysis_project/5_genome_annotation/Prokka/E745_spades/E745_spades:tig00000001_2633 (length 242)
/home/yuch3531/genome_analysis_project/5_genome_annotation/Prokka/E745_spades/E745_spades:tig00000001_2634 (length 472)
/home/yuch3531/genome_analysis_project/5_genome_annotation/Prokka/E745_spades/E745_spades:tig00000001_2635 (length 373)
/home/yuch3531/genome_analysis_project/5_genome_annotation/Prokka/E745_spades/E745_spades:tig00000001_2636 (length 317)
/home/yuch3531/genome_analysis_project/5_genome_annotation/Prokka/E745_spades/E745_spades:tig00000001_2637 (length 159)
/home/yuch3531/genome_analysis_project/5_genome_annotation/Prokka/E745_spades/E745_spades:tig00000001_2638 (length 96)
/home/yuch3531/genome_analysis_project/5_genome_annotation/Prokka/E745_spades/E745_spades:tig00000001_2639 (length 278)
/home/yuch3531/genome_analysis_project/5_genome_annotation/Prokka/E745_spades/E745_spades:tig00000001_2640 (length 326)
/home/yuch3531/genome_analysis_project/5_genome_annotation/Prokka/E745_spades/E745_spades:tig00000001_2641 (length 472)
/home/yuch3531/genome_analysis_project/5_genome_annotation/Prokka/E745_spades/E745_spades:tig00000001_2642 (length 489)
/home/yuch3531/genome_analysis_project/5_genome_annotation/Prokka/E745_spades/E745_spades:tig00000001_2643 (length 155)
/home/yuch3531/genome_analysis_project/5_genome_annotation/Prokka/E745_spades/E745_spades:tig00000001_2644 (length 290)
/home/yuch3531/genome_analysis_project/5_genome_annotation/Prokka/E745_spades/E745_spades:tig00000001_2645 (length 844)
/home/yuch3531/genome_analysis_project/5_genome_annotation/Prokka/E745_spades/E745_spades:tig00000001_2646 (length 35)
/home/yuch3531/genome_analysis_project/5_genome_annotation/Prokka/E745_spades/E745_spades:tig00000001_2647 (length 217)
/home/yuch3531/genome_analysis_project/5_genome_annotation/Prokka/E745_spades/E745_spades:tig00000001_2648 (length 263)
/home/yuch3531/genome_analysis_project/5_genome_annotation/Prokka/E745_spades/E745_spades:tig00000001_2649 (length 163)
/home/yuch3531/genome_analysis_project/5_genome_annotation/Prokka/E745_spades/E745_spades:tig00000001_2650 (length 136)
/home/yuch3531/genome_analysis_project/5_genome_annotation/Prokka/E745_spades/E745_spades:tig00000001_2651 (length 466)
/home/yuch3531/genome_analysis_project/5_genome_annotation/Prokka/E745_spades/E745_spades:tig00000001_2652 (length 124)
/home/yuch3531/genome_analysis_project/5_genome_annotation/Prokka/E745_spades/E745_spades:tig00000001_2653 (length 64)
/home/yuch3531/genome_analysis_project/5_genome_annotation/Prokka/E745_spades/E745_spades:tig00000001_2654 (length 117)
/home/yuch3531/genome_analysis_project/5_genome_annotation/Prokka/E745_spades/E745_spades:tig00000001_2655 (length 515)
/home/yuch3531/genome_analysis_project/5_genome_annotation/Prokka/E745_spades/E745_spades:tig00000001_2656 (length 142)
/home/yuch3531/genome_analysis_project/5_genome_annotation/Prokka/E745_spades/E745_spades:tig00000001_2657 (length 83)
/home/yuch3531/genome_analysis_project/5_genome_annotation/Prokka/E745_spades/E745_spades:tig00000001_2658 (length 71)
/home/yuch3531/genome_analysis_project/5_genome_annotation/Prokka/E745_spades/E745_spades:tig00000001_2659 (length 102)
/home/yuch3531/genome_analysis_project/5_genome_annotation/Prokka/E745_spades/E745_spades:tig00000001_2660 (length 392)
/home/yuch3531/genome_analysis_project/5_genome_annotation/Prokka/E745_spades/E745_spades:tig00000001_2661 (length 97)
/home/yuch3531/genome_analysis_project/5_genome_annotation/Prokka/E745_spades/E745_spades:tig00000001_2662 (length 773)
/home/yuch3531/genome_analysis_project/5_genome_annotation/Prokka/E745_spades/E745_spades:tig00000001_2663 (length 152)
/home/yuch3531/genome_analysis_project/5_genome_annotation/Prokka/E745_spades/E745_spades:tig00000001_2664 (length 337)
/home/yuch3531/genome_analysis_project/5_genome_annotation/Prokka/E745_spades/E745_spades:tig00000001_2665 (length 148)
/home/yuch3531/genome_analysis_project/5_genome_annotation/Prokka/E745_spades/E745_spades:tig00000001_2666 (length 271)
/home/yuch3531/genome_analysis_project/5_genome_annotation/Prokka/E745_spades/E745_spades:tig00000001_2667 (length 390)
/home/yuch3531/genome_analysis_project/5_genome_annotation/Prokka/E745_spades/E745_spades:tig00000001_2668 (length 65)
/home/yuch3531/genome_analysis_project/5_genome_annotation/Prokka/E745_spades/E745_spades:tig00000001_2669 (length 164)
/home/yuch3531/genome_analysis_project/5_genome_annotation/Prokka/E745_spades/E745_spades:tig00000001_2670 (length 140)
/home/yuch3531/genome_analysis_project/5_genome_annotation/Prokka/E745_spades/E745_spades:tig00000001_2671 (length 397)
/home/yuch3531/genome_analysis_project/5_genome_annotation/Prokka/E745_spades/E745_spades:tig00000001_2672 (length 125)
/home/yuch3531/genome_analysis_project/5_genome_annotation/Prokka/E745_spades/E745_spades:tig00000001_2673 (length 101)
/home/yuch3531/genome_analysis_project/5_genome_annotation/Prokka/E745_spades/E745_spades:tig00000001_2674 (length 147)
/home/yuch3531/genome_analysis_project/5_genome_annotation/Prokka/E745_spades/E745_spades:tig00000001_2675 (length 431)
/home/yuch3531/genome_analysis_project/5_genome_annotation/Prokka/E745_spades/E745_spades:tig00000001_2676 (length 271)
/home/yuch3531/genome_analysis_project/5_genome_annotation/Prokka/E745_spades/E745_spades:tig00000001_2677 (length 71)
/home/yuch3531/genome_analysis_project/5_genome_annotation/Prokka/E745_spades/E745_spades:tig00000001_2678 (length 392)
/home/yuch3531/genome_analysis_project/5_genome_annotation/Prokka/E745_spades/E745_spades:tig00000001_2679 (length 494)
/home/yuch3531/genome_analysis_project/5_genome_annotation/Prokka/E745_spades/E745_spades:tig00000001_2680 (length 74)
/home/yuch3531/genome_analysis_project/5_genome_annotation/Prokka/E745_spades/E745_spades:tig00000001_2681 (length 49)
/home/yuch3531/genome_analysis_project/5_genome_annotation/Prokka/E745_spades/E745_spades:tig00000002_1 (length 108)
/home/yuch3531/genome_analysis_project/5_genome_annotation/Prokka/E745_spades/E745_spades:tig00000002_2 (length 84)
/home/yuch3531/genome_analysis_project/5_genome_annotation/Prokka/E745_spades/E745_spades:tig00000002_3 (length 93)
/home/yuch3531/genome_analysis_project/5_genome_annotation/Prokka/E745_spades/E745_spades:tig00000002_4 (length 155)
/home/yuch3531/genome_analysis_project/5_genome_annotation/Prokka/E745_spades/E745_spades:tig00000002_5 (length 181)
/home/yuch3531/genome_analysis_project/5_genome_annotation/Prokka/E745_spades/E745_spades:tig00000002_6 (length 85)
/home/yuch3531/genome_analysis_project/5_genome_annotation/Prokka/E745_spades/E745_spades:tig00000002_7 (length 155)
/home/yuch3531/genome_analysis_project/5_genome_annotation/Prokka/E745_spades/E745_spades:tig00000002_8 (length 248)
/home/yuch3531/genome_analysis_project/5_genome_annotation/Prokka/E745_spades/E745_spades:tig00000002_9 (length 269)
/home/yuch3531/genome_analysis_project/5_genome_annotation/Prokka/E745_spades/E745_spades:tig00000002_10 (length 228)
/home/yuch3531/genome_analysis_project/5_genome_annotation/Prokka/E745_spades/E745_spades:tig00000002_11 (length 614)
/home/yuch3531/genome_analysis_project/5_genome_annotation/Prokka/E745_spades/E745_spades:tig00000002_12 (length 488)
/home/yuch3531/genome_analysis_project/5_genome_annotation/Prokka/E745_spades/E745_spades:tig00000002_13 (length 280)
/home/yuch3531/genome_analysis_project/5_genome_annotation/Prokka/E745_spades/E745_spades:tig00000002_14 (length 431)
/home/yuch3531/genome_analysis_project/5_genome_annotation/Prokka/E745_spades/E745_spades:tig00000002_15 (length 383)
/home/yuch3531/genome_analysis_project/5_genome_annotation/Prokka/E745_spades/E745_spades:tig00000002_16 (length 89)
/home/yuch3531/genome_analysis_project/5_genome_annotation/Prokka/E745_spades/E745_spades:tig00000002_17 (length 186)
/home/yuch3531/genome_analysis_project/5_genome_annotation/Prokka/E745_spades/E745_spades:tig00000002_18 (length 319)
/home/yuch3531/genome_analysis_project/5_genome_annotation/Prokka/E745_spades/E745_spades:tig00000002_19 (length 292)
/home/yuch3531/genome_analysis_project/5_genome_annotation/Prokka/E745_spades/E745_spades:tig00000002_20 (length 98)
/home/yuch3531/genome_analysis_project/5_genome_annotation/Prokka/E745_spades/E745_spades:tig00000002_21 (length 392)
/home/yuch3531/genome_analysis_project/5_genome_annotation/Prokka/E745_spades/E745_spades:tig00000002_22 (length 203)
/home/yuch3531/genome_analysis_project/5_genome_annotation/Prokka/E745_spades/E745_spades:tig00000002_23 (length 392)
/home/yuch3531/genome_analysis_project/5_genome_annotation/Prokka/E745_spades/E745_spades:tig00000002_24 (length 82)
/home/yuch3531/genome_analysis_project/5_genome_annotation/Prokka/E745_spades/E745_spades:tig00000002_25 (length 134)
/home/yuch3531/genome_analysis_project/5_genome_annotation/Prokka/E745_spades/E745_spades:tig00000002_26 (length 347)
/home/yuch3531/genome_analysis_project/5_genome_annotation/Prokka/E745_spades/E745_spades:tig00000002_27 (length 187)
/home/yuch3531/genome_analysis_project/5_genome_annotation/Prokka/E745_spades/E745_spades:tig00000002_28 (length 169)
/home/yuch3531/genome_analysis_project/5_genome_annotation/Prokka/E745_spades/E745_spades:tig00000002_29 (length 216)
/home/yuch3531/genome_analysis_project/5_genome_annotation/Prokka/E745_spades/E745_spades:tig00000002_30 (length 317)
/home/yuch3531/genome_analysis_project/5_genome_annotation/Prokka/E745_spades/E745_spades:tig00000002_31 (length 99)
/home/yuch3531/genome_analysis_project/5_genome_annotation/Prokka/E745_spades/E745_spades:tig00000002_32 (length 201)
/home/yuch3531/genome_analysis_project/5_genome_annotation/Prokka/E745_spades/E745_spades:tig00000002_33 (length 302)
/home/yuch3531/genome_analysis_project/5_genome_annotation/Prokka/E745_spades/E745_spades:tig00000002_34 (length 184)
/home/yuch3531/genome_analysis_project/5_genome_annotation/Prokka/E745_spades/E745_spades:tig00000002_35 (length 134)
/home/yuch3531/genome_analysis_project/5_genome_annotation/Prokka/E745_spades/E745_spades:tig00000002_36 (length 382)
/home/yuch3531/genome_analysis_project/5_genome_annotation/Prokka/E745_spades/E745_spades:tig00000002_37 (length 201)
/home/yuch3531/genome_analysis_project/5_genome_annotation/Prokka/E745_spades/E745_spades:tig00000002_38 (length 319)
/home/yuch3531/genome_analysis_project/5_genome_annotation/Prokka/E745_spades/E745_spades:tig00000002_39 (length 106)
/home/yuch3531/genome_analysis_project/5_genome_annotation/Prokka/E745_spades/E745_spades:tig00000002_40 (length 278)
/home/yuch3531/genome_analysis_project/5_genome_annotation/Prokka/E745_spades/E745_spades:tig00000002_41 (length 96)
/home/yuch3531/genome_analysis_project/5_genome_annotation/Prokka/E745_spades/E745_spades:tig00000002_42 (length 177)
/home/yuch3531/genome_analysis_project/5_genome_annotation/Prokka/E745_spades/E745_spades:tig00000002_43 (length 195)
/home/yuch3531/genome_analysis_project/5_genome_annotation/Prokka/E745_spades/E745_spades:tig00000002_44 (length 278)
/home/yuch3531/genome_analysis_project/5_genome_annotation/Prokka/E745_spades/E745_spades:tig00000002_45 (length 96)
/home/yuch3531/genome_analysis_project/5_genome_annotation/Prokka/E745_spades/E745_spades:tig00000002_46 (length 425)
/home/yuch3531/genome_analysis_project/5_genome_annotation/Prokka/E745_spades/E745_spades:tig00000002_47 (length 218)
/home/yuch3531/genome_analysis_project/5_genome_annotation/Prokka/E745_spades/E745_spades:tig00000002_48 (length 458)
/home/yuch3531/genome_analysis_project/5_genome_annotation/Prokka/E745_spades/E745_spades:tig00000002_49 (length 33)
/home/yuch3531/genome_analysis_project/5_genome_annotation/Prokka/E745_spades/E745_spades:tig00000002_50 (length 64)
/home/yuch3531/genome_analysis_project/5_genome_annotation/Prokka/E745_spades/E745_spades:tig00000002_51 (length 515)
/home/yuch3531/genome_analysis_project/5_genome_annotation/Prokka/E745_spades/E745_spades:tig00000002_52 (length 431)
/home/yuch3531/genome_analysis_project/5_genome_annotation/Prokka/E745_spades/E745_spades:tig00000002_53 (length 163)
/home/yuch3531/genome_analysis_project/5_genome_annotation/Prokka/E745_spades/E745_spades:tig00000002_54 (length 231)
/home/yuch3531/genome_analysis_project/5_genome_annotation/Prokka/E745_spades/E745_spades:tig00000002_55 (length 271)
/home/yuch3531/genome_analysis_project/5_genome_annotation/Prokka/E745_spades/E745_spades:tig00000002_56 (length 78)
/home/yuch3531/genome_analysis_project/5_genome_annotation/Prokka/E745_spades/E745_spades:tig00000002_57 (length 95)
/home/yuch3531/genome_analysis_project/5_genome_annotation/Prokka/E745_spades/E745_spades:tig00000002_58 (length 261)
/home/yuch3531/genome_analysis_project/5_genome_annotation/Prokka/E745_spades/E745_spades:tig00000002_59 (length 366)
/home/yuch3531/genome_analysis_project/5_genome_annotation/Prokka/E745_spades/E745_spades:tig00000002_60 (length 274)
/home/yuch3531/genome_analysis_project/5_genome_annotation/Prokka/E745_spades/E745_spades:tig00000002_61 (length 271)
/home/yuch3531/genome_analysis_project/5_genome_annotation/Prokka/E745_spades/E745_spades:tig00000002_62 (length 276)
/home/yuch3531/genome_analysis_project/5_genome_annotation/Prokka/E745_spades/E745_spades:tig00000002_63 (length 343)
/home/yuch3531/genome_analysis_project/5_genome_annotation/Prokka/E745_spades/E745_spades:tig00000002_64 (length 424)
/home/yuch3531/genome_analysis_project/5_genome_annotation/Prokka/E745_spades/E745_spades:tig00000002_65 (length 242)
/home/yuch3531/genome_analysis_project/5_genome_annotation/Prokka/E745_spades/E745_spades:tig00000002_66 (length 524)
/home/yuch3531/genome_analysis_project/5_genome_annotation/Prokka/E745_spades/E745_spades:tig00000002_67 (length 312)
/home/yuch3531/genome_analysis_project/5_genome_annotation/Prokka/E745_spades/E745_spades:tig00000002_68 (length 303)
/home/yuch3531/genome_analysis_project/5_genome_annotation/Prokka/E745_spades/E745_spades:tig00000002_69 (length 490)
/home/yuch3531/genome_analysis_project/5_genome_annotation/Prokka/E745_spades/E745_spades:tig00000002_70 (length 203)
/home/yuch3531/genome_analysis_project/5_genome_annotation/Prokka/E745_spades/E745_spades:tig00000002_71 (length 348)
/home/yuch3531/genome_analysis_project/5_genome_annotation/Prokka/E745_spades/E745_spades:tig00000002_72 (length 263)
/home/yuch3531/genome_analysis_project/5_genome_annotation/Prokka/E745_spades/E745_spades:tig00000002_73 (length 993)
/home/yuch3531/genome_analysis_project/5_genome_annotation/Prokka/E745_spades/E745_spades:tig00000002_74 (length 553)
/home/yuch3531/genome_analysis_project/5_genome_annotation/Prokka/E745_spades/E745_spades:tig00000002_75 (length 310)
/home/yuch3531/genome_analysis_project/5_genome_annotation/Prokka/E745_spades/E745_spades:tig00000002_76 (length 537)
/home/yuch3531/genome_analysis_project/5_genome_annotation/Prokka/E745_spades/E745_spades:tig00000002_77 (length 424)
/home/yuch3531/genome_analysis_project/5_genome_annotation/Prokka/E745_spades/E745_spades:tig00000002_78 (length 217)
/home/yuch3531/genome_analysis_project/5_genome_annotation/Prokka/E745_spades/E745_spades:tig00000002_79 (length 439)
/home/yuch3531/genome_analysis_project/5_genome_annotation/Prokka/E745_spades/E745_spades:tig00000002_80 (length 392)
/home/yuch3531/genome_analysis_project/5_genome_annotation/Prokka/E745_spades/E745_spades:tig00000002_81 (length 86)
/home/yuch3531/genome_analysis_project/5_genome_annotation/Prokka/E745_spades/E745_spades:tig00000002_82 (length 382)
/home/yuch3531/genome_analysis_project/5_genome_annotation/Prokka/E745_spades/E745_spades:tig00000002_83 (length 134)
/home/yuch3531/genome_analysis_project/5_genome_annotation/Prokka/E745_spades/E745_spades:tig00000002_84 (length 431)
/home/yuch3531/genome_analysis_project/5_genome_annotation/Prokka/E745_spades/E745_spades:tig00000002_85 (length 125)
/home/yuch3531/genome_analysis_project/5_genome_annotation/Prokka/E745_spades/E745_spades:tig00000002_86 (length 287)
/home/yuch3531/genome_analysis_project/5_genome_annotation/Prokka/E745_spades/E745_spades:tig00000002_87 (length 189)
/home/yuch3531/genome_analysis_project/5_genome_annotation/Prokka/E745_spades/E745_spades:tig00000002_88 (length 178)
/home/yuch3531/genome_analysis_project/5_genome_annotation/Prokka/E745_spades/E745_spades:tig00000002_89 (length 96)
/home/yuch3531/genome_analysis_project/5_genome_annotation/Prokka/E745_spades/E745_spades:tig00000002_90 (length 278)
/home/yuch3531/genome_analysis_project/5_genome_annotation/Prokka/E745_spades/E745_spades:tig00000002_91 (length 151)
/home/yuch3531/genome_analysis_project/5_genome_annotation/Prokka/E745_spades/E745_spades:tig00000002_92 (length 730)
/home/yuch3531/genome_analysis_project/5_genome_annotation/Prokka/E745_spades/E745_spades:tig00000002_93 (length 284)
/home/yuch3531/genome_analysis_project/5_genome_annotation/Prokka/E745_spades/E745_spades:tig00000002_94 (length 446)
/home/yuch3531/genome_analysis_project/5_genome_annotation/Prokka/E745_spades/E745_spades:tig00000002_95 (length 461)
/home/yuch3531/genome_analysis_project/5_genome_annotation/Prokka/E745_spades/E745_spades:tig00000002_96 (length 382)
/home/yuch3531/genome_analysis_project/5_genome_annotation/Prokka/E745_spades/E745_spades:tig00000002_97 (length 134)
/home/yuch3531/genome_analysis_project/5_genome_annotation/Prokka/E745_spades/E745_spades:tig00000002_98 (length 475)
/home/yuch3531/genome_analysis_project/5_genome_annotation/Prokka/E745_spades/E745_spades:tig00000002_99 (length 278)
/home/yuch3531/genome_analysis_project/5_genome_annotation/Prokka/E745_spades/E745_spades:tig00000002_100 (length 244)
/home/yuch3531/genome_analysis_project/5_genome_annotation/Prokka/E745_spades/E745_spades:tig00000002_101 (length 389)
/home/yuch3531/genome_analysis_project/5_genome_annotation/Prokka/E745_spades/E745_spades:tig00000002_102 (length 331)
/home/yuch3531/genome_analysis_project/5_genome_annotation/Prokka/E745_spades/E745_spades:tig00000002_103 (length 308)
/home/yuch3531/genome_analysis_project/5_genome_annotation/Prokka/E745_spades/E745_spades:tig00000002_104 (length 416)
/home/yuch3531/genome_analysis_project/5_genome_annotation/Prokka/E745_spades/E745_spades:tig00000002_105 (length 317)
/home/yuch3531/genome_analysis_project/5_genome_annotation/Prokka/E745_spades/E745_spades:tig00000002_106 (length 361)
/home/yuch3531/genome_analysis_project/5_genome_annotation/Prokka/E745_spades/E745_spades:tig00000002_107 (length 172)
/home/yuch3531/genome_analysis_project/5_genome_annotation/Prokka/E745_spades/E745_spades:tig00000002_108 (length 278)
/home/yuch3531/genome_analysis_project/5_genome_annotation/Prokka/E745_spades/E745_spades:tig00000002_109 (length 158)
/home/yuch3531/genome_analysis_project/5_genome_annotation/Prokka/E745_spades/E745_spades:tig00000002_110 (length 416)
/home/yuch3531/genome_analysis_project/5_genome_annotation/Prokka/E745_spades/E745_spades:tig00000002_111 (length 500)
/home/yuch3531/genome_analysis_project/5_genome_annotation/Prokka/E745_spades/E745_spades:tig00000002_112 (length 229)
/home/yuch3531/genome_analysis_project/5_genome_annotation/Prokka/E745_spades/E745_spades:tig00000002_113 (length 272)
/home/yuch3531/genome_analysis_project/5_genome_annotation/Prokka/E745_spades/E745_spades:tig00000002_114 (length 72)
/home/yuch3531/genome_analysis_project/5_genome_annotation/Prokka/E745_spades/E745_spades:tig00000002_115 (length 439)
/home/yuch3531/genome_analysis_project/5_genome_annotation/Prokka/E745_spades/E745_spades:tig00000002_116 (length 77)
/home/yuch3531/genome_analysis_project/5_genome_annotation/Prokka/E745_spades/E745_spades:tig00000002_117 (length 151)
/home/yuch3531/genome_analysis_project/5_genome_annotation/Prokka/E745_spades/E745_spades:tig00000002_118 (length 193)
/home/yuch3531/genome_analysis_project/5_genome_annotation/Prokka/E745_spades/E745_spades:tig00000002_119 (length 267)
/home/yuch3531/genome_analysis_project/5_genome_annotation/Prokka/E745_spades/E745_spades:tig00000002_120 (length 320)
/home/yuch3531/genome_analysis_project/5_genome_annotation/Prokka/E745_spades/E745_spades:tig00000002_121 (length 479)
/home/yuch3531/genome_analysis_project/5_genome_annotation/Prokka/E745_spades/E745_spades:tig00000002_122 (length 648)
/home/yuch3531/genome_analysis_project/5_genome_annotation/Prokka/E745_spades/E745_spades:tig00000002_123 (length 390)
/home/yuch3531/genome_analysis_project/5_genome_annotation/Prokka/E745_spades/E745_spades:tig00000002_124 (length 290)
/home/yuch3531/genome_analysis_project/5_genome_annotation/Prokka/E745_spades/E745_spades:tig00000002_125 (length 94)
/home/yuch3531/genome_analysis_project/5_genome_annotation/Prokka/E745_spades/E745_spades:tig00000002_126 (length 139)
/home/yuch3531/genome_analysis_project/5_genome_annotation/Prokka/E745_spades/E745_spades:tig00000002_127 (length 199)
/home/yuch3531/genome_analysis_project/5_genome_annotation/Prokka/E745_spades/E745_spades:tig00000002_128 (length 199)
/home/yuch3531/genome_analysis_project/5_genome_annotation/Prokka/E745_spades/E745_spades:tig00000002_129 (length 60)
/home/yuch3531/genome_analysis_project/5_genome_annotation/Prokka/E745_spades/E745_spades:tig00000002_130 (length 59)
/home/yuch3531/genome_analysis_project/5_genome_annotation/Prokka/E745_spades/E745_spades:tig00000002_131 (length 506)
/home/yuch3531/genome_analysis_project/5_genome_annotation/Prokka/E745_spades/E745_spades:tig00000002_132 (length 190)
/home/yuch3531/genome_analysis_project/5_genome_annotation/Prokka/E745_spades/E745_spades:tig00000002_133 (length 220)
/home/yuch3531/genome_analysis_project/5_genome_annotation/Prokka/E745_spades/E745_spades:tig00000002_134 (length 171)
/home/yuch3531/genome_analysis_project/5_genome_annotation/Prokka/E745_spades/E745_spades:tig00000002_135 (length 94)
/home/yuch3531/genome_analysis_project/5_genome_annotation/Prokka/E745_spades/E745_spades:tig00000002_136 (length 442)
/home/yuch3531/genome_analysis_project/5_genome_annotation/Prokka/E745_spades/E745_spades:tig00000002_137 (length 151)
/home/yuch3531/genome_analysis_project/5_genome_annotation/Prokka/E745_spades/E745_spades:tig00000002_138 (length 648)
/home/yuch3531/genome_analysis_project/5_genome_annotation/Prokka/E745_spades/E745_spades:tig00000002_139 (length 392)
/home/yuch3531/genome_analysis_project/5_genome_annotation/Prokka/E745_spades/E745_spades:tig00000002_140 (length 96)
/home/yuch3531/genome_analysis_project/5_genome_annotation/Prokka/E745_spades/E745_spades:tig00000002_141 (length 87)
/home/yuch3531/genome_analysis_project/5_genome_annotation/Prokka/E745_spades/E745_spades:tig00000002_142 (length 317)
/home/yuch3531/genome_analysis_project/5_genome_annotation/Prokka/E745_spades/E745_spades:tig00000002_143 (length 93)
/home/yuch3531/genome_analysis_project/5_genome_annotation/Prokka/E745_spades/E745_spades:tig00000002_144 (length 118)
/home/yuch3531/genome_analysis_project/5_genome_annotation/Prokka/E745_spades/E745_spades:tig00000002_145 (length 59)
/home/yuch3531/genome_analysis_project/5_genome_annotation/Prokka/E745_spades/E745_spades:tig00000002_146 (length 90)
/home/yuch3531/genome_analysis_project/5_genome_annotation/Prokka/E745_spades/E745_spades:tig00000002_147 (length 51)
/home/yuch3531/genome_analysis_project/5_genome_annotation/Prokka/E745_spades/E745_spades:tig00000002_148 (length 83)
/home/yuch3531/genome_analysis_project/5_genome_annotation/Prokka/E745_spades/E745_spades:tig00000002_149 (length 68)
/home/yuch3531/genome_analysis_project/5_genome_annotation/Prokka/E745_spades/E745_spades:tig00000002_150 (length 85)
/home/yuch3531/genome_analysis_project/5_genome_annotation/Prokka/E745_spades/E745_spades:tig00000002_151 (length 101)
/home/yuch3531/genome_analysis_project/5_genome_annotation/Prokka/E745_spades/E745_spades:tig00000002_152 (length 43)
/home/yuch3531/genome_analysis_project/5_genome_annotation/Prokka/E745_spades/E745_spades:tig00000002_153 (length 299)
/home/yuch3531/genome_analysis_project/5_genome_annotation/Prokka/E745_spades/E745_spades:tig00000002_154 (length 198)
/home/yuch3531/genome_analysis_project/5_genome_annotation/Prokka/E745_spades/E745_spades:tig00000002_155 (length 49)
/home/yuch3531/genome_analysis_project/5_genome_annotation/Prokka/E745_spades/E745_spades:tig00000002_156 (length 669)
/home/yuch3531/genome_analysis_project/5_genome_annotation/Prokka/E745_spades/E745_spades:tig00000002_157 (length 489)
/home/yuch3531/genome_analysis_project/5_genome_annotation/Prokka/E745_spades/E745_spades:tig00000002_158 (length 790)
/home/yuch3531/genome_analysis_project/5_genome_annotation/Prokka/E745_spades/E745_spades:tig00000002_159 (length 416)
/home/yuch3531/genome_analysis_project/5_genome_annotation/Prokka/E745_spades/E745_spades:tig00000002_160 (length 64)
/home/yuch3531/genome_analysis_project/5_genome_annotation/Prokka/E745_spades/E745_spades:tig00000002_161 (length 111)
/home/yuch3531/genome_analysis_project/5_genome_annotation/Prokka/E745_spades/E745_spades:tig00000002_162 (length 530)
/home/yuch3531/genome_analysis_project/5_genome_annotation/Prokka/E745_spades/E745_spades:tig00000002_163 (length 140)
/home/yuch3531/genome_analysis_project/5_genome_annotation/Prokka/E745_spades/E745_spades:tig00000002_164 (length 98)
/home/yuch3531/genome_analysis_project/5_genome_annotation/Prokka/E745_spades/E745_spades:tig00000002_165 (length 89)
/home/yuch3531/genome_analysis_project/5_genome_annotation/Prokka/E745_spades/E745_spades:tig00000002_166 (length 357)
/home/yuch3531/genome_analysis_project/5_genome_annotation/Prokka/E745_spades/E745_spades:tig00000002_167 (length 44)
/home/yuch3531/genome_analysis_project/5_genome_annotation/Prokka/E745_spades/E745_spades:tig00000002_168 (length 268)
/home/yuch3531/genome_analysis_project/5_genome_annotation/Prokka/E745_spades/E745_spades:tig00000002_169 (length 214)
/home/yuch3531/genome_analysis_project/5_genome_annotation/Prokka/E745_spades/E745_spades:tig00000002_170 (length 401)
/home/yuch3531/genome_analysis_project/5_genome_annotation/Prokka/E745_spades/E745_spades:tig00000002_171 (length 674)
/home/yuch3531/genome_analysis_project/5_genome_annotation/Prokka/E745_spades/E745_spades:tig00000002_172 (length 50)
/home/yuch3531/genome_analysis_project/5_genome_annotation/Prokka/E745_spades/E745_spades:tig00000002_173 (length 197)
/home/yuch3531/genome_analysis_project/5_genome_annotation/Prokka/E745_spades/E745_spades:tig00000002_174 (length 110)
/home/yuch3531/genome_analysis_project/5_genome_annotation/Prokka/E745_spades/E745_spades:tig00000002_175 (length 790)
/home/yuch3531/genome_analysis_project/5_genome_annotation/Prokka/E745_spades/E745_spades:tig00000002_176 (length 263)
/home/yuch3531/genome_analysis_project/5_genome_annotation/Prokka/E745_spades/E745_spades:tig00000002_177 (length 632)
/home/yuch3531/genome_analysis_project/5_genome_annotation/Prokka/E745_spades/E745_spades:tig00000002_178 (length 609)
/home/yuch3531/genome_analysis_project/5_genome_annotation/Prokka/E745_spades/E745_spades:tig00000002_179 (length 687)
/home/yuch3531/genome_analysis_project/5_genome_annotation/Prokka/E745_spades/E745_spades:tig00000002_180 (length 100)
/home/yuch3531/genome_analysis_project/5_genome_annotation/Prokka/E745_spades/E745_spades:tig00000002_181 (length 80)
/home/yuch3531/genome_analysis_project/5_genome_annotation/Prokka/E745_spades/E745_spades:tig00000002_182 (length 144)
/home/yuch3531/genome_analysis_project/5_genome_annotation/Prokka/E745_spades/E745_spades:tig00000002_183 (length 696)
/home/yuch3531/genome_analysis_project/5_genome_annotation/Prokka/E745_spades/E745_spades:tig00000002_184 (length 86)
/home/yuch3531/genome_analysis_project/5_genome_annotation/Prokka/E745_spades/E745_spades:tig00000002_185 (length 251)
/home/yuch3531/genome_analysis_project/5_genome_annotation/Prokka/E745_spades/E745_spades:tig00000002_186 (length 250)
/home/yuch3531/genome_analysis_project/5_genome_annotation/Prokka/E745_spades/E745_spades:tig00000002_187 (length 271)
/home/yuch3531/genome_analysis_project/5_genome_annotation/Prokka/E745_spades/E745_spades:tig00000002_188 (length 390)
/home/yuch3531/genome_analysis_project/5_genome_annotation/Prokka/E745_spades/E745_spades:tig00000002_189 (length 224)
/home/yuch3531/genome_analysis_project/5_genome_annotation/Prokka/E745_spades/E745_spades:tig00000002_190 (length 357)
/home/yuch3531/genome_analysis_project/5_genome_annotation/Prokka/E745_spades/E745_spades:tig00000002_191 (length 229)
/home/yuch3531/genome_analysis_project/5_genome_annotation/Prokka/E745_spades/E745_spades:tig00000002_192 (length 79)
/home/yuch3531/genome_analysis_project/5_genome_annotation/Prokka/E745_spades/E745_spades:tig00000002_193 (length 40)
/home/yuch3531/genome_analysis_project/5_genome_annotation/Prokka/E745_spades/E745_spades:tig00000002_194 (length 51)
/home/yuch3531/genome_analysis_project/5_genome_annotation/Prokka/E745_spades/E745_spades:tig00000002_195 (length 110)
/home/yuch3531/genome_analysis_project/5_genome_annotation/Prokka/E745_spades/E745_spades:tig00000002_196 (length 346)
/home/yuch3531/genome_analysis_project/5_genome_annotation/Prokka/E745_spades/E745_spades:tig00000002_197 (length 291)
/home/yuch3531/genome_analysis_project/5_genome_annotation/Prokka/E745_spades/E745_spades:tig00000002_198 (length 91)
/home/yuch3531/genome_analysis_project/5_genome_annotation/Prokka/E745_spades/E745_spades:tig00000002_199 (length 234)
/home/yuch3531/genome_analysis_project/5_genome_annotation/Prokka/E745_spades/E745_spades:tig00000003_1 (length 151)
/home/yuch3531/genome_analysis_project/5_genome_annotation/Prokka/E745_spades/E745_spades:tig00000003_2 (length 45)
/home/yuch3531/genome_analysis_project/5_genome_annotation/Prokka/E745_spades/E745_spades:tig00000003_3 (length 725)
/home/yuch3531/genome_analysis_project/5_genome_annotation/Prokka/E745_spades/E745_spades:tig00000003_4 (length 486)
/home/yuch3531/genome_analysis_project/5_genome_annotation/Prokka/E745_spades/E745_spades:tig00000003_5 (length 734)
/home/yuch3531/genome_analysis_project/5_genome_annotation/Prokka/E745_spades/E745_spades:tig00000003_6 (length 49)
/home/yuch3531/genome_analysis_project/5_genome_annotation/Prokka/E745_spades/E745_spades:tig00000003_7 (length 197)
/home/yuch3531/genome_analysis_project/5_genome_annotation/Prokka/E745_spades/E745_spades:tig00000003_8 (length 299)
/home/yuch3531/genome_analysis_project/5_genome_annotation/Prokka/E745_spades/E745_spades:tig00000003_9 (length 161)
/home/yuch3531/genome_analysis_project/5_genome_annotation/Prokka/E745_spades/E745_spades:tig00000003_10 (length 86)
/home/yuch3531/genome_analysis_project/5_genome_annotation/Prokka/E745_spades/E745_spades:tig00000003_11 (length 68)
/home/yuch3531/genome_analysis_project/5_genome_annotation/Prokka/E745_spades/E745_spades:tig00000003_12 (length 83)
/home/yuch3531/genome_analysis_project/5_genome_annotation/Prokka/E745_spades/E745_spades:tig00000003_13 (length 145)
/home/yuch3531/genome_analysis_project/5_genome_annotation/Prokka/E745_spades/E745_spades:tig00000003_14 (length 235)
/home/yuch3531/genome_analysis_project/5_genome_annotation/Prokka/E745_spades/E745_spades:tig00000003_15 (length 66)
/home/yuch3531/genome_analysis_project/5_genome_annotation/Prokka/E745_spades/E745_spades:tig00000003_16 (length 59)
/home/yuch3531/genome_analysis_project/5_genome_annotation/Prokka/E745_spades/E745_spades:tig00000003_17 (length 49)
/home/yuch3531/genome_analysis_project/5_genome_annotation/Prokka/E745_spades/E745_spades:tig00000003_18 (length 87)
/home/yuch3531/genome_analysis_project/5_genome_annotation/Prokka/E745_spades/E745_spades:tig00000003_19 (length 116)
/home/yuch3531/genome_analysis_project/5_genome_annotation/Prokka/E745_spades/E745_spades:tig00000003_20 (length 204)
/home/yuch3531/genome_analysis_project/5_genome_annotation/Prokka/E745_spades/E745_spades:tig00000003_21 (length 441)
/home/yuch3531/genome_analysis_project/5_genome_annotation/Prokka/E745_spades/E745_spades:tig00000003_22 (length 116)
/home/yuch3531/genome_analysis_project/5_genome_annotation/Prokka/E745_spades/E745_spades:tig00000003_23 (length 34)
/home/yuch3531/genome_analysis_project/5_genome_annotation/Prokka/E745_spades/E745_spades:tig00000003_24 (length 97)
/home/yuch3531/genome_analysis_project/5_genome_annotation/Prokka/E745_spades/E745_spades:tig00000003_25 (length 38)
/home/yuch3531/genome_analysis_project/5_genome_annotation/Prokka/E745_spades/E745_spades:tig00000003_26 (length 230)
/home/yuch3531/genome_analysis_project/5_genome_annotation/Prokka/E745_spades/E745_spades:tig00000003_27 (length 184)
/home/yuch3531/genome_analysis_project/5_genome_annotation/Prokka/E745_spades/E745_spades:tig00000003_28 (length 33)
/home/yuch3531/genome_analysis_project/5_genome_annotation/Prokka/E745_spades/E745_spades:tig00000003_29 (length 89)
/home/yuch3531/genome_analysis_project/5_genome_annotation/Prokka/E745_spades/E745_spades:tig00000003_30 (length 125)
/home/yuch3531/genome_analysis_project/5_genome_annotation/Prokka/E745_spades/E745_spades:tig00000003_31 (length 110)
/home/yuch3531/genome_analysis_project/5_genome_annotation/Prokka/E745_spades/E745_spades:tig00000003_32 (length 102)
/home/yuch3531/genome_analysis_project/5_genome_annotation/Prokka/E745_spades/E745_spades:tig00000003_33 (length 75)
/home/yuch3531/genome_analysis_project/5_genome_annotation/Prokka/E745_spades/E745_spades:tig00000003_34 (length 38)
/home/yuch3531/genome_analysis_project/5_genome_annotation/Prokka/E745_spades/E745_spades:tig00000004_1 (length 133)
/home/yuch3531/genome_analysis_project/5_genome_annotation/Prokka/E745_spades/E745_spades:tig00000004_2 (length 245)
/home/yuch3531/genome_analysis_project/5_genome_annotation/Prokka/E745_spades/E745_spades:tig00000004_3 (length 416)
/home/yuch3531/genome_analysis_project/5_genome_annotation/Prokka/E745_spades/E745_spades:tig00000004_4 (length 64)
/home/yuch3531/genome_analysis_project/5_genome_annotation/Prokka/E745_spades/E745_spades:tig00000004_5 (length 218)
/home/yuch3531/genome_analysis_project/5_genome_annotation/Prokka/E745_spades/E745_spades:tig00000004_6 (length 109)
/home/yuch3531/genome_analysis_project/5_genome_annotation/Prokka/E745_spades/E745_spades:tig00000004_7 (length 159)
/home/yuch3531/genome_analysis_project/5_genome_annotation/Prokka/E745_spades/E745_spades:tig00000004_8 (length 80)
/home/yuch3531/genome_analysis_project/5_genome_annotation/Prokka/E745_spades/E745_spades:tig00000004_9 (length 50)
/home/yuch3531/genome_analysis_project/5_genome_annotation/Prokka/E745_spades/E745_spades:tig00000004_10 (length 102)
/home/yuch3531/genome_analysis_project/5_genome_annotation/Prokka/E745_spades/E745_spades:tig00000004_11 (length 76)
/home/yuch3531/genome_analysis_project/5_genome_annotation/Prokka/E745_spades/E745_spades:tig00000004_12 (length 120)
/home/yuch3531/genome_analysis_project/5_genome_annotation/Prokka/E745_spades/E745_spades:tig00000004_13 (length 154)
/home/yuch3531/genome_analysis_project/5_genome_annotation/Prokka/E745_spades/E745_spades:tig00000004_14 (length 214)
/home/yuch3531/genome_analysis_project/5_genome_annotation/Prokka/E745_spades/E745_spades:tig00000004_15 (length 174)
/home/yuch3531/genome_analysis_project/5_genome_annotation/Prokka/E745_spades/E745_spades:tig00000004_16 (length 182)
/home/yuch3531/genome_analysis_project/5_genome_annotation/Prokka/E745_spades/E745_spades:tig00000004_17 (length 106)
/home/yuch3531/genome_analysis_project/5_genome_annotation/Prokka/E745_spades/E745_spades:tig00000004_18 (length 68)
/home/yuch3531/genome_analysis_project/5_genome_annotation/Prokka/E745_spades/E745_spades:tig00000004_19 (length 116)
/home/yuch3531/genome_analysis_project/5_genome_annotation/Prokka/E745_spades/E745_spades:tig00000004_20 (length 39)
/home/yuch3531/genome_analysis_project/5_genome_annotation/Prokka/E745_spades/E745_spades:tig00000004_21 (length 163)
/home/yuch3531/genome_analysis_project/5_genome_annotation/Prokka/E745_spades/E745_spades:tig00000004_22 (length 46)
/home/yuch3531/genome_analysis_project/5_genome_annotation/Prokka/E745_spades/E745_spades:tig00000004_23 (length 62)
/home/yuch3531/genome_analysis_project/5_genome_annotation/Prokka/E745_spades/E745_spades:tig00000004_24 (length 107)
/home/yuch3531/genome_analysis_project/5_genome_annotation/Prokka/E745_spades/E745_spades:tig00000004_25 (length 74)
/home/yuch3531/genome_analysis_project/5_genome_annotation/Prokka/E745_spades/E745_spades:tig00000004_26 (length 88)
/home/yuch3531/genome_analysis_project/5_genome_annotation/Prokka/E745_spades/E745_spades:tig00000004_27 (length 70)
/home/yuch3531/genome_analysis_project/5_genome_annotation/Prokka/E745_spades/E745_spades:tig00000005_1 (length 74)
/home/yuch3531/genome_analysis_project/5_genome_annotation/Prokka/E745_spades/E745_spades:tig00000005_2 (length 95)
/home/yuch3531/genome_analysis_project/5_genome_annotation/Prokka/E745_spades/E745_spades:tig00000005_3 (length 294)
/home/yuch3531/genome_analysis_project/5_genome_annotation/Prokka/E745_spades/E745_spades:tig00000005_4 (length 98)
/home/yuch3531/genome_analysis_project/5_genome_annotation/Prokka/E745_spades/E745_spades:tig00000005_5 (length 226)
/home/yuch3531/genome_analysis_project/5_genome_annotation/Prokka/E745_spades/E745_spades:tig00000005_6 (length 231)
/home/yuch3531/genome_analysis_project/5_genome_annotation/Prokka/E745_spades/E745_spades:tig00000005_7 (length 364)
/home/yuch3531/genome_analysis_project/5_genome_annotation/Prokka/E745_spades/E745_spades:tig00000005_8 (length 322)
/home/yuch3531/genome_analysis_project/5_genome_annotation/Prokka/E745_spades/E745_spades:tig00000005_9 (length 343)
/home/yuch3531/genome_analysis_project/5_genome_annotation/Prokka/E745_spades/E745_spades:tig00000005_10 (length 202)
/home/yuch3531/genome_analysis_project/5_genome_annotation/Prokka/E745_spades/E745_spades:tig00000005_11 (length 226)
/home/yuch3531/genome_analysis_project/5_genome_annotation/Prokka/E745_spades/E745_spades:tig00000005_12 (length 132)
/home/yuch3531/genome_analysis_project/5_genome_annotation/Prokka/E745_spades/E745_spades:tig00000005_13 (length 94)
/home/yuch3531/genome_analysis_project/5_genome_annotation/Prokka/E745_spades/E745_spades:tig00000005_14 (length 99)
/home/yuch3531/genome_analysis_project/5_genome_annotation/Prokka/E745_spades/E745_spades:tig00000005_15 (length 496)
/home/yuch3531/genome_analysis_project/5_genome_annotation/Prokka/E745_spades/E745_spades:tig00000005_16 (length 56)
/home/yuch3531/genome_analysis_project/5_genome_annotation/Prokka/E745_spades/E745_spades:tig00000005_17 (length 205)
/home/yuch3531/genome_analysis_project/5_genome_annotation/Prokka/E745_spades/E745_spades:tig00000005_18 (length 30)
/home/yuch3531/genome_analysis_project/5_genome_annotation/Prokka/E745_spades/E745_spades:tig00000005_19 (length 226)
/home/yuch3531/genome_analysis_project/5_genome_annotation/Prokka/E745_spades/E745_spades:tig00000005_20 (length 150)
/home/yuch3531/genome_analysis_project/5_genome_annotation/Prokka/E745_spades/E745_spades:tig00000005_21 (length 229)
/home/yuch3531/genome_analysis_project/5_genome_annotation/Prokka/E745_spades/E745_spades:tig00000005_22 (length 783)
/home/yuch3531/genome_analysis_project/5_genome_annotation/Prokka/E745_spades/E745_spades:tig00000005_23 (length 128)
/home/yuch3531/genome_analysis_project/5_genome_annotation/Prokka/E745_spades/E745_spades:tig00000005_24 (length 205)
/home/yuch3531/genome_analysis_project/5_genome_annotation/Prokka/E745_spades/E745_spades:tig00000005_25 (length 99)
/home/yuch3531/genome_analysis_project/5_genome_annotation/Prokka/E745_spades/E745_spades:tig00000005_26 (length 55)
/home/yuch3531/genome_analysis_project/5_genome_annotation/Prokka/E745_spades/E745_spades:tig00000005_27 (length 201)
/home/yuch3531/genome_analysis_project/5_genome_annotation/Prokka/E745_spades/E745_spades:tig00000005_28 (length 456)
/home/yuch3531/genome_analysis_project/5_genome_annotation/Prokka/E745_spades/E745_spades:tig00000005_29 (length 226)
/home/yuch3531/genome_analysis_project/5_genome_annotation/Prokka/E745_spades/E745_spades:tig00000005_30 (length 105)
/home/yuch3531/genome_analysis_project/5_genome_annotation/Prokka/E745_spades/E745_spades:tig00000005_31 (length 197)
/home/yuch3531/genome_analysis_project/5_genome_annotation/Prokka/E745_spades/E745_spades:tig00000005_32 (length 226)
/home/yuch3531/genome_analysis_project/5_genome_annotation/Prokka/E745_spades/E745_spades:tig00000005_33 (length 174)
/home/yuch3531/genome_analysis_project/5_genome_annotation/Prokka/E745_spades/E745_spades:tig00000005_34 (length 471)
/home/yuch3531/genome_analysis_project/5_genome_annotation/Prokka/E745_spades/E745_spades:tig00000005_35 (length 120)
/home/yuch3531/genome_analysis_project/5_genome_annotation/Prokka/E745_spades/E745_spades:tig00000005_36 (length 105)
/home/yuch3531/genome_analysis_project/5_genome_annotation/Prokka/E745_spades/E745_spades:tig00000005_37 (length 139)
/home/yuch3531/genome_analysis_project/5_genome_annotation/Prokka/E745_spades/E745_spades:tig00000005_38 (length 163)
/home/yuch3531/genome_analysis_project/5_genome_annotation/Prokka/E745_spades/E745_spades:tig00000005_39 (length 226)
/home/yuch3531/genome_analysis_project/5_genome_annotation/Prokka/E745_spades/E745_spades:tig00000005_40 (length 78)
/home/yuch3531/genome_analysis_project/5_genome_annotation/Prokka/E745_spades/E745_spades:tig00000005_41 (length 91)
/home/yuch3531/genome_analysis_project/5_genome_annotation/Prokka/E745_spades/E745_spades:tig00000005_42 (length 317)
/home/yuch3531/genome_analysis_project/5_genome_annotation/Prokka/E745_spades/E745_spades:tig00000005_43 (length 497)
/home/yuch3531/genome_analysis_project/5_genome_annotation/Prokka/E745_spades/E745_spades:tig00000005_44 (length 98)
/home/yuch3531/genome_analysis_project/5_genome_annotation/Prokka/E745_spades/E745_spades:tig00000005_45 (length 226)
/home/yuch3531/genome_analysis_project/5_genome_annotation/Prokka/E745_spades/E745_spades:tig00000005_46 (length 485)
/home/yuch3531/genome_analysis_project/5_genome_annotation/Prokka/E745_spades/E745_spades:tig00000005_47 (length 121)
/home/yuch3531/genome_analysis_project/5_genome_annotation/Prokka/E745_spades/E745_spades:tig00000005_48 (length 322)
/home/yuch3531/genome_analysis_project/5_genome_annotation/Prokka/E745_spades/E745_spades:tig00000005_49 (length 343)
/home/yuch3531/genome_analysis_project/5_genome_annotation/Prokka/E745_spades/E745_spades:tig00000006_1 (length 37)
/home/yuch3531/genome_analysis_project/5_genome_annotation/Prokka/E745_spades/E745_spades:tig00000006_2 (length 132)
/home/yuch3531/genome_analysis_project/5_genome_annotation/Prokka/E745_spades/E745_spades:tig00000006_3 (length 178)
/home/yuch3531/genome_analysis_project/5_genome_annotation/Prokka/E745_spades/E745_spades:tig00000006_4 (length 86)
/home/yuch3531/genome_analysis_project/5_genome_annotation/Prokka/E745_spades/E745_spades:tig00000006_5 (length 674)
/home/yuch3531/genome_analysis_project/5_genome_annotation/Prokka/E745_spades/E745_spades:tig00000006_6 (length 50)
/home/yuch3531/genome_analysis_project/5_genome_annotation/Prokka/E745_spades/E745_spades:tig00000006_7 (length 197)
/home/yuch3531/genome_analysis_project/5_genome_annotation/Prokka/E745_spades/E745_spades:tig00000006_8 (length 110)
/home/yuch3531/genome_analysis_project/5_genome_annotation/Prokka/E745_spades/E745_spades:tig00000006_9 (length 790)
/home/yuch3531/genome_analysis_project/5_genome_annotation/Prokka/E745_spades/E745_spades:tig00000006_10 (length 263)
/home/yuch3531/genome_analysis_project/5_genome_annotation/Prokka/E745_spades/E745_spades:tig00000006_11 (length 227)
/home/yuch3531/genome_analysis_project/5_genome_annotation/Prokka/E745_spades/E745_spades:tig00000006_12 (length 400)
/home/yuch3531/genome_analysis_project/5_genome_annotation/Prokka/E745_spades/E745_spades:tig00000006_13 (length 92)
/home/yuch3531/genome_analysis_project/5_genome_annotation/Prokka/E745_spades/E745_spades:tig00000006_14 (length 370)
/home/yuch3531/genome_analysis_project/5_genome_annotation/Prokka/E745_spades/E745_spades:tig00000006_15 (length 171)
/home/yuch3531/genome_analysis_project/5_genome_annotation/Prokka/E745_spades/E745_spades:tig00000006_16 (length 127)
/home/yuch3531/genome_analysis_project/5_genome_annotation/Prokka/E745_spades/E745_spades:tig00000006_17 (length 329)
/home/yuch3531/genome_analysis_project/5_genome_annotation/Prokka/E745_spades/E745_spades:tig00000006_18 (length 47)
/home/yuch3531/genome_analysis_project/5_genome_annotation/Prokka/E745_spades/E745_spades:tig00000007_1 (length 122)
/home/yuch3531/genome_analysis_project/5_genome_annotation/Prokka/E745_spades/E745_spades:tig00000007_2 (length 60)
/home/yuch3531/genome_analysis_project/5_genome_annotation/Prokka/E745_spades/E745_spades:tig00000007_3 (length 138)
/home/yuch3531/genome_analysis_project/5_genome_annotation/Prokka/E745_spades/E745_spades:tig00000007_4 (length 97)
/home/yuch3531/genome_analysis_project/5_genome_annotation/Prokka/E745_spades/E745_spades:tig00000007_5 (length 231)
/home/yuch3531/genome_analysis_project/5_genome_annotation/Prokka/E745_spades/E745_spades:tig00000007_6 (length 66)
/home/yuch3531/genome_analysis_project/5_genome_annotation/Prokka/E745_spades/E745_spades:tig00000007_7 (length 59)
/home/yuch3531/genome_analysis_project/5_genome_annotation/Prokka/E745_spades/E745_spades:tig00000007_8 (length 77)
/home/yuch3531/genome_analysis_project/5_genome_annotation/Prokka/E745_spades/E745_spades:tig00000007_9 (length 34)
/home/yuch3531/genome_analysis_project/5_genome_annotation/Prokka/E745_spades/E745_spades:tig00000007_10 (length 96)
/home/yuch3531/genome_analysis_project/5_genome_annotation/Prokka/E745_spades/E745_spades:tig00000007_11 (length 140)
/home/yuch3531/genome_analysis_project/5_genome_annotation/Prokka/E745_spades/E745_spades:tig00000007_12 (length 204)
/home/yuch3531/genome_analysis_project/5_genome_annotation/Prokka/E745_spades/E745_spades:tig00000007_13 (length 441)
/home/yuch3531/genome_analysis_project/5_genome_annotation/Prokka/E745_spades/E745_spades:tig00000007_14 (length 116)
/home/yuch3531/genome_analysis_project/5_genome_annotation/Prokka/E745_spades/E745_spades:tig00000007_15 (length 59)
/home/yuch3531/genome_analysis_project/5_genome_annotation/Prokka/E745_spades/E745_spades:tig00000007_16 (length 113)
/home/yuch3531/genome_analysis_project/5_genome_annotation/Prokka/E745_spades/E745_spades:tig00000007_17 (length 262)
/home/yuch3531/genome_analysis_project/5_genome_annotation/Prokka/E745_spades/E745_spades:tig00000007_18 (length 108)
/home/yuch3531/genome_analysis_project/5_genome_annotation/Prokka/E745_spades/E745_spades:tig00000007_19 (length 346)
/home/yuch3531/genome_analysis_project/5_genome_annotation/Prokka/E745_spades/E745_spades:tig00000007_20 (length 106)
/home/yuch3531/genome_analysis_project/5_genome_annotation/Prokka/E745_spades/E745_spades:tig00000007_21 (length 75)
/home/yuch3531/genome_analysis_project/5_genome_annotation/Prokka/E745_spades/E745_spades:tig00000007_22 (length 231)
/home/yuch3531/genome_analysis_project/5_genome_annotation/Prokka/E745_spades/E745_spades:tig00000007_23 (length 66)
/home/yuch3531/genome_analysis_project/5_genome_annotation/Prokka/E745_spades/E745_spades:tig00000007_24 (length 59)
/home/yuch3531/genome_analysis_project/5_genome_annotation/Prokka/E745_spades/E745_spades:tig00000007_25 (length 45)
/home/yuch3531/genome_analysis_project/5_genome_annotation/Prokka/E745_spades/E745_spades:tig00000007_26 (length 85)
/home/yuch3531/genome_analysis_project/5_genome_annotation/Prokka/E745_spades/E745_spades:tig00000007_27 (length 51)
/home/yuch3531/genome_analysis_project/5_genome_annotation/Prokka/E745_spades/E745_spades:tig00000007_28 (length 96)
/home/yuch3531/genome_analysis_project/5_genome_annotation/Prokka/E745_spades/E745_spades:tig00000008_1 (length 127)
/home/yuch3531/genome_analysis_project/5_genome_annotation/Prokka/E745_spades/E745_spades:tig00000008_2 (length 72)
/home/yuch3531/genome_analysis_project/5_genome_annotation/Prokka/E745_spades/E745_spades:tig00000008_3 (length 148)
/home/yuch3531/genome_analysis_project/5_genome_annotation/Prokka/E745_spades/E745_spades:tig00000008_4 (length 229)
/home/yuch3531/genome_analysis_project/5_genome_annotation/Prokka/E745_spades/E745_spades:tig00000008_5 (length 245)
/home/yuch3531/genome_analysis_project/5_genome_annotation/Prokka/E745_spades/E745_spades:tig00000008_6 (length 179)
/home/yuch3531/genome_analysis_project/5_genome_annotation/Prokka/E745_spades/E745_spades:tig00000008_7 (length 56)
/home/yuch3531/genome_analysis_project/5_genome_annotation/Prokka/E745_spades/E745_spades:tig00000008_8 (length 153)
/home/yuch3531/genome_analysis_project/5_genome_annotation/Prokka/E745_spades/E745_spades:tig00000008_9 (length 124)
/home/yuch3531/genome_analysis_project/5_genome_annotation/Prokka/E745_spades/E745_spades:tig00000008_10 (length 712)
/home/yuch3531/genome_analysis_project/5_genome_annotation/Prokka/E745_spades/E745_spades:tig00000008_11 (length 206)
/home/yuch3531/genome_analysis_project/5_genome_annotation/Prokka/E745_spades/E745_spades:tig00000008_12 (length 45)
/home/yuch3531/genome_analysis_project/5_genome_annotation/Prokka/E745_spades/E745_spades:tig00000008_13 (length 126)
/home/yuch3531/genome_analysis_project/5_genome_annotation/Prokka/E745_spades/E745_spades:tig00000008_14 (length 304)
/home/yuch3531/genome_analysis_project/5_genome_annotation/Prokka/E745_spades/E745_spades:tig00000008_15 (length 229)
/home/yuch3531/genome_analysis_project/5_genome_annotation/Prokka/E745_spades/E745_spades:tig00000008_16 (length 245)
/home/yuch3531/genome_analysis_project/5_genome_annotation/Prokka/E745_spades/E745_spades:tig00000008_17 (length 179)
/home/yuch3531/genome_analysis_project/5_genome_annotation/Prokka/E745_spades/E745_spades:tig00000008_18 (length 56)
/home/yuch3531/genome_analysis_project/5_genome_annotation/Prokka/E745_spades/E745_spades:tig00000008_19 (length 118)
/home/yuch3531/genome_analysis_project/5_genome_annotation/Prokka/E745_spades/E745_spades:tig00000008_20 (length 44)
/home/yuch3531/genome_analysis_project/5_genome_annotation/Prokka/E745_spades/E745_spades:tig00000009_1 (length 230)
/home/yuch3531/genome_analysis_project/5_genome_annotation/Prokka/E745_spades/E745_spades:tig00000009_2 (length 211)
/home/yuch3531/genome_analysis_project/5_genome_annotation/Prokka/E745_spades/E745_spades:tig00000009_3 (length 50)
/home/yuch3531/genome_analysis_project/5_genome_annotation/Prokka/E745_spades/E745_spades:tig00000009_4 (length 109)
/home/yuch3531/genome_analysis_project/5_genome_annotation/Prokka/E745_spades/E745_spades:tig00000009_5 (length 50)
/home/yuch3531/genome_analysis_project/5_genome_annotation/Prokka/E745_spades/E745_spades:tig00000009_6 (length 139)
/home/yuch3531/genome_analysis_project/5_genome_annotation/Prokka/E745_spades/E745_spades:tig00000009_7 (length 171)
/home/yuch3531/genome_analysis_project/5_genome_annotation/Prokka/E745_spades/E745_spades:tig00000009_8 (length 276)
/home/yuch3531/genome_analysis_project/5_genome_annotation/Prokka/E745_spades/E745_spades:tig00000009_9 (length 142)
/home/yuch3531/genome_analysis_project/5_genome_annotation/Prokka/E745_spades/E745_spades:tig00000009_10 (length 107)
/home/yuch3531/genome_analysis_project/5_genome_annotation/Prokka/E745_spades/E745_spades:tig00000009_11 (length 120)
/home/yuch3531/genome_analysis_project/5_genome_annotation/Prokka/E745_spades/E745_spades:tig00000009_12 (length 48)
/home/yuch3531/genome_analysis_project/5_genome_annotation/Prokka/E745_spades/E745_spades:tig00000009_13 (length 73)
/home/yuch3531/genome_analysis_project/5_genome_annotation/Prokka/E745_spades/E745_spades:tig00000009_14 (length 36)
/home/yuch3531/genome_analysis_project/5_genome_annotation/Prokka/E745_spades/E745_spades:tig00000009_15 (length 556)
/home/yuch3531/genome_analysis_project/5_genome_annotation/Prokka/E745_spades/E745_spades:tig00000009_16 (length 238)
/home/yuch3531/genome_analysis_project/5_genome_annotation/Prokka/E745_spades/E745_spades:tig00000009_17 (length 605)
/home/yuch3531/genome_analysis_project/5_genome_annotation/Prokka/E745_spades/E745_spades:tig00000009_18 (length 632)
/home/yuch3531/genome_analysis_project/5_genome_annotation/Prokka/E745_spades/E745_spades:tig00000009_19 (length 335)
/home/yuch3531/genome_analysis_project/5_genome_annotation/Prokka/E745_spades/E745_spades:tig00000009_20 (length 846)
/home/yuch3531/genome_analysis_project/5_genome_annotation/Prokka/E745_spades/E745_spades:tig00000009_21 (length 73)
/home/yuch3531/genome_analysis_project/5_genome_annotation/Prokka/E745_spades/E745_spades:tig00000009_22 (length 205)
/home/yuch3531/genome_analysis_project/5_genome_annotation/Prokka/E745_spades/E745_spades:tig00000009_23 (length 155)
/home/yuch3531/genome_analysis_project/5_genome_annotation/Prokka/E745_spades/E745_spades:tig00000009_24 (length 300)
/home/yuch3531/genome_analysis_project/5_genome_annotation/Prokka/E745_spades/E745_spades:tig00000009_25 (length 167)
/home/yuch3531/genome_analysis_project/5_genome_annotation/Prokka/E745_spades/E745_spades:tig00000009_26 (length 54)
/home/yuch3531/genome_analysis_project/5_genome_annotation/Prokka/E745_spades/E745_spades:tig00000009_27 (length 32)
/home/yuch3531/genome_analysis_project/5_genome_annotation/Prokka/E745_spades/E745_spades:tig00000009_28 (length 337)
/home/yuch3531/genome_analysis_project/5_genome_annotation/Prokka/E745_spades/E745_spades:tig00000009_29 (length 216)
/home/yuch3531/genome_analysis_project/5_genome_annotation/Prokka/E745_spades/E745_spades:tig00000009_30 (length 298)
/home/yuch3531/genome_analysis_project/5_genome_annotation/Prokka/E745_spades/E745_spades:tig00000009_31 (length 76)
/home/yuch3531/genome_analysis_project/5_genome_annotation/Prokka/E745_spades/E745_spades:tig00000009_32 (length 44)
/home/yuch3531/genome_analysis_project/5_genome_annotation/Prokka/E745_spades/E745_spades:tig00000012_1 (length 142)
/home/yuch3531/genome_analysis_project/5_genome_annotation/Prokka/E745_spades/E745_spades:tig00000012_2 (length 107)
/home/yuch3531/genome_analysis_project/5_genome_annotation/Prokka/E745_spades/E745_spades:tig00000012_3 (length 608)
/home/yuch3531/genome_analysis_project/5_genome_annotation/Prokka/E745_spades/E745_spades:tig00000012_4 (length 180)
/home/yuch3531/genome_analysis_project/5_genome_annotation/Prokka/E745_spades/E745_spades:tig00000012_5 (length 44)

DiscRep_ALL:DISC_SOURCE_QUALS_ASNDISC::strain (all present, all same)
DiscRep_SUB:DISC_SOURCE_QUALS_ASNDISC::10 sources have 'E745' for strain
DiscRep_ALL:DISC_SOURCE_QUALS_ASNDISC::taxname (all present, all same)
DiscRep_SUB:DISC_SOURCE_QUALS_ASNDISC::10 sources have 'Enterococcus faecium' for taxname
DiscRep_ALL:DISC_FEATURE_COUNT::gene: 3164 present
DiscRep_ALL:DISC_FEATURE_COUNT::CDS: 3093 present
DiscRep_ALL:DISC_FEATURE_COUNT::tRNA: 70 present
DiscRep_ALL:DISC_FEATURE_COUNT::tmRNA: 1 present
DiscRep_ALL:DISC_COUNT_NUCLEOTIDES::10 nucleotide Bioseqs are present
/home/yuch3531/genome_analysis_project/5_genome_annotation/Prokka/E745_spades/E745_spades:tig00000001 (length 2762475)
/home/yuch3531/genome_analysis_project/5_genome_annotation/Prokka/E745_spades/E745_spades:tig00000002 (length 199382)
/home/yuch3531/genome_analysis_project/5_genome_annotation/Prokka/E745_spades/E745_spades:tig00000003 (length 22772)
/home/yuch3531/genome_analysis_project/5_genome_annotation/Prokka/E745_spades/E745_spades:tig00000004 (length 14734)
/home/yuch3531/genome_analysis_project/5_genome_annotation/Prokka/E745_spades/E745_spades:tig00000005 (length 40013)
/home/yuch3531/genome_analysis_project/5_genome_annotation/Prokka/E745_spades/E745_spades:tig00000006 (length 15013)
/home/yuch3531/genome_analysis_project/5_genome_annotation/Prokka/E745_spades/E745_spades:tig00000007 (length 16044)
/home/yuch3531/genome_analysis_project/5_genome_annotation/Prokka/E745_spades/E745_spades:tig00000008 (length 15428)
/home/yuch3531/genome_analysis_project/5_genome_annotation/Prokka/E745_spades/E745_spades:tig00000009 (length 24948)
/home/yuch3531/genome_analysis_project/5_genome_annotation/Prokka/E745_spades/E745_spades:tig00000012 (length 4225)

DiscRep_ALL:OVERLAPPING_GENES::782 genes overlap another gene on the same strand.
/home/yuch3531/genome_analysis_project/5_genome_annotation/Prokka/E745_spades/E745_spades:Gene	E745S_00007	tig00000001:6032-6382	E745S_00007
/home/yuch3531/genome_analysis_project/5_genome_annotation/Prokka/E745_spades/E745_spades:Gene	E745S_00008	tig00000001:6363-6485	E745S_00008
/home/yuch3531/genome_analysis_project/5_genome_annotation/Prokka/E745_spades/E745_spades:Gene	srrA_1	tig00000001:6506-7078	E745S_00009
/home/yuch3531/genome_analysis_project/5_genome_annotation/Prokka/E745_spades/E745_spades:Gene	rcsC_1	tig00000001:7078-8526	E745S_00010
/home/yuch3531/genome_analysis_project/5_genome_annotation/Prokka/E745_spades/E745_spades:Gene	E745S_00011	tig00000001:c9106-8597	E745S_00011
/home/yuch3531/genome_analysis_project/5_genome_annotation/Prokka/E745_spades/E745_spades:Gene	E745S_00012	tig00000001:c9821-9096	E745S_00012
/home/yuch3531/genome_analysis_project/5_genome_annotation/Prokka/E745_spades/E745_spades:Gene	E745S_00033	tig00000001:c31497-31147	E745S_00033
/home/yuch3531/genome_analysis_project/5_genome_annotation/Prokka/E745_spades/E745_spades:Gene	E745S_00034	tig00000001:c32794-31463	E745S_00034
/home/yuch3531/genome_analysis_project/5_genome_annotation/Prokka/E745_spades/E745_spades:Gene	E745S_00048	tig00000001:39972-40313	E745S_00048
/home/yuch3531/genome_analysis_project/5_genome_annotation/Prokka/E745_spades/E745_spades:Gene	E745S_00049	tig00000001:40306-40977	E745S_00049
/home/yuch3531/genome_analysis_project/5_genome_annotation/Prokka/E745_spades/E745_spades:Gene	E745S_00053	tig00000001:42707-42871	E745S_00053
/home/yuch3531/genome_analysis_project/5_genome_annotation/Prokka/E745_spades/E745_spades:Gene	E745S_00054	tig00000001:42864-43169	E745S_00054
/home/yuch3531/genome_analysis_project/5_genome_annotation/Prokka/E745_spades/E745_spades:Gene	E745S_00055	tig00000001:43163-43453	E745S_00055
/home/yuch3531/genome_analysis_project/5_genome_annotation/Prokka/E745_spades/E745_spades:Gene	E745S_00056	tig00000001:43453-43809	E745S_00056
/home/yuch3531/genome_analysis_project/5_genome_annotation/Prokka/E745_spades/E745_spades:Gene	E745S_00057	tig00000001:43769-44014	E745S_00057
/home/yuch3531/genome_analysis_project/5_genome_annotation/Prokka/E745_spades/E745_spades:Gene	E745S_00058	tig00000001:44011-44430	E745S_00058
/home/yuch3531/genome_analysis_project/5_genome_annotation/Prokka/E745_spades/E745_spades:Gene	E745S_00059	tig00000001:44427-44993	E745S_00059
/home/yuch3531/genome_analysis_project/5_genome_annotation/Prokka/E745_spades/E745_spades:Gene	E745S_00060	tig00000001:44990-45124	E745S_00060
/home/yuch3531/genome_analysis_project/5_genome_annotation/Prokka/E745_spades/E745_spades:Gene	E745S_00064	tig00000001:47191-47577	E745S_00064
/home/yuch3531/genome_analysis_project/5_genome_annotation/Prokka/E745_spades/E745_spades:Gene	E745S_00065	tig00000001:47558-47944	E745S_00065
/home/yuch3531/genome_analysis_project/5_genome_annotation/Prokka/E745_spades/E745_spades:Gene	E745S_00066	tig00000001:47941-48321	E745S_00066
/home/yuch3531/genome_analysis_project/5_genome_annotation/Prokka/E745_spades/E745_spades:Gene	E745S_00067	tig00000001:48433-48885	E745S_00067
/home/yuch3531/genome_analysis_project/5_genome_annotation/Prokka/E745_spades/E745_spades:Gene	E745S_00068	tig00000001:48882-50609	E745S_00068
/home/yuch3531/genome_analysis_project/5_genome_annotation/Prokka/E745_spades/E745_spades:Gene	E745S_00072	tig00000001:53776-54054	E745S_00072
/home/yuch3531/genome_analysis_project/5_genome_annotation/Prokka/E745_spades/E745_spades:Gene	E745S_00073	tig00000001:54035-54361	E745S_00073
/home/yuch3531/genome_analysis_project/5_genome_annotation/Prokka/E745_spades/E745_spades:Gene	E745S_00074	tig00000001:54351-54689	E745S_00074
/home/yuch3531/genome_analysis_project/5_genome_annotation/Prokka/E745_spades/E745_spades:Gene	E745S_00075	tig00000001:54679-55044	E745S_00075
/home/yuch3531/genome_analysis_project/5_genome_annotation/Prokka/E745_spades/E745_spades:Gene	E745S_00076	tig00000001:55051-55677	E745S_00076
/home/yuch3531/genome_analysis_project/5_genome_annotation/Prokka/E745_spades/E745_spades:Gene	E745S_00077	tig00000001:55677-56141	E745S_00077
/home/yuch3531/genome_analysis_project/5_genome_annotation/Prokka/E745_spades/E745_spades:Gene	E745S_00078	tig00000001:56336-58645	E745S_00078
/home/yuch3531/genome_analysis_project/5_genome_annotation/Prokka/E745_spades/E745_spades:Gene	E745S_00079	tig00000001:58642-59361	E745S_00079
/home/yuch3531/genome_analysis_project/5_genome_annotation/Prokka/E745_spades/E745_spades:Gene	E745S_00080	tig00000001:59358-62063	E745S_00080
/home/yuch3531/genome_analysis_project/5_genome_annotation/Prokka/E745_spades/E745_spades:Gene	E745S_00082	tig00000001:63812-64594	E745S_00082
/home/yuch3531/genome_analysis_project/5_genome_annotation/Prokka/E745_spades/E745_spades:Gene	E745S_00083	tig00000001:64594-66660	E745S_00083
/home/yuch3531/genome_analysis_project/5_genome_annotation/Prokka/E745_spades/E745_spades:Gene	E745S_00089	tig00000001:c69672-68866	E745S_00089
/home/yuch3531/genome_analysis_project/5_genome_annotation/Prokka/E745_spades/E745_spades:Gene	E745S_00090	tig00000001:c70205-69669	E745S_00090
/home/yuch3531/genome_analysis_project/5_genome_annotation/Prokka/E745_spades/E745_spades:Gene	fepC	tig00000001:79963-80769	E745S_00100
/home/yuch3531/genome_analysis_project/5_genome_annotation/Prokka/E745_spades/E745_spades:Gene	feuB	tig00000001:80766-81755	E745S_00101
/home/yuch3531/genome_analysis_project/5_genome_annotation/Prokka/E745_spades/E745_spades:Gene	feuC	tig00000001:81752-82756	E745S_00102
/home/yuch3531/genome_analysis_project/5_genome_annotation/Prokka/E745_spades/E745_spades:Gene	yqgQ	tig00000001:84169-84381	E745S_00105
/home/yuch3531/genome_analysis_project/5_genome_annotation/Prokka/E745_spades/E745_spades:Gene	glcK	tig00000001:84381-85343	E745S_00106
/home/yuch3531/genome_analysis_project/5_genome_annotation/Prokka/E745_spades/E745_spades:Gene	E745S_00108	tig00000001:85919-86284	E745S_00108
/home/yuch3531/genome_analysis_project/5_genome_annotation/Prokka/E745_spades/E745_spades:Gene	E745S_00109	tig00000001:86281-88092	E745S_00109
/home/yuch3531/genome_analysis_project/5_genome_annotation/Prokka/E745_spades/E745_spades:Gene	tsaB	tig00000001:92147-92971	E745S_00114
/home/yuch3531/genome_analysis_project/5_genome_annotation/Prokka/E745_spades/E745_spades:Gene	E745S_00115	tig00000001:92955-93497	E745S_00115
/home/yuch3531/genome_analysis_project/5_genome_annotation/Prokka/E745_spades/E745_spades:Gene	rimI	tig00000001:93504-93968	E745S_00116
/home/yuch3531/genome_analysis_project/5_genome_annotation/Prokka/E745_spades/E745_spades:Gene	tsaD	tig00000001:93965-94981	E745S_00117
/home/yuch3531/genome_analysis_project/5_genome_annotation/Prokka/E745_spades/E745_spades:Gene	phnX_2	tig00000001:c103395-103267	E745S_00124
/home/yuch3531/genome_analysis_project/5_genome_annotation/Prokka/E745_spades/E745_spades:Gene	phnW	tig00000001:c104479-103388	E745S_00125
/home/yuch3531/genome_analysis_project/5_genome_annotation/Prokka/E745_spades/E745_spades:Gene	uppS	tig00000001:108909-109721	E745S_00131
/home/yuch3531/genome_analysis_project/5_genome_annotation/Prokka/E745_spades/E745_spades:Gene	E745S_00132	tig00000001:109718-110518	E745S_00132
/home/yuch3531/genome_analysis_project/5_genome_annotation/Prokka/E745_spades/E745_spades:Gene	E745S_00138	tig00000001:120132-120425	E745S_00138
/home/yuch3531/genome_analysis_project/5_genome_annotation/Prokka/E745_spades/E745_spades:Gene	rplGA	tig00000001:120422-120733	E745S_00139
/home/yuch3531/genome_analysis_project/5_genome_annotation/Prokka/E745_spades/E745_spades:Gene	xpkA_1	tig00000001:124698-125687	E745S_00143
/home/yuch3531/genome_analysis_project/5_genome_annotation/Prokka/E745_spades/E745_spades:Gene	xpkA_2	tig00000001:125681-126565	E745S_00144
/home/yuch3531/genome_analysis_project/5_genome_annotation/Prokka/E745_spades/E745_spades:Gene	yvcJ	tig00000001:153181-154065	E745S_00168
/home/yuch3531/genome_analysis_project/5_genome_annotation/Prokka/E745_spades/E745_spades:Gene	E745S_00169	tig00000001:154062-155060	E745S_00169
/home/yuch3531/genome_analysis_project/5_genome_annotation/Prokka/E745_spades/E745_spades:Gene	cdaA	tig00000001:167689-168576	E745S_00181
/home/yuch3531/genome_analysis_project/5_genome_annotation/Prokka/E745_spades/E745_spades:Gene	E745S_00182	tig00000001:168573-169742	E745S_00182
/home/yuch3531/genome_analysis_project/5_genome_annotation/Prokka/E745_spades/E745_spades:Gene	glcR	tig00000001:182168-182920	E745S_00195
/home/yuch3531/genome_analysis_project/5_genome_annotation/Prokka/E745_spades/E745_spades:Gene	lacC_1	tig00000001:182917-183831	E745S_00196
/home/yuch3531/genome_analysis_project/5_genome_annotation/Prokka/E745_spades/E745_spades:Gene	gatC_1	tig00000001:191998-192303	E745S_00201
/home/yuch3531/genome_analysis_project/5_genome_annotation/Prokka/E745_spades/E745_spades:Gene	gatA_1	tig00000001:192303-193775	E745S_00202
/home/yuch3531/genome_analysis_project/5_genome_annotation/Prokka/E745_spades/E745_spades:Gene	gatB	tig00000001:193772-195202	E745S_00203
/home/yuch3531/genome_analysis_project/5_genome_annotation/Prokka/E745_spades/E745_spades:Gene	lacL	tig00000001:203060-204943	E745S_00210
/home/yuch3531/genome_analysis_project/5_genome_annotation/Prokka/E745_spades/E745_spades:Gene	lacM	tig00000001:204924-205898	E745S_00211
/home/yuch3531/genome_analysis_project/5_genome_annotation/Prokka/E745_spades/E745_spades:Gene	aroA	tig00000001:210965-212260	E745S_00216
/home/yuch3531/genome_analysis_project/5_genome_annotation/Prokka/E745_spades/E745_spades:Gene	aroK	tig00000001:212253-212762	E745S_00217
/home/yuch3531/genome_analysis_project/5_genome_annotation/Prokka/E745_spades/E745_spades:Gene	pheA	tig00000001:212759-213595	E745S_00218
/home/yuch3531/genome_analysis_project/5_genome_annotation/Prokka/E745_spades/E745_spades:Gene	rhaR_1	tig00000001:c216321-215446	E745S_00220
/home/yuch3531/genome_analysis_project/5_genome_annotation/Prokka/E745_spades/E745_spades:Gene	cheB	tig00000001:c216899-216321	E745S_00221
/home/yuch3531/genome_analysis_project/5_genome_annotation/Prokka/E745_spades/E745_spades:Gene	lacF_1	tig00000001:218595-219464	E745S_00223
/home/yuch3531/genome_analysis_project/5_genome_annotation/Prokka/E745_spades/E745_spades:Gene	lacG_1	tig00000001:219461-220330	E745S_00224
/home/yuch3531/genome_analysis_project/5_genome_annotation/Prokka/E745_spades/E745_spades:Gene	umpB_2	tig00000001:221193-221966	E745S_00226
/home/yuch3531/genome_analysis_project/5_genome_annotation/Prokka/E745_spades/E745_spades:Gene	E745S_00227	tig00000001:221963-222361	E745S_00227
/home/yuch3531/genome_analysis_project/5_genome_annotation/Prokka/E745_spades/E745_spades:Gene	E745S_00234	tig00000001:227740-228108	E745S_00234
/home/yuch3531/genome_analysis_project/5_genome_annotation/Prokka/E745_spades/E745_spades:Gene	E745S_00235	tig00000001:228053-228184	E745S_00235
/home/yuch3531/genome_analysis_project/5_genome_annotation/Prokka/E745_spades/E745_spades:Gene	E745S_00242	tig00000001:235404-235889	E745S_00242
/home/yuch3531/genome_analysis_project/5_genome_annotation/Prokka/E745_spades/E745_spades:Gene	ybhL	tig00000001:235882-236565	E745S_00243
/home/yuch3531/genome_analysis_project/5_genome_annotation/Prokka/E745_spades/E745_spades:Gene	mutM	tig00000001:239381-240217	E745S_00245
/home/yuch3531/genome_analysis_project/5_genome_annotation/Prokka/E745_spades/E745_spades:Gene	coaE	tig00000001:240181-240810	E745S_00246
/home/yuch3531/genome_analysis_project/5_genome_annotation/Prokka/E745_spades/E745_spades:Gene	dnaB	tig00000001:242020-243393	E745S_00249
/home/yuch3531/genome_analysis_project/5_genome_annotation/Prokka/E745_spades/E745_spades:Gene	dnaI_1	tig00000001:243393-243614	E745S_00250
/home/yuch3531/genome_analysis_project/5_genome_annotation/Prokka/E745_spades/E745_spades:Gene	dnaI_2	tig00000001:243611-244318	E745S_00251
/home/yuch3531/genome_analysis_project/5_genome_annotation/Prokka/E745_spades/E745_spades:Gene	trmK_2	tig00000001:246840-247253	E745S_00255
/home/yuch3531/genome_analysis_project/5_genome_annotation/Prokka/E745_spades/E745_spades:Gene	E745S_00256	tig00000001:247250-247522	E745S_00256
/home/yuch3531/genome_analysis_project/5_genome_annotation/Prokka/E745_spades/E745_spades:Gene	E745S_00257	tig00000001:247504-248370	E745S_00257
/home/yuch3531/genome_analysis_project/5_genome_annotation/Prokka/E745_spades/E745_spades:Gene	E745S_00263	tig00000001:c255703-255032	E745S_00263
/home/yuch3531/genome_analysis_project/5_genome_annotation/Prokka/E745_spades/E745_spades:Gene	E745S_00264	tig00000001:c256190-255696	E745S_00264
/home/yuch3531/genome_analysis_project/5_genome_annotation/Prokka/E745_spades/E745_spades:Gene	licR_1	tig00000001:266779-268647	E745S_00274
/home/yuch3531/genome_analysis_project/5_genome_annotation/Prokka/E745_spades/E745_spades:Gene	E745S_00275	tig00000001:268640-269131	E745S_00275
/home/yuch3531/genome_analysis_project/5_genome_annotation/Prokka/E745_spades/E745_spades:Gene	srlA	tig00000001:269119-269673	E745S_00276
/home/yuch3531/genome_analysis_project/5_genome_annotation/Prokka/E745_spades/E745_spades:Gene	srlB	tig00000001:272487-272885	E745S_00279
/home/yuch3531/genome_analysis_project/5_genome_annotation/Prokka/E745_spades/E745_spades:Gene	fsaA	tig00000001:272854-273564	E745S_00280
/home/yuch3531/genome_analysis_project/5_genome_annotation/Prokka/E745_spades/E745_spades:Gene	uxuA_1	tig00000001:292003-293088	E745S_00302
/home/yuch3531/genome_analysis_project/5_genome_annotation/Prokka/E745_spades/E745_spades:Gene	ppaX	tig00000001:293081-293794	E745S_00303
/home/yuch3531/genome_analysis_project/5_genome_annotation/Prokka/E745_spades/E745_spades:Gene	gspA_1	tig00000001:299758-300615	E745S_00314
/home/yuch3531/genome_analysis_project/5_genome_annotation/Prokka/E745_spades/E745_spades:Gene	gspA_2	tig00000001:300608-301510	E745S_00315
/home/yuch3531/genome_analysis_project/5_genome_annotation/Prokka/E745_spades/E745_spades:Gene	E745S_00321	tig00000001:304652-304750	E745S_00321
/home/yuch3531/genome_analysis_project/5_genome_annotation/Prokka/E745_spades/E745_spades:Gene	E745S_00322	tig00000001:304747-305553	E745S_00322
/home/yuch3531/genome_analysis_project/5_genome_annotation/Prokka/E745_spades/E745_spades:Gene	napA_1	tig00000001:c327433-326825	E745S_00345
/home/yuch3531/genome_analysis_project/5_genome_annotation/Prokka/E745_spades/E745_spades:Gene	napA_2	tig00000001:c327975-327430	E745S_00346
/home/yuch3531/genome_analysis_project/5_genome_annotation/Prokka/E745_spades/E745_spades:Gene	uxuA_2	tig00000001:332357-334342	E745S_00352
/home/yuch3531/genome_analysis_project/5_genome_annotation/Prokka/E745_spades/E745_spades:Gene	uxuA_3	tig00000001:334332-335105	E745S_00353
/home/yuch3531/genome_analysis_project/5_genome_annotation/Prokka/E745_spades/E745_spades:Gene	yckB	tig00000001:353433-354269	E745S_00371
/home/yuch3531/genome_analysis_project/5_genome_annotation/Prokka/E745_spades/E745_spades:Gene	yecS_1	tig00000001:354269-354928	E745S_00372
/home/yuch3531/genome_analysis_project/5_genome_annotation/Prokka/E745_spades/E745_spades:Gene	E745S_00380	tig00000001:361632-362549	E745S_00380
/home/yuch3531/genome_analysis_project/5_genome_annotation/Prokka/E745_spades/E745_spades:Gene	E745S_00381	tig00000001:362542-363615	E745S_00381
/home/yuch3531/genome_analysis_project/5_genome_annotation/Prokka/E745_spades/E745_spades:Gene	E745S_00382	tig00000001:363763-364281	E745S_00382
/home/yuch3531/genome_analysis_project/5_genome_annotation/Prokka/E745_spades/E745_spades:Gene	E745S_00383	tig00000001:364262-364654	E745S_00383
/home/yuch3531/genome_analysis_project/5_genome_annotation/Prokka/E745_spades/E745_spades:Gene	ygaZ_1	tig00000001:365798-366577	E745S_00385
/home/yuch3531/genome_analysis_project/5_genome_annotation/Prokka/E745_spades/E745_spades:Gene	E745S_00386	tig00000001:366570-366887	E745S_00386
/home/yuch3531/genome_analysis_project/5_genome_annotation/Prokka/E745_spades/E745_spades:Gene	E745S_00409	tig00000001:391716-392279	E745S_00409
/home/yuch3531/genome_analysis_project/5_genome_annotation/Prokka/E745_spades/E745_spades:Gene	E745S_00410	tig00000001:392276-394153	E745S_00410
/home/yuch3531/genome_analysis_project/5_genome_annotation/Prokka/E745_spades/E745_spades:Gene	E745S_00423	tig00000001:c408429-408031	E745S_00423
/home/yuch3531/genome_analysis_project/5_genome_annotation/Prokka/E745_spades/E745_spades:Gene	E745S_00424	tig00000001:c408662-408426	E745S_00424
/home/yuch3531/genome_analysis_project/5_genome_annotation/Prokka/E745_spades/E745_spades:Gene	E745S_00431	tig00000001:c416333-415452	E745S_00431
/home/yuch3531/genome_analysis_project/5_genome_annotation/Prokka/E745_spades/E745_spades:Gene	E745S_00432	tig00000001:c417379-416330	E745S_00432
/home/yuch3531/genome_analysis_project/5_genome_annotation/Prokka/E745_spades/E745_spades:Gene	hdfR_1	tig00000001:c422475-421573	E745S_00436
/home/yuch3531/genome_analysis_project/5_genome_annotation/Prokka/E745_spades/E745_spades:Gene	cah	tig00000001:c423176-422472	E745S_00437
/home/yuch3531/genome_analysis_project/5_genome_annotation/Prokka/E745_spades/E745_spades:Gene	pyrF	tig00000001:c425540-424824	E745S_00440
/home/yuch3531/genome_analysis_project/5_genome_annotation/Prokka/E745_spades/E745_spades:Gene	pyrDB	tig00000001:c426469-425537	E745S_00441
/home/yuch3531/genome_analysis_project/5_genome_annotation/Prokka/E745_spades/E745_spades:Gene	pyrK_1	tig00000001:c426819-426466	E745S_00442
/home/yuch3531/genome_analysis_project/5_genome_annotation/Prokka/E745_spades/E745_spades:Gene	pyrK_2	tig00000001:c427240-426794	E745S_00443
/home/yuch3531/genome_analysis_project/5_genome_annotation/Prokka/E745_spades/E745_spades:Gene	rluD_1	tig00000001:c436785-435874	E745S_00450
/home/yuch3531/genome_analysis_project/5_genome_annotation/Prokka/E745_spades/E745_spades:Gene	lspA	tig00000001:c437246-436782	E745S_00451
/home/yuch3531/genome_analysis_project/5_genome_annotation/Prokka/E745_spades/E745_spades:Gene	E745S_00452	tig00000001:c437949-437251	E745S_00452
/home/yuch3531/genome_analysis_project/5_genome_annotation/Prokka/E745_spades/E745_spades:Gene	E745S_00453	tig00000001:c438322-437936	E745S_00453
/home/yuch3531/genome_analysis_project/5_genome_annotation/Prokka/E745_spades/E745_spades:Gene	E745S_00468	tig00000001:c454712-454491	E745S_00468
/home/yuch3531/genome_analysis_project/5_genome_annotation/Prokka/E745_spades/E745_spades:Gene	yedJ	tig00000001:c455395-454712	E745S_00469
/home/yuch3531/genome_analysis_project/5_genome_annotation/Prokka/E745_spades/E745_spades:Gene	recU	tig00000001:459894-460541	E745S_00474
/home/yuch3531/genome_analysis_project/5_genome_annotation/Prokka/E745_spades/E745_spades:Gene	ponA_1	tig00000001:460531-462912	E745S_00475
/home/yuch3531/genome_analysis_project/5_genome_annotation/Prokka/E745_spades/E745_spades:Gene	hcaB	tig00000001:c482934-482146	E745S_00495
/home/yuch3531/genome_analysis_project/5_genome_annotation/Prokka/E745_spades/E745_spades:Gene	rnz	tig00000001:c483872-482931	E745S_00496
/home/yuch3531/genome_analysis_project/5_genome_annotation/Prokka/E745_spades/E745_spades:Gene	addA	tig00000001:c511489-507767	E745S_00520
/home/yuch3531/genome_analysis_project/5_genome_annotation/Prokka/E745_spades/E745_spades:Gene	addB_1	tig00000001:c514071-511486	E745S_00521
/home/yuch3531/genome_analysis_project/5_genome_annotation/Prokka/E745_spades/E745_spades:Gene	addB_2	tig00000001:c515012-514029	E745S_00522
/home/yuch3531/genome_analysis_project/5_genome_annotation/Prokka/E745_spades/E745_spades:Gene	dtpT_1	tig00000001:c517543-516713	E745S_00524
/home/yuch3531/genome_analysis_project/5_genome_annotation/Prokka/E745_spades/E745_spades:Gene	dtpT_2	tig00000001:c517971-517540	E745S_00525
/home/yuch3531/genome_analysis_project/5_genome_annotation/Prokka/E745_spades/E745_spades:Gene	comEC	tig00000001:c542090-539817	E745S_00555
/home/yuch3531/genome_analysis_project/5_genome_annotation/Prokka/E745_spades/E745_spades:Gene	tadA_1	tig00000001:c542622-542083	E745S_00556
/home/yuch3531/genome_analysis_project/5_genome_annotation/Prokka/E745_spades/E745_spades:Gene	E745S_00557	tig00000001:c542976-542758	E745S_00557
/home/yuch3531/genome_analysis_project/5_genome_annotation/Prokka/E745_spades/E745_spades:Gene	E745S_00558	tig00000001:c543218-542973	E745S_00558
/home/yuch3531/genome_analysis_project/5_genome_annotation/Prokka/E745_spades/E745_spades:Gene	ylbL	tig00000001:c545264-544221	E745S_00560
/home/yuch3531/genome_analysis_project/5_genome_annotation/Prokka/E745_spades/E745_spades:Gene	coaD	tig00000001:c545745-545254	E745S_00561
/home/yuch3531/genome_analysis_project/5_genome_annotation/Prokka/E745_spades/E745_spades:Gene	rsmD	tig00000001:c546302-545742	E745S_00562
/home/yuch3531/genome_analysis_project/5_genome_annotation/Prokka/E745_spades/E745_spades:Gene	E745S_00563	tig00000001:c546759-546421	E745S_00563
/home/yuch3531/genome_analysis_project/5_genome_annotation/Prokka/E745_spades/E745_spades:Gene	E745S_00564	tig00000001:c547189-546743	E745S_00564
/home/yuch3531/genome_analysis_project/5_genome_annotation/Prokka/E745_spades/E745_spades:Gene	E745S_00565	tig00000001:c548294-547170	E745S_00565
/home/yuch3531/genome_analysis_project/5_genome_annotation/Prokka/E745_spades/E745_spades:Gene	E745S_00583	tig00000001:572270-573721	E745S_00583
/home/yuch3531/genome_analysis_project/5_genome_annotation/Prokka/E745_spades/E745_spades:Gene	rhaR_2	tig00000001:573714-575279	E745S_00584
/home/yuch3531/genome_analysis_project/5_genome_annotation/Prokka/E745_spades/E745_spades:Gene	purH	tig00000001:c579273-577738	E745S_00587
/home/yuch3531/genome_analysis_project/5_genome_annotation/Prokka/E745_spades/E745_spades:Gene	purN	tig00000001:c579848-579270	E745S_00588
/home/yuch3531/genome_analysis_project/5_genome_annotation/Prokka/E745_spades/E745_spades:Gene	purM	tig00000001:c580897-579845	E745S_00589
/home/yuch3531/genome_analysis_project/5_genome_annotation/Prokka/E745_spades/E745_spades:Gene	purF	tig00000001:c582359-580920	E745S_00590
/home/yuch3531/genome_analysis_project/5_genome_annotation/Prokka/E745_spades/E745_spades:Gene	purL	tig00000001:c584566-582344	E745S_00591
/home/yuch3531/genome_analysis_project/5_genome_annotation/Prokka/E745_spades/E745_spades:Gene	purS	tig00000001:c585494-585240	E745S_00593
/home/yuch3531/genome_analysis_project/5_genome_annotation/Prokka/E745_spades/E745_spades:Gene	purC	tig00000001:c586222-585494	E745S_00594
/home/yuch3531/genome_analysis_project/5_genome_annotation/Prokka/E745_spades/E745_spades:Gene	purK	tig00000001:c589467-588343	E745S_00597
/home/yuch3531/genome_analysis_project/5_genome_annotation/Prokka/E745_spades/E745_spades:Gene	purE	tig00000001:c589948-589460	E745S_00598
/home/yuch3531/genome_analysis_project/5_genome_annotation/Prokka/E745_spades/E745_spades:Gene	yteT	tig00000001:c594119-592827	E745S_00601
/home/yuch3531/genome_analysis_project/5_genome_annotation/Prokka/E745_spades/E745_spades:Gene	E745S_00602	tig00000001:c594739-594116	E745S_00602
/home/yuch3531/genome_analysis_project/5_genome_annotation/Prokka/E745_spades/E745_spades:Gene	E745S_00608	tig00000001:c600616-599792	E745S_00608
/home/yuch3531/genome_analysis_project/5_genome_annotation/Prokka/E745_spades/E745_spades:Gene	E745S_00609	tig00000001:c601169-600609	E745S_00609
/home/yuch3531/genome_analysis_project/5_genome_annotation/Prokka/E745_spades/E745_spades:Gene	dcuS_1	tig00000001:606559-607431	E745S_00615
/home/yuch3531/genome_analysis_project/5_genome_annotation/Prokka/E745_spades/E745_spades:Gene	dcuS_2	tig00000001:607422-608207	E745S_00616
/home/yuch3531/genome_analysis_project/5_genome_annotation/Prokka/E745_spades/E745_spades:Gene	dcuR	tig00000001:608176-608892	E745S_00617
/home/yuch3531/genome_analysis_project/5_genome_annotation/Prokka/E745_spades/E745_spades:Gene	ycfH	tig00000001:c621921-621199	E745S_00633
/home/yuch3531/genome_analysis_project/5_genome_annotation/Prokka/E745_spades/E745_spades:Gene	ssuB	tig00000001:c622648-621911	E745S_00634
/home/yuch3531/genome_analysis_project/5_genome_annotation/Prokka/E745_spades/E745_spades:Gene	garB	tig00000001:c625973-624651	E745S_00637
/home/yuch3531/genome_analysis_project/5_genome_annotation/Prokka/E745_spades/E745_spades:Gene	E745S_00638	tig00000001:c626268-625960	E745S_00638
/home/yuch3531/genome_analysis_project/5_genome_annotation/Prokka/E745_spades/E745_spades:Gene	opuCA_1	tig00000001:c626926-626234	E745S_00639
/home/yuch3531/genome_analysis_project/5_genome_annotation/Prokka/E745_spades/E745_spades:Gene	E745S_00640	tig00000001:c628461-626923	E745S_00640
/home/yuch3531/genome_analysis_project/5_genome_annotation/Prokka/E745_spades/E745_spades:Gene	rnhB	tig00000001:c656906-656139	E745S_00665
/home/yuch3531/genome_analysis_project/5_genome_annotation/Prokka/E745_spades/E745_spades:Gene	rbgA	tig00000001:c657759-656899	E745S_00666
/home/yuch3531/genome_analysis_project/5_genome_annotation/Prokka/E745_spades/E745_spades:Gene	E745S_00670	tig00000001:c660209-659982	E745S_00670
/home/yuch3531/genome_analysis_project/5_genome_annotation/Prokka/E745_spades/E745_spades:Gene	msrA_1	tig00000001:c660724-660206	E745S_00671
/home/yuch3531/genome_analysis_project/5_genome_annotation/Prokka/E745_spades/E745_spades:Gene	recQ_2	tig00000001:c683186-681783	E745S_00693
/home/yuch3531/genome_analysis_project/5_genome_annotation/Prokka/E745_spades/E745_spades:Gene	E745S_00694	tig00000001:c684204-683173	E745S_00694
/home/yuch3531/genome_analysis_project/5_genome_annotation/Prokka/E745_spades/E745_spades:Gene	scpB	tig00000001:c691221-690652	E745S_00701
/home/yuch3531/genome_analysis_project/5_genome_annotation/Prokka/E745_spades/E745_spades:Gene	scpA	tig00000001:c692002-691205	E745S_00702
/home/yuch3531/genome_analysis_project/5_genome_annotation/Prokka/E745_spades/E745_spades:Gene	ribT	tig00000001:c692343-691972	E745S_00703
/home/yuch3531/genome_analysis_project/5_genome_annotation/Prokka/E745_spades/E745_spades:Gene	xerD	tig00000001:c693249-692362	E745S_00704
/home/yuch3531/genome_analysis_project/5_genome_annotation/Prokka/E745_spades/E745_spades:Gene	E745S_00705	tig00000001:c693376-693206	E745S_00705
/home/yuch3531/genome_analysis_project/5_genome_annotation/Prokka/E745_spades/E745_spades:Gene	fur	tig00000001:c693812-693345	E745S_00706
/home/yuch3531/genome_analysis_project/5_genome_annotation/Prokka/E745_spades/E745_spades:Gene	mvaA	tig00000001:c716650-715388	E745S_00723
/home/yuch3531/genome_analysis_project/5_genome_annotation/Prokka/E745_spades/E745_spades:Gene	thlA	tig00000001:c717830-716610	E745S_00724
/home/yuch3531/genome_analysis_project/5_genome_annotation/Prokka/E745_spades/E745_spades:Gene	lacR_1	tig00000001:738432-739223	E745S_00745
/home/yuch3531/genome_analysis_project/5_genome_annotation/Prokka/E745_spades/E745_spades:Gene	lacC_2	tig00000001:739189-740142	E745S_00746
/home/yuch3531/genome_analysis_project/5_genome_annotation/Prokka/E745_spades/E745_spades:Gene	dgaE	tig00000001:c750384-749293	E745S_00755
/home/yuch3531/genome_analysis_project/5_genome_annotation/Prokka/E745_spades/E745_spades:Gene	E745S_00756	tig00000001:c751480-750374	E745S_00756
/home/yuch3531/genome_analysis_project/5_genome_annotation/Prokka/E745_spades/E745_spades:Gene	E745S_00762	tig00000001:c755852-755520	E745S_00762
/home/yuch3531/genome_analysis_project/5_genome_annotation/Prokka/E745_spades/E745_spades:Gene	E745S_00763	tig00000001:c757714-755852	E745S_00763
/home/yuch3531/genome_analysis_project/5_genome_annotation/Prokka/E745_spades/E745_spades:Gene	araD	tig00000001:c761394-760684	E745S_00768
/home/yuch3531/genome_analysis_project/5_genome_annotation/Prokka/E745_spades/E745_spades:Gene	ulaE	tig00000001:c762244-761384	E745S_00769
/home/yuch3531/genome_analysis_project/5_genome_annotation/Prokka/E745_spades/E745_spades:Gene	sasA_2	tig00000001:c787058-785553	E745S_00801
/home/yuch3531/genome_analysis_project/5_genome_annotation/Prokka/E745_spades/E745_spades:Gene	arlR_1	tig00000001:c787741-787055	E745S_00802
/home/yuch3531/genome_analysis_project/5_genome_annotation/Prokka/E745_spades/E745_spades:Gene	E745S_00828	tig00000001:c822134-821541	E745S_00828
/home/yuch3531/genome_analysis_project/5_genome_annotation/Prokka/E745_spades/E745_spades:Gene	nadD	tig00000001:c822768-822118	E745S_00829
/home/yuch3531/genome_analysis_project/5_genome_annotation/Prokka/E745_spades/E745_spades:Gene	yqeH	tig00000001:c824214-823105	E745S_00831
/home/yuch3531/genome_analysis_project/5_genome_annotation/Prokka/E745_spades/E745_spades:Gene	E745S_00832	tig00000001:c824738-824211	E745S_00832
/home/yuch3531/genome_analysis_project/5_genome_annotation/Prokka/E745_spades/E745_spades:Gene	accA	tig00000001:c825703-824918	E745S_00833
/home/yuch3531/genome_analysis_project/5_genome_annotation/Prokka/E745_spades/E745_spades:Gene	accD	tig00000001:c826565-825696	E745S_00834
/home/yuch3531/genome_analysis_project/5_genome_annotation/Prokka/E745_spades/E745_spades:Gene	ptsI	tig00000001:c840388-838661	E745S_00850
/home/yuch3531/genome_analysis_project/5_genome_annotation/Prokka/E745_spades/E745_spades:Gene	ptsH	tig00000001:c840654-840388	E745S_00851
/home/yuch3531/genome_analysis_project/5_genome_annotation/Prokka/E745_spades/E745_spades:Gene	E745S_00873	tig00000001:c864078-863725	E745S_00873
/home/yuch3531/genome_analysis_project/5_genome_annotation/Prokka/E745_spades/E745_spades:Gene	E745S_00874	tig00000001:c864262-864068	E745S_00874
/home/yuch3531/genome_analysis_project/5_genome_annotation/Prokka/E745_spades/E745_spades:Gene	liaS	tig00000001:c867349-866282	E745S_00878
/home/yuch3531/genome_analysis_project/5_genome_annotation/Prokka/E745_spades/E745_spades:Gene	E745S_00879	tig00000001:c868077-867346	E745S_00879
/home/yuch3531/genome_analysis_project/5_genome_annotation/Prokka/E745_spades/E745_spades:Gene	E745S_00885	tig00000001:c875352-873937	E745S_00885
/home/yuch3531/genome_analysis_project/5_genome_annotation/Prokka/E745_spades/E745_spades:Gene	pglH_1	tig00000001:c876497-875349	E745S_00886
/home/yuch3531/genome_analysis_project/5_genome_annotation/Prokka/E745_spades/E745_spades:Gene	arnC_1	tig00000001:c880061-879054	E745S_00890
/home/yuch3531/genome_analysis_project/5_genome_annotation/Prokka/E745_spades/E745_spades:Gene	rfbB	tig00000001:c881121-880054	E745S_00891
/home/yuch3531/genome_analysis_project/5_genome_annotation/Prokka/E745_spades/E745_spades:Gene	ispD	tig00000001:c881830-881129	E745S_00892
/home/yuch3531/genome_analysis_project/5_genome_annotation/Prokka/E745_spades/E745_spades:Gene	E745S_00893	tig00000001:c882216-881827	E745S_00893
/home/yuch3531/genome_analysis_project/5_genome_annotation/Prokka/E745_spades/E745_spades:Gene	E745S_00900	tig00000001:c890089-888503	E745S_00900
/home/yuch3531/genome_analysis_project/5_genome_annotation/Prokka/E745_spades/E745_spades:Gene	btuD_1	tig00000001:c891299-890079	E745S_00901
/home/yuch3531/genome_analysis_project/5_genome_annotation/Prokka/E745_spades/E745_spades:Gene	E745S_00910	tig00000001:c900809-899982	E745S_00910
/home/yuch3531/genome_analysis_project/5_genome_annotation/Prokka/E745_spades/E745_spades:Gene	E745S_00911	tig00000001:c901609-900809	E745S_00911
/home/yuch3531/genome_analysis_project/5_genome_annotation/Prokka/E745_spades/E745_spades:Gene	tagO	tig00000001:c902741-901602	E745S_00912
/home/yuch3531/genome_analysis_project/5_genome_annotation/Prokka/E745_spades/E745_spades:Gene	E745S_00926	tig00000001:c913705-912680	E745S_00926
/home/yuch3531/genome_analysis_project/5_genome_annotation/Prokka/E745_spades/E745_spades:Gene	E745S_00927	tig00000001:c913926-913702	E745S_00927
/home/yuch3531/genome_analysis_project/5_genome_annotation/Prokka/E745_spades/E745_spades:Gene	E745S_00928	tig00000001:c914216-913923	E745S_00928
/home/yuch3531/genome_analysis_project/5_genome_annotation/Prokka/E745_spades/E745_spades:Gene	E745S_00931	tig00000001:c916906-914840	E745S_00931
/home/yuch3531/genome_analysis_project/5_genome_annotation/Prokka/E745_spades/E745_spades:Gene	E745S_00932	tig00000001:c917688-916906	E745S_00932
/home/yuch3531/genome_analysis_project/5_genome_annotation/Prokka/E745_spades/E745_spades:Gene	E745S_00934	tig00000001:c922268-919437	E745S_00934
/home/yuch3531/genome_analysis_project/5_genome_annotation/Prokka/E745_spades/E745_spades:Gene	E745S_00935	tig00000001:c923052-922261	E745S_00935
/home/yuch3531/genome_analysis_project/5_genome_annotation/Prokka/E745_spades/E745_spades:Gene	E745S_00940	tig00000001:c927870-927478	E745S_00940
/home/yuch3531/genome_analysis_project/5_genome_annotation/Prokka/E745_spades/E745_spades:Gene	E745S_00941	tig00000001:c928238-927867	E745S_00941
/home/yuch3531/genome_analysis_project/5_genome_annotation/Prokka/E745_spades/E745_spades:Gene	E745S_00942	tig00000001:c928561-928235	E745S_00942
/home/yuch3531/genome_analysis_project/5_genome_annotation/Prokka/E745_spades/E745_spades:Gene	E745S_00943	tig00000001:c928896-928558	E745S_00943
/home/yuch3531/genome_analysis_project/5_genome_annotation/Prokka/E745_spades/E745_spades:Gene	E745S_00951	tig00000001:c933290-933060	E745S_00951
/home/yuch3531/genome_analysis_project/5_genome_annotation/Prokka/E745_spades/E745_spades:Gene	E745S_00952	tig00000001:c934878-933244	E745S_00952
/home/yuch3531/genome_analysis_project/5_genome_annotation/Prokka/E745_spades/E745_spades:Gene	E745S_00953	tig00000001:c936190-934889	E745S_00953
/home/yuch3531/genome_analysis_project/5_genome_annotation/Prokka/E745_spades/E745_spades:Gene	E745S_00954	tig00000001:c936635-936180	E745S_00954
/home/yuch3531/genome_analysis_project/5_genome_annotation/Prokka/E745_spades/E745_spades:Gene	E745S_00961	tig00000001:c939779-939483	E745S_00961
/home/yuch3531/genome_analysis_project/5_genome_annotation/Prokka/E745_spades/E745_spades:Gene	E745S_00962	tig00000001:c940333-939776	E745S_00962
/home/yuch3531/genome_analysis_project/5_genome_annotation/Prokka/E745_spades/E745_spades:Gene	E745S_00963	tig00000001:c940725-940330	E745S_00963
/home/yuch3531/genome_analysis_project/5_genome_annotation/Prokka/E745_spades/E745_spades:Gene	E745S_00964	tig00000001:c940895-940722	E745S_00964
/home/yuch3531/genome_analysis_project/5_genome_annotation/Prokka/E745_spades/E745_spades:Gene	E745S_00965	tig00000001:c941203-940892	E745S_00965
/home/yuch3531/genome_analysis_project/5_genome_annotation/Prokka/E745_spades/E745_spades:Gene	E745S_00966	tig00000001:c941493-941203	E745S_00966
/home/yuch3531/genome_analysis_project/5_genome_annotation/Prokka/E745_spades/E745_spades:Gene	E745S_00967	tig00000001:c941798-941487	E745S_00967
/home/yuch3531/genome_analysis_project/5_genome_annotation/Prokka/E745_spades/E745_spades:Gene	E745S_00968	tig00000001:c941956-941795	E745S_00968
/home/yuch3531/genome_analysis_project/5_genome_annotation/Prokka/E745_spades/E745_spades:Gene	E745S_00969	tig00000001:c942255-941953	E745S_00969
/home/yuch3531/genome_analysis_project/5_genome_annotation/Prokka/E745_spades/E745_spades:Gene	E745S_00970	tig00000001:c942412-942248	E745S_00970
/home/yuch3531/genome_analysis_project/5_genome_annotation/Prokka/E745_spades/E745_spades:Gene	E745S_00975	tig00000001:c945550-944879	E745S_00975
/home/yuch3531/genome_analysis_project/5_genome_annotation/Prokka/E745_spades/E745_spades:Gene	E745S_00976	tig00000001:c945884-945543	E745S_00976
/home/yuch3531/genome_analysis_project/5_genome_annotation/Prokka/E745_spades/E745_spades:Gene	E745S_00977	tig00000001:c946067-945921	E745S_00977
/home/yuch3531/genome_analysis_project/5_genome_annotation/Prokka/E745_spades/E745_spades:Gene	E745S_00978	tig00000001:c946209-946036	E745S_00978
/home/yuch3531/genome_analysis_project/5_genome_annotation/Prokka/E745_spades/E745_spades:Gene	E745S_00979	tig00000001:c946394-946206	E745S_00979
/home/yuch3531/genome_analysis_project/5_genome_annotation/Prokka/E745_spades/E745_spades:Gene	E745S_00999	tig00000001:c959829-958513	E745S_00999
/home/yuch3531/genome_analysis_project/5_genome_annotation/Prokka/E745_spades/E745_spades:Gene	walK_1	tig00000001:c961661-959826	E745S_01000
/home/yuch3531/genome_analysis_project/5_genome_annotation/Prokka/E745_spades/E745_spades:Gene	E745S_01002	tig00000001:c963420-962560	E745S_01002
/home/yuch3531/genome_analysis_project/5_genome_annotation/Prokka/E745_spades/E745_spades:Gene	E745S_01003	tig00000001:c963976-963407	E745S_01003
/home/yuch3531/genome_analysis_project/5_genome_annotation/Prokka/E745_spades/E745_spades:Gene	E745S_01008	tig00000001:c966146-965808	E745S_01008
/home/yuch3531/genome_analysis_project/5_genome_annotation/Prokka/E745_spades/E745_spades:Gene	pisA	tig00000001:c966318-966121	E745S_01009
/home/yuch3531/genome_analysis_project/5_genome_annotation/Prokka/E745_spades/E745_spades:Gene	E745S_01010	tig00000001:c968439-966712	E745S_01010
/home/yuch3531/genome_analysis_project/5_genome_annotation/Prokka/E745_spades/E745_spades:Gene	opuAA	tig00000001:c969625-968432	E745S_01011
/home/yuch3531/genome_analysis_project/5_genome_annotation/Prokka/E745_spades/E745_spades:Gene	feoB	tig00000001:c972818-970686	E745S_01014
/home/yuch3531/genome_analysis_project/5_genome_annotation/Prokka/E745_spades/E745_spades:Gene	E745S_01015	tig00000001:c973288-972815	E745S_01015
/home/yuch3531/genome_analysis_project/5_genome_annotation/Prokka/E745_spades/E745_spades:Gene	E745S_01040	tig00000001:c997417-996245	E745S_01040
/home/yuch3531/genome_analysis_project/5_genome_annotation/Prokka/E745_spades/E745_spades:Gene	E745S_01041	tig00000001:c998549-997404	E745S_01041
/home/yuch3531/genome_analysis_project/5_genome_annotation/Prokka/E745_spades/E745_spades:Gene	E745S_01043	tig00000001:999612-1000691	E745S_01043
/home/yuch3531/genome_analysis_project/5_genome_annotation/Prokka/E745_spades/E745_spades:Gene	lnrK	tig00000001:1000688-1001317	E745S_01044
/home/yuch3531/genome_analysis_project/5_genome_annotation/Prokka/E745_spades/E745_spades:Gene	ppnKA	tig00000001:c1010552-1009755	E745S_01053
/home/yuch3531/genome_analysis_project/5_genome_annotation/Prokka/E745_spades/E745_spades:Gene	yjbM	tig00000001:c1011234-1010530	E745S_01054
/home/yuch3531/genome_analysis_project/5_genome_annotation/Prokka/E745_spades/E745_spades:Gene	yfiC	tig00000001:1028942-1029676	E745S_01068
/home/yuch3531/genome_analysis_project/5_genome_annotation/Prokka/E745_spades/E745_spades:Gene	E745S_01069	tig00000001:1029666-1029950	E745S_01069
/home/yuch3531/genome_analysis_project/5_genome_annotation/Prokka/E745_spades/E745_spades:Gene	E745S_01080	tig00000001:c1044210-1043722	E745S_01080
/home/yuch3531/genome_analysis_project/5_genome_annotation/Prokka/E745_spades/E745_spades:Gene	E745S_01081	tig00000001:c1044847-1044176	E745S_01081
/home/yuch3531/genome_analysis_project/5_genome_annotation/Prokka/E745_spades/E745_spades:Gene	E745S_01089	tig00000001:c1053162-1052803	E745S_01089
/home/yuch3531/genome_analysis_project/5_genome_annotation/Prokka/E745_spades/E745_spades:Gene	E745S_01090	tig00000001:c1053559-1053134	E745S_01090
/home/yuch3531/genome_analysis_project/5_genome_annotation/Prokka/E745_spades/E745_spades:Gene	E745S_01091	tig00000001:c1053824-1053522	E745S_01091
/home/yuch3531/genome_analysis_project/5_genome_annotation/Prokka/E745_spades/E745_spades:Gene	E745S_01092	tig00000001:c1054335-1053841	E745S_01092
/home/yuch3531/genome_analysis_project/5_genome_annotation/Prokka/E745_spades/E745_spades:Gene	E745S_01093	tig00000001:c1054564-1054286	E745S_01093
/home/yuch3531/genome_analysis_project/5_genome_annotation/Prokka/E745_spades/E745_spades:Gene	E745S_01094	tig00000001:c1055610-1054561	E745S_01094
/home/yuch3531/genome_analysis_project/5_genome_annotation/Prokka/E745_spades/E745_spades:Gene	comGA	tig00000001:c1056496-1055567	E745S_01095
/home/yuch3531/genome_analysis_project/5_genome_annotation/Prokka/E745_spades/E745_spades:Gene	E745S_01099	tig00000001:c1061409-1060198	E745S_01099
/home/yuch3531/genome_analysis_project/5_genome_annotation/Prokka/E745_spades/E745_spades:Gene	ecsA	tig00000001:c1062139-1061402	E745S_01100
/home/yuch3531/genome_analysis_project/5_genome_annotation/Prokka/E745_spades/E745_spades:Gene	hit	tig00000001:1062277-1062711	E745S_01101
/home/yuch3531/genome_analysis_project/5_genome_annotation/Prokka/E745_spades/E745_spades:Gene	E745S_01102	tig00000001:1062704-1063048	E745S_01102
/home/yuch3531/genome_analysis_project/5_genome_annotation/Prokka/E745_spades/E745_spades:Gene	yhaM	tig00000001:c1065251-1064307	E745S_01104
/home/yuch3531/genome_analysis_project/5_genome_annotation/Prokka/E745_spades/E745_spades:Gene	E745S_01105	tig00000001:c1067955-1065235	E745S_01105
/home/yuch3531/genome_analysis_project/5_genome_annotation/Prokka/E745_spades/E745_spades:Gene	E745S_01106	tig00000001:c1069172-1067952	E745S_01106
/home/yuch3531/genome_analysis_project/5_genome_annotation/Prokka/E745_spades/E745_spades:Gene	E745S_01111	tig00000001:c1081142-1080732	E745S_01111
/home/yuch3531/genome_analysis_project/5_genome_annotation/Prokka/E745_spades/E745_spades:Gene	pemA	tig00000001:c1082062-1081139	E745S_01112
/home/yuch3531/genome_analysis_project/5_genome_annotation/Prokka/E745_spades/E745_spades:Gene	E745S_01113	tig00000001:c1082967-1082059	E745S_01113
/home/yuch3531/genome_analysis_project/5_genome_annotation/Prokka/E745_spades/E745_spades:Gene	E745S_01114	tig00000001:c1084261-1082924	E745S_01114
/home/yuch3531/genome_analysis_project/5_genome_annotation/Prokka/E745_spades/E745_spades:Gene	lipO	tig00000001:c1086949-1085441	E745S_01116
/home/yuch3531/genome_analysis_project/5_genome_annotation/Prokka/E745_spades/E745_spades:Gene	E745S_01117	tig00000001:c1087607-1086915	E745S_01117
/home/yuch3531/genome_analysis_project/5_genome_annotation/Prokka/E745_spades/E745_spades:Gene	E745S_01119	tig00000001:1088905-1089279	E745S_01119
/home/yuch3531/genome_analysis_project/5_genome_annotation/Prokka/E745_spades/E745_spades:Gene	araQ_2	tig00000001:1089276-1089776	E745S_01120
/home/yuch3531/genome_analysis_project/5_genome_annotation/Prokka/E745_spades/E745_spades:Gene	uxaB	tig00000001:1093716-1095137	E745S_01123
/home/yuch3531/genome_analysis_project/5_genome_annotation/Prokka/E745_spades/E745_spades:Gene	uxaA	tig00000001:1095130-1096629	E745S_01124
/home/yuch3531/genome_analysis_project/5_genome_annotation/Prokka/E745_spades/E745_spades:Gene	gmuE_1	tig00000001:c1106359-1105502	E745S_01132
/home/yuch3531/genome_analysis_project/5_genome_annotation/Prokka/E745_spades/E745_spades:Gene	mngB	tig00000001:c1109046-1106344	E745S_01133
/home/yuch3531/genome_analysis_project/5_genome_annotation/Prokka/E745_spades/E745_spades:Gene	E745S_01138	tig00000001:c1117344-1115620	E745S_01138
/home/yuch3531/genome_analysis_project/5_genome_annotation/Prokka/E745_spades/E745_spades:Gene	E745S_01139	tig00000001:c1117951-1117337	E745S_01139
/home/yuch3531/genome_analysis_project/5_genome_annotation/Prokka/E745_spades/E745_spades:Gene	licC_2	tig00000001:c1128368-1127016	E745S_01147
/home/yuch3531/genome_analysis_project/5_genome_annotation/Prokka/E745_spades/E745_spades:Gene	E745S_01148	tig00000001:c1128886-1128368	E745S_01148
/home/yuch3531/genome_analysis_project/5_genome_annotation/Prokka/E745_spades/E745_spades:Gene	E745S_01163	tig00000001:1152317-1152973	E745S_01163
/home/yuch3531/genome_analysis_project/5_genome_annotation/Prokka/E745_spades/E745_spades:Gene	E745S_01164	tig00000001:1152973-1153929	E745S_01164
/home/yuch3531/genome_analysis_project/5_genome_annotation/Prokka/E745_spades/E745_spades:Gene	E745S_01165	tig00000001:1153929-1154495	E745S_01165
/home/yuch3531/genome_analysis_project/5_genome_annotation/Prokka/E745_spades/E745_spades:Gene	hpt	tig00000001:c1180517-1179972	E745S_01204
/home/yuch3531/genome_analysis_project/5_genome_annotation/Prokka/E745_spades/E745_spades:Gene	tilS	tig00000001:c1181971-1180517	E745S_01205
/home/yuch3531/genome_analysis_project/5_genome_annotation/Prokka/E745_spades/E745_spades:Gene	prkC	tig00000001:c1203136-1201067	E745S_01223
/home/yuch3531/genome_analysis_project/5_genome_annotation/Prokka/E745_spades/E745_spades:Gene	stp	tig00000001:c1203873-1203133	E745S_01224
/home/yuch3531/genome_analysis_project/5_genome_annotation/Prokka/E745_spades/E745_spades:Gene	rsmB	tig00000001:c1205244-1203886	E745S_01225
/home/yuch3531/genome_analysis_project/5_genome_annotation/Prokka/E745_spades/E745_spades:Gene	fmt	tig00000001:c1206182-1205244	E745S_01226
/home/yuch3531/genome_analysis_project/5_genome_annotation/Prokka/E745_spades/E745_spades:Gene	def_1	tig00000001:c1206666-1206175	E745S_01227
/home/yuch3531/genome_analysis_project/5_genome_annotation/Prokka/E745_spades/E745_spades:Gene	E745S_01233	tig00000001:c1212183-1211965	E745S_01233
/home/yuch3531/genome_analysis_project/5_genome_annotation/Prokka/E745_spades/E745_spades:Gene	E745S_01234	tig00000001:c1213853-1212153	E745S_01234
/home/yuch3531/genome_analysis_project/5_genome_annotation/Prokka/E745_spades/E745_spades:Gene	znuB	tig00000001:c1220466-1219642	E745S_01240
/home/yuch3531/genome_analysis_project/5_genome_annotation/Prokka/E745_spades/E745_spades:Gene	znuC	tig00000001:c1221119-1220439	E745S_01241
/home/yuch3531/genome_analysis_project/5_genome_annotation/Prokka/E745_spades/E745_spades:Gene	E745S_01251	tig00000001:c1235270-1233984	E745S_01251
/home/yuch3531/genome_analysis_project/5_genome_annotation/Prokka/E745_spades/E745_spades:Gene	E745S_01252	tig00000001:c1236531-1235263	E745S_01252
/home/yuch3531/genome_analysis_project/5_genome_annotation/Prokka/E745_spades/E745_spades:Gene	E745S_01258	tig00000001:c1240251-1239391	E745S_01258
/home/yuch3531/genome_analysis_project/5_genome_annotation/Prokka/E745_spades/E745_spades:Gene	mrnC	tig00000001:c1240639-1240244	E745S_01259
/home/yuch3531/genome_analysis_project/5_genome_annotation/Prokka/E745_spades/E745_spades:Gene	cysS	tig00000001:c1242048-1240636	E745S_01260
/home/yuch3531/genome_analysis_project/5_genome_annotation/Prokka/E745_spades/E745_spades:Gene	cysE	tig00000001:c1242581-1242045	E745S_01261
/home/yuch3531/genome_analysis_project/5_genome_annotation/Prokka/E745_spades/E745_spades:Gene	proB	tig00000001:1247914-1248720	E745S_01266
/home/yuch3531/genome_analysis_project/5_genome_annotation/Prokka/E745_spades/E745_spades:Gene	proA	tig00000001:1248717-1249964	E745S_01267
/home/yuch3531/genome_analysis_project/5_genome_annotation/Prokka/E745_spades/E745_spades:Gene	yfmO_1	tig00000001:c1252132-1251200	E745S_01270
/home/yuch3531/genome_analysis_project/5_genome_annotation/Prokka/E745_spades/E745_spades:Gene	yfmO_2	tig00000001:c1252401-1252132	E745S_01271
/home/yuch3531/genome_analysis_project/5_genome_annotation/Prokka/E745_spades/E745_spades:Gene	yodC_1	tig00000001:c1255796-1255557	E745S_01275
/home/yuch3531/genome_analysis_project/5_genome_annotation/Prokka/E745_spades/E745_spades:Gene	yodC_2	tig00000001:c1256185-1255793	E745S_01276
/home/yuch3531/genome_analysis_project/5_genome_annotation/Prokka/E745_spades/E745_spades:Gene	sacY	tig00000001:1261333-1262205	E745S_01282
/home/yuch3531/genome_analysis_project/5_genome_annotation/Prokka/E745_spades/E745_spades:Gene	ptsG_2	tig00000001:1262202-1264160	E745S_01283
/home/yuch3531/genome_analysis_project/5_genome_annotation/Prokka/E745_spades/E745_spades:Gene	E745S_01284	tig00000001:c1264411-1264313	E745S_01284
/home/yuch3531/genome_analysis_project/5_genome_annotation/Prokka/E745_spades/E745_spades:Gene	qorB	tig00000001:c1265262-1264411	E745S_01285
/home/yuch3531/genome_analysis_project/5_genome_annotation/Prokka/E745_spades/E745_spades:Gene	ygaZ_2	tig00000001:1269604-1270311	E745S_01291
/home/yuch3531/genome_analysis_project/5_genome_annotation/Prokka/E745_spades/E745_spades:Gene	E745S_01292	tig00000001:1270298-1270621	E745S_01292
/home/yuch3531/genome_analysis_project/5_genome_annotation/Prokka/E745_spades/E745_spades:Gene	yadH	tig00000001:c1274363-1273593	E745S_01295
/home/yuch3531/genome_analysis_project/5_genome_annotation/Prokka/E745_spades/E745_spades:Gene	yadG	tig00000001:c1275291-1274356	E745S_01296
/home/yuch3531/genome_analysis_project/5_genome_annotation/Prokka/E745_spades/E745_spades:Gene	phoR_1	tig00000001:c1278625-1277729	E745S_01299
/home/yuch3531/genome_analysis_project/5_genome_annotation/Prokka/E745_spades/E745_spades:Gene	arlR_2	tig00000001:c1279277-1278618	E745S_01300
/home/yuch3531/genome_analysis_project/5_genome_annotation/Prokka/E745_spades/E745_spades:Gene	E745S_01301	tig00000001:c1280081-1279299	E745S_01301
/home/yuch3531/genome_analysis_project/5_genome_annotation/Prokka/E745_spades/E745_spades:Gene	bcrA_1	tig00000001:c1280991-1280074	E745S_01302
/home/yuch3531/genome_analysis_project/5_genome_annotation/Prokka/E745_spades/E745_spades:Gene	E745S_01311	tig00000001:1290665-1291339	E745S_01311
/home/yuch3531/genome_analysis_project/5_genome_annotation/Prokka/E745_spades/E745_spades:Gene	E745S_01312	tig00000001:1291332-1291496	E745S_01312
/home/yuch3531/genome_analysis_project/5_genome_annotation/Prokka/E745_spades/E745_spades:Gene	E745S_01314	tig00000001:1292007-1292714	E745S_01314
/home/yuch3531/genome_analysis_project/5_genome_annotation/Prokka/E745_spades/E745_spades:Gene	E745S_01315	tig00000001:1292704-1292994	E745S_01315
/home/yuch3531/genome_analysis_project/5_genome_annotation/Prokka/E745_spades/E745_spades:Gene	E745S_01316	tig00000001:1293253-1294437	E745S_01316
/home/yuch3531/genome_analysis_project/5_genome_annotation/Prokka/E745_spades/E745_spades:Gene	E745S_01317	tig00000001:1294434-1294571	E745S_01317
/home/yuch3531/genome_analysis_project/5_genome_annotation/Prokka/E745_spades/E745_spades:Gene	E745S_01321	tig00000001:1300958-1303081	E745S_01321
/home/yuch3531/genome_analysis_project/5_genome_annotation/Prokka/E745_spades/E745_spades:Gene	E745S_01322	tig00000001:1303078-1304082	E745S_01322
/home/yuch3531/genome_analysis_project/5_genome_annotation/Prokka/E745_spades/E745_spades:Gene	ndvA	tig00000001:c1334487-1332745	E745S_01346
/home/yuch3531/genome_analysis_project/5_genome_annotation/Prokka/E745_spades/E745_spades:Gene	btuD_2	tig00000001:c1336225-1334471	E745S_01347
/home/yuch3531/genome_analysis_project/5_genome_annotation/Prokka/E745_spades/E745_spades:Gene	ssaB_1	tig00000001:c1341258-1340308	E745S_01355
/home/yuch3531/genome_analysis_project/5_genome_annotation/Prokka/E745_spades/E745_spades:Gene	mntD	tig00000001:c1341662-1341255	E745S_01356
/home/yuch3531/genome_analysis_project/5_genome_annotation/Prokka/E745_spades/E745_spades:Gene	yvdM_1	tig00000001:c1352419-1351742	E745S_01367
/home/yuch3531/genome_analysis_project/5_genome_annotation/Prokka/E745_spades/E745_spades:Gene	glxK	tig00000001:c1353546-1352416	E745S_01368
/home/yuch3531/genome_analysis_project/5_genome_annotation/Prokka/E745_spades/E745_spades:Gene	ycjT	tig00000001:c1355729-1353546	E745S_01369
/home/yuch3531/genome_analysis_project/5_genome_annotation/Prokka/E745_spades/E745_spades:Gene	rifL	tig00000001:c1356751-1355726	E745S_01370
/home/yuch3531/genome_analysis_project/5_genome_annotation/Prokka/E745_spades/E745_spades:Gene	E745S_01371	tig00000001:c1357623-1356796	E745S_01371
/home/yuch3531/genome_analysis_project/5_genome_annotation/Prokka/E745_spades/E745_spades:Gene	tdh	tig00000001:c1358687-1357620	E745S_01372
/home/yuch3531/genome_analysis_project/5_genome_annotation/Prokka/E745_spades/E745_spades:Gene	ycjP	tig00000001:c1359549-1358713	E745S_01373
/home/yuch3531/genome_analysis_project/5_genome_annotation/Prokka/E745_spades/E745_spades:Gene	ycjO	tig00000001:c1360415-1359546	E745S_01374
/home/yuch3531/genome_analysis_project/5_genome_annotation/Prokka/E745_spades/E745_spades:Gene	E745S_01381	tig00000001:1374425-1375330	E745S_01381
/home/yuch3531/genome_analysis_project/5_genome_annotation/Prokka/E745_spades/E745_spades:Gene	yxdL_1	tig00000001:1375327-1376133	E745S_01382
/home/yuch3531/genome_analysis_project/5_genome_annotation/Prokka/E745_spades/E745_spades:Gene	srrA_2	tig00000001:1402841-1403530	E745S_01407
/home/yuch3531/genome_analysis_project/5_genome_annotation/Prokka/E745_spades/E745_spades:Gene	rcsC_2	tig00000001:1403517-1404725	E745S_01408
/home/yuch3531/genome_analysis_project/5_genome_annotation/Prokka/E745_spades/E745_spades:Gene	spo0J	tig00000001:c1411824-1410934	E745S_01414
/home/yuch3531/genome_analysis_project/5_genome_annotation/Prokka/E745_spades/E745_spades:Gene	soj_1	tig00000001:c1412578-1411811	E745S_01415
/home/yuch3531/genome_analysis_project/5_genome_annotation/Prokka/E745_spades/E745_spades:Gene	misCA	tig00000001:c1419293-1418475	E745S_01422
/home/yuch3531/genome_analysis_project/5_genome_annotation/Prokka/E745_spades/E745_spades:Gene	rnpA	tig00000001:c1419646-1419290	E745S_01423
/home/yuch3531/genome_analysis_project/5_genome_annotation/Prokka/E745_spades/E745_spades:Gene	E745S_01427	tig00000001:1423246-1423554	E745S_01427
/home/yuch3531/genome_analysis_project/5_genome_annotation/Prokka/E745_spades/E745_spades:Gene	recF	tig00000001:1423541-1424665	E745S_01428
/home/yuch3531/genome_analysis_project/5_genome_annotation/Prokka/E745_spades/E745_spades:Gene	gyrB	tig00000001:1424662-1426608	E745S_01429
/home/yuch3531/genome_analysis_project/5_genome_annotation/Prokka/E745_spades/E745_spades:Gene	mglA	tig00000001:1468104-1469666	E745S_01468
/home/yuch3531/genome_analysis_project/5_genome_annotation/Prokka/E745_spades/E745_spades:Gene	E745S_01469	tig00000001:1469659-1470792	E745S_01469
/home/yuch3531/genome_analysis_project/5_genome_annotation/Prokka/E745_spades/E745_spades:Gene	E745S_01470	tig00000001:1470792-1471748	E745S_01470
/home/yuch3531/genome_analysis_project/5_genome_annotation/Prokka/E745_spades/E745_spades:Gene	rplD	tig00000001:1483360-1483983	E745S_01483
/home/yuch3531/genome_analysis_project/5_genome_annotation/Prokka/E745_spades/E745_spades:Gene	rplW	tig00000001:1483983-1484273	E745S_01484
/home/yuch3531/genome_analysis_project/5_genome_annotation/Prokka/E745_spades/E745_spades:Gene	rplP	tig00000001:1486509-1486943	E745S_01489
/home/yuch3531/genome_analysis_project/5_genome_annotation/Prokka/E745_spades/E745_spades:Gene	rpmC	tig00000001:1486933-1487121	E745S_01490
/home/yuch3531/genome_analysis_project/5_genome_annotation/Prokka/E745_spades/E745_spades:Gene	rplO	tig00000001:1491232-1491672	E745S_01501
/home/yuch3531/genome_analysis_project/5_genome_annotation/Prokka/E745_spades/E745_spades:Gene	secY	tig00000001:1491672-1492967	E745S_01502
/home/yuch3531/genome_analysis_project/5_genome_annotation/Prokka/E745_spades/E745_spades:Gene	ecfA1	tig00000001:1496732-1497571	E745S_01510
/home/yuch3531/genome_analysis_project/5_genome_annotation/Prokka/E745_spades/E745_spades:Gene	ecfA2	tig00000001:1497547-1498416	E745S_01511
/home/yuch3531/genome_analysis_project/5_genome_annotation/Prokka/E745_spades/E745_spades:Gene	ecfT	tig00000001:1498406-1499203	E745S_01512
/home/yuch3531/genome_analysis_project/5_genome_annotation/Prokka/E745_spades/E745_spades:Gene	E745S_01518	tig00000001:c1505844-1505506	E745S_01518
/home/yuch3531/genome_analysis_project/5_genome_annotation/Prokka/E745_spades/E745_spades:Gene	E745S_01519	tig00000001:c1506389-1505841	E745S_01519
/home/yuch3531/genome_analysis_project/5_genome_annotation/Prokka/E745_spades/E745_spades:Gene	oppF_1	tig00000001:1520172-1521116	E745S_01531
/home/yuch3531/genome_analysis_project/5_genome_annotation/Prokka/E745_spades/E745_spades:Gene	gsiC	tig00000001:1521116-1522078	E745S_01532
/home/yuch3531/genome_analysis_project/5_genome_annotation/Prokka/E745_spades/E745_spades:Gene	yclN	tig00000001:1534432-1535382	E745S_01541
/home/yuch3531/genome_analysis_project/5_genome_annotation/Prokka/E745_spades/E745_spades:Gene	yclO	tig00000001:1535375-1536334	E745S_01542
/home/yuch3531/genome_analysis_project/5_genome_annotation/Prokka/E745_spades/E745_spades:Gene	yclP	tig00000001:1536331-1537086	E745S_01543
/home/yuch3531/genome_analysis_project/5_genome_annotation/Prokka/E745_spades/E745_spades:Gene	cidA	tig00000001:1549178-1549588	E745S_01556
/home/yuch3531/genome_analysis_project/5_genome_annotation/Prokka/E745_spades/E745_spades:Gene	yohK	tig00000001:1549581-1550282	E745S_01557
/home/yuch3531/genome_analysis_project/5_genome_annotation/Prokka/E745_spades/E745_spades:Gene	E745S_01558	tig00000001:1550282-1551865	E745S_01558
/home/yuch3531/genome_analysis_project/5_genome_annotation/Prokka/E745_spades/E745_spades:Gene	E745S_01559	tig00000001:1551884-1552105	E745S_01559
/home/yuch3531/genome_analysis_project/5_genome_annotation/Prokka/E745_spades/E745_spades:Gene	E745S_01560	tig00000001:1552102-1552863	E745S_01560
/home/yuch3531/genome_analysis_project/5_genome_annotation/Prokka/E745_spades/E745_spades:Gene	E745S_01568	tig00000001:1558908-1559282	E745S_01568
/home/yuch3531/genome_analysis_project/5_genome_annotation/Prokka/E745_spades/E745_spades:Gene	mutS_2	tig00000001:1559266-1561911	E745S_01569
/home/yuch3531/genome_analysis_project/5_genome_annotation/Prokka/E745_spades/E745_spades:Gene	cobB	tig00000001:1580368-1581093	E745S_01588
/home/yuch3531/genome_analysis_project/5_genome_annotation/Prokka/E745_spades/E745_spades:Gene	dapH_1	tig00000001:1581086-1581928	E745S_01589
/home/yuch3531/genome_analysis_project/5_genome_annotation/Prokka/E745_spades/E745_spades:Gene	E745S_01603	tig00000001:1596577-1597113	E745S_01603
/home/yuch3531/genome_analysis_project/5_genome_annotation/Prokka/E745_spades/E745_spades:Gene	E745S_01604	tig00000001:1597110-1597622	E745S_01604
/home/yuch3531/genome_analysis_project/5_genome_annotation/Prokka/E745_spades/E745_spades:Gene	E745S_01608	tig00000001:1599419-1600792	E745S_01608
/home/yuch3531/genome_analysis_project/5_genome_annotation/Prokka/E745_spades/E745_spades:Gene	E745S_01609	tig00000001:1600776-1601243	E745S_01609
/home/yuch3531/genome_analysis_project/5_genome_annotation/Prokka/E745_spades/E745_spades:Gene	E745S_01622	tig00000001:1617649-1617912	E745S_01622
/home/yuch3531/genome_analysis_project/5_genome_annotation/Prokka/E745_spades/E745_spades:Gene	E745S_01623	tig00000001:1617912-1618178	E745S_01623
/home/yuch3531/genome_analysis_project/5_genome_annotation/Prokka/E745_spades/E745_spades:Gene	opuCD	tig00000001:c1620080-1619409	E745S_01626
/home/yuch3531/genome_analysis_project/5_genome_annotation/Prokka/E745_spades/E745_spades:Gene	opuCC	tig00000001:c1620994-1620077	E745S_01627
/home/yuch3531/genome_analysis_project/5_genome_annotation/Prokka/E745_spades/E745_spades:Gene	opuCB	tig00000001:c1621632-1620991	E745S_01628
/home/yuch3531/genome_analysis_project/5_genome_annotation/Prokka/E745_spades/E745_spades:Gene	rhaB	tig00000001:1636155-1637615	E745S_01640
/home/yuch3531/genome_analysis_project/5_genome_annotation/Prokka/E745_spades/E745_spades:Gene	rhaA	tig00000001:1637612-1638868	E745S_01641
/home/yuch3531/genome_analysis_project/5_genome_annotation/Prokka/E745_spades/E745_spades:Gene	E745S_01649	tig00000001:1644791-1644925	E745S_01649
/home/yuch3531/genome_analysis_project/5_genome_annotation/Prokka/E745_spades/E745_spades:Gene	kduD	tig00000001:1644922-1645596	E745S_01650
/home/yuch3531/genome_analysis_project/5_genome_annotation/Prokka/E745_spades/E745_spades:Gene	fni	tig00000001:c1646909-1645845	E745S_01651
/home/yuch3531/genome_analysis_project/5_genome_annotation/Prokka/E745_spades/E745_spades:Gene	E745S_01652	tig00000001:c1647991-1646906	E745S_01652
/home/yuch3531/genome_analysis_project/5_genome_annotation/Prokka/E745_spades/E745_spades:Gene	E745S_01653	tig00000001:c1648981-1648004	E745S_01653
/home/yuch3531/genome_analysis_project/5_genome_annotation/Prokka/E745_spades/E745_spades:Gene	galK_1	tig00000001:c1649918-1648974	E745S_01654
/home/yuch3531/genome_analysis_project/5_genome_annotation/Prokka/E745_spades/E745_spades:Gene	E745S_01662	tig00000001:1655682-1657811	E745S_01662
/home/yuch3531/genome_analysis_project/5_genome_annotation/Prokka/E745_spades/E745_spades:Gene	E745S_01663	tig00000001:1657786-1658475	E745S_01663
/home/yuch3531/genome_analysis_project/5_genome_annotation/Prokka/E745_spades/E745_spades:Gene	E745S_01687	tig00000001:1680945-1681304	E745S_01687
/home/yuch3531/genome_analysis_project/5_genome_annotation/Prokka/E745_spades/E745_spades:Gene	E745S_01688	tig00000001:1681283-1682059	E745S_01688
/home/yuch3531/genome_analysis_project/5_genome_annotation/Prokka/E745_spades/E745_spades:Gene	E745S_01693	tig00000001:1685499-1685792	E745S_01693
/home/yuch3531/genome_analysis_project/5_genome_annotation/Prokka/E745_spades/E745_spades:Gene	E745S_01694	tig00000001:1685785-1686081	E745S_01694
/home/yuch3531/genome_analysis_project/5_genome_annotation/Prokka/E745_spades/E745_spades:Gene	manR_2	tig00000001:1710802-1712436	E745S_01719
/home/yuch3531/genome_analysis_project/5_genome_annotation/Prokka/E745_spades/E745_spades:Gene	E745S_01720	tig00000001:1712433-1712864	E745S_01720
/home/yuch3531/genome_analysis_project/5_genome_annotation/Prokka/E745_spades/E745_spades:Gene	npr_1	tig00000001:1724812-1726107	E745S_01734
/home/yuch3531/genome_analysis_project/5_genome_annotation/Prokka/E745_spades/E745_spades:Gene	E745S_01735	tig00000001:1726097-1727557	E745S_01735
/home/yuch3531/genome_analysis_project/5_genome_annotation/Prokka/E745_spades/E745_spades:Gene	helD_2	tig00000001:1738077-1739927	E745S_01745
/home/yuch3531/genome_analysis_project/5_genome_annotation/Prokka/E745_spades/E745_spades:Gene	E745S_01746	tig00000001:1739924-1740211	E745S_01746
/home/yuch3531/genome_analysis_project/5_genome_annotation/Prokka/E745_spades/E745_spades:Gene	dhaM-2	tig00000001:1743746-1744141	E745S_01751
/home/yuch3531/genome_analysis_project/5_genome_annotation/Prokka/E745_spades/E745_spades:Gene	dhaK	tig00000001:1744116-1745126	E745S_01752
/home/yuch3531/genome_analysis_project/5_genome_annotation/Prokka/E745_spades/E745_spades:Gene	mro_1	tig00000001:c1762856-1761849	E745S_01768
/home/yuch3531/genome_analysis_project/5_genome_annotation/Prokka/E745_spades/E745_spades:Gene	pgmB	tig00000001:c1763514-1762849	E745S_01769
/home/yuch3531/genome_analysis_project/5_genome_annotation/Prokka/E745_spades/E745_spades:Gene	malP	tig00000001:c1765801-1763507	E745S_01770
/home/yuch3531/genome_analysis_project/5_genome_annotation/Prokka/E745_spades/E745_spades:Gene	emrB	tig00000001:1777533-1779005	E745S_01780
/home/yuch3531/genome_analysis_project/5_genome_annotation/Prokka/E745_spades/E745_spades:Gene	E745S_01781	tig00000001:1779002-1779667	E745S_01781
/home/yuch3531/genome_analysis_project/5_genome_annotation/Prokka/E745_spades/E745_spades:Gene	E745S_01792	tig00000001:1790116-1790433	E745S_01792
/home/yuch3531/genome_analysis_project/5_genome_annotation/Prokka/E745_spades/E745_spades:Gene	E745S_01793	tig00000001:1790426-1791034	E745S_01793
/home/yuch3531/genome_analysis_project/5_genome_annotation/Prokka/E745_spades/E745_spades:Gene	bglF_1	tig00000001:c1801787-1800414	E745S_01802
/home/yuch3531/genome_analysis_project/5_genome_annotation/Prokka/E745_spades/E745_spades:Gene	rbsD	tig00000001:c1802182-1801787	E745S_01803
/home/yuch3531/genome_analysis_project/5_genome_annotation/Prokka/E745_spades/E745_spades:Gene	E745S_01814	tig00000001:c1815887-1815777	E745S_01814
/home/yuch3531/genome_analysis_project/5_genome_annotation/Prokka/E745_spades/E745_spades:Gene	agrB	tig00000001:c1816470-1815868	E745S_01815
/home/yuch3531/genome_analysis_project/5_genome_annotation/Prokka/E745_spades/E745_spades:Gene	lysA	tig00000001:1832810-1834069	E745S_01827
/home/yuch3531/genome_analysis_project/5_genome_annotation/Prokka/E745_spades/E745_spades:Gene	dapF	tig00000001:1834056-1834856	E745S_01828
/home/yuch3531/genome_analysis_project/5_genome_annotation/Prokka/E745_spades/E745_spades:Gene	dapA	tig00000001:1834859-1835740	E745S_01829
/home/yuch3531/genome_analysis_project/5_genome_annotation/Prokka/E745_spades/E745_spades:Gene	dapB	tig00000001:1835737-1836453	E745S_01830
/home/yuch3531/genome_analysis_project/5_genome_annotation/Prokka/E745_spades/E745_spades:Gene	asd	tig00000001:1837170-1838171	E745S_01832
/home/yuch3531/genome_analysis_project/5_genome_annotation/Prokka/E745_spades/E745_spades:Gene	yclM	tig00000001:1838168-1839529	E745S_01833
/home/yuch3531/genome_analysis_project/5_genome_annotation/Prokka/E745_spades/E745_spades:Gene	scmP	tig00000001:1839489-1840640	E745S_01834
/home/yuch3531/genome_analysis_project/5_genome_annotation/Prokka/E745_spades/E745_spades:Gene	dapX	tig00000001:1840615-1841784	E745S_01835
/home/yuch3531/genome_analysis_project/5_genome_annotation/Prokka/E745_spades/E745_spades:Gene	E745S_01837	tig00000001:1843566-1843718	E745S_01837
/home/yuch3531/genome_analysis_project/5_genome_annotation/Prokka/E745_spades/E745_spades:Gene	E745S_01838	tig00000001:1843715-1844416	E745S_01838
/home/yuch3531/genome_analysis_project/5_genome_annotation/Prokka/E745_spades/E745_spades:Gene	kefG	tig00000001:1852233-1852910	E745S_01846
/home/yuch3531/genome_analysis_project/5_genome_annotation/Prokka/E745_spades/E745_spades:Gene	E745S_01847	tig00000001:1852907-1853077	E745S_01847
/home/yuch3531/genome_analysis_project/5_genome_annotation/Prokka/E745_spades/E745_spades:Gene	scaC_2	tig00000001:1855750-1856496	E745S_01850
/home/yuch3531/genome_analysis_project/5_genome_annotation/Prokka/E745_spades/E745_spades:Gene	mntB	tig00000001:1856493-1857332	E745S_01851
/home/yuch3531/genome_analysis_project/5_genome_annotation/Prokka/E745_spades/E745_spades:Gene	E745S_01867	tig00000001:1873104-1873451	E745S_01867
/home/yuch3531/genome_analysis_project/5_genome_annotation/Prokka/E745_spades/E745_spades:Gene	E745S_01868	tig00000001:1873451-1873666	E745S_01868
/home/yuch3531/genome_analysis_project/5_genome_annotation/Prokka/E745_spades/E745_spades:Gene	E745S_01870	tig00000001:1874496-1874726	E745S_01870
/home/yuch3531/genome_analysis_project/5_genome_annotation/Prokka/E745_spades/E745_spades:Gene	mazF	tig00000001:1874726-1875067	E745S_01871
/home/yuch3531/genome_analysis_project/5_genome_annotation/Prokka/E745_spades/E745_spades:Gene	lacF_4	tig00000001:1879898-1880809	E745S_01876
/home/yuch3531/genome_analysis_project/5_genome_annotation/Prokka/E745_spades/E745_spades:Gene	araQ_4	tig00000001:1880806-1881660	E745S_01877
/home/yuch3531/genome_analysis_project/5_genome_annotation/Prokka/E745_spades/E745_spades:Gene	E745S_01878	tig00000001:1881657-1882274	E745S_01878
/home/yuch3531/genome_analysis_project/5_genome_annotation/Prokka/E745_spades/E745_spades:Gene	E745S_01881	tig00000001:1883563-1887600	E745S_01881
/home/yuch3531/genome_analysis_project/5_genome_annotation/Prokka/E745_spades/E745_spades:Gene	E745S_01882	tig00000001:1887600-1888376	E745S_01882
/home/yuch3531/genome_analysis_project/5_genome_annotation/Prokka/E745_spades/E745_spades:Gene	E745S_01883	tig00000001:1888379-1888912	E745S_01883
/home/yuch3531/genome_analysis_project/5_genome_annotation/Prokka/E745_spades/E745_spades:Gene	E745S_01884	tig00000001:1888905-1890602	E745S_01884
/home/yuch3531/genome_analysis_project/5_genome_annotation/Prokka/E745_spades/E745_spades:Gene	metN2	tig00000001:1929190-1930233	E745S_01919
/home/yuch3531/genome_analysis_project/5_genome_annotation/Prokka/E745_spades/E745_spades:Gene	metP_1	tig00000001:1930226-1930912	E745S_01920
/home/yuch3531/genome_analysis_project/5_genome_annotation/Prokka/E745_spades/E745_spades:Gene	E745S_01923	tig00000001:1932767-1934053	E745S_01923
/home/yuch3531/genome_analysis_project/5_genome_annotation/Prokka/E745_spades/E745_spades:Gene	sufS	tig00000001:1934050-1935285	E745S_01924
/home/yuch3531/genome_analysis_project/5_genome_annotation/Prokka/E745_spades/E745_spades:Gene	iscU	tig00000001:1935272-1935742	E745S_01925
/home/yuch3531/genome_analysis_project/5_genome_annotation/Prokka/E745_spades/E745_spades:Gene	E745S_01936	tig00000001:1944659-1946251	E745S_01936
/home/yuch3531/genome_analysis_project/5_genome_annotation/Prokka/E745_spades/E745_spades:Gene	E745S_01937	tig00000001:1946244-1947488	E745S_01937
/home/yuch3531/genome_analysis_project/5_genome_annotation/Prokka/E745_spades/E745_spades:Gene	E745S_01950	tig00000001:1965053-1965508	E745S_01950
/home/yuch3531/genome_analysis_project/5_genome_annotation/Prokka/E745_spades/E745_spades:Gene	E745S_01951	tig00000001:1965505-1966263	E745S_01951
/home/yuch3531/genome_analysis_project/5_genome_annotation/Prokka/E745_spades/E745_spades:Gene	E745S_01958	tig00000001:1971357-1971506	E745S_01958
/home/yuch3531/genome_analysis_project/5_genome_annotation/Prokka/E745_spades/E745_spades:Gene	bglF_2	tig00000001:1971464-1973329	E745S_01959
/home/yuch3531/genome_analysis_project/5_genome_annotation/Prokka/E745_spades/E745_spades:Gene	yvdD	tig00000001:1977079-1977654	E745S_01964
/home/yuch3531/genome_analysis_project/5_genome_annotation/Prokka/E745_spades/E745_spades:Gene	E745S_01965	tig00000001:1977654-1978094	E745S_01965
/home/yuch3531/genome_analysis_project/5_genome_annotation/Prokka/E745_spades/E745_spades:Gene	E745S_01995	tig00000001:c2013663-2012890	E745S_01995
/home/yuch3531/genome_analysis_project/5_genome_annotation/Prokka/E745_spades/E745_spades:Gene	bcrA_2	tig00000001:c2014565-2013660	E745S_01996
/home/yuch3531/genome_analysis_project/5_genome_annotation/Prokka/E745_spades/E745_spades:Gene	tsaE	tig00000001:2025985-2026458	E745S_02011
/home/yuch3531/genome_analysis_project/5_genome_annotation/Prokka/E745_spades/E745_spades:Gene	E745S_02012	tig00000001:2026451-2026975	E745S_02012
/home/yuch3531/genome_analysis_project/5_genome_annotation/Prokka/E745_spades/E745_spades:Gene	coaBC_1	tig00000001:c2042375-2041824	E745S_02025
/home/yuch3531/genome_analysis_project/5_genome_annotation/Prokka/E745_spades/E745_spades:Gene	coaBC_2	tig00000001:c2043109-2042372	E745S_02026
/home/yuch3531/genome_analysis_project/5_genome_annotation/Prokka/E745_spades/E745_spades:Gene	acuI	tig00000001:c2044095-2043106	E745S_02027
/home/yuch3531/genome_analysis_project/5_genome_annotation/Prokka/E745_spades/E745_spades:Gene	ydcV	tig00000001:2046816-2047643	E745S_02031
/home/yuch3531/genome_analysis_project/5_genome_annotation/Prokka/E745_spades/E745_spades:Gene	potD	tig00000001:2047640-2048713	E745S_02032
/home/yuch3531/genome_analysis_project/5_genome_annotation/Prokka/E745_spades/E745_spades:Gene	E745S_02036	tig00000001:2052929-2053738	E745S_02036
/home/yuch3531/genome_analysis_project/5_genome_annotation/Prokka/E745_spades/E745_spades:Gene	manZ_3	tig00000001:2053735-2054556	E745S_02037
/home/yuch3531/genome_analysis_project/5_genome_annotation/Prokka/E745_spades/E745_spades:Gene	E745S_02038	tig00000001:2054607-2056706	E745S_02038
/home/yuch3531/genome_analysis_project/5_genome_annotation/Prokka/E745_spades/E745_spades:Gene	E745S_02039	tig00000001:2056703-2057821	E745S_02039
/home/yuch3531/genome_analysis_project/5_genome_annotation/Prokka/E745_spades/E745_spades:Gene	murA1_1	tig00000001:2072962-2074233	E745S_02053
/home/yuch3531/genome_analysis_project/5_genome_annotation/Prokka/E745_spades/E745_spades:Gene	rho	tig00000001:2074230-2075525	E745S_02054
/home/yuch3531/genome_analysis_project/5_genome_annotation/Prokka/E745_spades/E745_spades:Gene	fruA_4	tig00000001:2076838-2078256	E745S_02057
/home/yuch3531/genome_analysis_project/5_genome_annotation/Prokka/E745_spades/E745_spades:Gene	kbaY	tig00000001:2078256-2079116	E745S_02058
/home/yuch3531/genome_analysis_project/5_genome_annotation/Prokka/E745_spades/E745_spades:Gene	E745S_02064	tig00000001:c2084316-2083519	E745S_02064
/home/yuch3531/genome_analysis_project/5_genome_annotation/Prokka/E745_spades/E745_spades:Gene	E745S_02065	tig00000001:c2085497-2084313	E745S_02065
/home/yuch3531/genome_analysis_project/5_genome_annotation/Prokka/E745_spades/E745_spades:Gene	E745S_02073	tig00000001:2091724-2092548	E745S_02073
/home/yuch3531/genome_analysis_project/5_genome_annotation/Prokka/E745_spades/E745_spades:Gene	yabA	tig00000001:2092541-2092888	E745S_02074
/home/yuch3531/genome_analysis_project/5_genome_annotation/Prokka/E745_spades/E745_spades:Gene	bceA_2	tig00000001:2098545-2099312	E745S_02079
/home/yuch3531/genome_analysis_project/5_genome_annotation/Prokka/E745_spades/E745_spades:Gene	bceB_2	tig00000001:2099302-2101344	E745S_02080
/home/yuch3531/genome_analysis_project/5_genome_annotation/Prokka/E745_spades/E745_spades:Gene	ysdC	tig00000001:2106185-2107267	E745S_02086
/home/yuch3531/genome_analysis_project/5_genome_annotation/Prokka/E745_spades/E745_spades:Gene	E745S_02087	tig00000001:2107267-2108070	E745S_02087
/home/yuch3531/genome_analysis_project/5_genome_annotation/Prokka/E745_spades/E745_spades:Gene	E745S_02108	tig00000001:2127058-2127483	E745S_02108
/home/yuch3531/genome_analysis_project/5_genome_annotation/Prokka/E745_spades/E745_spades:Gene	nusB	tig00000001:2127476-2127925	E745S_02109
/home/yuch3531/genome_analysis_project/5_genome_annotation/Prokka/E745_spades/E745_spades:Gene	iolU_2	tig00000001:2157693-2158706	E745S_02139
/home/yuch3531/genome_analysis_project/5_genome_annotation/Prokka/E745_spades/E745_spades:Gene	yfmL	tig00000001:2158706-2159983	E745S_02140
/home/yuch3531/genome_analysis_project/5_genome_annotation/Prokka/E745_spades/E745_spades:Gene	E745S_02146	tig00000001:2165455-2165637	E745S_02146
/home/yuch3531/genome_analysis_project/5_genome_annotation/Prokka/E745_spades/E745_spades:Gene	E745S_02147	tig00000001:2165637-2166050	E745S_02147
/home/yuch3531/genome_analysis_project/5_genome_annotation/Prokka/E745_spades/E745_spades:Gene	E745S_02160	tig00000001:2173409-2173747	E745S_02160
/home/yuch3531/genome_analysis_project/5_genome_annotation/Prokka/E745_spades/E745_spades:Gene	E745S_02161	tig00000001:2173734-2173913	E745S_02161
/home/yuch3531/genome_analysis_project/5_genome_annotation/Prokka/E745_spades/E745_spades:Gene	E745S_02164	tig00000001:2175389-2175730	E745S_02164
/home/yuch3531/genome_analysis_project/5_genome_annotation/Prokka/E745_spades/E745_spades:Gene	E745S_02165	tig00000001:2175723-2176394	E745S_02165
/home/yuch3531/genome_analysis_project/5_genome_annotation/Prokka/E745_spades/E745_spades:Gene	E745S_02169	tig00000001:2178124-2178288	E745S_02169
/home/yuch3531/genome_analysis_project/5_genome_annotation/Prokka/E745_spades/E745_spades:Gene	E745S_02170	tig00000001:2178281-2178583	E745S_02170
/home/yuch3531/genome_analysis_project/5_genome_annotation/Prokka/E745_spades/E745_spades:Gene	E745S_02171	tig00000001:2178580-2178741	E745S_02171
/home/yuch3531/genome_analysis_project/5_genome_annotation/Prokka/E745_spades/E745_spades:Gene	E745S_02172	tig00000001:2178744-2179043	E745S_02172
/home/yuch3531/genome_analysis_project/5_genome_annotation/Prokka/E745_spades/E745_spades:Gene	E745S_02173	tig00000001:2179043-2179399	E745S_02173
/home/yuch3531/genome_analysis_project/5_genome_annotation/Prokka/E745_spades/E745_spades:Gene	E745S_02174	tig00000001:2179359-2179604	E745S_02174
/home/yuch3531/genome_analysis_project/5_genome_annotation/Prokka/E745_spades/E745_spades:Gene	E745S_02175	tig00000001:2179601-2180020	E745S_02175
/home/yuch3531/genome_analysis_project/5_genome_annotation/Prokka/E745_spades/E745_spades:Gene	E745S_02176	tig00000001:2180017-2180574	E745S_02176
/home/yuch3531/genome_analysis_project/5_genome_annotation/Prokka/E745_spades/E745_spades:Gene	E745S_02177	tig00000001:2180571-2180867	E745S_02177
/home/yuch3531/genome_analysis_project/5_genome_annotation/Prokka/E745_spades/E745_spades:Gene	E745S_02184	tig00000001:2183872-2184186	E745S_02184
/home/yuch3531/genome_analysis_project/5_genome_annotation/Prokka/E745_spades/E745_spades:Gene	E745S_02185	tig00000001:2184164-2185858	E745S_02185
/home/yuch3531/genome_analysis_project/5_genome_annotation/Prokka/E745_spades/E745_spades:Gene	E745S_02186	tig00000001:2185878-2187056	E745S_02186
/home/yuch3531/genome_analysis_project/5_genome_annotation/Prokka/E745_spades/E745_spades:Gene	clpP_1	tig00000001:2187019-2187705	E745S_02187
/home/yuch3531/genome_analysis_project/5_genome_annotation/Prokka/E745_spades/E745_spades:Gene	E745S_02188	tig00000001:2187705-2188865	E745S_02188
/home/yuch3531/genome_analysis_project/5_genome_annotation/Prokka/E745_spades/E745_spades:Gene	E745S_02189	tig00000001:2188875-2189750	E745S_02189
/home/yuch3531/genome_analysis_project/5_genome_annotation/Prokka/E745_spades/E745_spades:Gene	E745S_02190	tig00000001:2189747-2190058	E745S_02190
/home/yuch3531/genome_analysis_project/5_genome_annotation/Prokka/E745_spades/E745_spades:Gene	E745S_02191	tig00000001:2190048-2190401	E745S_02191
/home/yuch3531/genome_analysis_project/5_genome_annotation/Prokka/E745_spades/E745_spades:Gene	E745S_02192	tig00000001:2190391-2190792	E745S_02192
/home/yuch3531/genome_analysis_project/5_genome_annotation/Prokka/E745_spades/E745_spades:Gene	E745S_02193	tig00000001:2190776-2191189	E745S_02193
/home/yuch3531/genome_analysis_project/5_genome_annotation/Prokka/E745_spades/E745_spades:Gene	E745S_02203	tig00000001:2203371-2203664	E745S_02203
/home/yuch3531/genome_analysis_project/5_genome_annotation/Prokka/E745_spades/E745_spades:Gene	E745S_02204	tig00000001:2203661-2203885	E745S_02204
/home/yuch3531/genome_analysis_project/5_genome_annotation/Prokka/E745_spades/E745_spades:Gene	E745S_02205	tig00000001:2203882-2204460	E745S_02205
/home/yuch3531/genome_analysis_project/5_genome_annotation/Prokka/E745_spades/E745_spades:Gene	E745S_02206	tig00000001:2204424-2204906	E745S_02206
/home/yuch3531/genome_analysis_project/5_genome_annotation/Prokka/E745_spades/E745_spades:Gene	abfA_1	tig00000001:2218641-2220158	E745S_02224
/home/yuch3531/genome_analysis_project/5_genome_annotation/Prokka/E745_spades/E745_spades:Gene	ugpB	tig00000001:2220148-2221419	E745S_02225
/home/yuch3531/genome_analysis_project/5_genome_annotation/Prokka/E745_spades/E745_spades:Gene	xylB_3	tig00000001:2229475-2231136	E745S_02233
/home/yuch3531/genome_analysis_project/5_genome_annotation/Prokka/E745_spades/E745_spades:Gene	sgbE	tig00000001:2231093-2231791	E745S_02234
/home/yuch3531/genome_analysis_project/5_genome_annotation/Prokka/E745_spades/E745_spades:Gene	E745S_02246	tig00000001:2242409-2244136	E745S_02246
/home/yuch3531/genome_analysis_project/5_genome_annotation/Prokka/E745_spades/E745_spades:Gene	E745S_02247	tig00000001:2244133-2244387	E745S_02247
/home/yuch3531/genome_analysis_project/5_genome_annotation/Prokka/E745_spades/E745_spades:Gene	E745S_02248	tig00000001:2244387-2246024	E745S_02248
/home/yuch3531/genome_analysis_project/5_genome_annotation/Prokka/E745_spades/E745_spades:Gene	mtlA	tig00000001:2249914-2250306	E745S_02252
/home/yuch3531/genome_analysis_project/5_genome_annotation/Prokka/E745_spades/E745_spades:Gene	E745S_02253	tig00000001:2250303-2251622	E745S_02253
/home/yuch3531/genome_analysis_project/5_genome_annotation/Prokka/E745_spades/E745_spades:Gene	gatD	tig00000001:c2260521-2259823	E745S_02261
/home/yuch3531/genome_analysis_project/5_genome_annotation/Prokka/E745_spades/E745_spades:Gene	murT	tig00000001:c2261866-2260514	E745S_02262
/home/yuch3531/genome_analysis_project/5_genome_annotation/Prokka/E745_spades/E745_spades:Gene	E745S_02265	tig00000001:2264512-2264991	E745S_02265
/home/yuch3531/genome_analysis_project/5_genome_annotation/Prokka/E745_spades/E745_spades:Gene	E745S_02266	tig00000001:2264988-2265755	E745S_02266
/home/yuch3531/genome_analysis_project/5_genome_annotation/Prokka/E745_spades/E745_spades:Gene	E745S_02267	tig00000001:2265985-2266197	E745S_02267
/home/yuch3531/genome_analysis_project/5_genome_annotation/Prokka/E745_spades/E745_spades:Gene	spsB	tig00000001:2266194-2266553	E745S_02268
/home/yuch3531/genome_analysis_project/5_genome_annotation/Prokka/E745_spades/E745_spades:Gene	E745S_02270	tig00000001:2267365-2267595	E745S_02270
/home/yuch3531/genome_analysis_project/5_genome_annotation/Prokka/E745_spades/E745_spades:Gene	E745S_02271	tig00000001:2267586-2267834	E745S_02271
/home/yuch3531/genome_analysis_project/5_genome_annotation/Prokka/E745_spades/E745_spades:Gene	prfA	tig00000001:2268527-2269600	E745S_02273
/home/yuch3531/genome_analysis_project/5_genome_annotation/Prokka/E745_spades/E745_spades:Gene	prmC	tig00000001:2269593-2270432	E745S_02274
/home/yuch3531/genome_analysis_project/5_genome_annotation/Prokka/E745_spades/E745_spades:Gene	ywlC	tig00000001:2270626-2271651	E745S_02275
/home/yuch3531/genome_analysis_project/5_genome_annotation/Prokka/E745_spades/E745_spades:Gene	E745S_02276	tig00000001:2271648-2271809	E745S_02276
/home/yuch3531/genome_analysis_project/5_genome_annotation/Prokka/E745_spades/E745_spades:Gene	oppD_2	tig00000001:2296477-2297547	E745S_02299
/home/yuch3531/genome_analysis_project/5_genome_annotation/Prokka/E745_spades/E745_spades:Gene	oppF_2	tig00000001:2297537-2298490	E745S_02300
/home/yuch3531/genome_analysis_project/5_genome_annotation/Prokka/E745_spades/E745_spades:Gene	rnmV	tig00000001:2306765-2307325	E745S_02308
/home/yuch3531/genome_analysis_project/5_genome_annotation/Prokka/E745_spades/E745_spades:Gene	rsmA	tig00000001:2307318-2308202	E745S_02309
/home/yuch3531/genome_analysis_project/5_genome_annotation/Prokka/E745_spades/E745_spades:Gene	sorA_2	tig00000001:2320496-2321275	E745S_02320
/home/yuch3531/genome_analysis_project/5_genome_annotation/Prokka/E745_spades/E745_spades:Gene	manZ_5	tig00000001:2321262-2322083	E745S_02321
/home/yuch3531/genome_analysis_project/5_genome_annotation/Prokka/E745_spades/E745_spades:Gene	E745S_02347	tig00000001:2350083-2350337	E745S_02347
/home/yuch3531/genome_analysis_project/5_genome_annotation/Prokka/E745_spades/E745_spades:Gene	E745S_02348	tig00000001:2350306-2351691	E745S_02348
/home/yuch3531/genome_analysis_project/5_genome_annotation/Prokka/E745_spades/E745_spades:Gene	fpgS	tig00000001:2383958-2385271	E745S_02379
/home/yuch3531/genome_analysis_project/5_genome_annotation/Prokka/E745_spades/E745_spades:Gene	E745S_02380	tig00000001:2385261-2385914	E745S_02380
/home/yuch3531/genome_analysis_project/5_genome_annotation/Prokka/E745_spades/E745_spades:Gene	E745S_02385	tig00000001:2389551-2391281	E745S_02385
/home/yuch3531/genome_analysis_project/5_genome_annotation/Prokka/E745_spades/E745_spades:Gene	E745S_02386	tig00000001:2391278-2393038	E745S_02386
/home/yuch3531/genome_analysis_project/5_genome_annotation/Prokka/E745_spades/E745_spades:Gene	E745S_02395	tig00000001:c2400397-2399990	E745S_02395
/home/yuch3531/genome_analysis_project/5_genome_annotation/Prokka/E745_spades/E745_spades:Gene	cdr_2	tig00000001:c2401602-2400379	E745S_02396
/home/yuch3531/genome_analysis_project/5_genome_annotation/Prokka/E745_spades/E745_spades:Gene	lacF_5	tig00000001:2404185-2405102	E745S_02399
/home/yuch3531/genome_analysis_project/5_genome_annotation/Prokka/E745_spades/E745_spades:Gene	lacG_3	tig00000001:2405095-2405928	E745S_02400
/home/yuch3531/genome_analysis_project/5_genome_annotation/Prokka/E745_spades/E745_spades:Gene	E745S_02402	tig00000001:2407149-2409020	E745S_02402
/home/yuch3531/genome_analysis_project/5_genome_annotation/Prokka/E745_spades/E745_spades:Gene	ugl_2	tig00000001:2409014-2410237	E745S_02403
/home/yuch3531/genome_analysis_project/5_genome_annotation/Prokka/E745_spades/E745_spades:Gene	natA_2	tig00000001:2416734-2417477	E745S_02410
/home/yuch3531/genome_analysis_project/5_genome_annotation/Prokka/E745_spades/E745_spades:Gene	E745S_02411	tig00000001:2417470-2419050	E745S_02411
/home/yuch3531/genome_analysis_project/5_genome_annotation/Prokka/E745_spades/E745_spades:Gene	E745S_02416	tig00000001:2422076-2422342	E745S_02416
/home/yuch3531/genome_analysis_project/5_genome_annotation/Prokka/E745_spades/E745_spades:Gene	yrrK	tig00000001:2422339-2422770	E745S_02417
/home/yuch3531/genome_analysis_project/5_genome_annotation/Prokka/E745_spades/E745_spades:Gene	E745S_02422	tig00000001:2425565-2425876	E745S_02422
/home/yuch3531/genome_analysis_project/5_genome_annotation/Prokka/E745_spades/E745_spades:Gene	E745S_02423	tig00000001:2425873-2426112	E745S_02423
/home/yuch3531/genome_analysis_project/5_genome_annotation/Prokka/E745_spades/E745_spades:Gene	E745S_02424	tig00000001:2426093-2426497	E745S_02424
/home/yuch3531/genome_analysis_project/5_genome_annotation/Prokka/E745_spades/E745_spades:Gene	E745S_02427	tig00000001:2427196-2428044	E745S_02427
/home/yuch3531/genome_analysis_project/5_genome_annotation/Prokka/E745_spades/E745_spades:Gene	E745S_02428	tig00000001:2428034-2429509	E745S_02428
/home/yuch3531/genome_analysis_project/5_genome_annotation/Prokka/E745_spades/E745_spades:Gene	E745S_02431	tig00000001:2431142-2431615	E745S_02431
/home/yuch3531/genome_analysis_project/5_genome_annotation/Prokka/E745_spades/E745_spades:Gene	E745S_02432	tig00000001:2431612-2433306	E745S_02432
/home/yuch3531/genome_analysis_project/5_genome_annotation/Prokka/E745_spades/E745_spades:Gene	E745S_02433	tig00000001:2433272-2433457	E745S_02433
/home/yuch3531/genome_analysis_project/5_genome_annotation/Prokka/E745_spades/E745_spades:Gene	E745S_02434	tig00000001:2433461-2434636	E745S_02434
/home/yuch3531/genome_analysis_project/5_genome_annotation/Prokka/E745_spades/E745_spades:Gene	E745S_02435	tig00000001:2434629-2436020	E745S_02435
/home/yuch3531/genome_analysis_project/5_genome_annotation/Prokka/E745_spades/E745_spades:Gene	E745S_02436	tig00000001:2436207-2436491	E745S_02436
/home/yuch3531/genome_analysis_project/5_genome_annotation/Prokka/E745_spades/E745_spades:Gene	E745S_02437	tig00000001:2436478-2436813	E745S_02437
/home/yuch3531/genome_analysis_project/5_genome_annotation/Prokka/E745_spades/E745_spades:Gene	E745S_02447	tig00000001:2447629-2447964	E745S_02447
/home/yuch3531/genome_analysis_project/5_genome_annotation/Prokka/E745_spades/E745_spades:Gene	E745S_02448	tig00000001:2447948-2450428	E745S_02448
/home/yuch3531/genome_analysis_project/5_genome_annotation/Prokka/E745_spades/E745_spades:Gene	E745S_02449	tig00000001:2450535-2452043	E745S_02449
/home/yuch3531/genome_analysis_project/5_genome_annotation/Prokka/E745_spades/E745_spades:Gene	nox_2	tig00000001:2452040-2453404	E745S_02450
/home/yuch3531/genome_analysis_project/5_genome_annotation/Prokka/E745_spades/E745_spades:Gene	btuD_5	tig00000001:2464638-2465537	E745S_02461
/home/yuch3531/genome_analysis_project/5_genome_annotation/Prokka/E745_spades/E745_spades:Gene	yhaP	tig00000001:2465530-2466792	E745S_02462
/home/yuch3531/genome_analysis_project/5_genome_annotation/Prokka/E745_spades/E745_spades:Gene	E745S_02465	tig00000001:2470217-2470540	E745S_02465
/home/yuch3531/genome_analysis_project/5_genome_annotation/Prokka/E745_spades/E745_spades:Gene	E745S_02466	tig00000001:2470527-2472530	E745S_02466
/home/yuch3531/genome_analysis_project/5_genome_annotation/Prokka/E745_spades/E745_spades:Gene	ntpC	tig00000001:2473639-2474625	E745S_02469
/home/yuch3531/genome_analysis_project/5_genome_annotation/Prokka/E745_spades/E745_spades:Gene	ntpG	tig00000001:2474615-2474926	E745S_02470
/home/yuch3531/genome_analysis_project/5_genome_annotation/Prokka/E745_spades/E745_spades:Gene	ntpA	tig00000001:2474948-2476729	E745S_02471
/home/yuch3531/genome_analysis_project/5_genome_annotation/Prokka/E745_spades/E745_spades:Gene	ntpB	tig00000001:2476722-2478098	E745S_02472
/home/yuch3531/genome_analysis_project/5_genome_annotation/Prokka/E745_spades/E745_spades:Gene	lhpI	tig00000001:2481803-2482774	E745S_02476
/home/yuch3531/genome_analysis_project/5_genome_annotation/Prokka/E745_spades/E745_spades:Gene	yddE	tig00000001:2482771-2483553	E745S_02477
/home/yuch3531/genome_analysis_project/5_genome_annotation/Prokka/E745_spades/E745_spades:Gene	E745S_02481	tig00000001:c2486908-2485541	E745S_02481
/home/yuch3531/genome_analysis_project/5_genome_annotation/Prokka/E745_spades/E745_spades:Gene	lipL	tig00000001:c2487722-2486892	E745S_02482
/home/yuch3531/genome_analysis_project/5_genome_annotation/Prokka/E745_spades/E745_spades:Gene	E745S_02495	tig00000001:2499649-2500185	E745S_02495
/home/yuch3531/genome_analysis_project/5_genome_annotation/Prokka/E745_spades/E745_spades:Gene	E745S_02496	tig00000001:2500182-2500988	E745S_02496
/home/yuch3531/genome_analysis_project/5_genome_annotation/Prokka/E745_spades/E745_spades:Gene	atpF	tig00000001:2512293-2512817	E745S_02509
/home/yuch3531/genome_analysis_project/5_genome_annotation/Prokka/E745_spades/E745_spades:Gene	atpH	tig00000001:2512804-2513346	E745S_02510
/home/yuch3531/genome_analysis_project/5_genome_annotation/Prokka/E745_spades/E745_spades:Gene	comFA	tig00000001:2525488-2526801	E745S_02529
/home/yuch3531/genome_analysis_project/5_genome_annotation/Prokka/E745_spades/E745_spades:Gene	E745S_02530	tig00000001:2526798-2527517	E745S_02530
/home/yuch3531/genome_analysis_project/5_genome_annotation/Prokka/E745_spades/E745_spades:Gene	ftsE	tig00000001:2532284-2532970	E745S_02534
/home/yuch3531/genome_analysis_project/5_genome_annotation/Prokka/E745_spades/E745_spades:Gene	ftsX	tig00000001:2532954-2533847	E745S_02535
/home/yuch3531/genome_analysis_project/5_genome_annotation/Prokka/E745_spades/E745_spades:Gene	E745S_02538	tig00000001:2536756-2537676	E745S_02538
/home/yuch3531/genome_analysis_project/5_genome_annotation/Prokka/E745_spades/E745_spades:Gene	E745S_02539	tig00000001:2537676-2538560	E745S_02539
/home/yuch3531/genome_analysis_project/5_genome_annotation/Prokka/E745_spades/E745_spades:Gene	E745S_02543	tig00000001:2541083-2542114	E745S_02543
/home/yuch3531/genome_analysis_project/5_genome_annotation/Prokka/E745_spades/E745_spades:Gene	E745S_02544	tig00000001:2542111-2542878	E745S_02544
/home/yuch3531/genome_analysis_project/5_genome_annotation/Prokka/E745_spades/E745_spades:Gene	E745S_02546	tig00000001:2544843-2545163	E745S_02546
/home/yuch3531/genome_analysis_project/5_genome_annotation/Prokka/E745_spades/E745_spades:Gene	E745S_02547	tig00000001:2545163-2545513	E745S_02547
/home/yuch3531/genome_analysis_project/5_genome_annotation/Prokka/E745_spades/E745_spades:Gene	yheI	tig00000001:2564293-2566044	E745S_02563
/home/yuch3531/genome_analysis_project/5_genome_annotation/Prokka/E745_spades/E745_spades:Gene	yheH	tig00000001:2566044-2567828	E745S_02564
/home/yuch3531/genome_analysis_project/5_genome_annotation/Prokka/E745_spades/E745_spades:Gene	licH	tig00000001:2572160-2573563	E745S_02568
/home/yuch3531/genome_analysis_project/5_genome_annotation/Prokka/E745_spades/E745_spades:Gene	bglH_2	tig00000001:2573563-2574996	E745S_02569
/home/yuch3531/genome_analysis_project/5_genome_annotation/Prokka/E745_spades/E745_spades:Gene	ybeY	tig00000001:2586114-2586575	E745S_02580
/home/yuch3531/genome_analysis_project/5_genome_annotation/Prokka/E745_spades/E745_spades:Gene	dgkA	tig00000001:2586559-2586954	E745S_02581
/home/yuch3531/genome_analysis_project/5_genome_annotation/Prokka/E745_spades/E745_spades:Gene	E745S_02592	tig00000001:2598500-2599465	E745S_02592
/home/yuch3531/genome_analysis_project/5_genome_annotation/Prokka/E745_spades/E745_spades:Gene	gph_2	tig00000001:2599458-2600153	E745S_02593
/home/yuch3531/genome_analysis_project/5_genome_annotation/Prokka/E745_spades/E745_spades:Gene	epsN	tig00000001:2600150-2601268	E745S_02594
/home/yuch3531/genome_analysis_project/5_genome_annotation/Prokka/E745_spades/E745_spades:Gene	epsL	tig00000001:2601258-2601878	E745S_02595
/home/yuch3531/genome_analysis_project/5_genome_annotation/Prokka/E745_spades/E745_spades:Gene	pfkB	tig00000001:2615136-2616086	E745S_02608
/home/yuch3531/genome_analysis_project/5_genome_annotation/Prokka/E745_spades/E745_spades:Gene	fruA_5	tig00000001:2616068-2617531	E745S_02609
/home/yuch3531/genome_analysis_project/5_genome_annotation/Prokka/E745_spades/E745_spades:Gene	mngA	tig00000001:2617528-2617986	E745S_02610
/home/yuch3531/genome_analysis_project/5_genome_annotation/Prokka/E745_spades/E745_spades:Gene	lacD2	tig00000001:2617983-2618957	E745S_02611
/home/yuch3531/genome_analysis_project/5_genome_annotation/Prokka/E745_spades/E745_spades:Gene	axe2	tig00000001:2637861-2638535	E745S_02629
/home/yuch3531/genome_analysis_project/5_genome_annotation/Prokka/E745_spades/E745_spades:Gene	E745S_02630	tig00000001:2638532-2638873	E745S_02630
/home/yuch3531/genome_analysis_project/5_genome_annotation/Prokka/E745_spades/E745_spades:Gene	copZ	tig00000001:2646708-2646917	E745S_02637
/home/yuch3531/genome_analysis_project/5_genome_annotation/Prokka/E745_spades/E745_spades:Gene	copA	tig00000001:2646917-2649103	E745S_02638
/home/yuch3531/genome_analysis_project/5_genome_annotation/Prokka/E745_spades/E745_spades:Gene	E745S_02641	tig00000001:c2653577-2652279	E745S_02641
/home/yuch3531/genome_analysis_project/5_genome_annotation/Prokka/E745_spades/E745_spades:Gene	E745S_02642	tig00000001:c2654319-2653567	E745S_02642
/home/yuch3531/genome_analysis_project/5_genome_annotation/Prokka/E745_spades/E745_spades:Gene	E745S_02643	tig00000001:c2654639-2654316	E745S_02643
/home/yuch3531/genome_analysis_project/5_genome_annotation/Prokka/E745_spades/E745_spades:Gene	E745S_02650	tig00000001:c2659759-2659190	E745S_02650
/home/yuch3531/genome_analysis_project/5_genome_annotation/Prokka/E745_spades/E745_spades:Gene	E745S_02651	tig00000001:c2660292-2659756	E745S_02651
/home/yuch3531/genome_analysis_project/5_genome_annotation/Prokka/E745_spades/E745_spades:Gene	E745S_02653	tig00000001:2661749-2662285	E745S_02653
/home/yuch3531/genome_analysis_project/5_genome_annotation/Prokka/E745_spades/E745_spades:Gene	E745S_02654	tig00000001:2662282-2662938	E745S_02654
/home/yuch3531/genome_analysis_project/5_genome_annotation/Prokka/E745_spades/E745_spades:Gene	phoR_2	tig00000001:c2681114-2679378	E745S_02668
/home/yuch3531/genome_analysis_project/5_genome_annotation/Prokka/E745_spades/E745_spades:Gene	phoP	tig00000001:c2681815-2681111	E745S_02669
/home/yuch3531/genome_analysis_project/5_genome_annotation/Prokka/E745_spades/E745_spades:Gene	rimM	tig00000001:2687910-2688431	E745S_02679
/home/yuch3531/genome_analysis_project/5_genome_annotation/Prokka/E745_spades/E745_spades:Gene	trmD	tig00000001:2688421-2689182	E745S_02680
/home/yuch3531/genome_analysis_project/5_genome_annotation/Prokka/E745_spades/E745_spades:Gene	E745S_02692	tig00000001:2701047-2702231	E745S_02692
/home/yuch3531/genome_analysis_project/5_genome_annotation/Prokka/E745_spades/E745_spades:Gene	E745S_02693	tig00000001:2702228-2702365	E745S_02693
/home/yuch3531/genome_analysis_project/5_genome_annotation/Prokka/E745_spades/E745_spades:Gene	E745S_02698	tig00000001:2708755-2709144	E745S_02698
/home/yuch3531/genome_analysis_project/5_genome_annotation/Prokka/E745_spades/E745_spades:Gene	E745S_02699	tig00000001:2709131-2711476	E745S_02699
/home/yuch3531/genome_analysis_project/5_genome_annotation/Prokka/E745_spades/E745_spades:Gene	E745S_02701	tig00000001:2713057-2715186	E745S_02701
/home/yuch3531/genome_analysis_project/5_genome_annotation/Prokka/E745_spades/E745_spades:Gene	E745S_02702	tig00000001:2715183-2716190	E745S_02702
/home/yuch3531/genome_analysis_project/5_genome_annotation/Prokka/E745_spades/E745_spades:Gene	E745S_02704	tig00000001:c2717974-2717246	E745S_02704
/home/yuch3531/genome_analysis_project/5_genome_annotation/Prokka/E745_spades/E745_spades:Gene	E745S_02705	tig00000001:c2719389-2717971	E745S_02705
/home/yuch3531/genome_analysis_project/5_genome_annotation/Prokka/E745_spades/E745_spades:Gene	agaC_2	tig00000001:2733109-2733762	E745S_02718
/home/yuch3531/genome_analysis_project/5_genome_annotation/Prokka/E745_spades/E745_spades:Gene	manZ_6	tig00000001:2733755-2734546	E745S_02719
/home/yuch3531/genome_analysis_project/5_genome_annotation/Prokka/E745_spades/E745_spades:Gene	E745S_02724	tig00000001:2737765-2737959	E745S_02724
/home/yuch3531/genome_analysis_project/5_genome_annotation/Prokka/E745_spades/E745_spades:Gene	E745S_02725	tig00000001:2737949-2738302	E745S_02725
/home/yuch3531/genome_analysis_project/5_genome_annotation/Prokka/E745_spades/E745_spades:Gene	E745S_02727	tig00000001:2740103-2740531	E745S_02727
/home/yuch3531/genome_analysis_project/5_genome_annotation/Prokka/E745_spades/E745_spades:Gene	E745S_02728	tig00000001:2740509-2740760	E745S_02728
/home/yuch3531/genome_analysis_project/5_genome_annotation/Prokka/E745_spades/E745_spades:Gene	E745S_02733	tig00000001:2744523-2746844	E745S_02733
/home/yuch3531/genome_analysis_project/5_genome_annotation/Prokka/E745_spades/E745_spades:Gene	E745S_02734	tig00000001:2746841-2747299	E745S_02734
/home/yuch3531/genome_analysis_project/5_genome_annotation/Prokka/E745_spades/E745_spades:Gene	E745S_02735	tig00000001:2747330-2748343	E745S_02735
/home/yuch3531/genome_analysis_project/5_genome_annotation/Prokka/E745_spades/E745_spades:Gene	E745S_02736	tig00000001:2748340-2748786	E745S_02736
/home/yuch3531/genome_analysis_project/5_genome_annotation/Prokka/E745_spades/E745_spades:Gene	E745S_02738	tig00000001:2749957-2751129	E745S_02738
/home/yuch3531/genome_analysis_project/5_genome_annotation/Prokka/E745_spades/E745_spades:Gene	E745S_02739	tig00000001:2751126-2751323	E745S_02739
/home/yuch3531/genome_analysis_project/5_genome_annotation/Prokka/E745_spades/E745_spades:Gene	alsS_1	tig00000001:2760478-2761962	E745S_02750
/home/yuch3531/genome_analysis_project/5_genome_annotation/Prokka/E745_spades/E745_spades:Gene	alsS_2	tig00000001:2761919-2762143	E745S_02751
/home/yuch3531/genome_analysis_project/5_genome_annotation/Prokka/E745_spades/E745_spades:Gene	E745S_02753	tig00000002:c373-47	E745S_02753
/home/yuch3531/genome_analysis_project/5_genome_annotation/Prokka/E745_spades/E745_spades:Gene	E745S_02754	tig00000002:c627-373	E745S_02754
/home/yuch3531/genome_analysis_project/5_genome_annotation/Prokka/E745_spades/E745_spades:Gene	E745S_02756	tig00000002:3053-3520	E745S_02756
/home/yuch3531/genome_analysis_project/5_genome_annotation/Prokka/E745_spades/E745_spades:Gene	frlB_2	tig00000002:3520-4065	E745S_02757
/home/yuch3531/genome_analysis_project/5_genome_annotation/Prokka/E745_spades/E745_spades:Gene	sorA_3	tig00000002:4969-5715	E745S_02760
/home/yuch3531/genome_analysis_project/5_genome_annotation/Prokka/E745_spades/E745_spades:Gene	manZ_7	tig00000002:5715-6524	E745S_02761
/home/yuch3531/genome_analysis_project/5_genome_annotation/Prokka/E745_spades/E745_spades:Gene	E745S_02770	tig00000002:16485-17444	E745S_02770
/home/yuch3531/genome_analysis_project/5_genome_annotation/Prokka/E745_spades/E745_spades:Gene	E745S_02771	tig00000002:17441-18319	E745S_02771
/home/yuch3531/genome_analysis_project/5_genome_annotation/Prokka/E745_spades/E745_spades:Gene	E745S_02772	tig00000002:18280-18576	E745S_02772
/home/yuch3531/genome_analysis_project/5_genome_annotation/Prokka/E745_spades/E745_spades:Gene	E745S_02794	tig00000002:38259-38792	E745S_02794
/home/yuch3531/genome_analysis_project/5_genome_annotation/Prokka/E745_spades/E745_spades:Gene	resA	tig00000002:38743-39330	E745S_02795
/home/yuch3531/genome_analysis_project/5_genome_annotation/Prokka/E745_spades/E745_spades:Gene	E745S_02799	tig00000002:42136-42792	E745S_02799
/home/yuch3531/genome_analysis_project/5_genome_annotation/Prokka/E745_spades/E745_spades:Gene	E745S_02800	tig00000002:42792-44168	E745S_02800
/home/yuch3531/genome_analysis_project/5_genome_annotation/Prokka/E745_spades/E745_spades:Gene	E745S_02811	tig00000002:53442-54542	E745S_02811
/home/yuch3531/genome_analysis_project/5_genome_annotation/Prokka/E745_spades/E745_spades:Gene	E745S_02812	tig00000002:54532-55356	E745S_02812
/home/yuch3531/genome_analysis_project/5_genome_annotation/Prokka/E745_spades/E745_spades:Gene	E745S_02813	tig00000002:55353-56168	E745S_02813
/home/yuch3531/genome_analysis_project/5_genome_annotation/Prokka/E745_spades/E745_spades:Gene	E745S_02814	tig00000002:56165-56995	E745S_02814
/home/yuch3531/genome_analysis_project/5_genome_annotation/Prokka/E745_spades/E745_spades:Gene	E745S_02817	tig00000002:c60641-59913	E745S_02817
/home/yuch3531/genome_analysis_project/5_genome_annotation/Prokka/E745_spades/E745_spades:Gene	E745S_02818	tig00000002:c62193-60619	E745S_02818
/home/yuch3531/genome_analysis_project/5_genome_annotation/Prokka/E745_spades/E745_spades:Gene	ebgA	tig00000002:68512-71493	E745S_02825
/home/yuch3531/genome_analysis_project/5_genome_annotation/Prokka/E745_spades/E745_spades:Gene	E745S_02826	tig00000002:71490-73151	E745S_02826
/home/yuch3531/genome_analysis_project/5_genome_annotation/Prokka/E745_spades/E745_spades:Gene	qseB	tig00000002:77665-78318	E745S_02830
/home/yuch3531/genome_analysis_project/5_genome_annotation/Prokka/E745_spades/E745_spades:Gene	E745S_02831	tig00000002:78315-79634	E745S_02831
/home/yuch3531/genome_analysis_project/5_genome_annotation/Prokka/E745_spades/E745_spades:Gene	E745S_02839	tig00000002:c87493-86924	E745S_02839
/home/yuch3531/genome_analysis_project/5_genome_annotation/Prokka/E745_spades/E745_spades:Gene	E745S_02840	tig00000002:c88026-87490	E745S_02840
/home/yuch3531/genome_analysis_project/5_genome_annotation/Prokka/E745_spades/E745_spades:Gene	E745S_02877	tig00000002:132829-133113	E745S_02877
/home/yuch3531/genome_analysis_project/5_genome_annotation/Prokka/E745_spades/E745_spades:Gene	E745S_02878	tig00000002:133061-133480	E745S_02878
/home/yuch3531/genome_analysis_project/5_genome_annotation/Prokka/E745_spades/E745_spades:Gene	E745S_02881	tig00000002:135726-135908	E745S_02881
/home/yuch3531/genome_analysis_project/5_genome_annotation/Prokka/E745_spades/E745_spades:Gene	E745S_02882	tig00000002:135898-136077	E745S_02882
/home/yuch3531/genome_analysis_project/5_genome_annotation/Prokka/E745_spades/E745_spades:Gene	E745S_02892	tig00000002:c145820-145530	E745S_02892
/home/yuch3531/genome_analysis_project/5_genome_annotation/Prokka/E745_spades/E745_spades:Gene	E745S_02893	tig00000002:c146067-145804	E745S_02893
/home/yuch3531/genome_analysis_project/5_genome_annotation/Prokka/E745_spades/E745_spades:Gene	E745S_02900	tig00000002:c149852-149601	E745S_02900
/home/yuch3531/genome_analysis_project/5_genome_annotation/Prokka/E745_spades/E745_spades:Gene	E745S_02901	tig00000002:c150058-149852	E745S_02901
/home/yuch3531/genome_analysis_project/5_genome_annotation/Prokka/E745_spades/E745_spades:Gene	E745S_02922	tig00000002:c169135-167930	E745S_02922
/home/yuch3531/genome_analysis_project/5_genome_annotation/Prokka/E745_spades/E745_spades:Gene	E745S_02923	tig00000002:c171159-169135	E745S_02923
/home/yuch3531/genome_analysis_project/5_genome_annotation/Prokka/E745_spades/E745_spades:Gene	E745S_02924	tig00000002:c171305-171153	E745S_02924
/home/yuch3531/genome_analysis_project/5_genome_annotation/Prokka/E745_spades/E745_spades:Gene	E745S_02927	tig00000002:c174672-172300	E745S_02927
/home/yuch3531/genome_analysis_project/5_genome_annotation/Prokka/E745_spades/E745_spades:Gene	E745S_02928	tig00000002:c175460-174669	E745S_02928
/home/yuch3531/genome_analysis_project/5_genome_annotation/Prokka/E745_spades/E745_spades:Gene	E745S_02930	tig00000002:c180026-178197	E745S_02930
/home/yuch3531/genome_analysis_project/5_genome_annotation/Prokka/E745_spades/E745_spades:Gene	E745S_02931	tig00000002:c182089-180026	E745S_02931
/home/yuch3531/genome_analysis_project/5_genome_annotation/Prokka/E745_spades/E745_spades:Gene	E745S_02933	tig00000002:c182721-182479	E745S_02933
/home/yuch3531/genome_analysis_project/5_genome_annotation/Prokka/E745_spades/E745_spades:Gene	E745S_02934	tig00000002:c183152-182718	E745S_02934
/home/yuch3531/genome_analysis_project/5_genome_annotation/Prokka/E745_spades/E745_spades:Gene	E745S_02935	tig00000002:c185299-183209	E745S_02935
/home/yuch3531/genome_analysis_project/5_genome_annotation/Prokka/E745_spades/E745_spades:Gene	E745S_02936	tig00000002:c185556-185296	E745S_02936
/home/yuch3531/genome_analysis_project/5_genome_annotation/Prokka/E745_spades/E745_spades:Gene	E745S_02939	tig00000002:c187922-187107	E745S_02939
/home/yuch3531/genome_analysis_project/5_genome_annotation/Prokka/E745_spades/E745_spades:Gene	E745S_02940	tig00000002:c189082-187910	E745S_02940
/home/yuch3531/genome_analysis_project/5_genome_annotation/Prokka/E745_spades/E745_spades:Gene	E745S_02962	tig00000003:10313-10519	E745S_02962
/home/yuch3531/genome_analysis_project/5_genome_annotation/Prokka/E745_spades/E745_spades:Gene	E745S_02963	tig00000003:10519-10770	E745S_02963
/home/yuch3531/genome_analysis_project/5_genome_annotation/Prokka/E745_spades/E745_spades:Gene	E745S_02964	tig00000003:10785-11222	E745S_02964
/home/yuch3531/genome_analysis_project/5_genome_annotation/Prokka/E745_spades/E745_spades:Gene	E745S_02965	tig00000003:11215-11922	E745S_02965
/home/yuch3531/genome_analysis_project/5_genome_annotation/Prokka/E745_spades/E745_spades:Gene	E745S_02969	tig00000003:12822-13085	E745S_02969
/home/yuch3531/genome_analysis_project/5_genome_annotation/Prokka/E745_spades/E745_spades:Gene	pemK	tig00000003:13079-13429	E745S_02970
/home/yuch3531/genome_analysis_project/5_genome_annotation/Prokka/E745_spades/E745_spades:Gene	umuC_2	tig00000003:14517-15842	E745S_02972
/home/yuch3531/genome_analysis_project/5_genome_annotation/Prokka/E745_spades/E745_spades:Gene	E745S_02973	tig00000003:15835-16185	E745S_02973
/home/yuch3531/genome_analysis_project/5_genome_annotation/Prokka/E745_spades/E745_spades:Gene	E745S_02974	tig00000003:16182-16286	E745S_02974
/home/yuch3531/genome_analysis_project/5_genome_annotation/Prokka/E745_spades/E745_spades:Gene	E745S_02983	tig00000003:21919-22227	E745S_02983
/home/yuch3531/genome_analysis_project/5_genome_annotation/Prokka/E745_spades/E745_spades:Gene	E745S_02984	tig00000003:22214-22441	E745S_02984
/home/yuch3531/genome_analysis_project/5_genome_annotation/Prokka/E745_spades/E745_spades:Gene	E745S_02985	tig00000003:22438-22554	E745S_02985
/home/yuch3531/genome_analysis_project/5_genome_annotation/Prokka/E745_spades/E745_spades:Gene	E745S_02986	tig00000004:c825-424	E745S_02986
/home/yuch3531/genome_analysis_project/5_genome_annotation/Prokka/E745_spades/E745_spades:Gene	E745S_02987	tig00000004:c1559-822	E745S_02987
/home/yuch3531/genome_analysis_project/5_genome_annotation/Prokka/E745_spades/E745_spades:Gene	E745S_02991	tig00000004:c5162-4833	E745S_02991
/home/yuch3531/genome_analysis_project/5_genome_annotation/Prokka/E745_spades/E745_spades:Gene	E745S_02992	tig00000004:c5623-5144	E745S_02992
/home/yuch3531/genome_analysis_project/5_genome_annotation/Prokka/E745_spades/E745_spades:Gene	E745S_02997	tig00000004:c7503-7141	E745S_02997
/home/yuch3531/genome_analysis_project/5_genome_annotation/Prokka/E745_spades/E745_spades:Gene	E745S_02998	tig00000004:c7946-7482	E745S_02998
/home/yuch3531/genome_analysis_project/5_genome_annotation/Prokka/E745_spades/E745_spades:Gene	E745S_03002	tig00000004:c10143-9823	E745S_03002
/home/yuch3531/genome_analysis_project/5_genome_annotation/Prokka/E745_spades/E745_spades:Gene	E745S_03003	tig00000004:c10342-10136	E745S_03003
/home/yuch3531/genome_analysis_project/5_genome_annotation/Prokka/E745_spades/E745_spades:Gene	E745S_03005	tig00000004:c11116-10997	E745S_03005
/home/yuch3531/genome_analysis_project/5_genome_annotation/Prokka/E745_spades/E745_spades:Gene	E745S_03006	tig00000004:c11592-11101	E745S_03006
/home/yuch3531/genome_analysis_project/5_genome_annotation/Prokka/E745_spades/E745_spades:Gene	E745S_03010	tig00000004:c13907-13683	E745S_03010
/home/yuch3531/genome_analysis_project/5_genome_annotation/Prokka/E745_spades/E745_spades:Gene	E745S_03011	tig00000004:c14130-13864	E745S_03011
/home/yuch3531/genome_analysis_project/5_genome_annotation/Prokka/E745_spades/E745_spades:Gene	vanH_1	tig00000005:4974-5942	E745S_03020
/home/yuch3531/genome_analysis_project/5_genome_annotation/Prokka/E745_spades/E745_spades:Gene	vanA_1	tig00000005:5935-6966	E745S_03021
/home/yuch3531/genome_analysis_project/5_genome_annotation/Prokka/E745_spades/E745_spades:Gene	bin3_2	tig00000005:12544-13161	E745S_03029
/home/yuch3531/genome_analysis_project/5_genome_annotation/Prokka/E745_spades/E745_spades:Gene	E745S_03030	tig00000005:13161-13253	E745S_03030
/home/yuch3531/genome_analysis_project/5_genome_annotation/Prokka/E745_spades/E745_spades:Gene	E745S_03049	tig00000005:c29046-28627	E745S_03049
/home/yuch3531/genome_analysis_project/5_genome_annotation/Prokka/E745_spades/E745_spades:Gene	repN	tig00000005:c29534-29043	E745S_03050
/home/yuch3531/genome_analysis_project/5_genome_annotation/Prokka/E745_spades/E745_spades:Gene	E745S_03053	tig00000005:c31062-30787	E745S_03053
/home/yuch3531/genome_analysis_project/5_genome_annotation/Prokka/E745_spades/E745_spades:Gene	soj_2	tig00000005:c31987-31034	E745S_03054
/home/yuch3531/genome_analysis_project/5_genome_annotation/Prokka/E745_spades/E745_spades:Gene	vanH_2	tig00000005:37396-38364	E745S_03060
/home/yuch3531/genome_analysis_project/5_genome_annotation/Prokka/E745_spades/E745_spades:Gene	vanA_2	tig00000005:38357-39388	E745S_03061
/home/yuch3531/genome_analysis_project/5_genome_annotation/Prokka/E745_spades/E745_spades:Gene	E745S_03063	tig00000006:c669-271	E745S_03063
/home/yuch3531/genome_analysis_project/5_genome_annotation/Prokka/E745_spades/E745_spades:Gene	E745S_03064	tig00000006:c1183-647	E745S_03064
/home/yuch3531/genome_analysis_project/5_genome_annotation/Prokka/E745_spades/E745_spades:Gene	E745S_03065	tig00000006:c1475-1215	E745S_03065
/home/yuch3531/genome_analysis_project/5_genome_annotation/Prokka/E745_spades/E745_spades:Gene	E745S_03066	tig00000006:c3499-1475	E745S_03066
/home/yuch3531/genome_analysis_project/5_genome_annotation/Prokka/E745_spades/E745_spades:Gene	E745S_03067	tig00000006:c3645-3493	E745S_03067
/home/yuch3531/genome_analysis_project/5_genome_annotation/Prokka/E745_spades/E745_spades:Gene	E745S_03070	tig00000006:c7012-4640	E745S_03070
/home/yuch3531/genome_analysis_project/5_genome_annotation/Prokka/E745_spades/E745_spades:Gene	E745S_03071	tig00000006:c7800-7009	E745S_03071
/home/yuch3531/genome_analysis_project/5_genome_annotation/Prokka/E745_spades/E745_spades:Gene	E745S_03076	tig00000006:c12880-12365	E745S_03076
/home/yuch3531/genome_analysis_project/5_genome_annotation/Prokka/E745_spades/E745_spades:Gene	E745S_03077	tig00000006:c13254-12871	E745S_03077
/home/yuch3531/genome_analysis_project/5_genome_annotation/Prokka/E745_spades/E745_spades:Gene	E745S_03078	tig00000006:c14234-13245	E745S_03078
/home/yuch3531/genome_analysis_project/5_genome_annotation/Prokka/E745_spades/E745_spades:Gene	E745S_03082	tig00000007:c1460-1044	E745S_03082
/home/yuch3531/genome_analysis_project/5_genome_annotation/Prokka/E745_spades/E745_spades:Gene	E745S_03083	tig00000007:c1723-1430	E745S_03083
/home/yuch3531/genome_analysis_project/5_genome_annotation/Prokka/E745_spades/E745_spades:Gene	umuC_3	tig00000007:6379-7704	E745S_03092
/home/yuch3531/genome_analysis_project/5_genome_annotation/Prokka/E745_spades/E745_spades:Gene	E745S_03093	tig00000007:7697-8047	E745S_03093
/home/yuch3531/genome_analysis_project/5_genome_annotation/Prokka/E745_spades/E745_spades:Gene	E745S_03094	tig00000007:8044-8223	E745S_03094
/home/yuch3531/genome_analysis_project/5_genome_annotation/Prokka/E745_spades/E745_spades:Gene	soj_3	tig00000007:9016-9804	E745S_03096
/home/yuch3531/genome_analysis_project/5_genome_annotation/Prokka/E745_spades/E745_spades:Gene	E745S_03097	tig00000007:9791-10117	E745S_03097
/home/yuch3531/genome_analysis_project/5_genome_annotation/Prokka/E745_spades/E745_spades:Gene	E745S_03108	tig00000008:449-832	E745S_03108
/home/yuch3531/genome_analysis_project/5_genome_annotation/Prokka/E745_spades/E745_spades:Gene	E745S_03109	tig00000008:814-1032	E745S_03109
/home/yuch3531/genome_analysis_project/5_genome_annotation/Prokka/E745_spades/E745_spades:Gene	E745S_03117	tig00000008:6334-8472	E745S_03117
/home/yuch3531/genome_analysis_project/5_genome_annotation/Prokka/E745_spades/E745_spades:Gene	yxdL_2	tig00000008:8456-9076	E745S_03118
/home/yuch3531/genome_analysis_project/5_genome_annotation/Prokka/E745_spades/E745_spades:Gene	E745S_03120	tig00000008:9769-10149	E745S_03120
/home/yuch3531/genome_analysis_project/5_genome_annotation/Prokka/E745_spades/E745_spades:Gene	E745S_03121	tig00000008:10131-11045	E745S_03121
/home/yuch3531/genome_analysis_project/5_genome_annotation/Prokka/E745_spades/E745_spades:Gene	E745S_03126	tig00000008:c14985-14629	E745S_03126
/home/yuch3531/genome_analysis_project/5_genome_annotation/Prokka/E745_spades/E745_spades:Gene	E745S_03127	tig00000008:c15089-14955	E745S_03127
/home/yuch3531/genome_analysis_project/5_genome_annotation/Prokka/E745_spades/E745_spades:Gene	E745S_03129	tig00000009:910-1545	E745S_03129
/home/yuch3531/genome_analysis_project/5_genome_annotation/Prokka/E745_spades/E745_spades:Gene	E745S_03130	tig00000009:1542-1694	E745S_03130
/home/yuch3531/genome_analysis_project/5_genome_annotation/Prokka/E745_spades/E745_spades:Gene	E745S_03135	tig00000009:4188-5018	E745S_03135
/home/yuch3531/genome_analysis_project/5_genome_annotation/Prokka/E745_spades/E745_spades:Gene	E745S_03136	tig00000009:5018-5446	E745S_03136
/home/yuch3531/genome_analysis_project/5_genome_annotation/Prokka/E745_spades/E745_spades:Gene	E745S_03148	tig00000009:17985-18206	E745S_03148
/home/yuch3531/genome_analysis_project/5_genome_annotation/Prokka/E745_spades/E745_spades:Gene	E745S_03149	tig00000009:18203-18820	E745S_03149

DiscRep_ALL:OVERLAPPING_CDS::28 coding regions overlap another coding region with a similar or identical name.
DiscRep_SUB:OVERLAPPING_CDS::28 coding regions overlap another coding region with a similar or identical name that do not have the appropriate note text
/home/yuch3531/genome_analysis_project/5_genome_annotation/Prokka/E745_spades/E745_spades:CDS	Xylulose-5-phosphate phosphoketolase	tig00000001:124698-125687	E745S_00143
/home/yuch3531/genome_analysis_project/5_genome_annotation/Prokka/E745_spades/E745_spades:CDS	Xylulose-5-phosphate phosphoketolase	tig00000001:125681-126565	E745S_00144
/home/yuch3531/genome_analysis_project/5_genome_annotation/Prokka/E745_spades/E745_spades:CDS	Primosomal protein DnaI	tig00000001:243393-243614	E745S_00250
/home/yuch3531/genome_analysis_project/5_genome_annotation/Prokka/E745_spades/E745_spades:CDS	Primosomal protein DnaI	tig00000001:243611-244318	E745S_00251
/home/yuch3531/genome_analysis_project/5_genome_annotation/Prokka/E745_spades/E745_spades:CDS	GTP cyclohydrolase 1 type 2	tig00000001:247250-247522	E745S_00256
/home/yuch3531/genome_analysis_project/5_genome_annotation/Prokka/E745_spades/E745_spades:CDS	GTP cyclohydrolase 1 type 2	tig00000001:247504-248370	E745S_00257
/home/yuch3531/genome_analysis_project/5_genome_annotation/Prokka/E745_spades/E745_spades:CDS	General stress protein A	tig00000001:299758-300615	E745S_00314
/home/yuch3531/genome_analysis_project/5_genome_annotation/Prokka/E745_spades/E745_spades:CDS	General stress protein A	tig00000001:300608-301510	E745S_00315
/home/yuch3531/genome_analysis_project/5_genome_annotation/Prokka/E745_spades/E745_spades:CDS	Na(+)/H(+) antiporter	tig00000001:c327433-326825	E745S_00345
/home/yuch3531/genome_analysis_project/5_genome_annotation/Prokka/E745_spades/E745_spades:CDS	Na(+)/H(+) antiporter	tig00000001:c327975-327430	E745S_00346
/home/yuch3531/genome_analysis_project/5_genome_annotation/Prokka/E745_spades/E745_spades:CDS	Mannonate dehydratase	tig00000001:332357-334342	E745S_00352
/home/yuch3531/genome_analysis_project/5_genome_annotation/Prokka/E745_spades/E745_spades:CDS	Mannonate dehydratase	tig00000001:334332-335105	E745S_00353
/home/yuch3531/genome_analysis_project/5_genome_annotation/Prokka/E745_spades/E745_spades:CDS	Dihydroorotate dehydrogenase B (NAD(+)), electron transfer subunit	tig00000001:c426819-426466	E745S_00442
/home/yuch3531/genome_analysis_project/5_genome_annotation/Prokka/E745_spades/E745_spades:CDS	Dihydroorotate dehydrogenase B (NAD(+)), electron transfer subunit	tig00000001:c427240-426794	E745S_00443
/home/yuch3531/genome_analysis_project/5_genome_annotation/Prokka/E745_spades/E745_spades:CDS	ATP-dependent helicase/deoxyribonuclease subunit B	tig00000001:c514071-511486	E745S_00521
/home/yuch3531/genome_analysis_project/5_genome_annotation/Prokka/E745_spades/E745_spades:CDS	ATP-dependent helicase/deoxyribonuclease subunit B	tig00000001:c515012-514029	E745S_00522
/home/yuch3531/genome_analysis_project/5_genome_annotation/Prokka/E745_spades/E745_spades:CDS	Di-/tripeptide transporter	tig00000001:c517543-516713	E745S_00524
/home/yuch3531/genome_analysis_project/5_genome_annotation/Prokka/E745_spades/E745_spades:CDS	Di-/tripeptide transporter	tig00000001:c517971-517540	E745S_00525
/home/yuch3531/genome_analysis_project/5_genome_annotation/Prokka/E745_spades/E745_spades:CDS	Sensor histidine kinase DcuS	tig00000001:606559-607431	E745S_00615
/home/yuch3531/genome_analysis_project/5_genome_annotation/Prokka/E745_spades/E745_spades:CDS	Sensor histidine kinase DcuS	tig00000001:607422-608207	E745S_00616
/home/yuch3531/genome_analysis_project/5_genome_annotation/Prokka/E745_spades/E745_spades:CDS	Multidrug efflux protein YfmO	tig00000001:c1252132-1251200	E745S_01270
/home/yuch3531/genome_analysis_project/5_genome_annotation/Prokka/E745_spades/E745_spades:CDS	Multidrug efflux protein YfmO	tig00000001:c1252401-1252132	E745S_01271
/home/yuch3531/genome_analysis_project/5_genome_annotation/Prokka/E745_spades/E745_spades:CDS	Putative NAD(P)H nitroreductase YodC	tig00000001:c1255796-1255557	E745S_01275
/home/yuch3531/genome_analysis_project/5_genome_annotation/Prokka/E745_spades/E745_spades:CDS	Putative NAD(P)H nitroreductase YodC	tig00000001:c1256185-1255793	E745S_01276
/home/yuch3531/genome_analysis_project/5_genome_annotation/Prokka/E745_spades/E745_spades:CDS	Coenzyme A biosynthesis bifunctional protein CoaBC	tig00000001:c2042375-2041824	E745S_02025
/home/yuch3531/genome_analysis_project/5_genome_annotation/Prokka/E745_spades/E745_spades:CDS	Coenzyme A biosynthesis bifunctional protein CoaBC	tig00000001:c2043109-2042372	E745S_02026
/home/yuch3531/genome_analysis_project/5_genome_annotation/Prokka/E745_spades/E745_spades:CDS	Acetolactate synthase	tig00000001:2760478-2761962	E745S_02750
/home/yuch3531/genome_analysis_project/5_genome_annotation/Prokka/E745_spades/E745_spades:CDS	Acetolactate synthase	tig00000001:2761919-2762143	E745S_02751

DiscRep_ALL:SUSPECT_PRODUCT_NAMES::15 product_names contain suspect phrase or characters
DiscRep_SUB:SUSPECT_PRODUCT_NAMES::May contain database identifier more appropriate in note; remove from product name
DiscRep_SUB:SUSPECT_PRODUCT_NAMES::8 features contains three or more numbers together that may be identifiers more appropriate in note
/home/yuch3531/genome_analysis_project/5_genome_annotation/Prokka/E745_spades/E745_spades:CDS	Bacteriocin piscicolin-126	tig00000001:c966318-966121	E745S_01009
/home/yuch3531/genome_analysis_project/5_genome_annotation/Prokka/E745_spades/E745_spades:CDS	Putative two-component membrane permease complex subunit SMU_747c	tig00000001:2413758-2414687	E745S_02407
/home/yuch3531/genome_analysis_project/5_genome_annotation/Prokka/E745_spades/E745_spades:CDS	Putative two-component membrane permease complex subunit SMU_746c	tig00000001:2414698-2415534	E745S_02408
/home/yuch3531/genome_analysis_project/5_genome_annotation/Prokka/E745_spades/E745_spades:CDS	Putative transposon Tn552 DNA-invertase bin3	tig00000003:c14067-13453	E745S_02971
/home/yuch3531/genome_analysis_project/5_genome_annotation/Prokka/E745_spades/E745_spades:CDS	Putative transposon Tn552 DNA-invertase bin3	tig00000005:12544-13161	E745S_03029
/home/yuch3531/genome_analysis_project/5_genome_annotation/Prokka/E745_spades/E745_spades:CDS	Putative transposon Tn552 DNA-invertase bin3	tig00000005:18525-19142	E745S_03036
/home/yuch3531/genome_analysis_project/5_genome_annotation/Prokka/E745_spades/E745_spades:CDS	Putative transposon Tn552 DNA-invertase bin3	tig00000005:c20333-19728	E745S_03039
/home/yuch3531/genome_analysis_project/5_genome_annotation/Prokka/E745_spades/E745_spades:CDS	Putative transposon Tn552 DNA-invertase bin3	tig00000007:c5929-5315	E745S_03091

DiscRep_SUB:SUSPECT_PRODUCT_NAMES::2 features Contains underscore
/home/yuch3531/genome_analysis_project/5_genome_annotation/Prokka/E745_spades/E745_spades:CDS	Putative two-component membrane permease complex subunit SMU_747c	tig00000001:2413758-2414687	E745S_02407
/home/yuch3531/genome_analysis_project/5_genome_annotation/Prokka/E745_spades/E745_spades:CDS	Putative two-component membrane permease complex subunit SMU_746c	tig00000001:2414698-2415534	E745S_02408

DiscRep_SUB:SUSPECT_PRODUCT_NAMES::Use short product name instead of descriptive phrase
DiscRep_SUB:SUSPECT_PRODUCT_NAMES::2 features Is longer than 100 characters. Remove descriptive phrases or synonyms from product names. Keep valid long product names, eg long enzyme names
/home/yuch3531/genome_analysis_project/5_genome_annotation/Prokka/E745_spades/E745_spades:CDS	GalNAc-alpha-(1->4)-GalNAc-alpha-(1->3)-diNAcBac-PP-undecaprenol alpha-1,4-N-acetyl-D-galactosaminyltransferase	tig00000001:c876497-875349	E745S_00886
/home/yuch3531/genome_analysis_project/5_genome_annotation/Prokka/E745_spades/E745_spades:CDS	GalNAc-alpha-(1->4)-GalNAc-alpha-(1->3)-diNAcBac-PP-undecaprenol alpha-1,4-N-acetyl-D-galactosaminyltransferase	tig00000001:2605640-2606719	E745S_02600

DiscRep_SUB:SUSPECT_PRODUCT_NAMES::use protein instead of gene as appropriate
DiscRep_SUB:SUSPECT_PRODUCT_NAMES::2 features contains 'gene'
/home/yuch3531/genome_analysis_project/5_genome_annotation/Prokka/E745_spades/E745_spades:CDS	Accessory gene regulator protein A	tig00000001:c1814434-1813706	E745S_01812
/home/yuch3531/genome_analysis_project/5_genome_annotation/Prokka/E745_spades/E745_spades:CDS	Accessory gene regulator protein B	tig00000001:c1816470-1815868	E745S_01815

DiscRep_SUB:SUSPECT_PRODUCT_NAMES::1 features contains 'genes'
/home/yuch3531/genome_analysis_project/5_genome_annotation/Prokka/E745_spades/E745_spades:CDS	Central glycolytic genes regulator	tig00000001:2493460-2494497	E745S_02490

DiscRep_ALL:DISC_QUALITY_SCORES::Quality scores are missing on all sequences.

DiscRep_ALL:DISC_BAD_BACTERIAL_GENE_NAME::4 bacterial genes do not start with lowercase letters
/home/yuch3531/genome_analysis_project/5_genome_annotation/Prokka/E745_spades/E745_spades:Gene	COQ5_1	tig00000001:c821157-820417	E745S_00826
/home/yuch3531/genome_analysis_project/5_genome_annotation/Prokka/E745_spades/E745_spades:Gene	MroQ	tig00000001:953848-954510	E745S_00994
/home/yuch3531/genome_analysis_project/5_genome_annotation/Prokka/E745_spades/E745_spades:Gene	COQ5_2	tig00000001:c2267259-2266657	E745S_02269
/home/yuch3531/genome_analysis_project/5_genome_annotation/Prokka/E745_spades/E745_spades:Gene	IMPDH	tig00000001:2340607-2341938	E745S_02337

DiscRep_ALL:ONCALLER_COMMENT_PRESENT::10 comment descriptors were found (all same)
/home/yuch3531/genome_analysis_project/5_genome_annotation/Prokka/E745_spades/E745_spades:tig00000001:Annotated using prokka 1.14.5 from https://github.com/tseemann/prokka
/home/yuch3531/genome_analysis_project/5_genome_annotation/Prokka/E745_spades/E745_spades:tig00000002:Annotated using prokka 1.14.5 from https://github.com/tseemann/prokka
/home/yuch3531/genome_analysis_project/5_genome_annotation/Prokka/E745_spades/E745_spades:tig00000003:Annotated using prokka 1.14.5 from https://github.com/tseemann/prokka
/home/yuch3531/genome_analysis_project/5_genome_annotation/Prokka/E745_spades/E745_spades:tig00000004:Annotated using prokka 1.14.5 from https://github.com/tseemann/prokka
/home/yuch3531/genome_analysis_project/5_genome_annotation/Prokka/E745_spades/E745_spades:tig00000005:Annotated using prokka 1.14.5 from https://github.com/tseemann/prokka
/home/yuch3531/genome_analysis_project/5_genome_annotation/Prokka/E745_spades/E745_spades:tig00000006:Annotated using prokka 1.14.5 from https://github.com/tseemann/prokka
/home/yuch3531/genome_analysis_project/5_genome_annotation/Prokka/E745_spades/E745_spades:tig00000007:Annotated using prokka 1.14.5 from https://github.com/tseemann/prokka
/home/yuch3531/genome_analysis_project/5_genome_annotation/Prokka/E745_spades/E745_spades:tig00000008:Annotated using prokka 1.14.5 from https://github.com/tseemann/prokka
/home/yuch3531/genome_analysis_project/5_genome_annotation/Prokka/E745_spades/E745_spades:tig00000009:Annotated using prokka 1.14.5 from https://github.com/tseemann/prokka
/home/yuch3531/genome_analysis_project/5_genome_annotation/Prokka/E745_spades/E745_spades:tig00000012:Annotated using prokka 1.14.5 from https://github.com/tseemann/prokka

DiscRep_ALL:SHORT_PROT_SEQUENCES::67 protein sequences are shorter than 50 aa.
/home/yuch3531/genome_analysis_project/5_genome_annotation/Prokka/E745_spades/E745_spades:tig00000001_6 (length 40)
/home/yuch3531/genome_analysis_project/5_genome_annotation/Prokka/E745_spades/E745_spades:tig00000001_23 (length 49)
/home/yuch3531/genome_analysis_project/5_genome_annotation/Prokka/E745_spades/E745_spades:tig00000001_25 (length 36)
/home/yuch3531/genome_analysis_project/5_genome_annotation/Prokka/E745_spades/E745_spades:tig00000001_57 (length 44)
/home/yuch3531/genome_analysis_project/5_genome_annotation/Prokka/E745_spades/E745_spades:tig00000001_82 (length 45)
/home/yuch3531/genome_analysis_project/5_genome_annotation/Prokka/E745_spades/E745_spades:tig00000001_94 (length 49)
/home/yuch3531/genome_analysis_project/5_genome_annotation/Prokka/E745_spades/E745_spades:tig00000001_121 (length 42)
/home/yuch3531/genome_analysis_project/5_genome_annotation/Prokka/E745_spades/E745_spades:tig00000001_203 (length 42)
/home/yuch3531/genome_analysis_project/5_genome_annotation/Prokka/E745_spades/E745_spades:tig00000001_232 (length 43)
/home/yuch3531/genome_analysis_project/5_genome_annotation/Prokka/E745_spades/E745_spades:tig00000001_301 (length 49)
/home/yuch3531/genome_analysis_project/5_genome_annotation/Prokka/E745_spades/E745_spades:tig00000001_303 (length 32)
/home/yuch3531/genome_analysis_project/5_genome_annotation/Prokka/E745_spades/E745_spades:tig00000001_317 (length 32)
/home/yuch3531/genome_analysis_project/5_genome_annotation/Prokka/E745_spades/E745_spades:tig00000001_905 (length 45)
/home/yuch3531/genome_analysis_project/5_genome_annotation/Prokka/E745_spades/E745_spades:tig00000001_953 (length 48)
/home/yuch3531/genome_analysis_project/5_genome_annotation/Prokka/E745_spades/E745_spades:tig00000001_982 (length 48)
/home/yuch3531/genome_analysis_project/5_genome_annotation/Prokka/E745_spades/E745_spades:tig00000001_988 (length 44)
/home/yuch3531/genome_analysis_project/5_genome_annotation/Prokka/E745_spades/E745_spades:tig00000001_1060 (length 42)
/home/yuch3531/genome_analysis_project/5_genome_annotation/Prokka/E745_spades/E745_spades:tig00000001_1233 (length 32)
/home/yuch3531/genome_analysis_project/5_genome_annotation/Prokka/E745_spades/E745_spades:tig00000001_1246 (length 35)
/home/yuch3531/genome_analysis_project/5_genome_annotation/Prokka/E745_spades/E745_spades:tig00000001_1266 (length 45)
/home/yuch3531/genome_analysis_project/5_genome_annotation/Prokka/E745_spades/E745_spades:tig00000001_1291 (length 49)
/home/yuch3531/genome_analysis_project/5_genome_annotation/Prokka/E745_spades/E745_spades:tig00000001_1302 (length 30)
/home/yuch3531/genome_analysis_project/5_genome_annotation/Prokka/E745_spades/E745_spades:tig00000001_1364 (length 44)
/home/yuch3531/genome_analysis_project/5_genome_annotation/Prokka/E745_spades/E745_spades:tig00000001_1374 (length 34)
/home/yuch3531/genome_analysis_project/5_genome_annotation/Prokka/E745_spades/E745_spades:tig00000001_1386 (length 45)
/home/yuch3531/genome_analysis_project/5_genome_annotation/Prokka/E745_spades/E745_spades:tig00000001_1445 (length 38)
/home/yuch3531/genome_analysis_project/5_genome_annotation/Prokka/E745_spades/E745_spades:tig00000001_1485 (length 35)
/home/yuch3531/genome_analysis_project/5_genome_annotation/Prokka/E745_spades/E745_spades:tig00000001_1551 (length 41)
/home/yuch3531/genome_analysis_project/5_genome_annotation/Prokka/E745_spades/E745_spades:tig00000001_1565 (length 32)
/home/yuch3531/genome_analysis_project/5_genome_annotation/Prokka/E745_spades/E745_spades:tig00000001_1589 (length 44)
/home/yuch3531/genome_analysis_project/5_genome_annotation/Prokka/E745_spades/E745_spades:tig00000001_1754 (length 36)
/home/yuch3531/genome_analysis_project/5_genome_annotation/Prokka/E745_spades/E745_spades:tig00000001_1898 (length 49)
/home/yuch3531/genome_analysis_project/5_genome_annotation/Prokka/E745_spades/E745_spades:tig00000001_1903 (length 36)
/home/yuch3531/genome_analysis_project/5_genome_annotation/Prokka/E745_spades/E745_spades:tig00000001_1982 (length 35)
/home/yuch3531/genome_analysis_project/5_genome_annotation/Prokka/E745_spades/E745_spades:tig00000001_2056 (length 38)
/home/yuch3531/genome_analysis_project/5_genome_annotation/Prokka/E745_spades/E745_spades:tig00000001_2090 (length 44)
/home/yuch3531/genome_analysis_project/5_genome_annotation/Prokka/E745_spades/E745_spades:tig00000001_2140 (length 45)
/home/yuch3531/genome_analysis_project/5_genome_annotation/Prokka/E745_spades/E745_spades:tig00000001_2549 (length 40)
/home/yuch3531/genome_analysis_project/5_genome_annotation/Prokka/E745_spades/E745_spades:tig00000001_2622 (length 45)
/home/yuch3531/genome_analysis_project/5_genome_annotation/Prokka/E745_spades/E745_spades:tig00000001_2646 (length 35)
/home/yuch3531/genome_analysis_project/5_genome_annotation/Prokka/E745_spades/E745_spades:tig00000001_2681 (length 49)
/home/yuch3531/genome_analysis_project/5_genome_annotation/Prokka/E745_spades/E745_spades:tig00000002_49 (length 33)
/home/yuch3531/genome_analysis_project/5_genome_annotation/Prokka/E745_spades/E745_spades:tig00000002_152 (length 43)
/home/yuch3531/genome_analysis_project/5_genome_annotation/Prokka/E745_spades/E745_spades:tig00000002_155 (length 49)
/home/yuch3531/genome_analysis_project/5_genome_annotation/Prokka/E745_spades/E745_spades:tig00000002_167 (length 44)
/home/yuch3531/genome_analysis_project/5_genome_annotation/Prokka/E745_spades/E745_spades:tig00000002_193 (length 40)
/home/yuch3531/genome_analysis_project/5_genome_annotation/Prokka/E745_spades/E745_spades:tig00000003_2 (length 45)
/home/yuch3531/genome_analysis_project/5_genome_annotation/Prokka/E745_spades/E745_spades:tig00000003_6 (length 49)
/home/yuch3531/genome_analysis_project/5_genome_annotation/Prokka/E745_spades/E745_spades:tig00000003_17 (length 49)
/home/yuch3531/genome_analysis_project/5_genome_annotation/Prokka/E745_spades/E745_spades:tig00000003_23 (length 34)
/home/yuch3531/genome_analysis_project/5_genome_annotation/Prokka/E745_spades/E745_spades:tig00000003_25 (length 38)
/home/yuch3531/genome_analysis_project/5_genome_annotation/Prokka/E745_spades/E745_spades:tig00000003_28 (length 33)
/home/yuch3531/genome_analysis_project/5_genome_annotation/Prokka/E745_spades/E745_spades:tig00000003_34 (length 38)
/home/yuch3531/genome_analysis_project/5_genome_annotation/Prokka/E745_spades/E745_spades:tig00000004_20 (length 39)
/home/yuch3531/genome_analysis_project/5_genome_annotation/Prokka/E745_spades/E745_spades:tig00000004_22 (length 46)
/home/yuch3531/genome_analysis_project/5_genome_annotation/Prokka/E745_spades/E745_spades:tig00000005_18 (length 30)
/home/yuch3531/genome_analysis_project/5_genome_annotation/Prokka/E745_spades/E745_spades:tig00000006_1 (length 37)
/home/yuch3531/genome_analysis_project/5_genome_annotation/Prokka/E745_spades/E745_spades:tig00000006_18 (length 47)
/home/yuch3531/genome_analysis_project/5_genome_annotation/Prokka/E745_spades/E745_spades:tig00000007_9 (length 34)
/home/yuch3531/genome_analysis_project/5_genome_annotation/Prokka/E745_spades/E745_spades:tig00000007_25 (length 45)
/home/yuch3531/genome_analysis_project/5_genome_annotation/Prokka/E745_spades/E745_spades:tig00000008_12 (length 45)
/home/yuch3531/genome_analysis_project/5_genome_annotation/Prokka/E745_spades/E745_spades:tig00000008_20 (length 44)
/home/yuch3531/genome_analysis_project/5_genome_annotation/Prokka/E745_spades/E745_spades:tig00000009_12 (length 48)
/home/yuch3531/genome_analysis_project/5_genome_annotation/Prokka/E745_spades/E745_spades:tig00000009_14 (length 36)
/home/yuch3531/genome_analysis_project/5_genome_annotation/Prokka/E745_spades/E745_spades:tig00000009_27 (length 32)
/home/yuch3531/genome_analysis_project/5_genome_annotation/Prokka/E745_spades/E745_spades:tig00000009_32 (length 44)
/home/yuch3531/genome_analysis_project/5_genome_annotation/Prokka/E745_spades/E745_spades:tig00000012_5 (length 44)

DiscRep_ALL:MISSING_GENOMEASSEMBLY_COMMENTS::10 bioseqs are missing GenomeAssembly structured comments
/home/yuch3531/genome_analysis_project/5_genome_annotation/Prokka/E745_spades/E745_spades:tig00000001 (length 2762475)
/home/yuch3531/genome_analysis_project/5_genome_annotation/Prokka/E745_spades/E745_spades:tig00000002 (length 199382)
/home/yuch3531/genome_analysis_project/5_genome_annotation/Prokka/E745_spades/E745_spades:tig00000003 (length 22772)
/home/yuch3531/genome_analysis_project/5_genome_annotation/Prokka/E745_spades/E745_spades:tig00000004 (length 14734)
/home/yuch3531/genome_analysis_project/5_genome_annotation/Prokka/E745_spades/E745_spades:tig00000005 (length 40013)
/home/yuch3531/genome_analysis_project/5_genome_annotation/Prokka/E745_spades/E745_spades:tig00000006 (length 15013)
/home/yuch3531/genome_analysis_project/5_genome_annotation/Prokka/E745_spades/E745_spades:tig00000007 (length 16044)
/home/yuch3531/genome_analysis_project/5_genome_annotation/Prokka/E745_spades/E745_spades:tig00000008 (length 15428)
/home/yuch3531/genome_analysis_project/5_genome_annotation/Prokka/E745_spades/E745_spades:tig00000009 (length 24948)
/home/yuch3531/genome_analysis_project/5_genome_annotation/Prokka/E745_spades/E745_spades:tig00000012 (length 4225)

DiscRep_ALL:MOLTYPE_NOT_MRNA::10 molecule types are not set as mRNA.
/home/yuch3531/genome_analysis_project/5_genome_annotation/Prokka/E745_spades/E745_spades:tig00000001 (length 2762475)
/home/yuch3531/genome_analysis_project/5_genome_annotation/Prokka/E745_spades/E745_spades:tig00000002 (length 199382)
/home/yuch3531/genome_analysis_project/5_genome_annotation/Prokka/E745_spades/E745_spades:tig00000003 (length 22772)
/home/yuch3531/genome_analysis_project/5_genome_annotation/Prokka/E745_spades/E745_spades:tig00000004 (length 14734)
/home/yuch3531/genome_analysis_project/5_genome_annotation/Prokka/E745_spades/E745_spades:tig00000005 (length 40013)
/home/yuch3531/genome_analysis_project/5_genome_annotation/Prokka/E745_spades/E745_spades:tig00000006 (length 15013)
/home/yuch3531/genome_analysis_project/5_genome_annotation/Prokka/E745_spades/E745_spades:tig00000007 (length 16044)
/home/yuch3531/genome_analysis_project/5_genome_annotation/Prokka/E745_spades/E745_spades:tig00000008 (length 15428)
/home/yuch3531/genome_analysis_project/5_genome_annotation/Prokka/E745_spades/E745_spades:tig00000009 (length 24948)
/home/yuch3531/genome_analysis_project/5_genome_annotation/Prokka/E745_spades/E745_spades:tig00000012 (length 4225)

DiscRep_ALL:TECHNIQUE_NOT_TSA::10 technique are not set as TSA
/home/yuch3531/genome_analysis_project/5_genome_annotation/Prokka/E745_spades/E745_spades:tig00000001 (length 2762475)
/home/yuch3531/genome_analysis_project/5_genome_annotation/Prokka/E745_spades/E745_spades:tig00000002 (length 199382)
/home/yuch3531/genome_analysis_project/5_genome_annotation/Prokka/E745_spades/E745_spades:tig00000003 (length 22772)
/home/yuch3531/genome_analysis_project/5_genome_annotation/Prokka/E745_spades/E745_spades:tig00000004 (length 14734)
/home/yuch3531/genome_analysis_project/5_genome_annotation/Prokka/E745_spades/E745_spades:tig00000005 (length 40013)
/home/yuch3531/genome_analysis_project/5_genome_annotation/Prokka/E745_spades/E745_spades:tig00000006 (length 15013)
/home/yuch3531/genome_analysis_project/5_genome_annotation/Prokka/E745_spades/E745_spades:tig00000007 (length 16044)
/home/yuch3531/genome_analysis_project/5_genome_annotation/Prokka/E745_spades/E745_spades:tig00000008 (length 15428)
/home/yuch3531/genome_analysis_project/5_genome_annotation/Prokka/E745_spades/E745_spades:tig00000009 (length 24948)
/home/yuch3531/genome_analysis_project/5_genome_annotation/Prokka/E745_spades/E745_spades:tig00000012 (length 4225)

DiscRep_ALL:MISSING_STRUCTURED_COMMENT::10 sequences do not include structured comments.
/home/yuch3531/genome_analysis_project/5_genome_annotation/Prokka/E745_spades/E745_spades:tig00000001 (length 2762475)
/home/yuch3531/genome_analysis_project/5_genome_annotation/Prokka/E745_spades/E745_spades:tig00000002 (length 199382)
/home/yuch3531/genome_analysis_project/5_genome_annotation/Prokka/E745_spades/E745_spades:tig00000003 (length 22772)
/home/yuch3531/genome_analysis_project/5_genome_annotation/Prokka/E745_spades/E745_spades:tig00000004 (length 14734)
/home/yuch3531/genome_analysis_project/5_genome_annotation/Prokka/E745_spades/E745_spades:tig00000005 (length 40013)
/home/yuch3531/genome_analysis_project/5_genome_annotation/Prokka/E745_spades/E745_spades:tig00000006 (length 15013)
/home/yuch3531/genome_analysis_project/5_genome_annotation/Prokka/E745_spades/E745_spades:tig00000007 (length 16044)
/home/yuch3531/genome_analysis_project/5_genome_annotation/Prokka/E745_spades/E745_spades:tig00000008 (length 15428)
/home/yuch3531/genome_analysis_project/5_genome_annotation/Prokka/E745_spades/E745_spades:tig00000009 (length 24948)
/home/yuch3531/genome_analysis_project/5_genome_annotation/Prokka/E745_spades/E745_spades:tig00000012 (length 4225)

DiscRep_ALL:MISSING_PROJECT::3103 sequences do not include project.
/home/yuch3531/genome_analysis_project/5_genome_annotation/Prokka/E745_spades/E745_spades:tig00000001 (length 2762475)
/home/yuch3531/genome_analysis_project/5_genome_annotation/Prokka/E745_spades/E745_spades:tig00000001_1 (length 201)
/home/yuch3531/genome_analysis_project/5_genome_annotation/Prokka/E745_spades/E745_spades:tig00000001_2 (length 392)
/home/yuch3531/genome_analysis_project/5_genome_annotation/Prokka/E745_spades/E745_spades:tig00000001_3 (length 100)
/home/yuch3531/genome_analysis_project/5_genome_annotation/Prokka/E745_spades/E745_spades:tig00000001_4 (length 257)
/home/yuch3531/genome_analysis_project/5_genome_annotation/Prokka/E745_spades/E745_spades:tig00000001_5 (length 116)
/home/yuch3531/genome_analysis_project/5_genome_annotation/Prokka/E745_spades/E745_spades:tig00000001_6 (length 40)
/home/yuch3531/genome_analysis_project/5_genome_annotation/Prokka/E745_spades/E745_spades:tig00000001_7 (length 190)
/home/yuch3531/genome_analysis_project/5_genome_annotation/Prokka/E745_spades/E745_spades:tig00000001_8 (length 482)
/home/yuch3531/genome_analysis_project/5_genome_annotation/Prokka/E745_spades/E745_spades:tig00000001_9 (length 169)
/home/yuch3531/genome_analysis_project/5_genome_annotation/Prokka/E745_spades/E745_spades:tig00000001_10 (length 241)
/home/yuch3531/genome_analysis_project/5_genome_annotation/Prokka/E745_spades/E745_spades:tig00000001_11 (length 706)
/home/yuch3531/genome_analysis_project/5_genome_annotation/Prokka/E745_spades/E745_spades:tig00000001_12 (length 392)
/home/yuch3531/genome_analysis_project/5_genome_annotation/Prokka/E745_spades/E745_spades:tig00000001_13 (length 252)
/home/yuch3531/genome_analysis_project/5_genome_annotation/Prokka/E745_spades/E745_spades:tig00000001_14 (length 161)
/home/yuch3531/genome_analysis_project/5_genome_annotation/Prokka/E745_spades/E745_spades:tig00000001_15 (length 417)
/home/yuch3531/genome_analysis_project/5_genome_annotation/Prokka/E745_spades/E745_spades:tig00000001_16 (length 449)
/home/yuch3531/genome_analysis_project/5_genome_annotation/Prokka/E745_spades/E745_spades:tig00000001_17 (length 448)
/home/yuch3531/genome_analysis_project/5_genome_annotation/Prokka/E745_spades/E745_spades:tig00000001_18 (length 431)
/home/yuch3531/genome_analysis_project/5_genome_annotation/Prokka/E745_spades/E745_spades:tig00000001_19 (length 128)
/home/yuch3531/genome_analysis_project/5_genome_annotation/Prokka/E745_spades/E745_spades:tig00000001_20 (length 481)
/home/yuch3531/genome_analysis_project/5_genome_annotation/Prokka/E745_spades/E745_spades:tig00000001_21 (length 260)
/home/yuch3531/genome_analysis_project/5_genome_annotation/Prokka/E745_spades/E745_spades:tig00000001_22 (length 319)
/home/yuch3531/genome_analysis_project/5_genome_annotation/Prokka/E745_spades/E745_spades:tig00000001_23 (length 49)
/home/yuch3531/genome_analysis_project/5_genome_annotation/Prokka/E745_spades/E745_spades:tig00000001_24 (length 70)
/home/yuch3531/genome_analysis_project/5_genome_annotation/Prokka/E745_spades/E745_spades:tig00000001_25 (length 36)
/home/yuch3531/genome_analysis_project/5_genome_annotation/Prokka/E745_spades/E745_spades:tig00000001_26 (length 599)
/home/yuch3531/genome_analysis_project/5_genome_annotation/Prokka/E745_spades/E745_spades:tig00000001_27 (length 198)
/home/yuch3531/genome_analysis_project/5_genome_annotation/Prokka/E745_spades/E745_spades:tig00000001_28 (length 317)
/home/yuch3531/genome_analysis_project/5_genome_annotation/Prokka/E745_spades/E745_spades:tig00000001_29 (length 114)
/home/yuch3531/genome_analysis_project/5_genome_annotation/Prokka/E745_spades/E745_spades:tig00000001_30 (length 139)
/home/yuch3531/genome_analysis_project/5_genome_annotation/Prokka/E745_spades/E745_spades:tig00000001_31 (length 116)
/home/yuch3531/genome_analysis_project/5_genome_annotation/Prokka/E745_spades/E745_spades:tig00000001_32 (length 443)
/home/yuch3531/genome_analysis_project/5_genome_annotation/Prokka/E745_spades/E745_spades:tig00000001_33 (length 188)
/home/yuch3531/genome_analysis_project/5_genome_annotation/Prokka/E745_spades/E745_spades:tig00000001_34 (length 401)
/home/yuch3531/genome_analysis_project/5_genome_annotation/Prokka/E745_spades/E745_spades:tig00000001_35 (length 146)
/home/yuch3531/genome_analysis_project/5_genome_annotation/Prokka/E745_spades/E745_spades:tig00000001_36 (length 217)
/home/yuch3531/genome_analysis_project/5_genome_annotation/Prokka/E745_spades/E745_spades:tig00000001_37 (length 140)
/home/yuch3531/genome_analysis_project/5_genome_annotation/Prokka/E745_spades/E745_spades:tig00000001_38 (length 124)
/home/yuch3531/genome_analysis_project/5_genome_annotation/Prokka/E745_spades/E745_spades:tig00000001_39 (length 60)
/home/yuch3531/genome_analysis_project/5_genome_annotation/Prokka/E745_spades/E745_spades:tig00000001_40 (length 106)
/home/yuch3531/genome_analysis_project/5_genome_annotation/Prokka/E745_spades/E745_spades:tig00000001_41 (length 56)
/home/yuch3531/genome_analysis_project/5_genome_annotation/Prokka/E745_spades/E745_spades:tig00000001_42 (length 50)
/home/yuch3531/genome_analysis_project/5_genome_annotation/Prokka/E745_spades/E745_spades:tig00000001_43 (length 160)
/home/yuch3531/genome_analysis_project/5_genome_annotation/Prokka/E745_spades/E745_spades:tig00000001_44 (length 232)
/home/yuch3531/genome_analysis_project/5_genome_annotation/Prokka/E745_spades/E745_spades:tig00000001_45 (length 113)
/home/yuch3531/genome_analysis_project/5_genome_annotation/Prokka/E745_spades/E745_spades:tig00000001_46 (length 223)
/home/yuch3531/genome_analysis_project/5_genome_annotation/Prokka/E745_spades/E745_spades:tig00000001_47 (length 228)
/home/yuch3531/genome_analysis_project/5_genome_annotation/Prokka/E745_spades/E745_spades:tig00000001_48 (length 249)
/home/yuch3531/genome_analysis_project/5_genome_annotation/Prokka/E745_spades/E745_spades:tig00000001_49 (length 89)
/home/yuch3531/genome_analysis_project/5_genome_annotation/Prokka/E745_spades/E745_spades:tig00000001_50 (length 54)
/home/yuch3531/genome_analysis_project/5_genome_annotation/Prokka/E745_spades/E745_spades:tig00000001_51 (length 101)
/home/yuch3531/genome_analysis_project/5_genome_annotation/Prokka/E745_spades/E745_spades:tig00000001_52 (length 96)
/home/yuch3531/genome_analysis_project/5_genome_annotation/Prokka/E745_spades/E745_spades:tig00000001_53 (length 118)
/home/yuch3531/genome_analysis_project/5_genome_annotation/Prokka/E745_spades/E745_spades:tig00000001_54 (length 81)
/home/yuch3531/genome_analysis_project/5_genome_annotation/Prokka/E745_spades/E745_spades:tig00000001_55 (length 139)
/home/yuch3531/genome_analysis_project/5_genome_annotation/Prokka/E745_spades/E745_spades:tig00000001_56 (length 188)
/home/yuch3531/genome_analysis_project/5_genome_annotation/Prokka/E745_spades/E745_spades:tig00000001_57 (length 44)
/home/yuch3531/genome_analysis_project/5_genome_annotation/Prokka/E745_spades/E745_spades:tig00000001_58 (length 229)
/home/yuch3531/genome_analysis_project/5_genome_annotation/Prokka/E745_spades/E745_spades:tig00000001_59 (length 158)
/home/yuch3531/genome_analysis_project/5_genome_annotation/Prokka/E745_spades/E745_spades:tig00000001_60 (length 98)
/home/yuch3531/genome_analysis_project/5_genome_annotation/Prokka/E745_spades/E745_spades:tig00000001_61 (length 128)
/home/yuch3531/genome_analysis_project/5_genome_annotation/Prokka/E745_spades/E745_spades:tig00000001_62 (length 128)
/home/yuch3531/genome_analysis_project/5_genome_annotation/Prokka/E745_spades/E745_spades:tig00000001_63 (length 126)
/home/yuch3531/genome_analysis_project/5_genome_annotation/Prokka/E745_spades/E745_spades:tig00000001_64 (length 150)
/home/yuch3531/genome_analysis_project/5_genome_annotation/Prokka/E745_spades/E745_spades:tig00000001_65 (length 575)
/home/yuch3531/genome_analysis_project/5_genome_annotation/Prokka/E745_spades/E745_spades:tig00000001_66 (length 376)
/home/yuch3531/genome_analysis_project/5_genome_annotation/Prokka/E745_spades/E745_spades:tig00000001_67 (length 189)
/home/yuch3531/genome_analysis_project/5_genome_annotation/Prokka/E745_spades/E745_spades:tig00000001_68 (length 453)
/home/yuch3531/genome_analysis_project/5_genome_annotation/Prokka/E745_spades/E745_spades:tig00000001_69 (length 92)
/home/yuch3531/genome_analysis_project/5_genome_annotation/Prokka/E745_spades/E745_spades:tig00000001_70 (length 108)
/home/yuch3531/genome_analysis_project/5_genome_annotation/Prokka/E745_spades/E745_spades:tig00000001_71 (length 112)
/home/yuch3531/genome_analysis_project/5_genome_annotation/Prokka/E745_spades/E745_spades:tig00000001_72 (length 121)
/home/yuch3531/genome_analysis_project/5_genome_annotation/Prokka/E745_spades/E745_spades:tig00000001_73 (length 208)
/home/yuch3531/genome_analysis_project/5_genome_annotation/Prokka/E745_spades/E745_spades:tig00000001_74 (length 154)
/home/yuch3531/genome_analysis_project/5_genome_annotation/Prokka/E745_spades/E745_spades:tig00000001_75 (length 769)
/home/yuch3531/genome_analysis_project/5_genome_annotation/Prokka/E745_spades/E745_spades:tig00000001_76 (length 239)
/home/yuch3531/genome_analysis_project/5_genome_annotation/Prokka/E745_spades/E745_spades:tig00000001_77 (length 901)
/home/yuch3531/genome_analysis_project/5_genome_annotation/Prokka/E745_spades/E745_spades:tig00000001_78 (length 572)
/home/yuch3531/genome_analysis_project/5_genome_annotation/Prokka/E745_spades/E745_spades:tig00000001_79 (length 260)
/home/yuch3531/genome_analysis_project/5_genome_annotation/Prokka/E745_spades/E745_spades:tig00000001_80 (length 688)
/home/yuch3531/genome_analysis_project/5_genome_annotation/Prokka/E745_spades/E745_spades:tig00000001_81 (length 148)
/home/yuch3531/genome_analysis_project/5_genome_annotation/Prokka/E745_spades/E745_spades:tig00000001_82 (length 45)
/home/yuch3531/genome_analysis_project/5_genome_annotation/Prokka/E745_spades/E745_spades:tig00000001_83 (length 97)
/home/yuch3531/genome_analysis_project/5_genome_annotation/Prokka/E745_spades/E745_spades:tig00000001_84 (length 65)
/home/yuch3531/genome_analysis_project/5_genome_annotation/Prokka/E745_spades/E745_spades:tig00000001_85 (length 339)
/home/yuch3531/genome_analysis_project/5_genome_annotation/Prokka/E745_spades/E745_spades:tig00000001_86 (length 268)
/home/yuch3531/genome_analysis_project/5_genome_annotation/Prokka/E745_spades/E745_spades:tig00000001_87 (length 178)
/home/yuch3531/genome_analysis_project/5_genome_annotation/Prokka/E745_spades/E745_spades:tig00000001_88 (length 193)
/home/yuch3531/genome_analysis_project/5_genome_annotation/Prokka/E745_spades/E745_spades:tig00000001_89 (length 392)
/home/yuch3531/genome_analysis_project/5_genome_annotation/Prokka/E745_spades/E745_spades:tig00000001_90 (length 116)
/home/yuch3531/genome_analysis_project/5_genome_annotation/Prokka/E745_spades/E745_spades:tig00000001_91 (length 481)
/home/yuch3531/genome_analysis_project/5_genome_annotation/Prokka/E745_spades/E745_spades:tig00000001_92 (length 631)
/home/yuch3531/genome_analysis_project/5_genome_annotation/Prokka/E745_spades/E745_spades:tig00000001_93 (length 148)
/home/yuch3531/genome_analysis_project/5_genome_annotation/Prokka/E745_spades/E745_spades:tig00000001_94 (length 49)
/home/yuch3531/genome_analysis_project/5_genome_annotation/Prokka/E745_spades/E745_spades:tig00000001_95 (length 172)
/home/yuch3531/genome_analysis_project/5_genome_annotation/Prokka/E745_spades/E745_spades:tig00000001_96 (length 318)
/home/yuch3531/genome_analysis_project/5_genome_annotation/Prokka/E745_spades/E745_spades:tig00000001_97 (length 268)
/home/yuch3531/genome_analysis_project/5_genome_annotation/Prokka/E745_spades/E745_spades:tig00000001_98 (length 329)
/home/yuch3531/genome_analysis_project/5_genome_annotation/Prokka/E745_spades/E745_spades:tig00000001_99 (length 334)
/home/yuch3531/genome_analysis_project/5_genome_annotation/Prokka/E745_spades/E745_spades:tig00000001_100 (length 180)
/home/yuch3531/genome_analysis_project/5_genome_annotation/Prokka/E745_spades/E745_spades:tig00000001_101 (length 232)
/home/yuch3531/genome_analysis_project/5_genome_annotation/Prokka/E745_spades/E745_spades:tig00000001_102 (length 70)
/home/yuch3531/genome_analysis_project/5_genome_annotation/Prokka/E745_spades/E745_spades:tig00000001_103 (length 320)
/home/yuch3531/genome_analysis_project/5_genome_annotation/Prokka/E745_spades/E745_spades:tig00000001_104 (length 131)
/home/yuch3531/genome_analysis_project/5_genome_annotation/Prokka/E745_spades/E745_spades:tig00000001_105 (length 121)
/home/yuch3531/genome_analysis_project/5_genome_annotation/Prokka/E745_spades/E745_spades:tig00000001_106 (length 603)
/home/yuch3531/genome_analysis_project/5_genome_annotation/Prokka/E745_spades/E745_spades:tig00000001_107 (length 55)
/home/yuch3531/genome_analysis_project/5_genome_annotation/Prokka/E745_spades/E745_spades:tig00000001_108 (length 329)
/home/yuch3531/genome_analysis_project/5_genome_annotation/Prokka/E745_spades/E745_spades:tig00000001_109 (length 494)
/home/yuch3531/genome_analysis_project/5_genome_annotation/Prokka/E745_spades/E745_spades:tig00000001_110 (length 326)
/home/yuch3531/genome_analysis_project/5_genome_annotation/Prokka/E745_spades/E745_spades:tig00000001_111 (length 274)
/home/yuch3531/genome_analysis_project/5_genome_annotation/Prokka/E745_spades/E745_spades:tig00000001_112 (length 180)
/home/yuch3531/genome_analysis_project/5_genome_annotation/Prokka/E745_spades/E745_spades:tig00000001_113 (length 154)
/home/yuch3531/genome_analysis_project/5_genome_annotation/Prokka/E745_spades/E745_spades:tig00000001_114 (length 338)
/home/yuch3531/genome_analysis_project/5_genome_annotation/Prokka/E745_spades/E745_spades:tig00000001_115 (length 233)
/home/yuch3531/genome_analysis_project/5_genome_annotation/Prokka/E745_spades/E745_spades:tig00000001_116 (length 409)
/home/yuch3531/genome_analysis_project/5_genome_annotation/Prokka/E745_spades/E745_spades:tig00000001_117 (length 339)
/home/yuch3531/genome_analysis_project/5_genome_annotation/Prokka/E745_spades/E745_spades:tig00000001_118 (length 315)
/home/yuch3531/genome_analysis_project/5_genome_annotation/Prokka/E745_spades/E745_spades:tig00000001_119 (length 563)
/home/yuch3531/genome_analysis_project/5_genome_annotation/Prokka/E745_spades/E745_spades:tig00000001_120 (length 181)
/home/yuch3531/genome_analysis_project/5_genome_annotation/Prokka/E745_spades/E745_spades:tig00000001_121 (length 42)
/home/yuch3531/genome_analysis_project/5_genome_annotation/Prokka/E745_spades/E745_spades:tig00000001_122 (length 363)
/home/yuch3531/genome_analysis_project/5_genome_annotation/Prokka/E745_spades/E745_spades:tig00000001_123 (length 159)
/home/yuch3531/genome_analysis_project/5_genome_annotation/Prokka/E745_spades/E745_spades:tig00000001_124 (length 260)
/home/yuch3531/genome_analysis_project/5_genome_annotation/Prokka/E745_spades/E745_spades:tig00000001_125 (length 293)
/home/yuch3531/genome_analysis_project/5_genome_annotation/Prokka/E745_spades/E745_spades:tig00000001_126 (length 240)
/home/yuch3531/genome_analysis_project/5_genome_annotation/Prokka/E745_spades/E745_spades:tig00000001_127 (length 185)
/home/yuch3531/genome_analysis_project/5_genome_annotation/Prokka/E745_spades/E745_spades:tig00000001_128 (length 270)
/home/yuch3531/genome_analysis_project/5_genome_annotation/Prokka/E745_spades/E745_spades:tig00000001_129 (length 266)
/home/yuch3531/genome_analysis_project/5_genome_annotation/Prokka/E745_spades/E745_spades:tig00000001_130 (length 422)
/home/yuch3531/genome_analysis_project/5_genome_annotation/Prokka/E745_spades/E745_spades:tig00000001_131 (length 569)
/home/yuch3531/genome_analysis_project/5_genome_annotation/Prokka/E745_spades/E745_spades:tig00000001_132 (length 1452)
/home/yuch3531/genome_analysis_project/5_genome_annotation/Prokka/E745_spades/E745_spades:tig00000001_133 (length 157)
/home/yuch3531/genome_analysis_project/5_genome_annotation/Prokka/E745_spades/E745_spades:tig00000001_134 (length 391)
/home/yuch3531/genome_analysis_project/5_genome_annotation/Prokka/E745_spades/E745_spades:tig00000001_135 (length 97)
/home/yuch3531/genome_analysis_project/5_genome_annotation/Prokka/E745_spades/E745_spades:tig00000001_136 (length 103)
/home/yuch3531/genome_analysis_project/5_genome_annotation/Prokka/E745_spades/E745_spades:tig00000001_137 (length 768)
/home/yuch3531/genome_analysis_project/5_genome_annotation/Prokka/E745_spades/E745_spades:tig00000001_138 (length 115)
/home/yuch3531/genome_analysis_project/5_genome_annotation/Prokka/E745_spades/E745_spades:tig00000001_139 (length 155)
/home/yuch3531/genome_analysis_project/5_genome_annotation/Prokka/E745_spades/E745_spades:tig00000001_140 (length 329)
/home/yuch3531/genome_analysis_project/5_genome_annotation/Prokka/E745_spades/E745_spades:tig00000001_141 (length 294)
/home/yuch3531/genome_analysis_project/5_genome_annotation/Prokka/E745_spades/E745_spades:tig00000001_142 (length 307)
/home/yuch3531/genome_analysis_project/5_genome_annotation/Prokka/E745_spades/E745_spades:tig00000001_143 (length 313)
/home/yuch3531/genome_analysis_project/5_genome_annotation/Prokka/E745_spades/E745_spades:tig00000001_144 (length 261)
/home/yuch3531/genome_analysis_project/5_genome_annotation/Prokka/E745_spades/E745_spades:tig00000001_145 (length 283)
/home/yuch3531/genome_analysis_project/5_genome_annotation/Prokka/E745_spades/E745_spades:tig00000001_146 (length 150)
/home/yuch3531/genome_analysis_project/5_genome_annotation/Prokka/E745_spades/E745_spades:tig00000001_147 (length 122)
/home/yuch3531/genome_analysis_project/5_genome_annotation/Prokka/E745_spades/E745_spades:tig00000001_148 (length 160)
/home/yuch3531/genome_analysis_project/5_genome_annotation/Prokka/E745_spades/E745_spades:tig00000001_149 (length 336)
/home/yuch3531/genome_analysis_project/5_genome_annotation/Prokka/E745_spades/E745_spades:tig00000001_150 (length 237)
/home/yuch3531/genome_analysis_project/5_genome_annotation/Prokka/E745_spades/E745_spades:tig00000001_151 (length 196)
/home/yuch3531/genome_analysis_project/5_genome_annotation/Prokka/E745_spades/E745_spades:tig00000001_152 (length 75)
/home/yuch3531/genome_analysis_project/5_genome_annotation/Prokka/E745_spades/E745_spades:tig00000001_153 (length 388)
/home/yuch3531/genome_analysis_project/5_genome_annotation/Prokka/E745_spades/E745_spades:tig00000001_154 (length 347)
/home/yuch3531/genome_analysis_project/5_genome_annotation/Prokka/E745_spades/E745_spades:tig00000001_155 (length 187)
/home/yuch3531/genome_analysis_project/5_genome_annotation/Prokka/E745_spades/E745_spades:tig00000001_156 (length 609)
/home/yuch3531/genome_analysis_project/5_genome_annotation/Prokka/E745_spades/E745_spades:tig00000001_157 (length 388)
/home/yuch3531/genome_analysis_project/5_genome_annotation/Prokka/E745_spades/E745_spades:tig00000001_158 (length 209)
/home/yuch3531/genome_analysis_project/5_genome_annotation/Prokka/E745_spades/E745_spades:tig00000001_159 (length 245)
/home/yuch3531/genome_analysis_project/5_genome_annotation/Prokka/E745_spades/E745_spades:tig00000001_160 (length 500)
/home/yuch3531/genome_analysis_project/5_genome_annotation/Prokka/E745_spades/E745_spades:tig00000001_161 (length 664)
/home/yuch3531/genome_analysis_project/5_genome_annotation/Prokka/E745_spades/E745_spades:tig00000001_162 (length 938)
/home/yuch3531/genome_analysis_project/5_genome_annotation/Prokka/E745_spades/E745_spades:tig00000001_163 (length 421)
/home/yuch3531/genome_analysis_project/5_genome_annotation/Prokka/E745_spades/E745_spades:tig00000001_164 (length 243)
/home/yuch3531/genome_analysis_project/5_genome_annotation/Prokka/E745_spades/E745_spades:tig00000001_165 (length 294)
/home/yuch3531/genome_analysis_project/5_genome_annotation/Prokka/E745_spades/E745_spades:tig00000001_166 (length 332)
/home/yuch3531/genome_analysis_project/5_genome_annotation/Prokka/E745_spades/E745_spades:tig00000001_167 (length 311)
/home/yuch3531/genome_analysis_project/5_genome_annotation/Prokka/E745_spades/E745_spades:tig00000001_168 (length 66)
/home/yuch3531/genome_analysis_project/5_genome_annotation/Prokka/E745_spades/E745_spades:tig00000001_169 (length 208)
/home/yuch3531/genome_analysis_project/5_genome_annotation/Prokka/E745_spades/E745_spades:tig00000001_170 (length 138)
/home/yuch3531/genome_analysis_project/5_genome_annotation/Prokka/E745_spades/E745_spades:tig00000001_171 (length 317)
/home/yuch3531/genome_analysis_project/5_genome_annotation/Prokka/E745_spades/E745_spades:tig00000001_172 (length 83)
/home/yuch3531/genome_analysis_project/5_genome_annotation/Prokka/E745_spades/E745_spades:tig00000001_173 (length 85)
/home/yuch3531/genome_analysis_project/5_genome_annotation/Prokka/E745_spades/E745_spades:tig00000001_174 (length 195)
/home/yuch3531/genome_analysis_project/5_genome_annotation/Prokka/E745_spades/E745_spades:tig00000001_175 (length 185)
/home/yuch3531/genome_analysis_project/5_genome_annotation/Prokka/E745_spades/E745_spades:tig00000001_176 (length 173)
/home/yuch3531/genome_analysis_project/5_genome_annotation/Prokka/E745_spades/E745_spades:tig00000001_177 (length 1230)
/home/yuch3531/genome_analysis_project/5_genome_annotation/Prokka/E745_spades/E745_spades:tig00000001_178 (length 295)
/home/yuch3531/genome_analysis_project/5_genome_annotation/Prokka/E745_spades/E745_spades:tig00000001_179 (length 389)
/home/yuch3531/genome_analysis_project/5_genome_annotation/Prokka/E745_spades/E745_spades:tig00000001_180 (length 451)
/home/yuch3531/genome_analysis_project/5_genome_annotation/Prokka/E745_spades/E745_spades:tig00000001_181 (length 601)
/home/yuch3531/genome_analysis_project/5_genome_annotation/Prokka/E745_spades/E745_spades:tig00000001_182 (length 96)
/home/yuch3531/genome_analysis_project/5_genome_annotation/Prokka/E745_spades/E745_spades:tig00000001_183 (length 341)
/home/yuch3531/genome_analysis_project/5_genome_annotation/Prokka/E745_spades/E745_spades:tig00000001_184 (length 219)
/home/yuch3531/genome_analysis_project/5_genome_annotation/Prokka/E745_spades/E745_spades:tig00000001_185 (length 305)
/home/yuch3531/genome_analysis_project/5_genome_annotation/Prokka/E745_spades/E745_spades:tig00000001_186 (length 429)
/home/yuch3531/genome_analysis_project/5_genome_annotation/Prokka/E745_spades/E745_spades:tig00000001_187 (length 416)
/home/yuch3531/genome_analysis_project/5_genome_annotation/Prokka/E745_spades/E745_spades:tig00000001_188 (length 195)
/home/yuch3531/genome_analysis_project/5_genome_annotation/Prokka/E745_spades/E745_spades:tig00000001_189 (length 51)
/home/yuch3531/genome_analysis_project/5_genome_annotation/Prokka/E745_spades/E745_spades:tig00000001_190 (length 442)
/home/yuch3531/genome_analysis_project/5_genome_annotation/Prokka/E745_spades/E745_spades:tig00000001_191 (length 69)
/home/yuch3531/genome_analysis_project/5_genome_annotation/Prokka/E745_spades/E745_spades:tig00000001_192 (length 250)
/home/yuch3531/genome_analysis_project/5_genome_annotation/Prokka/E745_spades/E745_spades:tig00000001_193 (length 304)
/home/yuch3531/genome_analysis_project/5_genome_annotation/Prokka/E745_spades/E745_spades:tig00000001_194 (length 643)
/home/yuch3531/genome_analysis_project/5_genome_annotation/Prokka/E745_spades/E745_spades:tig00000001_195 (length 519)
/home/yuch3531/genome_analysis_project/5_genome_annotation/Prokka/E745_spades/E745_spades:tig00000001_196 (length 744)
/home/yuch3531/genome_analysis_project/5_genome_annotation/Prokka/E745_spades/E745_spades:tig00000001_197 (length 678)
/home/yuch3531/genome_analysis_project/5_genome_annotation/Prokka/E745_spades/E745_spades:tig00000001_198 (length 101)
/home/yuch3531/genome_analysis_project/5_genome_annotation/Prokka/E745_spades/E745_spades:tig00000001_199 (length 490)
/home/yuch3531/genome_analysis_project/5_genome_annotation/Prokka/E745_spades/E745_spades:tig00000001_200 (length 476)
/home/yuch3531/genome_analysis_project/5_genome_annotation/Prokka/E745_spades/E745_spades:tig00000001_201 (length 351)
/home/yuch3531/genome_analysis_project/5_genome_annotation/Prokka/E745_spades/E745_spades:tig00000001_202 (length 457)
/home/yuch3531/genome_analysis_project/5_genome_annotation/Prokka/E745_spades/E745_spades:tig00000001_203 (length 42)
/home/yuch3531/genome_analysis_project/5_genome_annotation/Prokka/E745_spades/E745_spades:tig00000001_204 (length 337)
/home/yuch3531/genome_analysis_project/5_genome_annotation/Prokka/E745_spades/E745_spades:tig00000001_205 (length 344)
/home/yuch3531/genome_analysis_project/5_genome_annotation/Prokka/E745_spades/E745_spades:tig00000001_206 (length 741)
/home/yuch3531/genome_analysis_project/5_genome_annotation/Prokka/E745_spades/E745_spades:tig00000001_207 (length 627)
/home/yuch3531/genome_analysis_project/5_genome_annotation/Prokka/E745_spades/E745_spades:tig00000001_208 (length 324)
/home/yuch3531/genome_analysis_project/5_genome_annotation/Prokka/E745_spades/E745_spades:tig00000001_209 (length 340)
/home/yuch3531/genome_analysis_project/5_genome_annotation/Prokka/E745_spades/E745_spades:tig00000001_210 (length 354)
/home/yuch3531/genome_analysis_project/5_genome_annotation/Prokka/E745_spades/E745_spades:tig00000001_211 (length 388)
/home/yuch3531/genome_analysis_project/5_genome_annotation/Prokka/E745_spades/E745_spades:tig00000001_212 (length 363)
/home/yuch3531/genome_analysis_project/5_genome_annotation/Prokka/E745_spades/E745_spades:tig00000001_213 (length 431)
/home/yuch3531/genome_analysis_project/5_genome_annotation/Prokka/E745_spades/E745_spades:tig00000001_214 (length 169)
/home/yuch3531/genome_analysis_project/5_genome_annotation/Prokka/E745_spades/E745_spades:tig00000001_215 (length 278)
/home/yuch3531/genome_analysis_project/5_genome_annotation/Prokka/E745_spades/E745_spades:tig00000001_216 (length 578)
/home/yuch3531/genome_analysis_project/5_genome_annotation/Prokka/E745_spades/E745_spades:tig00000001_217 (length 291)
/home/yuch3531/genome_analysis_project/5_genome_annotation/Prokka/E745_spades/E745_spades:tig00000001_218 (length 192)
/home/yuch3531/genome_analysis_project/5_genome_annotation/Prokka/E745_spades/E745_spades:tig00000001_219 (length 428)
/home/yuch3531/genome_analysis_project/5_genome_annotation/Prokka/E745_spades/E745_spades:tig00000001_220 (length 289)
/home/yuch3531/genome_analysis_project/5_genome_annotation/Prokka/E745_spades/E745_spades:tig00000001_221 (length 289)
/home/yuch3531/genome_analysis_project/5_genome_annotation/Prokka/E745_spades/E745_spades:tig00000001_222 (length 223)
/home/yuch3531/genome_analysis_project/5_genome_annotation/Prokka/E745_spades/E745_spades:tig00000001_223 (length 257)
/home/yuch3531/genome_analysis_project/5_genome_annotation/Prokka/E745_spades/E745_spades:tig00000001_224 (length 132)
/home/yuch3531/genome_analysis_project/5_genome_annotation/Prokka/E745_spades/E745_spades:tig00000001_225 (length 223)
/home/yuch3531/genome_analysis_project/5_genome_annotation/Prokka/E745_spades/E745_spades:tig00000001_226 (length 146)
/home/yuch3531/genome_analysis_project/5_genome_annotation/Prokka/E745_spades/E745_spades:tig00000001_227 (length 222)
/home/yuch3531/genome_analysis_project/5_genome_annotation/Prokka/E745_spades/E745_spades:tig00000001_228 (length 207)
/home/yuch3531/genome_analysis_project/5_genome_annotation/Prokka/E745_spades/E745_spades:tig00000001_229 (length 128)
/home/yuch3531/genome_analysis_project/5_genome_annotation/Prokka/E745_spades/E745_spades:tig00000001_230 (length 463)
/home/yuch3531/genome_analysis_project/5_genome_annotation/Prokka/E745_spades/E745_spades:tig00000001_231 (length 122)
/home/yuch3531/genome_analysis_project/5_genome_annotation/Prokka/E745_spades/E745_spades:tig00000001_232 (length 43)
/home/yuch3531/genome_analysis_project/5_genome_annotation/Prokka/E745_spades/E745_spades:tig00000001_233 (length 313)
/home/yuch3531/genome_analysis_project/5_genome_annotation/Prokka/E745_spades/E745_spades:tig00000001_234 (length 243)
/home/yuch3531/genome_analysis_project/5_genome_annotation/Prokka/E745_spades/E745_spades:tig00000001_235 (length 726)
/home/yuch3531/genome_analysis_project/5_genome_annotation/Prokka/E745_spades/E745_spades:tig00000001_236 (length 160)
/home/yuch3531/genome_analysis_project/5_genome_annotation/Prokka/E745_spades/E745_spades:tig00000001_237 (length 253)
/home/yuch3531/genome_analysis_project/5_genome_annotation/Prokka/E745_spades/E745_spades:tig00000001_238 (length 444)
/home/yuch3531/genome_analysis_project/5_genome_annotation/Prokka/E745_spades/E745_spades:tig00000001_239 (length 161)
/home/yuch3531/genome_analysis_project/5_genome_annotation/Prokka/E745_spades/E745_spades:tig00000001_240 (length 227)
/home/yuch3531/genome_analysis_project/5_genome_annotation/Prokka/E745_spades/E745_spades:tig00000001_241 (length 881)
/home/yuch3531/genome_analysis_project/5_genome_annotation/Prokka/E745_spades/E745_spades:tig00000001_242 (length 278)
/home/yuch3531/genome_analysis_project/5_genome_annotation/Prokka/E745_spades/E745_spades:tig00000001_243 (length 209)
/home/yuch3531/genome_analysis_project/5_genome_annotation/Prokka/E745_spades/E745_spades:tig00000001_244 (length 110)
/home/yuch3531/genome_analysis_project/5_genome_annotation/Prokka/E745_spades/E745_spades:tig00000001_245 (length 163)
/home/yuch3531/genome_analysis_project/5_genome_annotation/Prokka/E745_spades/E745_spades:tig00000001_246 (length 457)
/home/yuch3531/genome_analysis_project/5_genome_annotation/Prokka/E745_spades/E745_spades:tig00000001_247 (length 73)
/home/yuch3531/genome_analysis_project/5_genome_annotation/Prokka/E745_spades/E745_spades:tig00000001_248 (length 235)
/home/yuch3531/genome_analysis_project/5_genome_annotation/Prokka/E745_spades/E745_spades:tig00000001_249 (length 146)
/home/yuch3531/genome_analysis_project/5_genome_annotation/Prokka/E745_spades/E745_spades:tig00000001_250 (length 431)
/home/yuch3531/genome_analysis_project/5_genome_annotation/Prokka/E745_spades/E745_spades:tig00000001_251 (length 67)
/home/yuch3531/genome_analysis_project/5_genome_annotation/Prokka/E745_spades/E745_spades:tig00000001_252 (length 137)
/home/yuch3531/genome_analysis_project/5_genome_annotation/Prokka/E745_spades/E745_spades:tig00000001_253 (length 90)
/home/yuch3531/genome_analysis_project/5_genome_annotation/Prokka/E745_spades/E745_spades:tig00000001_254 (length 288)
/home/yuch3531/genome_analysis_project/5_genome_annotation/Prokka/E745_spades/E745_spades:tig00000001_255 (length 410)
/home/yuch3531/genome_analysis_project/5_genome_annotation/Prokka/E745_spades/E745_spades:tig00000001_256 (length 302)
/home/yuch3531/genome_analysis_project/5_genome_annotation/Prokka/E745_spades/E745_spades:tig00000001_257 (length 90)
/home/yuch3531/genome_analysis_project/5_genome_annotation/Prokka/E745_spades/E745_spades:tig00000001_258 (length 348)
/home/yuch3531/genome_analysis_project/5_genome_annotation/Prokka/E745_spades/E745_spades:tig00000001_259 (length 869)
/home/yuch3531/genome_analysis_project/5_genome_annotation/Prokka/E745_spades/E745_spades:tig00000001_260 (length 223)
/home/yuch3531/genome_analysis_project/5_genome_annotation/Prokka/E745_spades/E745_spades:tig00000001_261 (length 164)
/home/yuch3531/genome_analysis_project/5_genome_annotation/Prokka/E745_spades/E745_spades:tig00000001_262 (length 406)
/home/yuch3531/genome_analysis_project/5_genome_annotation/Prokka/E745_spades/E745_spades:tig00000001_263 (length 611)
/home/yuch3531/genome_analysis_project/5_genome_annotation/Prokka/E745_spades/E745_spades:tig00000001_264 (length 375)
/home/yuch3531/genome_analysis_project/5_genome_annotation/Prokka/E745_spades/E745_spades:tig00000001_265 (length 317)
/home/yuch3531/genome_analysis_project/5_genome_annotation/Prokka/E745_spades/E745_spades:tig00000001_266 (length 392)
/home/yuch3531/genome_analysis_project/5_genome_annotation/Prokka/E745_spades/E745_spades:tig00000001_267 (length 137)
/home/yuch3531/genome_analysis_project/5_genome_annotation/Prokka/E745_spades/E745_spades:tig00000001_268 (length 161)
/home/yuch3531/genome_analysis_project/5_genome_annotation/Prokka/E745_spades/E745_spades:tig00000001_269 (length 71)
/home/yuch3531/genome_analysis_project/5_genome_annotation/Prokka/E745_spades/E745_spades:tig00000001_270 (length 266)
/home/yuch3531/genome_analysis_project/5_genome_annotation/Prokka/E745_spades/E745_spades:tig00000001_271 (length 622)
/home/yuch3531/genome_analysis_project/5_genome_annotation/Prokka/E745_spades/E745_spades:tig00000001_272 (length 163)
/home/yuch3531/genome_analysis_project/5_genome_annotation/Prokka/E745_spades/E745_spades:tig00000001_273 (length 184)
/home/yuch3531/genome_analysis_project/5_genome_annotation/Prokka/E745_spades/E745_spades:tig00000001_274 (length 331)
/home/yuch3531/genome_analysis_project/5_genome_annotation/Prokka/E745_spades/E745_spades:tig00000001_275 (length 416)
/home/yuch3531/genome_analysis_project/5_genome_annotation/Prokka/E745_spades/E745_spades:tig00000001_276 (length 132)
/home/yuch3531/genome_analysis_project/5_genome_annotation/Prokka/E745_spades/E745_spades:tig00000001_277 (length 236)
/home/yuch3531/genome_analysis_project/5_genome_annotation/Prokka/E745_spades/E745_spades:tig00000001_278 (length 295)
/home/yuch3531/genome_analysis_project/5_genome_annotation/Prokka/E745_spades/E745_spades:tig00000001_279 (length 279)
/home/yuch3531/genome_analysis_project/5_genome_annotation/Prokka/E745_spades/E745_spades:tig00000001_280 (length 324)
/home/yuch3531/genome_analysis_project/5_genome_annotation/Prokka/E745_spades/E745_spades:tig00000001_281 (length 118)
/home/yuch3531/genome_analysis_project/5_genome_annotation/Prokka/E745_spades/E745_spades:tig00000001_282 (length 385)
/home/yuch3531/genome_analysis_project/5_genome_annotation/Prokka/E745_spades/E745_spades:tig00000001_283 (length 146)
/home/yuch3531/genome_analysis_project/5_genome_annotation/Prokka/E745_spades/E745_spades:tig00000001_284 (length 168)
/home/yuch3531/genome_analysis_project/5_genome_annotation/Prokka/E745_spades/E745_spades:tig00000001_285 (length 634)
/home/yuch3531/genome_analysis_project/5_genome_annotation/Prokka/E745_spades/E745_spades:tig00000001_286 (length 333)
/home/yuch3531/genome_analysis_project/5_genome_annotation/Prokka/E745_spades/E745_spades:tig00000001_287 (length 68)
/home/yuch3531/genome_analysis_project/5_genome_annotation/Prokka/E745_spades/E745_spades:tig00000001_288 (length 282)
/home/yuch3531/genome_analysis_project/5_genome_annotation/Prokka/E745_spades/E745_spades:tig00000001_289 (length 300)
/home/yuch3531/genome_analysis_project/5_genome_annotation/Prokka/E745_spades/E745_spades:tig00000001_290 (length 333)
/home/yuch3531/genome_analysis_project/5_genome_annotation/Prokka/E745_spades/E745_spades:tig00000001_291 (length 90)
/home/yuch3531/genome_analysis_project/5_genome_annotation/Prokka/E745_spades/E745_spades:tig00000001_292 (length 265)
/home/yuch3531/genome_analysis_project/5_genome_annotation/Prokka/E745_spades/E745_spades:tig00000001_293 (length 277)
/home/yuch3531/genome_analysis_project/5_genome_annotation/Prokka/E745_spades/E745_spades:tig00000001_294 (length 285)
/home/yuch3531/genome_analysis_project/5_genome_annotation/Prokka/E745_spades/E745_spades:tig00000001_295 (length 169)
/home/yuch3531/genome_analysis_project/5_genome_annotation/Prokka/E745_spades/E745_spades:tig00000001_296 (length 133)
/home/yuch3531/genome_analysis_project/5_genome_annotation/Prokka/E745_spades/E745_spades:tig00000001_297 (length 140)
/home/yuch3531/genome_analysis_project/5_genome_annotation/Prokka/E745_spades/E745_spades:tig00000001_298 (length 147)
/home/yuch3531/genome_analysis_project/5_genome_annotation/Prokka/E745_spades/E745_spades:tig00000001_299 (length 361)
/home/yuch3531/genome_analysis_project/5_genome_annotation/Prokka/E745_spades/E745_spades:tig00000001_300 (length 237)
/home/yuch3531/genome_analysis_project/5_genome_annotation/Prokka/E745_spades/E745_spades:tig00000001_301 (length 49)
/home/yuch3531/genome_analysis_project/5_genome_annotation/Prokka/E745_spades/E745_spades:tig00000001_302 (length 66)
/home/yuch3531/genome_analysis_project/5_genome_annotation/Prokka/E745_spades/E745_spades:tig00000001_303 (length 32)
/home/yuch3531/genome_analysis_project/5_genome_annotation/Prokka/E745_spades/E745_spades:tig00000001_304 (length 121)
/home/yuch3531/genome_analysis_project/5_genome_annotation/Prokka/E745_spades/E745_spades:tig00000001_305 (length 81)
/home/yuch3531/genome_analysis_project/5_genome_annotation/Prokka/E745_spades/E745_spades:tig00000001_306 (length 84)
/home/yuch3531/genome_analysis_project/5_genome_annotation/Prokka/E745_spades/E745_spades:tig00000001_307 (length 101)
/home/yuch3531/genome_analysis_project/5_genome_annotation/Prokka/E745_spades/E745_spades:tig00000001_308 (length 165)
/home/yuch3531/genome_analysis_project/5_genome_annotation/Prokka/E745_spades/E745_spades:tig00000001_309 (length 269)
/home/yuch3531/genome_analysis_project/5_genome_annotation/Prokka/E745_spades/E745_spades:tig00000001_310 (length 285)
/home/yuch3531/genome_analysis_project/5_genome_annotation/Prokka/E745_spades/E745_spades:tig00000001_311 (length 300)
/home/yuch3531/genome_analysis_project/5_genome_annotation/Prokka/E745_spades/E745_spades:tig00000001_312 (length 116)
/home/yuch3531/genome_analysis_project/5_genome_annotation/Prokka/E745_spades/E745_spades:tig00000001_313 (length 312)
/home/yuch3531/genome_analysis_project/5_genome_annotation/Prokka/E745_spades/E745_spades:tig00000001_314 (length 297)
/home/yuch3531/genome_analysis_project/5_genome_annotation/Prokka/E745_spades/E745_spades:tig00000001_315 (length 187)
/home/yuch3531/genome_analysis_project/5_genome_annotation/Prokka/E745_spades/E745_spades:tig00000001_316 (length 62)
/home/yuch3531/genome_analysis_project/5_genome_annotation/Prokka/E745_spades/E745_spades:tig00000001_317 (length 32)
/home/yuch3531/genome_analysis_project/5_genome_annotation/Prokka/E745_spades/E745_spades:tig00000001_318 (length 268)
/home/yuch3531/genome_analysis_project/5_genome_annotation/Prokka/E745_spades/E745_spades:tig00000001_319 (length 80)
/home/yuch3531/genome_analysis_project/5_genome_annotation/Prokka/E745_spades/E745_spades:tig00000001_320 (length 123)
/home/yuch3531/genome_analysis_project/5_genome_annotation/Prokka/E745_spades/E745_spades:tig00000001_321 (length 75)
/home/yuch3531/genome_analysis_project/5_genome_annotation/Prokka/E745_spades/E745_spades:tig00000001_322 (length 157)
/home/yuch3531/genome_analysis_project/5_genome_annotation/Prokka/E745_spades/E745_spades:tig00000001_323 (length 57)
/home/yuch3531/genome_analysis_project/5_genome_annotation/Prokka/E745_spades/E745_spades:tig00000001_324 (length 188)
/home/yuch3531/genome_analysis_project/5_genome_annotation/Prokka/E745_spades/E745_spades:tig00000001_325 (length 62)
/home/yuch3531/genome_analysis_project/5_genome_annotation/Prokka/E745_spades/E745_spades:tig00000001_326 (length 185)
/home/yuch3531/genome_analysis_project/5_genome_annotation/Prokka/E745_spades/E745_spades:tig00000001_327 (length 80)
/home/yuch3531/genome_analysis_project/5_genome_annotation/Prokka/E745_spades/E745_spades:tig00000001_328 (length 431)
/home/yuch3531/genome_analysis_project/5_genome_annotation/Prokka/E745_spades/E745_spades:tig00000001_329 (length 404)
/home/yuch3531/genome_analysis_project/5_genome_annotation/Prokka/E745_spades/E745_spades:tig00000001_330 (length 475)
/home/yuch3531/genome_analysis_project/5_genome_annotation/Prokka/E745_spades/E745_spades:tig00000001_331 (length 308)
/home/yuch3531/genome_analysis_project/5_genome_annotation/Prokka/E745_spades/E745_spades:tig00000001_332 (length 486)
/home/yuch3531/genome_analysis_project/5_genome_annotation/Prokka/E745_spades/E745_spades:tig00000001_333 (length 587)
/home/yuch3531/genome_analysis_project/5_genome_annotation/Prokka/E745_spades/E745_spades:tig00000001_334 (length 118)
/home/yuch3531/genome_analysis_project/5_genome_annotation/Prokka/E745_spades/E745_spades:tig00000001_335 (length 227)
/home/yuch3531/genome_analysis_project/5_genome_annotation/Prokka/E745_spades/E745_spades:tig00000001_336 (length 204)
/home/yuch3531/genome_analysis_project/5_genome_annotation/Prokka/E745_spades/E745_spades:tig00000001_337 (length 68)
/home/yuch3531/genome_analysis_project/5_genome_annotation/Prokka/E745_spades/E745_spades:tig00000001_338 (length 387)
/home/yuch3531/genome_analysis_project/5_genome_annotation/Prokka/E745_spades/E745_spades:tig00000001_339 (length 251)
/home/yuch3531/genome_analysis_project/5_genome_annotation/Prokka/E745_spades/E745_spades:tig00000001_340 (length 679)
/home/yuch3531/genome_analysis_project/5_genome_annotation/Prokka/E745_spades/E745_spades:tig00000001_341 (length 202)
/home/yuch3531/genome_analysis_project/5_genome_annotation/Prokka/E745_spades/E745_spades:tig00000001_342 (length 181)
/home/yuch3531/genome_analysis_project/5_genome_annotation/Prokka/E745_spades/E745_spades:tig00000001_343 (length 176)
/home/yuch3531/genome_analysis_project/5_genome_annotation/Prokka/E745_spades/E745_spades:tig00000001_344 (length 116)
/home/yuch3531/genome_analysis_project/5_genome_annotation/Prokka/E745_spades/E745_spades:tig00000001_345 (length 509)
/home/yuch3531/genome_analysis_project/5_genome_annotation/Prokka/E745_spades/E745_spades:tig00000001_346 (length 187)
/home/yuch3531/genome_analysis_project/5_genome_annotation/Prokka/E745_spades/E745_spades:tig00000001_347 (length 220)
/home/yuch3531/genome_analysis_project/5_genome_annotation/Prokka/E745_spades/E745_spades:tig00000001_348 (length 661)
/home/yuch3531/genome_analysis_project/5_genome_annotation/Prokka/E745_spades/E745_spades:tig00000001_349 (length 257)
/home/yuch3531/genome_analysis_project/5_genome_annotation/Prokka/E745_spades/E745_spades:tig00000001_350 (length 517)
/home/yuch3531/genome_analysis_project/5_genome_annotation/Prokka/E745_spades/E745_spades:tig00000001_351 (length 195)
/home/yuch3531/genome_analysis_project/5_genome_annotation/Prokka/E745_spades/E745_spades:tig00000001_352 (length 196)
/home/yuch3531/genome_analysis_project/5_genome_annotation/Prokka/E745_spades/E745_spades:tig00000001_353 (length 345)
/home/yuch3531/genome_analysis_project/5_genome_annotation/Prokka/E745_spades/E745_spades:tig00000001_354 (length 146)
/home/yuch3531/genome_analysis_project/5_genome_annotation/Prokka/E745_spades/E745_spades:tig00000001_355 (length 136)
/home/yuch3531/genome_analysis_project/5_genome_annotation/Prokka/E745_spades/E745_spades:tig00000001_356 (length 144)
/home/yuch3531/genome_analysis_project/5_genome_annotation/Prokka/E745_spades/E745_spades:tig00000001_357 (length 256)
/home/yuch3531/genome_analysis_project/5_genome_annotation/Prokka/E745_spades/E745_spades:tig00000001_358 (length 588)
/home/yuch3531/genome_analysis_project/5_genome_annotation/Prokka/E745_spades/E745_spades:tig00000001_359 (length 419)
/home/yuch3531/genome_analysis_project/5_genome_annotation/Prokka/E745_spades/E745_spades:tig00000001_360 (length 433)
/home/yuch3531/genome_analysis_project/5_genome_annotation/Prokka/E745_spades/E745_spades:tig00000001_361 (length 283)
/home/yuch3531/genome_analysis_project/5_genome_annotation/Prokka/E745_spades/E745_spades:tig00000001_362 (length 271)
/home/yuch3531/genome_analysis_project/5_genome_annotation/Prokka/E745_spades/E745_spades:tig00000001_363 (length 388)
/home/yuch3531/genome_analysis_project/5_genome_annotation/Prokka/E745_spades/E745_spades:tig00000001_364 (length 215)
/home/yuch3531/genome_analysis_project/5_genome_annotation/Prokka/E745_spades/E745_spades:tig00000001_365 (length 314)
/home/yuch3531/genome_analysis_project/5_genome_annotation/Prokka/E745_spades/E745_spades:tig00000001_366 (length 483)
/home/yuch3531/genome_analysis_project/5_genome_annotation/Prokka/E745_spades/E745_spades:tig00000001_367 (length 278)
/home/yuch3531/genome_analysis_project/5_genome_annotation/Prokka/E745_spades/E745_spades:tig00000001_368 (length 219)
/home/yuch3531/genome_analysis_project/5_genome_annotation/Prokka/E745_spades/E745_spades:tig00000001_369 (length 229)
/home/yuch3531/genome_analysis_project/5_genome_annotation/Prokka/E745_spades/E745_spades:tig00000001_370 (length 318)
/home/yuch3531/genome_analysis_project/5_genome_annotation/Prokka/E745_spades/E745_spades:tig00000001_371 (length 170)
/home/yuch3531/genome_analysis_project/5_genome_annotation/Prokka/E745_spades/E745_spades:tig00000001_372 (length 182)
/home/yuch3531/genome_analysis_project/5_genome_annotation/Prokka/E745_spades/E745_spades:tig00000001_373 (length 393)
/home/yuch3531/genome_analysis_project/5_genome_annotation/Prokka/E745_spades/E745_spades:tig00000001_374 (length 502)
/home/yuch3531/genome_analysis_project/5_genome_annotation/Prokka/E745_spades/E745_spades:tig00000001_375 (length 63)
/home/yuch3531/genome_analysis_project/5_genome_annotation/Prokka/E745_spades/E745_spades:tig00000001_376 (length 305)
/home/yuch3531/genome_analysis_project/5_genome_annotation/Prokka/E745_spades/E745_spades:tig00000001_377 (length 357)
/home/yuch3531/genome_analysis_project/5_genome_annotation/Prokka/E745_spades/E745_spades:tig00000001_378 (length 172)
/home/yuch3531/genome_analysis_project/5_genome_annotation/Prokka/E745_spades/E745_spades:tig00000001_379 (length 130)
/home/yuch3531/genome_analysis_project/5_genome_annotation/Prokka/E745_spades/E745_spades:tig00000001_380 (length 311)
/home/yuch3531/genome_analysis_project/5_genome_annotation/Prokka/E745_spades/E745_spades:tig00000001_381 (length 259)
/home/yuch3531/genome_analysis_project/5_genome_annotation/Prokka/E745_spades/E745_spades:tig00000001_382 (length 105)
/home/yuch3531/genome_analysis_project/5_genome_annotation/Prokka/E745_spades/E745_spades:tig00000001_383 (length 536)
/home/yuch3531/genome_analysis_project/5_genome_annotation/Prokka/E745_spades/E745_spades:tig00000001_384 (length 282)
/home/yuch3531/genome_analysis_project/5_genome_annotation/Prokka/E745_spades/E745_spades:tig00000001_385 (length 159)
/home/yuch3531/genome_analysis_project/5_genome_annotation/Prokka/E745_spades/E745_spades:tig00000001_386 (length 742)
/home/yuch3531/genome_analysis_project/5_genome_annotation/Prokka/E745_spades/E745_spades:tig00000001_387 (length 547)
/home/yuch3531/genome_analysis_project/5_genome_annotation/Prokka/E745_spades/E745_spades:tig00000001_388 (length 181)
/home/yuch3531/genome_analysis_project/5_genome_annotation/Prokka/E745_spades/E745_spades:tig00000001_389 (length 161)
/home/yuch3531/genome_analysis_project/5_genome_annotation/Prokka/E745_spades/E745_spades:tig00000001_390 (length 217)
/home/yuch3531/genome_analysis_project/5_genome_annotation/Prokka/E745_spades/E745_spades:tig00000001_391 (length 514)
/home/yuch3531/genome_analysis_project/5_genome_annotation/Prokka/E745_spades/E745_spades:tig00000001_392 (length 343)
/home/yuch3531/genome_analysis_project/5_genome_annotation/Prokka/E745_spades/E745_spades:tig00000001_393 (length 328)
/home/yuch3531/genome_analysis_project/5_genome_annotation/Prokka/E745_spades/E745_spades:tig00000001_394 (length 446)
/home/yuch3531/genome_analysis_project/5_genome_annotation/Prokka/E745_spades/E745_spades:tig00000001_395 (length 185)
/home/yuch3531/genome_analysis_project/5_genome_annotation/Prokka/E745_spades/E745_spades:tig00000001_396 (length 357)
/home/yuch3531/genome_analysis_project/5_genome_annotation/Prokka/E745_spades/E745_spades:tig00000001_397 (length 100)
/home/yuch3531/genome_analysis_project/5_genome_annotation/Prokka/E745_spades/E745_spades:tig00000001_398 (length 103)
/home/yuch3531/genome_analysis_project/5_genome_annotation/Prokka/E745_spades/E745_spades:tig00000001_399 (length 215)
/home/yuch3531/genome_analysis_project/5_genome_annotation/Prokka/E745_spades/E745_spades:tig00000001_400 (length 463)
/home/yuch3531/genome_analysis_project/5_genome_annotation/Prokka/E745_spades/E745_spades:tig00000001_401 (length 113)
/home/yuch3531/genome_analysis_project/5_genome_annotation/Prokka/E745_spades/E745_spades:tig00000001_402 (length 113)
/home/yuch3531/genome_analysis_project/5_genome_annotation/Prokka/E745_spades/E745_spades:tig00000001_403 (length 852)
/home/yuch3531/genome_analysis_project/5_genome_annotation/Prokka/E745_spades/E745_spades:tig00000001_404 (length 280)
/home/yuch3531/genome_analysis_project/5_genome_annotation/Prokka/E745_spades/E745_spades:tig00000001_405 (length 187)
/home/yuch3531/genome_analysis_project/5_genome_annotation/Prokka/E745_spades/E745_spades:tig00000001_406 (length 625)
/home/yuch3531/genome_analysis_project/5_genome_annotation/Prokka/E745_spades/E745_spades:tig00000001_407 (length 280)
/home/yuch3531/genome_analysis_project/5_genome_annotation/Prokka/E745_spades/E745_spades:tig00000001_408 (length 291)
/home/yuch3531/genome_analysis_project/5_genome_annotation/Prokka/E745_spades/E745_spades:tig00000001_409 (length 343)
/home/yuch3531/genome_analysis_project/5_genome_annotation/Prokka/E745_spades/E745_spades:tig00000001_410 (length 96)
/home/yuch3531/genome_analysis_project/5_genome_annotation/Prokka/E745_spades/E745_spades:tig00000001_411 (length 671)
/home/yuch3531/genome_analysis_project/5_genome_annotation/Prokka/E745_spades/E745_spades:tig00000001_412 (length 94)
/home/yuch3531/genome_analysis_project/5_genome_annotation/Prokka/E745_spades/E745_spades:tig00000001_413 (length 457)
/home/yuch3531/genome_analysis_project/5_genome_annotation/Prokka/E745_spades/E745_spades:tig00000001_414 (length 671)
/home/yuch3531/genome_analysis_project/5_genome_annotation/Prokka/E745_spades/E745_spades:tig00000001_415 (length 402)
/home/yuch3531/genome_analysis_project/5_genome_annotation/Prokka/E745_spades/E745_spades:tig00000001_416 (length 314)
/home/yuch3531/genome_analysis_project/5_genome_annotation/Prokka/E745_spades/E745_spades:tig00000001_417 (length 57)
/home/yuch3531/genome_analysis_project/5_genome_annotation/Prokka/E745_spades/E745_spades:tig00000001_418 (length 314)
/home/yuch3531/genome_analysis_project/5_genome_annotation/Prokka/E745_spades/E745_spades:tig00000001_419 (length 132)
/home/yuch3531/genome_analysis_project/5_genome_annotation/Prokka/E745_spades/E745_spades:tig00000001_420 (length 78)
/home/yuch3531/genome_analysis_project/5_genome_annotation/Prokka/E745_spades/E745_spades:tig00000001_421 (length 105)
/home/yuch3531/genome_analysis_project/5_genome_annotation/Prokka/E745_spades/E745_spades:tig00000001_422 (length 702)
/home/yuch3531/genome_analysis_project/5_genome_annotation/Prokka/E745_spades/E745_spades:tig00000001_423 (length 136)
/home/yuch3531/genome_analysis_project/5_genome_annotation/Prokka/E745_spades/E745_spades:tig00000001_424 (length 387)
/home/yuch3531/genome_analysis_project/5_genome_annotation/Prokka/E745_spades/E745_spades:tig00000001_425 (length 284)
/home/yuch3531/genome_analysis_project/5_genome_annotation/Prokka/E745_spades/E745_spades:tig00000001_426 (length 256)
/home/yuch3531/genome_analysis_project/5_genome_annotation/Prokka/E745_spades/E745_spades:tig00000001_427 (length 293)
/home/yuch3531/genome_analysis_project/5_genome_annotation/Prokka/E745_spades/E745_spades:tig00000001_428 (length 349)
/home/yuch3531/genome_analysis_project/5_genome_annotation/Prokka/E745_spades/E745_spades:tig00000001_429 (length 207)
/home/yuch3531/genome_analysis_project/5_genome_annotation/Prokka/E745_spades/E745_spades:tig00000001_430 (length 317)
/home/yuch3531/genome_analysis_project/5_genome_annotation/Prokka/E745_spades/E745_spades:tig00000001_431 (length 568)
/home/yuch3531/genome_analysis_project/5_genome_annotation/Prokka/E745_spades/E745_spades:tig00000001_432 (length 300)
/home/yuch3531/genome_analysis_project/5_genome_annotation/Prokka/E745_spades/E745_spades:tig00000001_433 (length 234)
/home/yuch3531/genome_analysis_project/5_genome_annotation/Prokka/E745_spades/E745_spades:tig00000001_434 (length 213)
/home/yuch3531/genome_analysis_project/5_genome_annotation/Prokka/E745_spades/E745_spades:tig00000001_435 (length 209)
/home/yuch3531/genome_analysis_project/5_genome_annotation/Prokka/E745_spades/E745_spades:tig00000001_436 (length 238)
/home/yuch3531/genome_analysis_project/5_genome_annotation/Prokka/E745_spades/E745_spades:tig00000001_437 (length 310)
/home/yuch3531/genome_analysis_project/5_genome_annotation/Prokka/E745_spades/E745_spades:tig00000001_438 (length 117)
/home/yuch3531/genome_analysis_project/5_genome_annotation/Prokka/E745_spades/E745_spades:tig00000001_439 (length 148)
/home/yuch3531/genome_analysis_project/5_genome_annotation/Prokka/E745_spades/E745_spades:tig00000001_440 (length 1061)
/home/yuch3531/genome_analysis_project/5_genome_annotation/Prokka/E745_spades/E745_spades:tig00000001_441 (length 358)
/home/yuch3531/genome_analysis_project/5_genome_annotation/Prokka/E745_spades/E745_spades:tig00000001_442 (length 426)
/home/yuch3531/genome_analysis_project/5_genome_annotation/Prokka/E745_spades/E745_spades:tig00000001_443 (length 308)
/home/yuch3531/genome_analysis_project/5_genome_annotation/Prokka/E745_spades/E745_spades:tig00000001_444 (length 427)
/home/yuch3531/genome_analysis_project/5_genome_annotation/Prokka/E745_spades/E745_spades:tig00000001_445 (length 179)
/home/yuch3531/genome_analysis_project/5_genome_annotation/Prokka/E745_spades/E745_spades:tig00000001_446 (length 303)
/home/yuch3531/genome_analysis_project/5_genome_annotation/Prokka/E745_spades/E745_spades:tig00000001_447 (length 154)
/home/yuch3531/genome_analysis_project/5_genome_annotation/Prokka/E745_spades/E745_spades:tig00000001_448 (length 232)
/home/yuch3531/genome_analysis_project/5_genome_annotation/Prokka/E745_spades/E745_spades:tig00000001_449 (length 128)
/home/yuch3531/genome_analysis_project/5_genome_annotation/Prokka/E745_spades/E745_spades:tig00000001_450 (length 556)
/home/yuch3531/genome_analysis_project/5_genome_annotation/Prokka/E745_spades/E745_spades:tig00000001_451 (length 77)
/home/yuch3531/genome_analysis_project/5_genome_annotation/Prokka/E745_spades/E745_spades:tig00000001_452 (length 143)
/home/yuch3531/genome_analysis_project/5_genome_annotation/Prokka/E745_spades/E745_spades:tig00000001_453 (length 137)
/home/yuch3531/genome_analysis_project/5_genome_annotation/Prokka/E745_spades/E745_spades:tig00000001_454 (length 382)
/home/yuch3531/genome_analysis_project/5_genome_annotation/Prokka/E745_spades/E745_spades:tig00000001_455 (length 198)
/home/yuch3531/genome_analysis_project/5_genome_annotation/Prokka/E745_spades/E745_spades:tig00000001_456 (length 880)
/home/yuch3531/genome_analysis_project/5_genome_annotation/Prokka/E745_spades/E745_spades:tig00000001_457 (length 143)
/home/yuch3531/genome_analysis_project/5_genome_annotation/Prokka/E745_spades/E745_spades:tig00000001_458 (length 449)
/home/yuch3531/genome_analysis_project/5_genome_annotation/Prokka/E745_spades/E745_spades:tig00000001_459 (length 387)
/home/yuch3531/genome_analysis_project/5_genome_annotation/Prokka/E745_spades/E745_spades:tig00000001_460 (length 107)
/home/yuch3531/genome_analysis_project/5_genome_annotation/Prokka/E745_spades/E745_spades:tig00000001_461 (length 449)
/home/yuch3531/genome_analysis_project/5_genome_annotation/Prokka/E745_spades/E745_spades:tig00000001_462 (length 317)
/home/yuch3531/genome_analysis_project/5_genome_annotation/Prokka/E745_spades/E745_spades:tig00000001_463 (length 396)
/home/yuch3531/genome_analysis_project/5_genome_annotation/Prokka/E745_spades/E745_spades:tig00000001_464 (length 73)
/home/yuch3531/genome_analysis_project/5_genome_annotation/Prokka/E745_spades/E745_spades:tig00000001_465 (length 227)
/home/yuch3531/genome_analysis_project/5_genome_annotation/Prokka/E745_spades/E745_spades:tig00000001_466 (length 498)
/home/yuch3531/genome_analysis_project/5_genome_annotation/Prokka/E745_spades/E745_spades:tig00000001_467 (length 388)
/home/yuch3531/genome_analysis_project/5_genome_annotation/Prokka/E745_spades/E745_spades:tig00000001_468 (length 139)
/home/yuch3531/genome_analysis_project/5_genome_annotation/Prokka/E745_spades/E745_spades:tig00000001_469 (length 179)
/home/yuch3531/genome_analysis_project/5_genome_annotation/Prokka/E745_spades/E745_spades:tig00000001_470 (length 215)
/home/yuch3531/genome_analysis_project/5_genome_annotation/Prokka/E745_spades/E745_spades:tig00000001_471 (length 793)
/home/yuch3531/genome_analysis_project/5_genome_annotation/Prokka/E745_spades/E745_spades:tig00000001_472 (length 431)
/home/yuch3531/genome_analysis_project/5_genome_annotation/Prokka/E745_spades/E745_spades:tig00000001_473 (length 165)
/home/yuch3531/genome_analysis_project/5_genome_annotation/Prokka/E745_spades/E745_spades:tig00000001_474 (length 225)
/home/yuch3531/genome_analysis_project/5_genome_annotation/Prokka/E745_spades/E745_spades:tig00000001_475 (length 232)
/home/yuch3531/genome_analysis_project/5_genome_annotation/Prokka/E745_spades/E745_spades:tig00000001_476 (length 394)
/home/yuch3531/genome_analysis_project/5_genome_annotation/Prokka/E745_spades/E745_spades:tig00000001_477 (length 147)
/home/yuch3531/genome_analysis_project/5_genome_annotation/Prokka/E745_spades/E745_spades:tig00000001_478 (length 95)
/home/yuch3531/genome_analysis_project/5_genome_annotation/Prokka/E745_spades/E745_spades:tig00000001_479 (length 450)
/home/yuch3531/genome_analysis_project/5_genome_annotation/Prokka/E745_spades/E745_spades:tig00000001_480 (length 148)
/home/yuch3531/genome_analysis_project/5_genome_annotation/Prokka/E745_spades/E745_spades:tig00000001_481 (length 308)
/home/yuch3531/genome_analysis_project/5_genome_annotation/Prokka/E745_spades/E745_spades:tig00000001_482 (length 295)
/home/yuch3531/genome_analysis_project/5_genome_annotation/Prokka/E745_spades/E745_spades:tig00000001_483 (length 317)
/home/yuch3531/genome_analysis_project/5_genome_annotation/Prokka/E745_spades/E745_spades:tig00000001_484 (length 665)
/home/yuch3531/genome_analysis_project/5_genome_annotation/Prokka/E745_spades/E745_spades:tig00000001_485 (length 83)
/home/yuch3531/genome_analysis_project/5_genome_annotation/Prokka/E745_spades/E745_spades:tig00000001_486 (length 207)
/home/yuch3531/genome_analysis_project/5_genome_annotation/Prokka/E745_spades/E745_spades:tig00000001_487 (length 72)
/home/yuch3531/genome_analysis_project/5_genome_annotation/Prokka/E745_spades/E745_spades:tig00000001_488 (length 170)
/home/yuch3531/genome_analysis_project/5_genome_annotation/Prokka/E745_spades/E745_spades:tig00000001_489 (length 765)
/home/yuch3531/genome_analysis_project/5_genome_annotation/Prokka/E745_spades/E745_spades:tig00000001_490 (length 144)
/home/yuch3531/genome_analysis_project/5_genome_annotation/Prokka/E745_spades/E745_spades:tig00000001_491 (length 262)
/home/yuch3531/genome_analysis_project/5_genome_annotation/Prokka/E745_spades/E745_spades:tig00000001_492 (length 313)
/home/yuch3531/genome_analysis_project/5_genome_annotation/Prokka/E745_spades/E745_spades:tig00000001_493 (length 195)
/home/yuch3531/genome_analysis_project/5_genome_annotation/Prokka/E745_spades/E745_spades:tig00000001_494 (length 437)
/home/yuch3531/genome_analysis_project/5_genome_annotation/Prokka/E745_spades/E745_spades:tig00000001_495 (length 336)
/home/yuch3531/genome_analysis_project/5_genome_annotation/Prokka/E745_spades/E745_spades:tig00000001_496 (length 311)
/home/yuch3531/genome_analysis_project/5_genome_annotation/Prokka/E745_spades/E745_spades:tig00000001_497 (length 319)
/home/yuch3531/genome_analysis_project/5_genome_annotation/Prokka/E745_spades/E745_spades:tig00000001_498 (length 364)
/home/yuch3531/genome_analysis_project/5_genome_annotation/Prokka/E745_spades/E745_spades:tig00000001_499 (length 253)
/home/yuch3531/genome_analysis_project/5_genome_annotation/Prokka/E745_spades/E745_spades:tig00000001_500 (length 146)
/home/yuch3531/genome_analysis_project/5_genome_annotation/Prokka/E745_spades/E745_spades:tig00000001_501 (length 251)
/home/yuch3531/genome_analysis_project/5_genome_annotation/Prokka/E745_spades/E745_spades:tig00000001_502 (length 337)
/home/yuch3531/genome_analysis_project/5_genome_annotation/Prokka/E745_spades/E745_spades:tig00000001_503 (length 306)
/home/yuch3531/genome_analysis_project/5_genome_annotation/Prokka/E745_spades/E745_spades:tig00000001_504 (length 166)
/home/yuch3531/genome_analysis_project/5_genome_annotation/Prokka/E745_spades/E745_spades:tig00000001_505 (length 172)
/home/yuch3531/genome_analysis_project/5_genome_annotation/Prokka/E745_spades/E745_spades:tig00000001_506 (length 451)
/home/yuch3531/genome_analysis_project/5_genome_annotation/Prokka/E745_spades/E745_spades:tig00000001_507 (length 277)
/home/yuch3531/genome_analysis_project/5_genome_annotation/Prokka/E745_spades/E745_spades:tig00000001_508 (length 218)
/home/yuch3531/genome_analysis_project/5_genome_annotation/Prokka/E745_spades/E745_spades:tig00000001_509 (length 215)
/home/yuch3531/genome_analysis_project/5_genome_annotation/Prokka/E745_spades/E745_spades:tig00000001_510 (length 271)
/home/yuch3531/genome_analysis_project/5_genome_annotation/Prokka/E745_spades/E745_spades:tig00000001_511 (length 245)
/home/yuch3531/genome_analysis_project/5_genome_annotation/Prokka/E745_spades/E745_spades:tig00000001_512 (length 336)
/home/yuch3531/genome_analysis_project/5_genome_annotation/Prokka/E745_spades/E745_spades:tig00000001_513 (length 806)
/home/yuch3531/genome_analysis_project/5_genome_annotation/Prokka/E745_spades/E745_spades:tig00000001_514 (length 347)
/home/yuch3531/genome_analysis_project/5_genome_annotation/Prokka/E745_spades/E745_spades:tig00000001_515 (length 113)
/home/yuch3531/genome_analysis_project/5_genome_annotation/Prokka/E745_spades/E745_spades:tig00000001_516 (length 1240)
/home/yuch3531/genome_analysis_project/5_genome_annotation/Prokka/E745_spades/E745_spades:tig00000001_517 (length 861)
/home/yuch3531/genome_analysis_project/5_genome_annotation/Prokka/E745_spades/E745_spades:tig00000001_518 (length 327)
/home/yuch3531/genome_analysis_project/5_genome_annotation/Prokka/E745_spades/E745_spades:tig00000001_519 (length 431)
/home/yuch3531/genome_analysis_project/5_genome_annotation/Prokka/E745_spades/E745_spades:tig00000001_520 (length 276)
/home/yuch3531/genome_analysis_project/5_genome_annotation/Prokka/E745_spades/E745_spades:tig00000001_521 (length 143)
/home/yuch3531/genome_analysis_project/5_genome_annotation/Prokka/E745_spades/E745_spades:tig00000001_522 (length 198)
/home/yuch3531/genome_analysis_project/5_genome_annotation/Prokka/E745_spades/E745_spades:tig00000001_523 (length 160)
/home/yuch3531/genome_analysis_project/5_genome_annotation/Prokka/E745_spades/E745_spades:tig00000001_524 (length 65)
/home/yuch3531/genome_analysis_project/5_genome_annotation/Prokka/E745_spades/E745_spades:tig00000001_525 (length 252)
/home/yuch3531/genome_analysis_project/5_genome_annotation/Prokka/E745_spades/E745_spades:tig00000001_526 (length 142)
/home/yuch3531/genome_analysis_project/5_genome_annotation/Prokka/E745_spades/E745_spades:tig00000001_527 (length 123)
/home/yuch3531/genome_analysis_project/5_genome_annotation/Prokka/E745_spades/E745_spades:tig00000001_528 (length 61)
/home/yuch3531/genome_analysis_project/5_genome_annotation/Prokka/E745_spades/E745_spades:tig00000001_529 (length 62)
/home/yuch3531/genome_analysis_project/5_genome_annotation/Prokka/E745_spades/E745_spades:tig00000001_530 (length 87)
/home/yuch3531/genome_analysis_project/5_genome_annotation/Prokka/E745_spades/E745_spades:tig00000001_531 (length 85)
/home/yuch3531/genome_analysis_project/5_genome_annotation/Prokka/E745_spades/E745_spades:tig00000001_532 (length 63)
/home/yuch3531/genome_analysis_project/5_genome_annotation/Prokka/E745_spades/E745_spades:tig00000001_533 (length 106)
/home/yuch3531/genome_analysis_project/5_genome_annotation/Prokka/E745_spades/E745_spades:tig00000001_534 (length 144)
/home/yuch3531/genome_analysis_project/5_genome_annotation/Prokka/E745_spades/E745_spades:tig00000001_535 (length 212)
/home/yuch3531/genome_analysis_project/5_genome_annotation/Prokka/E745_spades/E745_spades:tig00000001_536 (length 166)
/home/yuch3531/genome_analysis_project/5_genome_annotation/Prokka/E745_spades/E745_spades:tig00000001_537 (length 114)
/home/yuch3531/genome_analysis_project/5_genome_annotation/Prokka/E745_spades/E745_spades:tig00000001_538 (length 312)
/home/yuch3531/genome_analysis_project/5_genome_annotation/Prokka/E745_spades/E745_spades:tig00000001_539 (length 163)
/home/yuch3531/genome_analysis_project/5_genome_annotation/Prokka/E745_spades/E745_spades:tig00000001_540 (length 791)
/home/yuch3531/genome_analysis_project/5_genome_annotation/Prokka/E745_spades/E745_spades:tig00000001_541 (length 208)
/home/yuch3531/genome_analysis_project/5_genome_annotation/Prokka/E745_spades/E745_spades:tig00000001_542 (length 234)
/home/yuch3531/genome_analysis_project/5_genome_annotation/Prokka/E745_spades/E745_spades:tig00000001_543 (length 277)
/home/yuch3531/genome_analysis_project/5_genome_annotation/Prokka/E745_spades/E745_spades:tig00000001_544 (length 642)
/home/yuch3531/genome_analysis_project/5_genome_annotation/Prokka/E745_spades/E745_spades:tig00000001_545 (length 151)
/home/yuch3531/genome_analysis_project/5_genome_annotation/Prokka/E745_spades/E745_spades:tig00000001_546 (length 89)
/home/yuch3531/genome_analysis_project/5_genome_annotation/Prokka/E745_spades/E745_spades:tig00000001_547 (length 84)
/home/yuch3531/genome_analysis_project/5_genome_annotation/Prokka/E745_spades/E745_spades:tig00000001_548 (length 348)
/home/yuch3531/genome_analysis_project/5_genome_annotation/Prokka/E745_spades/E745_spades:tig00000001_549 (length 757)
/home/yuch3531/genome_analysis_project/5_genome_annotation/Prokka/E745_spades/E745_spades:tig00000001_550 (length 179)
/home/yuch3531/genome_analysis_project/5_genome_annotation/Prokka/E745_spades/E745_spades:tig00000001_551 (length 72)
/home/yuch3531/genome_analysis_project/5_genome_annotation/Prokka/E745_spades/E745_spades:tig00000001_552 (length 81)
/home/yuch3531/genome_analysis_project/5_genome_annotation/Prokka/E745_spades/E745_spades:tig00000001_553 (length 205)
/home/yuch3531/genome_analysis_project/5_genome_annotation/Prokka/E745_spades/E745_spades:tig00000001_554 (length 347)
/home/yuch3531/genome_analysis_project/5_genome_annotation/Prokka/E745_spades/E745_spades:tig00000001_555 (length 163)
/home/yuch3531/genome_analysis_project/5_genome_annotation/Prokka/E745_spades/E745_spades:tig00000001_556 (length 186)
/home/yuch3531/genome_analysis_project/5_genome_annotation/Prokka/E745_spades/E745_spades:tig00000001_557 (length 112)
/home/yuch3531/genome_analysis_project/5_genome_annotation/Prokka/E745_spades/E745_spades:tig00000001_558 (length 148)
/home/yuch3531/genome_analysis_project/5_genome_annotation/Prokka/E745_spades/E745_spades:tig00000001_559 (length 374)
/home/yuch3531/genome_analysis_project/5_genome_annotation/Prokka/E745_spades/E745_spades:tig00000001_560 (length 1142)
/home/yuch3531/genome_analysis_project/5_genome_annotation/Prokka/E745_spades/E745_spades:tig00000001_561 (length 387)
/home/yuch3531/genome_analysis_project/5_genome_annotation/Prokka/E745_spades/E745_spades:tig00000001_562 (length 100)
/home/yuch3531/genome_analysis_project/5_genome_annotation/Prokka/E745_spades/E745_spades:tig00000001_563 (length 590)
/home/yuch3531/genome_analysis_project/5_genome_annotation/Prokka/E745_spades/E745_spades:tig00000001_564 (length 609)
/home/yuch3531/genome_analysis_project/5_genome_annotation/Prokka/E745_spades/E745_spades:tig00000001_565 (length 252)
/home/yuch3531/genome_analysis_project/5_genome_annotation/Prokka/E745_spades/E745_spades:tig00000001_566 (length 91)
/home/yuch3531/genome_analysis_project/5_genome_annotation/Prokka/E745_spades/E745_spades:tig00000001_567 (length 468)
/home/yuch3531/genome_analysis_project/5_genome_annotation/Prokka/E745_spades/E745_spades:tig00000001_568 (length 547)
/home/yuch3531/genome_analysis_project/5_genome_annotation/Prokka/E745_spades/E745_spades:tig00000001_569 (length 325)
/home/yuch3531/genome_analysis_project/5_genome_annotation/Prokka/E745_spades/E745_spades:tig00000001_570 (length 369)
/home/yuch3531/genome_analysis_project/5_genome_annotation/Prokka/E745_spades/E745_spades:tig00000001_571 (length 474)
/home/yuch3531/genome_analysis_project/5_genome_annotation/Prokka/E745_spades/E745_spades:tig00000001_572 (length 325)
/home/yuch3531/genome_analysis_project/5_genome_annotation/Prokka/E745_spades/E745_spades:tig00000001_573 (length 401)
/home/yuch3531/genome_analysis_project/5_genome_annotation/Prokka/E745_spades/E745_spades:tig00000001_574 (length 508)
/home/yuch3531/genome_analysis_project/5_genome_annotation/Prokka/E745_spades/E745_spades:tig00000001_575 (length 362)
/home/yuch3531/genome_analysis_project/5_genome_annotation/Prokka/E745_spades/E745_spades:tig00000001_576 (length 338)
/home/yuch3531/genome_analysis_project/5_genome_annotation/Prokka/E745_spades/E745_spades:tig00000001_577 (length 483)
/home/yuch3531/genome_analysis_project/5_genome_annotation/Prokka/E745_spades/E745_spades:tig00000001_578 (length 521)
/home/yuch3531/genome_analysis_project/5_genome_annotation/Prokka/E745_spades/E745_spades:tig00000001_579 (length 304)
/home/yuch3531/genome_analysis_project/5_genome_annotation/Prokka/E745_spades/E745_spades:tig00000001_580 (length 424)
/home/yuch3531/genome_analysis_project/5_genome_annotation/Prokka/E745_spades/E745_spades:tig00000001_581 (length 511)
/home/yuch3531/genome_analysis_project/5_genome_annotation/Prokka/E745_spades/E745_spades:tig00000001_582 (length 192)
/home/yuch3531/genome_analysis_project/5_genome_annotation/Prokka/E745_spades/E745_spades:tig00000001_583 (length 350)
/home/yuch3531/genome_analysis_project/5_genome_annotation/Prokka/E745_spades/E745_spades:tig00000001_584 (length 479)
/home/yuch3531/genome_analysis_project/5_genome_annotation/Prokka/E745_spades/E745_spades:tig00000001_585 (length 740)
/home/yuch3531/genome_analysis_project/5_genome_annotation/Prokka/E745_spades/E745_spades:tig00000001_586 (length 223)
/home/yuch3531/genome_analysis_project/5_genome_annotation/Prokka/E745_spades/E745_spades:tig00000001_587 (length 84)
/home/yuch3531/genome_analysis_project/5_genome_annotation/Prokka/E745_spades/E745_spades:tig00000001_588 (length 242)
/home/yuch3531/genome_analysis_project/5_genome_annotation/Prokka/E745_spades/E745_spades:tig00000001_589 (length 125)
/home/yuch3531/genome_analysis_project/5_genome_annotation/Prokka/E745_spades/E745_spades:tig00000001_590 (length 431)
/home/yuch3531/genome_analysis_project/5_genome_annotation/Prokka/E745_spades/E745_spades:tig00000001_591 (length 374)
/home/yuch3531/genome_analysis_project/5_genome_annotation/Prokka/E745_spades/E745_spades:tig00000001_592 (length 162)
/home/yuch3531/genome_analysis_project/5_genome_annotation/Prokka/E745_spades/E745_spades:tig00000001_593 (length 435)
/home/yuch3531/genome_analysis_project/5_genome_annotation/Prokka/E745_spades/E745_spades:tig00000001_594 (length 193)
/home/yuch3531/genome_analysis_project/5_genome_annotation/Prokka/E745_spades/E745_spades:tig00000001_595 (length 430)
/home/yuch3531/genome_analysis_project/5_genome_annotation/Prokka/E745_spades/E745_spades:tig00000001_596 (length 207)
/home/yuch3531/genome_analysis_project/5_genome_annotation/Prokka/E745_spades/E745_spades:tig00000001_597 (length 278)
/home/yuch3531/genome_analysis_project/5_genome_annotation/Prokka/E745_spades/E745_spades:tig00000001_598 (length 295)
/home/yuch3531/genome_analysis_project/5_genome_annotation/Prokka/E745_spades/E745_spades:tig00000001_599 (length 427)
/home/yuch3531/genome_analysis_project/5_genome_annotation/Prokka/E745_spades/E745_spades:tig00000001_600 (length 227)
/home/yuch3531/genome_analysis_project/5_genome_annotation/Prokka/E745_spades/E745_spades:tig00000001_601 (length 205)
/home/yuch3531/genome_analysis_project/5_genome_annotation/Prokka/E745_spades/E745_spades:tig00000001_602 (length 274)
/home/yuch3531/genome_analysis_project/5_genome_annotation/Prokka/E745_spades/E745_spades:tig00000001_603 (length 186)
/home/yuch3531/genome_analysis_project/5_genome_annotation/Prokka/E745_spades/E745_spades:tig00000001_604 (length 315)
/home/yuch3531/genome_analysis_project/5_genome_annotation/Prokka/E745_spades/E745_spades:tig00000001_605 (length 318)
/home/yuch3531/genome_analysis_project/5_genome_annotation/Prokka/E745_spades/E745_spades:tig00000001_606 (length 200)
/home/yuch3531/genome_analysis_project/5_genome_annotation/Prokka/E745_spades/E745_spades:tig00000001_607 (length 499)
/home/yuch3531/genome_analysis_project/5_genome_annotation/Prokka/E745_spades/E745_spades:tig00000001_608 (length 174)
/home/yuch3531/genome_analysis_project/5_genome_annotation/Prokka/E745_spades/E745_spades:tig00000001_609 (length 290)
/home/yuch3531/genome_analysis_project/5_genome_annotation/Prokka/E745_spades/E745_spades:tig00000001_610 (length 261)
/home/yuch3531/genome_analysis_project/5_genome_annotation/Prokka/E745_spades/E745_spades:tig00000001_611 (length 238)
/home/yuch3531/genome_analysis_project/5_genome_annotation/Prokka/E745_spades/E745_spades:tig00000001_612 (length 339)
/home/yuch3531/genome_analysis_project/5_genome_annotation/Prokka/E745_spades/E745_spades:tig00000001_613 (length 352)
/home/yuch3531/genome_analysis_project/5_genome_annotation/Prokka/E745_spades/E745_spades:tig00000001_614 (length 382)
/home/yuch3531/genome_analysis_project/5_genome_annotation/Prokka/E745_spades/E745_spades:tig00000001_615 (length 278)
/home/yuch3531/genome_analysis_project/5_genome_annotation/Prokka/E745_spades/E745_spades:tig00000001_616 (length 406)
/home/yuch3531/genome_analysis_project/5_genome_annotation/Prokka/E745_spades/E745_spades:tig00000001_617 (length 53)
/home/yuch3531/genome_analysis_project/5_genome_annotation/Prokka/E745_spades/E745_spades:tig00000001_618 (length 192)
/home/yuch3531/genome_analysis_project/5_genome_annotation/Prokka/E745_spades/E745_spades:tig00000001_619 (length 128)
/home/yuch3531/genome_analysis_project/5_genome_annotation/Prokka/E745_spades/E745_spades:tig00000001_620 (length 392)
/home/yuch3531/genome_analysis_project/5_genome_annotation/Prokka/E745_spades/E745_spades:tig00000001_621 (length 108)
/home/yuch3531/genome_analysis_project/5_genome_annotation/Prokka/E745_spades/E745_spades:tig00000001_622 (length 80)
/home/yuch3531/genome_analysis_project/5_genome_annotation/Prokka/E745_spades/E745_spades:tig00000001_623 (length 96)
/home/yuch3531/genome_analysis_project/5_genome_annotation/Prokka/E745_spades/E745_spades:tig00000001_624 (length 230)
/home/yuch3531/genome_analysis_project/5_genome_annotation/Prokka/E745_spades/E745_spades:tig00000001_625 (length 207)
/home/yuch3531/genome_analysis_project/5_genome_annotation/Prokka/E745_spades/E745_spades:tig00000001_626 (length 240)
/home/yuch3531/genome_analysis_project/5_genome_annotation/Prokka/E745_spades/E745_spades:tig00000001_627 (length 245)
/home/yuch3531/genome_analysis_project/5_genome_annotation/Prokka/E745_spades/E745_spades:tig00000001_628 (length 330)
/home/yuch3531/genome_analysis_project/5_genome_annotation/Prokka/E745_spades/E745_spades:tig00000001_629 (length 247)
/home/yuch3531/genome_analysis_project/5_genome_annotation/Prokka/E745_spades/E745_spades:tig00000001_630 (length 440)
/home/yuch3531/genome_analysis_project/5_genome_annotation/Prokka/E745_spades/E745_spades:tig00000001_631 (length 102)
/home/yuch3531/genome_analysis_project/5_genome_annotation/Prokka/E745_spades/E745_spades:tig00000001_632 (length 230)
/home/yuch3531/genome_analysis_project/5_genome_annotation/Prokka/E745_spades/E745_spades:tig00000001_633 (length 512)
/home/yuch3531/genome_analysis_project/5_genome_annotation/Prokka/E745_spades/E745_spades:tig00000001_634 (length 95)
/home/yuch3531/genome_analysis_project/5_genome_annotation/Prokka/E745_spades/E745_spades:tig00000001_635 (length 222)
/home/yuch3531/genome_analysis_project/5_genome_annotation/Prokka/E745_spades/E745_spades:tig00000001_636 (length 246)
/home/yuch3531/genome_analysis_project/5_genome_annotation/Prokka/E745_spades/E745_spades:tig00000001_637 (length 315)
/home/yuch3531/genome_analysis_project/5_genome_annotation/Prokka/E745_spades/E745_spades:tig00000001_638 (length 254)
/home/yuch3531/genome_analysis_project/5_genome_annotation/Prokka/E745_spades/E745_spades:tig00000001_639 (length 129)
/home/yuch3531/genome_analysis_project/5_genome_annotation/Prokka/E745_spades/E745_spades:tig00000001_640 (length 180)
/home/yuch3531/genome_analysis_project/5_genome_annotation/Prokka/E745_spades/E745_spades:tig00000001_641 (length 204)
/home/yuch3531/genome_analysis_project/5_genome_annotation/Prokka/E745_spades/E745_spades:tig00000001_642 (length 297)
/home/yuch3531/genome_analysis_project/5_genome_annotation/Prokka/E745_spades/E745_spades:tig00000001_643 (length 308)
/home/yuch3531/genome_analysis_project/5_genome_annotation/Prokka/E745_spades/E745_spades:tig00000001_644 (length 253)
/home/yuch3531/genome_analysis_project/5_genome_annotation/Prokka/E745_spades/E745_spades:tig00000001_645 (length 743)
/home/yuch3531/genome_analysis_project/5_genome_annotation/Prokka/E745_spades/E745_spades:tig00000001_646 (length 816)
/home/yuch3531/genome_analysis_project/5_genome_annotation/Prokka/E745_spades/E745_spades:tig00000001_647 (length 681)
/home/yuch3531/genome_analysis_project/5_genome_annotation/Prokka/E745_spades/E745_spades:tig00000001_648 (length 144)
/home/yuch3531/genome_analysis_project/5_genome_annotation/Prokka/E745_spades/E745_spades:tig00000001_649 (length 212)
/home/yuch3531/genome_analysis_project/5_genome_annotation/Prokka/E745_spades/E745_spades:tig00000001_650 (length 291)
/home/yuch3531/genome_analysis_project/5_genome_annotation/Prokka/E745_spades/E745_spades:tig00000001_651 (length 263)
/home/yuch3531/genome_analysis_project/5_genome_annotation/Prokka/E745_spades/E745_spades:tig00000001_652 (length 466)
/home/yuch3531/genome_analysis_project/5_genome_annotation/Prokka/E745_spades/E745_spades:tig00000001_653 (length 182)
/home/yuch3531/genome_analysis_project/5_genome_annotation/Prokka/E745_spades/E745_spades:tig00000001_654 (length 301)
/home/yuch3531/genome_analysis_project/5_genome_annotation/Prokka/E745_spades/E745_spades:tig00000001_655 (length 441)
/home/yuch3531/genome_analysis_project/5_genome_annotation/Prokka/E745_spades/E745_spades:tig00000001_656 (length 692)
/home/yuch3531/genome_analysis_project/5_genome_annotation/Prokka/E745_spades/E745_spades:tig00000001_657 (length 285)
/home/yuch3531/genome_analysis_project/5_genome_annotation/Prokka/E745_spades/E745_spades:tig00000001_658 (length 255)
/home/yuch3531/genome_analysis_project/5_genome_annotation/Prokka/E745_spades/E745_spades:tig00000001_659 (length 286)
/home/yuch3531/genome_analysis_project/5_genome_annotation/Prokka/E745_spades/E745_spades:tig00000001_660 (length 132)
/home/yuch3531/genome_analysis_project/5_genome_annotation/Prokka/E745_spades/E745_spades:tig00000001_661 (length 180)
/home/yuch3531/genome_analysis_project/5_genome_annotation/Prokka/E745_spades/E745_spades:tig00000001_662 (length 183)
/home/yuch3531/genome_analysis_project/5_genome_annotation/Prokka/E745_spades/E745_spades:tig00000001_663 (length 75)
/home/yuch3531/genome_analysis_project/5_genome_annotation/Prokka/E745_spades/E745_spades:tig00000001_664 (length 172)
/home/yuch3531/genome_analysis_project/5_genome_annotation/Prokka/E745_spades/E745_spades:tig00000001_665 (length 237)
/home/yuch3531/genome_analysis_project/5_genome_annotation/Prokka/E745_spades/E745_spades:tig00000001_666 (length 298)
/home/yuch3531/genome_analysis_project/5_genome_annotation/Prokka/E745_spades/E745_spades:tig00000001_667 (length 280)
/home/yuch3531/genome_analysis_project/5_genome_annotation/Prokka/E745_spades/E745_spades:tig00000001_668 (length 217)
/home/yuch3531/genome_analysis_project/5_genome_annotation/Prokka/E745_spades/E745_spades:tig00000001_669 (length 175)
/home/yuch3531/genome_analysis_project/5_genome_annotation/Prokka/E745_spades/E745_spades:tig00000001_670 (length 315)
/home/yuch3531/genome_analysis_project/5_genome_annotation/Prokka/E745_spades/E745_spades:tig00000001_671 (length 628)
/home/yuch3531/genome_analysis_project/5_genome_annotation/Prokka/E745_spades/E745_spades:tig00000001_672 (length 692)
/home/yuch3531/genome_analysis_project/5_genome_annotation/Prokka/E745_spades/E745_spades:tig00000001_673 (length 91)
/home/yuch3531/genome_analysis_project/5_genome_annotation/Prokka/E745_spades/E745_spades:tig00000001_674 (length 151)
/home/yuch3531/genome_analysis_project/5_genome_annotation/Prokka/E745_spades/E745_spades:tig00000001_675 (length 402)
/home/yuch3531/genome_analysis_project/5_genome_annotation/Prokka/E745_spades/E745_spades:tig00000001_676 (length 110)
/home/yuch3531/genome_analysis_project/5_genome_annotation/Prokka/E745_spades/E745_spades:tig00000001_677 (length 291)
/home/yuch3531/genome_analysis_project/5_genome_annotation/Prokka/E745_spades/E745_spades:tig00000001_678 (length 193)
/home/yuch3531/genome_analysis_project/5_genome_annotation/Prokka/E745_spades/E745_spades:tig00000001_679 (length 419)
/home/yuch3531/genome_analysis_project/5_genome_annotation/Prokka/E745_spades/E745_spades:tig00000001_680 (length 348)
/home/yuch3531/genome_analysis_project/5_genome_annotation/Prokka/E745_spades/E745_spades:tig00000001_681 (length 91)
/home/yuch3531/genome_analysis_project/5_genome_annotation/Prokka/E745_spades/E745_spades:tig00000001_682 (length 436)
/home/yuch3531/genome_analysis_project/5_genome_annotation/Prokka/E745_spades/E745_spades:tig00000001_683 (length 409)
/home/yuch3531/genome_analysis_project/5_genome_annotation/Prokka/E745_spades/E745_spades:tig00000001_684 (length 226)
/home/yuch3531/genome_analysis_project/5_genome_annotation/Prokka/E745_spades/E745_spades:tig00000001_685 (length 211)
/home/yuch3531/genome_analysis_project/5_genome_annotation/Prokka/E745_spades/E745_spades:tig00000001_686 (length 467)
/home/yuch3531/genome_analysis_project/5_genome_annotation/Prokka/E745_spades/E745_spades:tig00000001_687 (length 343)
/home/yuch3531/genome_analysis_project/5_genome_annotation/Prokka/E745_spades/E745_spades:tig00000001_688 (length 73)
/home/yuch3531/genome_analysis_project/5_genome_annotation/Prokka/E745_spades/E745_spades:tig00000001_689 (length 245)
/home/yuch3531/genome_analysis_project/5_genome_annotation/Prokka/E745_spades/E745_spades:tig00000001_690 (length 446)
/home/yuch3531/genome_analysis_project/5_genome_annotation/Prokka/E745_spades/E745_spades:tig00000001_691 (length 507)
/home/yuch3531/genome_analysis_project/5_genome_annotation/Prokka/E745_spades/E745_spades:tig00000001_692 (length 203)
/home/yuch3531/genome_analysis_project/5_genome_annotation/Prokka/E745_spades/E745_spades:tig00000001_693 (length 238)
/home/yuch3531/genome_analysis_project/5_genome_annotation/Prokka/E745_spades/E745_spades:tig00000001_694 (length 189)
/home/yuch3531/genome_analysis_project/5_genome_annotation/Prokka/E745_spades/E745_spades:tig00000001_695 (length 265)
/home/yuch3531/genome_analysis_project/5_genome_annotation/Prokka/E745_spades/E745_spades:tig00000001_696 (length 123)
/home/yuch3531/genome_analysis_project/5_genome_annotation/Prokka/E745_spades/E745_spades:tig00000001_697 (length 295)
/home/yuch3531/genome_analysis_project/5_genome_annotation/Prokka/E745_spades/E745_spades:tig00000001_698 (length 56)
/home/yuch3531/genome_analysis_project/5_genome_annotation/Prokka/E745_spades/E745_spades:tig00000001_699 (length 155)
/home/yuch3531/genome_analysis_project/5_genome_annotation/Prokka/E745_spades/E745_spades:tig00000001_700 (length 287)
/home/yuch3531/genome_analysis_project/5_genome_annotation/Prokka/E745_spades/E745_spades:tig00000001_701 (length 700)
/home/yuch3531/genome_analysis_project/5_genome_annotation/Prokka/E745_spades/E745_spades:tig00000001_702 (length 431)
/home/yuch3531/genome_analysis_project/5_genome_annotation/Prokka/E745_spades/E745_spades:tig00000001_703 (length 369)
/home/yuch3531/genome_analysis_project/5_genome_annotation/Prokka/E745_spades/E745_spades:tig00000001_704 (length 613)
/home/yuch3531/genome_analysis_project/5_genome_annotation/Prokka/E745_spades/E745_spades:tig00000001_705 (length 771)
/home/yuch3531/genome_analysis_project/5_genome_annotation/Prokka/E745_spades/E745_spades:tig00000001_706 (length 286)
/home/yuch3531/genome_analysis_project/5_genome_annotation/Prokka/E745_spades/E745_spades:tig00000001_707 (length 113)
/home/yuch3531/genome_analysis_project/5_genome_annotation/Prokka/E745_spades/E745_spades:tig00000001_708 (length 239)
/home/yuch3531/genome_analysis_project/5_genome_annotation/Prokka/E745_spades/E745_spades:tig00000001_709 (length 863)
/home/yuch3531/genome_analysis_project/5_genome_annotation/Prokka/E745_spades/E745_spades:tig00000001_710 (length 395)
/home/yuch3531/genome_analysis_project/5_genome_annotation/Prokka/E745_spades/E745_spades:tig00000001_711 (length 118)
/home/yuch3531/genome_analysis_project/5_genome_annotation/Prokka/E745_spades/E745_spades:tig00000001_712 (length 334)
/home/yuch3531/genome_analysis_project/5_genome_annotation/Prokka/E745_spades/E745_spades:tig00000001_713 (length 283)
/home/yuch3531/genome_analysis_project/5_genome_annotation/Prokka/E745_spades/E745_spades:tig00000001_714 (length 81)
/home/yuch3531/genome_analysis_project/5_genome_annotation/Prokka/E745_spades/E745_spades:tig00000001_715 (length 234)
/home/yuch3531/genome_analysis_project/5_genome_annotation/Prokka/E745_spades/E745_spades:tig00000001_716 (length 420)
/home/yuch3531/genome_analysis_project/5_genome_annotation/Prokka/E745_spades/E745_spades:tig00000001_717 (length 406)
/home/yuch3531/genome_analysis_project/5_genome_annotation/Prokka/E745_spades/E745_spades:tig00000001_718 (length 384)
/home/yuch3531/genome_analysis_project/5_genome_annotation/Prokka/E745_spades/E745_spades:tig00000001_719 (length 250)
/home/yuch3531/genome_analysis_project/5_genome_annotation/Prokka/E745_spades/E745_spades:tig00000001_720 (length 888)
/home/yuch3531/genome_analysis_project/5_genome_annotation/Prokka/E745_spades/E745_spades:tig00000001_721 (length 483)
/home/yuch3531/genome_analysis_project/5_genome_annotation/Prokka/E745_spades/E745_spades:tig00000001_722 (length 271)
/home/yuch3531/genome_analysis_project/5_genome_annotation/Prokka/E745_spades/E745_spades:tig00000001_723 (length 91)
/home/yuch3531/genome_analysis_project/5_genome_annotation/Prokka/E745_spades/E745_spades:tig00000001_724 (length 151)
/home/yuch3531/genome_analysis_project/5_genome_annotation/Prokka/E745_spades/E745_spades:tig00000001_725 (length 249)
/home/yuch3531/genome_analysis_project/5_genome_annotation/Prokka/E745_spades/E745_spades:tig00000001_726 (length 108)
/home/yuch3531/genome_analysis_project/5_genome_annotation/Prokka/E745_spades/E745_spades:tig00000001_727 (length 146)
/home/yuch3531/genome_analysis_project/5_genome_annotation/Prokka/E745_spades/E745_spades:tig00000001_728 (length 465)
/home/yuch3531/genome_analysis_project/5_genome_annotation/Prokka/E745_spades/E745_spades:tig00000001_729 (length 423)
/home/yuch3531/genome_analysis_project/5_genome_annotation/Prokka/E745_spades/E745_spades:tig00000001_730 (length 239)
/home/yuch3531/genome_analysis_project/5_genome_annotation/Prokka/E745_spades/E745_spades:tig00000001_731 (length 324)
/home/yuch3531/genome_analysis_project/5_genome_annotation/Prokka/E745_spades/E745_spades:tig00000001_732 (length 201)
/home/yuch3531/genome_analysis_project/5_genome_annotation/Prokka/E745_spades/E745_spades:tig00000001_733 (length 250)
/home/yuch3531/genome_analysis_project/5_genome_annotation/Prokka/E745_spades/E745_spades:tig00000001_734 (length 86)
/home/yuch3531/genome_analysis_project/5_genome_annotation/Prokka/E745_spades/E745_spades:tig00000001_735 (length 453)
/home/yuch3531/genome_analysis_project/5_genome_annotation/Prokka/E745_spades/E745_spades:tig00000001_736 (length 99)
/home/yuch3531/genome_analysis_project/5_genome_annotation/Prokka/E745_spades/E745_spades:tig00000001_737 (length 152)
/home/yuch3531/genome_analysis_project/5_genome_annotation/Prokka/E745_spades/E745_spades:tig00000001_738 (length 263)
/home/yuch3531/genome_analysis_project/5_genome_annotation/Prokka/E745_spades/E745_spades:tig00000001_739 (length 317)
/home/yuch3531/genome_analysis_project/5_genome_annotation/Prokka/E745_spades/E745_spades:tig00000001_740 (length 324)
/home/yuch3531/genome_analysis_project/5_genome_annotation/Prokka/E745_spades/E745_spades:tig00000001_741 (length 144)
/home/yuch3531/genome_analysis_project/5_genome_annotation/Prokka/E745_spades/E745_spades:tig00000001_742 (length 340)
/home/yuch3531/genome_analysis_project/5_genome_annotation/Prokka/E745_spades/E745_spades:tig00000001_743 (length 140)
/home/yuch3531/genome_analysis_project/5_genome_annotation/Prokka/E745_spades/E745_spades:tig00000001_744 (length 640)
/home/yuch3531/genome_analysis_project/5_genome_annotation/Prokka/E745_spades/E745_spades:tig00000001_745 (length 306)
/home/yuch3531/genome_analysis_project/5_genome_annotation/Prokka/E745_spades/E745_spades:tig00000001_746 (length 323)
/home/yuch3531/genome_analysis_project/5_genome_annotation/Prokka/E745_spades/E745_spades:tig00000001_747 (length 246)
/home/yuch3531/genome_analysis_project/5_genome_annotation/Prokka/E745_spades/E745_spades:tig00000001_748 (length 363)
/home/yuch3531/genome_analysis_project/5_genome_annotation/Prokka/E745_spades/E745_spades:tig00000001_749 (length 368)
/home/yuch3531/genome_analysis_project/5_genome_annotation/Prokka/E745_spades/E745_spades:tig00000001_750 (length 225)
/home/yuch3531/genome_analysis_project/5_genome_annotation/Prokka/E745_spades/E745_spades:tig00000001_751 (length 259)
/home/yuch3531/genome_analysis_project/5_genome_annotation/Prokka/E745_spades/E745_spades:tig00000001_752 (length 116)
/home/yuch3531/genome_analysis_project/5_genome_annotation/Prokka/E745_spades/E745_spades:tig00000001_753 (length 118)
/home/yuch3531/genome_analysis_project/5_genome_annotation/Prokka/E745_spades/E745_spades:tig00000001_754 (length 416)
/home/yuch3531/genome_analysis_project/5_genome_annotation/Prokka/E745_spades/E745_spades:tig00000001_755 (length 110)
/home/yuch3531/genome_analysis_project/5_genome_annotation/Prokka/E745_spades/E745_spades:tig00000001_756 (length 620)
/home/yuch3531/genome_analysis_project/5_genome_annotation/Prokka/E745_spades/E745_spades:tig00000001_757 (length 317)
/home/yuch3531/genome_analysis_project/5_genome_annotation/Prokka/E745_spades/E745_spades:tig00000001_758 (length 64)
/home/yuch3531/genome_analysis_project/5_genome_annotation/Prokka/E745_spades/E745_spades:tig00000001_759 (length 99)
/home/yuch3531/genome_analysis_project/5_genome_annotation/Prokka/E745_spades/E745_spades:tig00000001_760 (length 144)
/home/yuch3531/genome_analysis_project/5_genome_annotation/Prokka/E745_spades/E745_spades:tig00000001_761 (length 236)
/home/yuch3531/genome_analysis_project/5_genome_annotation/Prokka/E745_spades/E745_spades:tig00000001_762 (length 286)
/home/yuch3531/genome_analysis_project/5_genome_annotation/Prokka/E745_spades/E745_spades:tig00000001_763 (length 212)
/home/yuch3531/genome_analysis_project/5_genome_annotation/Prokka/E745_spades/E745_spades:tig00000001_764 (length 99)
/home/yuch3531/genome_analysis_project/5_genome_annotation/Prokka/E745_spades/E745_spades:tig00000001_765 (length 494)
/home/yuch3531/genome_analysis_project/5_genome_annotation/Prokka/E745_spades/E745_spades:tig00000001_766 (length 153)
/home/yuch3531/genome_analysis_project/5_genome_annotation/Prokka/E745_spades/E745_spades:tig00000001_767 (length 355)
/home/yuch3531/genome_analysis_project/5_genome_annotation/Prokka/E745_spades/E745_spades:tig00000001_768 (length 256)
/home/yuch3531/genome_analysis_project/5_genome_annotation/Prokka/E745_spades/E745_spades:tig00000001_769 (length 275)
/home/yuch3531/genome_analysis_project/5_genome_annotation/Prokka/E745_spades/E745_spades:tig00000001_770 (length 411)
/home/yuch3531/genome_analysis_project/5_genome_annotation/Prokka/E745_spades/E745_spades:tig00000001_771 (length 86)
/home/yuch3531/genome_analysis_project/5_genome_annotation/Prokka/E745_spades/E745_spades:tig00000001_772 (length 433)
/home/yuch3531/genome_analysis_project/5_genome_annotation/Prokka/E745_spades/E745_spades:tig00000001_773 (length 152)
/home/yuch3531/genome_analysis_project/5_genome_annotation/Prokka/E745_spades/E745_spades:tig00000001_774 (length 442)
/home/yuch3531/genome_analysis_project/5_genome_annotation/Prokka/E745_spades/E745_spades:tig00000001_775 (length 470)
/home/yuch3531/genome_analysis_project/5_genome_annotation/Prokka/E745_spades/E745_spades:tig00000001_776 (length 254)
/home/yuch3531/genome_analysis_project/5_genome_annotation/Prokka/E745_spades/E745_spades:tig00000001_777 (length 291)
/home/yuch3531/genome_analysis_project/5_genome_annotation/Prokka/E745_spades/E745_spades:tig00000001_778 (length 501)
/home/yuch3531/genome_analysis_project/5_genome_annotation/Prokka/E745_spades/E745_spades:tig00000001_779 (length 228)
/home/yuch3531/genome_analysis_project/5_genome_annotation/Prokka/E745_spades/E745_spades:tig00000001_780 (length 473)
/home/yuch3531/genome_analysis_project/5_genome_annotation/Prokka/E745_spades/E745_spades:tig00000001_781 (length 59)
/home/yuch3531/genome_analysis_project/5_genome_annotation/Prokka/E745_spades/E745_spades:tig00000001_782 (length 189)
/home/yuch3531/genome_analysis_project/5_genome_annotation/Prokka/E745_spades/E745_spades:tig00000001_783 (length 300)
/home/yuch3531/genome_analysis_project/5_genome_annotation/Prokka/E745_spades/E745_spades:tig00000001_784 (length 594)
/home/yuch3531/genome_analysis_project/5_genome_annotation/Prokka/E745_spades/E745_spades:tig00000001_785 (length 320)
/home/yuch3531/genome_analysis_project/5_genome_annotation/Prokka/E745_spades/E745_spades:tig00000001_786 (length 1104)
/home/yuch3531/genome_analysis_project/5_genome_annotation/Prokka/E745_spades/E745_spades:tig00000001_787 (length 61)
/home/yuch3531/genome_analysis_project/5_genome_annotation/Prokka/E745_spades/E745_spades:tig00000001_788 (length 398)
/home/yuch3531/genome_analysis_project/5_genome_annotation/Prokka/E745_spades/E745_spades:tig00000001_789 (length 431)
/home/yuch3531/genome_analysis_project/5_genome_annotation/Prokka/E745_spades/E745_spades:tig00000001_790 (length 514)
/home/yuch3531/genome_analysis_project/5_genome_annotation/Prokka/E745_spades/E745_spades:tig00000001_791 (length 269)
/home/yuch3531/genome_analysis_project/5_genome_annotation/Prokka/E745_spades/E745_spades:tig00000001_792 (length 431)
/home/yuch3531/genome_analysis_project/5_genome_annotation/Prokka/E745_spades/E745_spades:tig00000001_793 (length 717)
/home/yuch3531/genome_analysis_project/5_genome_annotation/Prokka/E745_spades/E745_spades:tig00000001_794 (length 282)
/home/yuch3531/genome_analysis_project/5_genome_annotation/Prokka/E745_spades/E745_spades:tig00000001_795 (length 646)
/home/yuch3531/genome_analysis_project/5_genome_annotation/Prokka/E745_spades/E745_spades:tig00000001_796 (length 59)
/home/yuch3531/genome_analysis_project/5_genome_annotation/Prokka/E745_spades/E745_spades:tig00000001_797 (length 607)
/home/yuch3531/genome_analysis_project/5_genome_annotation/Prokka/E745_spades/E745_spades:tig00000001_798 (length 759)
/home/yuch3531/genome_analysis_project/5_genome_annotation/Prokka/E745_spades/E745_spades:tig00000001_799 (length 215)
/home/yuch3531/genome_analysis_project/5_genome_annotation/Prokka/E745_spades/E745_spades:tig00000001_800 (length 329)
/home/yuch3531/genome_analysis_project/5_genome_annotation/Prokka/E745_spades/E745_spades:tig00000001_801 (length 239)
/home/yuch3531/genome_analysis_project/5_genome_annotation/Prokka/E745_spades/E745_spades:tig00000001_802 (length 383)
/home/yuch3531/genome_analysis_project/5_genome_annotation/Prokka/E745_spades/E745_spades:tig00000001_803 (length 246)
/home/yuch3531/genome_analysis_project/5_genome_annotation/Prokka/E745_spades/E745_spades:tig00000001_804 (length 86)
/home/yuch3531/genome_analysis_project/5_genome_annotation/Prokka/E745_spades/E745_spades:tig00000001_805 (length 197)
/home/yuch3531/genome_analysis_project/5_genome_annotation/Prokka/E745_spades/E745_spades:tig00000001_806 (length 216)
/home/yuch3531/genome_analysis_project/5_genome_annotation/Prokka/E745_spades/E745_spades:tig00000001_807 (length 103)
/home/yuch3531/genome_analysis_project/5_genome_annotation/Prokka/E745_spades/E745_spades:tig00000001_808 (length 369)
/home/yuch3531/genome_analysis_project/5_genome_annotation/Prokka/E745_spades/E745_spades:tig00000001_809 (length 175)
/home/yuch3531/genome_analysis_project/5_genome_annotation/Prokka/E745_spades/E745_spades:tig00000001_810 (length 261)
/home/yuch3531/genome_analysis_project/5_genome_annotation/Prokka/E745_spades/E745_spades:tig00000001_811 (length 289)
/home/yuch3531/genome_analysis_project/5_genome_annotation/Prokka/E745_spades/E745_spades:tig00000001_812 (length 459)
/home/yuch3531/genome_analysis_project/5_genome_annotation/Prokka/E745_spades/E745_spades:tig00000001_813 (length 139)
/home/yuch3531/genome_analysis_project/5_genome_annotation/Prokka/E745_spades/E745_spades:tig00000001_814 (length 158)
/home/yuch3531/genome_analysis_project/5_genome_annotation/Prokka/E745_spades/E745_spades:tig00000001_815 (length 411)
/home/yuch3531/genome_analysis_project/5_genome_annotation/Prokka/E745_spades/E745_spades:tig00000001_816 (length 245)
/home/yuch3531/genome_analysis_project/5_genome_annotation/Prokka/E745_spades/E745_spades:tig00000001_817 (length 305)
/home/yuch3531/genome_analysis_project/5_genome_annotation/Prokka/E745_spades/E745_spades:tig00000001_818 (length 74)
/home/yuch3531/genome_analysis_project/5_genome_annotation/Prokka/E745_spades/E745_spades:tig00000001_819 (length 320)
/home/yuch3531/genome_analysis_project/5_genome_annotation/Prokka/E745_spades/E745_spades:tig00000001_820 (length 146)
/home/yuch3531/genome_analysis_project/5_genome_annotation/Prokka/E745_spades/E745_spades:tig00000001_821 (length 321)
/home/yuch3531/genome_analysis_project/5_genome_annotation/Prokka/E745_spades/E745_spades:tig00000001_822 (length 76)
/home/yuch3531/genome_analysis_project/5_genome_annotation/Prokka/E745_spades/E745_spades:tig00000001_823 (length 295)
/home/yuch3531/genome_analysis_project/5_genome_annotation/Prokka/E745_spades/E745_spades:tig00000001_824 (length 407)
/home/yuch3531/genome_analysis_project/5_genome_annotation/Prokka/E745_spades/E745_spades:tig00000001_825 (length 247)
/home/yuch3531/genome_analysis_project/5_genome_annotation/Prokka/E745_spades/E745_spades:tig00000001_826 (length 94)
/home/yuch3531/genome_analysis_project/5_genome_annotation/Prokka/E745_spades/E745_spades:tig00000001_827 (length 575)
/home/yuch3531/genome_analysis_project/5_genome_annotation/Prokka/E745_spades/E745_spades:tig00000001_828 (length 88)
/home/yuch3531/genome_analysis_project/5_genome_annotation/Prokka/E745_spades/E745_spades:tig00000001_829 (length 744)
/home/yuch3531/genome_analysis_project/5_genome_annotation/Prokka/E745_spades/E745_spades:tig00000001_830 (length 106)
/home/yuch3531/genome_analysis_project/5_genome_annotation/Prokka/E745_spades/E745_spades:tig00000001_831 (length 74)
/home/yuch3531/genome_analysis_project/5_genome_annotation/Prokka/E745_spades/E745_spades:tig00000001_832 (length 526)
/home/yuch3531/genome_analysis_project/5_genome_annotation/Prokka/E745_spades/E745_spades:tig00000001_833 (length 458)
/home/yuch3531/genome_analysis_project/5_genome_annotation/Prokka/E745_spades/E745_spades:tig00000001_834 (length 372)
/home/yuch3531/genome_analysis_project/5_genome_annotation/Prokka/E745_spades/E745_spades:tig00000001_835 (length 144)
/home/yuch3531/genome_analysis_project/5_genome_annotation/Prokka/E745_spades/E745_spades:tig00000001_836 (length 177)
/home/yuch3531/genome_analysis_project/5_genome_annotation/Prokka/E745_spades/E745_spades:tig00000001_837 (length 392)
/home/yuch3531/genome_analysis_project/5_genome_annotation/Prokka/E745_spades/E745_spades:tig00000001_838 (length 236)
/home/yuch3531/genome_analysis_project/5_genome_annotation/Prokka/E745_spades/E745_spades:tig00000001_839 (length 460)
/home/yuch3531/genome_analysis_project/5_genome_annotation/Prokka/E745_spades/E745_spades:tig00000001_840 (length 192)
/home/yuch3531/genome_analysis_project/5_genome_annotation/Prokka/E745_spades/E745_spades:tig00000001_841 (length 156)
/home/yuch3531/genome_analysis_project/5_genome_annotation/Prokka/E745_spades/E745_spades:tig00000001_842 (length 408)
/home/yuch3531/genome_analysis_project/5_genome_annotation/Prokka/E745_spades/E745_spades:tig00000001_843 (length 66)
/home/yuch3531/genome_analysis_project/5_genome_annotation/Prokka/E745_spades/E745_spades:tig00000001_844 (length 202)
/home/yuch3531/genome_analysis_project/5_genome_annotation/Prokka/E745_spades/E745_spades:tig00000001_845 (length 156)
/home/yuch3531/genome_analysis_project/5_genome_annotation/Prokka/E745_spades/E745_spades:tig00000001_846 (length 299)
/home/yuch3531/genome_analysis_project/5_genome_annotation/Prokka/E745_spades/E745_spades:tig00000001_847 (length 267)
/home/yuch3531/genome_analysis_project/5_genome_annotation/Prokka/E745_spades/E745_spades:tig00000001_848 (length 315)
/home/yuch3531/genome_analysis_project/5_genome_annotation/Prokka/E745_spades/E745_spades:tig00000001_849 (length 515)
/home/yuch3531/genome_analysis_project/5_genome_annotation/Prokka/E745_spades/E745_spades:tig00000001_850 (length 117)
/home/yuch3531/genome_analysis_project/5_genome_annotation/Prokka/E745_spades/E745_spades:tig00000001_851 (length 64)
/home/yuch3531/genome_analysis_project/5_genome_annotation/Prokka/E745_spades/E745_spades:tig00000001_852 (length 97)
/home/yuch3531/genome_analysis_project/5_genome_annotation/Prokka/E745_spades/E745_spades:tig00000001_853 (length 180)
/home/yuch3531/genome_analysis_project/5_genome_annotation/Prokka/E745_spades/E745_spades:tig00000001_854 (length 210)
/home/yuch3531/genome_analysis_project/5_genome_annotation/Prokka/E745_spades/E745_spades:tig00000001_855 (length 355)
/home/yuch3531/genome_analysis_project/5_genome_annotation/Prokka/E745_spades/E745_spades:tig00000001_856 (length 243)
/home/yuch3531/genome_analysis_project/5_genome_annotation/Prokka/E745_spades/E745_spades:tig00000001_857 (length 159)
/home/yuch3531/genome_analysis_project/5_genome_annotation/Prokka/E745_spades/E745_spades:tig00000001_858 (length 391)
/home/yuch3531/genome_analysis_project/5_genome_annotation/Prokka/E745_spades/E745_spades:tig00000001_859 (length 386)
/home/yuch3531/genome_analysis_project/5_genome_annotation/Prokka/E745_spades/E745_spades:tig00000001_860 (length 481)
/home/yuch3531/genome_analysis_project/5_genome_annotation/Prokka/E745_spades/E745_spades:tig00000001_861 (length 315)
/home/yuch3531/genome_analysis_project/5_genome_annotation/Prokka/E745_spades/E745_spades:tig00000001_862 (length 471)
/home/yuch3531/genome_analysis_project/5_genome_annotation/Prokka/E745_spades/E745_spades:tig00000001_863 (length 382)
/home/yuch3531/genome_analysis_project/5_genome_annotation/Prokka/E745_spades/E745_spades:tig00000001_864 (length 511)
/home/yuch3531/genome_analysis_project/5_genome_annotation/Prokka/E745_spades/E745_spades:tig00000001_865 (length 227)
/home/yuch3531/genome_analysis_project/5_genome_annotation/Prokka/E745_spades/E745_spades:tig00000001_866 (length 68)
/home/yuch3531/genome_analysis_project/5_genome_annotation/Prokka/E745_spades/E745_spades:tig00000001_867 (length 335)
/home/yuch3531/genome_analysis_project/5_genome_annotation/Prokka/E745_spades/E745_spades:tig00000001_868 (length 355)
/home/yuch3531/genome_analysis_project/5_genome_annotation/Prokka/E745_spades/E745_spades:tig00000001_869 (length 233)
/home/yuch3531/genome_analysis_project/5_genome_annotation/Prokka/E745_spades/E745_spades:tig00000001_870 (length 129)
/home/yuch3531/genome_analysis_project/5_genome_annotation/Prokka/E745_spades/E745_spades:tig00000001_871 (length 113)
/home/yuch3531/genome_analysis_project/5_genome_annotation/Prokka/E745_spades/E745_spades:tig00000001_872 (length 180)
/home/yuch3531/genome_analysis_project/5_genome_annotation/Prokka/E745_spades/E745_spades:tig00000001_873 (length 79)
/home/yuch3531/genome_analysis_project/5_genome_annotation/Prokka/E745_spades/E745_spades:tig00000001_874 (length 463)
/home/yuch3531/genome_analysis_project/5_genome_annotation/Prokka/E745_spades/E745_spades:tig00000001_875 (length 319)
/home/yuch3531/genome_analysis_project/5_genome_annotation/Prokka/E745_spades/E745_spades:tig00000001_876 (length 712)
/home/yuch3531/genome_analysis_project/5_genome_annotation/Prokka/E745_spades/E745_spades:tig00000001_877 (length 528)
/home/yuch3531/genome_analysis_project/5_genome_annotation/Prokka/E745_spades/E745_spades:tig00000001_878 (length 406)
/home/yuch3531/genome_analysis_project/5_genome_annotation/Prokka/E745_spades/E745_spades:tig00000001_879 (length 268)
/home/yuch3531/genome_analysis_project/5_genome_annotation/Prokka/E745_spades/E745_spades:tig00000001_880 (length 426)
/home/yuch3531/genome_analysis_project/5_genome_annotation/Prokka/E745_spades/E745_spades:tig00000001_881 (length 677)
/home/yuch3531/genome_analysis_project/5_genome_annotation/Prokka/E745_spades/E745_spades:tig00000001_882 (length 283)
/home/yuch3531/genome_analysis_project/5_genome_annotation/Prokka/E745_spades/E745_spades:tig00000001_883 (length 342)
/home/yuch3531/genome_analysis_project/5_genome_annotation/Prokka/E745_spades/E745_spades:tig00000001_884 (length 190)
/home/yuch3531/genome_analysis_project/5_genome_annotation/Prokka/E745_spades/E745_spades:tig00000001_885 (length 288)
/home/yuch3531/genome_analysis_project/5_genome_annotation/Prokka/E745_spades/E745_spades:tig00000001_886 (length 235)
/home/yuch3531/genome_analysis_project/5_genome_annotation/Prokka/E745_spades/E745_spades:tig00000001_887 (length 275)
/home/yuch3531/genome_analysis_project/5_genome_annotation/Prokka/E745_spades/E745_spades:tig00000001_888 (length 266)
/home/yuch3531/genome_analysis_project/5_genome_annotation/Prokka/E745_spades/E745_spades:tig00000001_889 (length 379)
/home/yuch3531/genome_analysis_project/5_genome_annotation/Prokka/E745_spades/E745_spades:tig00000001_890 (length 307)
/home/yuch3531/genome_analysis_project/5_genome_annotation/Prokka/E745_spades/E745_spades:tig00000001_891 (length 254)
/home/yuch3531/genome_analysis_project/5_genome_annotation/Prokka/E745_spades/E745_spades:tig00000001_892 (length 146)
/home/yuch3531/genome_analysis_project/5_genome_annotation/Prokka/E745_spades/E745_spades:tig00000001_893 (length 189)
/home/yuch3531/genome_analysis_project/5_genome_annotation/Prokka/E745_spades/E745_spades:tig00000001_894 (length 410)
/home/yuch3531/genome_analysis_project/5_genome_annotation/Prokka/E745_spades/E745_spades:tig00000001_895 (length 59)
/home/yuch3531/genome_analysis_project/5_genome_annotation/Prokka/E745_spades/E745_spades:tig00000001_896 (length 123)
/home/yuch3531/genome_analysis_project/5_genome_annotation/Prokka/E745_spades/E745_spades:tig00000001_897 (length 133)
/home/yuch3531/genome_analysis_project/5_genome_annotation/Prokka/E745_spades/E745_spades:tig00000001_898 (length 135)
/home/yuch3531/genome_analysis_project/5_genome_annotation/Prokka/E745_spades/E745_spades:tig00000001_899 (length 164)
/home/yuch3531/genome_analysis_project/5_genome_annotation/Prokka/E745_spades/E745_spades:tig00000001_900 (length 278)
/home/yuch3531/genome_analysis_project/5_genome_annotation/Prokka/E745_spades/E745_spades:tig00000001_901 (length 96)
/home/yuch3531/genome_analysis_project/5_genome_annotation/Prokka/E745_spades/E745_spades:tig00000001_902 (length 341)
/home/yuch3531/genome_analysis_project/5_genome_annotation/Prokka/E745_spades/E745_spades:tig00000001_903 (length 74)
/home/yuch3531/genome_analysis_project/5_genome_annotation/Prokka/E745_spades/E745_spades:tig00000001_904 (length 97)
/home/yuch3531/genome_analysis_project/5_genome_annotation/Prokka/E745_spades/E745_spades:tig00000001_905 (length 45)
/home/yuch3531/genome_analysis_project/5_genome_annotation/Prokka/E745_spades/E745_spades:tig00000001_906 (length 148)
/home/yuch3531/genome_analysis_project/5_genome_annotation/Prokka/E745_spades/E745_spades:tig00000001_907 (length 688)
/home/yuch3531/genome_analysis_project/5_genome_annotation/Prokka/E745_spades/E745_spades:tig00000001_908 (length 260)
/home/yuch3531/genome_analysis_project/5_genome_annotation/Prokka/E745_spades/E745_spades:tig00000001_909 (length 572)
/home/yuch3531/genome_analysis_project/5_genome_annotation/Prokka/E745_spades/E745_spades:tig00000001_910 (length 943)
/home/yuch3531/genome_analysis_project/5_genome_annotation/Prokka/E745_spades/E745_spades:tig00000001_911 (length 263)
/home/yuch3531/genome_analysis_project/5_genome_annotation/Prokka/E745_spades/E745_spades:tig00000001_912 (length 1039)
/home/yuch3531/genome_analysis_project/5_genome_annotation/Prokka/E745_spades/E745_spades:tig00000001_913 (length 95)
/home/yuch3531/genome_analysis_project/5_genome_annotation/Prokka/E745_spades/E745_spades:tig00000001_914 (length 122)
/home/yuch3531/genome_analysis_project/5_genome_annotation/Prokka/E745_spades/E745_spades:tig00000001_915 (length 170)
/home/yuch3531/genome_analysis_project/5_genome_annotation/Prokka/E745_spades/E745_spades:tig00000001_916 (length 130)
/home/yuch3531/genome_analysis_project/5_genome_annotation/Prokka/E745_spades/E745_spades:tig00000001_917 (length 123)
/home/yuch3531/genome_analysis_project/5_genome_annotation/Prokka/E745_spades/E745_spades:tig00000001_918 (length 108)
/home/yuch3531/genome_analysis_project/5_genome_annotation/Prokka/E745_spades/E745_spades:tig00000001_919 (length 112)
/home/yuch3531/genome_analysis_project/5_genome_annotation/Prokka/E745_spades/E745_spades:tig00000001_920 (length 68)
/home/yuch3531/genome_analysis_project/5_genome_annotation/Prokka/E745_spades/E745_spades:tig00000001_921 (length 335)
/home/yuch3531/genome_analysis_project/5_genome_annotation/Prokka/E745_spades/E745_spades:tig00000001_922 (length 117)
/home/yuch3531/genome_analysis_project/5_genome_annotation/Prokka/E745_spades/E745_spades:tig00000001_923 (length 213)
/home/yuch3531/genome_analysis_project/5_genome_annotation/Prokka/E745_spades/E745_spades:tig00000001_924 (length 57)
/home/yuch3531/genome_analysis_project/5_genome_annotation/Prokka/E745_spades/E745_spades:tig00000001_925 (length 317)
/home/yuch3531/genome_analysis_project/5_genome_annotation/Prokka/E745_spades/E745_spades:tig00000001_926 (length 87)
/home/yuch3531/genome_analysis_project/5_genome_annotation/Prokka/E745_spades/E745_spades:tig00000001_927 (length 76)
/home/yuch3531/genome_analysis_project/5_genome_annotation/Prokka/E745_spades/E745_spades:tig00000001_928 (length 544)
/home/yuch3531/genome_analysis_project/5_genome_annotation/Prokka/E745_spades/E745_spades:tig00000001_929 (length 433)
/home/yuch3531/genome_analysis_project/5_genome_annotation/Prokka/E745_spades/E745_spades:tig00000001_930 (length 151)
/home/yuch3531/genome_analysis_project/5_genome_annotation/Prokka/E745_spades/E745_spades:tig00000001_931 (length 74)
/home/yuch3531/genome_analysis_project/5_genome_annotation/Prokka/E745_spades/E745_spades:tig00000001_932 (length 59)
/home/yuch3531/genome_analysis_project/5_genome_annotation/Prokka/E745_spades/E745_spades:tig00000001_933 (length 137)
/home/yuch3531/genome_analysis_project/5_genome_annotation/Prokka/E745_spades/E745_spades:tig00000001_934 (length 91)
/home/yuch3531/genome_analysis_project/5_genome_annotation/Prokka/E745_spades/E745_spades:tig00000001_935 (length 50)
/home/yuch3531/genome_analysis_project/5_genome_annotation/Prokka/E745_spades/E745_spades:tig00000001_936 (length 137)
/home/yuch3531/genome_analysis_project/5_genome_annotation/Prokka/E745_spades/E745_spades:tig00000001_937 (length 98)
/home/yuch3531/genome_analysis_project/5_genome_annotation/Prokka/E745_spades/E745_spades:tig00000001_938 (length 185)
/home/yuch3531/genome_analysis_project/5_genome_annotation/Prokka/E745_spades/E745_spades:tig00000001_939 (length 131)
/home/yuch3531/genome_analysis_project/5_genome_annotation/Prokka/E745_spades/E745_spades:tig00000001_940 (length 57)
/home/yuch3531/genome_analysis_project/5_genome_annotation/Prokka/E745_spades/E745_spades:tig00000001_941 (length 103)
/home/yuch3531/genome_analysis_project/5_genome_annotation/Prokka/E745_spades/E745_spades:tig00000001_942 (length 96)
/home/yuch3531/genome_analysis_project/5_genome_annotation/Prokka/E745_spades/E745_spades:tig00000001_943 (length 103)
/home/yuch3531/genome_analysis_project/5_genome_annotation/Prokka/E745_spades/E745_spades:tig00000001_944 (length 53)
/home/yuch3531/genome_analysis_project/5_genome_annotation/Prokka/E745_spades/E745_spades:tig00000001_945 (length 100)
/home/yuch3531/genome_analysis_project/5_genome_annotation/Prokka/E745_spades/E745_spades:tig00000001_946 (length 54)
/home/yuch3531/genome_analysis_project/5_genome_annotation/Prokka/E745_spades/E745_spades:tig00000001_947 (length 89)
/home/yuch3531/genome_analysis_project/5_genome_annotation/Prokka/E745_spades/E745_spades:tig00000001_948 (length 283)
/home/yuch3531/genome_analysis_project/5_genome_annotation/Prokka/E745_spades/E745_spades:tig00000001_949 (length 171)
/home/yuch3531/genome_analysis_project/5_genome_annotation/Prokka/E745_spades/E745_spades:tig00000001_950 (length 230)
/home/yuch3531/genome_analysis_project/5_genome_annotation/Prokka/E745_spades/E745_spades:tig00000001_951 (length 223)
/home/yuch3531/genome_analysis_project/5_genome_annotation/Prokka/E745_spades/E745_spades:tig00000001_952 (length 113)
/home/yuch3531/genome_analysis_project/5_genome_annotation/Prokka/E745_spades/E745_spades:tig00000001_953 (length 48)
/home/yuch3531/genome_analysis_project/5_genome_annotation/Prokka/E745_spades/E745_spades:tig00000001_954 (length 57)
/home/yuch3531/genome_analysis_project/5_genome_annotation/Prokka/E745_spades/E745_spades:tig00000001_955 (length 62)
/home/yuch3531/genome_analysis_project/5_genome_annotation/Prokka/E745_spades/E745_spades:tig00000001_956 (length 94)
/home/yuch3531/genome_analysis_project/5_genome_annotation/Prokka/E745_spades/E745_spades:tig00000001_957 (length 99)
/home/yuch3531/genome_analysis_project/5_genome_annotation/Prokka/E745_spades/E745_spades:tig00000001_958 (length 67)
/home/yuch3531/genome_analysis_project/5_genome_annotation/Prokka/E745_spades/E745_spades:tig00000001_959 (length 248)
/home/yuch3531/genome_analysis_project/5_genome_annotation/Prokka/E745_spades/E745_spades:tig00000001_960 (length 83)
/home/yuch3531/genome_analysis_project/5_genome_annotation/Prokka/E745_spades/E745_spades:tig00000001_961 (length 51)
/home/yuch3531/genome_analysis_project/5_genome_annotation/Prokka/E745_spades/E745_spades:tig00000001_962 (length 62)
/home/yuch3531/genome_analysis_project/5_genome_annotation/Prokka/E745_spades/E745_spades:tig00000001_963 (length 52)
/home/yuch3531/genome_analysis_project/5_genome_annotation/Prokka/E745_spades/E745_spades:tig00000001_964 (length 106)
/home/yuch3531/genome_analysis_project/5_genome_annotation/Prokka/E745_spades/E745_spades:tig00000001_965 (length 140)
/home/yuch3531/genome_analysis_project/5_genome_annotation/Prokka/E745_spades/E745_spades:tig00000001_966 (length 101)
/home/yuch3531/genome_analysis_project/5_genome_annotation/Prokka/E745_spades/E745_spades:tig00000001_967 (length 379)
/home/yuch3531/genome_analysis_project/5_genome_annotation/Prokka/E745_spades/E745_spades:tig00000001_968 (length 541)
/home/yuch3531/genome_analysis_project/5_genome_annotation/Prokka/E745_spades/E745_spades:tig00000001_969 (length 94)
/home/yuch3531/genome_analysis_project/5_genome_annotation/Prokka/E745_spades/E745_spades:tig00000001_970 (length 220)
/home/yuch3531/genome_analysis_project/5_genome_annotation/Prokka/E745_spades/E745_spades:tig00000001_971 (length 430)
/home/yuch3531/genome_analysis_project/5_genome_annotation/Prokka/E745_spades/E745_spades:tig00000001_972 (length 209)
/home/yuch3531/genome_analysis_project/5_genome_annotation/Prokka/E745_spades/E745_spades:tig00000001_973 (length 269)
/home/yuch3531/genome_analysis_project/5_genome_annotation/Prokka/E745_spades/E745_spades:tig00000001_974 (length 289)
/home/yuch3531/genome_analysis_project/5_genome_annotation/Prokka/E745_spades/E745_spades:tig00000001_975 (length 438)
/home/yuch3531/genome_analysis_project/5_genome_annotation/Prokka/E745_spades/E745_spades:tig00000001_976 (length 611)
/home/yuch3531/genome_analysis_project/5_genome_annotation/Prokka/E745_spades/E745_spades:tig00000001_977 (length 234)
/home/yuch3531/genome_analysis_project/5_genome_annotation/Prokka/E745_spades/E745_spades:tig00000001_978 (length 286)
/home/yuch3531/genome_analysis_project/5_genome_annotation/Prokka/E745_spades/E745_spades:tig00000001_979 (length 189)
/home/yuch3531/genome_analysis_project/5_genome_annotation/Prokka/E745_spades/E745_spades:tig00000001_980 (length 105)
/home/yuch3531/genome_analysis_project/5_genome_annotation/Prokka/E745_spades/E745_spades:tig00000001_981 (length 194)
/home/yuch3531/genome_analysis_project/5_genome_annotation/Prokka/E745_spades/E745_spades:tig00000001_982 (length 48)
/home/yuch3531/genome_analysis_project/5_genome_annotation/Prokka/E745_spades/E745_spades:tig00000001_983 (length 112)
/home/yuch3531/genome_analysis_project/5_genome_annotation/Prokka/E745_spades/E745_spades:tig00000001_984 (length 65)
/home/yuch3531/genome_analysis_project/5_genome_annotation/Prokka/E745_spades/E745_spades:tig00000001_985 (length 575)
/home/yuch3531/genome_analysis_project/5_genome_annotation/Prokka/E745_spades/E745_spades:tig00000001_986 (length 397)
/home/yuch3531/genome_analysis_project/5_genome_annotation/Prokka/E745_spades/E745_spades:tig00000001_987 (length 214)
/home/yuch3531/genome_analysis_project/5_genome_annotation/Prokka/E745_spades/E745_spades:tig00000001_988 (length 44)
/home/yuch3531/genome_analysis_project/5_genome_annotation/Prokka/E745_spades/E745_spades:tig00000001_989 (length 710)
/home/yuch3531/genome_analysis_project/5_genome_annotation/Prokka/E745_spades/E745_spades:tig00000001_990 (length 157)
/home/yuch3531/genome_analysis_project/5_genome_annotation/Prokka/E745_spades/E745_spades:tig00000001_991 (length 74)
/home/yuch3531/genome_analysis_project/5_genome_annotation/Prokka/E745_spades/E745_spades:tig00000001_992 (length 719)
/home/yuch3531/genome_analysis_project/5_genome_annotation/Prokka/E745_spades/E745_spades:tig00000001_993 (length 321)
/home/yuch3531/genome_analysis_project/5_genome_annotation/Prokka/E745_spades/E745_spades:tig00000001_994 (length 379)
/home/yuch3531/genome_analysis_project/5_genome_annotation/Prokka/E745_spades/E745_spades:tig00000001_995 (length 237)
/home/yuch3531/genome_analysis_project/5_genome_annotation/Prokka/E745_spades/E745_spades:tig00000001_996 (length 233)
/home/yuch3531/genome_analysis_project/5_genome_annotation/Prokka/E745_spades/E745_spades:tig00000001_997 (length 510)
/home/yuch3531/genome_analysis_project/5_genome_annotation/Prokka/E745_spades/E745_spades:tig00000001_998 (length 302)
/home/yuch3531/genome_analysis_project/5_genome_annotation/Prokka/E745_spades/E745_spades:tig00000001_999 (length 349)
/home/yuch3531/genome_analysis_project/5_genome_annotation/Prokka/E745_spades/E745_spades:tig00000001_1000 (length 229)
/home/yuch3531/genome_analysis_project/5_genome_annotation/Prokka/E745_spades/E745_spades:tig00000001_1001 (length 122)
/home/yuch3531/genome_analysis_project/5_genome_annotation/Prokka/E745_spades/E745_spades:tig00000001_1002 (length 167)
/home/yuch3531/genome_analysis_project/5_genome_annotation/Prokka/E745_spades/E745_spades:tig00000001_1003 (length 229)
/home/yuch3531/genome_analysis_project/5_genome_annotation/Prokka/E745_spades/E745_spades:tig00000001_1004 (length 140)
/home/yuch3531/genome_analysis_project/5_genome_annotation/Prokka/E745_spades/E745_spades:tig00000001_1005 (length 222)
/home/yuch3531/genome_analysis_project/5_genome_annotation/Prokka/E745_spades/E745_spades:tig00000001_1006 (length 290)
/home/yuch3531/genome_analysis_project/5_genome_annotation/Prokka/E745_spades/E745_spades:tig00000001_1007 (length 339)
/home/yuch3531/genome_analysis_project/5_genome_annotation/Prokka/E745_spades/E745_spades:tig00000001_1008 (length 295)
/home/yuch3531/genome_analysis_project/5_genome_annotation/Prokka/E745_spades/E745_spades:tig00000001_1009 (length 181)
/home/yuch3531/genome_analysis_project/5_genome_annotation/Prokka/E745_spades/E745_spades:tig00000001_1010 (length 56)
/home/yuch3531/genome_analysis_project/5_genome_annotation/Prokka/E745_spades/E745_spades:tig00000001_1011 (length 50)
/home/yuch3531/genome_analysis_project/5_genome_annotation/Prokka/E745_spades/E745_spades:tig00000001_1012 (length 214)
/home/yuch3531/genome_analysis_project/5_genome_annotation/Prokka/E745_spades/E745_spades:tig00000001_1013 (length 167)
/home/yuch3531/genome_analysis_project/5_genome_annotation/Prokka/E745_spades/E745_spades:tig00000001_1014 (length 321)
/home/yuch3531/genome_analysis_project/5_genome_annotation/Prokka/E745_spades/E745_spades:tig00000001_1015 (length 390)
/home/yuch3531/genome_analysis_project/5_genome_annotation/Prokka/E745_spades/E745_spades:tig00000001_1016 (length 381)
/home/yuch3531/genome_analysis_project/5_genome_annotation/Prokka/E745_spades/E745_spades:tig00000001_1017 (length 310)
/home/yuch3531/genome_analysis_project/5_genome_annotation/Prokka/E745_spades/E745_spades:tig00000001_1018 (length 359)
/home/yuch3531/genome_analysis_project/5_genome_annotation/Prokka/E745_spades/E745_spades:tig00000001_1019 (length 209)
/home/yuch3531/genome_analysis_project/5_genome_annotation/Prokka/E745_spades/E745_spades:tig00000001_1020 (length 75)
/home/yuch3531/genome_analysis_project/5_genome_annotation/Prokka/E745_spades/E745_spades:tig00000001_1021 (length 862)
/home/yuch3531/genome_analysis_project/5_genome_annotation/Prokka/E745_spades/E745_spades:tig00000001_1022 (length 219)
/home/yuch3531/genome_analysis_project/5_genome_annotation/Prokka/E745_spades/E745_spades:tig00000001_1023 (length 167)
/home/yuch3531/genome_analysis_project/5_genome_annotation/Prokka/E745_spades/E745_spades:tig00000001_1024 (length 288)
/home/yuch3531/genome_analysis_project/5_genome_annotation/Prokka/E745_spades/E745_spades:tig00000001_1025 (length 213)
/home/yuch3531/genome_analysis_project/5_genome_annotation/Prokka/E745_spades/E745_spades:tig00000001_1026 (length 453)
/home/yuch3531/genome_analysis_project/5_genome_annotation/Prokka/E745_spades/E745_spades:tig00000001_1027 (length 299)
/home/yuch3531/genome_analysis_project/5_genome_annotation/Prokka/E745_spades/E745_spades:tig00000001_1028 (length 265)
/home/yuch3531/genome_analysis_project/5_genome_annotation/Prokka/E745_spades/E745_spades:tig00000001_1029 (length 234)
/home/yuch3531/genome_analysis_project/5_genome_annotation/Prokka/E745_spades/E745_spades:tig00000001_1030 (length 191)
/home/yuch3531/genome_analysis_project/5_genome_annotation/Prokka/E745_spades/E745_spades:tig00000001_1031 (length 225)
/home/yuch3531/genome_analysis_project/5_genome_annotation/Prokka/E745_spades/E745_spades:tig00000001_1032 (length 431)
/home/yuch3531/genome_analysis_project/5_genome_annotation/Prokka/E745_spades/E745_spades:tig00000001_1033 (length 602)
/home/yuch3531/genome_analysis_project/5_genome_annotation/Prokka/E745_spades/E745_spades:tig00000001_1034 (length 332)
/home/yuch3531/genome_analysis_project/5_genome_annotation/Prokka/E745_spades/E745_spades:tig00000001_1035 (length 217)
/home/yuch3531/genome_analysis_project/5_genome_annotation/Prokka/E745_spades/E745_spades:tig00000001_1036 (length 132)
/home/yuch3531/genome_analysis_project/5_genome_annotation/Prokka/E745_spades/E745_spades:tig00000001_1037 (length 235)
/home/yuch3531/genome_analysis_project/5_genome_annotation/Prokka/E745_spades/E745_spades:tig00000001_1038 (length 1064)
/home/yuch3531/genome_analysis_project/5_genome_annotation/Prokka/E745_spades/E745_spades:tig00000001_1039 (length 253)
/home/yuch3531/genome_analysis_project/5_genome_annotation/Prokka/E745_spades/E745_spades:tig00000001_1040 (length 740)
/home/yuch3531/genome_analysis_project/5_genome_annotation/Prokka/E745_spades/E745_spades:tig00000001_1041 (length 373)
/home/yuch3531/genome_analysis_project/5_genome_annotation/Prokka/E745_spades/E745_spades:tig00000001_1042 (length 207)
/home/yuch3531/genome_analysis_project/5_genome_annotation/Prokka/E745_spades/E745_spades:tig00000001_1043 (length 244)
/home/yuch3531/genome_analysis_project/5_genome_annotation/Prokka/E745_spades/E745_spades:tig00000001_1044 (length 94)
/home/yuch3531/genome_analysis_project/5_genome_annotation/Prokka/E745_spades/E745_spades:tig00000001_1045 (length 627)
/home/yuch3531/genome_analysis_project/5_genome_annotation/Prokka/E745_spades/E745_spades:tig00000001_1046 (length 291)
/home/yuch3531/genome_analysis_project/5_genome_annotation/Prokka/E745_spades/E745_spades:tig00000001_1047 (length 589)
/home/yuch3531/genome_analysis_project/5_genome_annotation/Prokka/E745_spades/E745_spades:tig00000001_1048 (length 430)
/home/yuch3531/genome_analysis_project/5_genome_annotation/Prokka/E745_spades/E745_spades:tig00000001_1049 (length 315)
/home/yuch3531/genome_analysis_project/5_genome_annotation/Prokka/E745_spades/E745_spades:tig00000001_1050 (length 419)
/home/yuch3531/genome_analysis_project/5_genome_annotation/Prokka/E745_spades/E745_spades:tig00000001_1051 (length 148)
/home/yuch3531/genome_analysis_project/5_genome_annotation/Prokka/E745_spades/E745_spades:tig00000001_1052 (length 737)
/home/yuch3531/genome_analysis_project/5_genome_annotation/Prokka/E745_spades/E745_spades:tig00000001_1053 (length 254)
/home/yuch3531/genome_analysis_project/5_genome_annotation/Prokka/E745_spades/E745_spades:tig00000001_1054 (length 315)
/home/yuch3531/genome_analysis_project/5_genome_annotation/Prokka/E745_spades/E745_spades:tig00000001_1055 (length 162)
/home/yuch3531/genome_analysis_project/5_genome_annotation/Prokka/E745_spades/E745_spades:tig00000001_1056 (length 223)
/home/yuch3531/genome_analysis_project/5_genome_annotation/Prokka/E745_spades/E745_spades:tig00000001_1057 (length 428)
/home/yuch3531/genome_analysis_project/5_genome_annotation/Prokka/E745_spades/E745_spades:tig00000001_1058 (length 94)
/home/yuch3531/genome_analysis_project/5_genome_annotation/Prokka/E745_spades/E745_spades:tig00000001_1059 (length 159)
/home/yuch3531/genome_analysis_project/5_genome_annotation/Prokka/E745_spades/E745_spades:tig00000001_1060 (length 42)
/home/yuch3531/genome_analysis_project/5_genome_annotation/Prokka/E745_spades/E745_spades:tig00000001_1061 (length 527)
/home/yuch3531/genome_analysis_project/5_genome_annotation/Prokka/E745_spades/E745_spades:tig00000001_1062 (length 394)
/home/yuch3531/genome_analysis_project/5_genome_annotation/Prokka/E745_spades/E745_spades:tig00000001_1063 (length 335)
/home/yuch3531/genome_analysis_project/5_genome_annotation/Prokka/E745_spades/E745_spades:tig00000001_1064 (length 119)
/home/yuch3531/genome_analysis_project/5_genome_annotation/Prokka/E745_spades/E745_spades:tig00000001_1065 (length 141)
/home/yuch3531/genome_analysis_project/5_genome_annotation/Prokka/E745_spades/E745_spades:tig00000001_1066 (length 100)
/home/yuch3531/genome_analysis_project/5_genome_annotation/Prokka/E745_spades/E745_spades:tig00000001_1067 (length 164)
/home/yuch3531/genome_analysis_project/5_genome_annotation/Prokka/E745_spades/E745_spades:tig00000001_1068 (length 92)
/home/yuch3531/genome_analysis_project/5_genome_annotation/Prokka/E745_spades/E745_spades:tig00000001_1069 (length 349)
/home/yuch3531/genome_analysis_project/5_genome_annotation/Prokka/E745_spades/E745_spades:tig00000001_1070 (length 309)
/home/yuch3531/genome_analysis_project/5_genome_annotation/Prokka/E745_spades/E745_spades:tig00000001_1071 (length 584)
/home/yuch3531/genome_analysis_project/5_genome_annotation/Prokka/E745_spades/E745_spades:tig00000001_1072 (length 220)
/home/yuch3531/genome_analysis_project/5_genome_annotation/Prokka/E745_spades/E745_spades:tig00000001_1073 (length 260)
/home/yuch3531/genome_analysis_project/5_genome_annotation/Prokka/E745_spades/E745_spades:tig00000001_1074 (length 403)
/home/yuch3531/genome_analysis_project/5_genome_annotation/Prokka/E745_spades/E745_spades:tig00000001_1075 (length 245)
/home/yuch3531/genome_analysis_project/5_genome_annotation/Prokka/E745_spades/E745_spades:tig00000001_1076 (length 144)
/home/yuch3531/genome_analysis_project/5_genome_annotation/Prokka/E745_spades/E745_spades:tig00000001_1077 (length 114)
/home/yuch3531/genome_analysis_project/5_genome_annotation/Prokka/E745_spades/E745_spades:tig00000001_1078 (length 336)
/home/yuch3531/genome_analysis_project/5_genome_annotation/Prokka/E745_spades/E745_spades:tig00000001_1079 (length 314)
/home/yuch3531/genome_analysis_project/5_genome_annotation/Prokka/E745_spades/E745_spades:tig00000001_1080 (length 906)
/home/yuch3531/genome_analysis_project/5_genome_annotation/Prokka/E745_spades/E745_spades:tig00000001_1081 (length 406)
/home/yuch3531/genome_analysis_project/5_genome_annotation/Prokka/E745_spades/E745_spades:tig00000001_1082 (length 278)
/home/yuch3531/genome_analysis_project/5_genome_annotation/Prokka/E745_spades/E745_spades:tig00000001_1083 (length 436)
/home/yuch3531/genome_analysis_project/5_genome_annotation/Prokka/E745_spades/E745_spades:tig00000001_1084 (length 472)
/home/yuch3531/genome_analysis_project/5_genome_annotation/Prokka/E745_spades/E745_spades:tig00000001_1085 (length 522)
/home/yuch3531/genome_analysis_project/5_genome_annotation/Prokka/E745_spades/E745_spades:tig00000001_1086 (length 136)
/home/yuch3531/genome_analysis_project/5_genome_annotation/Prokka/E745_spades/E745_spades:tig00000001_1087 (length 307)
/home/yuch3531/genome_analysis_project/5_genome_annotation/Prokka/E745_spades/E745_spades:tig00000001_1088 (length 302)
/home/yuch3531/genome_analysis_project/5_genome_annotation/Prokka/E745_spades/E745_spades:tig00000001_1089 (length 445)
/home/yuch3531/genome_analysis_project/5_genome_annotation/Prokka/E745_spades/E745_spades:tig00000001_1090 (length 367)
/home/yuch3531/genome_analysis_project/5_genome_annotation/Prokka/E745_spades/E745_spades:tig00000001_1091 (length 502)
/home/yuch3531/genome_analysis_project/5_genome_annotation/Prokka/E745_spades/E745_spades:tig00000001_1092 (length 230)
/home/yuch3531/genome_analysis_project/5_genome_annotation/Prokka/E745_spades/E745_spades:tig00000001_1093 (length 324)
/home/yuch3531/genome_analysis_project/5_genome_annotation/Prokka/E745_spades/E745_spades:tig00000001_1094 (length 124)
/home/yuch3531/genome_analysis_project/5_genome_annotation/Prokka/E745_spades/E745_spades:tig00000001_1095 (length 166)
/home/yuch3531/genome_analysis_project/5_genome_annotation/Prokka/E745_spades/E745_spades:tig00000001_1096 (length 732)
/home/yuch3531/genome_analysis_project/5_genome_annotation/Prokka/E745_spades/E745_spades:tig00000001_1097 (length 330)
/home/yuch3531/genome_analysis_project/5_genome_annotation/Prokka/E745_spades/E745_spades:tig00000001_1098 (length 473)
/home/yuch3531/genome_analysis_project/5_genome_annotation/Prokka/E745_spades/E745_spades:tig00000001_1099 (length 499)
/home/yuch3531/genome_analysis_project/5_genome_annotation/Prokka/E745_spades/E745_spades:tig00000001_1100 (length 464)
/home/yuch3531/genome_analysis_project/5_genome_annotation/Prokka/E745_spades/E745_spades:tig00000001_1101 (length 227)
/home/yuch3531/genome_analysis_project/5_genome_annotation/Prokka/E745_spades/E745_spades:tig00000001_1102 (length 278)
/home/yuch3531/genome_analysis_project/5_genome_annotation/Prokka/E745_spades/E745_spades:tig00000001_1103 (length 584)
/home/yuch3531/genome_analysis_project/5_genome_annotation/Prokka/E745_spades/E745_spades:tig00000001_1104 (length 113)
/home/yuch3531/genome_analysis_project/5_genome_annotation/Prokka/E745_spades/E745_spades:tig00000001_1105 (length 723)
/home/yuch3531/genome_analysis_project/5_genome_annotation/Prokka/E745_spades/E745_spades:tig00000001_1106 (length 285)
/home/yuch3531/genome_analysis_project/5_genome_annotation/Prokka/E745_spades/E745_spades:tig00000001_1107 (length 285)
/home/yuch3531/genome_analysis_project/5_genome_annotation/Prokka/E745_spades/E745_spades:tig00000001_1108 (length 900)
/home/yuch3531/genome_analysis_project/5_genome_annotation/Prokka/E745_spades/E745_spades:tig00000001_1109 (length 429)
/home/yuch3531/genome_analysis_project/5_genome_annotation/Prokka/E745_spades/E745_spades:tig00000001_1110 (length 348)
/home/yuch3531/genome_analysis_project/5_genome_annotation/Prokka/E745_spades/E745_spades:tig00000001_1111 (length 717)
/home/yuch3531/genome_analysis_project/5_genome_annotation/Prokka/E745_spades/E745_spades:tig00000001_1112 (length 481)
/home/yuch3531/genome_analysis_project/5_genome_annotation/Prokka/E745_spades/E745_spades:tig00000001_1113 (length 574)
/home/yuch3531/genome_analysis_project/5_genome_annotation/Prokka/E745_spades/E745_spades:tig00000001_1114 (length 204)
/home/yuch3531/genome_analysis_project/5_genome_annotation/Prokka/E745_spades/E745_spades:tig00000001_1115 (length 485)
/home/yuch3531/genome_analysis_project/5_genome_annotation/Prokka/E745_spades/E745_spades:tig00000001_1116 (length 306)
/home/yuch3531/genome_analysis_project/5_genome_annotation/Prokka/E745_spades/E745_spades:tig00000001_1117 (length 315)
/home/yuch3531/genome_analysis_project/5_genome_annotation/Prokka/E745_spades/E745_spades:tig00000001_1118 (length 239)
/home/yuch3531/genome_analysis_project/5_genome_annotation/Prokka/E745_spades/E745_spades:tig00000001_1119 (length 548)
/home/yuch3531/genome_analysis_project/5_genome_annotation/Prokka/E745_spades/E745_spades:tig00000001_1120 (length 196)
/home/yuch3531/genome_analysis_project/5_genome_annotation/Prokka/E745_spades/E745_spades:tig00000001_1121 (length 501)
/home/yuch3531/genome_analysis_project/5_genome_annotation/Prokka/E745_spades/E745_spades:tig00000001_1122 (length 450)
/home/yuch3531/genome_analysis_project/5_genome_annotation/Prokka/E745_spades/E745_spades:tig00000001_1123 (length 172)
/home/yuch3531/genome_analysis_project/5_genome_annotation/Prokka/E745_spades/E745_spades:tig00000001_1124 (length 108)
/home/yuch3531/genome_analysis_project/5_genome_annotation/Prokka/E745_spades/E745_spades:tig00000001_1125 (length 659)
/home/yuch3531/genome_analysis_project/5_genome_annotation/Prokka/E745_spades/E745_spades:tig00000001_1126 (length 104)
/home/yuch3531/genome_analysis_project/5_genome_annotation/Prokka/E745_spades/E745_spades:tig00000001_1127 (length 97)
/home/yuch3531/genome_analysis_project/5_genome_annotation/Prokka/E745_spades/E745_spades:tig00000001_1128 (length 356)
/home/yuch3531/genome_analysis_project/5_genome_annotation/Prokka/E745_spades/E745_spades:tig00000001_1129 (length 339)
/home/yuch3531/genome_analysis_project/5_genome_annotation/Prokka/E745_spades/E745_spades:tig00000001_1130 (length 930)
/home/yuch3531/genome_analysis_project/5_genome_annotation/Prokka/E745_spades/E745_spades:tig00000001_1131 (length 74)
/home/yuch3531/genome_analysis_project/5_genome_annotation/Prokka/E745_spades/E745_spades:tig00000001_1132 (length 253)
/home/yuch3531/genome_analysis_project/5_genome_annotation/Prokka/E745_spades/E745_spades:tig00000001_1133 (length 573)
/home/yuch3531/genome_analysis_project/5_genome_annotation/Prokka/E745_spades/E745_spades:tig00000001_1134 (length 594)
/home/yuch3531/genome_analysis_project/5_genome_annotation/Prokka/E745_spades/E745_spades:tig00000001_1135 (length 517)
/home/yuch3531/genome_analysis_project/5_genome_annotation/Prokka/E745_spades/E745_spades:tig00000001_1136 (length 804)
/home/yuch3531/genome_analysis_project/5_genome_annotation/Prokka/E745_spades/E745_spades:tig00000001_1137 (length 672)
/home/yuch3531/genome_analysis_project/5_genome_annotation/Prokka/E745_spades/E745_spades:tig00000001_1138 (length 218)
/home/yuch3531/genome_analysis_project/5_genome_annotation/Prokka/E745_spades/E745_spades:tig00000001_1139 (length 318)
/home/yuch3531/genome_analysis_project/5_genome_annotation/Prokka/E745_spades/E745_spades:tig00000001_1140 (length 188)
/home/yuch3531/genome_analysis_project/5_genome_annotation/Prokka/E745_spades/E745_spades:tig00000001_1141 (length 589)
/home/yuch3531/genome_analysis_project/5_genome_annotation/Prokka/E745_spades/E745_spades:tig00000001_1142 (length 570)
/home/yuch3531/genome_analysis_project/5_genome_annotation/Prokka/E745_spades/E745_spades:tig00000001_1143 (length 222)
/home/yuch3531/genome_analysis_project/5_genome_annotation/Prokka/E745_spades/E745_spades:tig00000001_1144 (length 262)
/home/yuch3531/genome_analysis_project/5_genome_annotation/Prokka/E745_spades/E745_spades:tig00000001_1145 (length 490)
/home/yuch3531/genome_analysis_project/5_genome_annotation/Prokka/E745_spades/E745_spades:tig00000001_1146 (length 431)
/home/yuch3531/genome_analysis_project/5_genome_annotation/Prokka/E745_spades/E745_spades:tig00000001_1147 (length 397)
/home/yuch3531/genome_analysis_project/5_genome_annotation/Prokka/E745_spades/E745_spades:tig00000001_1148 (length 431)
/home/yuch3531/genome_analysis_project/5_genome_annotation/Prokka/E745_spades/E745_spades:tig00000001_1149 (length 498)
/home/yuch3531/genome_analysis_project/5_genome_annotation/Prokka/E745_spades/E745_spades:tig00000001_1150 (length 334)
/home/yuch3531/genome_analysis_project/5_genome_annotation/Prokka/E745_spades/E745_spades:tig00000001_1151 (length 295)
/home/yuch3531/genome_analysis_project/5_genome_annotation/Prokka/E745_spades/E745_spades:tig00000001_1152 (length 703)
/home/yuch3531/genome_analysis_project/5_genome_annotation/Prokka/E745_spades/E745_spades:tig00000001_1153 (length 181)
/home/yuch3531/genome_analysis_project/5_genome_annotation/Prokka/E745_spades/E745_spades:tig00000001_1154 (length 484)
/home/yuch3531/genome_analysis_project/5_genome_annotation/Prokka/E745_spades/E745_spades:tig00000001_1155 (length 156)
/home/yuch3531/genome_analysis_project/5_genome_annotation/Prokka/E745_spades/E745_spades:tig00000001_1156 (length 141)
/home/yuch3531/genome_analysis_project/5_genome_annotation/Prokka/E745_spades/E745_spades:tig00000001_1157 (length 89)
/home/yuch3531/genome_analysis_project/5_genome_annotation/Prokka/E745_spades/E745_spades:tig00000001_1158 (length 531)
/home/yuch3531/genome_analysis_project/5_genome_annotation/Prokka/E745_spades/E745_spades:tig00000001_1159 (length 1173)
/home/yuch3531/genome_analysis_project/5_genome_annotation/Prokka/E745_spades/E745_spades:tig00000001_1160 (length 186)
/home/yuch3531/genome_analysis_project/5_genome_annotation/Prokka/E745_spades/E745_spades:tig00000001_1161 (length 324)
/home/yuch3531/genome_analysis_project/5_genome_annotation/Prokka/E745_spades/E745_spades:tig00000001_1162 (length 466)
/home/yuch3531/genome_analysis_project/5_genome_annotation/Prokka/E745_spades/E745_spades:tig00000001_1163 (length 240)
/home/yuch3531/genome_analysis_project/5_genome_annotation/Prokka/E745_spades/E745_spades:tig00000001_1164 (length 168)
/home/yuch3531/genome_analysis_project/5_genome_annotation/Prokka/E745_spades/E745_spades:tig00000001_1165 (length 599)
/home/yuch3531/genome_analysis_project/5_genome_annotation/Prokka/E745_spades/E745_spades:tig00000001_1166 (length 524)
/home/yuch3531/genome_analysis_project/5_genome_annotation/Prokka/E745_spades/E745_spades:tig00000001_1167 (length 169)
/home/yuch3531/genome_analysis_project/5_genome_annotation/Prokka/E745_spades/E745_spades:tig00000001_1168 (length 284)
/home/yuch3531/genome_analysis_project/5_genome_annotation/Prokka/E745_spades/E745_spades:tig00000001_1169 (length 212)
/home/yuch3531/genome_analysis_project/5_genome_annotation/Prokka/E745_spades/E745_spades:tig00000001_1170 (length 216)
/home/yuch3531/genome_analysis_project/5_genome_annotation/Prokka/E745_spades/E745_spades:tig00000001_1171 (length 299)
/home/yuch3531/genome_analysis_project/5_genome_annotation/Prokka/E745_spades/E745_spades:tig00000001_1172 (length 689)
/home/yuch3531/genome_analysis_project/5_genome_annotation/Prokka/E745_spades/E745_spades:tig00000001_1173 (length 246)
/home/yuch3531/genome_analysis_project/5_genome_annotation/Prokka/E745_spades/E745_spades:tig00000001_1174 (length 452)
/home/yuch3531/genome_analysis_project/5_genome_annotation/Prokka/E745_spades/E745_spades:tig00000001_1175 (length 312)
/home/yuch3531/genome_analysis_project/5_genome_annotation/Prokka/E745_spades/E745_spades:tig00000001_1176 (length 163)
/home/yuch3531/genome_analysis_project/5_genome_annotation/Prokka/E745_spades/E745_spades:tig00000001_1177 (length 802)
/home/yuch3531/genome_analysis_project/5_genome_annotation/Prokka/E745_spades/E745_spades:tig00000001_1178 (length 101)
/home/yuch3531/genome_analysis_project/5_genome_annotation/Prokka/E745_spades/E745_spades:tig00000001_1179 (length 204)
/home/yuch3531/genome_analysis_project/5_genome_annotation/Prokka/E745_spades/E745_spades:tig00000001_1180 (length 94)
/home/yuch3531/genome_analysis_project/5_genome_annotation/Prokka/E745_spades/E745_spades:tig00000001_1181 (length 296)
/home/yuch3531/genome_analysis_project/5_genome_annotation/Prokka/E745_spades/E745_spades:tig00000001_1182 (length 72)
/home/yuch3531/genome_analysis_project/5_genome_annotation/Prokka/E745_spades/E745_spades:tig00000001_1183 (length 566)
/home/yuch3531/genome_analysis_project/5_genome_annotation/Prokka/E745_spades/E745_spades:tig00000001_1184 (length 257)
/home/yuch3531/genome_analysis_project/5_genome_annotation/Prokka/E745_spades/E745_spades:tig00000001_1185 (length 189)
/home/yuch3531/genome_analysis_project/5_genome_annotation/Prokka/E745_spades/E745_spades:tig00000001_1186 (length 323)
/home/yuch3531/genome_analysis_project/5_genome_annotation/Prokka/E745_spades/E745_spades:tig00000001_1187 (length 457)
/home/yuch3531/genome_analysis_project/5_genome_annotation/Prokka/E745_spades/E745_spades:tig00000001_1188 (length 272)
/home/yuch3531/genome_analysis_project/5_genome_annotation/Prokka/E745_spades/E745_spades:tig00000001_1189 (length 274)
/home/yuch3531/genome_analysis_project/5_genome_annotation/Prokka/E745_spades/E745_spades:tig00000001_1190 (length 226)
/home/yuch3531/genome_analysis_project/5_genome_annotation/Prokka/E745_spades/E745_spades:tig00000001_1191 (length 312)
/home/yuch3531/genome_analysis_project/5_genome_annotation/Prokka/E745_spades/E745_spades:tig00000001_1192 (length 281)
/home/yuch3531/genome_analysis_project/5_genome_annotation/Prokka/E745_spades/E745_spades:tig00000001_1193 (length 857)
/home/yuch3531/genome_analysis_project/5_genome_annotation/Prokka/E745_spades/E745_spades:tig00000001_1194 (length 268)
/home/yuch3531/genome_analysis_project/5_genome_annotation/Prokka/E745_spades/E745_spades:tig00000001_1195 (length 518)
/home/yuch3531/genome_analysis_project/5_genome_annotation/Prokka/E745_spades/E745_spades:tig00000001_1196 (length 349)
/home/yuch3531/genome_analysis_project/5_genome_annotation/Prokka/E745_spades/E745_spades:tig00000001_1197 (length 413)
/home/yuch3531/genome_analysis_project/5_genome_annotation/Prokka/E745_spades/E745_spades:tig00000001_1198 (length 192)
/home/yuch3531/genome_analysis_project/5_genome_annotation/Prokka/E745_spades/E745_spades:tig00000001_1199 (length 307)
/home/yuch3531/genome_analysis_project/5_genome_annotation/Prokka/E745_spades/E745_spades:tig00000001_1200 (length 428)
/home/yuch3531/genome_analysis_project/5_genome_annotation/Prokka/E745_spades/E745_spades:tig00000001_1201 (length 422)
/home/yuch3531/genome_analysis_project/5_genome_annotation/Prokka/E745_spades/E745_spades:tig00000001_1202 (length 153)
/home/yuch3531/genome_analysis_project/5_genome_annotation/Prokka/E745_spades/E745_spades:tig00000001_1203 (length 148)
/home/yuch3531/genome_analysis_project/5_genome_annotation/Prokka/E745_spades/E745_spades:tig00000001_1204 (length 81)
/home/yuch3531/genome_analysis_project/5_genome_annotation/Prokka/E745_spades/E745_spades:tig00000001_1205 (length 192)
/home/yuch3531/genome_analysis_project/5_genome_annotation/Prokka/E745_spades/E745_spades:tig00000001_1206 (length 176)
/home/yuch3531/genome_analysis_project/5_genome_annotation/Prokka/E745_spades/E745_spades:tig00000001_1207 (length 286)
/home/yuch3531/genome_analysis_project/5_genome_annotation/Prokka/E745_spades/E745_spades:tig00000001_1208 (length 131)
/home/yuch3531/genome_analysis_project/5_genome_annotation/Prokka/E745_spades/E745_spades:tig00000001_1209 (length 470)
/home/yuch3531/genome_analysis_project/5_genome_annotation/Prokka/E745_spades/E745_spades:tig00000001_1210 (length 178)
/home/yuch3531/genome_analysis_project/5_genome_annotation/Prokka/E745_spades/E745_spades:tig00000001_1211 (length 486)
/home/yuch3531/genome_analysis_project/5_genome_annotation/Prokka/E745_spades/E745_spades:tig00000001_1212 (length 385)
/home/yuch3531/genome_analysis_project/5_genome_annotation/Prokka/E745_spades/E745_spades:tig00000001_1213 (length 456)
/home/yuch3531/genome_analysis_project/5_genome_annotation/Prokka/E745_spades/E745_spades:tig00000001_1214 (length 175)
/home/yuch3531/genome_analysis_project/5_genome_annotation/Prokka/E745_spades/E745_spades:tig00000001_1215 (length 268)
/home/yuch3531/genome_analysis_project/5_genome_annotation/Prokka/E745_spades/E745_spades:tig00000001_1216 (length 415)
/home/yuch3531/genome_analysis_project/5_genome_annotation/Prokka/E745_spades/E745_spades:tig00000001_1217 (length 114)
/home/yuch3531/genome_analysis_project/5_genome_annotation/Prokka/E745_spades/E745_spades:tig00000001_1218 (length 108)
/home/yuch3531/genome_analysis_project/5_genome_annotation/Prokka/E745_spades/E745_spades:tig00000001_1219 (length 310)
/home/yuch3531/genome_analysis_project/5_genome_annotation/Prokka/E745_spades/E745_spades:tig00000001_1220 (length 89)
/home/yuch3531/genome_analysis_project/5_genome_annotation/Prokka/E745_spades/E745_spades:tig00000001_1221 (length 171)
/home/yuch3531/genome_analysis_project/5_genome_annotation/Prokka/E745_spades/E745_spades:tig00000001_1222 (length 148)
/home/yuch3531/genome_analysis_project/5_genome_annotation/Prokka/E745_spades/E745_spades:tig00000001_1223 (length 492)
/home/yuch3531/genome_analysis_project/5_genome_annotation/Prokka/E745_spades/E745_spades:tig00000001_1224 (length 79)
/home/yuch3531/genome_analysis_project/5_genome_annotation/Prokka/E745_spades/E745_spades:tig00000001_1225 (length 130)
/home/yuch3531/genome_analysis_project/5_genome_annotation/Prokka/E745_spades/E745_spades:tig00000001_1226 (length 120)
/home/yuch3531/genome_analysis_project/5_genome_annotation/Prokka/E745_spades/E745_spades:tig00000001_1227 (length 422)
/home/yuch3531/genome_analysis_project/5_genome_annotation/Prokka/E745_spades/E745_spades:tig00000001_1228 (length 245)
/home/yuch3531/genome_analysis_project/5_genome_annotation/Prokka/E745_spades/E745_spades:tig00000001_1229 (length 189)
/home/yuch3531/genome_analysis_project/5_genome_annotation/Prokka/E745_spades/E745_spades:tig00000001_1230 (length 290)
/home/yuch3531/genome_analysis_project/5_genome_annotation/Prokka/E745_spades/E745_spades:tig00000001_1231 (length 290)
/home/yuch3531/genome_analysis_project/5_genome_annotation/Prokka/E745_spades/E745_spades:tig00000001_1232 (length 652)
/home/yuch3531/genome_analysis_project/5_genome_annotation/Prokka/E745_spades/E745_spades:tig00000001_1233 (length 32)
/home/yuch3531/genome_analysis_project/5_genome_annotation/Prokka/E745_spades/E745_spades:tig00000001_1234 (length 283)
/home/yuch3531/genome_analysis_project/5_genome_annotation/Prokka/E745_spades/E745_spades:tig00000001_1235 (length 155)
/home/yuch3531/genome_analysis_project/5_genome_annotation/Prokka/E745_spades/E745_spades:tig00000001_1236 (length 160)
/home/yuch3531/genome_analysis_project/5_genome_annotation/Prokka/E745_spades/E745_spades:tig00000001_1237 (length 287)
/home/yuch3531/genome_analysis_project/5_genome_annotation/Prokka/E745_spades/E745_spades:tig00000001_1238 (length 282)
/home/yuch3531/genome_analysis_project/5_genome_annotation/Prokka/E745_spades/E745_spades:tig00000001_1239 (length 113)
/home/yuch3531/genome_analysis_project/5_genome_annotation/Prokka/E745_spades/E745_spades:tig00000001_1240 (length 235)
/home/yuch3531/genome_analysis_project/5_genome_annotation/Prokka/E745_spades/E745_spades:tig00000001_1241 (length 107)
/home/yuch3531/genome_analysis_project/5_genome_annotation/Prokka/E745_spades/E745_spades:tig00000001_1242 (length 345)
/home/yuch3531/genome_analysis_project/5_genome_annotation/Prokka/E745_spades/E745_spades:tig00000001_1243 (length 327)
/home/yuch3531/genome_analysis_project/5_genome_annotation/Prokka/E745_spades/E745_spades:tig00000001_1244 (length 256)
/home/yuch3531/genome_analysis_project/5_genome_annotation/Prokka/E745_spades/E745_spades:tig00000001_1245 (length 311)
/home/yuch3531/genome_analysis_project/5_genome_annotation/Prokka/E745_spades/E745_spades:tig00000001_1246 (length 35)
/home/yuch3531/genome_analysis_project/5_genome_annotation/Prokka/E745_spades/E745_spades:tig00000001_1247 (length 549)
/home/yuch3531/genome_analysis_project/5_genome_annotation/Prokka/E745_spades/E745_spades:tig00000001_1248 (length 298)
/home/yuch3531/genome_analysis_project/5_genome_annotation/Prokka/E745_spades/E745_spades:tig00000001_1249 (length 219)
/home/yuch3531/genome_analysis_project/5_genome_annotation/Prokka/E745_spades/E745_spades:tig00000001_1250 (length 260)
/home/yuch3531/genome_analysis_project/5_genome_annotation/Prokka/E745_spades/E745_spades:tig00000001_1251 (length 305)
/home/yuch3531/genome_analysis_project/5_genome_annotation/Prokka/E745_spades/E745_spades:tig00000001_1252 (length 71)
/home/yuch3531/genome_analysis_project/5_genome_annotation/Prokka/E745_spades/E745_spades:tig00000001_1253 (length 1075)
/home/yuch3531/genome_analysis_project/5_genome_annotation/Prokka/E745_spades/E745_spades:tig00000001_1254 (length 104)
/home/yuch3531/genome_analysis_project/5_genome_annotation/Prokka/E745_spades/E745_spades:tig00000001_1255 (length 124)
/home/yuch3531/genome_analysis_project/5_genome_annotation/Prokka/E745_spades/E745_spades:tig00000001_1256 (length 111)
/home/yuch3531/genome_analysis_project/5_genome_annotation/Prokka/E745_spades/E745_spades:tig00000001_1257 (length 381)
/home/yuch3531/genome_analysis_project/5_genome_annotation/Prokka/E745_spades/E745_spades:tig00000001_1258 (length 619)
/home/yuch3531/genome_analysis_project/5_genome_annotation/Prokka/E745_spades/E745_spades:tig00000001_1259 (length 79)
/home/yuch3531/genome_analysis_project/5_genome_annotation/Prokka/E745_spades/E745_spades:tig00000001_1260 (length 224)
/home/yuch3531/genome_analysis_project/5_genome_annotation/Prokka/E745_spades/E745_spades:tig00000001_1261 (length 54)
/home/yuch3531/genome_analysis_project/5_genome_annotation/Prokka/E745_spades/E745_spades:tig00000001_1262 (length 144)
/home/yuch3531/genome_analysis_project/5_genome_annotation/Prokka/E745_spades/E745_spades:tig00000001_1263 (length 235)
/home/yuch3531/genome_analysis_project/5_genome_annotation/Prokka/E745_spades/E745_spades:tig00000001_1264 (length 96)
/home/yuch3531/genome_analysis_project/5_genome_annotation/Prokka/E745_spades/E745_spades:tig00000001_1265 (length 394)
/home/yuch3531/genome_analysis_project/5_genome_annotation/Prokka/E745_spades/E745_spades:tig00000001_1266 (length 45)
/home/yuch3531/genome_analysis_project/5_genome_annotation/Prokka/E745_spades/E745_spades:tig00000001_1267 (length 636)
/home/yuch3531/genome_analysis_project/5_genome_annotation/Prokka/E745_spades/E745_spades:tig00000001_1268 (length 167)
/home/yuch3531/genome_analysis_project/5_genome_annotation/Prokka/E745_spades/E745_spades:tig00000001_1269 (length 815)
/home/yuch3531/genome_analysis_project/5_genome_annotation/Prokka/E745_spades/E745_spades:tig00000001_1270 (length 707)
/home/yuch3531/genome_analysis_project/5_genome_annotation/Prokka/E745_spades/E745_spades:tig00000001_1271 (length 334)
/home/yuch3531/genome_analysis_project/5_genome_annotation/Prokka/E745_spades/E745_spades:tig00000001_1272 (length 303)
/home/yuch3531/genome_analysis_project/5_genome_annotation/Prokka/E745_spades/E745_spades:tig00000001_1273 (length 71)
/home/yuch3531/genome_analysis_project/5_genome_annotation/Prokka/E745_spades/E745_spades:tig00000001_1274 (length 479)
/home/yuch3531/genome_analysis_project/5_genome_annotation/Prokka/E745_spades/E745_spades:tig00000001_1275 (length 210)
/home/yuch3531/genome_analysis_project/5_genome_annotation/Prokka/E745_spades/E745_spades:tig00000001_1276 (length 483)
/home/yuch3531/genome_analysis_project/5_genome_annotation/Prokka/E745_spades/E745_spades:tig00000001_1277 (length 447)
/home/yuch3531/genome_analysis_project/5_genome_annotation/Prokka/E745_spades/E745_spades:tig00000001_1278 (length 1975)
/home/yuch3531/genome_analysis_project/5_genome_annotation/Prokka/E745_spades/E745_spades:tig00000001_1279 (length 144)
/home/yuch3531/genome_analysis_project/5_genome_annotation/Prokka/E745_spades/E745_spades:tig00000001_1280 (length 401)
/home/yuch3531/genome_analysis_project/5_genome_annotation/Prokka/E745_spades/E745_spades:tig00000001_1281 (length 128)
/home/yuch3531/genome_analysis_project/5_genome_annotation/Prokka/E745_spades/E745_spades:tig00000001_1282 (length 63)
/home/yuch3531/genome_analysis_project/5_genome_annotation/Prokka/E745_spades/E745_spades:tig00000001_1283 (length 64)
/home/yuch3531/genome_analysis_project/5_genome_annotation/Prokka/E745_spades/E745_spades:tig00000001_1284 (length 62)
/home/yuch3531/genome_analysis_project/5_genome_annotation/Prokka/E745_spades/E745_spades:tig00000001_1285 (length 375)
/home/yuch3531/genome_analysis_project/5_genome_annotation/Prokka/E745_spades/E745_spades:tig00000001_1286 (length 538)
/home/yuch3531/genome_analysis_project/5_genome_annotation/Prokka/E745_spades/E745_spades:tig00000001_1287 (length 72)
/home/yuch3531/genome_analysis_project/5_genome_annotation/Prokka/E745_spades/E745_spades:tig00000001_1288 (length 79)
/home/yuch3531/genome_analysis_project/5_genome_annotation/Prokka/E745_spades/E745_spades:tig00000001_1289 (length 507)
/home/yuch3531/genome_analysis_project/5_genome_annotation/Prokka/E745_spades/E745_spades:tig00000001_1290 (length 327)
/home/yuch3531/genome_analysis_project/5_genome_annotation/Prokka/E745_spades/E745_spades:tig00000001_1291 (length 49)
/home/yuch3531/genome_analysis_project/5_genome_annotation/Prokka/E745_spades/E745_spades:tig00000001_1292 (length 125)
/home/yuch3531/genome_analysis_project/5_genome_annotation/Prokka/E745_spades/E745_spades:tig00000001_1293 (length 59)
/home/yuch3531/genome_analysis_project/5_genome_annotation/Prokka/E745_spades/E745_spades:tig00000001_1294 (length 89)
/home/yuch3531/genome_analysis_project/5_genome_annotation/Prokka/E745_spades/E745_spades:tig00000001_1295 (length 580)
/home/yuch3531/genome_analysis_project/5_genome_annotation/Prokka/E745_spades/E745_spades:tig00000001_1296 (length 584)
/home/yuch3531/genome_analysis_project/5_genome_annotation/Prokka/E745_spades/E745_spades:tig00000001_1297 (length 189)
/home/yuch3531/genome_analysis_project/5_genome_annotation/Prokka/E745_spades/E745_spades:tig00000001_1298 (length 148)
/home/yuch3531/genome_analysis_project/5_genome_annotation/Prokka/E745_spades/E745_spades:tig00000001_1299 (length 321)
/home/yuch3531/genome_analysis_project/5_genome_annotation/Prokka/E745_spades/E745_spades:tig00000001_1300 (length 193)
/home/yuch3531/genome_analysis_project/5_genome_annotation/Prokka/E745_spades/E745_spades:tig00000001_1301 (length 172)
/home/yuch3531/genome_analysis_project/5_genome_annotation/Prokka/E745_spades/E745_spades:tig00000001_1302 (length 30)
/home/yuch3531/genome_analysis_project/5_genome_annotation/Prokka/E745_spades/E745_spades:tig00000001_1303 (length 77)
/home/yuch3531/genome_analysis_project/5_genome_annotation/Prokka/E745_spades/E745_spades:tig00000001_1304 (length 316)
/home/yuch3531/genome_analysis_project/5_genome_annotation/Prokka/E745_spades/E745_spades:tig00000001_1305 (length 135)
/home/yuch3531/genome_analysis_project/5_genome_annotation/Prokka/E745_spades/E745_spades:tig00000001_1306 (length 75)
/home/yuch3531/genome_analysis_project/5_genome_annotation/Prokka/E745_spades/E745_spades:tig00000001_1307 (length 395)
/home/yuch3531/genome_analysis_project/5_genome_annotation/Prokka/E745_spades/E745_spades:tig00000001_1308 (length 246)
/home/yuch3531/genome_analysis_project/5_genome_annotation/Prokka/E745_spades/E745_spades:tig00000001_1309 (length 408)
/home/yuch3531/genome_analysis_project/5_genome_annotation/Prokka/E745_spades/E745_spades:tig00000001_1310 (length 130)
/home/yuch3531/genome_analysis_project/5_genome_annotation/Prokka/E745_spades/E745_spades:tig00000001_1311 (length 147)
/home/yuch3531/genome_analysis_project/5_genome_annotation/Prokka/E745_spades/E745_spades:tig00000001_1312 (length 155)
/home/yuch3531/genome_analysis_project/5_genome_annotation/Prokka/E745_spades/E745_spades:tig00000001_1313 (length 512)
/home/yuch3531/genome_analysis_project/5_genome_annotation/Prokka/E745_spades/E745_spades:tig00000001_1314 (length 228)
/home/yuch3531/genome_analysis_project/5_genome_annotation/Prokka/E745_spades/E745_spades:tig00000001_1315 (length 175)
/home/yuch3531/genome_analysis_project/5_genome_annotation/Prokka/E745_spades/E745_spades:tig00000001_1316 (length 225)
/home/yuch3531/genome_analysis_project/5_genome_annotation/Prokka/E745_spades/E745_spades:tig00000001_1317 (length 376)
/home/yuch3531/genome_analysis_project/5_genome_annotation/Prokka/E745_spades/E745_spades:tig00000001_1318 (length 727)
/home/yuch3531/genome_analysis_project/5_genome_annotation/Prokka/E745_spades/E745_spades:tig00000001_1319 (length 341)
/home/yuch3531/genome_analysis_project/5_genome_annotation/Prokka/E745_spades/E745_spades:tig00000001_1320 (length 275)
/home/yuch3531/genome_analysis_project/5_genome_annotation/Prokka/E745_spades/E745_spades:tig00000001_1321 (length 355)
/home/yuch3531/genome_analysis_project/5_genome_annotation/Prokka/E745_spades/E745_spades:tig00000001_1322 (length 278)
/home/yuch3531/genome_analysis_project/5_genome_annotation/Prokka/E745_spades/E745_spades:tig00000001_1323 (length 289)
/home/yuch3531/genome_analysis_project/5_genome_annotation/Prokka/E745_spades/E745_spades:tig00000001_1324 (length 427)
/home/yuch3531/genome_analysis_project/5_genome_annotation/Prokka/E745_spades/E745_spades:tig00000001_1325 (length 561)
/home/yuch3531/genome_analysis_project/5_genome_annotation/Prokka/E745_spades/E745_spades:tig00000001_1326 (length 341)
/home/yuch3531/genome_analysis_project/5_genome_annotation/Prokka/E745_spades/E745_spades:tig00000001_1327 (length 1217)
/home/yuch3531/genome_analysis_project/5_genome_annotation/Prokka/E745_spades/E745_spades:tig00000001_1328 (length 1205)
/home/yuch3531/genome_analysis_project/5_genome_annotation/Prokka/E745_spades/E745_spades:tig00000001_1329 (length 322)
/home/yuch3531/genome_analysis_project/5_genome_annotation/Prokka/E745_spades/E745_spades:tig00000001_1330 (length 301)
/home/yuch3531/genome_analysis_project/5_genome_annotation/Prokka/E745_spades/E745_spades:tig00000001_1331 (length 268)
/home/yuch3531/genome_analysis_project/5_genome_annotation/Prokka/E745_spades/E745_spades:tig00000001_1332 (length 322)
/home/yuch3531/genome_analysis_project/5_genome_annotation/Prokka/E745_spades/E745_spades:tig00000001_1333 (length 174)
/home/yuch3531/genome_analysis_project/5_genome_annotation/Prokka/E745_spades/E745_spades:tig00000001_1334 (length 660)
/home/yuch3531/genome_analysis_project/5_genome_annotation/Prokka/E745_spades/E745_spades:tig00000001_1335 (length 328)
/home/yuch3531/genome_analysis_project/5_genome_annotation/Prokka/E745_spades/E745_spades:tig00000001_1336 (length 188)
/home/yuch3531/genome_analysis_project/5_genome_annotation/Prokka/E745_spades/E745_spades:tig00000001_1337 (length 138)
/home/yuch3531/genome_analysis_project/5_genome_annotation/Prokka/E745_spades/E745_spades:tig00000001_1338 (length 644)
/home/yuch3531/genome_analysis_project/5_genome_annotation/Prokka/E745_spades/E745_spades:tig00000001_1339 (length 318)
/home/yuch3531/genome_analysis_project/5_genome_annotation/Prokka/E745_spades/E745_spades:tig00000001_1340 (length 367)
/home/yuch3531/genome_analysis_project/5_genome_annotation/Prokka/E745_spades/E745_spades:tig00000001_1341 (length 317)
/home/yuch3531/genome_analysis_project/5_genome_annotation/Prokka/E745_spades/E745_spades:tig00000001_1342 (length 448)
/home/yuch3531/genome_analysis_project/5_genome_annotation/Prokka/E745_spades/E745_spades:tig00000001_1343 (length 416)
/home/yuch3531/genome_analysis_project/5_genome_annotation/Prokka/E745_spades/E745_spades:tig00000001_1344 (length 307)
/home/yuch3531/genome_analysis_project/5_genome_annotation/Prokka/E745_spades/E745_spades:tig00000001_1345 (length 830)
/home/yuch3531/genome_analysis_project/5_genome_annotation/Prokka/E745_spades/E745_spades:tig00000001_1346 (length 155)
/home/yuch3531/genome_analysis_project/5_genome_annotation/Prokka/E745_spades/E745_spades:tig00000001_1347 (length 229)
/home/yuch3531/genome_analysis_project/5_genome_annotation/Prokka/E745_spades/E745_spades:tig00000001_1348 (length 402)
/home/yuch3531/genome_analysis_project/5_genome_annotation/Prokka/E745_spades/E745_spades:tig00000001_1349 (length 423)
/home/yuch3531/genome_analysis_project/5_genome_annotation/Prokka/E745_spades/E745_spades:tig00000001_1350 (length 494)
/home/yuch3531/genome_analysis_project/5_genome_annotation/Prokka/E745_spades/E745_spades:tig00000001_1351 (length 231)
/home/yuch3531/genome_analysis_project/5_genome_annotation/Prokka/E745_spades/E745_spades:tig00000001_1352 (length 366)
/home/yuch3531/genome_analysis_project/5_genome_annotation/Prokka/E745_spades/E745_spades:tig00000001_1353 (length 63)
/home/yuch3531/genome_analysis_project/5_genome_annotation/Prokka/E745_spades/E745_spades:tig00000001_1354 (length 296)
/home/yuch3531/genome_analysis_project/5_genome_annotation/Prokka/E745_spades/E745_spades:tig00000001_1355 (length 255)
/home/yuch3531/genome_analysis_project/5_genome_annotation/Prokka/E745_spades/E745_spades:tig00000001_1356 (length 237)
/home/yuch3531/genome_analysis_project/5_genome_annotation/Prokka/E745_spades/E745_spades:tig00000001_1357 (length 633)
/home/yuch3531/genome_analysis_project/5_genome_annotation/Prokka/E745_spades/E745_spades:tig00000001_1358 (length 175)
/home/yuch3531/genome_analysis_project/5_genome_annotation/Prokka/E745_spades/E745_spades:tig00000001_1359 (length 278)
/home/yuch3531/genome_analysis_project/5_genome_annotation/Prokka/E745_spades/E745_spades:tig00000001_1360 (length 112)
/home/yuch3531/genome_analysis_project/5_genome_annotation/Prokka/E745_spades/E745_spades:tig00000001_1361 (length 252)
/home/yuch3531/genome_analysis_project/5_genome_annotation/Prokka/E745_spades/E745_spades:tig00000001_1362 (length 272)
/home/yuch3531/genome_analysis_project/5_genome_annotation/Prokka/E745_spades/E745_spades:tig00000001_1363 (length 118)
/home/yuch3531/genome_analysis_project/5_genome_annotation/Prokka/E745_spades/E745_spades:tig00000001_1364 (length 44)
/home/yuch3531/genome_analysis_project/5_genome_annotation/Prokka/E745_spades/E745_spades:tig00000001_1365 (length 444)
/home/yuch3531/genome_analysis_project/5_genome_annotation/Prokka/E745_spades/E745_spades:tig00000001_1366 (length 376)
/home/yuch3531/genome_analysis_project/5_genome_annotation/Prokka/E745_spades/E745_spades:tig00000001_1367 (length 102)
/home/yuch3531/genome_analysis_project/5_genome_annotation/Prokka/E745_spades/E745_spades:tig00000001_1368 (length 374)
/home/yuch3531/genome_analysis_project/5_genome_annotation/Prokka/E745_spades/E745_spades:tig00000001_1369 (length 648)
/home/yuch3531/genome_analysis_project/5_genome_annotation/Prokka/E745_spades/E745_spades:tig00000001_1370 (length 823)
/home/yuch3531/genome_analysis_project/5_genome_annotation/Prokka/E745_spades/E745_spades:tig00000001_1371 (length 99)
/home/yuch3531/genome_analysis_project/5_genome_annotation/Prokka/E745_spades/E745_spades:tig00000001_1372 (length 170)
/home/yuch3531/genome_analysis_project/5_genome_annotation/Prokka/E745_spades/E745_spades:tig00000001_1373 (length 78)
/home/yuch3531/genome_analysis_project/5_genome_annotation/Prokka/E745_spades/E745_spades:tig00000001_1374 (length 34)
/home/yuch3531/genome_analysis_project/5_genome_annotation/Prokka/E745_spades/E745_spades:tig00000001_1375 (length 657)
/home/yuch3531/genome_analysis_project/5_genome_annotation/Prokka/E745_spades/E745_spades:tig00000001_1376 (length 150)
/home/yuch3531/genome_analysis_project/5_genome_annotation/Prokka/E745_spades/E745_spades:tig00000001_1377 (length 455)
/home/yuch3531/genome_analysis_project/5_genome_annotation/Prokka/E745_spades/E745_spades:tig00000001_1378 (length 430)
/home/yuch3531/genome_analysis_project/5_genome_annotation/Prokka/E745_spades/E745_spades:tig00000001_1379 (length 287)
/home/yuch3531/genome_analysis_project/5_genome_annotation/Prokka/E745_spades/E745_spades:tig00000001_1380 (length 540)
/home/yuch3531/genome_analysis_project/5_genome_annotation/Prokka/E745_spades/E745_spades:tig00000001_1381 (length 173)
/home/yuch3531/genome_analysis_project/5_genome_annotation/Prokka/E745_spades/E745_spades:tig00000001_1382 (length 576)
/home/yuch3531/genome_analysis_project/5_genome_annotation/Prokka/E745_spades/E745_spades:tig00000001_1383 (length 272)
/home/yuch3531/genome_analysis_project/5_genome_annotation/Prokka/E745_spades/E745_spades:tig00000001_1384 (length 65)
/home/yuch3531/genome_analysis_project/5_genome_annotation/Prokka/E745_spades/E745_spades:tig00000001_1385 (length 192)
/home/yuch3531/genome_analysis_project/5_genome_annotation/Prokka/E745_spades/E745_spades:tig00000001_1386 (length 45)
/home/yuch3531/genome_analysis_project/5_genome_annotation/Prokka/E745_spades/E745_spades:tig00000001_1387 (length 167)
/home/yuch3531/genome_analysis_project/5_genome_annotation/Prokka/E745_spades/E745_spades:tig00000001_1388 (length 341)
/home/yuch3531/genome_analysis_project/5_genome_annotation/Prokka/E745_spades/E745_spades:tig00000001_1389 (length 287)
/home/yuch3531/genome_analysis_project/5_genome_annotation/Prokka/E745_spades/E745_spades:tig00000001_1390 (length 125)
/home/yuch3531/genome_analysis_project/5_genome_annotation/Prokka/E745_spades/E745_spades:tig00000001_1391 (length 76)
/home/yuch3531/genome_analysis_project/5_genome_annotation/Prokka/E745_spades/E745_spades:tig00000001_1392 (length 68)
/home/yuch3531/genome_analysis_project/5_genome_annotation/Prokka/E745_spades/E745_spades:tig00000001_1393 (length 123)
/home/yuch3531/genome_analysis_project/5_genome_annotation/Prokka/E745_spades/E745_spades:tig00000001_1394 (length 230)
/home/yuch3531/genome_analysis_project/5_genome_annotation/Prokka/E745_spades/E745_spades:tig00000001_1395 (length 261)
/home/yuch3531/genome_analysis_project/5_genome_annotation/Prokka/E745_spades/E745_spades:tig00000001_1396 (length 466)
/home/yuch3531/genome_analysis_project/5_genome_annotation/Prokka/E745_spades/E745_spades:tig00000001_1397 (length 105)
/home/yuch3531/genome_analysis_project/5_genome_annotation/Prokka/E745_spades/E745_spades:tig00000001_1398 (length 557)
/home/yuch3531/genome_analysis_project/5_genome_annotation/Prokka/E745_spades/E745_spades:tig00000001_1399 (length 543)
/home/yuch3531/genome_analysis_project/5_genome_annotation/Prokka/E745_spades/E745_spades:tig00000001_1400 (length 521)
/home/yuch3531/genome_analysis_project/5_genome_annotation/Prokka/E745_spades/E745_spades:tig00000001_1401 (length 307)
/home/yuch3531/genome_analysis_project/5_genome_annotation/Prokka/E745_spades/E745_spades:tig00000001_1402 (length 201)
/home/yuch3531/genome_analysis_project/5_genome_annotation/Prokka/E745_spades/E745_spades:tig00000001_1403 (length 338)
/home/yuch3531/genome_analysis_project/5_genome_annotation/Prokka/E745_spades/E745_spades:tig00000001_1404 (length 433)
/home/yuch3531/genome_analysis_project/5_genome_annotation/Prokka/E745_spades/E745_spades:tig00000001_1405 (length 220)
/home/yuch3531/genome_analysis_project/5_genome_annotation/Prokka/E745_spades/E745_spades:tig00000001_1406 (length 132)
/home/yuch3531/genome_analysis_project/5_genome_annotation/Prokka/E745_spades/E745_spades:tig00000001_1407 (length 360)
/home/yuch3531/genome_analysis_project/5_genome_annotation/Prokka/E745_spades/E745_spades:tig00000001_1408 (length 520)
/home/yuch3531/genome_analysis_project/5_genome_annotation/Prokka/E745_spades/E745_spades:tig00000001_1409 (length 377)
/home/yuch3531/genome_analysis_project/5_genome_annotation/Prokka/E745_spades/E745_spades:tig00000001_1410 (length 318)
/home/yuch3531/genome_analysis_project/5_genome_annotation/Prokka/E745_spades/E745_spades:tig00000001_1411 (length 388)
/home/yuch3531/genome_analysis_project/5_genome_annotation/Prokka/E745_spades/E745_spades:tig00000001_1412 (length 272)
/home/yuch3531/genome_analysis_project/5_genome_annotation/Prokka/E745_spades/E745_spades:tig00000001_1413 (length 235)
/home/yuch3531/genome_analysis_project/5_genome_annotation/Prokka/E745_spades/E745_spades:tig00000001_1414 (length 228)
/home/yuch3531/genome_analysis_project/5_genome_annotation/Prokka/E745_spades/E745_spades:tig00000001_1415 (length 193)
/home/yuch3531/genome_analysis_project/5_genome_annotation/Prokka/E745_spades/E745_spades:tig00000001_1416 (length 227)
/home/yuch3531/genome_analysis_project/5_genome_annotation/Prokka/E745_spades/E745_spades:tig00000001_1417 (length 137)
/home/yuch3531/genome_analysis_project/5_genome_annotation/Prokka/E745_spades/E745_spades:tig00000001_1418 (length 156)
/home/yuch3531/genome_analysis_project/5_genome_annotation/Prokka/E745_spades/E745_spades:tig00000001_1419 (length 695)
/home/yuch3531/genome_analysis_project/5_genome_annotation/Prokka/E745_spades/E745_spades:tig00000001_1420 (length 395)
/home/yuch3531/genome_analysis_project/5_genome_annotation/Prokka/E745_spades/E745_spades:tig00000001_1421 (length 102)
/home/yuch3531/genome_analysis_project/5_genome_annotation/Prokka/E745_spades/E745_spades:tig00000001_1422 (length 209)
/home/yuch3531/genome_analysis_project/5_genome_annotation/Prokka/E745_spades/E745_spades:tig00000001_1423 (length 207)
/home/yuch3531/genome_analysis_project/5_genome_annotation/Prokka/E745_spades/E745_spades:tig00000001_1424 (length 96)
/home/yuch3531/genome_analysis_project/5_genome_annotation/Prokka/E745_spades/E745_spades:tig00000001_1425 (length 277)
/home/yuch3531/genome_analysis_project/5_genome_annotation/Prokka/E745_spades/E745_spades:tig00000001_1426 (length 92)
/home/yuch3531/genome_analysis_project/5_genome_annotation/Prokka/E745_spades/E745_spades:tig00000001_1427 (length 115)
/home/yuch3531/genome_analysis_project/5_genome_annotation/Prokka/E745_spades/E745_spades:tig00000001_1428 (length 218)
/home/yuch3531/genome_analysis_project/5_genome_annotation/Prokka/E745_spades/E745_spades:tig00000001_1429 (length 144)
/home/yuch3531/genome_analysis_project/5_genome_annotation/Prokka/E745_spades/E745_spades:tig00000001_1430 (length 62)
/home/yuch3531/genome_analysis_project/5_genome_annotation/Prokka/E745_spades/E745_spades:tig00000001_1431 (length 88)
/home/yuch3531/genome_analysis_project/5_genome_annotation/Prokka/E745_spades/E745_spades:tig00000001_1432 (length 122)
/home/yuch3531/genome_analysis_project/5_genome_annotation/Prokka/E745_spades/E745_spades:tig00000001_1433 (length 102)
/home/yuch3531/genome_analysis_project/5_genome_annotation/Prokka/E745_spades/E745_spades:tig00000001_1434 (length 179)
/home/yuch3531/genome_analysis_project/5_genome_annotation/Prokka/E745_spades/E745_spades:tig00000001_1435 (length 61)
/home/yuch3531/genome_analysis_project/5_genome_annotation/Prokka/E745_spades/E745_spades:tig00000001_1436 (length 132)
/home/yuch3531/genome_analysis_project/5_genome_annotation/Prokka/E745_spades/E745_spades:tig00000001_1437 (length 178)
/home/yuch3531/genome_analysis_project/5_genome_annotation/Prokka/E745_spades/E745_spades:tig00000001_1438 (length 118)
/home/yuch3531/genome_analysis_project/5_genome_annotation/Prokka/E745_spades/E745_spades:tig00000001_1439 (length 166)
/home/yuch3531/genome_analysis_project/5_genome_annotation/Prokka/E745_spades/E745_spades:tig00000001_1440 (length 59)
/home/yuch3531/genome_analysis_project/5_genome_annotation/Prokka/E745_spades/E745_spades:tig00000001_1441 (length 146)
/home/yuch3531/genome_analysis_project/5_genome_annotation/Prokka/E745_spades/E745_spades:tig00000001_1442 (length 431)
/home/yuch3531/genome_analysis_project/5_genome_annotation/Prokka/E745_spades/E745_spades:tig00000001_1443 (length 215)
/home/yuch3531/genome_analysis_project/5_genome_annotation/Prokka/E745_spades/E745_spades:tig00000001_1444 (length 72)
/home/yuch3531/genome_analysis_project/5_genome_annotation/Prokka/E745_spades/E745_spades:tig00000001_1445 (length 38)
/home/yuch3531/genome_analysis_project/5_genome_annotation/Prokka/E745_spades/E745_spades:tig00000001_1446 (length 121)
/home/yuch3531/genome_analysis_project/5_genome_annotation/Prokka/E745_spades/E745_spades:tig00000001_1447 (length 129)
/home/yuch3531/genome_analysis_project/5_genome_annotation/Prokka/E745_spades/E745_spades:tig00000001_1448 (length 312)
/home/yuch3531/genome_analysis_project/5_genome_annotation/Prokka/E745_spades/E745_spades:tig00000001_1449 (length 126)
/home/yuch3531/genome_analysis_project/5_genome_annotation/Prokka/E745_spades/E745_spades:tig00000001_1450 (length 279)
/home/yuch3531/genome_analysis_project/5_genome_annotation/Prokka/E745_spades/E745_spades:tig00000001_1451 (length 289)
/home/yuch3531/genome_analysis_project/5_genome_annotation/Prokka/E745_spades/E745_spades:tig00000001_1452 (length 265)
/home/yuch3531/genome_analysis_project/5_genome_annotation/Prokka/E745_spades/E745_spades:tig00000001_1453 (length 248)
/home/yuch3531/genome_analysis_project/5_genome_annotation/Prokka/E745_spades/E745_spades:tig00000001_1454 (length 268)
/home/yuch3531/genome_analysis_project/5_genome_annotation/Prokka/E745_spades/E745_spades:tig00000001_1455 (length 122)
/home/yuch3531/genome_analysis_project/5_genome_annotation/Prokka/E745_spades/E745_spades:tig00000001_1456 (length 390)
/home/yuch3531/genome_analysis_project/5_genome_annotation/Prokka/E745_spades/E745_spades:tig00000001_1457 (length 392)
/home/yuch3531/genome_analysis_project/5_genome_annotation/Prokka/E745_spades/E745_spades:tig00000001_1458 (length 112)
/home/yuch3531/genome_analysis_project/5_genome_annotation/Prokka/E745_spades/E745_spades:tig00000001_1459 (length 182)
/home/yuch3531/genome_analysis_project/5_genome_annotation/Prokka/E745_spades/E745_spades:tig00000001_1460 (length 219)
/home/yuch3531/genome_analysis_project/5_genome_annotation/Prokka/E745_spades/E745_spades:tig00000001_1461 (length 302)
/home/yuch3531/genome_analysis_project/5_genome_annotation/Prokka/E745_spades/E745_spades:tig00000001_1462 (length 889)
/home/yuch3531/genome_analysis_project/5_genome_annotation/Prokka/E745_spades/E745_spades:tig00000001_1463 (length 62)
/home/yuch3531/genome_analysis_project/5_genome_annotation/Prokka/E745_spades/E745_spades:tig00000001_1464 (length 120)
/home/yuch3531/genome_analysis_project/5_genome_annotation/Prokka/E745_spades/E745_spades:tig00000001_1465 (length 560)
/home/yuch3531/genome_analysis_project/5_genome_annotation/Prokka/E745_spades/E745_spades:tig00000001_1466 (length 678)
/home/yuch3531/genome_analysis_project/5_genome_annotation/Prokka/E745_spades/E745_spades:tig00000001_1467 (length 333)
/home/yuch3531/genome_analysis_project/5_genome_annotation/Prokka/E745_spades/E745_spades:tig00000001_1468 (length 80)
/home/yuch3531/genome_analysis_project/5_genome_annotation/Prokka/E745_spades/E745_spades:tig00000001_1469 (length 395)
/home/yuch3531/genome_analysis_project/5_genome_annotation/Prokka/E745_spades/E745_spades:tig00000001_1470 (length 334)
/home/yuch3531/genome_analysis_project/5_genome_annotation/Prokka/E745_spades/E745_spades:tig00000001_1471 (length 314)
/home/yuch3531/genome_analysis_project/5_genome_annotation/Prokka/E745_spades/E745_spades:tig00000001_1472 (length 320)
/home/yuch3531/genome_analysis_project/5_genome_annotation/Prokka/E745_spades/E745_spades:tig00000001_1473 (length 304)
/home/yuch3531/genome_analysis_project/5_genome_annotation/Prokka/E745_spades/E745_spades:tig00000001_1474 (length 593)
/home/yuch3531/genome_analysis_project/5_genome_annotation/Prokka/E745_spades/E745_spades:tig00000001_1475 (length 228)
/home/yuch3531/genome_analysis_project/5_genome_annotation/Prokka/E745_spades/E745_spades:tig00000001_1476 (length 1193)
/home/yuch3531/genome_analysis_project/5_genome_annotation/Prokka/E745_spades/E745_spades:tig00000001_1477 (length 269)
/home/yuch3531/genome_analysis_project/5_genome_annotation/Prokka/E745_spades/E745_spades:tig00000001_1478 (length 332)
/home/yuch3531/genome_analysis_project/5_genome_annotation/Prokka/E745_spades/E745_spades:tig00000001_1479 (length 755)
/home/yuch3531/genome_analysis_project/5_genome_annotation/Prokka/E745_spades/E745_spades:tig00000001_1480 (length 150)
/home/yuch3531/genome_analysis_project/5_genome_annotation/Prokka/E745_spades/E745_spades:tig00000001_1481 (length 316)
/home/yuch3531/genome_analysis_project/5_genome_annotation/Prokka/E745_spades/E745_spades:tig00000001_1482 (length 319)
/home/yuch3531/genome_analysis_project/5_genome_annotation/Prokka/E745_spades/E745_spades:tig00000001_1483 (length 251)
/home/yuch3531/genome_analysis_project/5_genome_annotation/Prokka/E745_spades/E745_spades:tig00000001_1484 (length 317)
/home/yuch3531/genome_analysis_project/5_genome_annotation/Prokka/E745_spades/E745_spades:tig00000001_1485 (length 35)
/home/yuch3531/genome_analysis_project/5_genome_annotation/Prokka/E745_spades/E745_spades:tig00000001_1486 (length 317)
/home/yuch3531/genome_analysis_project/5_genome_annotation/Prokka/E745_spades/E745_spades:tig00000001_1487 (length 62)
/home/yuch3531/genome_analysis_project/5_genome_annotation/Prokka/E745_spades/E745_spades:tig00000001_1488 (length 390)
/home/yuch3531/genome_analysis_project/5_genome_annotation/Prokka/E745_spades/E745_spades:tig00000001_1489 (length 118)
/home/yuch3531/genome_analysis_project/5_genome_annotation/Prokka/E745_spades/E745_spades:tig00000001_1490 (length 299)
/home/yuch3531/genome_analysis_project/5_genome_annotation/Prokka/E745_spades/E745_spades:tig00000001_1491 (length 298)
/home/yuch3531/genome_analysis_project/5_genome_annotation/Prokka/E745_spades/E745_spades:tig00000001_1492 (length 242)
/home/yuch3531/genome_analysis_project/5_genome_annotation/Prokka/E745_spades/E745_spades:tig00000001_1493 (length 559)
/home/yuch3531/genome_analysis_project/5_genome_annotation/Prokka/E745_spades/E745_spades:tig00000001_1494 (length 319)
/home/yuch3531/genome_analysis_project/5_genome_annotation/Prokka/E745_spades/E745_spades:tig00000001_1495 (length 244)
/home/yuch3531/genome_analysis_project/5_genome_annotation/Prokka/E745_spades/E745_spades:tig00000001_1496 (length 136)
/home/yuch3531/genome_analysis_project/5_genome_annotation/Prokka/E745_spades/E745_spades:tig00000001_1497 (length 233)
/home/yuch3531/genome_analysis_project/5_genome_annotation/Prokka/E745_spades/E745_spades:tig00000001_1498 (length 527)
/home/yuch3531/genome_analysis_project/5_genome_annotation/Prokka/E745_spades/E745_spades:tig00000001_1499 (length 73)
/home/yuch3531/genome_analysis_project/5_genome_annotation/Prokka/E745_spades/E745_spades:tig00000001_1500 (length 253)
/home/yuch3531/genome_analysis_project/5_genome_annotation/Prokka/E745_spades/E745_spades:tig00000001_1501 (length 169)
/home/yuch3531/genome_analysis_project/5_genome_annotation/Prokka/E745_spades/E745_spades:tig00000001_1502 (length 179)
/home/yuch3531/genome_analysis_project/5_genome_annotation/Prokka/E745_spades/E745_spades:tig00000001_1503 (length 203)
/home/yuch3531/genome_analysis_project/5_genome_annotation/Prokka/E745_spades/E745_spades:tig00000001_1504 (length 277)
/home/yuch3531/genome_analysis_project/5_genome_annotation/Prokka/E745_spades/E745_spades:tig00000001_1505 (length 211)
/home/yuch3531/genome_analysis_project/5_genome_annotation/Prokka/E745_spades/E745_spades:tig00000001_1506 (length 257)
/home/yuch3531/genome_analysis_project/5_genome_annotation/Prokka/E745_spades/E745_spades:tig00000001_1507 (length 265)
/home/yuch3531/genome_analysis_project/5_genome_annotation/Prokka/E745_spades/E745_spades:tig00000001_1508 (length 124)
/home/yuch3531/genome_analysis_project/5_genome_annotation/Prokka/E745_spades/E745_spades:tig00000001_1509 (length 881)
/home/yuch3531/genome_analysis_project/5_genome_annotation/Prokka/E745_spades/E745_spades:tig00000001_1510 (length 702)
/home/yuch3531/genome_analysis_project/5_genome_annotation/Prokka/E745_spades/E745_spades:tig00000001_1511 (length 186)
/home/yuch3531/genome_analysis_project/5_genome_annotation/Prokka/E745_spades/E745_spades:tig00000001_1512 (length 662)
/home/yuch3531/genome_analysis_project/5_genome_annotation/Prokka/E745_spades/E745_spades:tig00000001_1513 (length 237)
/home/yuch3531/genome_analysis_project/5_genome_annotation/Prokka/E745_spades/E745_spades:tig00000001_1514 (length 148)
/home/yuch3531/genome_analysis_project/5_genome_annotation/Prokka/E745_spades/E745_spades:tig00000001_1515 (length 200)
/home/yuch3531/genome_analysis_project/5_genome_annotation/Prokka/E745_spades/E745_spades:tig00000001_1516 (length 333)
/home/yuch3531/genome_analysis_project/5_genome_annotation/Prokka/E745_spades/E745_spades:tig00000001_1517 (length 192)
/home/yuch3531/genome_analysis_project/5_genome_annotation/Prokka/E745_spades/E745_spades:tig00000001_1518 (length 160)
/home/yuch3531/genome_analysis_project/5_genome_annotation/Prokka/E745_spades/E745_spades:tig00000001_1519 (length 124)
/home/yuch3531/genome_analysis_project/5_genome_annotation/Prokka/E745_spades/E745_spades:tig00000001_1520 (length 317)
/home/yuch3531/genome_analysis_project/5_genome_annotation/Prokka/E745_spades/E745_spades:tig00000001_1521 (length 450)
/home/yuch3531/genome_analysis_project/5_genome_annotation/Prokka/E745_spades/E745_spades:tig00000001_1522 (length 196)
/home/yuch3531/genome_analysis_project/5_genome_annotation/Prokka/E745_spades/E745_spades:tig00000001_1523 (length 449)
/home/yuch3531/genome_analysis_project/5_genome_annotation/Prokka/E745_spades/E745_spades:tig00000001_1524 (length 246)
/home/yuch3531/genome_analysis_project/5_genome_annotation/Prokka/E745_spades/E745_spades:tig00000001_1525 (length 530)
/home/yuch3531/genome_analysis_project/5_genome_annotation/Prokka/E745_spades/E745_spades:tig00000001_1526 (length 63)
/home/yuch3531/genome_analysis_project/5_genome_annotation/Prokka/E745_spades/E745_spades:tig00000001_1527 (length 98)
/home/yuch3531/genome_analysis_project/5_genome_annotation/Prokka/E745_spades/E745_spades:tig00000001_1528 (length 241)
/home/yuch3531/genome_analysis_project/5_genome_annotation/Prokka/E745_spades/E745_spades:tig00000001_1529 (length 280)
/home/yuch3531/genome_analysis_project/5_genome_annotation/Prokka/E745_spades/E745_spades:tig00000001_1530 (length 173)
/home/yuch3531/genome_analysis_project/5_genome_annotation/Prokka/E745_spades/E745_spades:tig00000001_1531 (length 187)
/home/yuch3531/genome_analysis_project/5_genome_annotation/Prokka/E745_spades/E745_spades:tig00000001_1532 (length 89)
/home/yuch3531/genome_analysis_project/5_genome_annotation/Prokka/E745_spades/E745_spades:tig00000001_1533 (length 708)
/home/yuch3531/genome_analysis_project/5_genome_annotation/Prokka/E745_spades/E745_spades:tig00000001_1534 (length 88)
/home/yuch3531/genome_analysis_project/5_genome_annotation/Prokka/E745_spades/E745_spades:tig00000001_1535 (length 663)
/home/yuch3531/genome_analysis_project/5_genome_annotation/Prokka/E745_spades/E745_spades:tig00000001_1536 (length 433)
/home/yuch3531/genome_analysis_project/5_genome_annotation/Prokka/E745_spades/E745_spades:tig00000001_1537 (length 456)
/home/yuch3531/genome_analysis_project/5_genome_annotation/Prokka/E745_spades/E745_spades:tig00000001_1538 (length 107)
/home/yuch3531/genome_analysis_project/5_genome_annotation/Prokka/E745_spades/E745_spades:tig00000001_1539 (length 202)
/home/yuch3531/genome_analysis_project/5_genome_annotation/Prokka/E745_spades/E745_spades:tig00000001_1540 (length 238)
/home/yuch3531/genome_analysis_project/5_genome_annotation/Prokka/E745_spades/E745_spades:tig00000001_1541 (length 231)
/home/yuch3531/genome_analysis_project/5_genome_annotation/Prokka/E745_spades/E745_spades:tig00000001_1542 (length 209)
/home/yuch3531/genome_analysis_project/5_genome_annotation/Prokka/E745_spades/E745_spades:tig00000001_1543 (length 178)
/home/yuch3531/genome_analysis_project/5_genome_annotation/Prokka/E745_spades/E745_spades:tig00000001_1544 (length 170)
/home/yuch3531/genome_analysis_project/5_genome_annotation/Prokka/E745_spades/E745_spades:tig00000001_1545 (length 55)
/home/yuch3531/genome_analysis_project/5_genome_annotation/Prokka/E745_spades/E745_spades:tig00000001_1546 (length 200)
/home/yuch3531/genome_analysis_project/5_genome_annotation/Prokka/E745_spades/E745_spades:tig00000001_1547 (length 162)
/home/yuch3531/genome_analysis_project/5_genome_annotation/Prokka/E745_spades/E745_spades:tig00000001_1548 (length 457)
/home/yuch3531/genome_analysis_project/5_genome_annotation/Prokka/E745_spades/E745_spades:tig00000001_1549 (length 155)
/home/yuch3531/genome_analysis_project/5_genome_annotation/Prokka/E745_spades/E745_spades:tig00000001_1550 (length 530)
/home/yuch3531/genome_analysis_project/5_genome_annotation/Prokka/E745_spades/E745_spades:tig00000001_1551 (length 41)
/home/yuch3531/genome_analysis_project/5_genome_annotation/Prokka/E745_spades/E745_spades:tig00000001_1552 (length 358)
/home/yuch3531/genome_analysis_project/5_genome_annotation/Prokka/E745_spades/E745_spades:tig00000001_1553 (length 470)
/home/yuch3531/genome_analysis_project/5_genome_annotation/Prokka/E745_spades/E745_spades:tig00000001_1554 (length 503)
/home/yuch3531/genome_analysis_project/5_genome_annotation/Prokka/E745_spades/E745_spades:tig00000001_1555 (length 116)
/home/yuch3531/genome_analysis_project/5_genome_annotation/Prokka/E745_spades/E745_spades:tig00000001_1556 (length 373)
/home/yuch3531/genome_analysis_project/5_genome_annotation/Prokka/E745_spades/E745_spades:tig00000001_1557 (length 120)
/home/yuch3531/genome_analysis_project/5_genome_annotation/Prokka/E745_spades/E745_spades:tig00000001_1558 (length 89)
/home/yuch3531/genome_analysis_project/5_genome_annotation/Prokka/E745_spades/E745_spades:tig00000001_1559 (length 315)
/home/yuch3531/genome_analysis_project/5_genome_annotation/Prokka/E745_spades/E745_spades:tig00000001_1560 (length 901)
/home/yuch3531/genome_analysis_project/5_genome_annotation/Prokka/E745_spades/E745_spades:tig00000001_1561 (length 607)
/home/yuch3531/genome_analysis_project/5_genome_annotation/Prokka/E745_spades/E745_spades:tig00000001_1562 (length 87)
/home/yuch3531/genome_analysis_project/5_genome_annotation/Prokka/E745_spades/E745_spades:tig00000001_1563 (length 88)
/home/yuch3531/genome_analysis_project/5_genome_annotation/Prokka/E745_spades/E745_spades:tig00000001_1564 (length 162)
/home/yuch3531/genome_analysis_project/5_genome_annotation/Prokka/E745_spades/E745_spades:tig00000001_1565 (length 32)
/home/yuch3531/genome_analysis_project/5_genome_annotation/Prokka/E745_spades/E745_spades:tig00000001_1566 (length 223)
/home/yuch3531/genome_analysis_project/5_genome_annotation/Prokka/E745_spades/E745_spades:tig00000001_1567 (length 305)
/home/yuch3531/genome_analysis_project/5_genome_annotation/Prokka/E745_spades/E745_spades:tig00000001_1568 (length 213)
/home/yuch3531/genome_analysis_project/5_genome_annotation/Prokka/E745_spades/E745_spades:tig00000001_1569 (length 391)
/home/yuch3531/genome_analysis_project/5_genome_annotation/Prokka/E745_spades/E745_spades:tig00000001_1570 (length 343)
/home/yuch3531/genome_analysis_project/5_genome_annotation/Prokka/E745_spades/E745_spades:tig00000001_1571 (length 102)
/home/yuch3531/genome_analysis_project/5_genome_annotation/Prokka/E745_spades/E745_spades:tig00000001_1572 (length 763)
/home/yuch3531/genome_analysis_project/5_genome_annotation/Prokka/E745_spades/E745_spades:tig00000001_1573 (length 232)
/home/yuch3531/genome_analysis_project/5_genome_annotation/Prokka/E745_spades/E745_spades:tig00000001_1574 (length 381)
/home/yuch3531/genome_analysis_project/5_genome_annotation/Prokka/E745_spades/E745_spades:tig00000001_1575 (length 126)
/home/yuch3531/genome_analysis_project/5_genome_annotation/Prokka/E745_spades/E745_spades:tig00000001_1576 (length 439)
/home/yuch3531/genome_analysis_project/5_genome_annotation/Prokka/E745_spades/E745_spades:tig00000001_1577 (length 865)
/home/yuch3531/genome_analysis_project/5_genome_annotation/Prokka/E745_spades/E745_spades:tig00000001_1578 (length 317)
/home/yuch3531/genome_analysis_project/5_genome_annotation/Prokka/E745_spades/E745_spades:tig00000001_1579 (length 62)
/home/yuch3531/genome_analysis_project/5_genome_annotation/Prokka/E745_spades/E745_spades:tig00000001_1580 (length 486)
/home/yuch3531/genome_analysis_project/5_genome_annotation/Prokka/E745_spades/E745_spades:tig00000001_1581 (length 418)
/home/yuch3531/genome_analysis_project/5_genome_annotation/Prokka/E745_spades/E745_spades:tig00000001_1582 (length 281)
/home/yuch3531/genome_analysis_project/5_genome_annotation/Prokka/E745_spades/E745_spades:tig00000001_1583 (length 103)
/home/yuch3531/genome_analysis_project/5_genome_annotation/Prokka/E745_spades/E745_spades:tig00000001_1584 (length 383)
/home/yuch3531/genome_analysis_project/5_genome_annotation/Prokka/E745_spades/E745_spades:tig00000001_1585 (length 252)
/home/yuch3531/genome_analysis_project/5_genome_annotation/Prokka/E745_spades/E745_spades:tig00000001_1586 (length 214)
/home/yuch3531/genome_analysis_project/5_genome_annotation/Prokka/E745_spades/E745_spades:tig00000001_1587 (length 335)
/home/yuch3531/genome_analysis_project/5_genome_annotation/Prokka/E745_spades/E745_spades:tig00000001_1588 (length 280)
/home/yuch3531/genome_analysis_project/5_genome_annotation/Prokka/E745_spades/E745_spades:tig00000001_1589 (length 44)
/home/yuch3531/genome_analysis_project/5_genome_annotation/Prokka/E745_spades/E745_spades:tig00000001_1590 (length 224)
/home/yuch3531/genome_analysis_project/5_genome_annotation/Prokka/E745_spades/E745_spades:tig00000001_1591 (length 354)
/home/yuch3531/genome_analysis_project/5_genome_annotation/Prokka/E745_spades/E745_spades:tig00000001_1592 (length 361)
/home/yuch3531/genome_analysis_project/5_genome_annotation/Prokka/E745_spades/E745_spades:tig00000001_1593 (length 325)
/home/yuch3531/genome_analysis_project/5_genome_annotation/Prokka/E745_spades/E745_spades:tig00000001_1594 (length 314)
/home/yuch3531/genome_analysis_project/5_genome_annotation/Prokka/E745_spades/E745_spades:tig00000001_1595 (length 217)
/home/yuch3531/genome_analysis_project/5_genome_annotation/Prokka/E745_spades/E745_spades:tig00000001_1596 (length 301)
/home/yuch3531/genome_analysis_project/5_genome_annotation/Prokka/E745_spades/E745_spades:tig00000001_1597 (length 210)
/home/yuch3531/genome_analysis_project/5_genome_annotation/Prokka/E745_spades/E745_spades:tig00000001_1598 (length 174)
/home/yuch3531/genome_analysis_project/5_genome_annotation/Prokka/E745_spades/E745_spades:tig00000001_1599 (length 66)
/home/yuch3531/genome_analysis_project/5_genome_annotation/Prokka/E745_spades/E745_spades:tig00000001_1600 (length 119)
/home/yuch3531/genome_analysis_project/5_genome_annotation/Prokka/E745_spades/E745_spades:tig00000001_1601 (length 445)
/home/yuch3531/genome_analysis_project/5_genome_annotation/Prokka/E745_spades/E745_spades:tig00000001_1602 (length 709)
/home/yuch3531/genome_analysis_project/5_genome_annotation/Prokka/E745_spades/E745_spades:tig00000001_1603 (length 229)
/home/yuch3531/genome_analysis_project/5_genome_annotation/Prokka/E745_spades/E745_spades:tig00000001_1604 (length 228)
/home/yuch3531/genome_analysis_project/5_genome_annotation/Prokka/E745_spades/E745_spades:tig00000001_1605 (length 55)
/home/yuch3531/genome_analysis_project/5_genome_annotation/Prokka/E745_spades/E745_spades:tig00000001_1606 (length 146)
/home/yuch3531/genome_analysis_project/5_genome_annotation/Prokka/E745_spades/E745_spades:tig00000001_1607 (length 281)
/home/yuch3531/genome_analysis_project/5_genome_annotation/Prokka/E745_spades/E745_spades:tig00000001_1608 (length 472)
/home/yuch3531/genome_analysis_project/5_genome_annotation/Prokka/E745_spades/E745_spades:tig00000001_1609 (length 96)
/home/yuch3531/genome_analysis_project/5_genome_annotation/Prokka/E745_spades/E745_spades:tig00000001_1610 (length 105)
/home/yuch3531/genome_analysis_project/5_genome_annotation/Prokka/E745_spades/E745_spades:tig00000001_1611 (length 318)
/home/yuch3531/genome_analysis_project/5_genome_annotation/Prokka/E745_spades/E745_spades:tig00000001_1612 (length 117)
/home/yuch3531/genome_analysis_project/5_genome_annotation/Prokka/E745_spades/E745_spades:tig00000001_1613 (length 359)
/home/yuch3531/genome_analysis_project/5_genome_annotation/Prokka/E745_spades/E745_spades:tig00000001_1614 (length 106)
/home/yuch3531/genome_analysis_project/5_genome_annotation/Prokka/E745_spades/E745_spades:tig00000001_1615 (length 155)
/home/yuch3531/genome_analysis_project/5_genome_annotation/Prokka/E745_spades/E745_spades:tig00000001_1616 (length 201)
/home/yuch3531/genome_analysis_project/5_genome_annotation/Prokka/E745_spades/E745_spades:tig00000001_1617 (length 427)
/home/yuch3531/genome_analysis_project/5_genome_annotation/Prokka/E745_spades/E745_spades:tig00000001_1618 (length 159)
/home/yuch3531/genome_analysis_project/5_genome_annotation/Prokka/E745_spades/E745_spades:tig00000001_1619 (length 278)
/home/yuch3531/genome_analysis_project/5_genome_annotation/Prokka/E745_spades/E745_spades:tig00000001_1620 (length 96)
/home/yuch3531/genome_analysis_project/5_genome_annotation/Prokka/E745_spades/E745_spades:tig00000001_1621 (length 376)
/home/yuch3531/genome_analysis_project/5_genome_annotation/Prokka/E745_spades/E745_spades:tig00000001_1622 (length 302)
/home/yuch3531/genome_analysis_project/5_genome_annotation/Prokka/E745_spades/E745_spades:tig00000001_1623 (length 284)
/home/yuch3531/genome_analysis_project/5_genome_annotation/Prokka/E745_spades/E745_spades:tig00000001_1624 (length 749)
/home/yuch3531/genome_analysis_project/5_genome_annotation/Prokka/E745_spades/E745_spades:tig00000001_1625 (length 390)
/home/yuch3531/genome_analysis_project/5_genome_annotation/Prokka/E745_spades/E745_spades:tig00000001_1626 (length 439)
/home/yuch3531/genome_analysis_project/5_genome_annotation/Prokka/E745_spades/E745_spades:tig00000001_1627 (length 119)
/home/yuch3531/genome_analysis_project/5_genome_annotation/Prokka/E745_spades/E745_spades:tig00000001_1628 (length 258)
/home/yuch3531/genome_analysis_project/5_genome_annotation/Prokka/E745_spades/E745_spades:tig00000001_1629 (length 102)
/home/yuch3531/genome_analysis_project/5_genome_annotation/Prokka/E745_spades/E745_spades:tig00000001_1630 (length 99)
/home/yuch3531/genome_analysis_project/5_genome_annotation/Prokka/E745_spades/E745_spades:tig00000001_1631 (length 183)
/home/yuch3531/genome_analysis_project/5_genome_annotation/Prokka/E745_spades/E745_spades:tig00000001_1632 (length 439)
/home/yuch3531/genome_analysis_project/5_genome_annotation/Prokka/E745_spades/E745_spades:tig00000001_1633 (length 97)
/home/yuch3531/genome_analysis_project/5_genome_annotation/Prokka/E745_spades/E745_spades:tig00000001_1634 (length 98)
/home/yuch3531/genome_analysis_project/5_genome_annotation/Prokka/E745_spades/E745_spades:tig00000001_1635 (length 220)
/home/yuch3531/genome_analysis_project/5_genome_annotation/Prokka/E745_spades/E745_spades:tig00000001_1636 (length 300)
/home/yuch3531/genome_analysis_project/5_genome_annotation/Prokka/E745_spades/E745_spades:tig00000001_1637 (length 464)
/home/yuch3531/genome_analysis_project/5_genome_annotation/Prokka/E745_spades/E745_spades:tig00000001_1638 (length 66)
/home/yuch3531/genome_analysis_project/5_genome_annotation/Prokka/E745_spades/E745_spades:tig00000001_1639 (length 79)
/home/yuch3531/genome_analysis_project/5_genome_annotation/Prokka/E745_spades/E745_spades:tig00000001_1640 (length 457)
/home/yuch3531/genome_analysis_project/5_genome_annotation/Prokka/E745_spades/E745_spades:tig00000001_1641 (length 545)
/home/yuch3531/genome_analysis_project/5_genome_annotation/Prokka/E745_spades/E745_spades:tig00000001_1642 (length 362)
/home/yuch3531/genome_analysis_project/5_genome_annotation/Prokka/E745_spades/E745_spades:tig00000001_1643 (length 317)
/home/yuch3531/genome_analysis_project/5_genome_annotation/Prokka/E745_spades/E745_spades:tig00000001_1644 (length 85)
/home/yuch3531/genome_analysis_project/5_genome_annotation/Prokka/E745_spades/E745_spades:tig00000001_1645 (length 134)
/home/yuch3531/genome_analysis_project/5_genome_annotation/Prokka/E745_spades/E745_spades:tig00000001_1646 (length 885)
/home/yuch3531/genome_analysis_project/5_genome_annotation/Prokka/E745_spades/E745_spades:tig00000001_1647 (length 158)
/home/yuch3531/genome_analysis_project/5_genome_annotation/Prokka/E745_spades/E745_spades:tig00000001_1648 (length 262)
/home/yuch3531/genome_analysis_project/5_genome_annotation/Prokka/E745_spades/E745_spades:tig00000001_1649 (length 265)
/home/yuch3531/genome_analysis_project/5_genome_annotation/Prokka/E745_spades/E745_spades:tig00000001_1650 (length 131)
/home/yuch3531/genome_analysis_project/5_genome_annotation/Prokka/E745_spades/E745_spades:tig00000001_1651 (length 373)
/home/yuch3531/genome_analysis_project/5_genome_annotation/Prokka/E745_spades/E745_spades:tig00000001_1652 (length 289)
/home/yuch3531/genome_analysis_project/5_genome_annotation/Prokka/E745_spades/E745_spades:tig00000001_1653 (length 53)
/home/yuch3531/genome_analysis_project/5_genome_annotation/Prokka/E745_spades/E745_spades:tig00000001_1654 (length 317)
/home/yuch3531/genome_analysis_project/5_genome_annotation/Prokka/E745_spades/E745_spades:tig00000001_1655 (length 170)
/home/yuch3531/genome_analysis_project/5_genome_annotation/Prokka/E745_spades/E745_spades:tig00000001_1656 (length 333)
/home/yuch3531/genome_analysis_project/5_genome_annotation/Prokka/E745_spades/E745_spades:tig00000001_1657 (length 413)
/home/yuch3531/genome_analysis_project/5_genome_annotation/Prokka/E745_spades/E745_spades:tig00000001_1658 (length 211)
/home/yuch3531/genome_analysis_project/5_genome_annotation/Prokka/E745_spades/E745_spades:tig00000001_1659 (length 544)
/home/yuch3531/genome_analysis_project/5_genome_annotation/Prokka/E745_spades/E745_spades:tig00000001_1660 (length 143)
/home/yuch3531/genome_analysis_project/5_genome_annotation/Prokka/E745_spades/E745_spades:tig00000001_1661 (length 82)
/home/yuch3531/genome_analysis_project/5_genome_annotation/Prokka/E745_spades/E745_spades:tig00000001_1662 (length 317)
/home/yuch3531/genome_analysis_project/5_genome_annotation/Prokka/E745_spades/E745_spades:tig00000001_1663 (length 150)
/home/yuch3531/genome_analysis_project/5_genome_annotation/Prokka/E745_spades/E745_spades:tig00000001_1664 (length 173)
/home/yuch3531/genome_analysis_project/5_genome_annotation/Prokka/E745_spades/E745_spades:tig00000001_1665 (length 236)
/home/yuch3531/genome_analysis_project/5_genome_annotation/Prokka/E745_spades/E745_spades:tig00000001_1666 (length 122)
/home/yuch3531/genome_analysis_project/5_genome_annotation/Prokka/E745_spades/E745_spades:tig00000001_1667 (length 74)
/home/yuch3531/genome_analysis_project/5_genome_annotation/Prokka/E745_spades/E745_spades:tig00000001_1668 (length 517)
/home/yuch3531/genome_analysis_project/5_genome_annotation/Prokka/E745_spades/E745_spades:tig00000001_1669 (length 437)
/home/yuch3531/genome_analysis_project/5_genome_annotation/Prokka/E745_spades/E745_spades:tig00000001_1670 (length 545)
/home/yuch3531/genome_analysis_project/5_genome_annotation/Prokka/E745_spades/E745_spades:tig00000001_1671 (length 164)
/home/yuch3531/genome_analysis_project/5_genome_annotation/Prokka/E745_spades/E745_spades:tig00000001_1672 (length 363)
/home/yuch3531/genome_analysis_project/5_genome_annotation/Prokka/E745_spades/E745_spades:tig00000001_1673 (length 225)
/home/yuch3531/genome_analysis_project/5_genome_annotation/Prokka/E745_spades/E745_spades:tig00000001_1674 (length 431)
/home/yuch3531/genome_analysis_project/5_genome_annotation/Prokka/E745_spades/E745_spades:tig00000001_1675 (length 486)
/home/yuch3531/genome_analysis_project/5_genome_annotation/Prokka/E745_spades/E745_spades:tig00000001_1676 (length 498)
/home/yuch3531/genome_analysis_project/5_genome_annotation/Prokka/E745_spades/E745_spades:tig00000001_1677 (length 607)
/home/yuch3531/genome_analysis_project/5_genome_annotation/Prokka/E745_spades/E745_spades:tig00000001_1678 (length 238)
/home/yuch3531/genome_analysis_project/5_genome_annotation/Prokka/E745_spades/E745_spades:tig00000001_1679 (length 642)
/home/yuch3531/genome_analysis_project/5_genome_annotation/Prokka/E745_spades/E745_spades:tig00000001_1680 (length 184)
/home/yuch3531/genome_analysis_project/5_genome_annotation/Prokka/E745_spades/E745_spades:tig00000001_1681 (length 104)
/home/yuch3531/genome_analysis_project/5_genome_annotation/Prokka/E745_spades/E745_spades:tig00000001_1682 (length 86)
/home/yuch3531/genome_analysis_project/5_genome_annotation/Prokka/E745_spades/E745_spades:tig00000001_1683 (length 104)
/home/yuch3531/genome_analysis_project/5_genome_annotation/Prokka/E745_spades/E745_spades:tig00000001_1684 (length 551)
/home/yuch3531/genome_analysis_project/5_genome_annotation/Prokka/E745_spades/E745_spades:tig00000001_1685 (length 616)
/home/yuch3531/genome_analysis_project/5_genome_annotation/Prokka/E745_spades/E745_spades:tig00000001_1686 (length 95)
/home/yuch3531/genome_analysis_project/5_genome_annotation/Prokka/E745_spades/E745_spades:tig00000001_1687 (length 115)
/home/yuch3531/genome_analysis_project/5_genome_annotation/Prokka/E745_spades/E745_spades:tig00000001_1688 (length 434)
/home/yuch3531/genome_analysis_project/5_genome_annotation/Prokka/E745_spades/E745_spades:tig00000001_1689 (length 285)
/home/yuch3531/genome_analysis_project/5_genome_annotation/Prokka/E745_spades/E745_spades:tig00000001_1690 (length 106)
/home/yuch3531/genome_analysis_project/5_genome_annotation/Prokka/E745_spades/E745_spades:tig00000001_1691 (length 131)
/home/yuch3531/genome_analysis_project/5_genome_annotation/Prokka/E745_spades/E745_spades:tig00000001_1692 (length 336)
/home/yuch3531/genome_analysis_project/5_genome_annotation/Prokka/E745_spades/E745_spades:tig00000001_1693 (length 201)
/home/yuch3531/genome_analysis_project/5_genome_annotation/Prokka/E745_spades/E745_spades:tig00000001_1694 (length 221)
/home/yuch3531/genome_analysis_project/5_genome_annotation/Prokka/E745_spades/E745_spades:tig00000001_1695 (length 219)
/home/yuch3531/genome_analysis_project/5_genome_annotation/Prokka/E745_spades/E745_spades:tig00000001_1696 (length 536)
/home/yuch3531/genome_analysis_project/5_genome_annotation/Prokka/E745_spades/E745_spades:tig00000001_1697 (length 206)
/home/yuch3531/genome_analysis_project/5_genome_annotation/Prokka/E745_spades/E745_spades:tig00000001_1698 (length 317)
/home/yuch3531/genome_analysis_project/5_genome_annotation/Prokka/E745_spades/E745_spades:tig00000001_1699 (length 82)
/home/yuch3531/genome_analysis_project/5_genome_annotation/Prokka/E745_spades/E745_spades:tig00000001_1700 (length 199)
/home/yuch3531/genome_analysis_project/5_genome_annotation/Prokka/E745_spades/E745_spades:tig00000001_1701 (length 433)
/home/yuch3531/genome_analysis_project/5_genome_annotation/Prokka/E745_spades/E745_spades:tig00000001_1702 (length 418)
/home/yuch3531/genome_analysis_project/5_genome_annotation/Prokka/E745_spades/E745_spades:tig00000001_1703 (length 625)
/home/yuch3531/genome_analysis_project/5_genome_annotation/Prokka/E745_spades/E745_spades:tig00000001_1704 (length 473)
/home/yuch3531/genome_analysis_project/5_genome_annotation/Prokka/E745_spades/E745_spades:tig00000001_1705 (length 271)
/home/yuch3531/genome_analysis_project/5_genome_annotation/Prokka/E745_spades/E745_spades:tig00000001_1706 (length 171)
/home/yuch3531/genome_analysis_project/5_genome_annotation/Prokka/E745_spades/E745_spades:tig00000001_1707 (length 339)
/home/yuch3531/genome_analysis_project/5_genome_annotation/Prokka/E745_spades/E745_spades:tig00000001_1708 (length 335)
/home/yuch3531/genome_analysis_project/5_genome_annotation/Prokka/E745_spades/E745_spades:tig00000001_1709 (length 221)
/home/yuch3531/genome_analysis_project/5_genome_annotation/Prokka/E745_spades/E745_spades:tig00000001_1710 (length 764)
/home/yuch3531/genome_analysis_project/5_genome_annotation/Prokka/E745_spades/E745_spades:tig00000001_1711 (length 721)
/home/yuch3531/genome_analysis_project/5_genome_annotation/Prokka/E745_spades/E745_spades:tig00000001_1712 (length 277)
/home/yuch3531/genome_analysis_project/5_genome_annotation/Prokka/E745_spades/E745_spades:tig00000001_1713 (length 553)
/home/yuch3531/genome_analysis_project/5_genome_annotation/Prokka/E745_spades/E745_spades:tig00000001_1714 (length 439)
/home/yuch3531/genome_analysis_project/5_genome_annotation/Prokka/E745_spades/E745_spades:tig00000001_1715 (length 322)
/home/yuch3531/genome_analysis_project/5_genome_annotation/Prokka/E745_spades/E745_spades:tig00000001_1716 (length 147)
/home/yuch3531/genome_analysis_project/5_genome_annotation/Prokka/E745_spades/E745_spades:tig00000001_1717 (length 176)
/home/yuch3531/genome_analysis_project/5_genome_annotation/Prokka/E745_spades/E745_spades:tig00000001_1718 (length 183)
/home/yuch3531/genome_analysis_project/5_genome_annotation/Prokka/E745_spades/E745_spades:tig00000001_1719 (length 157)
/home/yuch3531/genome_analysis_project/5_genome_annotation/Prokka/E745_spades/E745_spades:tig00000001_1720 (length 490)
/home/yuch3531/genome_analysis_project/5_genome_annotation/Prokka/E745_spades/E745_spades:tig00000001_1721 (length 221)
/home/yuch3531/genome_analysis_project/5_genome_annotation/Prokka/E745_spades/E745_spades:tig00000001_1722 (length 94)
/home/yuch3531/genome_analysis_project/5_genome_annotation/Prokka/E745_spades/E745_spades:tig00000001_1723 (length 139)
/home/yuch3531/genome_analysis_project/5_genome_annotation/Prokka/E745_spades/E745_spades:tig00000001_1724 (length 194)
/home/yuch3531/genome_analysis_project/5_genome_annotation/Prokka/E745_spades/E745_spades:tig00000001_1725 (length 491)
/home/yuch3531/genome_analysis_project/5_genome_annotation/Prokka/E745_spades/E745_spades:tig00000001_1726 (length 103)
/home/yuch3531/genome_analysis_project/5_genome_annotation/Prokka/E745_spades/E745_spades:tig00000001_1727 (length 778)
/home/yuch3531/genome_analysis_project/5_genome_annotation/Prokka/E745_spades/E745_spades:tig00000001_1728 (length 222)
/home/yuch3531/genome_analysis_project/5_genome_annotation/Prokka/E745_spades/E745_spades:tig00000001_1729 (length 347)
/home/yuch3531/genome_analysis_project/5_genome_annotation/Prokka/E745_spades/E745_spades:tig00000001_1730 (length 293)
/home/yuch3531/genome_analysis_project/5_genome_annotation/Prokka/E745_spades/E745_spades:tig00000001_1731 (length 242)
/home/yuch3531/genome_analysis_project/5_genome_annotation/Prokka/E745_spades/E745_spades:tig00000001_1732 (length 105)
/home/yuch3531/genome_analysis_project/5_genome_annotation/Prokka/E745_spades/E745_spades:tig00000001_1733 (length 202)
/home/yuch3531/genome_analysis_project/5_genome_annotation/Prokka/E745_spades/E745_spades:tig00000001_1734 (length 276)
/home/yuch3531/genome_analysis_project/5_genome_annotation/Prokka/E745_spades/E745_spades:tig00000001_1735 (length 162)
/home/yuch3531/genome_analysis_project/5_genome_annotation/Prokka/E745_spades/E745_spades:tig00000001_1736 (length 290)
/home/yuch3531/genome_analysis_project/5_genome_annotation/Prokka/E745_spades/E745_spades:tig00000001_1737 (length 120)
/home/yuch3531/genome_analysis_project/5_genome_annotation/Prokka/E745_spades/E745_spades:tig00000001_1738 (length 250)
/home/yuch3531/genome_analysis_project/5_genome_annotation/Prokka/E745_spades/E745_spades:tig00000001_1739 (length 600)
/home/yuch3531/genome_analysis_project/5_genome_annotation/Prokka/E745_spades/E745_spades:tig00000001_1740 (length 346)
/home/yuch3531/genome_analysis_project/5_genome_annotation/Prokka/E745_spades/E745_spades:tig00000001_1741 (length 714)
/home/yuch3531/genome_analysis_project/5_genome_annotation/Prokka/E745_spades/E745_spades:tig00000001_1742 (length 457)
/home/yuch3531/genome_analysis_project/5_genome_annotation/Prokka/E745_spades/E745_spades:tig00000001_1743 (length 131)
/home/yuch3531/genome_analysis_project/5_genome_annotation/Prokka/E745_spades/E745_spades:tig00000001_1744 (length 305)
/home/yuch3531/genome_analysis_project/5_genome_annotation/Prokka/E745_spades/E745_spades:tig00000001_1745 (length 337)
/home/yuch3531/genome_analysis_project/5_genome_annotation/Prokka/E745_spades/E745_spades:tig00000001_1746 (length 199)
/home/yuch3531/genome_analysis_project/5_genome_annotation/Prokka/E745_spades/E745_spades:tig00000001_1747 (length 233)
/home/yuch3531/genome_analysis_project/5_genome_annotation/Prokka/E745_spades/E745_spades:tig00000001_1748 (length 903)
/home/yuch3531/genome_analysis_project/5_genome_annotation/Prokka/E745_spades/E745_spades:tig00000001_1749 (length 542)
/home/yuch3531/genome_analysis_project/5_genome_annotation/Prokka/E745_spades/E745_spades:tig00000001_1750 (length 393)
/home/yuch3531/genome_analysis_project/5_genome_annotation/Prokka/E745_spades/E745_spades:tig00000001_1751 (length 509)
/home/yuch3531/genome_analysis_project/5_genome_annotation/Prokka/E745_spades/E745_spades:tig00000001_1752 (length 242)
/home/yuch3531/genome_analysis_project/5_genome_annotation/Prokka/E745_spades/E745_spades:tig00000001_1753 (length 426)
/home/yuch3531/genome_analysis_project/5_genome_annotation/Prokka/E745_spades/E745_spades:tig00000001_1754 (length 36)
/home/yuch3531/genome_analysis_project/5_genome_annotation/Prokka/E745_spades/E745_spades:tig00000001_1755 (length 200)
/home/yuch3531/genome_analysis_project/5_genome_annotation/Prokka/E745_spades/E745_spades:tig00000001_1756 (length 68)
/home/yuch3531/genome_analysis_project/5_genome_annotation/Prokka/E745_spades/E745_spades:tig00000001_1757 (length 235)
/home/yuch3531/genome_analysis_project/5_genome_annotation/Prokka/E745_spades/E745_spades:tig00000001_1758 (length 227)
/home/yuch3531/genome_analysis_project/5_genome_annotation/Prokka/E745_spades/E745_spades:tig00000001_1759 (length 728)
/home/yuch3531/genome_analysis_project/5_genome_annotation/Prokka/E745_spades/E745_spades:tig00000001_1760 (length 136)
/home/yuch3531/genome_analysis_project/5_genome_annotation/Prokka/E745_spades/E745_spades:tig00000001_1761 (length 118)
/home/yuch3531/genome_analysis_project/5_genome_annotation/Prokka/E745_spades/E745_spades:tig00000001_1762 (length 156)
/home/yuch3531/genome_analysis_project/5_genome_annotation/Prokka/E745_spades/E745_spades:tig00000001_1763 (length 152)
/home/yuch3531/genome_analysis_project/5_genome_annotation/Prokka/E745_spades/E745_spades:tig00000001_1764 (length 381)
/home/yuch3531/genome_analysis_project/5_genome_annotation/Prokka/E745_spades/E745_spades:tig00000001_1765 (length 305)
/home/yuch3531/genome_analysis_project/5_genome_annotation/Prokka/E745_spades/E745_spades:tig00000001_1766 (length 187)
/home/yuch3531/genome_analysis_project/5_genome_annotation/Prokka/E745_spades/E745_spades:tig00000001_1767 (length 419)
/home/yuch3531/genome_analysis_project/5_genome_annotation/Prokka/E745_spades/E745_spades:tig00000001_1768 (length 266)
/home/yuch3531/genome_analysis_project/5_genome_annotation/Prokka/E745_spades/E745_spades:tig00000001_1769 (length 293)
/home/yuch3531/genome_analysis_project/5_genome_annotation/Prokka/E745_spades/E745_spades:tig00000001_1770 (length 238)
/home/yuch3531/genome_analysis_project/5_genome_annotation/Prokka/E745_spades/E745_spades:tig00000001_1771 (length 231)
/home/yuch3531/genome_analysis_project/5_genome_annotation/Prokka/E745_spades/E745_spades:tig00000001_1772 (length 333)
/home/yuch3531/genome_analysis_project/5_genome_annotation/Prokka/E745_spades/E745_spades:tig00000001_1773 (length 453)
/home/yuch3531/genome_analysis_project/5_genome_annotation/Prokka/E745_spades/E745_spades:tig00000001_1774 (length 383)
/home/yuch3531/genome_analysis_project/5_genome_annotation/Prokka/E745_spades/E745_spades:tig00000001_1775 (length 389)
/home/yuch3531/genome_analysis_project/5_genome_annotation/Prokka/E745_spades/E745_spades:tig00000001_1776 (length 459)
/home/yuch3531/genome_analysis_project/5_genome_annotation/Prokka/E745_spades/E745_spades:tig00000001_1777 (length 50)
/home/yuch3531/genome_analysis_project/5_genome_annotation/Prokka/E745_spades/E745_spades:tig00000001_1778 (length 233)
/home/yuch3531/genome_analysis_project/5_genome_annotation/Prokka/E745_spades/E745_spades:tig00000001_1779 (length 222)
/home/yuch3531/genome_analysis_project/5_genome_annotation/Prokka/E745_spades/E745_spades:tig00000001_1780 (length 106)
/home/yuch3531/genome_analysis_project/5_genome_annotation/Prokka/E745_spades/E745_spades:tig00000001_1781 (length 460)
/home/yuch3531/genome_analysis_project/5_genome_annotation/Prokka/E745_spades/E745_spades:tig00000001_1782 (length 395)
/home/yuch3531/genome_analysis_project/5_genome_annotation/Prokka/E745_spades/E745_spades:tig00000001_1783 (length 343)
/home/yuch3531/genome_analysis_project/5_genome_annotation/Prokka/E745_spades/E745_spades:tig00000001_1784 (length 488)
/home/yuch3531/genome_analysis_project/5_genome_annotation/Prokka/E745_spades/E745_spades:tig00000001_1785 (length 301)
/home/yuch3531/genome_analysis_project/5_genome_annotation/Prokka/E745_spades/E745_spades:tig00000001_1786 (length 225)
/home/yuch3531/genome_analysis_project/5_genome_annotation/Prokka/E745_spades/E745_spades:tig00000001_1787 (length 56)
/home/yuch3531/genome_analysis_project/5_genome_annotation/Prokka/E745_spades/E745_spades:tig00000001_1788 (length 298)
/home/yuch3531/genome_analysis_project/5_genome_annotation/Prokka/E745_spades/E745_spades:tig00000001_1789 (length 456)
/home/yuch3531/genome_analysis_project/5_genome_annotation/Prokka/E745_spades/E745_spades:tig00000001_1790 (length 248)
/home/yuch3531/genome_analysis_project/5_genome_annotation/Prokka/E745_spades/E745_spades:tig00000001_1791 (length 279)
/home/yuch3531/genome_analysis_project/5_genome_annotation/Prokka/E745_spades/E745_spades:tig00000001_1792 (length 316)
/home/yuch3531/genome_analysis_project/5_genome_annotation/Prokka/E745_spades/E745_spades:tig00000001_1793 (length 250)
/home/yuch3531/genome_analysis_project/5_genome_annotation/Prokka/E745_spades/E745_spades:tig00000001_1794 (length 383)
/home/yuch3531/genome_analysis_project/5_genome_annotation/Prokka/E745_spades/E745_spades:tig00000001_1795 (length 202)
/home/yuch3531/genome_analysis_project/5_genome_annotation/Prokka/E745_spades/E745_spades:tig00000001_1796 (length 545)
/home/yuch3531/genome_analysis_project/5_genome_annotation/Prokka/E745_spades/E745_spades:tig00000001_1797 (length 370)
/home/yuch3531/genome_analysis_project/5_genome_annotation/Prokka/E745_spades/E745_spades:tig00000001_1798 (length 457)
/home/yuch3531/genome_analysis_project/5_genome_annotation/Prokka/E745_spades/E745_spades:tig00000001_1799 (length 205)
/home/yuch3531/genome_analysis_project/5_genome_annotation/Prokka/E745_spades/E745_spades:tig00000001_1800 (length 151)
/home/yuch3531/genome_analysis_project/5_genome_annotation/Prokka/E745_spades/E745_spades:tig00000001_1801 (length 500)
/home/yuch3531/genome_analysis_project/5_genome_annotation/Prokka/E745_spades/E745_spades:tig00000001_1802 (length 68)
/home/yuch3531/genome_analysis_project/5_genome_annotation/Prokka/E745_spades/E745_spades:tig00000001_1803 (length 133)
/home/yuch3531/genome_analysis_project/5_genome_annotation/Prokka/E745_spades/E745_spades:tig00000001_1804 (length 443)
/home/yuch3531/genome_analysis_project/5_genome_annotation/Prokka/E745_spades/E745_spades:tig00000001_1805 (length 208)
/home/yuch3531/genome_analysis_project/5_genome_annotation/Prokka/E745_spades/E745_spades:tig00000001_1806 (length 193)
/home/yuch3531/genome_analysis_project/5_genome_annotation/Prokka/E745_spades/E745_spades:tig00000001_1807 (length 115)
/home/yuch3531/genome_analysis_project/5_genome_annotation/Prokka/E745_spades/E745_spades:tig00000001_1808 (length 71)
/home/yuch3531/genome_analysis_project/5_genome_annotation/Prokka/E745_spades/E745_spades:tig00000001_1809 (length 112)
/home/yuch3531/genome_analysis_project/5_genome_annotation/Prokka/E745_spades/E745_spades:tig00000001_1810 (length 76)
/home/yuch3531/genome_analysis_project/5_genome_annotation/Prokka/E745_spades/E745_spades:tig00000001_1811 (length 113)
/home/yuch3531/genome_analysis_project/5_genome_annotation/Prokka/E745_spades/E745_spades:tig00000001_1812 (length 61)
/home/yuch3531/genome_analysis_project/5_genome_annotation/Prokka/E745_spades/E745_spades:tig00000001_1813 (length 64)
/home/yuch3531/genome_analysis_project/5_genome_annotation/Prokka/E745_spades/E745_spades:tig00000001_1814 (length 276)
/home/yuch3531/genome_analysis_project/5_genome_annotation/Prokka/E745_spades/E745_spades:tig00000001_1815 (length 444)
/home/yuch3531/genome_analysis_project/5_genome_annotation/Prokka/E745_spades/E745_spades:tig00000001_1816 (length 303)
/home/yuch3531/genome_analysis_project/5_genome_annotation/Prokka/E745_spades/E745_spades:tig00000001_1817 (length 284)
/home/yuch3531/genome_analysis_project/5_genome_annotation/Prokka/E745_spades/E745_spades:tig00000001_1818 (length 205)
/home/yuch3531/genome_analysis_project/5_genome_annotation/Prokka/E745_spades/E745_spades:tig00000001_1819 (length 172)
/home/yuch3531/genome_analysis_project/5_genome_annotation/Prokka/E745_spades/E745_spades:tig00000001_1820 (length 152)
/home/yuch3531/genome_analysis_project/5_genome_annotation/Prokka/E745_spades/E745_spades:tig00000001_1821 (length 1345)
/home/yuch3531/genome_analysis_project/5_genome_annotation/Prokka/E745_spades/E745_spades:tig00000001_1822 (length 258)
/home/yuch3531/genome_analysis_project/5_genome_annotation/Prokka/E745_spades/E745_spades:tig00000001_1823 (length 177)
/home/yuch3531/genome_analysis_project/5_genome_annotation/Prokka/E745_spades/E745_spades:tig00000001_1824 (length 565)
/home/yuch3531/genome_analysis_project/5_genome_annotation/Prokka/E745_spades/E745_spades:tig00000001_1825 (length 297)
/home/yuch3531/genome_analysis_project/5_genome_annotation/Prokka/E745_spades/E745_spades:tig00000001_1826 (length 224)
/home/yuch3531/genome_analysis_project/5_genome_annotation/Prokka/E745_spades/E745_spades:tig00000001_1827 (length 341)
/home/yuch3531/genome_analysis_project/5_genome_annotation/Prokka/E745_spades/E745_spades:tig00000001_1828 (length 288)
/home/yuch3531/genome_analysis_project/5_genome_annotation/Prokka/E745_spades/E745_spades:tig00000001_1829 (length 458)
/home/yuch3531/genome_analysis_project/5_genome_annotation/Prokka/E745_spades/E745_spades:tig00000001_1830 (length 398)
/home/yuch3531/genome_analysis_project/5_genome_annotation/Prokka/E745_spades/E745_spades:tig00000001_1831 (length 220)
/home/yuch3531/genome_analysis_project/5_genome_annotation/Prokka/E745_spades/E745_spades:tig00000001_1832 (length 187)
/home/yuch3531/genome_analysis_project/5_genome_annotation/Prokka/E745_spades/E745_spades:tig00000001_1833 (length 94)
/home/yuch3531/genome_analysis_project/5_genome_annotation/Prokka/E745_spades/E745_spades:tig00000001_1834 (length 230)
/home/yuch3531/genome_analysis_project/5_genome_annotation/Prokka/E745_spades/E745_spades:tig00000001_1835 (length 181)
/home/yuch3531/genome_analysis_project/5_genome_annotation/Prokka/E745_spades/E745_spades:tig00000001_1836 (length 1092)
/home/yuch3531/genome_analysis_project/5_genome_annotation/Prokka/E745_spades/E745_spades:tig00000001_1837 (length 635)
/home/yuch3531/genome_analysis_project/5_genome_annotation/Prokka/E745_spades/E745_spades:tig00000001_1838 (length 291)
/home/yuch3531/genome_analysis_project/5_genome_annotation/Prokka/E745_spades/E745_spades:tig00000001_1839 (length 324)
/home/yuch3531/genome_analysis_project/5_genome_annotation/Prokka/E745_spades/E745_spades:tig00000001_1840 (length 378)
/home/yuch3531/genome_analysis_project/5_genome_annotation/Prokka/E745_spades/E745_spades:tig00000001_1841 (length 114)
/home/yuch3531/genome_analysis_project/5_genome_annotation/Prokka/E745_spades/E745_spades:tig00000001_1842 (length 428)
/home/yuch3531/genome_analysis_project/5_genome_annotation/Prokka/E745_spades/E745_spades:tig00000001_1843 (length 199)
/home/yuch3531/genome_analysis_project/5_genome_annotation/Prokka/E745_spades/E745_spades:tig00000001_1844 (length 373)
/home/yuch3531/genome_analysis_project/5_genome_annotation/Prokka/E745_spades/E745_spades:tig00000001_1845 (length 473)
/home/yuch3531/genome_analysis_project/5_genome_annotation/Prokka/E745_spades/E745_spades:tig00000001_1846 (length 372)
/home/yuch3531/genome_analysis_project/5_genome_annotation/Prokka/E745_spades/E745_spades:tig00000001_1847 (length 430)
/home/yuch3531/genome_analysis_project/5_genome_annotation/Prokka/E745_spades/E745_spades:tig00000001_1848 (length 186)
/home/yuch3531/genome_analysis_project/5_genome_annotation/Prokka/E745_spades/E745_spades:tig00000001_1849 (length 125)
/home/yuch3531/genome_analysis_project/5_genome_annotation/Prokka/E745_spades/E745_spades:tig00000001_1850 (length 656)
/home/yuch3531/genome_analysis_project/5_genome_annotation/Prokka/E745_spades/E745_spades:tig00000001_1851 (length 315)
/home/yuch3531/genome_analysis_project/5_genome_annotation/Prokka/E745_spades/E745_spades:tig00000001_1852 (length 154)
/home/yuch3531/genome_analysis_project/5_genome_annotation/Prokka/E745_spades/E745_spades:tig00000001_1853 (length 347)
/home/yuch3531/genome_analysis_project/5_genome_annotation/Prokka/E745_spades/E745_spades:tig00000001_1854 (length 321)
/home/yuch3531/genome_analysis_project/5_genome_annotation/Prokka/E745_spades/E745_spades:tig00000001_1855 (length 281)
/home/yuch3531/genome_analysis_project/5_genome_annotation/Prokka/E745_spades/E745_spades:tig00000001_1856 (length 395)
/home/yuch3531/genome_analysis_project/5_genome_annotation/Prokka/E745_spades/E745_spades:tig00000001_1857 (length 118)
/home/yuch3531/genome_analysis_project/5_genome_annotation/Prokka/E745_spades/E745_spades:tig00000001_1858 (length 112)
/home/yuch3531/genome_analysis_project/5_genome_annotation/Prokka/E745_spades/E745_spades:tig00000001_1859 (length 347)
/home/yuch3531/genome_analysis_project/5_genome_annotation/Prokka/E745_spades/E745_spades:tig00000001_1860 (length 228)
/home/yuch3531/genome_analysis_project/5_genome_annotation/Prokka/E745_spades/E745_spades:tig00000001_1861 (length 282)
/home/yuch3531/genome_analysis_project/5_genome_annotation/Prokka/E745_spades/E745_spades:tig00000001_1862 (length 257)
/home/yuch3531/genome_analysis_project/5_genome_annotation/Prokka/E745_spades/E745_spades:tig00000001_1863 (length 428)
/home/yuch3531/genome_analysis_project/5_genome_annotation/Prokka/E745_spades/E745_spades:tig00000001_1864 (length 411)
/home/yuch3531/genome_analysis_project/5_genome_annotation/Prokka/E745_spades/E745_spades:tig00000001_1865 (length 156)
/home/yuch3531/genome_analysis_project/5_genome_annotation/Prokka/E745_spades/E745_spades:tig00000001_1866 (length 463)
/home/yuch3531/genome_analysis_project/5_genome_annotation/Prokka/E745_spades/E745_spades:tig00000001_1867 (length 380)
/home/yuch3531/genome_analysis_project/5_genome_annotation/Prokka/E745_spades/E745_spades:tig00000001_1868 (length 244)
/home/yuch3531/genome_analysis_project/5_genome_annotation/Prokka/E745_spades/E745_spades:tig00000001_1869 (length 91)
/home/yuch3531/genome_analysis_project/5_genome_annotation/Prokka/E745_spades/E745_spades:tig00000001_1870 (length 665)
/home/yuch3531/genome_analysis_project/5_genome_annotation/Prokka/E745_spades/E745_spades:tig00000001_1871 (length 111)
/home/yuch3531/genome_analysis_project/5_genome_annotation/Prokka/E745_spades/E745_spades:tig00000001_1872 (length 71)
/home/yuch3531/genome_analysis_project/5_genome_annotation/Prokka/E745_spades/E745_spades:tig00000001_1873 (length 121)
/home/yuch3531/genome_analysis_project/5_genome_annotation/Prokka/E745_spades/E745_spades:tig00000001_1874 (length 108)
/home/yuch3531/genome_analysis_project/5_genome_annotation/Prokka/E745_spades/E745_spades:tig00000001_1875 (length 241)
/home/yuch3531/genome_analysis_project/5_genome_annotation/Prokka/E745_spades/E745_spades:tig00000001_1876 (length 530)
/home/yuch3531/genome_analysis_project/5_genome_annotation/Prokka/E745_spades/E745_spades:tig00000001_1877 (length 414)
/home/yuch3531/genome_analysis_project/5_genome_annotation/Prokka/E745_spades/E745_spades:tig00000001_1878 (length 229)
/home/yuch3531/genome_analysis_project/5_genome_annotation/Prokka/E745_spades/E745_spades:tig00000001_1879 (length 810)
/home/yuch3531/genome_analysis_project/5_genome_annotation/Prokka/E745_spades/E745_spades:tig00000001_1880 (length 481)
/home/yuch3531/genome_analysis_project/5_genome_annotation/Prokka/E745_spades/E745_spades:tig00000001_1881 (length 221)
/home/yuch3531/genome_analysis_project/5_genome_annotation/Prokka/E745_spades/E745_spades:tig00000001_1882 (length 678)
/home/yuch3531/genome_analysis_project/5_genome_annotation/Prokka/E745_spades/E745_spades:tig00000001_1883 (length 212)
/home/yuch3531/genome_analysis_project/5_genome_annotation/Prokka/E745_spades/E745_spades:tig00000001_1884 (length 142)
/home/yuch3531/genome_analysis_project/5_genome_annotation/Prokka/E745_spades/E745_spades:tig00000001_1885 (length 303)
/home/yuch3531/genome_analysis_project/5_genome_annotation/Prokka/E745_spades/E745_spades:tig00000001_1886 (length 145)
/home/yuch3531/genome_analysis_project/5_genome_annotation/Prokka/E745_spades/E745_spades:tig00000001_1887 (length 294)
/home/yuch3531/genome_analysis_project/5_genome_annotation/Prokka/E745_spades/E745_spades:tig00000001_1888 (length 1055)
/home/yuch3531/genome_analysis_project/5_genome_annotation/Prokka/E745_spades/E745_spades:tig00000001_1889 (length 181)
/home/yuch3531/genome_analysis_project/5_genome_annotation/Prokka/E745_spades/E745_spades:tig00000001_1890 (length 151)
/home/yuch3531/genome_analysis_project/5_genome_annotation/Prokka/E745_spades/E745_spades:tig00000001_1891 (length 252)
/home/yuch3531/genome_analysis_project/5_genome_annotation/Prokka/E745_spades/E745_spades:tig00000001_1892 (length 246)
/home/yuch3531/genome_analysis_project/5_genome_annotation/Prokka/E745_spades/E745_spades:tig00000001_1893 (length 417)
/home/yuch3531/genome_analysis_project/5_genome_annotation/Prokka/E745_spades/E745_spades:tig00000001_1894 (length 75)
/home/yuch3531/genome_analysis_project/5_genome_annotation/Prokka/E745_spades/E745_spades:tig00000001_1895 (length 108)
/home/yuch3531/genome_analysis_project/5_genome_annotation/Prokka/E745_spades/E745_spades:tig00000001_1896 (length 237)
/home/yuch3531/genome_analysis_project/5_genome_annotation/Prokka/E745_spades/E745_spades:tig00000001_1897 (length 283)
/home/yuch3531/genome_analysis_project/5_genome_annotation/Prokka/E745_spades/E745_spades:tig00000001_1898 (length 49)
/home/yuch3531/genome_analysis_project/5_genome_annotation/Prokka/E745_spades/E745_spades:tig00000001_1899 (length 621)
/home/yuch3531/genome_analysis_project/5_genome_annotation/Prokka/E745_spades/E745_spades:tig00000001_1900 (length 456)
/home/yuch3531/genome_analysis_project/5_genome_annotation/Prokka/E745_spades/E745_spades:tig00000001_1901 (length 233)
/home/yuch3531/genome_analysis_project/5_genome_annotation/Prokka/E745_spades/E745_spades:tig00000001_1902 (length 162)
/home/yuch3531/genome_analysis_project/5_genome_annotation/Prokka/E745_spades/E745_spades:tig00000001_1903 (length 36)
/home/yuch3531/genome_analysis_project/5_genome_annotation/Prokka/E745_spades/E745_spades:tig00000001_1904 (length 191)
/home/yuch3531/genome_analysis_project/5_genome_annotation/Prokka/E745_spades/E745_spades:tig00000001_1905 (length 146)
/home/yuch3531/genome_analysis_project/5_genome_annotation/Prokka/E745_spades/E745_spades:tig00000001_1906 (length 233)
/home/yuch3531/genome_analysis_project/5_genome_annotation/Prokka/E745_spades/E745_spades:tig00000001_1907 (length 57)
/home/yuch3531/genome_analysis_project/5_genome_annotation/Prokka/E745_spades/E745_spades:tig00000001_1908 (length 141)
/home/yuch3531/genome_analysis_project/5_genome_annotation/Prokka/E745_spades/E745_spades:tig00000001_1909 (length 323)
/home/yuch3531/genome_analysis_project/5_genome_annotation/Prokka/E745_spades/E745_spades:tig00000001_1910 (length 465)
/home/yuch3531/genome_analysis_project/5_genome_annotation/Prokka/E745_spades/E745_spades:tig00000001_1911 (length 207)
/home/yuch3531/genome_analysis_project/5_genome_annotation/Prokka/E745_spades/E745_spades:tig00000001_1912 (length 697)
/home/yuch3531/genome_analysis_project/5_genome_annotation/Prokka/E745_spades/E745_spades:tig00000001_1913 (length 288)
/home/yuch3531/genome_analysis_project/5_genome_annotation/Prokka/E745_spades/E745_spades:tig00000001_1914 (length 145)
/home/yuch3531/genome_analysis_project/5_genome_annotation/Prokka/E745_spades/E745_spades:tig00000001_1915 (length 882)
/home/yuch3531/genome_analysis_project/5_genome_annotation/Prokka/E745_spades/E745_spades:tig00000001_1916 (length 223)
/home/yuch3531/genome_analysis_project/5_genome_annotation/Prokka/E745_spades/E745_spades:tig00000001_1917 (length 199)
/home/yuch3531/genome_analysis_project/5_genome_annotation/Prokka/E745_spades/E745_spades:tig00000001_1918 (length 357)
/home/yuch3531/genome_analysis_project/5_genome_annotation/Prokka/E745_spades/E745_spades:tig00000001_1919 (length 226)
/home/yuch3531/genome_analysis_project/5_genome_annotation/Prokka/E745_spades/E745_spades:tig00000001_1920 (length 279)
/home/yuch3531/genome_analysis_project/5_genome_annotation/Prokka/E745_spades/E745_spades:tig00000001_1921 (length 407)
/home/yuch3531/genome_analysis_project/5_genome_annotation/Prokka/E745_spades/E745_spades:tig00000001_1922 (length 472)
/home/yuch3531/genome_analysis_project/5_genome_annotation/Prokka/E745_spades/E745_spades:tig00000001_1923 (length 147)
/home/yuch3531/genome_analysis_project/5_genome_annotation/Prokka/E745_spades/E745_spades:tig00000001_1924 (length 446)
/home/yuch3531/genome_analysis_project/5_genome_annotation/Prokka/E745_spades/E745_spades:tig00000001_1925 (length 298)
/home/yuch3531/genome_analysis_project/5_genome_annotation/Prokka/E745_spades/E745_spades:tig00000001_1926 (length 313)
/home/yuch3531/genome_analysis_project/5_genome_annotation/Prokka/E745_spades/E745_spades:tig00000001_1927 (length 373)
/home/yuch3531/genome_analysis_project/5_genome_annotation/Prokka/E745_spades/E745_spades:tig00000001_1928 (length 500)
/home/yuch3531/genome_analysis_project/5_genome_annotation/Prokka/E745_spades/E745_spades:tig00000001_1929 (length 175)
/home/yuch3531/genome_analysis_project/5_genome_annotation/Prokka/E745_spades/E745_spades:tig00000001_1930 (length 353)
/home/yuch3531/genome_analysis_project/5_genome_annotation/Prokka/E745_spades/E745_spades:tig00000001_1931 (length 298)
/home/yuch3531/genome_analysis_project/5_genome_annotation/Prokka/E745_spades/E745_spades:tig00000001_1932 (length 660)
/home/yuch3531/genome_analysis_project/5_genome_annotation/Prokka/E745_spades/E745_spades:tig00000001_1933 (length 148)
/home/yuch3531/genome_analysis_project/5_genome_annotation/Prokka/E745_spades/E745_spades:tig00000001_1934 (length 474)
/home/yuch3531/genome_analysis_project/5_genome_annotation/Prokka/E745_spades/E745_spades:tig00000001_1935 (length 257)
/home/yuch3531/genome_analysis_project/5_genome_annotation/Prokka/E745_spades/E745_spades:tig00000001_1936 (length 301)
/home/yuch3531/genome_analysis_project/5_genome_annotation/Prokka/E745_spades/E745_spades:tig00000001_1937 (length 106)
/home/yuch3531/genome_analysis_project/5_genome_annotation/Prokka/E745_spades/E745_spades:tig00000001_1938 (length 228)
/home/yuch3531/genome_analysis_project/5_genome_annotation/Prokka/E745_spades/E745_spades:tig00000001_1939 (length 314)
/home/yuch3531/genome_analysis_project/5_genome_annotation/Prokka/E745_spades/E745_spades:tig00000001_1940 (length 214)
/home/yuch3531/genome_analysis_project/5_genome_annotation/Prokka/E745_spades/E745_spades:tig00000001_1941 (length 425)
/home/yuch3531/genome_analysis_project/5_genome_annotation/Prokka/E745_spades/E745_spades:tig00000001_1942 (length 249)
/home/yuch3531/genome_analysis_project/5_genome_annotation/Prokka/E745_spades/E745_spades:tig00000001_1943 (length 126)
/home/yuch3531/genome_analysis_project/5_genome_annotation/Prokka/E745_spades/E745_spades:tig00000001_1944 (length 169)
/home/yuch3531/genome_analysis_project/5_genome_annotation/Prokka/E745_spades/E745_spades:tig00000001_1945 (length 59)
/home/yuch3531/genome_analysis_project/5_genome_annotation/Prokka/E745_spades/E745_spades:tig00000001_1946 (length 187)
/home/yuch3531/genome_analysis_project/5_genome_annotation/Prokka/E745_spades/E745_spades:tig00000001_1947 (length 171)
/home/yuch3531/genome_analysis_project/5_genome_annotation/Prokka/E745_spades/E745_spades:tig00000001_1948 (length 289)
/home/yuch3531/genome_analysis_project/5_genome_annotation/Prokka/E745_spades/E745_spades:tig00000001_1949 (length 226)
/home/yuch3531/genome_analysis_project/5_genome_annotation/Prokka/E745_spades/E745_spades:tig00000001_1950 (length 326)
/home/yuch3531/genome_analysis_project/5_genome_annotation/Prokka/E745_spades/E745_spades:tig00000001_1951 (length 157)
/home/yuch3531/genome_analysis_project/5_genome_annotation/Prokka/E745_spades/E745_spades:tig00000001_1952 (length 174)
/home/yuch3531/genome_analysis_project/5_genome_annotation/Prokka/E745_spades/E745_spades:tig00000001_1953 (length 177)
/home/yuch3531/genome_analysis_project/5_genome_annotation/Prokka/E745_spades/E745_spades:tig00000001_1954 (length 250)
/home/yuch3531/genome_analysis_project/5_genome_annotation/Prokka/E745_spades/E745_spades:tig00000001_1955 (length 306)
/home/yuch3531/genome_analysis_project/5_genome_annotation/Prokka/E745_spades/E745_spades:tig00000001_1956 (length 311)
/home/yuch3531/genome_analysis_project/5_genome_annotation/Prokka/E745_spades/E745_spades:tig00000001_1957 (length 492)
/home/yuch3531/genome_analysis_project/5_genome_annotation/Prokka/E745_spades/E745_spades:tig00000001_1958 (length 686)
/home/yuch3531/genome_analysis_project/5_genome_annotation/Prokka/E745_spades/E745_spades:tig00000001_1959 (length 189)
/home/yuch3531/genome_analysis_project/5_genome_annotation/Prokka/E745_spades/E745_spades:tig00000001_1960 (length 268)
/home/yuch3531/genome_analysis_project/5_genome_annotation/Prokka/E745_spades/E745_spades:tig00000001_1961 (length 504)
/home/yuch3531/genome_analysis_project/5_genome_annotation/Prokka/E745_spades/E745_spades:tig00000001_1962 (length 327)
/home/yuch3531/genome_analysis_project/5_genome_annotation/Prokka/E745_spades/E745_spades:tig00000001_1963 (length 215)
/home/yuch3531/genome_analysis_project/5_genome_annotation/Prokka/E745_spades/E745_spades:tig00000001_1964 (length 210)
/home/yuch3531/genome_analysis_project/5_genome_annotation/Prokka/E745_spades/E745_spades:tig00000001_1965 (length 183)
/home/yuch3531/genome_analysis_project/5_genome_annotation/Prokka/E745_spades/E745_spades:tig00000001_1966 (length 245)
/home/yuch3531/genome_analysis_project/5_genome_annotation/Prokka/E745_spades/E745_spades:tig00000001_1967 (length 329)
/home/yuch3531/genome_analysis_project/5_genome_annotation/Prokka/E745_spades/E745_spades:tig00000001_1968 (length 180)
/home/yuch3531/genome_analysis_project/5_genome_annotation/Prokka/E745_spades/E745_spades:tig00000001_1969 (length 361)
/home/yuch3531/genome_analysis_project/5_genome_annotation/Prokka/E745_spades/E745_spades:tig00000001_1970 (length 268)
/home/yuch3531/genome_analysis_project/5_genome_annotation/Prokka/E745_spades/E745_spades:tig00000001_1971 (length 275)
/home/yuch3531/genome_analysis_project/5_genome_annotation/Prokka/E745_spades/E745_spades:tig00000001_1972 (length 357)
/home/yuch3531/genome_analysis_project/5_genome_annotation/Prokka/E745_spades/E745_spades:tig00000001_1973 (length 872)
/home/yuch3531/genome_analysis_project/5_genome_annotation/Prokka/E745_spades/E745_spades:tig00000001_1974 (length 140)
/home/yuch3531/genome_analysis_project/5_genome_annotation/Prokka/E745_spades/E745_spades:tig00000001_1975 (length 164)
/home/yuch3531/genome_analysis_project/5_genome_annotation/Prokka/E745_spades/E745_spades:tig00000001_1976 (length 269)
/home/yuch3531/genome_analysis_project/5_genome_annotation/Prokka/E745_spades/E745_spades:tig00000001_1977 (length 273)
/home/yuch3531/genome_analysis_project/5_genome_annotation/Prokka/E745_spades/E745_spades:tig00000001_1978 (length 699)
/home/yuch3531/genome_analysis_project/5_genome_annotation/Prokka/E745_spades/E745_spades:tig00000001_1979 (length 372)
/home/yuch3531/genome_analysis_project/5_genome_annotation/Prokka/E745_spades/E745_spades:tig00000001_1980 (length 292)
/home/yuch3531/genome_analysis_project/5_genome_annotation/Prokka/E745_spades/E745_spades:tig00000001_1981 (length 270)
/home/yuch3531/genome_analysis_project/5_genome_annotation/Prokka/E745_spades/E745_spades:tig00000001_1982 (length 35)
/home/yuch3531/genome_analysis_project/5_genome_annotation/Prokka/E745_spades/E745_spades:tig00000001_1983 (length 355)
/home/yuch3531/genome_analysis_project/5_genome_annotation/Prokka/E745_spades/E745_spades:tig00000001_1984 (length 67)
/home/yuch3531/genome_analysis_project/5_genome_annotation/Prokka/E745_spades/E745_spades:tig00000001_1985 (length 400)
/home/yuch3531/genome_analysis_project/5_genome_annotation/Prokka/E745_spades/E745_spades:tig00000001_1986 (length 376)
/home/yuch3531/genome_analysis_project/5_genome_annotation/Prokka/E745_spades/E745_spades:tig00000001_1987 (length 317)
/home/yuch3531/genome_analysis_project/5_genome_annotation/Prokka/E745_spades/E745_spades:tig00000001_1988 (length 130)
/home/yuch3531/genome_analysis_project/5_genome_annotation/Prokka/E745_spades/E745_spades:tig00000001_1989 (length 446)
/home/yuch3531/genome_analysis_project/5_genome_annotation/Prokka/E745_spades/E745_spades:tig00000001_1990 (length 81)
/home/yuch3531/genome_analysis_project/5_genome_annotation/Prokka/E745_spades/E745_spades:tig00000001_1991 (length 536)
/home/yuch3531/genome_analysis_project/5_genome_annotation/Prokka/E745_spades/E745_spades:tig00000001_1992 (length 289)
/home/yuch3531/genome_analysis_project/5_genome_annotation/Prokka/E745_spades/E745_spades:tig00000001_1993 (length 423)
/home/yuch3531/genome_analysis_project/5_genome_annotation/Prokka/E745_spades/E745_spades:tig00000001_1994 (length 431)
/home/yuch3531/genome_analysis_project/5_genome_annotation/Prokka/E745_spades/E745_spades:tig00000001_1995 (length 87)
/home/yuch3531/genome_analysis_project/5_genome_annotation/Prokka/E745_spades/E745_spades:tig00000001_1996 (length 149)
/home/yuch3531/genome_analysis_project/5_genome_annotation/Prokka/E745_spades/E745_spades:tig00000001_1997 (length 472)
/home/yuch3531/genome_analysis_project/5_genome_annotation/Prokka/E745_spades/E745_spades:tig00000001_1998 (length 286)
/home/yuch3531/genome_analysis_project/5_genome_annotation/Prokka/E745_spades/E745_spades:tig00000001_1999 (length 245)
/home/yuch3531/genome_analysis_project/5_genome_annotation/Prokka/E745_spades/E745_spades:tig00000001_2000 (length 121)
/home/yuch3531/genome_analysis_project/5_genome_annotation/Prokka/E745_spades/E745_spades:tig00000001_2001 (length 402)
/home/yuch3531/genome_analysis_project/5_genome_annotation/Prokka/E745_spades/E745_spades:tig00000001_2002 (length 92)
/home/yuch3531/genome_analysis_project/5_genome_annotation/Prokka/E745_spades/E745_spades:tig00000001_2003 (length 231)
/home/yuch3531/genome_analysis_project/5_genome_annotation/Prokka/E745_spades/E745_spades:tig00000001_2004 (length 265)
/home/yuch3531/genome_analysis_project/5_genome_annotation/Prokka/E745_spades/E745_spades:tig00000001_2005 (length 394)
/home/yuch3531/genome_analysis_project/5_genome_annotation/Prokka/E745_spades/E745_spades:tig00000001_2006 (length 415)
/home/yuch3531/genome_analysis_project/5_genome_annotation/Prokka/E745_spades/E745_spades:tig00000001_2007 (length 581)
/home/yuch3531/genome_analysis_project/5_genome_annotation/Prokka/E745_spades/E745_spades:tig00000001_2008 (length 104)
/home/yuch3531/genome_analysis_project/5_genome_annotation/Prokka/E745_spades/E745_spades:tig00000001_2009 (length 198)
/home/yuch3531/genome_analysis_project/5_genome_annotation/Prokka/E745_spades/E745_spades:tig00000001_2010 (length 214)
/home/yuch3531/genome_analysis_project/5_genome_annotation/Prokka/E745_spades/E745_spades:tig00000001_2011 (length 109)
/home/yuch3531/genome_analysis_project/5_genome_annotation/Prokka/E745_spades/E745_spades:tig00000001_2012 (length 312)
/home/yuch3531/genome_analysis_project/5_genome_annotation/Prokka/E745_spades/E745_spades:tig00000001_2013 (length 274)
/home/yuch3531/genome_analysis_project/5_genome_annotation/Prokka/E745_spades/E745_spades:tig00000001_2014 (length 115)
/home/yuch3531/genome_analysis_project/5_genome_annotation/Prokka/E745_spades/E745_spades:tig00000001_2015 (length 290)
/home/yuch3531/genome_analysis_project/5_genome_annotation/Prokka/E745_spades/E745_spades:tig00000001_2016 (length 373)
/home/yuch3531/genome_analysis_project/5_genome_annotation/Prokka/E745_spades/E745_spades:tig00000001_2017 (length 200)
/home/yuch3531/genome_analysis_project/5_genome_annotation/Prokka/E745_spades/E745_spades:tig00000001_2018 (length 729)
/home/yuch3531/genome_analysis_project/5_genome_annotation/Prokka/E745_spades/E745_spades:tig00000001_2019 (length 255)
/home/yuch3531/genome_analysis_project/5_genome_annotation/Prokka/E745_spades/E745_spades:tig00000001_2020 (length 680)
/home/yuch3531/genome_analysis_project/5_genome_annotation/Prokka/E745_spades/E745_spades:tig00000001_2021 (length 357)
/home/yuch3531/genome_analysis_project/5_genome_annotation/Prokka/E745_spades/E745_spades:tig00000001_2022 (length 401)
/home/yuch3531/genome_analysis_project/5_genome_annotation/Prokka/E745_spades/E745_spades:tig00000001_2023 (length 77)
/home/yuch3531/genome_analysis_project/5_genome_annotation/Prokka/E745_spades/E745_spades:tig00000001_2024 (length 306)
/home/yuch3531/genome_analysis_project/5_genome_annotation/Prokka/E745_spades/E745_spades:tig00000001_2025 (length 88)
/home/yuch3531/genome_analysis_project/5_genome_annotation/Prokka/E745_spades/E745_spades:tig00000001_2026 (length 360)
/home/yuch3531/genome_analysis_project/5_genome_annotation/Prokka/E745_spades/E745_spades:tig00000001_2027 (length 267)
/home/yuch3531/genome_analysis_project/5_genome_annotation/Prokka/E745_spades/E745_spades:tig00000001_2028 (length 246)
/home/yuch3531/genome_analysis_project/5_genome_annotation/Prokka/E745_spades/E745_spades:tig00000001_2029 (length 334)
/home/yuch3531/genome_analysis_project/5_genome_annotation/Prokka/E745_spades/E745_spades:tig00000001_2030 (length 614)
/home/yuch3531/genome_analysis_project/5_genome_annotation/Prokka/E745_spades/E745_spades:tig00000001_2031 (length 129)
/home/yuch3531/genome_analysis_project/5_genome_annotation/Prokka/E745_spades/E745_spades:tig00000001_2032 (length 227)
/home/yuch3531/genome_analysis_project/5_genome_annotation/Prokka/E745_spades/E745_spades:tig00000001_2033 (length 119)
/home/yuch3531/genome_analysis_project/5_genome_annotation/Prokka/E745_spades/E745_spades:tig00000001_2034 (length 543)
/home/yuch3531/genome_analysis_project/5_genome_annotation/Prokka/E745_spades/E745_spades:tig00000001_2035 (length 213)
/home/yuch3531/genome_analysis_project/5_genome_annotation/Prokka/E745_spades/E745_spades:tig00000001_2036 (length 102)
/home/yuch3531/genome_analysis_project/5_genome_annotation/Prokka/E745_spades/E745_spades:tig00000001_2037 (length 114)
/home/yuch3531/genome_analysis_project/5_genome_annotation/Prokka/E745_spades/E745_spades:tig00000001_2038 (length 97)
/home/yuch3531/genome_analysis_project/5_genome_annotation/Prokka/E745_spades/E745_spades:tig00000001_2039 (length 944)
/home/yuch3531/genome_analysis_project/5_genome_annotation/Prokka/E745_spades/E745_spades:tig00000001_2040 (length 163)
/home/yuch3531/genome_analysis_project/5_genome_annotation/Prokka/E745_spades/E745_spades:tig00000001_2041 (length 329)
/home/yuch3531/genome_analysis_project/5_genome_annotation/Prokka/E745_spades/E745_spades:tig00000001_2042 (length 267)
/home/yuch3531/genome_analysis_project/5_genome_annotation/Prokka/E745_spades/E745_spades:tig00000001_2043 (length 304)
/home/yuch3531/genome_analysis_project/5_genome_annotation/Prokka/E745_spades/E745_spades:tig00000001_2044 (length 124)
/home/yuch3531/genome_analysis_project/5_genome_annotation/Prokka/E745_spades/E745_spades:tig00000001_2045 (length 81)
/home/yuch3531/genome_analysis_project/5_genome_annotation/Prokka/E745_spades/E745_spades:tig00000001_2046 (length 354)
/home/yuch3531/genome_analysis_project/5_genome_annotation/Prokka/E745_spades/E745_spades:tig00000001_2047 (length 141)
/home/yuch3531/genome_analysis_project/5_genome_annotation/Prokka/E745_spades/E745_spades:tig00000001_2048 (length 149)
/home/yuch3531/genome_analysis_project/5_genome_annotation/Prokka/E745_spades/E745_spades:tig00000001_2049 (length 284)
/home/yuch3531/genome_analysis_project/5_genome_annotation/Prokka/E745_spades/E745_spades:tig00000001_2050 (length 445)
/home/yuch3531/genome_analysis_project/5_genome_annotation/Prokka/E745_spades/E745_spades:tig00000001_2051 (length 74)
/home/yuch3531/genome_analysis_project/5_genome_annotation/Prokka/E745_spades/E745_spades:tig00000001_2052 (length 296)
/home/yuch3531/genome_analysis_project/5_genome_annotation/Prokka/E745_spades/E745_spades:tig00000001_2053 (length 272)
/home/yuch3531/genome_analysis_project/5_genome_annotation/Prokka/E745_spades/E745_spades:tig00000001_2054 (length 149)
/home/yuch3531/genome_analysis_project/5_genome_annotation/Prokka/E745_spades/E745_spades:tig00000001_2055 (length 560)
/home/yuch3531/genome_analysis_project/5_genome_annotation/Prokka/E745_spades/E745_spades:tig00000001_2056 (length 38)
/home/yuch3531/genome_analysis_project/5_genome_annotation/Prokka/E745_spades/E745_spades:tig00000001_2057 (length 318)
/home/yuch3531/genome_analysis_project/5_genome_annotation/Prokka/E745_spades/E745_spades:tig00000001_2058 (length 122)
/home/yuch3531/genome_analysis_project/5_genome_annotation/Prokka/E745_spades/E745_spades:tig00000001_2059 (length 143)
/home/yuch3531/genome_analysis_project/5_genome_annotation/Prokka/E745_spades/E745_spades:tig00000001_2060 (length 319)
/home/yuch3531/genome_analysis_project/5_genome_annotation/Prokka/E745_spades/E745_spades:tig00000001_2061 (length 133)
/home/yuch3531/genome_analysis_project/5_genome_annotation/Prokka/E745_spades/E745_spades:tig00000001_2062 (length 730)
/home/yuch3531/genome_analysis_project/5_genome_annotation/Prokka/E745_spades/E745_spades:tig00000001_2063 (length 320)
/home/yuch3531/genome_analysis_project/5_genome_annotation/Prokka/E745_spades/E745_spades:tig00000001_2064 (length 453)
/home/yuch3531/genome_analysis_project/5_genome_annotation/Prokka/E745_spades/E745_spades:tig00000001_2065 (length 362)
/home/yuch3531/genome_analysis_project/5_genome_annotation/Prokka/E745_spades/E745_spades:tig00000001_2066 (length 406)
/home/yuch3531/genome_analysis_project/5_genome_annotation/Prokka/E745_spades/E745_spades:tig00000001_2067 (length 441)
/home/yuch3531/genome_analysis_project/5_genome_annotation/Prokka/E745_spades/E745_spades:tig00000001_2068 (length 413)
/home/yuch3531/genome_analysis_project/5_genome_annotation/Prokka/E745_spades/E745_spades:tig00000001_2069 (length 225)
/home/yuch3531/genome_analysis_project/5_genome_annotation/Prokka/E745_spades/E745_spades:tig00000001_2070 (length 199)
/home/yuch3531/genome_analysis_project/5_genome_annotation/Prokka/E745_spades/E745_spades:tig00000001_2071 (length 260)
/home/yuch3531/genome_analysis_project/5_genome_annotation/Prokka/E745_spades/E745_spades:tig00000001_2072 (length 235)
/home/yuch3531/genome_analysis_project/5_genome_annotation/Prokka/E745_spades/E745_spades:tig00000001_2073 (length 932)
/home/yuch3531/genome_analysis_project/5_genome_annotation/Prokka/E745_spades/E745_spades:tig00000001_2074 (length 508)
/home/yuch3531/genome_analysis_project/5_genome_annotation/Prokka/E745_spades/E745_spades:tig00000001_2075 (length 215)
/home/yuch3531/genome_analysis_project/5_genome_annotation/Prokka/E745_spades/E745_spades:tig00000001_2076 (length 113)
/home/yuch3531/genome_analysis_project/5_genome_annotation/Prokka/E745_spades/E745_spades:tig00000001_2077 (length 242)
/home/yuch3531/genome_analysis_project/5_genome_annotation/Prokka/E745_spades/E745_spades:tig00000001_2078 (length 337)
/home/yuch3531/genome_analysis_project/5_genome_annotation/Prokka/E745_spades/E745_spades:tig00000001_2079 (length 425)
/home/yuch3531/genome_analysis_project/5_genome_annotation/Prokka/E745_spades/E745_spades:tig00000001_2080 (length 900)
/home/yuch3531/genome_analysis_project/5_genome_annotation/Prokka/E745_spades/E745_spades:tig00000001_2081 (length 105)
/home/yuch3531/genome_analysis_project/5_genome_annotation/Prokka/E745_spades/E745_spades:tig00000001_2082 (length 106)
/home/yuch3531/genome_analysis_project/5_genome_annotation/Prokka/E745_spades/E745_spades:tig00000001_2083 (length 486)
/home/yuch3531/genome_analysis_project/5_genome_annotation/Prokka/E745_spades/E745_spades:tig00000001_2084 (length 73)
/home/yuch3531/genome_analysis_project/5_genome_annotation/Prokka/E745_spades/E745_spades:tig00000001_2085 (length 60)
/home/yuch3531/genome_analysis_project/5_genome_annotation/Prokka/E745_spades/E745_spades:tig00000001_2086 (length 137)
/home/yuch3531/genome_analysis_project/5_genome_annotation/Prokka/E745_spades/E745_spades:tig00000001_2087 (length 393)
/home/yuch3531/genome_analysis_project/5_genome_annotation/Prokka/E745_spades/E745_spades:tig00000001_2088 (length 54)
/home/yuch3531/genome_analysis_project/5_genome_annotation/Prokka/E745_spades/E745_spades:tig00000001_2089 (length 379)
/home/yuch3531/genome_analysis_project/5_genome_annotation/Prokka/E745_spades/E745_spades:tig00000001_2090 (length 44)
/home/yuch3531/genome_analysis_project/5_genome_annotation/Prokka/E745_spades/E745_spades:tig00000001_2091 (length 211)
/home/yuch3531/genome_analysis_project/5_genome_annotation/Prokka/E745_spades/E745_spades:tig00000001_2092 (length 211)
/home/yuch3531/genome_analysis_project/5_genome_annotation/Prokka/E745_spades/E745_spades:tig00000001_2093 (length 153)
/home/yuch3531/genome_analysis_project/5_genome_annotation/Prokka/E745_spades/E745_spades:tig00000001_2094 (length 143)
/home/yuch3531/genome_analysis_project/5_genome_annotation/Prokka/E745_spades/E745_spades:tig00000001_2095 (length 106)
/home/yuch3531/genome_analysis_project/5_genome_annotation/Prokka/E745_spades/E745_spades:tig00000001_2096 (length 258)
/home/yuch3531/genome_analysis_project/5_genome_annotation/Prokka/E745_spades/E745_spades:tig00000001_2097 (length 67)
/home/yuch3531/genome_analysis_project/5_genome_annotation/Prokka/E745_spades/E745_spades:tig00000001_2098 (length 112)
/home/yuch3531/genome_analysis_project/5_genome_annotation/Prokka/E745_spades/E745_spades:tig00000001_2099 (length 59)
/home/yuch3531/genome_analysis_project/5_genome_annotation/Prokka/E745_spades/E745_spades:tig00000001_2100 (length 167)
/home/yuch3531/genome_analysis_project/5_genome_annotation/Prokka/E745_spades/E745_spades:tig00000001_2101 (length 232)
/home/yuch3531/genome_analysis_project/5_genome_annotation/Prokka/E745_spades/E745_spades:tig00000001_2102 (length 113)
/home/yuch3531/genome_analysis_project/5_genome_annotation/Prokka/E745_spades/E745_spades:tig00000001_2103 (length 223)
/home/yuch3531/genome_analysis_project/5_genome_annotation/Prokka/E745_spades/E745_spades:tig00000001_2104 (length 228)
/home/yuch3531/genome_analysis_project/5_genome_annotation/Prokka/E745_spades/E745_spades:tig00000001_2105 (length 249)
/home/yuch3531/genome_analysis_project/5_genome_annotation/Prokka/E745_spades/E745_spades:tig00000001_2106 (length 89)
/home/yuch3531/genome_analysis_project/5_genome_annotation/Prokka/E745_spades/E745_spades:tig00000001_2107 (length 54)
/home/yuch3531/genome_analysis_project/5_genome_annotation/Prokka/E745_spades/E745_spades:tig00000001_2108 (length 100)
/home/yuch3531/genome_analysis_project/5_genome_annotation/Prokka/E745_spades/E745_spades:tig00000001_2109 (length 53)
/home/yuch3531/genome_analysis_project/5_genome_annotation/Prokka/E745_spades/E745_spades:tig00000001_2110 (length 99)
/home/yuch3531/genome_analysis_project/5_genome_annotation/Prokka/E745_spades/E745_spades:tig00000001_2111 (length 118)
/home/yuch3531/genome_analysis_project/5_genome_annotation/Prokka/E745_spades/E745_spades:tig00000001_2112 (length 81)
/home/yuch3531/genome_analysis_project/5_genome_annotation/Prokka/E745_spades/E745_spades:tig00000001_2113 (length 139)
/home/yuch3531/genome_analysis_project/5_genome_annotation/Prokka/E745_spades/E745_spades:tig00000001_2114 (length 185)
/home/yuch3531/genome_analysis_project/5_genome_annotation/Prokka/E745_spades/E745_spades:tig00000001_2115 (length 98)
/home/yuch3531/genome_analysis_project/5_genome_annotation/Prokka/E745_spades/E745_spades:tig00000001_2116 (length 137)
/home/yuch3531/genome_analysis_project/5_genome_annotation/Prokka/E745_spades/E745_spades:tig00000001_2117 (length 50)
/home/yuch3531/genome_analysis_project/5_genome_annotation/Prokka/E745_spades/E745_spades:tig00000001_2118 (length 91)
/home/yuch3531/genome_analysis_project/5_genome_annotation/Prokka/E745_spades/E745_spades:tig00000001_2119 (length 55)
/home/yuch3531/genome_analysis_project/5_genome_annotation/Prokka/E745_spades/E745_spades:tig00000001_2120 (length 114)
/home/yuch3531/genome_analysis_project/5_genome_annotation/Prokka/E745_spades/E745_spades:tig00000001_2121 (length 93)
/home/yuch3531/genome_analysis_project/5_genome_annotation/Prokka/E745_spades/E745_spades:tig00000001_2122 (length 104)
/home/yuch3531/genome_analysis_project/5_genome_annotation/Prokka/E745_spades/E745_spades:tig00000001_2123 (length 564)
/home/yuch3531/genome_analysis_project/5_genome_annotation/Prokka/E745_spades/E745_spades:tig00000001_2124 (length 392)
/home/yuch3531/genome_analysis_project/5_genome_annotation/Prokka/E745_spades/E745_spades:tig00000001_2125 (length 228)
/home/yuch3531/genome_analysis_project/5_genome_annotation/Prokka/E745_spades/E745_spades:tig00000001_2126 (length 386)
/home/yuch3531/genome_analysis_project/5_genome_annotation/Prokka/E745_spades/E745_spades:tig00000001_2127 (length 291)
/home/yuch3531/genome_analysis_project/5_genome_annotation/Prokka/E745_spades/E745_spades:tig00000001_2128 (length 103)
/home/yuch3531/genome_analysis_project/5_genome_annotation/Prokka/E745_spades/E745_spades:tig00000001_2129 (length 117)
/home/yuch3531/genome_analysis_project/5_genome_annotation/Prokka/E745_spades/E745_spades:tig00000001_2130 (length 133)
/home/yuch3531/genome_analysis_project/5_genome_annotation/Prokka/E745_spades/E745_spades:tig00000001_2131 (length 137)
/home/yuch3531/genome_analysis_project/5_genome_annotation/Prokka/E745_spades/E745_spades:tig00000001_2132 (length 202)
/home/yuch3531/genome_analysis_project/5_genome_annotation/Prokka/E745_spades/E745_spades:tig00000001_2133 (length 120)
/home/yuch3531/genome_analysis_project/5_genome_annotation/Prokka/E745_spades/E745_spades:tig00000001_2134 (length 1143)
/home/yuch3531/genome_analysis_project/5_genome_annotation/Prokka/E745_spades/E745_spades:tig00000001_2135 (length 431)
/home/yuch3531/genome_analysis_project/5_genome_annotation/Prokka/E745_spades/E745_spades:tig00000001_2136 (length 245)
/home/yuch3531/genome_analysis_project/5_genome_annotation/Prokka/E745_spades/E745_spades:tig00000001_2137 (length 763)
/home/yuch3531/genome_analysis_project/5_genome_annotation/Prokka/E745_spades/E745_spades:tig00000001_2138 (length 708)
/home/yuch3531/genome_analysis_project/5_genome_annotation/Prokka/E745_spades/E745_spades:tig00000001_2139 (length 148)
/home/yuch3531/genome_analysis_project/5_genome_annotation/Prokka/E745_spades/E745_spades:tig00000001_2140 (length 45)
/home/yuch3531/genome_analysis_project/5_genome_annotation/Prokka/E745_spades/E745_spades:tig00000001_2141 (length 97)
/home/yuch3531/genome_analysis_project/5_genome_annotation/Prokka/E745_spades/E745_spades:tig00000001_2142 (length 74)
/home/yuch3531/genome_analysis_project/5_genome_annotation/Prokka/E745_spades/E745_spades:tig00000001_2143 (length 192)
/home/yuch3531/genome_analysis_project/5_genome_annotation/Prokka/E745_spades/E745_spades:tig00000001_2144 (length 160)
/home/yuch3531/genome_analysis_project/5_genome_annotation/Prokka/E745_spades/E745_spades:tig00000001_2145 (length 96)
/home/yuch3531/genome_analysis_project/5_genome_annotation/Prokka/E745_spades/E745_spades:tig00000001_2146 (length 278)
/home/yuch3531/genome_analysis_project/5_genome_annotation/Prokka/E745_spades/E745_spades:tig00000001_2147 (length 164)
/home/yuch3531/genome_analysis_project/5_genome_annotation/Prokka/E745_spades/E745_spades:tig00000001_2148 (length 135)
/home/yuch3531/genome_analysis_project/5_genome_annotation/Prokka/E745_spades/E745_spades:tig00000001_2149 (length 133)
/home/yuch3531/genome_analysis_project/5_genome_annotation/Prokka/E745_spades/E745_spades:tig00000001_2150 (length 123)
/home/yuch3531/genome_analysis_project/5_genome_annotation/Prokka/E745_spades/E745_spades:tig00000001_2151 (length 99)
/home/yuch3531/genome_analysis_project/5_genome_annotation/Prokka/E745_spades/E745_spades:tig00000001_2152 (length 73)
/home/yuch3531/genome_analysis_project/5_genome_annotation/Prokka/E745_spades/E745_spades:tig00000001_2153 (length 395)
/home/yuch3531/genome_analysis_project/5_genome_annotation/Prokka/E745_spades/E745_spades:tig00000001_2154 (length 90)
/home/yuch3531/genome_analysis_project/5_genome_annotation/Prokka/E745_spades/E745_spades:tig00000001_2155 (length 307)
/home/yuch3531/genome_analysis_project/5_genome_annotation/Prokka/E745_spades/E745_spades:tig00000001_2156 (length 250)
/home/yuch3531/genome_analysis_project/5_genome_annotation/Prokka/E745_spades/E745_spades:tig00000001_2157 (length 120)
/home/yuch3531/genome_analysis_project/5_genome_annotation/Prokka/E745_spades/E745_spades:tig00000001_2158 (length 490)
/home/yuch3531/genome_analysis_project/5_genome_annotation/Prokka/E745_spades/E745_spades:tig00000001_2159 (length 274)
/home/yuch3531/genome_analysis_project/5_genome_annotation/Prokka/E745_spades/E745_spades:tig00000001_2160 (length 296)
/home/yuch3531/genome_analysis_project/5_genome_annotation/Prokka/E745_spades/E745_spades:tig00000001_2161 (length 505)
/home/yuch3531/genome_analysis_project/5_genome_annotation/Prokka/E745_spades/E745_spades:tig00000001_2162 (length 423)
/home/yuch3531/genome_analysis_project/5_genome_annotation/Prokka/E745_spades/E745_spades:tig00000001_2163 (length 298)
/home/yuch3531/genome_analysis_project/5_genome_annotation/Prokka/E745_spades/E745_spades:tig00000001_2164 (length 287)
/home/yuch3531/genome_analysis_project/5_genome_annotation/Prokka/E745_spades/E745_spades:tig00000001_2165 (length 187)
/home/yuch3531/genome_analysis_project/5_genome_annotation/Prokka/E745_spades/E745_spades:tig00000001_2166 (length 503)
/home/yuch3531/genome_analysis_project/5_genome_annotation/Prokka/E745_spades/E745_spades:tig00000001_2167 (length 319)
/home/yuch3531/genome_analysis_project/5_genome_annotation/Prokka/E745_spades/E745_spades:tig00000001_2168 (length 359)
/home/yuch3531/genome_analysis_project/5_genome_annotation/Prokka/E745_spades/E745_spades:tig00000001_2169 (length 466)
/home/yuch3531/genome_analysis_project/5_genome_annotation/Prokka/E745_spades/E745_spades:tig00000001_2170 (length 553)
/home/yuch3531/genome_analysis_project/5_genome_annotation/Prokka/E745_spades/E745_spades:tig00000001_2171 (length 232)
/home/yuch3531/genome_analysis_project/5_genome_annotation/Prokka/E745_spades/E745_spades:tig00000001_2172 (length 474)
/home/yuch3531/genome_analysis_project/5_genome_annotation/Prokka/E745_spades/E745_spades:tig00000001_2173 (length 386)
/home/yuch3531/genome_analysis_project/5_genome_annotation/Prokka/E745_spades/E745_spades:tig00000001_2174 (length 619)
/home/yuch3531/genome_analysis_project/5_genome_annotation/Prokka/E745_spades/E745_spades:tig00000001_2175 (length 144)
/home/yuch3531/genome_analysis_project/5_genome_annotation/Prokka/E745_spades/E745_spades:tig00000001_2176 (length 53)
/home/yuch3531/genome_analysis_project/5_genome_annotation/Prokka/E745_spades/E745_spades:tig00000001_2177 (length 340)
/home/yuch3531/genome_analysis_project/5_genome_annotation/Prokka/E745_spades/E745_spades:tig00000001_2178 (length 117)
/home/yuch3531/genome_analysis_project/5_genome_annotation/Prokka/E745_spades/E745_spades:tig00000001_2179 (length 388)
/home/yuch3531/genome_analysis_project/5_genome_annotation/Prokka/E745_spades/E745_spades:tig00000001_2180 (length 206)
/home/yuch3531/genome_analysis_project/5_genome_annotation/Prokka/E745_spades/E745_spades:tig00000001_2181 (length 98)
/home/yuch3531/genome_analysis_project/5_genome_annotation/Prokka/E745_spades/E745_spades:tig00000001_2182 (length 216)
/home/yuch3531/genome_analysis_project/5_genome_annotation/Prokka/E745_spades/E745_spades:tig00000001_2183 (length 575)
/home/yuch3531/genome_analysis_project/5_genome_annotation/Prokka/E745_spades/E745_spades:tig00000001_2184 (length 84)
/home/yuch3531/genome_analysis_project/5_genome_annotation/Prokka/E745_spades/E745_spades:tig00000001_2185 (length 545)
/home/yuch3531/genome_analysis_project/5_genome_annotation/Prokka/E745_spades/E745_spades:tig00000001_2186 (length 289)
/home/yuch3531/genome_analysis_project/5_genome_annotation/Prokka/E745_spades/E745_spades:tig00000001_2187 (length 341)
/home/yuch3531/genome_analysis_project/5_genome_annotation/Prokka/E745_spades/E745_spades:tig00000001_2188 (length 316)
/home/yuch3531/genome_analysis_project/5_genome_annotation/Prokka/E745_spades/E745_spades:tig00000001_2189 (length 130)
/home/yuch3531/genome_analysis_project/5_genome_annotation/Prokka/E745_spades/E745_spades:tig00000001_2190 (length 439)
/home/yuch3531/genome_analysis_project/5_genome_annotation/Prokka/E745_spades/E745_spades:tig00000001_2191 (length 677)
/home/yuch3531/genome_analysis_project/5_genome_annotation/Prokka/E745_spades/E745_spades:tig00000001_2192 (length 146)
/home/yuch3531/genome_analysis_project/5_genome_annotation/Prokka/E745_spades/E745_spades:tig00000001_2193 (length 375)
/home/yuch3531/genome_analysis_project/5_genome_annotation/Prokka/E745_spades/E745_spades:tig00000001_2194 (length 225)
/home/yuch3531/genome_analysis_project/5_genome_annotation/Prokka/E745_spades/E745_spades:tig00000001_2195 (length 588)
/home/yuch3531/genome_analysis_project/5_genome_annotation/Prokka/E745_spades/E745_spades:tig00000001_2196 (length 145)
/home/yuch3531/genome_analysis_project/5_genome_annotation/Prokka/E745_spades/E745_spades:tig00000001_2197 (length 383)
/home/yuch3531/genome_analysis_project/5_genome_annotation/Prokka/E745_spades/E745_spades:tig00000001_2198 (length 232)
/home/yuch3531/genome_analysis_project/5_genome_annotation/Prokka/E745_spades/E745_spades:tig00000001_2199 (length 450)
/home/yuch3531/genome_analysis_project/5_genome_annotation/Prokka/E745_spades/E745_spades:tig00000001_2200 (length 466)
/home/yuch3531/genome_analysis_project/5_genome_annotation/Prokka/E745_spades/E745_spades:tig00000001_2201 (length 245)
/home/yuch3531/genome_analysis_project/5_genome_annotation/Prokka/E745_spades/E745_spades:tig00000001_2202 (length 159)
/home/yuch3531/genome_analysis_project/5_genome_annotation/Prokka/E745_spades/E745_spades:tig00000001_2203 (length 255)
/home/yuch3531/genome_analysis_project/5_genome_annotation/Prokka/E745_spades/E745_spades:tig00000001_2204 (length 70)
/home/yuch3531/genome_analysis_project/5_genome_annotation/Prokka/E745_spades/E745_spades:tig00000001_2205 (length 119)
/home/yuch3531/genome_analysis_project/5_genome_annotation/Prokka/E745_spades/E745_spades:tig00000001_2206 (length 200)
/home/yuch3531/genome_analysis_project/5_genome_annotation/Prokka/E745_spades/E745_spades:tig00000001_2207 (length 76)
/home/yuch3531/genome_analysis_project/5_genome_annotation/Prokka/E745_spades/E745_spades:tig00000001_2208 (length 82)
/home/yuch3531/genome_analysis_project/5_genome_annotation/Prokka/E745_spades/E745_spades:tig00000001_2209 (length 198)
/home/yuch3531/genome_analysis_project/5_genome_annotation/Prokka/E745_spades/E745_spades:tig00000001_2210 (length 357)
/home/yuch3531/genome_analysis_project/5_genome_annotation/Prokka/E745_spades/E745_spades:tig00000001_2211 (length 279)
/home/yuch3531/genome_analysis_project/5_genome_annotation/Prokka/E745_spades/E745_spades:tig00000001_2212 (length 341)
/home/yuch3531/genome_analysis_project/5_genome_annotation/Prokka/E745_spades/E745_spades:tig00000001_2213 (length 53)
/home/yuch3531/genome_analysis_project/5_genome_annotation/Prokka/E745_spades/E745_spades:tig00000001_2214 (length 414)
/home/yuch3531/genome_analysis_project/5_genome_annotation/Prokka/E745_spades/E745_spades:tig00000001_2215 (length 315)
/home/yuch3531/genome_analysis_project/5_genome_annotation/Prokka/E745_spades/E745_spades:tig00000001_2216 (length 209)
/home/yuch3531/genome_analysis_project/5_genome_annotation/Prokka/E745_spades/E745_spades:tig00000001_2217 (length 80)
/home/yuch3531/genome_analysis_project/5_genome_annotation/Prokka/E745_spades/E745_spades:tig00000001_2218 (length 212)
/home/yuch3531/genome_analysis_project/5_genome_annotation/Prokka/E745_spades/E745_spades:tig00000001_2219 (length 210)
/home/yuch3531/genome_analysis_project/5_genome_annotation/Prokka/E745_spades/E745_spades:tig00000001_2220 (length 99)
/home/yuch3531/genome_analysis_project/5_genome_annotation/Prokka/E745_spades/E745_spades:tig00000001_2221 (length 721)
/home/yuch3531/genome_analysis_project/5_genome_annotation/Prokka/E745_spades/E745_spades:tig00000001_2222 (length 161)
/home/yuch3531/genome_analysis_project/5_genome_annotation/Prokka/E745_spades/E745_spades:tig00000001_2223 (length 213)
/home/yuch3531/genome_analysis_project/5_genome_annotation/Prokka/E745_spades/E745_spades:tig00000001_2224 (length 211)
/home/yuch3531/genome_analysis_project/5_genome_annotation/Prokka/E745_spades/E745_spades:tig00000001_2225 (length 271)
/home/yuch3531/genome_analysis_project/5_genome_annotation/Prokka/E745_spades/E745_spades:tig00000001_2226 (length 478)
/home/yuch3531/genome_analysis_project/5_genome_annotation/Prokka/E745_spades/E745_spades:tig00000001_2227 (length 815)
/home/yuch3531/genome_analysis_project/5_genome_annotation/Prokka/E745_spades/E745_spades:tig00000001_2228 (length 355)
/home/yuch3531/genome_analysis_project/5_genome_annotation/Prokka/E745_spades/E745_spades:tig00000001_2229 (length 367)
/home/yuch3531/genome_analysis_project/5_genome_annotation/Prokka/E745_spades/E745_spades:tig00000001_2230 (length 182)
/home/yuch3531/genome_analysis_project/5_genome_annotation/Prokka/E745_spades/E745_spades:tig00000001_2231 (length 553)
/home/yuch3531/genome_analysis_project/5_genome_annotation/Prokka/E745_spades/E745_spades:tig00000001_2232 (length 115)
/home/yuch3531/genome_analysis_project/5_genome_annotation/Prokka/E745_spades/E745_spades:tig00000001_2233 (length 313)
/home/yuch3531/genome_analysis_project/5_genome_annotation/Prokka/E745_spades/E745_spades:tig00000001_2234 (length 347)
/home/yuch3531/genome_analysis_project/5_genome_annotation/Prokka/E745_spades/E745_spades:tig00000001_2235 (length 356)
/home/yuch3531/genome_analysis_project/5_genome_annotation/Prokka/E745_spades/E745_spades:tig00000001_2236 (length 317)
/home/yuch3531/genome_analysis_project/5_genome_annotation/Prokka/E745_spades/E745_spades:tig00000001_2237 (length 336)
/home/yuch3531/genome_analysis_project/5_genome_annotation/Prokka/E745_spades/E745_spades:tig00000001_2238 (length 273)
/home/yuch3531/genome_analysis_project/5_genome_annotation/Prokka/E745_spades/E745_spades:tig00000001_2239 (length 92)
/home/yuch3531/genome_analysis_project/5_genome_annotation/Prokka/E745_spades/E745_spades:tig00000001_2240 (length 669)
/home/yuch3531/genome_analysis_project/5_genome_annotation/Prokka/E745_spades/E745_spades:tig00000001_2241 (length 195)
/home/yuch3531/genome_analysis_project/5_genome_annotation/Prokka/E745_spades/E745_spades:tig00000001_2242 (length 440)
/home/yuch3531/genome_analysis_project/5_genome_annotation/Prokka/E745_spades/E745_spades:tig00000001_2243 (length 258)
/home/yuch3531/genome_analysis_project/5_genome_annotation/Prokka/E745_spades/E745_spades:tig00000001_2244 (length 186)
/home/yuch3531/genome_analysis_project/5_genome_annotation/Prokka/E745_spades/E745_spades:tig00000001_2245 (length 294)
/home/yuch3531/genome_analysis_project/5_genome_annotation/Prokka/E745_spades/E745_spades:tig00000001_2246 (length 209)
/home/yuch3531/genome_analysis_project/5_genome_annotation/Prokka/E745_spades/E745_spades:tig00000001_2247 (length 369)
/home/yuch3531/genome_analysis_project/5_genome_annotation/Prokka/E745_spades/E745_spades:tig00000001_2248 (length 140)
/home/yuch3531/genome_analysis_project/5_genome_annotation/Prokka/E745_spades/E745_spades:tig00000001_2249 (length 178)
/home/yuch3531/genome_analysis_project/5_genome_annotation/Prokka/E745_spades/E745_spades:tig00000001_2250 (length 587)
/home/yuch3531/genome_analysis_project/5_genome_annotation/Prokka/E745_spades/E745_spades:tig00000001_2251 (length 571)
/home/yuch3531/genome_analysis_project/5_genome_annotation/Prokka/E745_spades/E745_spades:tig00000001_2252 (length 74)
/home/yuch3531/genome_analysis_project/5_genome_annotation/Prokka/E745_spades/E745_spades:tig00000001_2253 (length 922)
/home/yuch3531/genome_analysis_project/5_genome_annotation/Prokka/E745_spades/E745_spades:tig00000001_2254 (length 139)
/home/yuch3531/genome_analysis_project/5_genome_annotation/Prokka/E745_spades/E745_spades:tig00000001_2255 (length 156)
/home/yuch3531/genome_analysis_project/5_genome_annotation/Prokka/E745_spades/E745_spades:tig00000001_2256 (length 259)
/home/yuch3531/genome_analysis_project/5_genome_annotation/Prokka/E745_spades/E745_spades:tig00000001_2257 (length 273)
/home/yuch3531/genome_analysis_project/5_genome_annotation/Prokka/E745_spades/E745_spades:tig00000001_2258 (length 349)
/home/yuch3531/genome_analysis_project/5_genome_annotation/Prokka/E745_spades/E745_spades:tig00000001_2259 (length 334)
/home/yuch3531/genome_analysis_project/5_genome_annotation/Prokka/E745_spades/E745_spades:tig00000001_2260 (length 339)
/home/yuch3531/genome_analysis_project/5_genome_annotation/Prokka/E745_spades/E745_spades:tig00000001_2261 (length 416)
/home/yuch3531/genome_analysis_project/5_genome_annotation/Prokka/E745_spades/E745_spades:tig00000001_2262 (length 293)
/home/yuch3531/genome_analysis_project/5_genome_annotation/Prokka/E745_spades/E745_spades:tig00000001_2263 (length 125)
/home/yuch3531/genome_analysis_project/5_genome_annotation/Prokka/E745_spades/E745_spades:tig00000001_2264 (length 204)
/home/yuch3531/genome_analysis_project/5_genome_annotation/Prokka/E745_spades/E745_spades:tig00000001_2265 (length 579)
/home/yuch3531/genome_analysis_project/5_genome_annotation/Prokka/E745_spades/E745_spades:tig00000001_2266 (length 394)
/home/yuch3531/genome_analysis_project/5_genome_annotation/Prokka/E745_spades/E745_spades:tig00000001_2267 (length 67)
/home/yuch3531/genome_analysis_project/5_genome_annotation/Prokka/E745_spades/E745_spades:tig00000001_2268 (length 220)
/home/yuch3531/genome_analysis_project/5_genome_annotation/Prokka/E745_spades/E745_spades:tig00000001_2269 (length 500)
/home/yuch3531/genome_analysis_project/5_genome_annotation/Prokka/E745_spades/E745_spades:tig00000001_2270 (length 559)
/home/yuch3531/genome_analysis_project/5_genome_annotation/Prokka/E745_spades/E745_spades:tig00000001_2271 (length 158)
/home/yuch3531/genome_analysis_project/5_genome_annotation/Prokka/E745_spades/E745_spades:tig00000001_2272 (length 226)
/home/yuch3531/genome_analysis_project/5_genome_annotation/Prokka/E745_spades/E745_spades:tig00000001_2273 (length 443)
/home/yuch3531/genome_analysis_project/5_genome_annotation/Prokka/E745_spades/E745_spades:tig00000001_2274 (length 320)
/home/yuch3531/genome_analysis_project/5_genome_annotation/Prokka/E745_spades/E745_spades:tig00000001_2275 (length 112)
/home/yuch3531/genome_analysis_project/5_genome_annotation/Prokka/E745_spades/E745_spades:tig00000001_2276 (length 235)
/home/yuch3531/genome_analysis_project/5_genome_annotation/Prokka/E745_spades/E745_spades:tig00000001_2277 (length 493)
/home/yuch3531/genome_analysis_project/5_genome_annotation/Prokka/E745_spades/E745_spades:tig00000001_2278 (length 177)
/home/yuch3531/genome_analysis_project/5_genome_annotation/Prokka/E745_spades/E745_spades:tig00000001_2279 (length 456)
/home/yuch3531/genome_analysis_project/5_genome_annotation/Prokka/E745_spades/E745_spades:tig00000001_2280 (length 111)
/home/yuch3531/genome_analysis_project/5_genome_annotation/Prokka/E745_spades/E745_spades:tig00000001_2281 (length 285)
/home/yuch3531/genome_analysis_project/5_genome_annotation/Prokka/E745_spades/E745_spades:tig00000001_2282 (length 171)
/home/yuch3531/genome_analysis_project/5_genome_annotation/Prokka/E745_spades/E745_spades:tig00000001_2283 (length 84)
/home/yuch3531/genome_analysis_project/5_genome_annotation/Prokka/E745_spades/E745_spades:tig00000001_2284 (length 461)
/home/yuch3531/genome_analysis_project/5_genome_annotation/Prokka/E745_spades/E745_spades:tig00000001_2285 (length 225)
/home/yuch3531/genome_analysis_project/5_genome_annotation/Prokka/E745_spades/E745_spades:tig00000001_2286 (length 254)
/home/yuch3531/genome_analysis_project/5_genome_annotation/Prokka/E745_spades/E745_spades:tig00000001_2287 (length 219)
/home/yuch3531/genome_analysis_project/5_genome_annotation/Prokka/E745_spades/E745_spades:tig00000001_2288 (length 169)
/home/yuch3531/genome_analysis_project/5_genome_annotation/Prokka/E745_spades/E745_spades:tig00000001_2289 (length 332)
/home/yuch3531/genome_analysis_project/5_genome_annotation/Prokka/E745_spades/E745_spades:tig00000001_2290 (length 194)
/home/yuch3531/genome_analysis_project/5_genome_annotation/Prokka/E745_spades/E745_spades:tig00000001_2291 (length 391)
/home/yuch3531/genome_analysis_project/5_genome_annotation/Prokka/E745_spades/E745_spades:tig00000001_2292 (length 126)
/home/yuch3531/genome_analysis_project/5_genome_annotation/Prokka/E745_spades/E745_spades:tig00000001_2293 (length 120)
/home/yuch3531/genome_analysis_project/5_genome_annotation/Prokka/E745_spades/E745_spades:tig00000001_2294 (length 278)
/home/yuch3531/genome_analysis_project/5_genome_annotation/Prokka/E745_spades/E745_spades:tig00000001_2295 (length 96)
/home/yuch3531/genome_analysis_project/5_genome_annotation/Prokka/E745_spades/E745_spades:tig00000001_2296 (length 124)
/home/yuch3531/genome_analysis_project/5_genome_annotation/Prokka/E745_spades/E745_spades:tig00000001_2297 (length 209)
/home/yuch3531/genome_analysis_project/5_genome_annotation/Prokka/E745_spades/E745_spades:tig00000001_2298 (length 54)
/home/yuch3531/genome_analysis_project/5_genome_annotation/Prokka/E745_spades/E745_spades:tig00000001_2299 (length 442)
/home/yuch3531/genome_analysis_project/5_genome_annotation/Prokka/E745_spades/E745_spades:tig00000001_2300 (length 277)
/home/yuch3531/genome_analysis_project/5_genome_annotation/Prokka/E745_spades/E745_spades:tig00000001_2301 (length 245)
/home/yuch3531/genome_analysis_project/5_genome_annotation/Prokka/E745_spades/E745_spades:tig00000001_2302 (length 322)
/home/yuch3531/genome_analysis_project/5_genome_annotation/Prokka/E745_spades/E745_spades:tig00000001_2303 (length 277)
/home/yuch3531/genome_analysis_project/5_genome_annotation/Prokka/E745_spades/E745_spades:tig00000001_2304 (length 279)
/home/yuch3531/genome_analysis_project/5_genome_annotation/Prokka/E745_spades/E745_spades:tig00000001_2305 (length 186)
/home/yuch3531/genome_analysis_project/5_genome_annotation/Prokka/E745_spades/E745_spades:tig00000001_2306 (length 573)
/home/yuch3531/genome_analysis_project/5_genome_annotation/Prokka/E745_spades/E745_spades:tig00000001_2307 (length 380)
/home/yuch3531/genome_analysis_project/5_genome_annotation/Prokka/E745_spades/E745_spades:tig00000001_2308 (length 191)
/home/yuch3531/genome_analysis_project/5_genome_annotation/Prokka/E745_spades/E745_spades:tig00000001_2309 (length 206)
/home/yuch3531/genome_analysis_project/5_genome_annotation/Prokka/E745_spades/E745_spades:tig00000001_2310 (length 215)
/home/yuch3531/genome_analysis_project/5_genome_annotation/Prokka/E745_spades/E745_spades:tig00000001_2311 (length 881)
/home/yuch3531/genome_analysis_project/5_genome_annotation/Prokka/E745_spades/E745_spades:tig00000001_2312 (length 437)
/home/yuch3531/genome_analysis_project/5_genome_annotation/Prokka/E745_spades/E745_spades:tig00000001_2313 (length 217)
/home/yuch3531/genome_analysis_project/5_genome_annotation/Prokka/E745_spades/E745_spades:tig00000001_2314 (length 230)
/home/yuch3531/genome_analysis_project/5_genome_annotation/Prokka/E745_spades/E745_spades:tig00000001_2315 (length 66)
/home/yuch3531/genome_analysis_project/5_genome_annotation/Prokka/E745_spades/E745_spades:tig00000001_2316 (length 559)
/home/yuch3531/genome_analysis_project/5_genome_annotation/Prokka/E745_spades/E745_spades:tig00000001_2317 (length 70)
/home/yuch3531/genome_analysis_project/5_genome_annotation/Prokka/E745_spades/E745_spades:tig00000001_2318 (length 576)
/home/yuch3531/genome_analysis_project/5_genome_annotation/Prokka/E745_spades/E745_spades:tig00000001_2319 (length 586)
/home/yuch3531/genome_analysis_project/5_genome_annotation/Prokka/E745_spades/E745_spades:tig00000001_2320 (length 65)
/home/yuch3531/genome_analysis_project/5_genome_annotation/Prokka/E745_spades/E745_spades:tig00000001_2321 (length 161)
/home/yuch3531/genome_analysis_project/5_genome_annotation/Prokka/E745_spades/E745_spades:tig00000001_2322 (length 197)
/home/yuch3531/genome_analysis_project/5_genome_annotation/Prokka/E745_spades/E745_spades:tig00000001_2323 (length 175)
/home/yuch3531/genome_analysis_project/5_genome_annotation/Prokka/E745_spades/E745_spades:tig00000001_2324 (length 245)
/home/yuch3531/genome_analysis_project/5_genome_annotation/Prokka/E745_spades/E745_spades:tig00000001_2325 (length 305)
/home/yuch3531/genome_analysis_project/5_genome_annotation/Prokka/E745_spades/E745_spades:tig00000001_2326 (length 409)
/home/yuch3531/genome_analysis_project/5_genome_annotation/Prokka/E745_spades/E745_spades:tig00000001_2327 (length 317)
/home/yuch3531/genome_analysis_project/5_genome_annotation/Prokka/E745_spades/E745_spades:tig00000001_2328 (length 135)
/home/yuch3531/genome_analysis_project/5_genome_annotation/Prokka/E745_spades/E745_spades:tig00000001_2329 (length 407)
/home/yuch3531/genome_analysis_project/5_genome_annotation/Prokka/E745_spades/E745_spades:tig00000001_2330 (length 299)
/home/yuch3531/genome_analysis_project/5_genome_annotation/Prokka/E745_spades/E745_spades:tig00000001_2331 (length 374)
/home/yuch3531/genome_analysis_project/5_genome_annotation/Prokka/E745_spades/E745_spades:tig00000001_2332 (length 305)
/home/yuch3531/genome_analysis_project/5_genome_annotation/Prokka/E745_spades/E745_spades:tig00000001_2333 (length 277)
/home/yuch3531/genome_analysis_project/5_genome_annotation/Prokka/E745_spades/E745_spades:tig00000001_2334 (length 372)
/home/yuch3531/genome_analysis_project/5_genome_annotation/Prokka/E745_spades/E745_spades:tig00000001_2335 (length 623)
/home/yuch3531/genome_analysis_project/5_genome_annotation/Prokka/E745_spades/E745_spades:tig00000001_2336 (length 407)
/home/yuch3531/genome_analysis_project/5_genome_annotation/Prokka/E745_spades/E745_spades:tig00000001_2337 (length 644)
/home/yuch3531/genome_analysis_project/5_genome_annotation/Prokka/E745_spades/E745_spades:tig00000001_2338 (length 218)
/home/yuch3531/genome_analysis_project/5_genome_annotation/Prokka/E745_spades/E745_spades:tig00000001_2339 (length 117)
/home/yuch3531/genome_analysis_project/5_genome_annotation/Prokka/E745_spades/E745_spades:tig00000001_2340 (length 309)
/home/yuch3531/genome_analysis_project/5_genome_annotation/Prokka/E745_spades/E745_spades:tig00000001_2341 (length 278)
/home/yuch3531/genome_analysis_project/5_genome_annotation/Prokka/E745_spades/E745_spades:tig00000001_2342 (length 258)
/home/yuch3531/genome_analysis_project/5_genome_annotation/Prokka/E745_spades/E745_spades:tig00000001_2343 (length 247)
/home/yuch3531/genome_analysis_project/5_genome_annotation/Prokka/E745_spades/E745_spades:tig00000001_2344 (length 526)
/home/yuch3531/genome_analysis_project/5_genome_annotation/Prokka/E745_spades/E745_spades:tig00000001_2345 (length 159)
/home/yuch3531/genome_analysis_project/5_genome_annotation/Prokka/E745_spades/E745_spades:tig00000001_2346 (length 250)
/home/yuch3531/genome_analysis_project/5_genome_annotation/Prokka/E745_spades/E745_spades:tig00000001_2347 (length 241)
/home/yuch3531/genome_analysis_project/5_genome_annotation/Prokka/E745_spades/E745_spades:tig00000001_2348 (length 88)
/home/yuch3531/genome_analysis_project/5_genome_annotation/Prokka/E745_spades/E745_spades:tig00000001_2349 (length 143)
/home/yuch3531/genome_analysis_project/5_genome_annotation/Prokka/E745_spades/E745_spades:tig00000001_2350 (length 101)
/home/yuch3531/genome_analysis_project/5_genome_annotation/Prokka/E745_spades/E745_spades:tig00000001_2351 (length 381)
/home/yuch3531/genome_analysis_project/5_genome_annotation/Prokka/E745_spades/E745_spades:tig00000001_2352 (length 215)
/home/yuch3531/genome_analysis_project/5_genome_annotation/Prokka/E745_spades/E745_spades:tig00000001_2353 (length 97)
/home/yuch3531/genome_analysis_project/5_genome_annotation/Prokka/E745_spades/E745_spades:tig00000001_2354 (length 103)
/home/yuch3531/genome_analysis_project/5_genome_annotation/Prokka/E745_spades/E745_spades:tig00000001_2355 (length 79)
/home/yuch3531/genome_analysis_project/5_genome_annotation/Prokka/E745_spades/E745_spades:tig00000001_2356 (length 134)
/home/yuch3531/genome_analysis_project/5_genome_annotation/Prokka/E745_spades/E745_spades:tig00000001_2357 (length 52)
/home/yuch3531/genome_analysis_project/5_genome_annotation/Prokka/E745_spades/E745_spades:tig00000001_2358 (length 120)
/home/yuch3531/genome_analysis_project/5_genome_annotation/Prokka/E745_spades/E745_spades:tig00000001_2359 (length 282)
/home/yuch3531/genome_analysis_project/5_genome_annotation/Prokka/E745_spades/E745_spades:tig00000001_2360 (length 491)
/home/yuch3531/genome_analysis_project/5_genome_annotation/Prokka/E745_spades/E745_spades:tig00000001_2361 (length 135)
/home/yuch3531/genome_analysis_project/5_genome_annotation/Prokka/E745_spades/E745_spades:tig00000001_2362 (length 71)
/home/yuch3531/genome_analysis_project/5_genome_annotation/Prokka/E745_spades/E745_spades:tig00000001_2363 (length 157)
/home/yuch3531/genome_analysis_project/5_genome_annotation/Prokka/E745_spades/E745_spades:tig00000001_2364 (length 564)
/home/yuch3531/genome_analysis_project/5_genome_annotation/Prokka/E745_spades/E745_spades:tig00000001_2365 (length 61)
/home/yuch3531/genome_analysis_project/5_genome_annotation/Prokka/E745_spades/E745_spades:tig00000001_2366 (length 391)
/home/yuch3531/genome_analysis_project/5_genome_annotation/Prokka/E745_spades/E745_spades:tig00000001_2367 (length 463)
/home/yuch3531/genome_analysis_project/5_genome_annotation/Prokka/E745_spades/E745_spades:tig00000001_2368 (length 94)
/home/yuch3531/genome_analysis_project/5_genome_annotation/Prokka/E745_spades/E745_spades:tig00000001_2369 (length 111)
/home/yuch3531/genome_analysis_project/5_genome_annotation/Prokka/E745_spades/E745_spades:tig00000001_2370 (length 208)
/home/yuch3531/genome_analysis_project/5_genome_annotation/Prokka/E745_spades/E745_spades:tig00000001_2371 (length 278)
/home/yuch3531/genome_analysis_project/5_genome_annotation/Prokka/E745_spades/E745_spades:tig00000001_2372 (length 140)
/home/yuch3531/genome_analysis_project/5_genome_annotation/Prokka/E745_spades/E745_spades:tig00000001_2373 (length 440)
/home/yuch3531/genome_analysis_project/5_genome_annotation/Prokka/E745_spades/E745_spades:tig00000001_2374 (length 546)
/home/yuch3531/genome_analysis_project/5_genome_annotation/Prokka/E745_spades/E745_spades:tig00000001_2375 (length 156)
/home/yuch3531/genome_analysis_project/5_genome_annotation/Prokka/E745_spades/E745_spades:tig00000001_2376 (length 367)
/home/yuch3531/genome_analysis_project/5_genome_annotation/Prokka/E745_spades/E745_spades:tig00000001_2377 (length 226)
/home/yuch3531/genome_analysis_project/5_genome_annotation/Prokka/E745_spades/E745_spades:tig00000001_2378 (length 344)
/home/yuch3531/genome_analysis_project/5_genome_annotation/Prokka/E745_spades/E745_spades:tig00000001_2379 (length 111)
/home/yuch3531/genome_analysis_project/5_genome_annotation/Prokka/E745_spades/E745_spades:tig00000001_2380 (length 826)
/home/yuch3531/genome_analysis_project/5_genome_annotation/Prokka/E745_spades/E745_spades:tig00000001_2381 (length 502)
/home/yuch3531/genome_analysis_project/5_genome_annotation/Prokka/E745_spades/E745_spades:tig00000001_2382 (length 454)
/home/yuch3531/genome_analysis_project/5_genome_annotation/Prokka/E745_spades/E745_spades:tig00000001_2383 (length 356)
/home/yuch3531/genome_analysis_project/5_genome_annotation/Prokka/E745_spades/E745_spades:tig00000001_2384 (length 222)
/home/yuch3531/genome_analysis_project/5_genome_annotation/Prokka/E745_spades/E745_spades:tig00000001_2385 (length 192)
/home/yuch3531/genome_analysis_project/5_genome_annotation/Prokka/E745_spades/E745_spades:tig00000001_2386 (length 303)
/home/yuch3531/genome_analysis_project/5_genome_annotation/Prokka/E745_spades/E745_spades:tig00000001_2387 (length 305)
/home/yuch3531/genome_analysis_project/5_genome_annotation/Prokka/E745_spades/E745_spades:tig00000001_2388 (length 145)
/home/yuch3531/genome_analysis_project/5_genome_annotation/Prokka/E745_spades/E745_spades:tig00000001_2389 (length 182)
/home/yuch3531/genome_analysis_project/5_genome_annotation/Prokka/E745_spades/E745_spades:tig00000001_2390 (length 786)
/home/yuch3531/genome_analysis_project/5_genome_annotation/Prokka/E745_spades/E745_spades:tig00000001_2391 (length 104)
/home/yuch3531/genome_analysis_project/5_genome_annotation/Prokka/E745_spades/E745_spades:tig00000001_2392 (length 592)
/home/yuch3531/genome_analysis_project/5_genome_annotation/Prokka/E745_spades/E745_spades:tig00000001_2393 (length 299)
/home/yuch3531/genome_analysis_project/5_genome_annotation/Prokka/E745_spades/E745_spades:tig00000001_2394 (length 420)
/home/yuch3531/genome_analysis_project/5_genome_annotation/Prokka/E745_spades/E745_spades:tig00000001_2395 (length 632)
/home/yuch3531/genome_analysis_project/5_genome_annotation/Prokka/E745_spades/E745_spades:tig00000001_2396 (length 239)
/home/yuch3531/genome_analysis_project/5_genome_annotation/Prokka/E745_spades/E745_spades:tig00000001_2397 (length 107)
/home/yuch3531/genome_analysis_project/5_genome_annotation/Prokka/E745_spades/E745_spades:tig00000001_2398 (length 667)
/home/yuch3531/genome_analysis_project/5_genome_annotation/Prokka/E745_spades/E745_spades:tig00000001_2399 (length 156)
/home/yuch3531/genome_analysis_project/5_genome_annotation/Prokka/E745_spades/E745_spades:tig00000001_2400 (length 194)
/home/yuch3531/genome_analysis_project/5_genome_annotation/Prokka/E745_spades/E745_spades:tig00000001_2401 (length 328)
/home/yuch3531/genome_analysis_project/5_genome_annotation/Prokka/E745_spades/E745_spades:tig00000001_2402 (length 103)
/home/yuch3531/genome_analysis_project/5_genome_annotation/Prokka/E745_spades/E745_spades:tig00000001_2403 (length 593)
/home/yuch3531/genome_analysis_project/5_genome_annotation/Prokka/E745_spades/E745_spades:tig00000001_2404 (length 458)
/home/yuch3531/genome_analysis_project/5_genome_annotation/Prokka/E745_spades/E745_spades:tig00000001_2405 (length 211)
/home/yuch3531/genome_analysis_project/5_genome_annotation/Prokka/E745_spades/E745_spades:tig00000001_2406 (length 451)
/home/yuch3531/genome_analysis_project/5_genome_annotation/Prokka/E745_spades/E745_spades:tig00000001_2407 (length 464)
/home/yuch3531/genome_analysis_project/5_genome_annotation/Prokka/E745_spades/E745_spades:tig00000001_2408 (length 323)
/home/yuch3531/genome_analysis_project/5_genome_annotation/Prokka/E745_spades/E745_spades:tig00000001_2409 (length 260)
/home/yuch3531/genome_analysis_project/5_genome_annotation/Prokka/E745_spades/E745_spades:tig00000001_2410 (length 123)
/home/yuch3531/genome_analysis_project/5_genome_annotation/Prokka/E745_spades/E745_spades:tig00000001_2411 (length 147)
/home/yuch3531/genome_analysis_project/5_genome_annotation/Prokka/E745_spades/E745_spades:tig00000001_2412 (length 269)
/home/yuch3531/genome_analysis_project/5_genome_annotation/Prokka/E745_spades/E745_spades:tig00000001_2413 (length 455)
/home/yuch3531/genome_analysis_project/5_genome_annotation/Prokka/E745_spades/E745_spades:tig00000001_2414 (length 276)
/home/yuch3531/genome_analysis_project/5_genome_annotation/Prokka/E745_spades/E745_spades:tig00000001_2415 (length 145)
/home/yuch3531/genome_analysis_project/5_genome_annotation/Prokka/E745_spades/E745_spades:tig00000001_2416 (length 206)
/home/yuch3531/genome_analysis_project/5_genome_annotation/Prokka/E745_spades/E745_spades:tig00000001_2417 (length 168)
/home/yuch3531/genome_analysis_project/5_genome_annotation/Prokka/E745_spades/E745_spades:tig00000001_2418 (length 299)
/home/yuch3531/genome_analysis_project/5_genome_annotation/Prokka/E745_spades/E745_spades:tig00000001_2419 (length 294)
/home/yuch3531/genome_analysis_project/5_genome_annotation/Prokka/E745_spades/E745_spades:tig00000001_2420 (length 444)
/home/yuch3531/genome_analysis_project/5_genome_annotation/Prokka/E745_spades/E745_spades:tig00000001_2421 (length 345)
/home/yuch3531/genome_analysis_project/5_genome_annotation/Prokka/E745_spades/E745_spades:tig00000001_2422 (length 333)
/home/yuch3531/genome_analysis_project/5_genome_annotation/Prokka/E745_spades/E745_spades:tig00000001_2423 (length 396)
/home/yuch3531/genome_analysis_project/5_genome_annotation/Prokka/E745_spades/E745_spades:tig00000001_2424 (length 251)
/home/yuch3531/genome_analysis_project/5_genome_annotation/Prokka/E745_spades/E745_spades:tig00000001_2425 (length 432)
/home/yuch3531/genome_analysis_project/5_genome_annotation/Prokka/E745_spades/E745_spades:tig00000001_2426 (length 178)
/home/yuch3531/genome_analysis_project/5_genome_annotation/Prokka/E745_spades/E745_spades:tig00000001_2427 (length 268)
/home/yuch3531/genome_analysis_project/5_genome_annotation/Prokka/E745_spades/E745_spades:tig00000001_2428 (length 337)
/home/yuch3531/genome_analysis_project/5_genome_annotation/Prokka/E745_spades/E745_spades:tig00000001_2429 (length 379)
/home/yuch3531/genome_analysis_project/5_genome_annotation/Prokka/E745_spades/E745_spades:tig00000001_2430 (length 191)
/home/yuch3531/genome_analysis_project/5_genome_annotation/Prokka/E745_spades/E745_spades:tig00000001_2431 (length 324)
/home/yuch3531/genome_analysis_project/5_genome_annotation/Prokka/E745_spades/E745_spades:tig00000001_2432 (length 322)
/home/yuch3531/genome_analysis_project/5_genome_annotation/Prokka/E745_spades/E745_spades:tig00000001_2433 (length 92)
/home/yuch3531/genome_analysis_project/5_genome_annotation/Prokka/E745_spades/E745_spades:tig00000001_2434 (length 78)
/home/yuch3531/genome_analysis_project/5_genome_annotation/Prokka/E745_spades/E745_spades:tig00000001_2435 (length 251)
/home/yuch3531/genome_analysis_project/5_genome_annotation/Prokka/E745_spades/E745_spades:tig00000001_2436 (length 785)
/home/yuch3531/genome_analysis_project/5_genome_annotation/Prokka/E745_spades/E745_spades:tig00000001_2437 (length 154)
/home/yuch3531/genome_analysis_project/5_genome_annotation/Prokka/E745_spades/E745_spades:tig00000001_2438 (length 239)
/home/yuch3531/genome_analysis_project/5_genome_annotation/Prokka/E745_spades/E745_spades:tig00000001_2439 (length 71)
/home/yuch3531/genome_analysis_project/5_genome_annotation/Prokka/E745_spades/E745_spades:tig00000001_2440 (length 174)
/home/yuch3531/genome_analysis_project/5_genome_annotation/Prokka/E745_spades/E745_spades:tig00000001_2441 (length 180)
/home/yuch3531/genome_analysis_project/5_genome_annotation/Prokka/E745_spades/E745_spades:tig00000001_2442 (length 518)
/home/yuch3531/genome_analysis_project/5_genome_annotation/Prokka/E745_spades/E745_spades:tig00000001_2443 (length 300)
/home/yuch3531/genome_analysis_project/5_genome_annotation/Prokka/E745_spades/E745_spades:tig00000001_2444 (length 468)
/home/yuch3531/genome_analysis_project/5_genome_annotation/Prokka/E745_spades/E745_spades:tig00000001_2445 (length 140)
/home/yuch3531/genome_analysis_project/5_genome_annotation/Prokka/E745_spades/E745_spades:tig00000001_2446 (length 76)
/home/yuch3531/genome_analysis_project/5_genome_annotation/Prokka/E745_spades/E745_spades:tig00000001_2447 (length 433)
/home/yuch3531/genome_analysis_project/5_genome_annotation/Prokka/E745_spades/E745_spades:tig00000001_2448 (length 58)
/home/yuch3531/genome_analysis_project/5_genome_annotation/Prokka/E745_spades/E745_spades:tig00000001_2449 (length 98)
/home/yuch3531/genome_analysis_project/5_genome_annotation/Prokka/E745_spades/E745_spades:tig00000001_2450 (length 155)
/home/yuch3531/genome_analysis_project/5_genome_annotation/Prokka/E745_spades/E745_spades:tig00000001_2451 (length 294)
/home/yuch3531/genome_analysis_project/5_genome_annotation/Prokka/E745_spades/E745_spades:tig00000001_2452 (length 78)
/home/yuch3531/genome_analysis_project/5_genome_annotation/Prokka/E745_spades/E745_spades:tig00000001_2453 (length 56)
/home/yuch3531/genome_analysis_project/5_genome_annotation/Prokka/E745_spades/E745_spades:tig00000001_2454 (length 235)
/home/yuch3531/genome_analysis_project/5_genome_annotation/Prokka/E745_spades/E745_spades:tig00000001_2455 (length 214)
/home/yuch3531/genome_analysis_project/5_genome_annotation/Prokka/E745_spades/E745_spades:tig00000001_2456 (length 95)
/home/yuch3531/genome_analysis_project/5_genome_annotation/Prokka/E745_spades/E745_spades:tig00000001_2457 (length 106)
/home/yuch3531/genome_analysis_project/5_genome_annotation/Prokka/E745_spades/E745_spades:tig00000001_2458 (length 437)
/home/yuch3531/genome_analysis_project/5_genome_annotation/Prokka/E745_spades/E745_spades:tig00000001_2459 (length 239)
/home/yuch3531/genome_analysis_project/5_genome_annotation/Prokka/E745_spades/E745_spades:tig00000001_2460 (length 183)
/home/yuch3531/genome_analysis_project/5_genome_annotation/Prokka/E745_spades/E745_spades:tig00000001_2461 (length 844)
/home/yuch3531/genome_analysis_project/5_genome_annotation/Prokka/E745_spades/E745_spades:tig00000001_2462 (length 327)
/home/yuch3531/genome_analysis_project/5_genome_annotation/Prokka/E745_spades/E745_spades:tig00000001_2463 (length 228)
/home/yuch3531/genome_analysis_project/5_genome_annotation/Prokka/E745_spades/E745_spades:tig00000001_2464 (length 297)
/home/yuch3531/genome_analysis_project/5_genome_annotation/Prokka/E745_spades/E745_spades:tig00000001_2465 (length 482)
/home/yuch3531/genome_analysis_project/5_genome_annotation/Prokka/E745_spades/E745_spades:tig00000001_2466 (length 285)
/home/yuch3531/genome_analysis_project/5_genome_annotation/Prokka/E745_spades/E745_spades:tig00000001_2467 (length 306)
/home/yuch3531/genome_analysis_project/5_genome_annotation/Prokka/E745_spades/E745_spades:tig00000001_2468 (length 294)
/home/yuch3531/genome_analysis_project/5_genome_annotation/Prokka/E745_spades/E745_spades:tig00000001_2469 (length 268)
/home/yuch3531/genome_analysis_project/5_genome_annotation/Prokka/E745_spades/E745_spades:tig00000001_2470 (length 252)
/home/yuch3531/genome_analysis_project/5_genome_annotation/Prokka/E745_spades/E745_spades:tig00000001_2471 (length 225)
/home/yuch3531/genome_analysis_project/5_genome_annotation/Prokka/E745_spades/E745_spades:tig00000001_2472 (length 343)
/home/yuch3531/genome_analysis_project/5_genome_annotation/Prokka/E745_spades/E745_spades:tig00000001_2473 (length 255)
/home/yuch3531/genome_analysis_project/5_genome_annotation/Prokka/E745_spades/E745_spades:tig00000001_2474 (length 522)
/home/yuch3531/genome_analysis_project/5_genome_annotation/Prokka/E745_spades/E745_spades:tig00000001_2475 (length 106)
/home/yuch3531/genome_analysis_project/5_genome_annotation/Prokka/E745_spades/E745_spades:tig00000001_2476 (length 116)
/home/yuch3531/genome_analysis_project/5_genome_annotation/Prokka/E745_spades/E745_spades:tig00000001_2477 (length 431)
/home/yuch3531/genome_analysis_project/5_genome_annotation/Prokka/E745_spades/E745_spades:tig00000001_2478 (length 312)
/home/yuch3531/genome_analysis_project/5_genome_annotation/Prokka/E745_spades/E745_spades:tig00000001_2479 (length 276)
/home/yuch3531/genome_analysis_project/5_genome_annotation/Prokka/E745_spades/E745_spades:tig00000001_2480 (length 341)
/home/yuch3531/genome_analysis_project/5_genome_annotation/Prokka/E745_spades/E745_spades:tig00000001_2481 (length 312)
/home/yuch3531/genome_analysis_project/5_genome_annotation/Prokka/E745_spades/E745_spades:tig00000001_2482 (length 146)
/home/yuch3531/genome_analysis_project/5_genome_annotation/Prokka/E745_spades/E745_spades:tig00000001_2483 (length 200)
/home/yuch3531/genome_analysis_project/5_genome_annotation/Prokka/E745_spades/E745_spades:tig00000001_2484 (length 368)
/home/yuch3531/genome_analysis_project/5_genome_annotation/Prokka/E745_spades/E745_spades:tig00000001_2485 (length 333)
/home/yuch3531/genome_analysis_project/5_genome_annotation/Prokka/E745_spades/E745_spades:tig00000001_2486 (length 781)
/home/yuch3531/genome_analysis_project/5_genome_annotation/Prokka/E745_spades/E745_spades:tig00000001_2487 (length 300)
/home/yuch3531/genome_analysis_project/5_genome_annotation/Prokka/E745_spades/E745_spades:tig00000001_2488 (length 395)
/home/yuch3531/genome_analysis_project/5_genome_annotation/Prokka/E745_spades/E745_spades:tig00000001_2489 (length 591)
/home/yuch3531/genome_analysis_project/5_genome_annotation/Prokka/E745_spades/E745_spades:tig00000001_2490 (length 528)
/home/yuch3531/genome_analysis_project/5_genome_annotation/Prokka/E745_spades/E745_spades:tig00000001_2491 (length 74)
/home/yuch3531/genome_analysis_project/5_genome_annotation/Prokka/E745_spades/E745_spades:tig00000001_2492 (length 583)
/home/yuch3531/genome_analysis_project/5_genome_annotation/Prokka/E745_spades/E745_spades:tig00000001_2493 (length 594)
/home/yuch3531/genome_analysis_project/5_genome_annotation/Prokka/E745_spades/E745_spades:tig00000001_2494 (length 283)
/home/yuch3531/genome_analysis_project/5_genome_annotation/Prokka/E745_spades/E745_spades:tig00000001_2495 (length 628)
/home/yuch3531/genome_analysis_project/5_genome_annotation/Prokka/E745_spades/E745_spades:tig00000001_2496 (length 300)
/home/yuch3531/genome_analysis_project/5_genome_annotation/Prokka/E745_spades/E745_spades:tig00000001_2497 (length 467)
/home/yuch3531/genome_analysis_project/5_genome_annotation/Prokka/E745_spades/E745_spades:tig00000001_2498 (length 477)
/home/yuch3531/genome_analysis_project/5_genome_annotation/Prokka/E745_spades/E745_spades:tig00000001_2499 (length 308)
/home/yuch3531/genome_analysis_project/5_genome_annotation/Prokka/E745_spades/E745_spades:tig00000001_2500 (length 575)
/home/yuch3531/genome_analysis_project/5_genome_annotation/Prokka/E745_spades/E745_spades:tig00000001_2501 (length 97)
/home/yuch3531/genome_analysis_project/5_genome_annotation/Prokka/E745_spades/E745_spades:tig00000001_2502 (length 286)
/home/yuch3531/genome_analysis_project/5_genome_annotation/Prokka/E745_spades/E745_spades:tig00000001_2503 (length 142)
/home/yuch3531/genome_analysis_project/5_genome_annotation/Prokka/E745_spades/E745_spades:tig00000001_2504 (length 58)
/home/yuch3531/genome_analysis_project/5_genome_annotation/Prokka/E745_spades/E745_spades:tig00000001_2505 (length 148)
/home/yuch3531/genome_analysis_project/5_genome_annotation/Prokka/E745_spades/E745_spades:tig00000001_2506 (length 459)
/home/yuch3531/genome_analysis_project/5_genome_annotation/Prokka/E745_spades/E745_spades:tig00000001_2507 (length 323)
/home/yuch3531/genome_analysis_project/5_genome_annotation/Prokka/E745_spades/E745_spades:tig00000001_2508 (length 730)
/home/yuch3531/genome_analysis_project/5_genome_annotation/Prokka/E745_spades/E745_spades:tig00000001_2509 (length 153)
/home/yuch3531/genome_analysis_project/5_genome_annotation/Prokka/E745_spades/E745_spades:tig00000001_2510 (length 131)
/home/yuch3531/genome_analysis_project/5_genome_annotation/Prokka/E745_spades/E745_spades:tig00000001_2511 (length 299)
/home/yuch3531/genome_analysis_project/5_genome_annotation/Prokka/E745_spades/E745_spades:tig00000001_2512 (length 270)
/home/yuch3531/genome_analysis_project/5_genome_annotation/Prokka/E745_spades/E745_spades:tig00000001_2513 (length 305)
/home/yuch3531/genome_analysis_project/5_genome_annotation/Prokka/E745_spades/E745_spades:tig00000001_2514 (length 691)
/home/yuch3531/genome_analysis_project/5_genome_annotation/Prokka/E745_spades/E745_spades:tig00000001_2515 (length 259)
/home/yuch3531/genome_analysis_project/5_genome_annotation/Prokka/E745_spades/E745_spades:tig00000001_2516 (length 314)
/home/yuch3531/genome_analysis_project/5_genome_annotation/Prokka/E745_spades/E745_spades:tig00000001_2517 (length 259)
/home/yuch3531/genome_analysis_project/5_genome_annotation/Prokka/E745_spades/E745_spades:tig00000001_2518 (length 232)
/home/yuch3531/genome_analysis_project/5_genome_annotation/Prokka/E745_spades/E745_spades:tig00000001_2519 (length 254)
/home/yuch3531/genome_analysis_project/5_genome_annotation/Prokka/E745_spades/E745_spades:tig00000001_2520 (length 605)
/home/yuch3531/genome_analysis_project/5_genome_annotation/Prokka/E745_spades/E745_spades:tig00000001_2521 (length 321)
/home/yuch3531/genome_analysis_project/5_genome_annotation/Prokka/E745_spades/E745_spades:tig00000001_2522 (length 231)
/home/yuch3531/genome_analysis_project/5_genome_annotation/Prokka/E745_spades/E745_spades:tig00000001_2523 (length 372)
/home/yuch3531/genome_analysis_project/5_genome_annotation/Prokka/E745_spades/E745_spades:tig00000001_2524 (length 206)
/home/yuch3531/genome_analysis_project/5_genome_annotation/Prokka/E745_spades/E745_spades:tig00000001_2525 (length 366)
/home/yuch3531/genome_analysis_project/5_genome_annotation/Prokka/E745_spades/E745_spades:tig00000001_2526 (length 81)
/home/yuch3531/genome_analysis_project/5_genome_annotation/Prokka/E745_spades/E745_spades:tig00000001_2527 (length 333)
/home/yuch3531/genome_analysis_project/5_genome_annotation/Prokka/E745_spades/E745_spades:tig00000001_2528 (length 324)
/home/yuch3531/genome_analysis_project/5_genome_annotation/Prokka/E745_spades/E745_spades:tig00000001_2529 (length 359)
/home/yuch3531/genome_analysis_project/5_genome_annotation/Prokka/E745_spades/E745_spades:tig00000001_2530 (length 232)
/home/yuch3531/genome_analysis_project/5_genome_annotation/Prokka/E745_spades/E745_spades:tig00000001_2531 (length 231)
/home/yuch3531/genome_analysis_project/5_genome_annotation/Prokka/E745_spades/E745_spades:tig00000001_2532 (length 497)
/home/yuch3531/genome_analysis_project/5_genome_annotation/Prokka/E745_spades/E745_spades:tig00000001_2533 (length 390)
/home/yuch3531/genome_analysis_project/5_genome_annotation/Prokka/E745_spades/E745_spades:tig00000001_2534 (length 363)
/home/yuch3531/genome_analysis_project/5_genome_annotation/Prokka/E745_spades/E745_spades:tig00000001_2535 (length 492)
/home/yuch3531/genome_analysis_project/5_genome_annotation/Prokka/E745_spades/E745_spades:tig00000001_2536 (length 249)
/home/yuch3531/genome_analysis_project/5_genome_annotation/Prokka/E745_spades/E745_spades:tig00000001_2537 (length 316)
/home/yuch3531/genome_analysis_project/5_genome_annotation/Prokka/E745_spades/E745_spades:tig00000001_2538 (length 487)
/home/yuch3531/genome_analysis_project/5_genome_annotation/Prokka/E745_spades/E745_spades:tig00000001_2539 (length 152)
/home/yuch3531/genome_analysis_project/5_genome_annotation/Prokka/E745_spades/E745_spades:tig00000001_2540 (length 324)
/home/yuch3531/genome_analysis_project/5_genome_annotation/Prokka/E745_spades/E745_spades:tig00000001_2541 (length 316)
/home/yuch3531/genome_analysis_project/5_genome_annotation/Prokka/E745_spades/E745_spades:tig00000001_2542 (length 91)
/home/yuch3531/genome_analysis_project/5_genome_annotation/Prokka/E745_spades/E745_spades:tig00000001_2543 (length 254)
/home/yuch3531/genome_analysis_project/5_genome_annotation/Prokka/E745_spades/E745_spades:tig00000001_2544 (length 167)
/home/yuch3531/genome_analysis_project/5_genome_annotation/Prokka/E745_spades/E745_spades:tig00000001_2545 (length 213)
/home/yuch3531/genome_analysis_project/5_genome_annotation/Prokka/E745_spades/E745_spades:tig00000001_2546 (length 422)
/home/yuch3531/genome_analysis_project/5_genome_annotation/Prokka/E745_spades/E745_spades:tig00000001_2547 (length 399)
/home/yuch3531/genome_analysis_project/5_genome_annotation/Prokka/E745_spades/E745_spades:tig00000001_2548 (length 435)
/home/yuch3531/genome_analysis_project/5_genome_annotation/Prokka/E745_spades/E745_spades:tig00000001_2549 (length 40)
/home/yuch3531/genome_analysis_project/5_genome_annotation/Prokka/E745_spades/E745_spades:tig00000001_2550 (length 372)
/home/yuch3531/genome_analysis_project/5_genome_annotation/Prokka/E745_spades/E745_spades:tig00000001_2551 (length 106)
/home/yuch3531/genome_analysis_project/5_genome_annotation/Prokka/E745_spades/E745_spades:tig00000001_2552 (length 54)
/home/yuch3531/genome_analysis_project/5_genome_annotation/Prokka/E745_spades/E745_spades:tig00000001_2553 (length 66)
/home/yuch3531/genome_analysis_project/5_genome_annotation/Prokka/E745_spades/E745_spades:tig00000001_2554 (length 929)
/home/yuch3531/genome_analysis_project/5_genome_annotation/Prokka/E745_spades/E745_spades:tig00000001_2555 (length 167)
/home/yuch3531/genome_analysis_project/5_genome_annotation/Prokka/E745_spades/E745_spades:tig00000001_2556 (length 396)
/home/yuch3531/genome_analysis_project/5_genome_annotation/Prokka/E745_spades/E745_spades:tig00000001_2557 (length 432)
/home/yuch3531/genome_analysis_project/5_genome_annotation/Prokka/E745_spades/E745_spades:tig00000001_2558 (length 224)
/home/yuch3531/genome_analysis_project/5_genome_annotation/Prokka/E745_spades/E745_spades:tig00000001_2559 (length 113)
/home/yuch3531/genome_analysis_project/5_genome_annotation/Prokka/E745_spades/E745_spades:tig00000001_2560 (length 119)
/home/yuch3531/genome_analysis_project/5_genome_annotation/Prokka/E745_spades/E745_spades:tig00000001_2561 (length 694)
/home/yuch3531/genome_analysis_project/5_genome_annotation/Prokka/E745_spades/E745_spades:tig00000001_2562 (length 488)
/home/yuch3531/genome_analysis_project/5_genome_annotation/Prokka/E745_spades/E745_spades:tig00000001_2563 (length 431)
/home/yuch3531/genome_analysis_project/5_genome_annotation/Prokka/E745_spades/E745_spades:tig00000001_2564 (length 179)
/home/yuch3531/genome_analysis_project/5_genome_annotation/Prokka/E745_spades/E745_spades:tig00000001_2565 (length 146)
/home/yuch3531/genome_analysis_project/5_genome_annotation/Prokka/E745_spades/E745_spades:tig00000001_2566 (length 69)
/home/yuch3531/genome_analysis_project/5_genome_annotation/Prokka/E745_spades/E745_spades:tig00000001_2567 (length 728)
/home/yuch3531/genome_analysis_project/5_genome_annotation/Prokka/E745_spades/E745_spades:tig00000001_2568 (length 723)
/home/yuch3531/genome_analysis_project/5_genome_annotation/Prokka/E745_spades/E745_spades:tig00000001_2569 (length 246)
/home/yuch3531/genome_analysis_project/5_genome_annotation/Prokka/E745_spades/E745_spades:tig00000001_2570 (length 432)
/home/yuch3531/genome_analysis_project/5_genome_annotation/Prokka/E745_spades/E745_spades:tig00000001_2571 (length 250)
/home/yuch3531/genome_analysis_project/5_genome_annotation/Prokka/E745_spades/E745_spades:tig00000001_2572 (length 107)
/home/yuch3531/genome_analysis_project/5_genome_annotation/Prokka/E745_spades/E745_spades:tig00000001_2573 (length 282)
/home/yuch3531/genome_analysis_project/5_genome_annotation/Prokka/E745_spades/E745_spades:tig00000001_2574 (length 270)
/home/yuch3531/genome_analysis_project/5_genome_annotation/Prokka/E745_spades/E745_spades:tig00000001_2575 (length 107)
/home/yuch3531/genome_analysis_project/5_genome_annotation/Prokka/E745_spades/E745_spades:tig00000001_2576 (length 189)
/home/yuch3531/genome_analysis_project/5_genome_annotation/Prokka/E745_spades/E745_spades:tig00000001_2577 (length 98)
/home/yuch3531/genome_analysis_project/5_genome_annotation/Prokka/E745_spades/E745_spades:tig00000001_2578 (length 81)
/home/yuch3531/genome_analysis_project/5_genome_annotation/Prokka/E745_spades/E745_spades:tig00000001_2579 (length 189)
/home/yuch3531/genome_analysis_project/5_genome_annotation/Prokka/E745_spades/E745_spades:tig00000001_2580 (length 178)
/home/yuch3531/genome_analysis_project/5_genome_annotation/Prokka/E745_spades/E745_spades:tig00000001_2581 (length 392)
/home/yuch3531/genome_analysis_project/5_genome_annotation/Prokka/E745_spades/E745_spades:tig00000001_2582 (length 178)
/home/yuch3531/genome_analysis_project/5_genome_annotation/Prokka/E745_spades/E745_spades:tig00000001_2583 (length 218)
/home/yuch3531/genome_analysis_project/5_genome_annotation/Prokka/E745_spades/E745_spades:tig00000001_2584 (length 138)
/home/yuch3531/genome_analysis_project/5_genome_annotation/Prokka/E745_spades/E745_spades:tig00000001_2585 (length 86)
/home/yuch3531/genome_analysis_project/5_genome_annotation/Prokka/E745_spades/E745_spades:tig00000001_2586 (length 416)
/home/yuch3531/genome_analysis_project/5_genome_annotation/Prokka/E745_spades/E745_spades:tig00000001_2587 (length 324)
/home/yuch3531/genome_analysis_project/5_genome_annotation/Prokka/E745_spades/E745_spades:tig00000001_2588 (length 431)
/home/yuch3531/genome_analysis_project/5_genome_annotation/Prokka/E745_spades/E745_spades:tig00000001_2589 (length 395)
/home/yuch3531/genome_analysis_project/5_genome_annotation/Prokka/E745_spades/E745_spades:tig00000001_2590 (length 105)
/home/yuch3531/genome_analysis_project/5_genome_annotation/Prokka/E745_spades/E745_spades:tig00000001_2591 (length 121)
/home/yuch3531/genome_analysis_project/5_genome_annotation/Prokka/E745_spades/E745_spades:tig00000001_2592 (length 160)
/home/yuch3531/genome_analysis_project/5_genome_annotation/Prokka/E745_spades/E745_spades:tig00000001_2593 (length 296)
/home/yuch3531/genome_analysis_project/5_genome_annotation/Prokka/E745_spades/E745_spades:tig00000001_2594 (length 431)
/home/yuch3531/genome_analysis_project/5_genome_annotation/Prokka/E745_spades/E745_spades:tig00000001_2595 (length 422)
/home/yuch3531/genome_analysis_project/5_genome_annotation/Prokka/E745_spades/E745_spades:tig00000001_2596 (length 823)
/home/yuch3531/genome_analysis_project/5_genome_annotation/Prokka/E745_spades/E745_spades:tig00000001_2597 (length 578)
/home/yuch3531/genome_analysis_project/5_genome_annotation/Prokka/E745_spades/E745_spades:tig00000001_2598 (length 234)
/home/yuch3531/genome_analysis_project/5_genome_annotation/Prokka/E745_spades/E745_spades:tig00000001_2599 (length 138)
/home/yuch3531/genome_analysis_project/5_genome_annotation/Prokka/E745_spades/E745_spades:tig00000001_2600 (length 112)
/home/yuch3531/genome_analysis_project/5_genome_annotation/Prokka/E745_spades/E745_spades:tig00000001_2601 (length 472)
/home/yuch3531/genome_analysis_project/5_genome_annotation/Prokka/E745_spades/E745_spades:tig00000001_2602 (length 192)
/home/yuch3531/genome_analysis_project/5_genome_annotation/Prokka/E745_spades/E745_spades:tig00000001_2603 (length 173)
/home/yuch3531/genome_analysis_project/5_genome_annotation/Prokka/E745_spades/E745_spades:tig00000001_2604 (length 184)
/home/yuch3531/genome_analysis_project/5_genome_annotation/Prokka/E745_spades/E745_spades:tig00000001_2605 (length 91)
/home/yuch3531/genome_analysis_project/5_genome_annotation/Prokka/E745_spades/E745_spades:tig00000001_2606 (length 83)
/home/yuch3531/genome_analysis_project/5_genome_annotation/Prokka/E745_spades/E745_spades:tig00000001_2607 (length 263)
/home/yuch3531/genome_analysis_project/5_genome_annotation/Prokka/E745_spades/E745_spades:tig00000001_2608 (length 173)
/home/yuch3531/genome_analysis_project/5_genome_annotation/Prokka/E745_spades/E745_spades:tig00000001_2609 (length 253)
/home/yuch3531/genome_analysis_project/5_genome_annotation/Prokka/E745_spades/E745_spades:tig00000001_2610 (length 115)
/home/yuch3531/genome_analysis_project/5_genome_annotation/Prokka/E745_spades/E745_spades:tig00000001_2611 (length 220)
/home/yuch3531/genome_analysis_project/5_genome_annotation/Prokka/E745_spades/E745_spades:tig00000001_2612 (length 1075)
/home/yuch3531/genome_analysis_project/5_genome_annotation/Prokka/E745_spades/E745_spades:tig00000001_2613 (length 104)
/home/yuch3531/genome_analysis_project/5_genome_annotation/Prokka/E745_spades/E745_spades:tig00000001_2614 (length 124)
/home/yuch3531/genome_analysis_project/5_genome_annotation/Prokka/E745_spades/E745_spades:tig00000001_2615 (length 114)
/home/yuch3531/genome_analysis_project/5_genome_annotation/Prokka/E745_spades/E745_spades:tig00000001_2616 (length 381)
/home/yuch3531/genome_analysis_project/5_genome_annotation/Prokka/E745_spades/E745_spades:tig00000001_2617 (length 619)
/home/yuch3531/genome_analysis_project/5_genome_annotation/Prokka/E745_spades/E745_spades:tig00000001_2618 (length 83)
/home/yuch3531/genome_analysis_project/5_genome_annotation/Prokka/E745_spades/E745_spades:tig00000001_2619 (length 380)
/home/yuch3531/genome_analysis_project/5_genome_annotation/Prokka/E745_spades/E745_spades:tig00000001_2620 (length 84)
/home/yuch3531/genome_analysis_project/5_genome_annotation/Prokka/E745_spades/E745_spades:tig00000001_2621 (length 394)
/home/yuch3531/genome_analysis_project/5_genome_annotation/Prokka/E745_spades/E745_spades:tig00000001_2622 (length 45)
/home/yuch3531/genome_analysis_project/5_genome_annotation/Prokka/E745_spades/E745_spades:tig00000001_2623 (length 636)
/home/yuch3531/genome_analysis_project/5_genome_annotation/Prokka/E745_spades/E745_spades:tig00000001_2624 (length 166)
/home/yuch3531/genome_analysis_project/5_genome_annotation/Prokka/E745_spades/E745_spades:tig00000001_2625 (length 615)
/home/yuch3531/genome_analysis_project/5_genome_annotation/Prokka/E745_spades/E745_spades:tig00000001_2626 (length 298)
/home/yuch3531/genome_analysis_project/5_genome_annotation/Prokka/E745_spades/E745_spades:tig00000001_2627 (length 129)
/home/yuch3531/genome_analysis_project/5_genome_annotation/Prokka/E745_spades/E745_spades:tig00000001_2628 (length 781)
/home/yuch3531/genome_analysis_project/5_genome_annotation/Prokka/E745_spades/E745_spades:tig00000001_2629 (length 395)
/home/yuch3531/genome_analysis_project/5_genome_annotation/Prokka/E745_spades/E745_spades:tig00000001_2630 (length 709)
/home/yuch3531/genome_analysis_project/5_genome_annotation/Prokka/E745_spades/E745_spades:tig00000001_2631 (length 335)
/home/yuch3531/genome_analysis_project/5_genome_annotation/Prokka/E745_spades/E745_spades:tig00000001_2632 (length 303)
/home/yuch3531/genome_analysis_project/5_genome_annotation/Prokka/E745_spades/E745_spades:tig00000001_2633 (length 242)
/home/yuch3531/genome_analysis_project/5_genome_annotation/Prokka/E745_spades/E745_spades:tig00000001_2634 (length 472)
/home/yuch3531/genome_analysis_project/5_genome_annotation/Prokka/E745_spades/E745_spades:tig00000001_2635 (length 373)
/home/yuch3531/genome_analysis_project/5_genome_annotation/Prokka/E745_spades/E745_spades:tig00000001_2636 (length 317)
/home/yuch3531/genome_analysis_project/5_genome_annotation/Prokka/E745_spades/E745_spades:tig00000001_2637 (length 159)
/home/yuch3531/genome_analysis_project/5_genome_annotation/Prokka/E745_spades/E745_spades:tig00000001_2638 (length 96)
/home/yuch3531/genome_analysis_project/5_genome_annotation/Prokka/E745_spades/E745_spades:tig00000001_2639 (length 278)
/home/yuch3531/genome_analysis_project/5_genome_annotation/Prokka/E745_spades/E745_spades:tig00000001_2640 (length 326)
/home/yuch3531/genome_analysis_project/5_genome_annotation/Prokka/E745_spades/E745_spades:tig00000001_2641 (length 472)
/home/yuch3531/genome_analysis_project/5_genome_annotation/Prokka/E745_spades/E745_spades:tig00000001_2642 (length 489)
/home/yuch3531/genome_analysis_project/5_genome_annotation/Prokka/E745_spades/E745_spades:tig00000001_2643 (length 155)
/home/yuch3531/genome_analysis_project/5_genome_annotation/Prokka/E745_spades/E745_spades:tig00000001_2644 (length 290)
/home/yuch3531/genome_analysis_project/5_genome_annotation/Prokka/E745_spades/E745_spades:tig00000001_2645 (length 844)
/home/yuch3531/genome_analysis_project/5_genome_annotation/Prokka/E745_spades/E745_spades:tig00000001_2646 (length 35)
/home/yuch3531/genome_analysis_project/5_genome_annotation/Prokka/E745_spades/E745_spades:tig00000001_2647 (length 217)
/home/yuch3531/genome_analysis_project/5_genome_annotation/Prokka/E745_spades/E745_spades:tig00000001_2648 (length 263)
/home/yuch3531/genome_analysis_project/5_genome_annotation/Prokka/E745_spades/E745_spades:tig00000001_2649 (length 163)
/home/yuch3531/genome_analysis_project/5_genome_annotation/Prokka/E745_spades/E745_spades:tig00000001_2650 (length 136)
/home/yuch3531/genome_analysis_project/5_genome_annotation/Prokka/E745_spades/E745_spades:tig00000001_2651 (length 466)
/home/yuch3531/genome_analysis_project/5_genome_annotation/Prokka/E745_spades/E745_spades:tig00000001_2652 (length 124)
/home/yuch3531/genome_analysis_project/5_genome_annotation/Prokka/E745_spades/E745_spades:tig00000001_2653 (length 64)
/home/yuch3531/genome_analysis_project/5_genome_annotation/Prokka/E745_spades/E745_spades:tig00000001_2654 (length 117)
/home/yuch3531/genome_analysis_project/5_genome_annotation/Prokka/E745_spades/E745_spades:tig00000001_2655 (length 515)
/home/yuch3531/genome_analysis_project/5_genome_annotation/Prokka/E745_spades/E745_spades:tig00000001_2656 (length 142)
/home/yuch3531/genome_analysis_project/5_genome_annotation/Prokka/E745_spades/E745_spades:tig00000001_2657 (length 83)
/home/yuch3531/genome_analysis_project/5_genome_annotation/Prokka/E745_spades/E745_spades:tig00000001_2658 (length 71)
/home/yuch3531/genome_analysis_project/5_genome_annotation/Prokka/E745_spades/E745_spades:tig00000001_2659 (length 102)
/home/yuch3531/genome_analysis_project/5_genome_annotation/Prokka/E745_spades/E745_spades:tig00000001_2660 (length 392)
/home/yuch3531/genome_analysis_project/5_genome_annotation/Prokka/E745_spades/E745_spades:tig00000001_2661 (length 97)
/home/yuch3531/genome_analysis_project/5_genome_annotation/Prokka/E745_spades/E745_spades:tig00000001_2662 (length 773)
/home/yuch3531/genome_analysis_project/5_genome_annotation/Prokka/E745_spades/E745_spades:tig00000001_2663 (length 152)
/home/yuch3531/genome_analysis_project/5_genome_annotation/Prokka/E745_spades/E745_spades:tig00000001_2664 (length 337)
/home/yuch3531/genome_analysis_project/5_genome_annotation/Prokka/E745_spades/E745_spades:tig00000001_2665 (length 148)
/home/yuch3531/genome_analysis_project/5_genome_annotation/Prokka/E745_spades/E745_spades:tig00000001_2666 (length 271)
/home/yuch3531/genome_analysis_project/5_genome_annotation/Prokka/E745_spades/E745_spades:tig00000001_2667 (length 390)
/home/yuch3531/genome_analysis_project/5_genome_annotation/Prokka/E745_spades/E745_spades:tig00000001_2668 (length 65)
/home/yuch3531/genome_analysis_project/5_genome_annotation/Prokka/E745_spades/E745_spades:tig00000001_2669 (length 164)
/home/yuch3531/genome_analysis_project/5_genome_annotation/Prokka/E745_spades/E745_spades:tig00000001_2670 (length 140)
/home/yuch3531/genome_analysis_project/5_genome_annotation/Prokka/E745_spades/E745_spades:tig00000001_2671 (length 397)
/home/yuch3531/genome_analysis_project/5_genome_annotation/Prokka/E745_spades/E745_spades:tig00000001_2672 (length 125)
/home/yuch3531/genome_analysis_project/5_genome_annotation/Prokka/E745_spades/E745_spades:tig00000001_2673 (length 101)
/home/yuch3531/genome_analysis_project/5_genome_annotation/Prokka/E745_spades/E745_spades:tig00000001_2674 (length 147)
/home/yuch3531/genome_analysis_project/5_genome_annotation/Prokka/E745_spades/E745_spades:tig00000001_2675 (length 431)
/home/yuch3531/genome_analysis_project/5_genome_annotation/Prokka/E745_spades/E745_spades:tig00000001_2676 (length 271)
/home/yuch3531/genome_analysis_project/5_genome_annotation/Prokka/E745_spades/E745_spades:tig00000001_2677 (length 71)
/home/yuch3531/genome_analysis_project/5_genome_annotation/Prokka/E745_spades/E745_spades:tig00000001_2678 (length 392)
/home/yuch3531/genome_analysis_project/5_genome_annotation/Prokka/E745_spades/E745_spades:tig00000001_2679 (length 494)
/home/yuch3531/genome_analysis_project/5_genome_annotation/Prokka/E745_spades/E745_spades:tig00000001_2680 (length 74)
/home/yuch3531/genome_analysis_project/5_genome_annotation/Prokka/E745_spades/E745_spades:tig00000001_2681 (length 49)
/home/yuch3531/genome_analysis_project/5_genome_annotation/Prokka/E745_spades/E745_spades:tig00000002 (length 199382)
/home/yuch3531/genome_analysis_project/5_genome_annotation/Prokka/E745_spades/E745_spades:tig00000002_1 (length 108)
/home/yuch3531/genome_analysis_project/5_genome_annotation/Prokka/E745_spades/E745_spades:tig00000002_2 (length 84)
/home/yuch3531/genome_analysis_project/5_genome_annotation/Prokka/E745_spades/E745_spades:tig00000002_3 (length 93)
/home/yuch3531/genome_analysis_project/5_genome_annotation/Prokka/E745_spades/E745_spades:tig00000002_4 (length 155)
/home/yuch3531/genome_analysis_project/5_genome_annotation/Prokka/E745_spades/E745_spades:tig00000002_5 (length 181)
/home/yuch3531/genome_analysis_project/5_genome_annotation/Prokka/E745_spades/E745_spades:tig00000002_6 (length 85)
/home/yuch3531/genome_analysis_project/5_genome_annotation/Prokka/E745_spades/E745_spades:tig00000002_7 (length 155)
/home/yuch3531/genome_analysis_project/5_genome_annotation/Prokka/E745_spades/E745_spades:tig00000002_8 (length 248)
/home/yuch3531/genome_analysis_project/5_genome_annotation/Prokka/E745_spades/E745_spades:tig00000002_9 (length 269)
/home/yuch3531/genome_analysis_project/5_genome_annotation/Prokka/E745_spades/E745_spades:tig00000002_10 (length 228)
/home/yuch3531/genome_analysis_project/5_genome_annotation/Prokka/E745_spades/E745_spades:tig00000002_11 (length 614)
/home/yuch3531/genome_analysis_project/5_genome_annotation/Prokka/E745_spades/E745_spades:tig00000002_12 (length 488)
/home/yuch3531/genome_analysis_project/5_genome_annotation/Prokka/E745_spades/E745_spades:tig00000002_13 (length 280)
/home/yuch3531/genome_analysis_project/5_genome_annotation/Prokka/E745_spades/E745_spades:tig00000002_14 (length 431)
/home/yuch3531/genome_analysis_project/5_genome_annotation/Prokka/E745_spades/E745_spades:tig00000002_15 (length 383)
/home/yuch3531/genome_analysis_project/5_genome_annotation/Prokka/E745_spades/E745_spades:tig00000002_16 (length 89)
/home/yuch3531/genome_analysis_project/5_genome_annotation/Prokka/E745_spades/E745_spades:tig00000002_17 (length 186)
/home/yuch3531/genome_analysis_project/5_genome_annotation/Prokka/E745_spades/E745_spades:tig00000002_18 (length 319)
/home/yuch3531/genome_analysis_project/5_genome_annotation/Prokka/E745_spades/E745_spades:tig00000002_19 (length 292)
/home/yuch3531/genome_analysis_project/5_genome_annotation/Prokka/E745_spades/E745_spades:tig00000002_20 (length 98)
/home/yuch3531/genome_analysis_project/5_genome_annotation/Prokka/E745_spades/E745_spades:tig00000002_21 (length 392)
/home/yuch3531/genome_analysis_project/5_genome_annotation/Prokka/E745_spades/E745_spades:tig00000002_22 (length 203)
/home/yuch3531/genome_analysis_project/5_genome_annotation/Prokka/E745_spades/E745_spades:tig00000002_23 (length 392)
/home/yuch3531/genome_analysis_project/5_genome_annotation/Prokka/E745_spades/E745_spades:tig00000002_24 (length 82)
/home/yuch3531/genome_analysis_project/5_genome_annotation/Prokka/E745_spades/E745_spades:tig00000002_25 (length 134)
/home/yuch3531/genome_analysis_project/5_genome_annotation/Prokka/E745_spades/E745_spades:tig00000002_26 (length 347)
/home/yuch3531/genome_analysis_project/5_genome_annotation/Prokka/E745_spades/E745_spades:tig00000002_27 (length 187)
/home/yuch3531/genome_analysis_project/5_genome_annotation/Prokka/E745_spades/E745_spades:tig00000002_28 (length 169)
/home/yuch3531/genome_analysis_project/5_genome_annotation/Prokka/E745_spades/E745_spades:tig00000002_29 (length 216)
/home/yuch3531/genome_analysis_project/5_genome_annotation/Prokka/E745_spades/E745_spades:tig00000002_30 (length 317)
/home/yuch3531/genome_analysis_project/5_genome_annotation/Prokka/E745_spades/E745_spades:tig00000002_31 (length 99)
/home/yuch3531/genome_analysis_project/5_genome_annotation/Prokka/E745_spades/E745_spades:tig00000002_32 (length 201)
/home/yuch3531/genome_analysis_project/5_genome_annotation/Prokka/E745_spades/E745_spades:tig00000002_33 (length 302)
/home/yuch3531/genome_analysis_project/5_genome_annotation/Prokka/E745_spades/E745_spades:tig00000002_34 (length 184)
/home/yuch3531/genome_analysis_project/5_genome_annotation/Prokka/E745_spades/E745_spades:tig00000002_35 (length 134)
/home/yuch3531/genome_analysis_project/5_genome_annotation/Prokka/E745_spades/E745_spades:tig00000002_36 (length 382)
/home/yuch3531/genome_analysis_project/5_genome_annotation/Prokka/E745_spades/E745_spades:tig00000002_37 (length 201)
/home/yuch3531/genome_analysis_project/5_genome_annotation/Prokka/E745_spades/E745_spades:tig00000002_38 (length 319)
/home/yuch3531/genome_analysis_project/5_genome_annotation/Prokka/E745_spades/E745_spades:tig00000002_39 (length 106)
/home/yuch3531/genome_analysis_project/5_genome_annotation/Prokka/E745_spades/E745_spades:tig00000002_40 (length 278)
/home/yuch3531/genome_analysis_project/5_genome_annotation/Prokka/E745_spades/E745_spades:tig00000002_41 (length 96)
/home/yuch3531/genome_analysis_project/5_genome_annotation/Prokka/E745_spades/E745_spades:tig00000002_42 (length 177)
/home/yuch3531/genome_analysis_project/5_genome_annotation/Prokka/E745_spades/E745_spades:tig00000002_43 (length 195)
/home/yuch3531/genome_analysis_project/5_genome_annotation/Prokka/E745_spades/E745_spades:tig00000002_44 (length 278)
/home/yuch3531/genome_analysis_project/5_genome_annotation/Prokka/E745_spades/E745_spades:tig00000002_45 (length 96)
/home/yuch3531/genome_analysis_project/5_genome_annotation/Prokka/E745_spades/E745_spades:tig00000002_46 (length 425)
/home/yuch3531/genome_analysis_project/5_genome_annotation/Prokka/E745_spades/E745_spades:tig00000002_47 (length 218)
/home/yuch3531/genome_analysis_project/5_genome_annotation/Prokka/E745_spades/E745_spades:tig00000002_48 (length 458)
/home/yuch3531/genome_analysis_project/5_genome_annotation/Prokka/E745_spades/E745_spades:tig00000002_49 (length 33)
/home/yuch3531/genome_analysis_project/5_genome_annotation/Prokka/E745_spades/E745_spades:tig00000002_50 (length 64)
/home/yuch3531/genome_analysis_project/5_genome_annotation/Prokka/E745_spades/E745_spades:tig00000002_51 (length 515)
/home/yuch3531/genome_analysis_project/5_genome_annotation/Prokka/E745_spades/E745_spades:tig00000002_52 (length 431)
/home/yuch3531/genome_analysis_project/5_genome_annotation/Prokka/E745_spades/E745_spades:tig00000002_53 (length 163)
/home/yuch3531/genome_analysis_project/5_genome_annotation/Prokka/E745_spades/E745_spades:tig00000002_54 (length 231)
/home/yuch3531/genome_analysis_project/5_genome_annotation/Prokka/E745_spades/E745_spades:tig00000002_55 (length 271)
/home/yuch3531/genome_analysis_project/5_genome_annotation/Prokka/E745_spades/E745_spades:tig00000002_56 (length 78)
/home/yuch3531/genome_analysis_project/5_genome_annotation/Prokka/E745_spades/E745_spades:tig00000002_57 (length 95)
/home/yuch3531/genome_analysis_project/5_genome_annotation/Prokka/E745_spades/E745_spades:tig00000002_58 (length 261)
/home/yuch3531/genome_analysis_project/5_genome_annotation/Prokka/E745_spades/E745_spades:tig00000002_59 (length 366)
/home/yuch3531/genome_analysis_project/5_genome_annotation/Prokka/E745_spades/E745_spades:tig00000002_60 (length 274)
/home/yuch3531/genome_analysis_project/5_genome_annotation/Prokka/E745_spades/E745_spades:tig00000002_61 (length 271)
/home/yuch3531/genome_analysis_project/5_genome_annotation/Prokka/E745_spades/E745_spades:tig00000002_62 (length 276)
/home/yuch3531/genome_analysis_project/5_genome_annotation/Prokka/E745_spades/E745_spades:tig00000002_63 (length 343)
/home/yuch3531/genome_analysis_project/5_genome_annotation/Prokka/E745_spades/E745_spades:tig00000002_64 (length 424)
/home/yuch3531/genome_analysis_project/5_genome_annotation/Prokka/E745_spades/E745_spades:tig00000002_65 (length 242)
/home/yuch3531/genome_analysis_project/5_genome_annotation/Prokka/E745_spades/E745_spades:tig00000002_66 (length 524)
/home/yuch3531/genome_analysis_project/5_genome_annotation/Prokka/E745_spades/E745_spades:tig00000002_67 (length 312)
/home/yuch3531/genome_analysis_project/5_genome_annotation/Prokka/E745_spades/E745_spades:tig00000002_68 (length 303)
/home/yuch3531/genome_analysis_project/5_genome_annotation/Prokka/E745_spades/E745_spades:tig00000002_69 (length 490)
/home/yuch3531/genome_analysis_project/5_genome_annotation/Prokka/E745_spades/E745_spades:tig00000002_70 (length 203)
/home/yuch3531/genome_analysis_project/5_genome_annotation/Prokka/E745_spades/E745_spades:tig00000002_71 (length 348)
/home/yuch3531/genome_analysis_project/5_genome_annotation/Prokka/E745_spades/E745_spades:tig00000002_72 (length 263)
/home/yuch3531/genome_analysis_project/5_genome_annotation/Prokka/E745_spades/E745_spades:tig00000002_73 (length 993)
/home/yuch3531/genome_analysis_project/5_genome_annotation/Prokka/E745_spades/E745_spades:tig00000002_74 (length 553)
/home/yuch3531/genome_analysis_project/5_genome_annotation/Prokka/E745_spades/E745_spades:tig00000002_75 (length 310)
/home/yuch3531/genome_analysis_project/5_genome_annotation/Prokka/E745_spades/E745_spades:tig00000002_76 (length 537)
/home/yuch3531/genome_analysis_project/5_genome_annotation/Prokka/E745_spades/E745_spades:tig00000002_77 (length 424)
/home/yuch3531/genome_analysis_project/5_genome_annotation/Prokka/E745_spades/E745_spades:tig00000002_78 (length 217)
/home/yuch3531/genome_analysis_project/5_genome_annotation/Prokka/E745_spades/E745_spades:tig00000002_79 (length 439)
/home/yuch3531/genome_analysis_project/5_genome_annotation/Prokka/E745_spades/E745_spades:tig00000002_80 (length 392)
/home/yuch3531/genome_analysis_project/5_genome_annotation/Prokka/E745_spades/E745_spades:tig00000002_81 (length 86)
/home/yuch3531/genome_analysis_project/5_genome_annotation/Prokka/E745_spades/E745_spades:tig00000002_82 (length 382)
/home/yuch3531/genome_analysis_project/5_genome_annotation/Prokka/E745_spades/E745_spades:tig00000002_83 (length 134)
/home/yuch3531/genome_analysis_project/5_genome_annotation/Prokka/E745_spades/E745_spades:tig00000002_84 (length 431)
/home/yuch3531/genome_analysis_project/5_genome_annotation/Prokka/E745_spades/E745_spades:tig00000002_85 (length 125)
/home/yuch3531/genome_analysis_project/5_genome_annotation/Prokka/E745_spades/E745_spades:tig00000002_86 (length 287)
/home/yuch3531/genome_analysis_project/5_genome_annotation/Prokka/E745_spades/E745_spades:tig00000002_87 (length 189)
/home/yuch3531/genome_analysis_project/5_genome_annotation/Prokka/E745_spades/E745_spades:tig00000002_88 (length 178)
/home/yuch3531/genome_analysis_project/5_genome_annotation/Prokka/E745_spades/E745_spades:tig00000002_89 (length 96)
/home/yuch3531/genome_analysis_project/5_genome_annotation/Prokka/E745_spades/E745_spades:tig00000002_90 (length 278)
/home/yuch3531/genome_analysis_project/5_genome_annotation/Prokka/E745_spades/E745_spades:tig00000002_91 (length 151)
/home/yuch3531/genome_analysis_project/5_genome_annotation/Prokka/E745_spades/E745_spades:tig00000002_92 (length 730)
/home/yuch3531/genome_analysis_project/5_genome_annotation/Prokka/E745_spades/E745_spades:tig00000002_93 (length 284)
/home/yuch3531/genome_analysis_project/5_genome_annotation/Prokka/E745_spades/E745_spades:tig00000002_94 (length 446)
/home/yuch3531/genome_analysis_project/5_genome_annotation/Prokka/E745_spades/E745_spades:tig00000002_95 (length 461)
/home/yuch3531/genome_analysis_project/5_genome_annotation/Prokka/E745_spades/E745_spades:tig00000002_96 (length 382)
/home/yuch3531/genome_analysis_project/5_genome_annotation/Prokka/E745_spades/E745_spades:tig00000002_97 (length 134)
/home/yuch3531/genome_analysis_project/5_genome_annotation/Prokka/E745_spades/E745_spades:tig00000002_98 (length 475)
/home/yuch3531/genome_analysis_project/5_genome_annotation/Prokka/E745_spades/E745_spades:tig00000002_99 (length 278)
/home/yuch3531/genome_analysis_project/5_genome_annotation/Prokka/E745_spades/E745_spades:tig00000002_100 (length 244)
/home/yuch3531/genome_analysis_project/5_genome_annotation/Prokka/E745_spades/E745_spades:tig00000002_101 (length 389)
/home/yuch3531/genome_analysis_project/5_genome_annotation/Prokka/E745_spades/E745_spades:tig00000002_102 (length 331)
/home/yuch3531/genome_analysis_project/5_genome_annotation/Prokka/E745_spades/E745_spades:tig00000002_103 (length 308)
/home/yuch3531/genome_analysis_project/5_genome_annotation/Prokka/E745_spades/E745_spades:tig00000002_104 (length 416)
/home/yuch3531/genome_analysis_project/5_genome_annotation/Prokka/E745_spades/E745_spades:tig00000002_105 (length 317)
/home/yuch3531/genome_analysis_project/5_genome_annotation/Prokka/E745_spades/E745_spades:tig00000002_106 (length 361)
/home/yuch3531/genome_analysis_project/5_genome_annotation/Prokka/E745_spades/E745_spades:tig00000002_107 (length 172)
/home/yuch3531/genome_analysis_project/5_genome_annotation/Prokka/E745_spades/E745_spades:tig00000002_108 (length 278)
/home/yuch3531/genome_analysis_project/5_genome_annotation/Prokka/E745_spades/E745_spades:tig00000002_109 (length 158)
/home/yuch3531/genome_analysis_project/5_genome_annotation/Prokka/E745_spades/E745_spades:tig00000002_110 (length 416)
/home/yuch3531/genome_analysis_project/5_genome_annotation/Prokka/E745_spades/E745_spades:tig00000002_111 (length 500)
/home/yuch3531/genome_analysis_project/5_genome_annotation/Prokka/E745_spades/E745_spades:tig00000002_112 (length 229)
/home/yuch3531/genome_analysis_project/5_genome_annotation/Prokka/E745_spades/E745_spades:tig00000002_113 (length 272)
/home/yuch3531/genome_analysis_project/5_genome_annotation/Prokka/E745_spades/E745_spades:tig00000002_114 (length 72)
/home/yuch3531/genome_analysis_project/5_genome_annotation/Prokka/E745_spades/E745_spades:tig00000002_115 (length 439)
/home/yuch3531/genome_analysis_project/5_genome_annotation/Prokka/E745_spades/E745_spades:tig00000002_116 (length 77)
/home/yuch3531/genome_analysis_project/5_genome_annotation/Prokka/E745_spades/E745_spades:tig00000002_117 (length 151)
/home/yuch3531/genome_analysis_project/5_genome_annotation/Prokka/E745_spades/E745_spades:tig00000002_118 (length 193)
/home/yuch3531/genome_analysis_project/5_genome_annotation/Prokka/E745_spades/E745_spades:tig00000002_119 (length 267)
/home/yuch3531/genome_analysis_project/5_genome_annotation/Prokka/E745_spades/E745_spades:tig00000002_120 (length 320)
/home/yuch3531/genome_analysis_project/5_genome_annotation/Prokka/E745_spades/E745_spades:tig00000002_121 (length 479)
/home/yuch3531/genome_analysis_project/5_genome_annotation/Prokka/E745_spades/E745_spades:tig00000002_122 (length 648)
/home/yuch3531/genome_analysis_project/5_genome_annotation/Prokka/E745_spades/E745_spades:tig00000002_123 (length 390)
/home/yuch3531/genome_analysis_project/5_genome_annotation/Prokka/E745_spades/E745_spades:tig00000002_124 (length 290)
/home/yuch3531/genome_analysis_project/5_genome_annotation/Prokka/E745_spades/E745_spades:tig00000002_125 (length 94)
/home/yuch3531/genome_analysis_project/5_genome_annotation/Prokka/E745_spades/E745_spades:tig00000002_126 (length 139)
/home/yuch3531/genome_analysis_project/5_genome_annotation/Prokka/E745_spades/E745_spades:tig00000002_127 (length 199)
/home/yuch3531/genome_analysis_project/5_genome_annotation/Prokka/E745_spades/E745_spades:tig00000002_128 (length 199)
/home/yuch3531/genome_analysis_project/5_genome_annotation/Prokka/E745_spades/E745_spades:tig00000002_129 (length 60)
/home/yuch3531/genome_analysis_project/5_genome_annotation/Prokka/E745_spades/E745_spades:tig00000002_130 (length 59)
/home/yuch3531/genome_analysis_project/5_genome_annotation/Prokka/E745_spades/E745_spades:tig00000002_131 (length 506)
/home/yuch3531/genome_analysis_project/5_genome_annotation/Prokka/E745_spades/E745_spades:tig00000002_132 (length 190)
/home/yuch3531/genome_analysis_project/5_genome_annotation/Prokka/E745_spades/E745_spades:tig00000002_133 (length 220)
/home/yuch3531/genome_analysis_project/5_genome_annotation/Prokka/E745_spades/E745_spades:tig00000002_134 (length 171)
/home/yuch3531/genome_analysis_project/5_genome_annotation/Prokka/E745_spades/E745_spades:tig00000002_135 (length 94)
/home/yuch3531/genome_analysis_project/5_genome_annotation/Prokka/E745_spades/E745_spades:tig00000002_136 (length 442)
/home/yuch3531/genome_analysis_project/5_genome_annotation/Prokka/E745_spades/E745_spades:tig00000002_137 (length 151)
/home/yuch3531/genome_analysis_project/5_genome_annotation/Prokka/E745_spades/E745_spades:tig00000002_138 (length 648)
/home/yuch3531/genome_analysis_project/5_genome_annotation/Prokka/E745_spades/E745_spades:tig00000002_139 (length 392)
/home/yuch3531/genome_analysis_project/5_genome_annotation/Prokka/E745_spades/E745_spades:tig00000002_140 (length 96)
/home/yuch3531/genome_analysis_project/5_genome_annotation/Prokka/E745_spades/E745_spades:tig00000002_141 (length 87)
/home/yuch3531/genome_analysis_project/5_genome_annotation/Prokka/E745_spades/E745_spades:tig00000002_142 (length 317)
/home/yuch3531/genome_analysis_project/5_genome_annotation/Prokka/E745_spades/E745_spades:tig00000002_143 (length 93)
/home/yuch3531/genome_analysis_project/5_genome_annotation/Prokka/E745_spades/E745_spades:tig00000002_144 (length 118)
/home/yuch3531/genome_analysis_project/5_genome_annotation/Prokka/E745_spades/E745_spades:tig00000002_145 (length 59)
/home/yuch3531/genome_analysis_project/5_genome_annotation/Prokka/E745_spades/E745_spades:tig00000002_146 (length 90)
/home/yuch3531/genome_analysis_project/5_genome_annotation/Prokka/E745_spades/E745_spades:tig00000002_147 (length 51)
/home/yuch3531/genome_analysis_project/5_genome_annotation/Prokka/E745_spades/E745_spades:tig00000002_148 (length 83)
/home/yuch3531/genome_analysis_project/5_genome_annotation/Prokka/E745_spades/E745_spades:tig00000002_149 (length 68)
/home/yuch3531/genome_analysis_project/5_genome_annotation/Prokka/E745_spades/E745_spades:tig00000002_150 (length 85)
/home/yuch3531/genome_analysis_project/5_genome_annotation/Prokka/E745_spades/E745_spades:tig00000002_151 (length 101)
/home/yuch3531/genome_analysis_project/5_genome_annotation/Prokka/E745_spades/E745_spades:tig00000002_152 (length 43)
/home/yuch3531/genome_analysis_project/5_genome_annotation/Prokka/E745_spades/E745_spades:tig00000002_153 (length 299)
/home/yuch3531/genome_analysis_project/5_genome_annotation/Prokka/E745_spades/E745_spades:tig00000002_154 (length 198)
/home/yuch3531/genome_analysis_project/5_genome_annotation/Prokka/E745_spades/E745_spades:tig00000002_155 (length 49)
/home/yuch3531/genome_analysis_project/5_genome_annotation/Prokka/E745_spades/E745_spades:tig00000002_156 (length 669)
/home/yuch3531/genome_analysis_project/5_genome_annotation/Prokka/E745_spades/E745_spades:tig00000002_157 (length 489)
/home/yuch3531/genome_analysis_project/5_genome_annotation/Prokka/E745_spades/E745_spades:tig00000002_158 (length 790)
/home/yuch3531/genome_analysis_project/5_genome_annotation/Prokka/E745_spades/E745_spades:tig00000002_159 (length 416)
/home/yuch3531/genome_analysis_project/5_genome_annotation/Prokka/E745_spades/E745_spades:tig00000002_160 (length 64)
/home/yuch3531/genome_analysis_project/5_genome_annotation/Prokka/E745_spades/E745_spades:tig00000002_161 (length 111)
/home/yuch3531/genome_analysis_project/5_genome_annotation/Prokka/E745_spades/E745_spades:tig00000002_162 (length 530)
/home/yuch3531/genome_analysis_project/5_genome_annotation/Prokka/E745_spades/E745_spades:tig00000002_163 (length 140)
/home/yuch3531/genome_analysis_project/5_genome_annotation/Prokka/E745_spades/E745_spades:tig00000002_164 (length 98)
/home/yuch3531/genome_analysis_project/5_genome_annotation/Prokka/E745_spades/E745_spades:tig00000002_165 (length 89)
/home/yuch3531/genome_analysis_project/5_genome_annotation/Prokka/E745_spades/E745_spades:tig00000002_166 (length 357)
/home/yuch3531/genome_analysis_project/5_genome_annotation/Prokka/E745_spades/E745_spades:tig00000002_167 (length 44)
/home/yuch3531/genome_analysis_project/5_genome_annotation/Prokka/E745_spades/E745_spades:tig00000002_168 (length 268)
/home/yuch3531/genome_analysis_project/5_genome_annotation/Prokka/E745_spades/E745_spades:tig00000002_169 (length 214)
/home/yuch3531/genome_analysis_project/5_genome_annotation/Prokka/E745_spades/E745_spades:tig00000002_170 (length 401)
/home/yuch3531/genome_analysis_project/5_genome_annotation/Prokka/E745_spades/E745_spades:tig00000002_171 (length 674)
/home/yuch3531/genome_analysis_project/5_genome_annotation/Prokka/E745_spades/E745_spades:tig00000002_172 (length 50)
/home/yuch3531/genome_analysis_project/5_genome_annotation/Prokka/E745_spades/E745_spades:tig00000002_173 (length 197)
/home/yuch3531/genome_analysis_project/5_genome_annotation/Prokka/E745_spades/E745_spades:tig00000002_174 (length 110)
/home/yuch3531/genome_analysis_project/5_genome_annotation/Prokka/E745_spades/E745_spades:tig00000002_175 (length 790)
/home/yuch3531/genome_analysis_project/5_genome_annotation/Prokka/E745_spades/E745_spades:tig00000002_176 (length 263)
/home/yuch3531/genome_analysis_project/5_genome_annotation/Prokka/E745_spades/E745_spades:tig00000002_177 (length 632)
/home/yuch3531/genome_analysis_project/5_genome_annotation/Prokka/E745_spades/E745_spades:tig00000002_178 (length 609)
/home/yuch3531/genome_analysis_project/5_genome_annotation/Prokka/E745_spades/E745_spades:tig00000002_179 (length 687)
/home/yuch3531/genome_analysis_project/5_genome_annotation/Prokka/E745_spades/E745_spades:tig00000002_180 (length 100)
/home/yuch3531/genome_analysis_project/5_genome_annotation/Prokka/E745_spades/E745_spades:tig00000002_181 (length 80)
/home/yuch3531/genome_analysis_project/5_genome_annotation/Prokka/E745_spades/E745_spades:tig00000002_182 (length 144)
/home/yuch3531/genome_analysis_project/5_genome_annotation/Prokka/E745_spades/E745_spades:tig00000002_183 (length 696)
/home/yuch3531/genome_analysis_project/5_genome_annotation/Prokka/E745_spades/E745_spades:tig00000002_184 (length 86)
/home/yuch3531/genome_analysis_project/5_genome_annotation/Prokka/E745_spades/E745_spades:tig00000002_185 (length 251)
/home/yuch3531/genome_analysis_project/5_genome_annotation/Prokka/E745_spades/E745_spades:tig00000002_186 (length 250)
/home/yuch3531/genome_analysis_project/5_genome_annotation/Prokka/E745_spades/E745_spades:tig00000002_187 (length 271)
/home/yuch3531/genome_analysis_project/5_genome_annotation/Prokka/E745_spades/E745_spades:tig00000002_188 (length 390)
/home/yuch3531/genome_analysis_project/5_genome_annotation/Prokka/E745_spades/E745_spades:tig00000002_189 (length 224)
/home/yuch3531/genome_analysis_project/5_genome_annotation/Prokka/E745_spades/E745_spades:tig00000002_190 (length 357)
/home/yuch3531/genome_analysis_project/5_genome_annotation/Prokka/E745_spades/E745_spades:tig00000002_191 (length 229)
/home/yuch3531/genome_analysis_project/5_genome_annotation/Prokka/E745_spades/E745_spades:tig00000002_192 (length 79)
/home/yuch3531/genome_analysis_project/5_genome_annotation/Prokka/E745_spades/E745_spades:tig00000002_193 (length 40)
/home/yuch3531/genome_analysis_project/5_genome_annotation/Prokka/E745_spades/E745_spades:tig00000002_194 (length 51)
/home/yuch3531/genome_analysis_project/5_genome_annotation/Prokka/E745_spades/E745_spades:tig00000002_195 (length 110)
/home/yuch3531/genome_analysis_project/5_genome_annotation/Prokka/E745_spades/E745_spades:tig00000002_196 (length 346)
/home/yuch3531/genome_analysis_project/5_genome_annotation/Prokka/E745_spades/E745_spades:tig00000002_197 (length 291)
/home/yuch3531/genome_analysis_project/5_genome_annotation/Prokka/E745_spades/E745_spades:tig00000002_198 (length 91)
/home/yuch3531/genome_analysis_project/5_genome_annotation/Prokka/E745_spades/E745_spades:tig00000002_199 (length 234)
/home/yuch3531/genome_analysis_project/5_genome_annotation/Prokka/E745_spades/E745_spades:tig00000003 (length 22772)
/home/yuch3531/genome_analysis_project/5_genome_annotation/Prokka/E745_spades/E745_spades:tig00000003_1 (length 151)
/home/yuch3531/genome_analysis_project/5_genome_annotation/Prokka/E745_spades/E745_spades:tig00000003_2 (length 45)
/home/yuch3531/genome_analysis_project/5_genome_annotation/Prokka/E745_spades/E745_spades:tig00000003_3 (length 725)
/home/yuch3531/genome_analysis_project/5_genome_annotation/Prokka/E745_spades/E745_spades:tig00000003_4 (length 486)
/home/yuch3531/genome_analysis_project/5_genome_annotation/Prokka/E745_spades/E745_spades:tig00000003_5 (length 734)
/home/yuch3531/genome_analysis_project/5_genome_annotation/Prokka/E745_spades/E745_spades:tig00000003_6 (length 49)
/home/yuch3531/genome_analysis_project/5_genome_annotation/Prokka/E745_spades/E745_spades:tig00000003_7 (length 197)
/home/yuch3531/genome_analysis_project/5_genome_annotation/Prokka/E745_spades/E745_spades:tig00000003_8 (length 299)
/home/yuch3531/genome_analysis_project/5_genome_annotation/Prokka/E745_spades/E745_spades:tig00000003_9 (length 161)
/home/yuch3531/genome_analysis_project/5_genome_annotation/Prokka/E745_spades/E745_spades:tig00000003_10 (length 86)
/home/yuch3531/genome_analysis_project/5_genome_annotation/Prokka/E745_spades/E745_spades:tig00000003_11 (length 68)
/home/yuch3531/genome_analysis_project/5_genome_annotation/Prokka/E745_spades/E745_spades:tig00000003_12 (length 83)
/home/yuch3531/genome_analysis_project/5_genome_annotation/Prokka/E745_spades/E745_spades:tig00000003_13 (length 145)
/home/yuch3531/genome_analysis_project/5_genome_annotation/Prokka/E745_spades/E745_spades:tig00000003_14 (length 235)
/home/yuch3531/genome_analysis_project/5_genome_annotation/Prokka/E745_spades/E745_spades:tig00000003_15 (length 66)
/home/yuch3531/genome_analysis_project/5_genome_annotation/Prokka/E745_spades/E745_spades:tig00000003_16 (length 59)
/home/yuch3531/genome_analysis_project/5_genome_annotation/Prokka/E745_spades/E745_spades:tig00000003_17 (length 49)
/home/yuch3531/genome_analysis_project/5_genome_annotation/Prokka/E745_spades/E745_spades:tig00000003_18 (length 87)
/home/yuch3531/genome_analysis_project/5_genome_annotation/Prokka/E745_spades/E745_spades:tig00000003_19 (length 116)
/home/yuch3531/genome_analysis_project/5_genome_annotation/Prokka/E745_spades/E745_spades:tig00000003_20 (length 204)
/home/yuch3531/genome_analysis_project/5_genome_annotation/Prokka/E745_spades/E745_spades:tig00000003_21 (length 441)
/home/yuch3531/genome_analysis_project/5_genome_annotation/Prokka/E745_spades/E745_spades:tig00000003_22 (length 116)
/home/yuch3531/genome_analysis_project/5_genome_annotation/Prokka/E745_spades/E745_spades:tig00000003_23 (length 34)
/home/yuch3531/genome_analysis_project/5_genome_annotation/Prokka/E745_spades/E745_spades:tig00000003_24 (length 97)
/home/yuch3531/genome_analysis_project/5_genome_annotation/Prokka/E745_spades/E745_spades:tig00000003_25 (length 38)
/home/yuch3531/genome_analysis_project/5_genome_annotation/Prokka/E745_spades/E745_spades:tig00000003_26 (length 230)
/home/yuch3531/genome_analysis_project/5_genome_annotation/Prokka/E745_spades/E745_spades:tig00000003_27 (length 184)
/home/yuch3531/genome_analysis_project/5_genome_annotation/Prokka/E745_spades/E745_spades:tig00000003_28 (length 33)
/home/yuch3531/genome_analysis_project/5_genome_annotation/Prokka/E745_spades/E745_spades:tig00000003_29 (length 89)
/home/yuch3531/genome_analysis_project/5_genome_annotation/Prokka/E745_spades/E745_spades:tig00000003_30 (length 125)
/home/yuch3531/genome_analysis_project/5_genome_annotation/Prokka/E745_spades/E745_spades:tig00000003_31 (length 110)
/home/yuch3531/genome_analysis_project/5_genome_annotation/Prokka/E745_spades/E745_spades:tig00000003_32 (length 102)
/home/yuch3531/genome_analysis_project/5_genome_annotation/Prokka/E745_spades/E745_spades:tig00000003_33 (length 75)
/home/yuch3531/genome_analysis_project/5_genome_annotation/Prokka/E745_spades/E745_spades:tig00000003_34 (length 38)
/home/yuch3531/genome_analysis_project/5_genome_annotation/Prokka/E745_spades/E745_spades:tig00000004 (length 14734)
/home/yuch3531/genome_analysis_project/5_genome_annotation/Prokka/E745_spades/E745_spades:tig00000004_1 (length 133)
/home/yuch3531/genome_analysis_project/5_genome_annotation/Prokka/E745_spades/E745_spades:tig00000004_2 (length 245)
/home/yuch3531/genome_analysis_project/5_genome_annotation/Prokka/E745_spades/E745_spades:tig00000004_3 (length 416)
/home/yuch3531/genome_analysis_project/5_genome_annotation/Prokka/E745_spades/E745_spades:tig00000004_4 (length 64)
/home/yuch3531/genome_analysis_project/5_genome_annotation/Prokka/E745_spades/E745_spades:tig00000004_5 (length 218)
/home/yuch3531/genome_analysis_project/5_genome_annotation/Prokka/E745_spades/E745_spades:tig00000004_6 (length 109)
/home/yuch3531/genome_analysis_project/5_genome_annotation/Prokka/E745_spades/E745_spades:tig00000004_7 (length 159)
/home/yuch3531/genome_analysis_project/5_genome_annotation/Prokka/E745_spades/E745_spades:tig00000004_8 (length 80)
/home/yuch3531/genome_analysis_project/5_genome_annotation/Prokka/E745_spades/E745_spades:tig00000004_9 (length 50)
/home/yuch3531/genome_analysis_project/5_genome_annotation/Prokka/E745_spades/E745_spades:tig00000004_10 (length 102)
/home/yuch3531/genome_analysis_project/5_genome_annotation/Prokka/E745_spades/E745_spades:tig00000004_11 (length 76)
/home/yuch3531/genome_analysis_project/5_genome_annotation/Prokka/E745_spades/E745_spades:tig00000004_12 (length 120)
/home/yuch3531/genome_analysis_project/5_genome_annotation/Prokka/E745_spades/E745_spades:tig00000004_13 (length 154)
/home/yuch3531/genome_analysis_project/5_genome_annotation/Prokka/E745_spades/E745_spades:tig00000004_14 (length 214)
/home/yuch3531/genome_analysis_project/5_genome_annotation/Prokka/E745_spades/E745_spades:tig00000004_15 (length 174)
/home/yuch3531/genome_analysis_project/5_genome_annotation/Prokka/E745_spades/E745_spades:tig00000004_16 (length 182)
/home/yuch3531/genome_analysis_project/5_genome_annotation/Prokka/E745_spades/E745_spades:tig00000004_17 (length 106)
/home/yuch3531/genome_analysis_project/5_genome_annotation/Prokka/E745_spades/E745_spades:tig00000004_18 (length 68)
/home/yuch3531/genome_analysis_project/5_genome_annotation/Prokka/E745_spades/E745_spades:tig00000004_19 (length 116)
/home/yuch3531/genome_analysis_project/5_genome_annotation/Prokka/E745_spades/E745_spades:tig00000004_20 (length 39)
/home/yuch3531/genome_analysis_project/5_genome_annotation/Prokka/E745_spades/E745_spades:tig00000004_21 (length 163)
/home/yuch3531/genome_analysis_project/5_genome_annotation/Prokka/E745_spades/E745_spades:tig00000004_22 (length 46)
/home/yuch3531/genome_analysis_project/5_genome_annotation/Prokka/E745_spades/E745_spades:tig00000004_23 (length 62)
/home/yuch3531/genome_analysis_project/5_genome_annotation/Prokka/E745_spades/E745_spades:tig00000004_24 (length 107)
/home/yuch3531/genome_analysis_project/5_genome_annotation/Prokka/E745_spades/E745_spades:tig00000004_25 (length 74)
/home/yuch3531/genome_analysis_project/5_genome_annotation/Prokka/E745_spades/E745_spades:tig00000004_26 (length 88)
/home/yuch3531/genome_analysis_project/5_genome_annotation/Prokka/E745_spades/E745_spades:tig00000004_27 (length 70)
/home/yuch3531/genome_analysis_project/5_genome_annotation/Prokka/E745_spades/E745_spades:tig00000005 (length 40013)
/home/yuch3531/genome_analysis_project/5_genome_annotation/Prokka/E745_spades/E745_spades:tig00000005_1 (length 74)
/home/yuch3531/genome_analysis_project/5_genome_annotation/Prokka/E745_spades/E745_spades:tig00000005_2 (length 95)
/home/yuch3531/genome_analysis_project/5_genome_annotation/Prokka/E745_spades/E745_spades:tig00000005_3 (length 294)
/home/yuch3531/genome_analysis_project/5_genome_annotation/Prokka/E745_spades/E745_spades:tig00000005_4 (length 98)
/home/yuch3531/genome_analysis_project/5_genome_annotation/Prokka/E745_spades/E745_spades:tig00000005_5 (length 226)
/home/yuch3531/genome_analysis_project/5_genome_annotation/Prokka/E745_spades/E745_spades:tig00000005_6 (length 231)
/home/yuch3531/genome_analysis_project/5_genome_annotation/Prokka/E745_spades/E745_spades:tig00000005_7 (length 364)
/home/yuch3531/genome_analysis_project/5_genome_annotation/Prokka/E745_spades/E745_spades:tig00000005_8 (length 322)
/home/yuch3531/genome_analysis_project/5_genome_annotation/Prokka/E745_spades/E745_spades:tig00000005_9 (length 343)
/home/yuch3531/genome_analysis_project/5_genome_annotation/Prokka/E745_spades/E745_spades:tig00000005_10 (length 202)
/home/yuch3531/genome_analysis_project/5_genome_annotation/Prokka/E745_spades/E745_spades:tig00000005_11 (length 226)
/home/yuch3531/genome_analysis_project/5_genome_annotation/Prokka/E745_spades/E745_spades:tig00000005_12 (length 132)
/home/yuch3531/genome_analysis_project/5_genome_annotation/Prokka/E745_spades/E745_spades:tig00000005_13 (length 94)
/home/yuch3531/genome_analysis_project/5_genome_annotation/Prokka/E745_spades/E745_spades:tig00000005_14 (length 99)
/home/yuch3531/genome_analysis_project/5_genome_annotation/Prokka/E745_spades/E745_spades:tig00000005_15 (length 496)
/home/yuch3531/genome_analysis_project/5_genome_annotation/Prokka/E745_spades/E745_spades:tig00000005_16 (length 56)
/home/yuch3531/genome_analysis_project/5_genome_annotation/Prokka/E745_spades/E745_spades:tig00000005_17 (length 205)
/home/yuch3531/genome_analysis_project/5_genome_annotation/Prokka/E745_spades/E745_spades:tig00000005_18 (length 30)
/home/yuch3531/genome_analysis_project/5_genome_annotation/Prokka/E745_spades/E745_spades:tig00000005_19 (length 226)
/home/yuch3531/genome_analysis_project/5_genome_annotation/Prokka/E745_spades/E745_spades:tig00000005_20 (length 150)
/home/yuch3531/genome_analysis_project/5_genome_annotation/Prokka/E745_spades/E745_spades:tig00000005_21 (length 229)
/home/yuch3531/genome_analysis_project/5_genome_annotation/Prokka/E745_spades/E745_spades:tig00000005_22 (length 783)
/home/yuch3531/genome_analysis_project/5_genome_annotation/Prokka/E745_spades/E745_spades:tig00000005_23 (length 128)
/home/yuch3531/genome_analysis_project/5_genome_annotation/Prokka/E745_spades/E745_spades:tig00000005_24 (length 205)
/home/yuch3531/genome_analysis_project/5_genome_annotation/Prokka/E745_spades/E745_spades:tig00000005_25 (length 99)
/home/yuch3531/genome_analysis_project/5_genome_annotation/Prokka/E745_spades/E745_spades:tig00000005_26 (length 55)
/home/yuch3531/genome_analysis_project/5_genome_annotation/Prokka/E745_spades/E745_spades:tig00000005_27 (length 201)
/home/yuch3531/genome_analysis_project/5_genome_annotation/Prokka/E745_spades/E745_spades:tig00000005_28 (length 456)
/home/yuch3531/genome_analysis_project/5_genome_annotation/Prokka/E745_spades/E745_spades:tig00000005_29 (length 226)
/home/yuch3531/genome_analysis_project/5_genome_annotation/Prokka/E745_spades/E745_spades:tig00000005_30 (length 105)
/home/yuch3531/genome_analysis_project/5_genome_annotation/Prokka/E745_spades/E745_spades:tig00000005_31 (length 197)
/home/yuch3531/genome_analysis_project/5_genome_annotation/Prokka/E745_spades/E745_spades:tig00000005_32 (length 226)
/home/yuch3531/genome_analysis_project/5_genome_annotation/Prokka/E745_spades/E745_spades:tig00000005_33 (length 174)
/home/yuch3531/genome_analysis_project/5_genome_annotation/Prokka/E745_spades/E745_spades:tig00000005_34 (length 471)
/home/yuch3531/genome_analysis_project/5_genome_annotation/Prokka/E745_spades/E745_spades:tig00000005_35 (length 120)
/home/yuch3531/genome_analysis_project/5_genome_annotation/Prokka/E745_spades/E745_spades:tig00000005_36 (length 105)
/home/yuch3531/genome_analysis_project/5_genome_annotation/Prokka/E745_spades/E745_spades:tig00000005_37 (length 139)
/home/yuch3531/genome_analysis_project/5_genome_annotation/Prokka/E745_spades/E745_spades:tig00000005_38 (length 163)
/home/yuch3531/genome_analysis_project/5_genome_annotation/Prokka/E745_spades/E745_spades:tig00000005_39 (length 226)
/home/yuch3531/genome_analysis_project/5_genome_annotation/Prokka/E745_spades/E745_spades:tig00000005_40 (length 78)
/home/yuch3531/genome_analysis_project/5_genome_annotation/Prokka/E745_spades/E745_spades:tig00000005_41 (length 91)
/home/yuch3531/genome_analysis_project/5_genome_annotation/Prokka/E745_spades/E745_spades:tig00000005_42 (length 317)
/home/yuch3531/genome_analysis_project/5_genome_annotation/Prokka/E745_spades/E745_spades:tig00000005_43 (length 497)
/home/yuch3531/genome_analysis_project/5_genome_annotation/Prokka/E745_spades/E745_spades:tig00000005_44 (length 98)
/home/yuch3531/genome_analysis_project/5_genome_annotation/Prokka/E745_spades/E745_spades:tig00000005_45 (length 226)
/home/yuch3531/genome_analysis_project/5_genome_annotation/Prokka/E745_spades/E745_spades:tig00000005_46 (length 485)
/home/yuch3531/genome_analysis_project/5_genome_annotation/Prokka/E745_spades/E745_spades:tig00000005_47 (length 121)
/home/yuch3531/genome_analysis_project/5_genome_annotation/Prokka/E745_spades/E745_spades:tig00000005_48 (length 322)
/home/yuch3531/genome_analysis_project/5_genome_annotation/Prokka/E745_spades/E745_spades:tig00000005_49 (length 343)
/home/yuch3531/genome_analysis_project/5_genome_annotation/Prokka/E745_spades/E745_spades:tig00000006 (length 15013)
/home/yuch3531/genome_analysis_project/5_genome_annotation/Prokka/E745_spades/E745_spades:tig00000006_1 (length 37)
/home/yuch3531/genome_analysis_project/5_genome_annotation/Prokka/E745_spades/E745_spades:tig00000006_2 (length 132)
/home/yuch3531/genome_analysis_project/5_genome_annotation/Prokka/E745_spades/E745_spades:tig00000006_3 (length 178)
/home/yuch3531/genome_analysis_project/5_genome_annotation/Prokka/E745_spades/E745_spades:tig00000006_4 (length 86)
/home/yuch3531/genome_analysis_project/5_genome_annotation/Prokka/E745_spades/E745_spades:tig00000006_5 (length 674)
/home/yuch3531/genome_analysis_project/5_genome_annotation/Prokka/E745_spades/E745_spades:tig00000006_6 (length 50)
/home/yuch3531/genome_analysis_project/5_genome_annotation/Prokka/E745_spades/E745_spades:tig00000006_7 (length 197)
/home/yuch3531/genome_analysis_project/5_genome_annotation/Prokka/E745_spades/E745_spades:tig00000006_8 (length 110)
/home/yuch3531/genome_analysis_project/5_genome_annotation/Prokka/E745_spades/E745_spades:tig00000006_9 (length 790)
/home/yuch3531/genome_analysis_project/5_genome_annotation/Prokka/E745_spades/E745_spades:tig00000006_10 (length 263)
/home/yuch3531/genome_analysis_project/5_genome_annotation/Prokka/E745_spades/E745_spades:tig00000006_11 (length 227)
/home/yuch3531/genome_analysis_project/5_genome_annotation/Prokka/E745_spades/E745_spades:tig00000006_12 (length 400)
/home/yuch3531/genome_analysis_project/5_genome_annotation/Prokka/E745_spades/E745_spades:tig00000006_13 (length 92)
/home/yuch3531/genome_analysis_project/5_genome_annotation/Prokka/E745_spades/E745_spades:tig00000006_14 (length 370)
/home/yuch3531/genome_analysis_project/5_genome_annotation/Prokka/E745_spades/E745_spades:tig00000006_15 (length 171)
/home/yuch3531/genome_analysis_project/5_genome_annotation/Prokka/E745_spades/E745_spades:tig00000006_16 (length 127)
/home/yuch3531/genome_analysis_project/5_genome_annotation/Prokka/E745_spades/E745_spades:tig00000006_17 (length 329)
/home/yuch3531/genome_analysis_project/5_genome_annotation/Prokka/E745_spades/E745_spades:tig00000006_18 (length 47)
/home/yuch3531/genome_analysis_project/5_genome_annotation/Prokka/E745_spades/E745_spades:tig00000007 (length 16044)
/home/yuch3531/genome_analysis_project/5_genome_annotation/Prokka/E745_spades/E745_spades:tig00000007_1 (length 122)
/home/yuch3531/genome_analysis_project/5_genome_annotation/Prokka/E745_spades/E745_spades:tig00000007_2 (length 60)
/home/yuch3531/genome_analysis_project/5_genome_annotation/Prokka/E745_spades/E745_spades:tig00000007_3 (length 138)
/home/yuch3531/genome_analysis_project/5_genome_annotation/Prokka/E745_spades/E745_spades:tig00000007_4 (length 97)
/home/yuch3531/genome_analysis_project/5_genome_annotation/Prokka/E745_spades/E745_spades:tig00000007_5 (length 231)
/home/yuch3531/genome_analysis_project/5_genome_annotation/Prokka/E745_spades/E745_spades:tig00000007_6 (length 66)
/home/yuch3531/genome_analysis_project/5_genome_annotation/Prokka/E745_spades/E745_spades:tig00000007_7 (length 59)
/home/yuch3531/genome_analysis_project/5_genome_annotation/Prokka/E745_spades/E745_spades:tig00000007_8 (length 77)
/home/yuch3531/genome_analysis_project/5_genome_annotation/Prokka/E745_spades/E745_spades:tig00000007_9 (length 34)
/home/yuch3531/genome_analysis_project/5_genome_annotation/Prokka/E745_spades/E745_spades:tig00000007_10 (length 96)
/home/yuch3531/genome_analysis_project/5_genome_annotation/Prokka/E745_spades/E745_spades:tig00000007_11 (length 140)
/home/yuch3531/genome_analysis_project/5_genome_annotation/Prokka/E745_spades/E745_spades:tig00000007_12 (length 204)
/home/yuch3531/genome_analysis_project/5_genome_annotation/Prokka/E745_spades/E745_spades:tig00000007_13 (length 441)
/home/yuch3531/genome_analysis_project/5_genome_annotation/Prokka/E745_spades/E745_spades:tig00000007_14 (length 116)
/home/yuch3531/genome_analysis_project/5_genome_annotation/Prokka/E745_spades/E745_spades:tig00000007_15 (length 59)
/home/yuch3531/genome_analysis_project/5_genome_annotation/Prokka/E745_spades/E745_spades:tig00000007_16 (length 113)
/home/yuch3531/genome_analysis_project/5_genome_annotation/Prokka/E745_spades/E745_spades:tig00000007_17 (length 262)
/home/yuch3531/genome_analysis_project/5_genome_annotation/Prokka/E745_spades/E745_spades:tig00000007_18 (length 108)
/home/yuch3531/genome_analysis_project/5_genome_annotation/Prokka/E745_spades/E745_spades:tig00000007_19 (length 346)
/home/yuch3531/genome_analysis_project/5_genome_annotation/Prokka/E745_spades/E745_spades:tig00000007_20 (length 106)
/home/yuch3531/genome_analysis_project/5_genome_annotation/Prokka/E745_spades/E745_spades:tig00000007_21 (length 75)
/home/yuch3531/genome_analysis_project/5_genome_annotation/Prokka/E745_spades/E745_spades:tig00000007_22 (length 231)
/home/yuch3531/genome_analysis_project/5_genome_annotation/Prokka/E745_spades/E745_spades:tig00000007_23 (length 66)
/home/yuch3531/genome_analysis_project/5_genome_annotation/Prokka/E745_spades/E745_spades:tig00000007_24 (length 59)
/home/yuch3531/genome_analysis_project/5_genome_annotation/Prokka/E745_spades/E745_spades:tig00000007_25 (length 45)
/home/yuch3531/genome_analysis_project/5_genome_annotation/Prokka/E745_spades/E745_spades:tig00000007_26 (length 85)
/home/yuch3531/genome_analysis_project/5_genome_annotation/Prokka/E745_spades/E745_spades:tig00000007_27 (length 51)
/home/yuch3531/genome_analysis_project/5_genome_annotation/Prokka/E745_spades/E745_spades:tig00000007_28 (length 96)
/home/yuch3531/genome_analysis_project/5_genome_annotation/Prokka/E745_spades/E745_spades:tig00000008 (length 15428)
/home/yuch3531/genome_analysis_project/5_genome_annotation/Prokka/E745_spades/E745_spades:tig00000008_1 (length 127)
/home/yuch3531/genome_analysis_project/5_genome_annotation/Prokka/E745_spades/E745_spades:tig00000008_2 (length 72)
/home/yuch3531/genome_analysis_project/5_genome_annotation/Prokka/E745_spades/E745_spades:tig00000008_3 (length 148)
/home/yuch3531/genome_analysis_project/5_genome_annotation/Prokka/E745_spades/E745_spades:tig00000008_4 (length 229)
/home/yuch3531/genome_analysis_project/5_genome_annotation/Prokka/E745_spades/E745_spades:tig00000008_5 (length 245)
/home/yuch3531/genome_analysis_project/5_genome_annotation/Prokka/E745_spades/E745_spades:tig00000008_6 (length 179)
/home/yuch3531/genome_analysis_project/5_genome_annotation/Prokka/E745_spades/E745_spades:tig00000008_7 (length 56)
/home/yuch3531/genome_analysis_project/5_genome_annotation/Prokka/E745_spades/E745_spades:tig00000008_8 (length 153)
/home/yuch3531/genome_analysis_project/5_genome_annotation/Prokka/E745_spades/E745_spades:tig00000008_9 (length 124)
/home/yuch3531/genome_analysis_project/5_genome_annotation/Prokka/E745_spades/E745_spades:tig00000008_10 (length 712)
/home/yuch3531/genome_analysis_project/5_genome_annotation/Prokka/E745_spades/E745_spades:tig00000008_11 (length 206)
/home/yuch3531/genome_analysis_project/5_genome_annotation/Prokka/E745_spades/E745_spades:tig00000008_12 (length 45)
/home/yuch3531/genome_analysis_project/5_genome_annotation/Prokka/E745_spades/E745_spades:tig00000008_13 (length 126)
/home/yuch3531/genome_analysis_project/5_genome_annotation/Prokka/E745_spades/E745_spades:tig00000008_14 (length 304)
/home/yuch3531/genome_analysis_project/5_genome_annotation/Prokka/E745_spades/E745_spades:tig00000008_15 (length 229)
/home/yuch3531/genome_analysis_project/5_genome_annotation/Prokka/E745_spades/E745_spades:tig00000008_16 (length 245)
/home/yuch3531/genome_analysis_project/5_genome_annotation/Prokka/E745_spades/E745_spades:tig00000008_17 (length 179)
/home/yuch3531/genome_analysis_project/5_genome_annotation/Prokka/E745_spades/E745_spades:tig00000008_18 (length 56)
/home/yuch3531/genome_analysis_project/5_genome_annotation/Prokka/E745_spades/E745_spades:tig00000008_19 (length 118)
/home/yuch3531/genome_analysis_project/5_genome_annotation/Prokka/E745_spades/E745_spades:tig00000008_20 (length 44)
/home/yuch3531/genome_analysis_project/5_genome_annotation/Prokka/E745_spades/E745_spades:tig00000009 (length 24948)
/home/yuch3531/genome_analysis_project/5_genome_annotation/Prokka/E745_spades/E745_spades:tig00000009_1 (length 230)
/home/yuch3531/genome_analysis_project/5_genome_annotation/Prokka/E745_spades/E745_spades:tig00000009_2 (length 211)
/home/yuch3531/genome_analysis_project/5_genome_annotation/Prokka/E745_spades/E745_spades:tig00000009_3 (length 50)
/home/yuch3531/genome_analysis_project/5_genome_annotation/Prokka/E745_spades/E745_spades:tig00000009_4 (length 109)
/home/yuch3531/genome_analysis_project/5_genome_annotation/Prokka/E745_spades/E745_spades:tig00000009_5 (length 50)
/home/yuch3531/genome_analysis_project/5_genome_annotation/Prokka/E745_spades/E745_spades:tig00000009_6 (length 139)
/home/yuch3531/genome_analysis_project/5_genome_annotation/Prokka/E745_spades/E745_spades:tig00000009_7 (length 171)
/home/yuch3531/genome_analysis_project/5_genome_annotation/Prokka/E745_spades/E745_spades:tig00000009_8 (length 276)
/home/yuch3531/genome_analysis_project/5_genome_annotation/Prokka/E745_spades/E745_spades:tig00000009_9 (length 142)
/home/yuch3531/genome_analysis_project/5_genome_annotation/Prokka/E745_spades/E745_spades:tig00000009_10 (length 107)
/home/yuch3531/genome_analysis_project/5_genome_annotation/Prokka/E745_spades/E745_spades:tig00000009_11 (length 120)
/home/yuch3531/genome_analysis_project/5_genome_annotation/Prokka/E745_spades/E745_spades:tig00000009_12 (length 48)
/home/yuch3531/genome_analysis_project/5_genome_annotation/Prokka/E745_spades/E745_spades:tig00000009_13 (length 73)
/home/yuch3531/genome_analysis_project/5_genome_annotation/Prokka/E745_spades/E745_spades:tig00000009_14 (length 36)
/home/yuch3531/genome_analysis_project/5_genome_annotation/Prokka/E745_spades/E745_spades:tig00000009_15 (length 556)
/home/yuch3531/genome_analysis_project/5_genome_annotation/Prokka/E745_spades/E745_spades:tig00000009_16 (length 238)
/home/yuch3531/genome_analysis_project/5_genome_annotation/Prokka/E745_spades/E745_spades:tig00000009_17 (length 605)
/home/yuch3531/genome_analysis_project/5_genome_annotation/Prokka/E745_spades/E745_spades:tig00000009_18 (length 632)
/home/yuch3531/genome_analysis_project/5_genome_annotation/Prokka/E745_spades/E745_spades:tig00000009_19 (length 335)
/home/yuch3531/genome_analysis_project/5_genome_annotation/Prokka/E745_spades/E745_spades:tig00000009_20 (length 846)
/home/yuch3531/genome_analysis_project/5_genome_annotation/Prokka/E745_spades/E745_spades:tig00000009_21 (length 73)
/home/yuch3531/genome_analysis_project/5_genome_annotation/Prokka/E745_spades/E745_spades:tig00000009_22 (length 205)
/home/yuch3531/genome_analysis_project/5_genome_annotation/Prokka/E745_spades/E745_spades:tig00000009_23 (length 155)
/home/yuch3531/genome_analysis_project/5_genome_annotation/Prokka/E745_spades/E745_spades:tig00000009_24 (length 300)
/home/yuch3531/genome_analysis_project/5_genome_annotation/Prokka/E745_spades/E745_spades:tig00000009_25 (length 167)
/home/yuch3531/genome_analysis_project/5_genome_annotation/Prokka/E745_spades/E745_spades:tig00000009_26 (length 54)
/home/yuch3531/genome_analysis_project/5_genome_annotation/Prokka/E745_spades/E745_spades:tig00000009_27 (length 32)
/home/yuch3531/genome_analysis_project/5_genome_annotation/Prokka/E745_spades/E745_spades:tig00000009_28 (length 337)
/home/yuch3531/genome_analysis_project/5_genome_annotation/Prokka/E745_spades/E745_spades:tig00000009_29 (length 216)
/home/yuch3531/genome_analysis_project/5_genome_annotation/Prokka/E745_spades/E745_spades:tig00000009_30 (length 298)
/home/yuch3531/genome_analysis_project/5_genome_annotation/Prokka/E745_spades/E745_spades:tig00000009_31 (length 76)
/home/yuch3531/genome_analysis_project/5_genome_annotation/Prokka/E745_spades/E745_spades:tig00000009_32 (length 44)
/home/yuch3531/genome_analysis_project/5_genome_annotation/Prokka/E745_spades/E745_spades:tig00000012 (length 4225)
/home/yuch3531/genome_analysis_project/5_genome_annotation/Prokka/E745_spades/E745_spades:tig00000012_1 (length 142)
/home/yuch3531/genome_analysis_project/5_genome_annotation/Prokka/E745_spades/E745_spades:tig00000012_2 (length 107)
/home/yuch3531/genome_analysis_project/5_genome_annotation/Prokka/E745_spades/E745_spades:tig00000012_3 (length 608)
/home/yuch3531/genome_analysis_project/5_genome_annotation/Prokka/E745_spades/E745_spades:tig00000012_4 (length 180)
/home/yuch3531/genome_analysis_project/5_genome_annotation/Prokka/E745_spades/E745_spades:tig00000012_5 (length 44)

DiscRep_ALL:DISC_INCONSISTENT_MOLINFO_TECH::Molinfo Technique Report (some missing, all same)
DiscRep_SUB:DISC_INCONSISTENT_MOLINFO_TECH::technique (all missing)
DiscRep_SUB:DISC_INCONSISTENT_MOLINFO_TECH::10 Molinfos are missing field technique
/home/yuch3531/genome_analysis_project/5_genome_annotation/Prokka/E745_spades/E745_spades:tig00000001 (length 2762475)
/home/yuch3531/genome_analysis_project/5_genome_annotation/Prokka/E745_spades/E745_spades:tig00000002 (length 199382)
/home/yuch3531/genome_analysis_project/5_genome_annotation/Prokka/E745_spades/E745_spades:tig00000003 (length 22772)
/home/yuch3531/genome_analysis_project/5_genome_annotation/Prokka/E745_spades/E745_spades:tig00000004 (length 14734)
/home/yuch3531/genome_analysis_project/5_genome_annotation/Prokka/E745_spades/E745_spades:tig00000005 (length 40013)
/home/yuch3531/genome_analysis_project/5_genome_annotation/Prokka/E745_spades/E745_spades:tig00000006 (length 15013)
/home/yuch3531/genome_analysis_project/5_genome_annotation/Prokka/E745_spades/E745_spades:tig00000007 (length 16044)
/home/yuch3531/genome_analysis_project/5_genome_annotation/Prokka/E745_spades/E745_spades:tig00000008 (length 15428)
/home/yuch3531/genome_analysis_project/5_genome_annotation/Prokka/E745_spades/E745_spades:tig00000009 (length 24948)
/home/yuch3531/genome_analysis_project/5_genome_annotation/Prokka/E745_spades/E745_spades:tig00000012 (length 4225)

