,ERR1797972_pass,ERR1797973_pass,ERR1797974_pass,ERR1797969_pass,ERR1797970_pass,ERR1797971_pass
E745S_00003,2.73180300311401,0.905859991809578,1.98206015019831,4.6169307293462,2.9634995905017,2.1323818699191
E745S_00004,122.020534139092,125.914538861531,134.780090213485,154.667179433098,146.199313131417,162.061022113851
E745S_00006,1506.13405571686,1472.02248669056,1442.93978934437,827.584833235306,888.062043953676,896.666576300981
E745S_00007,401.575041457759,372.308456633736,336.950225533713,180.060298444502,209.420637728787,172.722931463447
E745S_00008,4.55300500519001,3.62343996723831,4.95515037549578,6.9253960940193,1.9756663936678,1.06619093495955
E745S_00009,1084.52579223626,952.058851391866,1035.62642847862,1154.23268233655,1110.3245132413,1150.42001882135
E745S_00010,1375.91811256842,1370.56616760789,1409.244766791,1877.93657416157,1843.29674529206,1808.2598256914
E745S_00011,91.9707011048382,78.8098192874333,81.2644661581307,63.4827975285102,55.3186590226984,71.4347926422898
E745S_00012,104.71911511937,123.196958886103,120.905669162097,102.726708727953,112.612984439065,142.86958528458
E745S_00013,8435.80767361605,8702.59694131461,8752.77762327574,13988.1458772366,13866.2145839575,14230.4504089051
E745S_00014,1468.7994146743,1337.95520790275,1389.42416528902,1139.22765746617,1189.35116898802,1084.31618085386
E745S_00015,597.35425668093,631.384414291276,629.304097687964,915.306517092884,925.599705433365,906.262294715617
E745S_00016,648.347912739058,631.384414291276,574.79744355751,1003.02820095046,1044.13968905343,1028.87425223596
E745S_00017,1088.16819624041,907.671711793197,1001.93140592525,1482.03476412013,1482.73762844768,1390.31297918725
E745S_00018,4413.6830520312,4226.74272178349,4099.89142068521,7299.36748309634,7625.08444636088,7191.45785630216
E745S_00019,18092.7312896241,20594.7269137907,20787.8468552799,21574.9172982348,21805.4299869115,21073.2638294755
E745S_00020,4.55300500519001,6.34101994266704,10.9013308260907,5.77116341168275,1.9756663936678,5.33095467479774
E745S_00021,30.9604340352921,26.2699397624778,33.6950225533713,73.8708916695392,75.0753229593764,81.0305110569257
E745S_00023,1.821202002076,13.5878998771437,9.91030075099155,3.46269804700965,3.9513327873356,5.33095467479774
E745S_00024,194.868614222132,243.676337796776,291.362842079152,198.528021361887,227.201635271797,187.649604552881
E745S_00025,609.192069694423,726.499713431281,826.519082632696,8008.06635005098,7035.34802785104,7132.81735487938
E745S_00026,6.37420700726602,14.4937598689532,15.8564812015865,12.696559505702,12.8418315588407,13.8604821544741
E745S_00027,1075.41978222588,1219.28754897569,968.236383371875,9799.43547303731,8102.20788043165,7572.08802008272
E745S_00028,2230.06185154207,2162.28780044946,2139.63393213908,1207.32738572403,1184.41200300385,1182.40574687014
E745S_00029,647.43731173802,669.430533947278,750.209766850061,754.868174248104,794.217890254456,766.591282235916
E745S_00030,6.37420700726602,9.96445990990535,7.92824060079324,8.07962877635585,11.8539983620068,6.39714560975729
E745S_00031,101.076711115218,107.79733902534,113.968458636403,275.861611078435,276.593295113492,255.885824390292
E745S_00032,156.623372178536,170.301678460201,150.636571415072,537.872429968832,539.35692547131,543.75737682937
E745S_00034,37.3346410425581,42.5754196150502,37.6591428537679,58.865866799164,58.2821586132001,58.6405014227752
E745S_00035,4983.71927868099,4754.85909700847,4854.06530783566,13084.3816869671,13151.0233494497,12421.1243922787
E745S_00037,485.350333553255,490.976115560791,516.32666912666,260.85658620806,224.238135681295,235.62819662606
E745S_00038,1771.11894701891,1869.69502309497,1784.84516525358,3488.09116602105,3040.55057985475,3319.05238052908
E745S_00039,866.892152988178,1073.44409029435,972.200503672271,991.485874127096,1035.24919028193,941.446595569282
E745S_00040,205.795826234589,210.159518099822,209.107345845922,247.005794020022,214.359803712956,240.959151300858
E745S_00041,1048.10175219474,1107.86676998311,1024.72509765253,1075.74485993766,933.502371008036,970.23375081319
E745S_00042,244.041068278185,264.511117608397,279.470481177962,2122.63390281691,1953.93406333745,1746.42075146374
E745S_00043,344.207178392365,332.450616994115,326.048894707622,1263.88478715852,1261.46299235689,1257.03911231731
E745S_00044,342.385976390289,223.747417976966,228.927947347905,1289.27790616993,1167.61883865767,1327.40771402464
E745S_00045,22.7650250259501,18.1171998361916,25.766781952578,42.7066092464523,41.4889942670238,45.8462102032606
E745S_00046,485.350333553255,505.469875429744,511.371518751164,2627.03358499799,2471.55865847842,2450.10676853704
E745S_00047,1099.09540825287,1076.16167026978,1109.95368411105,5701.90945074256,5372.82475757958,5577.2447807734
E745S_00048,315.978547360187,372.308456633736,336.950225533713,1490.11439289649,1610.16811083926,1651.52975825234
E745S_00049,408.859849466063,436.624516052216,438.035293193827,1741.73711764585,1929.23823341661,1777.34028857757
E745S_00050,429.803672489937,450.21241592936,382.537608988274,2263.45029006197,2118.90220720872,2184.62522573212
E745S_00051,75.5798830861542,53.4457395167651,72.3451954822383,320.876685689561,288.447293475499,346.512053861853
E745S_00052,28.2286310321781,21.7406398034299,21.8026616521814,87.7216838575778,98.78331968339,93.8248022764403
E745S_00053,47.3512520539761,40.763699631431,28.7398721778755,141.970619927396,130.393981982075,130.075294065065
E745S_00054,313.246744357073,335.168196969544,289.380781928953,988.023176080087,857.439214851826,919.056585935131
E745S_00055,84.6858930965342,72.4687993447662,84.2375563834282,244.697328655349,244.982632814807,232.429623821182
E745S_00056,70.1162770799262,96.0211591318152,87.2106466087257,207.761882820579,224.238135681295,243.091533170777
E745S_00059,370.614607422467,361.438136732022,382.537608988274,1356.22340174545,1476.81062926668,1482.00539959377
E745S_00060,1.821202002076,1.81171998361916,0,4.6169307293462,7.9026655746712,7.46333654471684
E745S_00061,753.067027858428,863.284572194528,849.312774359976,1446.2535509677,1578.55744854057,1646.19880357754
E745S_00062,446.194490508621,409.448716297929,427.133962367736,2130.71353159327,1962.82456210896,2129.18329711422
E745S_00063,825.915107941468,797.156792792428,761.111097676151,1007.64513167981,1030.31002429776,893.468003496102
E745S_00064,72.8480800830402,69.7512193693375,66.3990150316434,70.4081936225295,68.1604905815391,61.8390742276538
E745S_00065,55.5466610633181,41.6695596232406,40.6322330790654,75.0251243518757,46.4281602511933,57.5743104878156
E745S_00066,75.5798830861542,87.868419205529,84.2375563834282,72.7166589872026,83.9658217308815,91.6924204065212
E745S_00067,116.556928132864,97.8328791154344,92.1657969842214,118.885966280665,112.612984439065,134.340057804903
E745S_00068,274.090901312439,273.569717526492,265.596060126574,413.215300276485,374.388781600048,399.821600609831
E745S_00069,216.723038247045,269.946277559254,231.901037573202,250.468492067031,278.56896150716,285.739170569159
E745S_00070,231.292654263653,236.4294578623,228.927947347905,216.995744279271,251.897465192645,281.474406829321
E745S_00071,604.639064689233,623.231674364989,599.573195434989,774.490129847825,775.449059514612,787.915100935107
E745S_00072,15.480217017646,12.6820398853341,6.93721052569409,17.3134902350482,11.8539983620068,20.2576277642314
E745S_00073,66.4738730757742,111.420778992578,100.094037585015,77.3335897165488,71.1239901720408,106.619093495955
E745S_00074,11.837813013494,13.5878998771437,15.8564812015865,8.07962877635585,15.8053311493424,13.8604821544741
E745S_00075,75.5798830861542,82.4332592546716,73.3362255573375,84.2589858105681,71.1239901720408,101.288138821157
E745S_00076,138.411352157776,114.138358968007,116.9415488617,153.512946750761,154.101978706088,154.597685569135
E745S_00077,181.209599206562,162.148938533914,155.591721790567,226.229605737964,254.860964783146,292.136316178916
E745S_00078,470.780717536647,300.74551728078,334.968165383514,332.419012512926,348.705118482367,349.710626666732
E745S_00079,105.629716120408,76.0922393120045,82.2554962332299,63.4827975285102,79.026655746712,81.0305110569257
E745S_00080,552.734807630067,538.080835134889,502.452248075272,566.728247027246,594.675584494008,617.324551341579
E745S_00084,19.122621021798,20.8347798116203,12.883390976289,8.07962877635585,20.7444971335119,22.3900096341505
E745S_00085,13.65901501557,5.43515995085747,8.9192706758924,18.4677229173848,14.8174979525085,15.9928640243932
E745S_00086,16.390818018684,7.24687993447662,11.8923609011899,11.5423268233655,12.8418315588407,13.8604821544741
E745S_00087,18.21202002076,14.4937598689532,15.8564812015865,26.5473516937406,21.7323303303458,21.323818699191
E745S_00088,205.795826234589,233.711877886871,205.143225545525,188.139927220858,191.639640185777,173.789122398406
E745S_00089,10.016611011418,23.552359787049,20.8116315770823,2.3084653646731,13.8296647556746,9.59571841463594
E745S_00091,50.9936560581281,53.4457395167651,57.479744355751,21.9304209643944,22.7201635271797,20.2576277642314
E745S_00092,5.46360600622801,7.24687993447662,5.94618045059493,10.3880941410289,9.878331968339,7.46333654471684
E745S_00093,68.2950750778502,74.2805193283854,67.3900451067426,38.0896785171061,33.5863286923526,38.3828736585438
E745S_00094,3.64240400415201,0.905859991809578,1.98206015019831,1.15423268233655,1.9756663936678,0
E745S_00095,15593.1315417748,16627.9660096566,15526.4681865785,7107.76485782847,7124.25301556609,7288.48123138348
E745S_00096,305.961936348769,284.440037428207,295.326962379548,2459.66984605919,1900.59107070842,1970.32084780525
E745S_00097,1450.58739465354,1820.77858353725,2029.62959380307,221.612675008618,249.921798798977,236.69438756102
E745S_00098,2068.88547435834,1943.97554242335,1941.42791711925,298.946264725166,331.911954136191,310.261562073229
E745S_00099,519.953171592699,505.469875429744,516.32666912666,7114.69025392249,7368.24781518406,7434.54938947293
E745S_00100,297.766527339427,301.651377272589,297.309022529747,453.613444158264,473.172101283438,421.145419309022
E745S_00101,94.7025041079522,91.4918591727673,108.022278185808,180.060298444502,188.676140595275,216.436759796788
E745S_00102,174.835392199296,189.324738288202,187.30468419374,288.558170584137,308.203957412177,277.209643089483
E745S_00103,669.291735762932,603.302754545179,604.528345810485,330.110547148253,333.887620529858,334.783953577298
E745S_00104,631.046493719336,522.681215274126,539.12036085394,312.797056913205,322.033622167852,297.467270853714
E745S_00105,1432.37537463278,1191.20588922959,1069.32145103199,318.568220324888,348.705118482367,334.783953577298
E745S_00106,7547.06109660296,6350.07854258514,6228.62402199819,1727.88632545782,1843.29674529206,1641.93403983771
E745S_00107,1713.75108395352,1418.5767471738,1605.46872166063,1081.51602334935,1099.45834807613,938.248022764403
E745S_00108,162.086978184764,169.395818468391,148.654511264873,377.434087124052,360.559116844374,321.989662357784
E745S_00109,644.705508734906,573.409374815463,612.456586411278,1759.0506078809,1699.07309855431,1693.11120471576
E745S_00110,916.975208045268,1090.65543013873,1293.2942480044,5726.14833707162,6365.59712039765,5483.41997849696
E745S_00111,4924.53021361352,4883.49121584543,4695.5004958198,4867.39922141323,4380.05239476151,4876.75733650498
E745S_00112,6767.58663971443,6948.85199717127,6128.52998441318,6077.03507250194,5329.36009691889,5917.3596890255
E745S_00113,1943.2225362151,1969.33962219402,1774.93486450259,1325.05911932236,1250.59682719172,1329.54009589456
E745S_00114,1166.47988232968,1223.81684893474,1308.15969913088,307.025893501522,275.605461916658,259.08439719517
E745S_00115,709.358179808604,670.336393939088,805.707451055613,215.841511596935,206.457138138285,203.642468577274
E745S_00116,2051.58405533862,1908.64700274278,1721.41924044723,425.911859782187,451.439770953092,405.152555284629
E745S_00117,4762.44323542875,4476.76007952293,4389.27220261416,1277.73557934656,1276.2804903094,1188.8028924799
E745S_00118,688.41435678473,641.348874201181,610.47452626108,257.393888161051,259.800130767316,275.077261219564
E745S_00119,6368.74340125979,7077.48411600823,6612.15266106156,4024.80936330755,3799.20647502318,4514.25241861873
E745S_00120,3960.20375351427,3515.64262821297,3324.90590195767,1150.76998428954,1081.67735053312,1209.06052024413
E745S_00121,1124.59223628193,914.012731735864,981.119774348164,212.378813549925,212.384137319289,210.039614187031
E745S_00122,13498.7492393873,14079.7818526963,12980.5119236487,115125.476201612,115575.49619637,117009.124157136
E745S_00123,37.3346410425581,36.2343996723831,35.6770827035696,19.6219555997213,27.6593295113492,30.9195371138269
E745S_00125,59.1890650674701,45.2929995904789,53.5156240553544,26.5473516937406,42.4768274638577,50.1109739430988
E745S_00126,1444.21318764627,1497.38656646123,1526.1863156527,1502.81095240219,1407.66230548831,1471.34349024418
E745S_00127,46636.4302681613,50411.108544203,51966.6440479744,7370.92990940121,7418.62730822259,7005.9406336192
E745S_00128,57766.7063038488,54425.880027903,52771.3604689549,12800.4404471123,12132.567323514,11985.0522998803
E745S_00129,7359.47729038913,6688.87017952192,6177.09045809303,2573.93888161051,2712.58995850589,2559.92443483788
E745S_00130,4288.93071488899,3491.18440843411,3685.64084929376,3813.58478243996,3750.80264837832,3598.39440548848
E745S_00131,2987.68188440569,3054.5598923819,3046.4264508548,1293.89483689927,1280.23182309673,1246.37720296771
E745S_00132,922.438814051496,943.90611146558,1064.36630065649,470.926934393312,526.515093912469,510.705457845624
E745S_00133,5212.28012994153,4485.81867944103,4618.20014996206,3333.42398658796,3382.34086595928,3187.91089552905
E745S_00134,14189.8953991752,12235.450909372,11814.069525257,9593.9820555814,8952.73226290564,8825.92855959515
E745S_00135,11018.2721125598,10702.7358032302,10594.11150281,8307.01261477615,8196.05203413087,7942.05627451368
E745S_00136,5223.20734195398,5668.87182874434,5816.35551075694,1395.46731294489,1401.7353063073,1370.05535142302
E745S_00137,13698.1708586147,13840.6348148585,14014.1562919772,4443.79582699572,4231.87741523643,4230.64562991949
E745S_00138,2707.21677608598,2427.70477804967,2549.92038323013,832.201763964652,953.259034944714,923.321349674969
E745S_00139,4944.56343563635,4169.67354229949,3932.40733799345,1530.51253677827,1416.55280425981,1554.50638317102
E745S_00140,21795.2349598446,19985.9889992947,20930.5551860942,11034.4644431374,10500.6668823444,10769.5946340264
E745S_00141,6872.3057548338,7571.17781154445,6541.78952572952,5415.65974552309,5569.40356374953,5705.18769296855
E745S_00142,203.974624232512,205.630218140774,175.41232329255,1036.50094873822,1034.26135708509,1036.33758878068
E745S_00143,718.464189818984,683.018433824422,671.918390917227,4354.9199104558,4007.63927955513,4089.90842650483
E745S_00144,314.157345358111,339.697496928592,327.039924782721,1916.02625267867,1882.81007316541,1814.65697130115
E745S_00145,962.505258097168,781.757172931666,769.039338276944,323.185151054234,329.936287742523,368.902063496004
E745S_00146,1584.44574180612,1458.43458681342,1495.46438332463,392.439111994427,408.962943489235,475.521156991959
E745S_00147,989.823288128308,918.542031694912,1009.85964652604,6047.02502276118,6063.32016216648,5692.39340174903
E745S_00148,580.963438662245,507.281595413364,547.048601454734,5000.13597988193,4739.62367840905,4678.4458226025
E745S_00149,60.0996660685081,62.5043394348609,76.309315782635,455.921909522937,422.792608244909,428.608755853739
E745S_00150,87.4176960996482,119.573518918864,106.04021803561,437.454186605552,432.670940213248,430.741137723658
E745S_00151,59.1890650674701,64.31605941848,67.3900451067426,55.4031687521544,40.5011610701899,47.9785920731797
E745S_00152,227.650250259501,259.981817649349,242.802368399293,310.488591548532,340.802452907696,327.320617032582
E745S_00153,498.098747567787,574.315234807272,544.075511229436,599.046762132669,559.113589407988,626.920269756215
E745S_00154,171.192988195144,171.20753845201,159.555842090964,1877.93657416157,1518.29962353371,1846.64269934994
E745S_00155,128.394741146358,96.0211591318152,107.031248110709,60.0200994815006,68.1604905815391,90.6262294715617
E745S_00156,914.243405042154,760.922393120045,708.586503695896,931.465774645596,970.05219929089,893.468003496102
E745S_00157,6254.91827613004,6681.62329958745,6625.03605203785,1457.79587779106,1423.46763663765,1494.79969081329
E745S_00158,6366.92219925771,6226.88158369904,6370.34132273737,1572.06491334238,1373.08814359912,1431.89442565067
E745S_00159,34387.9362031991,36063.1921339311,34842.6353803361,13825.3990690272,13307.1009945495,13190.9142473195
E745S_00160,7582.57453564345,6079.22640503408,5975.91135284791,2196.50479448645,2100.13337646887,2105.72709654511
E745S_00161,10.927212012456,9.96445990990535,10.9013308260907,1.15423268233655,4.9391659841695,2.1323818699191
E745S_00162,19132.6376328095,17907.9461780835,17783.0436675792,10367.3179527469,10423.6158929913,9956.09095065227
E745S_00163,27409.0901312439,27673.1168897908,28698.2489147213,13926.9715450728,13307.1009945495,14059.8598593116
E745S_00164,2371.20500670296,2328.06017895061,2269.45887197707,4570.76142205274,4314.85540377048,4359.6547330496
E745S_00165,4171.46318575509,3845.37566523166,3767.89634552699,8055.38989002678,8081.46338329814,7948.45342012344
E745S_00166,7846.64882594447,7543.09615179835,7835.08377373392,3311.49356562356,3361.59636882576,3239.08806040711
E745S_00167,8052.44465217905,8473.41436338679,7886.61733763908,4044.43131890727,3884.1601299509,3705.01349898443
E745S_00168,2539.66619189499,2522.82007718967,2455.77252609571,3826.28134194566,3461.36752170599,3548.28343154538
E745S_00169,4288.93071488899,4413.34988009626,4299.08846578014,5930.44752184519,5647.44238629941,5564.45048955389
E745S_00170,2091.65049938429,2193.9929001628,2278.37814265296,2751.69071469033,2910.15659787267,2845.66360540704
E745S_00171,28.2286310321781,28.9875197379065,34.6860526284704,49.6320053404716,40.5011610701899,59.7066923577347
E745S_00172,36.4240400415201,39.8578396396214,46.5784135296603,69.253960940193,70.1361569752069,70.3686017073302
E745S_00173,129.305342147396,116.855938943436,136.762150363683,378.588319806388,411.926443079736,355.04158134153
E745S_00174,7.28480800830402,3.62343996723831,2.97309022529747,11.5423268233655,8.8904987715051,11.728100284555
E745S_00175,115.646327131826,103.268039066292,102.076097735213,170.826436985809,158.053311493424,162.061022113851
E745S_00176,26.4074290301021,19.0230598280011,29.7309022529747,233.155001831983,200.530138957282,260.15058813013
E745S_00177,29.1392320332161,26.2699397624778,23.7847218023797,262.010818890397,275.605461916658,251.621060650454
E745S_00178,30.9604340352921,35.3285396805735,25.766781952578,126.96559505702,110.637318045397,129.009103130105
E745S_00179,1380.47111757361,1372.37788759151,1241.76068409924,2677.8198230208,2490.32748921826,2560.99062577284
E745S_00180,7003.43229898328,5984.11110589407,6187.00075884403,5631.50125712003,5384.67875594159,5351.21230256198
E745S_00181,3066.90417149599,2436.76337796776,2522.17154112735,5505.68989474534,5788.70253344666,5742.50437569213
E745S_00182,8079.76268221019,6892.68867767908,6852.97296931066,14240.9228346684,12734.1577403858,12765.5040642707
E745S_00183,10005.6837994056,8515.98978300184,8181.94430001863,15205.8613571017,15141.50724107,15223.0741693524
E745S_00184,18864.9209385043,18786.6303701388,18925.7013441686,8177.73855435446,8197.0398673277,9205.49253244074
E745S_00185,767.636643875036,658.560214045563,733.362255573375,932.620007327932,928.563205023866,871.077993861951
E745S_00186,2627.99448899567,2356.14183869671,2322.97449603242,5321.01266557149,5127.84212476478,5146.50364304974
E745S_00187,983.449081121042,917.636171703102,940.487541269098,1842.15536100913,2079.38887933536,2004.43895772395
E745S_00188,879.64056700271,868.719732145385,889.945007439041,422.449161735177,380.315780781052,390.225882195195
E745S_00189,41337.6430431211,42308.1909174663,41467.671432374,9663.2360165216,9748.92581955376,9657.55748886359
E745S_00190,23294.0842075531,23029.6785717749,21807.6168025569,21496.4294758359,21402.3940426033,22698.1388143538
E745S_00191,4481.06752610801,4206.81380196368,4179.17382669314,2513.91878212901,2458.71682691958,2408.52532207362
E745S_00192,700.252169798224,611.455494471465,630.295127763063,5364.87350750028,4987.56981081436,5132.64316089527
E745S_00193,46.4406510529381,48.0105795659076,41.6232631541645,1593.99533430678,1449.15129975533,1440.42395313035
E745S_00194,15.480217017646,16.3054798525724,17.8385413517848,280.478541807782,199.542305760448,262.282970000049
E745S_00195,10897.1621794218,11254.4045382422,9964.80740512201,244.697328655349,251.897465192645,259.08439719517
E745S_00196,16061.1804563083,19972.4010994176,16459.0274872468,223.921140373291,274.617628719824,305.996798333391
E745S_00197,15787.0895549958,15983.89955548,16369.8347804878,347.424037383301,364.510449631709,355.04158134153
E745S_00198,1692.80726092965,1684.89958476581,1646.1009547397,1231.5662720531,1279.2439898999,1205.86194743925
E745S_00199,5485.46043025293,5325.55089184851,5218.76437547215,4034.04322476624,3871.31829839206,3950.23741402513
E745S_00200,5330.65826007647,4464.0780396376,4511.16890185136,3506.55888893844,3331.96137292075,3300.92713463476
E745S_00201,3003.16210142333,2316.28399905709,2267.47681182687,1407.00963976825,1594.36277968992,1504.39540922792
E745S_00202,5194.9787109218,4380.73892039112,4571.6217364324,3156.82638619046,3452.47702293448,3325.44952613883
E745S_00203,8962.13505221602,7434.3929527812,7721.11531509752,8296.62452063512,8062.6945525583,7903.67340085514
E745S_00204,16578.4018248979,14304.435130665,13405.6638258663,14342.495310714,14004.5112315142,14682.5153653279
E745S_00205,5138.52144885745,4994.91199483801,4799.55865370521,1041.11787946757,958.198200928883,983.028042032704
E745S_00206,91.0601001038002,85.1508392301003,120.905669162097,28.8558170584137,24.6958299208475,29.8533461788674
E745S_00207,1398.68313759437,1232.87544885284,1387.44210513882,595.58406408566,603.566083265513,624.787887886296
E745S_00208,308.693739351883,256.358377682111,237.847218023797,596.738296767996,601.590416871845,662.10457060988
E745S_00209,153.891569175422,185.701298320963,149.645541339972,118.885966280665,105.698152061227,111.950048170753
E745S_00210,80.1328880913442,64.31605941848,61.4438646561476,101.572476045616,85.9414881245493,79.9643201219662
E745S_00211,83.7752920954962,71.5629393529566,80.2734360830316,132.736758468703,128.418315588407,119.413384715469
E745S_00212,1931.3847232016,1872.4126030704,1814.57606750655,586.350202626967,581.833752935167,586.405014227752
E745S_00213,2184.53180149017,1924.04662260354,1965.21263892163,852.97795224671,928.563205023866,905.196103780657
E745S_00214,3329.15725979494,3128.84041171028,2883.89751853854,1413.93503586227,1367.16114441812,1268.76721260186
E745S_00215,2786.43906317629,2742.03819520759,2719.38652607208,1223.48664327674,1251.58466038855,1251.70815764251
E745S_00216,3796.29557332743,3299.14209017048,3369.50225533713,1393.15884758022,1444.21213377116,1318.87818654496
E745S_00217,716.642987816908,764.545833087284,779.940669103035,274.707378396099,273.62979552299,266.547733739887
E745S_00218,2099.84590839363,2403.24655827081,2195.13161634463,820.659437141287,834.719051324646,786.848910000147
E745S_00219,366.972203418315,369.590876658308,411.277481166149,203.144952091233,203.493638547783,222.833905406546
E745S_00220,35.5134390404821,38.9519796478118,36.6681127786687,56.5574014344909,53.3429926290306,50.1109739430988
E745S_00221,39.1558430446341,60.6926194512417,56.4887142806519,94.6470799515971,87.9171545182171,111.950048170753
E745S_00222,100.16611011418,109.609059008959,109.013308260907,55.4031687521544,45.4403270543594,50.1109739430988
E745S_00223,64.6526710736982,62.5043394348609,73.3362255573375,39.2439111994427,30.6228291018509,42.647637398382
E745S_00224,19.122621021798,19.0230598280011,29.7309022529747,15.0050248703751,28.6471627081831,23.4562005691101
E745S_00225,40.0664440456721,45.2929995904789,39.6412030039662,73.8708916695392,64.2091577942035,81.0305110569257
E745S_00226,81.0434890923822,76.9980993038141,79.2824060079324,91.1843819045874,82.9779885340476,84.2290838618044
E745S_00227,29.1392320332161,21.7406398034299,24.7757518774789,31.1642824230868,31.6106622986848,29.8533461788674
E745S_00228,784.938062894758,798.062652784238,800.752300680118,656.758396249497,744.826230412761,711.149353618019
E745S_00229,533.612186608269,490.070255568982,517.317699201759,408.598369547139,396.121111930394,406.218746219588
E745S_00230,1184.69190235044,1281.79188841055,1184.28093974349,880.679536622788,820.889386568971,804.974155894459
E745S_00231,967.968864103396,981.952231121582,913.729729241421,597.892529450333,530.466426699805,503.242121300907
E745S_00232,1373.18630956531,1387.77750745227,1337.89060138386,660.221094296507,618.383581218022,691.957916788747
E745S_00233,31495.8674239024,30608.1032632538,30492.0133506508,8864.5070003447,8678.11463418581,8402.6507584162
E745S_00234,699.341568797186,647.689894143848,694.712082644508,85.4132184929047,92.8563205023866,72.5009835772493
E745S_00236,1232.95375540546,1134.13670974559,1079.23175178298,1690.95087962305,1732.65942724666,1458.54919902466
E745S_00237,1003.48230314388,855.131832268241,829.492172857993,2415.8090041304,2243.36919000979,2261.3909730492
E745S_00238,3516.74106600876,3502.96058832764,3341.75341323435,3046.02004868615,2876.57026918032,2983.20223601682
E745S_00239,1743.80091698777,1916.79974266907,1674.84082691757,1495.88555630817,1485.70112803819,1441.49014406531
E745S_00240,1734.69490697739,1545.39714602714,1503.39262392542,1232.72050473544,1282.2074894904,1198.39861089453
E745S_00241,12666.4599244386,13072.465541804,13206.4667807713,6053.9504188552,6087.02815889049,5796.88011337507
E745S_00242,1938.66953120991,2179.49914029384,2133.68775168848,2979.07455311063,3166.99322904948,2964.01079918755
E745S_00243,6247.63346812173,6511.32162112724,5927.35087916805,12038.6468767702,12566.226096924,12365.6824636608
E745S_00244,5091.17019680347,5135.3202935685,4945.24007474478,5555.32190008581,5671.15038302342,5301.10132861888
E745S_00245,1841.23522409884,1703.92264459382,1707.54481939584,3231.85151054234,2858.78927163731,2832.86931418752
E745S_00246,529.969782604117,448.400695945741,448.936624019917,899.147259540172,803.108389025961,753.796991016401
E745S_00247,2036.10383832097,1985.64510204659,2092.06448853432,12830.4504968531,11872.7671927466,10881.5446821972
E745S_00248,954.309849087826,927.600631613008,964.272263071478,2506.99338603499,2515.02331913911,2391.46626711427
E745S_00249,3269.96819472747,3637.02786711545,3652.93685681549,6980.79926277145,7108.44768441675,6906.78487666796
E745S_00250,227.650250259501,232.806017895061,267.578120276772,327.80208178358,380.315780781052,379.563972845599
E745S_00251,3493.97604098281,3391.53980933506,3332.83414255846,7859.17033402957,7584.58328529069,7749.075715286
E745S_00252,2454.06969779742,2649.64047604302,2331.89376670831,6446.38953084963,6247.05713677759,6341.7036811394
E745S_00254,126.573539144282,128.63211883696,122.887729312295,144.279085292069,116.5643172264,126.876721260186
E745S_00255,250.415275285451,255.452517690301,264.605030051474,272.398913031426,236.092134043302,213.23818699191
E745S_00256,12.748414014532,6.34101994266704,12.883390976289,10.3880941410289,9.878331968339,12.7942912195146
E745S_00257,307.783138350845,300.74551728078,299.291082679945,316.259754960215,321.045788971018,308.12918020331
E745S_00258,835.021117951848,883.213492014338,842.375563834282,1261.57632179385,1214.04699890886,1268.76721260186
E745S_00259,2200.92261950885,2251.0620796468,2026.65650357777,669.454955755199,662.836075075547,770.856045975754
E745S_00260,489.903338558445,452.024135912979,463.802075146405,212.378813549925,215.34763690979,198.311513902476
E745S_00261,993.465692132461,1055.32689045816,1012.83273675134,403.981438817792,449.464104559425,441.403047073253
E745S_00262,3230.81235168283,3148.76933153009,3194.08993204458,2365.02276610759,2149.52503631057,2330.69338382157
E745S_00263,591.890650674702,648.595754135658,635.250278138559,824.122135188297,921.648372646029,913.725631260333
E745S_00264,942.472036074332,854.225972276432,859.223075110968,1819.0707073624,1516.32395714004,1619.54403020355
E745S_00265,1427.82236962759,1395.02438738675,1436.00257881868,2519.68994554069,2537.74348266629,2308.30337418742
E745S_00266,7176.4464891805,7120.96539561509,6911.44374374151,5000.13597988193,4935.21465138217,4793.59444357813
E745S_00267,79.2222870903062,71.5629393529566,91.1747669091223,23.084653646731,28.6471627081831,27.7209643089483
E745S_00268,1.821202002076,1.81171998361916,0.991030075099155,3.46269804700965,4.9391659841695,1.06619093495955
E745S_00269,3.64240400415201,9.96445990990535,7.92824060079324,4.6169307293462,5.9269991810034,2.1323818699191
E745S_00270,476.244323542875,551.668735012033,487.586796948784,2120.32543745224,2044.81471744617,2111.05805121991
E745S_00271,167.550584190992,205.630218140774,189.286744343939,325.493616418907,305.240457821675,288.937743374038
E745S_00272,417.055258475405,349.661956838497,373.618338312382,9768.27119061422,9585.93334207617,9591.4536508961
E745S_00273,28.2286310321781,13.5878998771437,20.8116315770823,11.5423268233655,5.9269991810034,10.6619093495955
E745S_00274,46.4406510529381,24.4582197788586,40.6322330790654,38.0896785171061,30.6228291018509,34.1181099187056
E745S_00275,4.55300500519001,5.43515995085747,4.95515037549578,3.46269804700965,8.8904987715051,4.2647637398382
E745S_00276,10.016611011418,13.5878998771437,8.9192706758924,10.3880941410289,6.9148323778373,1.06619093495955
E745S_00277,33.6922370384061,28.9875197379065,26.7578120276772,27.7015843760772,27.6593295113492,26.6547733739887
E745S_00279,23.6756260269881,18.1171998361916,17.8385413517848,31.1642824230868,20.7444971335119,25.5885824390292
E745S_00280,40.9770450467101,58.8808994676226,51.5335639051561,46.169307293462,44.4524938575255,39.4490645935033
E745S_00281,1306.71243648953,1484.7045265759,1507.35674422582,236.617699878993,274.617628719824,272.944879349645
E745S_00282,654.722119746324,445.683115970312,384.519669138472,2792.08885857211,2620.72147120034,2736.91213004116
E745S_00283,55.5466610633181,49.8222995495268,46.5784135296603,181.214531126838,197.56663936678,180.186268008164
E745S_00284,50.9936560581281,53.4457395167651,61.4438646561476,174.289135032819,162.00464428076,174.855313333366
E745S_00285,263.163689299983,298.933797297161,305.23726313054,712.161565001651,717.166900901412,722.877453902574
E745S_00286,8.19540900934202,8.1527399262862,9.91030075099155,10.3880941410289,9.878331968339,8.52952747967639
E745S_00287,205.795826234589,250.017357739443,246.76648869969,39.2439111994427,39.513327873356,35.1843008536651
E745S_00288,50.9936560581281,50.7281595413364,70.36313533204,60.0200994815006,40.5011610701899,55.4419286178965
E745S_00289,85.5964940975722,82.4332592546716,84.2375563834282,128.119827739357,121.50348321057,133.273866869944
E745S_00290,289.571118330085,242.770477804967,256.676789450681,474.389632440322,398.096778324062,466.991629512282
E745S_00291,322.352754367453,322.48615708421,345.869496209605,178.906065762165,179.78564182377,194.046750162638
E745S_00292,11.837813013494,5.43515995085747,3.96412030039662,19.6219555997213,20.7444971335119,18.1252458943123
E745S_00293,1.821202002076,2.71757997542873,0.991030075099155,10.3880941410289,12.8418315588407,17.0590549593528
E745S_00295,2.73180300311401,0.905859991809578,3.96412030039662,2.3084653646731,0.9878331968339,0
E745S_00297,2.73180300311401,3.62343996723831,2.97309022529747,2.3084653646731,1.9756663936678,2.1323818699191
E745S_00298,1.821202002076,2.71757997542873,3.96412030039662,2.3084653646731,2.9634995905017,1.06619093495955
E745S_00299,0.910601001038002,3.62343996723831,1.98206015019831,1.15423268233655,0.9878331968339,1.06619093495955
E745S_00301,5.46360600622801,1.81171998361916,2.97309022529747,2.3084653646731,4.9391659841695,2.1323818699191
E745S_00302,19.122621021798,17.211339844382,13.8744210513882,18.4677229173848,14.8174979525085,12.7942912195146
E745S_00303,16.390818018684,16.3054798525724,20.8116315770823,8.07962877635585,6.9148323778373,12.7942912195146
E745S_00304,220.365442251197,246.393917772205,307.219323280738,315.105522277878,355.619950860204,319.857280487865
E745S_00305,14162.577369144,17358.0891630551,18177.4736374687,9525.88232732354,11908.3291878327,10978.5680572785
E745S_00306,20.9438230238741,17.211339844382,23.7847218023797,11.5423268233655,29.634995905017,23.4562005691101
E745S_00307,154.80217017646,168.489958476581,164.51099246646,307.025893501522,306.228291018509,320.923471422824
E745S_00308,274.090901312439,254.546657698491,271.542240577169,350.886735430311,360.559116844374,397.689218739912
E745S_00309,143.874958164004,171.20753845201,192.259834569236,247.005794020022,253.873131586312,237.760578495979
E745S_00310,180.298998205524,140.408298730485,169.466142841956,325.493616418907,251.897465192645,272.944879349645
E745S_00312,63.7420700726602,77.9039592956237,83.2465263083291,2575.09311429284,2275.96768550531,2368.01006654516
E745S_00313,91.9707011048382,89.6801391891482,78.2913759328333,1853.6976878325,1709.93926371948,1808.2598256914
E745S_00314,46.4406510529381,47.104719574098,42.6142932292637,7801.45869991274,7126.22868195976,7531.57276455425
E745S_00315,37.3346410425581,37.1402596641927,34.6860526284704,5028.99179694035,4497.60454518475,4744.54966056999
E745S_00316,8.19540900934202,3.62343996723831,5.94618045059493,489.394657310697,467.245102102435,423.277801178941
E745S_00317,58.2784640664321,51.6340195331459,56.4887142806519,7810.69256137143,6591.81092247262,6673.28906191182
E745S_00318,152.980968174384,131.349698812389,97.1209473597172,22582.5624299146,17552.8080745416,19114.6710819548
E745S_00319,474.423121540799,384.084636527261,441.008383419124,5421.43090893477,4458.09121731139,4674.18105886266
E745S_00320,43.7088480498241,28.9875197379065,30.7219323280738,593.275598720987,570.967587769994,583.206441422873
E745S_00321,0,1.81171998361916,0.991030075099155,18.4677229173848,11.8539983620068,14.9266730894337
E745S_00322,1048.10175219474,948.435411424628,932.559300668305,22137.0286145327,18503.1036098958,18569.8475141905
E745S_00323,219.454841250159,250.017357739443,259.649879675979,3027.55232576877,2762.96945154442,2930.9588802038
E745S_00324,131.126544149472,183.889578337344,164.51099246646,24.2388863290675,21.7323303303458,24.5223915040696
E745S_00325,54.6360600622801,62.5043394348609,60.4528345810485,16.1592575527117,30.6228291018509,28.7871552439078
E745S_00326,136.5901501557,119.573518918864,130.815969913089,101.572476045616,80.0144889435459,78.8981291870066
E745S_00327,31.8710350363301,22.6464997952394,33.6950225533713,38.0896785171061,51.3673262353628,29.8533461788674
E745S_00328,1588.99874681131,1440.31738697723,1457.80524047086,14964.6267264934,12447.686113304,13083.2289628886
E745S_00329,606.460266691309,482.823375634505,397.403060114761,5766.5464809534,4612.19319601748,5086.79695069201
E745S_00330,1152.82086731411,1369.66030761608,1306.17763898069,11737.3921466804,11395.6437586759,10892.2065915468
E745S_00331,146.606761167118,131.349698812389,166.493052616658,1375.84535734517,1171.57017144501,1235.71529361812
E745S_00333,71.9374790820022,48.0105795659076,74.3272556324366,108.497872139636,109.649484848563,99.155756951238
E745S_00334,91.0601001038002,100.550459090863,116.9415488617,185.831461856185,209.420637728787,188.71579548784
E745S_00335,59.1890650674701,69.7512193693375,64.4169548814451,13.8507921880386,27.6593295113492,27.7209643089483
E745S_00336,43.7088480498241,49.8222995495268,43.6053233043628,34.6269804700965,27.6593295113492,19.1914368292719
E745S_00337,5152.18046387302,5089.12143398621,4684.59916499371,623.285648461737,605.541749659181,610.927405731822
E745S_00338,340.564774388213,354.191256797545,318.120654106829,106.189406774963,102.734652470726,94.8909932113999
E745S_00339,631.046493719336,536.26911515127,474.703405972495,146.587550656742,116.5643172264,110.883857235793
E745S_00340,3499.43964698904,3741.20176617356,3464.64114254665,1166.92924184225,1074.76251815528,1126.96381825224
E745S_00341,214.901836244969,250.923217731253,303.255202980342,54.2489360698178,66.1848241878713,61.8390742276538
E745S_00342,937.919031069142,861.472852210908,861.205135261166,820.659437141287,841.633883702483,844.423220487963
E745S_00343,182.1202002076,186.607158312773,191.268804494137,241.234630608339,233.1286344528,248.422487845575
E745S_00344,60807.2030463147,58979.6382067298,58114.9946338896,99222.4583043792,96880.7529462879,93048.6152757898
E745S_00345,478.976126545989,507.281595413364,511.371518751164,545.952058745188,585.785085722503,600.265496382226
E745S_00346,182.1202002076,201.100918181726,210.098375921021,153.512946750761,169.907309855431,166.32578585369
E745S_00347,524.506176597889,571.597654831844,582.725684158303,924.540378551576,948.319868960544,939.314213699363
E745S_00348,295.945325337351,286.251757411827,283.434601478358,138.507921880386,108.661651651729,131.141485000025
E745S_00349,17407.0487358425,19575.634423005,17723.5818630733,782.569758624181,782.363891892449,727.142217642412
E745S_00350,5361.61869411176,6086.47328496855,5687.52160099405,155.821412115434,192.627473382611,205.774850447193
E745S_00351,171.192988195144,215.59467805068,188.29571426884,138.507921880386,142.247980344082,185.517222682962
E745S_00352,237.666861270919,298.027937305351,273.524300727367,83.1047531282316,58.2821586132001,73.5671745122089
E745S_00353,103.808514118332,118.667658927055,105.04918796051,33.4727477877599,34.5741618891865,37.3166827235842
E745S_00354,360.597996411049,365.967436691069,350.824646585101,110.806337504309,97.7954864865561,74.6333654471684
E745S_00355,117.467529133902,135.878998771437,154.600691715468,87.7216838575778,96.8076532897222,76.7657473170875
E745S_00356,152.070367173346,153.090338615819,137.753180438783,73.8708916695392,86.9293213213832,95.9571841463594
E745S_00357,893.29958201828,799.874372767857,811.653631506208,177.751833079829,171.882976249099,156.730067439054
E745S_00358,1028.97913117294,1079.78511023702,1009.85964652604,751.405476201094,761.619394758937,735.671745122089
E745S_00359,96.5237061100282,122.291098894293,93.1568270593206,290.866635948811,261.775797160984,248.422487845575
E745S_00360,63.7420700726602,70.6570793611471,58.4707744308502,100.41824336328,93.8441536992205,82.0967019918853
E745S_00361,170.282387194106,182.983718345535,194.241894719434,594.429831403323,710.252068523574,669.567907154597
E745S_00362,21.8544240249121,15.3996198607628,17.8385413517848,76.1793570342123,71.1239901720408,99.155756951238
E745S_00363,81.0434890923822,66.1277794020992,61.4438646561476,1033.03825069121,932.514537811202,1299.68674971569
E745S_00364,75.5798830861542,67.0336393939088,73.3362255573375,109.652104821972,112.612984439065,131.141485000025
E745S_00365,21.8544240249121,29.8933797297161,31.712962403173,21.9304209643944,12.8418315588407,20.2576277642314
E745S_00366,35.5134390404821,38.0461196560023,35.6770827035696,9.2338614586924,13.8296647556746,11.728100284555
E745S_00367,6527.1879754404,7119.15367563147,7075.95473620797,1346.98954028675,1331.5991493321,1400.97488853685
E745S_00368,2680.80934705588,2582.60683664911,2637.13102983885,2585.48120843387,2411.30083347155,2396.79722178907
E745S_00369,6040.01643988507,5967.8056260415,5556.70563108096,6165.91098904185,6185.81147857388,6203.09885959466
E745S_00370,2051.58405533862,1860.63642317687,1937.46379681885,4754.28441854425,4372.14972918684,3728.46969955354
E745S_00371,703.894573802376,677.583273873564,651.106759340145,1927.56857950204,1967.76372809313,1583.29353841493
E745S_00372,395.200834450493,316.145137141543,272.533270652268,1098.8295135844,1171.57017144501,1055.52902560995
E745S_00373,260.431886296869,294.404497338113,306.228293205639,148.896016021415,174.8464758396,156.730067439054
E745S_00374,903.316193029698,864.190432186337,878.052646537852,929.157309280923,882.135044772673,890.269430691223
E745S_00375,742.139815845972,760.922393120045,784.895819478531,803.345946906239,747.789730003263,751.664609146482
E745S_00376,859.607344979874,864.190432186337,858.232045035869,48.4777726581351,55.3186590226984,46.9124011382202
E745S_00377,3239.91836169321,3409.65700917125,3512.21058615141,401.672973453119,414.889942670238,389.159691260235
E745S_00378,5231.40275096332,5298.37509209422,5473.45910477263,552.877454839207,614.432248430686,576.809295813116
E745S_00379,1842.14582509988,1802.66138370106,2104.94787951061,266.627749619743,304.252624624841,276.143452154523
E745S_00380,1843.05642610092,1992.89198198107,1960.25748854613,2115.7085067229,2069.51054736702,2145.17616113861
E745S_00381,2897.53238530292,3041.87785249656,3225.80289444775,4139.07839885887,3898.9776279034,3683.68968028524
E745S_00382,564.572620643561,646.784034152039,611.465556336179,196.219555997213,194.603139776278,220.701523536627
E745S_00383,875.08756199752,894.989671907863,802.734360830316,270.090447666753,280.544627900828,315.592516748026
E745S_00384,1015.32011615737,944.81197145739,1023.73406757743,422.449161735177,416.865609063906,367.835872561044
E745S_00385,2760.94223514722,3493.90198840954,3297.15705985489,469.772701710976,465.269435708767,478.719729796837
E745S_00386,400.664440456721,345.132656879449,406.322330790654,43.8608419287889,42.4768274638577,47.9785920731797
E745S_00387,6367.83280025875,6190.64718402665,6740.98657082445,1141.53612283085,1174.53367103551,1109.90476329289
E745S_00388,3885.53447142916,4017.48906367548,3891.77510491438,640.599138696785,619.371414414856,555.485477113925
E745S_00389,1583.53514080509,1789.07348382392,1470.68863144715,1079.20755798467,1027.34652470726,1065.12474402459
E745S_00390,4559.37921219728,4806.49311654162,4797.57659355501,5469.90868159291,5228.60111084184,5101.72362378144
E745S_00391,2067.06427235627,2080.7604011866,1999.8986915501,5086.70343105718,4879.89599235947,4890.61781865945
E745S_00392,767.636643875036,708.38251359509,705.613413470599,3288.40891197683,3527.55234589386,3297.72856182988
E745S_00393,1294.87462347604,1218.38168898388,1181.30784951819,4503.81592647722,4508.47071034992,4659.25438577323
E745S_00394,1704.64507394314,2000.13886191555,1807.63885698086,3461.54381432731,3999.73661398046,3740.1977998381
E745S_00395,1439.66018264108,1312.59112813208,1372.57665401233,4680.41352687471,4527.23954108977,4550.50291040735
E745S_00396,333.279966379909,330.638897010496,315.147563881531,1395.46731294489,1454.0904657395,1414.83537069132
E745S_00397,475.333722541837,479.199935667267,434.07117289343,24497.4344499109,21585.1431840176,22115.9985638659
E745S_00398,312.336143356035,321.5802970924,313.165503731333,639.444906014449,583.809419328835,574.676913943197
E745S_00399,247.683472282337,253.640797706682,271.542240577169,380.896785171061,439.585772591086,471.256393252121
E745S_00400,217.633639248083,240.052897829538,194.241894719434,23.084653646731,21.7323303303458,22.3900096341505
E745S_00401,13.65901501557,14.4937598689532,23.7847218023797,1.15423268233655,0,1.06619093495955
E745S_00402,40.0664440456721,42.5754196150502,27.7488421027763,5.77116341168275,3.9513327873356,2.1323818699191
E745S_00403,219.454841250159,230.088437919633,222.98176689731,333.573245195263,315.118789790014,312.393943943148
E745S_00404,64.6526710736982,57.0691794840034,74.3272556324366,12.696559505702,14.8174979525085,15.9928640243932
E745S_00405,9.10601001038002,5.43515995085747,13.8744210513882,2.3084653646731,3.9513327873356,1.06619093495955
E745S_00406,10.016611011418,11.7761798935245,8.9192706758924,3.46269804700965,7.9026655746712,5.33095467479774
E745S_00407,152.980968174384,137.690718755056,136.762150363683,80.7962877635585,66.1848241878713,77.8319382520471
E745S_00408,38.2452420435961,33.5168196969544,41.6232631541645,28.8558170584137,26.6714963145153,17.0590549593528
E745S_00409,20.033222022836,19.9289198198107,33.6950225533713,27.7015843760772,14.8174979525085,13.8604821544741
E745S_00410,91.0601001038002,120.479378910674,120.905669162097,63.4827975285102,70.1361569752069,61.8390742276538
E745S_00411,282.286310321781,269.040417567445,250.730609000086,182.368763809175,214.359803712956,198.311513902476
E745S_00412,451.658096514849,536.26911515127,585.698774383601,106.189406774963,109.649484848563,115.148620975631
E745S_00413,3165.2490796081,3121.5935317758,3102.91516513546,910.689586363538,1017.46819273892,850.82036609772
E745S_00414,4006.64440456721,3711.30838644384,3982.94987182351,1538.59216555462,1462.98096451101,1521.45446418728
E745S_00415,167.550584190992,168.489958476581,147.663481189774,4629.6272888519,3945.4057881546,4975.91309345621
E745S_00416,19.122621021798,21.7406398034299,11.8923609011899,107.343639457299,114.588650832732,165.25959491873
E745S_00417,51.9042570591661,53.4457395167651,52.5245939802552,146.587550656742,101.746819273892,150.332921829296
E745S_00418,149.338564170232,138.596578746865,133.789060138386,90.0301492222509,79.026655746712,72.5009835772493
E745S_00419,31.8710350363301,33.5168196969544,35.6770827035696,10.3880941410289,15.8053311493424,19.1914368292719
E745S_00420,4.55300500519001,4.52929995904789,7.92824060079324,2.3084653646731,3.9513327873356,3.19857280487865
E745S_00422,4167.82078175094,4124.38054270901,4194.03927781963,6687.62416145797,7386.02881272707,6947.30013219642
E745S_00423,41.8876460477481,46.1988595822885,47.5694436047595,115.423268233655,139.28448075358,139.671012479701
E745S_00424,271.359098309325,278.09901748554,304.246233055441,566.728247027246,618.383581218022,582.140250487914
E745S_00425,911.51160203904,667.618813963659,686.783842043715,215.841511596935,246.958299208475,197.245322967517
E745S_00426,6321.39214920581,5512.15805016128,5672.65614986756,1846.77229173848,1786.00241987569,1748.55313333366
E745S_00427,1921.36811219018,1648.66518509343,1610.42387203613,2960.60683019325,2510.08415315494,2732.64736630132
E745S_00428,4429.16326904884,4296.49394115283,3909.61364626617,3095.65205402663,3482.1120188395,3315.8538077242
E745S_00429,819.540900934202,775.416152988999,734.353285648474,482.469261216678,555.162256620652,573.610723008237
E745S_00430,779.47445688853,915.824451719483,884.989857063546,4414.9400099373,4313.86757057364,4554.76767414719
E745S_00431,491.724540560521,456.553435872027,463.802075146405,2802.47695271314,2776.79911630009,2938.42221674852
E745S_00432,1011.67771215322,1033.58625065473,1053.4649698304,8480.14751712663,8591.18531286443,8790.74425874148
E745S_00433,521.774373594775,575.221094799082,558.940962355924,650.987232837814,711.239901720408,651.442661260284
E745S_00434,0.910601001038002,1.81171998361916,1.98206015019831,4.6169307293462,2.9634995905017,4.2647637398382
E745S_00435,6529.00917744248,6185.2120240758,6059.15787915624,10309.6063186301,9880.30763473267,10313.2649138637
E745S_00436,3799.02737633055,3733.04902624727,3743.12059364951,4519.97518402993,3884.1601299509,3896.92786727715
E745S_00437,2207.29682651612,2187.65188022013,2097.01963890981,2600.48623330425,2247.32052279712,2346.68624784597
E745S_00438,1305.8018354885,1457.52872682161,1246.71583447474,1581.29877480107,1593.37494649308,1528.91780073199
E745S_00439,998.929298138689,921.259611670341,887.962947288843,2131.86776427561,2072.47404695752,2746.5078484558
E745S_00440,930.634223060838,894.989671907863,897.873248039835,1566.2937499307,1634.86394076011,2138.77901552886
E745S_00441,535.433388610345,491.881975552601,500.470187925073,1168.08347452459,1182.43633661018,1454.28443528482
E745S_00442,278.643906317629,227.370857944204,207.125285695723,630.211044555756,482.062600054943,754.863181951361
E745S_00443,315.067946359149,371.402596641927,370.645248087084,1180.78003403029,1020.43169232942,1362.5920148783
E745S_00444,3108.79181754374,3040.06613251294,3055.3457215307,8634.81469655973,8189.13720175303,11502.0678063436
E745S_00445,932.455425062914,969.270191236248,923.640029992413,2738.99415518463,2806.43411220511,4126.15891829345
E745S_00446,670.20233676397,706.570793611471,678.855601442921,1920.64318340802,1834.40624652055,2705.99259292733
E745S_00447,563.662019642523,588.808994676226,607.501436035782,1461.25857583807,1457.05396533,2175.02950731748
E745S_00448,780.385057889568,757.298953152807,763.09315782635,1551.28872506032,1595.35061288675,2313.63432886222
E745S_00449,473.512520539761,509.999175388792,466.775165371702,1387.38768416853,1348.39231367827,1978.85037528492
E745S_00450,3650.59941316135,4122.56882272539,3910.60467634127,5161.72855540905,4851.24882965128,4858.63209061066
E745S_00451,1224.75834639611,1153.15976957359,1095.08823298457,1881.39927220858,1841.32107889839,1865.83413617921
E745S_00452,510.847161582319,626.855114332228,661.017060091137,961.475824386346,926.587538630199,875.34275760179
E745S_00453,1581.71393880301,1390.4950874277,1264.55437582652,2187.27093302776,2009.25272236015,2225.14048126058
E745S_00454,1963.25575823793,1738.34532428258,1805.65679683066,23148.1364442595,24454.79862082,22465.7091905327
E745S_00455,1576.25033279678,1588.878425634,1637.1816840638,3870.14218387445,3735.98515042581,3555.7467680901
E745S_00456,1594.46235281754,1528.18580618276,1404.2896164155,1561.67681920135,1596.33844608358,1589.69068402469
E745S_00457,490.813939559483,444.777255978503,417.223661616744,455.921909522937,392.169779143058,412.615891829345
E745S_00458,1663.66802889643,1660.44136498696,1595.55842090964,1705.95590449342,1764.27008954535,1756.01646987838
E745S_00459,1487.9220356961,1570.76122579781,1498.43747354992,1947.19053510176,2054.69304941451,2069.47660475648
E745S_00460,22650.2892998193,22769.6967541255,22811.5302686324,5267.91796218401,5431.10691619278,5319.22657451319
E745S_00461,176.656594201372,178.454418386487,198.206015019831,304.717428136849,268.690629538821,282.54059776428
E745S_00462,11774.9815444224,11406.5890168662,11242.2451719248,6719.94267656339,6606.62842042513,6535.75043130203
E745S_00463,1999.67979827945,2131.48856072794,2091.07345845922,2129.55929891093,2202.8680289396,2208.08142630123
E745S_00464,30.9604340352921,42.5754196150502,39.6412030039662,68.0997282578564,87.9171545182171,86.3614657317235
E745S_00465,96.5237061100282,112.326638984388,70.36313533204,58.865866799164,43.4646606606916,46.9124011382202
E745S_00466,30.9604340352921,30.7992397215256,34.6860526284704,34.6269804700965,29.634995905017,33.051918983746
E745S_00467,53.7254590612421,71.5629393529566,69.3721052569409,50.7862380228082,56.3064922195323,51.1771648780583
E745S_00468,14.569616016608,22.6464997952394,12.883390976289,28.8558170584137,23.7079967240136,20.2576277642314
E745S_00469,1041.72754518747,950.247131408247,938.5054811189,910.689586363538,855.463548458158,855.085129837558
E745S_00470,7034.39273301857,7088.35443590995,6973.87863847276,8474.37635371495,8125.91587715566,7872.75386374131
E745S_00471,7902.19548700778,7726.9857301357,7661.65351059157,5656.89437613143,5539.76856784451,5432.2428136189
E745S_00472,5196.79991292388,6507.69818116001,6534.85231520383,4778.52330487332,5049.8033022149,5081.46599601721
E745S_00473,806.79248691967,836.10877244024,739.30843602397,446.688048064245,446.500604968923,507.506885040745
E745S_00474,913.332804041116,885.931071989767,974.18256382247,288.558170584137,337.838953317194,333.717762642339
E745S_00475,11539.1358851536,10817.78002219,10346.3539840352,5714.60601024826,5899.33985149205,5722.2467479279
E745S_00477,93.7919031069142,113.232498976197,106.04021803561,24.2388863290675,25.6836631176814,23.4562005691101
E745S_00478,1844.87762810299,1589.78428562581,1529.159405878,2474.67487092956,2333.26201092167,2379.73816682971
E745S_00479,1447.85559165042,1541.7737060599,1478.61687204794,1178.47156866562,1189.35116898802,1090.71332646362
E745S_00480,276.822704315553,279.91073746916,275.506360877565,401.672973453119,423.780441441743,379.563972845599
E745S_00481,109.27212012456,132.255558804198,121.896699237196,204.299184773569,201.517972154116,162.061022113851
E745S_00482,883.282971006862,837.01463243205,732.371225498276,5033.60872766969,4566.75286896312,4626.20246678948
E745S_00483,5411.70174916885,5388.96109127518,5015.60321007683,9455.47413370102,8593.1609792581,9240.67683329441
E745S_00484,1385.0241225788,1363.31928767341,1605.46872166063,1202.71045499468,1162.6796726735,1066.19093495955
E745S_00485,4181.47979676651,4195.03762207015,3709.42557109614,14233.9974385743,13698.2829404957,13713.3478054497
E745S_00486,940.650834072256,834.297052456621,883.007796913347,278.170076443108,266.714963145153,327.320617032582
E745S_00487,193.958013221094,231.900157903252,261.631939826177,234.30923451432,285.483793884997,276.143452154523
E745S_00488,29478.8862066032,26037.1337445827,25826.243757084,77055.4196401057,73831.6409645626,76735.8939709087
E745S_00489,1168.30108433176,1479.26936662504,1697.63451864485,1322.75065395769,1525.21445591154,1276.23054914658
E745S_00490,2439.50008178081,2255.59137960585,2381.44527046327,2243.82833446225,2325.359345347,2161.16902516301
E745S_00491,327.816360373681,296.216217321732,352.806706735299,3626.59908790144,3653.9949950886,3902.25882195195
E745S_00492,7282.98680630194,6379.97192231486,6647.82974376513,1358.53186711012,1395.8083071263,1396.71012479701
E745S_00493,17434.3667658736,16445.8881513029,15748.4589234007,4562.68179327638,4387.95506033619,4497.19336365938
E745S_00494,1069.04557521861,953.870571375485,976.164623972668,2150.33548719299,1774.14842151369,1775.20790670765
E745S_00495,1503.40225271374,1404.08298730485,1333.92648108346,1672.48315670566,1706.97576412898,1705.90549593528
E745S_00496,2040.65684332616,1943.97554242335,1923.58937576746,1175.00887061861,1124.15417799698,1201.59718369941
E745S_00497,4367.24240097826,3807.32954557566,3786.72591695387,9843.2963149661,9467.3933584561,9437.92215626193
E745S_00498,13919.4469018669,11014.3516404127,10841.8690215848,5069.38994082213,4979.66714523969,5109.18696032616
E745S_00499,3979.32637453607,4165.14424234044,4016.64489437688,30185.4931084655,28853.6198463214,29375.6926400055
E745S_00500,2866.57195126763,2700.36863558435,2667.85296216693,661.375326978843,650.98207671354,594.934541707428
E745S_00501,20.033222022836,20.8347798116203,21.8026616521814,30.0100497407503,18.7688307398441,29.8533461788674
E745S_00502,886.925375011014,931.224071580246,850.303804435075,819.50520445895,834.719051324646,787.915100935107
E745S_00503,3603.24816110737,3083.5474121198,2811.5523230563,760.639337659786,777.42472590828,776.187000650552
E745S_00504,8258.24047841364,7702.52751035684,7756.79239780109,829.893298599979,870.281046410666,775.120809715592
E745S_00505,11980.777370657,13760.9191355793,13010.2428259017,978.789314621394,1124.15417799698,992.62376044734
E745S_00506,5072.04757578167,5301.09267206965,5210.83613487136,4215.25775589308,3918.73429184008,4074.9817534154
E745S_00507,971.611268107548,989.199111056059,1085.17793223358,375.125621759379,385.254946765221,430.741137723658
E745S_00508,1828.48681008431,1788.16762383211,1818.54018780695,1140.38189014851,1059.94502020278,1031.00663410588
E745S_00509,332.369365378871,329.733037018686,348.842586434903,247.005794020022,265.727129948319,205.774850447193
E745S_00510,4039.42604060458,3930.52650446176,3866.0083229618,2418.11746949507,2321.40801255967,2239.00096341505
E745S_00511,1198.35091736601,1356.97826773075,1294.2852780795,451.304978793591,468.232935299269,409.417319024467
E745S_00512,1311.26544149472,1216.56996900026,1274.46467657751,1026.11285459719,1053.03018782494,1117.36809983761
E745S_00513,892.388981017242,768.169273054522,822.554962332299,552.877454839207,579.8580865415,565.081195528561
E745S_00514,6439.77027934075,5564.69792968624,5293.09163110459,5184.81320905578,4601.32703085231,4843.70541752123
E745S_00515,3834.54081537103,4093.58130298748,3989.8870823492,3902.46069897987,3905.89246028124,4073.91556248044
E745S_00516,4509.29615714019,4102.63990290558,4262.42035300147,1274.27288129955,1315.79381818276,1343.40057804903
E745S_00517,14268.2070852645,13721.9671559315,13329.3545100836,4012.11280380185,3933.55178979259,3746.59494544786
E745S_00518,5916.1747037439,6011.28690564836,5844.10435285972,862.211813705403,852.500048867656,779.38557345543
E745S_00519,3262.68338671916,3177.756851268,3349.68165383514,5656.89437613143,5797.59303221816,5433.30900455386
E745S_00520,8405.7578405818,8482.47296330489,8390.06061578945,12327.2050473544,11588.2712320585,11950.9341899616
E745S_00521,4840.75492151802,4911.57287559153,4609.28087928617,7488.66164299954,7333.67365329488,7473.99845406644
E745S_00522,2004.23280328464,2271.89685945842,2260.53960130117,2719.37219958491,2838.0447745038,2748.64023032572
E745S_00524,1969.6299652452,1937.63452248069,2261.53063137627,1116.14300381944,1225.90099727087,1179.20717406526
E745S_00525,4084.04548965544,4540.1702789496,4307.01670638093,2133.02199695794,2330.29851133117,2192.08856227683
E745S_00526,435.267278496165,583.373834725368,563.896112731419,100.41824336328,112.612984439065,117.28100284555
E745S_00527,416.144657474367,438.436236035836,456.864864620711,988.023176080087,951.283368551046,983.028042032704
E745S_00528,331.458764377833,372.308456633736,344.878466134506,589.812900673977,576.894586950998,636.515988170851
E745S_00529,483.529131551179,466.517895781933,472.721345822297,358.966364206667,322.033622167852,371.034445365923
E745S_00530,910.601001038002,758.204813144617,781.922729253234,5243.67907585495,4925.33631941383,4975.91309345621
E745S_00532,862.339147982988,669.430533947278,602.546285660286,668.300723072862,619.371414414856,709.0169717481
E745S_00533,158.444574180612,120.479378910674,115.950518786601,27834.3211345459,30390.6883005949,26701.6857751269
E745S_00534,633.77829672245,506.375735421554,424.160872142438,1378.15382270984,1310.85465219859,1296.48817691081
E745S_00535,1187.42370535356,1127.79568980292,1113.91780441145,2601.64046598658,2543.67048184729,2558.85824390292
E745S_00536,30.9604340352921,45.2929995904789,51.5335639051561,58.865866799164,61.2456582037018,59.7066923577347
E745S_00537,190.315609216942,166.678238492962,173.430263142352,1997.97677312457,1981.5933928488,1920.20987386215
E745S_00538,64.6526710736982,61.5984794430513,56.4887142806519,779.107060577171,719.14256729508,761.260327561118
E745S_00539,223.097245254311,250.923217731253,212.080436071219,1830.61303418577,1468.90796369201,1617.41164833364
E745S_00540,1432.37537463278,1651.38276506886,1567.80957880686,4137.92416617653,4900.64048949298,4715.76250532608
E745S_00542,172.103589196182,157.619638574867,164.51099246646,267.78198230208,281.532461097662,263.349160935009
E745S_00543,2566.98422192613,2492.92669745996,2454.78149602061,7344.38255770747,8146.66037428918,7875.95243654619
E745S_00544,1264.82479044179,1148.63046961454,1119.86398486205,675.226119166882,685.556238602727,601.331687317186
E745S_00545,1564.41251978329,1639.60658517534,1605.46872166063,1545.51756164864,1607.20461124876,1506.52779109784
E745S_00546,2224.59824553584,2170.44054037575,2184.23028551854,3166.06024764916,3089.94223969644,3230.55853292743
E745S_00547,1385.93472357984,1691.24060470848,1669.88567654208,1479.72629875546,1675.3651018303,1496.93207268321
E745S_00548,766.726042873998,679.394993857183,728.407105197879,1282.35251007591,1313.81815178909,1297.55436784577
E745S_00549,1329.47746151548,1484.7045265759,1682.76906751837,438.608419287889,536.393425880808,476.587347926918
E745S_00550,4624.94248427201,5054.69875429744,4853.07427776056,1063.04830043196,1027.34652470726,1018.21234288637
E745S_00551,633.77829672245,687.54773378347,702.640323245301,310.488591548532,322.033622167852,357.173963211449
E745S_00552,875.998162998558,783.568892915285,802.734360830316,331.26477983059,299.313458640672,327.320617032582
E745S_00553,9543.09849087826,10292.3812269404,10384.0131268889,1626.3138494122,2016.16755473799,2048.15278605729
E745S_00554,1256.62938143244,1212.94652903302,1242.75171417434,1906.79239121998,1825.51574774905,1756.01646987838
E745S_00555,339.654173387175,365.967436691069,353.797736810398,1034.19248337355,1070.81118536795,974.498514553028
E745S_00556,605.549665690271,537.17497514308,561.914052581221,423.603394417514,483.050433251777,463.793056707404
E745S_00557,302.319532344617,290.781057370874,287.398721778755,171.980669668146,180.773475020604,174.855313333366
E745S_00558,168.46118519203,143.125878705913,172.439233067253,106.189406774963,101.746819273892,90.6262294715617
E745S_00559,73.7586810840782,60.6926194512417,71.3541654071392,38.0896785171061,32.5984954955187,44.7800192683011
E745S_00560,2940.33063235171,2852.55311420836,2777.85730050293,2353.48043928423,2322.3958457565,2404.26055833378
E745S_00561,733.033805835592,740.087613308425,764.084187901449,712.161565001651,747.789730003263,693.024107723707
E745S_00562,1191.06610935771,1242.83990876274,1171.3975487672,836.818694693999,823.852886159473,829.496547398529
E745S_00563,2261.02228557736,2309.94297911442,2124.76848101259,2960.60683019325,2958.56042451753,2992.79795443145
E745S_00564,1864.91085012583,1676.74684483953,1683.76009759346,2138.79316036963,2187.06269779026,2128.11710617926
E745S_00565,4107.72111568243,4156.99150241415,4132.59541316348,4296.05404365664,4073.82410374301,4008.8779154479
E745S_00566,23657.4140069673,20299.4165564608,20617.3896823628,18809.3757913564,18900.212555023,17916.2724710603
E745S_00567,6355.99498724526,6209.67024385466,5981.8575332985,4785.44870096734,4609.22969642698,4479.06811776506
E745S_00568,1220.20534139092,1235.59302882826,1124.81913523754,1009.95359704448,1096.49484848563,1070.45569869939
E745S_00569,3188.92470563508,3101.66461195599,3112.82546588645,1973.7378867955,1879.84657357491,1990.57847556948
E745S_00570,23656.5034059663,24065.9824024051,24229.6943060992,8475.53058639728,8418.3145034185,8116.91158784705
E745S_00571,1443.30258664523,1269.10984852522,1202.11948109528,795.266318129883,798.169223041791,809.238919634298
E745S_00572,451.658096514849,427.565916134121,484.613706723487,384.359483218071,390.194112749391,334.783953577298
E745S_00573,10593.9320460761,9775.13517161715,9347.39566833523,5000.13597988193,4853.22449604495,4311.67614097642
E745S_00574,12581.7740313421,12099.5719106005,11984.5266981741,5765.39224827107,5389.61792192576,5171.02603455381
E745S_00575,5090.25959580243,5204.16565294602,4758.92642062614,1753.27944446922,1667.46243625562,1658.99309479706
E745S_00576,7945.90433505761,8584.83514237937,7979.7741646984,2253.06219592095,2258.1866879623,2211.2799991061
E745S_00577,498.098747567787,409.448716297929,441.008383419124,572.499410438929,576.894586950998,569.345959268399
E745S_00578,2923.93981433303,2412.30515818891,2599.47188698508,2667.43172887977,3002.02508517822,2655.88161898424
E745S_00579,18.21202002076,11.7761798935245,12.883390976289,12.696559505702,26.6714963145153,23.4562005691101
E745S_00580,10.927212012456,9.05859991809578,7.92824060079324,10.3880941410289,8.8904987715051,8.52952747967639
E745S_00581,10.016611011418,2.71757997542873,10.9013308260907,3.46269804700965,2.9634995905017,1.06619093495955
E745S_00582,33.6922370384061,34.422679688764,35.6770827035696,24.2388863290675,19.756663936678,30.9195371138269
E745S_00583,36.4240400415201,44.3871395986693,42.6142932292637,46.169307293462,35.5619950860204,46.9124011382202
E745S_00584,78.3116860892682,68.8453593775279,73.3362255573375,39.2439111994427,34.5741618891865,29.8533461788674
E745S_00585,1201.99332137016,1154.0656295654,1045.53672922961,59067.8575185729,60300.3018343318,73398.7163444853
E745S_00586,341.475375389251,189.324738288202,213.071466146318,73260.3025805832,71882.6460672093,86382.7895504226
E745S_00587,288.660517329047,172.11339844382,155.591721790567,64133.7847613481,60681.6054483097,72560.6902696071
E745S_00588,74.6692820851162,42.5754196150502,52.5245939802552,15630.6189842016,13922.521076177,16694.4176595966
E745S_00589,183.030801208638,113.232498976197,110.995368411105,43821.5980175895,44017.8472509186,50410.5735958224
E745S_00590,161.176377183726,96.9270191236248,79.2824060079324,48346.1901323487,47211.5119762826,54324.5605180589
E745S_00591,365.151001416239,168.489958476581,151.627601490171,109496.283409857,106477.552453529,116676.472585428
E745S_00592,91.9707011048382,31.7050997133352,38.6501729288671,31231.2279186624,29790.0857169199,32451.6534873638
E745S_00593,15.480217017646,10.8703199017149,5.94618045059493,7449.41773180009,6941.50387415182,7365.24697870056
E745S_00594,112.003923127674,57.0691794840034,50.5425338300569,37244.7801936358,37155.3700325135,38091.8035332998
E745S_00595,237.666861270919,274.475577518302,273.524300727367,1982.97174825419,2138.65887114539,2135.58044272398
E745S_00596,3884.62387042812,4147.93290249606,3782.76179665348,52067.4363002018,54882.0367496978,51191.0253602128
E745S_00597,1569.87612578952,1552.64402596162,1652.04713519029,18227.6425194588,17754.3260466957,17375.7136670358
E745S_00598,127.48414014532,110.514919000768,124.869789462494,6012.39804229109,6624.40941796814,5643.34861874089
E745S_00599,5540.09649031521,6130.86042456722,5998.70504457519,12717.3356939841,13976.8519020029,12781.4969282951
E745S_00600,2929.40342033925,2799.1073746916,2965.16198469667,8347.41075865793,8216.79653126438,8101.98491475761
E745S_00601,61.0102670695462,62.5043394348609,43.6053233043628,75.0251243518757,65.1969909910374,62.9052651626134
E745S_00602,5.46360600622801,18.1171998361916,17.8385413517848,15.0050248703751,17.7809975430102,21.323818699191
E745S_00603,22.7650250259501,22.6464997952394,20.8116315770823,30.0100497407503,17.7809975430102,24.5223915040696
E745S_00604,11.837813013494,15.3996198607628,19.8206015019831,15.0050248703751,19.756663936678,25.5885824390292
E745S_00605,20.9438230238741,28.0816597460969,27.7488421027763,24.2388863290675,17.7809975430102,21.323818699191
E745S_00606,1951.41794522444,1876.94190302945,1887.91229306389,4206.02389443439,3779.4498110865,3846.81689333405
E745S_00607,2124.43213542166,1888.71808292297,1924.58040584256,3700.46997957098,3396.17053071495,3371.29573634209
E745S_00608,3936.52812748728,3570.90008771336,3575.63651095775,6562.96703176562,6168.03048103087,6186.0398046353
E745S_00609,1065.40317121446,866.908012161766,986.07492472366,1889.47890098493,1520.27528992737,1550.24161943118
E745S_00610,1391.39832958607,1372.37788759151,1405.2806464906,1636.70194355323,1589.42361370575,1540.64590101655
E745S_00611,331.458764377833,351.473676822116,363.70803756139,859.90334834073,860.402714442327,799.643201219662
E745S_00612,236.756260269881,221.029838001537,265.596060126574,255.085422796378,231.152968059133,236.69438756102
E745S_00613,2005.14340428568,1998.32714193193,1923.58937576746,5094.78305983353,4615.15669560798,4839.44065378139
E745S_00614,529.059181603079,410.354576289739,455.873834545611,1510.89058117854,1411.61363827564,1361.52582394334
E745S_00615,62.8314690716222,50.7281595413364,66.3990150316434,925.694611233913,959.186034125717,954.240886788796
E745S_00616,43.7088480498241,39.8578396396214,34.6860526284704,529.792801192476,468.232935299269,505.374503170826
E745S_00617,50.9936560581281,42.5754196150502,48.5604736798586,394.7475773591,328.948454545689,366.769681626085
E745S_00618,49.1724540560521,63.4101994266704,58.4707744308502,117.731733598328,145.211479934583,131.141485000025
E745S_00619,14.569616016608,14.4937598689532,24.7757518774789,11.5423268233655,14.8174979525085,21.323818699191
E745S_00620,7429.59356746906,7747.82050994732,7382.18302941361,5487.22217182796,5310.59126617905,5430.11043174898
E745S_00621,3191.6565086382,3031.91339258666,3172.2872703924,2976.76608774596,2762.96945154442,2692.13211077286
E745S_00622,4257.9702808537,4121.66296273358,4208.90472894611,3694.6988161593,3558.17517499571,3771.11733695192
E745S_00623,76.4904840871922,69.7512193693375,94.1478571344198,92.338614586924,101.746819273892,85.2952747967639
E745S_00625,444.373288506545,461.082735831075,438.035293193827,199.682254044223,244.982632814807,203.642468577274
E745S_00626,338.743572386137,342.41507690402,399.38512026496,241.234630608339,270.666295932489,253.753442520373
E745S_00627,16.390818018684,26.2699397624778,11.8923609011899,15.0050248703751,29.634995905017,21.323818699191
E745S_00628,345.117779393403,395.860816420785,409.295421015951,228.538071102637,281.532461097662,285.739170569159
E745S_00629,66.4738730757742,67.9394993857183,64.4169548814451,154.667179433098,163.980310674427,163.127213048811
E745S_00630,386.094824440113,394.049096437166,365.690097711588,1472.80090266144,1645.73010592528,1509.72636390272
E745S_00631,715.73238681587,695.700473709756,684.801781893516,941.853868786625,892.013376741012,911.593249390414
E745S_00632,2351.17178468012,2583.51269664092,2470.63797722219,4244.11357295149,4547.98403822328,4681.64439540738
E745S_00633,346.938981395479,316.145137141543,345.869496209605,1304.2829310403,1149.83784111466,1150.42001882135
E745S_00634,233.113856265729,248.205637755824,214.062496221418,757.176639612777,744.826230412761,714.347926422898
E745S_00635,472.601919538723,480.105795659076,453.891774395413,1270.81018325254,1179.47283701968,1250.64196670755
E745S_00636,311.425542354997,270.852137551064,314.156533806432,964.938522433356,967.088699700388,997.954715122138
E745S_00637,1731.96310397428,1751.93322415972,1664.93052616658,2987.15418188699,2969.4265896827,2710.25735666717
E745S_00638,135.679549154662,95.1152991400057,83.2465263083291,243.543095973012,178.797808626936,143.935776219539
E745S_00639,1002.57170214284,961.117451309962,936.523420968702,1576.68184407173,1558.80078460389,1477.74063585393
E745S_00640,1775.6719520241,1773.67386396315,1700.60760887015,2038.37491700635,2163.35470106624,1899.95224609792
E745S_00641,66.4738730757742,88.7742791973386,108.022278185808,25.3931190114041,22.7201635271797,33.051918983746
E745S_00642,2101.66711039571,2366.10629860662,2277.38711257786,322.030918371897,358.583450450706,358.240154146408
E745S_00643,2714.50158409428,2617.93537632968,3018.67760875203,8116.56422219062,8084.42688288864,7468.66749939164
E745S_00644,663.828129756704,639.537154217562,658.043969865839,1359.68609979246,1318.75731777326,1303.95151345553
E745S_00645,79.2222870903062,77.9039592956237,63.4259248063459,1236.18320278244,1089.58001610779,1214.39147491893
E745S_00646,38.2452420435961,44.3871395986693,50.5425338300569,756.02240693044,643.079411138869,648.244088455406
E745S_00647,497.188146566749,483.729235626315,527.227999952751,1034.19248337355,887.074210756843,949.976123048958
E745S_00648,67.3844740768122,74.2805193283854,88.2016766838248,580.579039215285,677.653573028056,655.707425000123
E745S_00649,1360.43789555078,1345.20208783722,1428.07433821788,537.872429968832,531.454259896638,469.124011382202
E745S_00650,7414.11335045141,7526.79067194578,7496.15148805001,3639.29564740714,3576.94400573555,3477.91482983805
E745S_00651,1629.97579185802,1737.43946429077,1658.98434571599,797.574783494556,694.446737374232,803.9079649595
E745S_00652,5322.46285106712,6210.57610384647,6369.35029266227,3036.78618722746,2992.14675320988,3235.88948760223
E745S_00653,17972.5319574871,17030.1678460201,16914.9013217924,12971.2668840981,12087.1269964596,11808.064604677
E745S_00654,13089.8893899213,11922.9292121977,11183.774397494,5915.44249697482,5883.53452034271,5710.51864764334
E745S_00655,1226.57954839819,1106.9609099913,1129.77428561304,1578.9903094364,1353.33147966244,1280.49531288642
E745S_00656,2512.34816186385,2545.46657698491,2542.98317270443,1408.16387245059,1482.73762844768,1468.1449174393
E745S_00657,2996.78789441607,3298.23623017867,3467.61423277194,1959.88709460746,2032.96071908417,1819.98792597595
E745S_00658,5123.0412318398,5815.62114741749,4964.06964617167,2326.93308759048,2531.81648348529,2612.16779065089
E745S_00659,9612.30416695715,9002.43659860358,8777.55337515322,4648.09501176929,4364.24706361217,3956.63455963489
E745S_00660,3886.44507243019,3551.87702788535,3080.12147340817,798.729016176893,803.108389025961,791.113673739985
E745S_00661,2362.09899669258,2362.48285863938,2506.31505992576,588.65866799164,568.004088179493,561.882622723682
E745S_00662,6520.81376843313,6652.63577984954,6603.23339038567,2003.74793653625,1968.75156128996,2031.09373109794
E745S_00663,11681.1896413155,11613.1250949988,10883.4922847389,2338.47541441385,2283.87035107998,2242.19953621993
E745S_00664,428.893071488899,501.846435462506,494.524007474478,126.96559505702,118.539983620068,116.214811910591
E745S_00665,1609.03196883415,1693.0523246921,1590.60327053414,970.709685845038,1042.16402265976,900.931340040819
E745S_00666,2064.33246935315,2068.07836130127,1994.9435411746,1028.42131996187,1012.52902675475,954.240886788796
E745S_00667,97.4343071110662,92.3977191645769,99.1030075099155,3414.22027435151,3310.2290425904,3265.7428337811
E745S_00668,254.968280290641,280.816597460969,272.533270652268,7807.22986332442,8293.84752061743,8639.34514597722
E745S_00669,3083.29498951468,2819.03629451141,2957.23374409588,3729.32579662939,3460.37968850915,3788.17639191128
E745S_00670,393.379632448417,424.848336158692,427.133962367736,408.598369547139,483.050433251777,471.256393252121
E745S_00671,1696.4496649338,1737.43946429077,1746.19499232471,2176.88283888673,2117.91437401188,2176.09569825244
E745S_00672,1484.27963169194,1587.97256564219,1593.57636075944,1753.27944446922,1883.79790636225,1753.88408800846
E745S_00673,3398.36293587382,3085.35913210342,3022.64172905242,3579.27554792564,3489.02685121734,3416.07575561039
E745S_00674,9392.84932570699,9242.48949643312,9231.44514954863,5774.62610972976,5497.29174038066,5518.60427935062
E745S_00675,643.794907733868,581.562114741749,575.788473632609,2617.79972353929,2913.12009746317,2823.27359577289
E745S_00676,1120.94983227778,952.964711383676,1146.62179688972,993.794339491769,998.699361999073,1002.21947886198
E745S_00677,1737.42670998051,1940.35210245612,1881.9661126133,1558.21412115434,1588.43578050891,1528.91780073199
E745S_00678,4496.54774312565,4643.4383180159,4572.6127665075,2964.06952824026,3238.11721922153,3107.94657540709
E745S_00679,5468.1590112332,4817.36343644333,5004.70187925073,1269.6559505702,1282.2074894904,1213.32528398397
E745S_00680,1386.84532458088,1448.47012690351,1457.80524047086,271.244680349089,285.483793884997,266.547733739887
E745S_00681,1858.53664311856,1857.91884320144,1685.74215774366,2430.81402900077,2308.56618100083,2419.18723142322
E745S_00682,3061.44056548976,3019.23135270132,3030.56996965322,3513.48428503246,3361.59636882576,3207.10233235832
E745S_00683,953.399248086788,946.623691441009,939.496511193999,765.256268389133,641.103744745201,639.714560975729
E745S_00684,347.849582396517,319.768577108781,312.174473656234,248.160026702358,242.019133224306,230.297241951263
E745S_00685,2557.87821191575,2254.68551961404,2106.9299396608,3141.82136132009,3137.35823314447,3030.11463715504
E745S_00686,5422.6289611813,5060.1339142483,4782.71114242852,6330.96626261598,5874.64402157121,5945.08065333444
E745S_00687,753.977628859466,625.949254340418,637.232338288757,1343.52684223974,1253.56032678222,1352.99629646367
E745S_00688,21807.9833738591,25134.8971927404,27250.3539750015,24861.0177448469,28040.6331253271,27635.6690341515
E745S_00689,12203.8746159113,10981.7406807075,11365.1329012371,3984.41121942577,3873.29396478572,3867.07452109828
E745S_00690,20889.1869638118,19687.0552019976,20346.8384718608,30011.2039734326,27322.4783912289,26601.4638272407
E745S_00691,3965.6673595205,3608.94620736936,3494.37204479962,744.480080107075,774.461226317778,831.628929268448
E745S_00692,7576.20032863618,7293.98465405072,7036.313533204,2617.79972353929,2512.05981954861,2744.37546658588
E745S_00693,346.028380394441,369.590876658308,347.851556359804,765.256268389133,638.1402451547,715.414117357857
E745S_00694,64.6526710736982,43.4812796068597,53.5156240553544,78.4878223988854,76.0631561562103,79.9643201219662
E745S_00695,665.64933175878,654.936774078325,746.245646549664,946.470799515971,1067.84768577745,987.292805772542
E745S_00696,427.071869486823,400.390116379833,405.331300715555,262.010818890397,272.641962326156,275.077261219564
E745S_00697,8588.78864179044,8159.98680622068,8235.45992407398,13318.6909214814,12929.7487133589,13107.7513543927
E745S_00698,11065.6233646138,12100.4777705923,11683.2535553439,9705.94262576805,10125.2902675475,10290.8749042296
E745S_00699,1004.39290414492,760.016533128236,813.635691656406,1256.9593910645,1422.47980344082,1214.39147491893
E745S_00700,3996.62779355579,3747.54278611622,3650.95479666529,3157.9806188728,2985.23192083205,3026.91606435016
E745S_00701,2484.11953083167,2107.93620094089,1859.17242088602,1764.82177129258,1736.610760034,1701.64073219544
E745S_00702,2916.65500632472,2592.57129655901,2473.61106744749,2280.76378029702,2184.09919819975,2214.47857191098
E745S_00703,930.634223060838,817.991572604049,839.402473608985,771.027431800815,650.98207671354,637.58217910581
E745S_00704,3890.99807743538,3419.62146908116,3473.56041322254,2947.91027068755,2849.8987728658,2832.86931418752
E745S_00705,8.19540900934202,4.52929995904789,4.95515037549578,0,0.9878331968339,0
E745S_00706,2073.43847936353,1679.46442481496,1801.69267653026,1021.49592386785,1088.59218291096,952.108504918877
E745S_00707,2308.37353763134,2646.01703607578,2457.75458624591,1670.17469134099,1666.47460305879,1645.13261264258
E745S_00708,7752.85692283755,7478.78009237987,7992.65755567469,3087.57242525027,3023.75741550857,3059.96798333391
E745S_00709,2.73180300311401,0,1.98206015019831,2.3084653646731,0,3.19857280487865
E745S_00710,14500.4103405291,11903.9061523697,12298.6832319805,13935.0511738492,13565.91329212,13544.8896377261
E745S_00711,8730.84239795236,7202.49279487795,7244.42984897483,5941.98984866856,5795.61736582449,5800.07868617995
E745S_00712,8254.59807440949,7624.62355106122,7681.47411209355,2261.1418246973,2280.90685148948,2317.89909260206
E745S_00713,839.574122957038,655.842634070134,765.075217976548,1103.44644431374,1101.4340144698,1077.9190352441
E745S_00714,151.159766172308,158.525498566676,157.573781940766,371.662923712369,292.398626262835,314.526325813067
E745S_00715,472.601919538723,512.716755364221,454.882804470512,193.91109063254,186.700474201607,198.311513902476
E745S_00716,2531.47078288565,2680.43971576454,2702.5390147954,1762.51330592791,1684.2556006018,1734.69265117919
E745S_00717,5514.59966228614,4810.11655650886,4618.20014996206,38881.482137189,38575.8741695606,35148.0503618765
E745S_00718,1175.58589234006,1334.33176793551,1246.71583447474,2383.49048902498,2408.33733388105,2389.33388524435
E745S_00719,3215.33213466519,2905.99885372513,2758.03669900095,934.928472692605,859.414881245493,868.945611992032
E745S_00720,2301.99933062407,2242.90933972051,2025.66547350267,11752.3971715508,11692.9815509229,11128.9009791078
E745S_00721,139.321953158814,124.102818877912,139.735240588981,867.982977117086,795.20572345129,699.421253333464
E745S_00722,8095.24289922784,8264.16070527878,9037.2032548292,2228.82330959188,2466.61949249425,2157.97045235813
E745S_00723,8155.34256529635,7289.45535409167,7065.05340538188,4526.90058012395,4541.06920584544,4340.46329622032
E745S_00724,5118.48822683461,5053.79289430563,4928.3925634681,1918.33471804335,1904.54240349576,1908.48177357759
E745S_00725,4819.81109849415,4859.93885605838,4669.73371386722,2046.4545457827,2089.2672113037,2038.55706764266
E745S_00726,441.641485503431,465.612035790123,458.846924770909,203.144952091233,207.444971335119,218.569141666708
E745S_00727,15406.458336562,14864.2566056034,15337.1814422345,12402.2301717062,12325.1947968966,12058.6194743925
E745S_00728,4532.06118216614,4994.91199483801,4601.35263868538,2313.08229540245,2389.5685031412,2372.274830285
E745S_00729,1884.03347114763,1748.30978419249,1729.34748104803,999.565502903452,909.794374284022,939.314213699363
E745S_00730,22.7650250259501,23.552359787049,35.6770827035696,15.0050248703751,5.9269991810034,8.52952747967639
E745S_00731,91.9707011048382,107.79733902534,96.1299172846181,31.1642824230868,24.6958299208475,33.051918983746
E745S_00732,722.106593823136,650.407474119277,769.039338276944,392.439111994427,360.559116844374,355.04158134153
E745S_00733,213.080634242893,225.559137960585,211.08940599612,41.5523765641158,75.0753229593764,53.3095467479774
E745S_00734,1129.14524128712,1111.49020995035,942.469601419297,2795.55155661912,2465.63165929742,2945.88555329323
E745S_00735,466.227712531457,413.978016256977,417.223661616744,245.851561337685,265.727129948319,237.760578495979
E745S_00736,43.7088480498241,38.0461196560023,37.6591428537679,43.8608419287889,34.5741618891865,37.3166827235842
E745S_00737,769.457845877112,784.474752907094,711.559593921193,623.285648461737,553.186590226984,597.066923577347
E745S_00738,120.199332137016,151.278618632199,167.484082691757,65.7912628931833,69.148323778373,92.7586113414808
E745S_00739,50.0830550570901,52.5398795249555,48.5604736798586,30.0100497407503,27.6593295113492,28.7871552439078
E745S_00740,19.122621021798,19.9289198198107,22.7936917272806,33.4727477877599,18.7688307398441,15.9928640243932
E745S_00741,5.46360600622801,5.43515995085747,3.96412030039662,6.9253960940193,1.9756663936678,1.06619093495955
E745S_00742,23.6756260269881,24.4582197788586,23.7847218023797,23.084653646731,20.7444971335119,27.7209643089483
E745S_00743,0.910601001038002,0.905859991809578,2.97309022529747,11.5423268233655,11.8539983620068,3.19857280487865
E745S_00744,0.910601001038002,2.71757997542873,2.97309022529747,6.9253960940193,2.9634995905017,3.19857280487865
E745S_00745,81.9540900934202,96.0211591318152,128.83390976289,30.0100497407503,48.4038266448611,37.3166827235842
E745S_00746,219.454841250159,247.299777764015,234.8741277985,140.816387245059,153.114145509255,169.524358658568
E745S_00747,84.6858930965342,77.9039592956237,80.2734360830316,45.0150746111254,47.4159934480272,28.7871552439078
E745S_00748,365.151001416239,398.578396396214,371.636278162183,421.294929052841,465.269435708767,391.292073130154
E745S_00749,162.997579185802,175.736838411058,176.40335336765,882.988001987461,707.288568933073,802.84177402454
E745S_00750,157.533973179574,157.619638574867,160.546872166063,99.2640106809433,72.1118233688747,76.7657473170875
E745S_00751,323.263355368491,363.249856715641,356.770827035696,285.095472537128,316.106622986848,319.857280487865
E745S_00752,113.82512512975,119.573518918864,101.085067660114,936.082705374942,862.378380835995,1034.20520691076
E745S_00753,449.836894512773,425.754196150502,365.690097711588,3590.81787474901,3028.69658149274,3445.92910178926
E745S_00754,136.5901501557,115.950078951626,106.04021803561,144.279085292069,118.539983620068,125.810530325227
E745S_00755,136.5901501557,147.655178664961,136.762150363683,156.975644797771,154.101978706088,137.538630609782
E745S_00756,128.394741146358,123.196958886103,112.977428561304,131.582525786367,100.758986077058,102.354329756117
E745S_00757,46.4406510529381,42.5754196150502,42.6142932292637,38.0896785171061,46.4281602511933,29.8533461788674
E745S_00758,67.3844740768122,52.5398795249555,48.5604736798586,61.1743321638371,60.2578250068679,74.6333654471684
E745S_00759,10.927212012456,11.7761798935245,12.883390976289,19.6219555997213,9.878331968339,10.6619093495955
E745S_00760,36.4240400415201,39.8578396396214,33.6950225533713,33.4727477877599,33.5863286923526,33.051918983746
E745S_00762,10.016611011418,22.6464997952394,9.91030075099155,25.3931190114041,19.756663936678,12.7942912195146
E745S_00763,206.706427235627,182.983718345535,204.152195470426,401.672973453119,374.388781600048,365.703490691125
E745S_00764,0.910601001038002,0.905859991809578,1.98206015019831,0,5.9269991810034,3.19857280487865
E745S_00765,40.9770450467101,52.5398795249555,38.6501729288671,174.289135032819,158.053311493424,167.391976788649
E745S_00766,80.1328880913442,77.9039592956237,65.4079849565443,211.224580867589,194.603139776278,198.311513902476
E745S_00767,168.46118519203,170.301678460201,174.421293217451,110.806337504309,109.649484848563,134.340057804903
E745S_00768,19.122621021798,16.3054798525724,26.7578120276772,42.7066092464523,36.5498282828543,36.2504917886247
E745S_00769,8.19540900934202,6.34101994266704,16.8475112766856,24.2388863290675,22.7201635271797,12.7942912195146
E745S_00770,15.480217017646,9.96445990990535,16.8475112766856,33.4727477877599,13.8296647556746,22.3900096341505
E745S_00771,4.55300500519001,7.24687993447662,5.94618045059493,6.9253960940193,8.8904987715051,5.33095467479774
E745S_00772,15.480217017646,19.9289198198107,10.9013308260907,17.3134902350482,16.7931643461763,12.7942912195146
E745S_00773,2.73180300311401,2.71757997542873,2.97309022529747,4.6169307293462,3.9513327873356,2.1323818699191
E745S_00774,13.65901501557,2.71757997542873,4.95515037549578,5.77116341168275,6.9148323778373,11.728100284555
E745S_00775,84.6858930965342,70.6570793611471,64.4169548814451,105.035174092626,78.0388225498781,69.3024107723707
E745S_00776,1559.8595147781,1451.18770687894,1483.57202242344,727.166589872026,749.76539639693,713.281735487938
E745S_00777,251.325876286489,229.182577927823,247.757518774789,590.967133356314,581.833752935167,561.882622723682
E745S_00778,4.55300500519001,2.71757997542873,1.98206015019831,4.6169307293462,5.9269991810034,9.59571841463594
E745S_00779,39.1558430446341,44.3871395986693,26.7578120276772,34.6269804700965,44.4524938575255,55.4419286178965
E745S_00780,8.19540900934202,8.1527399262862,8.9192706758924,32.3185151054234,37.5376614796882,34.1181099187056
E745S_00781,23.6756260269881,24.4582197788586,17.8385413517848,70.4081936225295,57.2943254163662,72.5009835772493
E745S_00782,11.837813013494,8.1527399262862,5.94618045059493,28.8558170584137,26.6714963145153,29.8533461788674
E745S_00784,49.1724540560521,49.8222995495268,43.6053233043628,68.0997282578564,50.3794930385289,62.9052651626134
E745S_00801,9590.44974293224,8692.63248140471,8632.86298418874,9600.90745167542,9497.02835436112,9743.91895459532
E745S_00802,4567.57462120662,3839.03464528899,4025.56416505277,4447.25852504273,4346.46606606916,4433.2219075618
E745S_00803,21430.9945594294,20005.9179191145,19869.161975663,13022.053122121,12352.8541264079,12081.0094840266
E745S_00804,2108.04131740298,1962.99860225135,2209.99706747112,1138.07342478384,1018.45602593575,1147.22144601647
E745S_00805,21319.9012373027,20370.073635822,22532.0597874544,5459.52058745188,5657.32071826775,5443.97091390346
E745S_00806,198.511018226285,236.4294578623,227.936917272806,450.150746111254,416.865609063906,420.079228374062
E745S_00807,72230.6926043364,61704.465062093,65950.0784076235,25685.1398800352,27237.5247363011,24947.8016871185
E745S_00808,61940.901292607,55932.3251942824,58198.2411601979,22921.9068385215,22221.3077627786,21456.026375126
E745S_00809,4094.9727016679,4114.4160827991,4198.00339812002,8431.6697444685,7837.46858368017,7643.52281272501
E745S_00810,594.622453677816,644.06645417661,642.187488664253,1043.42634483224,1126.12984439065,1180.27336500022
E745S_00811,2890.24757729462,2801.82495466702,2696.5928343448,3126.81633644971,3077.1004081376,3226.29376918759
E745S_00813,1520.70367173346,1312.59112813208,1252.66201492533,26668.546125386,27706.7455047972,26569.478099192
E745S_00814,2747.28322013165,2476.62121760739,2643.07721028945,3057.56237550952,3086.97874010594,3024.78368248024
E745S_00816,7273.88079629156,7055.7434762048,7119.56005951233,8918.75593641452,9024.84408627451,8809.93569557075
E745S_00817,869.623955991292,794.439212817,872.106466087257,1196.939291583,1131.06901037482,1152.55240069127
E745S_00818,16311.5957315937,16270.1513128918,16058.6513369067,4725.42860148584,4665.53618864651,4324.47043219593
E745S_00819,1289.41101746981,1298.09736826312,1409.244766791,1090.74988480804,1092.54351569829,977.697087357906
E745S_00820,1384.11352157776,1317.12042809113,1271.49158635222,622.1314157794,576.894586950998,621.589315081417
E745S_00821,4614.9258732606,4806.49311654162,4739.10581912416,4102.1429530241,4052.09177341266,3950.23741402513
E745S_00822,433.446076494089,492.78783554441,476.685466122694,1045.73481019691,1172.55800464184,1068.32331682947
E745S_00824,14308.2735293101,14145.9096320984,13966.5868483724,2835.9497005009,2670.11313104203,2768.89785808995
E745S_00825,8157.16376729842,7933.52180826828,7725.07943539792,986.86894339775,909.794374284022,920.122776870091
E745S_00826,13404.0467352794,13067.0303818532,13201.5116303958,2395.03281584834,2340.17684329951,2322.1638563419
E745S_00827,7364.03029539432,7712.49197026674,7689.40235269435,1265.03901984086,1314.80598498592,1260.23768512219
E745S_00828,11174.8954847384,11575.0789753428,11002.4158937508,2146.87278914598,2154.46420229474,2055.61612260201
E745S_00829,12991.5444818092,10888.4371015511,10595.1025328851,1844.46382637381,1846.26024488256,1840.24555374018
E745S_00830,2236.43605854933,2299.97851920452,2397.30175166486,361.27482957134,334.875453726692,325.188235162662
E745S_00831,17814.0873833064,17638.9057605161,16960.4887052469,2306.15689930843,2195.95319656176,2216.6109537809
E745S_00832,12095.5130967878,12864.1177436878,12281.8357207038,960.32159170401,1004.62636118008,915.858013130253
E745S_00833,28206.7766081532,26667.6122988822,26537.8033510052,982.252012668404,999.687195195907,812.437492439176
E745S_00834,27377.2190962075,26620.5075793081,26295.0009826059,952.241962927654,997.711528802239,813.503683374136
E745S_00835,52265.7656565782,54470.2671675017,51847.7204389625,1452.02471437938,1496.56729320336,1335.93724150431
E745S_00836,17438.0091698777,14693.9549271432,14857.5228858865,437.454186605552,398.096778324062,317.724898617946
E745S_00837,22042.9184321269,18868.1577694017,18189.3659983699,589.812900673977,524.539427518801,465.925438577323
E745S_00838,41196.4998879603,35882.0201355692,36382.6961170402,1020.34169118551,1069.82335217111,904.129912845698
E745S_00839,35194.7286901188,36165.5543130056,33906.1119593674,807.962877635585,831.755551734144,704.752208008262
E745S_00840,35242.9905431738,32230.4985085848,30279.9329145796,618.668717732391,691.48323778373,651.442661260284
E745S_00841,21424.6203524221,23149.2520906938,24752.9581857516,482.469261216678,476.13560087394,375.299209105761
E745S_00842,38094.9928784248,33208.8272997391,33755.4753879523,1532.82100214294,1671.41376904296,1526.78541886207
E745S_00843,19559.7095022963,18945.1558687055,18969.3066674729,825.276367870633,958.198200928883,815.636065244055
E745S_00844,413.412854471253,415.789736240596,441.008383419124,539.026662651169,543.308258258645,545.889758699289
E745S_00845,5618.40817640447,5291.12821215974,5919.42263856725,6903.4656730549,7096.59368605474,6998.47729707448
E745S_00846,2917.56560732576,3224.8615708421,2944.35035311959,4996.67328183492,5247.36994158168,5255.25511841562
E745S_00847,2852.91293625206,2725.73271535502,2776.86627042783,3819.35594585164,3555.21167540521,3549.34962248034
E745S_00848,2373.93680970607,2510.13803730434,2412.16720279134,3242.23960468337,2988.19542042255,3006.65843658593
E745S_00849,153.891569175422,156.713778583057,181.358503743145,212.378813549925,183.736974611105,235.62819662606
E745S_00850,93422.1991004928,94331.7302470904,94712.7442772263,61172.0236984725,61108.3493893419,61065.0196088732
E745S_00851,20028.6690178309,22055.8790805796,24637.9986970401,10229.9642635488,10820.7248381185,10524.3707189857
E745S_00852,11417.1153510145,11375.7897771447,11070.7969689327,13625.716814983,12723.2915752206,12588.5163690674
E745S_00853,2177.24699348186,2169.53468038394,1883.94817276349,46530.5821230333,39403.6783885075,42198.771014764
E745S_00854,47.3512520539761,44.3871395986693,63.4259248063459,49.6320053404716,49.391659841695,53.3095467479774
E745S_00855,7795.65516988634,8007.80232759667,7639.85084893939,2259.98759201496,2134.70753835806,2169.69855264268
E745S_00856,9901.87528528724,9118.38667755521,9457.40000667124,5460.67482013422,5393.5692547131,5325.62372012295
E745S_00857,2900.26418830604,3043.68957248018,3160.39490949121,3766.26124246416,3717.21631968597,3808.43401967551
E745S_00858,694.788563791996,609.643774487846,685.792811968616,332.419012512926,401.060277914564,381.696354715519
E745S_00859,9754.35792311908,9722.5952920922,9629.83923973849,8610.57581023066,8513.14649031455,8224.59687227796
E745S_00860,1912.2621021798,1871.50674307859,1808.62988705596,1772.90140006894,1730.68376085299,1814.65697130115
E745S_00861,560.019615638371,577.938674774511,569.842293182014,634.827975285102,594.675584494008,554.419286178965
E745S_00862,3254.48797770982,3454.95000876173,3421.03581924228,1658.63236451762,1723.76892847516,1713.36883248
E745S_00863,446.194490508621,682.112573832612,567.860233031816,570.190945074256,580.845919738333,578.941677683035
E745S_00864,718.464189818984,786.286472890714,786.877879628729,3774.34087124052,3536.44284466536,3973.69361459424
E745S_00865,7215.60233222513,7057.55519618842,7015.50190162692,8949.92021883761,8533.89098744807,8399.45218561133
E745S_00866,8733.57420095548,9320.39345572874,8327.6257210582,19419.9648803125,16857.3735039705,17394.905103865
E745S_00867,9141.52344942051,9680.92573246896,9282.97871345379,18456.1805905614,19189.6476816954,18242.5268971579
E745S_00868,951.578046084712,882.307632022529,899.855308190033,385.513715900408,377.35228119055,392.358264065114
E745S_00869,281.375709320743,269.040417567445,241.811338324194,557.494385568554,550.223090636483,578.941677683035
E745S_00870,640.152503729716,721.970413472233,721.469894672185,328.956314465917,375.376614796882,376.365400040721
E745S_00871,579.142236660169,547.139435052985,525.245939802552,1026.11285459719,845.585216489819,932.917068089605
E745S_00874,20.033222022836,28.0816597460969,24.7757518774789,23.084653646731,25.6836631176814,24.5223915040696
E745S_00875,1747.44332099193,1702.1109246102,1605.46872166063,2799.01425466613,2892.37560032966,2908.56887056965
E745S_00876,4982.80867767995,4820.08101641876,4694.5094657447,6661.07680976423,6032.69733306463,6344.90225394428
E745S_00877,2966.73806138181,2777.36673488817,2548.92935315503,1256.9593910645,1210.09566612153,1189.86908341486
E745S_00878,4330.81836093674,4266.60056142311,4170.25455601725,1740.58288496352,1600.28977887092,1674.98595882145
E745S_00879,4812.52629048584,4830.95133632048,4498.28551087507,1368.91996125115,1527.19012230521,1559.83733784582
E745S_00880,18333.1299538981,18715.9732907777,19228.9565471489,4004.03317502549,3898.9776279034,3870.27309390316
E745S_00881,9767.10633713361,10158.3139481526,9922.19311189274,3573.50438451396,3495.94168359517,3499.23864853724
E745S_00882,792.222870903062,850.602532309194,934.541360818503,174.289135032819,155.089811902922,140.73720341466
E745S_00884,10489.2129309567,11566.0203754247,11078.7252095335,7178.173051451,7420.60297461626,7075.24304439157
E745S_00885,7047.1411470331,7403.59371305968,6792.52013472961,3069.10470233289,3322.08304095241,3063.16655613878
E745S_00886,6671.0629336044,6055.67404524703,5612.20331528652,2901.74096339409,2736.2979552299,2742.24308471596
E745S_00887,4308.05333591079,4526.58237907246,4527.02538305294,1628.62231477687,1696.10959896381,1590.75687495965
E745S_00888,1067.22437321654,1046.26829054006,996.97625554975,349.732502747975,402.048111111397,332.651571707379
E745S_00889,733.94440683663,765.451693079093,866.160285636662,322.030918371897,299.313458640672,297.467270853714
E745S_00890,3611.44357011672,3367.0815895562,3203.00920272047,1251.18822765282,1252.57249358539,1263.43625792707
E745S_00891,4310.7851389139,4454.11357972769,4414.04795449164,1612.46305722416,1705.98793093215,1565.16829252062
E745S_00892,3887.35567343123,4245.76578161149,3790.69003725427,1367.76572856881,1359.25847884345,1376.45249703278
E745S_00893,1449.6767936525,1426.72948710008,1370.59459386213,555.18592020388,594.675584494008,550.154522439127
E745S_00894,977.985475114814,899.518971866911,1001.93140592525,345.115572018628,394.145445536726,343.313481056975
E745S_00895,2398.5230367341,2291.82577927823,2305.13595468064,1214.25278181805,1368.14897761495,1273.0319763417
E745S_00896,415.234056473329,458.365155855646,456.864864620711,230.84653646731,234.116467649634,203.642468577274
E745S_00897,6494.40633940303,6733.25731912059,6623.05399188765,2111.09157599355,2002.33788998232,1964.98989313045
E745S_00899,19005.1534926641,18808.3710099423,18863.2664494373,4798.14526047304,4650.718690694,4617.67293930981
E745S_00900,6740.26860968329,6668.0353997103,7183.97701439378,1696.72204303473,1664.49893666512,1660.05928573202
E745S_00901,5017.41151571939,5042.01671441211,5071.10089428238,1146.15305356019,1166.63100546084,1205.86194743925
E745S_00902,2101.66711039571,2306.31953914718,2427.03265391783,273.553145713762,339.814619710862,297.467270853714
E745S_00903,6711.12937765008,6440.6645417661,6284.12170620374,2420.42593485974,2296.71218263882,2235.80239061017
E745S_00904,12406.9386391428,12766.2848645724,12495.8982169252,6501.79269960178,6782.46272946156,6535.75043130203
E745S_00905,6885.96476984937,7110.09507571338,6925.3181647929,3438.45916068058,3469.27018728066,3392.61955504128
E745S_00906,19442.2419731624,17901.6051581409,17648.2635773658,11381.8884805207,11369.9600955582,11107.5771604086
E745S_00907,3934.70692548521,3676.88570675508,3843.21463123452,2046.4545457827,1996.41089080131,2057.74850447193
E745S_00908,7317.58964434139,7717.02127022579,7190.91422491947,2774.77536833707,3093.89357248378,2942.68698048835
E745S_00909,3807.22278533989,3576.33524766421,3637.0803756139,1905.63815853764,1890.71273874009,1890.35652768328
E745S_00910,2083.45509037495,2011.91504180907,1955.30233817063,1316.979490546,1229.85233005821,1122.6990545124
E745S_00911,3299.10742676068,2684.96901572359,2676.77223284282,1941.41937169008,1711.91493011315,1749.61932426862
E745S_00912,3241.73956369529,2382.41177845919,2419.10441331704,1577.83607675406,1519.28745673054,1597.1540205694
E745S_00913,3512.18806100357,3377.04604946611,3112.82546588645,1911.40932194933,1871.94390800024,1780.53886138245
E745S_00914,8069.74607119878,7919.02804839933,7760.75651810149,5686.90442587218,5004.36297516054,5213.67367195219
E745S_00915,5196.79991292388,4801.05795659076,4760.90848077634,2139.94739305196,2352.03084166152,2331.75957475653
E745S_00916,319.620951364339,303.463097256209,301.273142830143,1090.74988480804,1015.49252634525,1019.27853382133
E745S_00917,3850.02103238867,4062.78206326596,4026.55519512787,8813.72076232189,8563.52598335308,8828.06094146506
E745S_00918,28.2286310321781,36.2343996723831,45.5873834545611,21.9304209643944,21.7323303303458,19.1914368292719
E745S_00926,5.46360600622801,6.34101994266704,3.96412030039662,24.2388863290675,32.5984954955187,37.3166827235842
E745S_00930,17.301419019722,15.3996198607628,12.883390976289,88.8759165399143,81.0023221403798,71.4347926422898
E745S_00934,21.8544240249121,18.1171998361916,16.8475112766856,423.603394417514,495.892264810618,458.462102032606
E745S_00935,24.5862270280261,28.0816597460969,38.6501729288671,365.891760300686,396.121111930394,361.438726951287
E745S_00936,83.7752920954962,71.5629393529566,77.3003458577341,1740.58288496352,1826.50358094588,1873.29747272393
E745S_00937,1.821202002076,0,0.991030075099155,21.9304209643944,33.5863286923526,27.7209643089483
E745S_00938,1.821202002076,4.52929995904789,5.94618045059493,301.254730089839,284.495960688163,250.554869715494
E745S_00939,7.28480800830402,4.52929995904789,5.94618045059493,367.045992983023,381.303613977886,408.351128089507
E745S_00940,3.64240400415201,4.52929995904789,5.94618045059493,241.234630608339,261.775797160984,221.767714471586
E745S_00941,8.19540900934202,2.71757997542873,5.94618045059493,364.73752761835,351.668618072869,369.968254430963
E745S_00942,3.64240400415201,3.62343996723831,2.97309022529747,248.160026702358,243.994799617973,207.907232317112
E745S_00943,6.37420700726602,4.52929995904789,4.95515037549578,255.085422796378,307.216124215343,304.930607398431
E745S_00944,2.73180300311401,4.52929995904789,1.98206015019831,102.726708727953,107.673818454895,77.8319382520471
E745S_00945,17.301419019722,13.5878998771437,16.8475112766856,953.39619560999,965.113033306721,931.850877154646
E745S_00946,5.46360600622801,1.81171998361916,0.991030075099155,280.478541807782,246.958299208475,240.959151300858
E745S_00947,64.6526710736982,44.3871395986693,54.5066541304535,730.629287919036,721.118233688747,673.832670894435
E745S_00948,12.748414014532,19.9289198198107,14.8654511264873,234.30923451432,224.238135681295,246.290105975656
E745S_00949,37.3346410425581,38.0461196560023,26.7578120276772,915.306517092884,885.098544363175,962.770414268473
E745S_00950,0.910601001038002,3.62343996723831,2.97309022529747,39.2439111994427,46.4281602511933,49.0447830081392
E745S_00951,4.55300500519001,1.81171998361916,1.98206015019831,88.8759165399143,79.026655746712,89.5600385366021
E745S_00952,58.2784640664321,40.763699631431,46.5784135296603,1076.89909262,942.392869779541,1034.20520691076
E745S_00953,23.6756260269881,21.7406398034299,20.8116315770823,458.23037488761,438.597939394252,496.84497569115
E745S_00954,13.65901501557,17.211339844382,12.883390976289,240.080397926002,232.140801255967,245.223915040696
E745S_00955,3.64240400415201,6.34101994266704,0.991030075099155,128.119827739357,106.685985258061,98.0895660162785
E745S_00956,365.151001416239,374.120176617356,444.972503719521,333.573245195263,378.340114387384,362.504917886247
E745S_00957,76.4904840871922,63.4101994266704,64.4169548814451,661.375326978843,717.166900901412,726.076026707453
E745S_00958,10.016611011418,18.1171998361916,22.7936917272806,31.1642824230868,31.6106622986848,41.5814464634224
E745S_00963,29.1392320332161,23.552359787049,22.7936917272806,240.080397926002,252.885298389478,218.569141666708
E745S_00964,11.837813013494,15.3996198607628,7.92824060079324,146.587550656742,136.320981163078,119.413384715469
E745S_00965,20.9438230238741,25.3640797706682,30.7219323280738,301.254730089839,306.228291018509,271.878688414685
E745S_00966,10.016611011418,9.05859991809578,6.93721052569409,92.338614586924,120.515650013736,91.6924204065212
E745S_00967,26.4074290301021,26.2699397624778,27.7488421027763,387.822181265081,409.950776686069,424.3439921139
E745S_00968,7.28480800830402,3.62343996723831,2.97309022529747,57.7116341168275,27.6593295113492,35.1843008536651
E745S_00969,19.122621021798,23.552359787049,19.8206015019831,320.876685689561,258.812297570482,255.885824390292
E745S_00970,13.65901501557,9.05859991809578,11.8923609011899,110.806337504309,117.552150423234,123.678148455308
E745S_00971,3.64240400415201,1.81171998361916,2.97309022529747,71.5624263048661,87.9171545182171,83.1628929268448
E745S_00972,227.650250259501,233.711877886871,204.152195470426,5609.57083615563,5304.66426699805,5180.62175296845
E745S_00973,112.003923127674,117.761798935245,112.977428561304,2515.07301481134,2670.11313104203,2675.07305581351
E745S_00974,75.5798830861542,64.31605941848,90.1837368340231,1536.28370018995,1740.56209282133,1673.91976788649
E745S_00976,23.6756260269881,21.7406398034299,21.8026616521814,587.504435309304,674.690073437554,651.442661260284
E745S_00977,0,1.81171998361916,1.98206015019831,38.0896785171061,34.5741618891865,42.647637398382
E745S_00978,3.64240400415201,10.8703199017149,7.92824060079324,129.274060421694,137.308814359912,165.25959491873
E745S_00979,51.9042570591661,34.422679688764,21.8026616521814,1465.87550656742,1286.15882227774,1299.68674971569
E745S_00980,63.7420700726602,52.5398795249555,77.3003458577341,2057.99687260607,1998.38655719498,1750.68551520358
E745S_00981,17.301419019722,19.9289198198107,12.883390976289,521.713172416121,527.502927109303,550.154522439127
E745S_00982,34.6028380394441,31.7050997133352,34.6860526284704,1105.75490967841,1091.55568250146,893.468003496102
E745S_00983,174.835392199296,173.925118427439,164.51099246646,6397.9117581915,6099.86999044934,6385.41750947274
E745S_00984,937.008430068104,902.236551842339,947.424751794792,4880.09578091893,4558.85020338845,4779.73396142366
E745S_00985,48.2618530550141,64.31605941848,65.4079849565443,2622.41665426864,2511.07198635177,2676.13924674847
E745S_00986,262.253088298945,205.630218140774,215.053526296517,3364.58826901104,3326.03437373974,3486.44435731773
E745S_00987,26.4074290301021,34.422679688764,24.7757518774789,1401.23847635657,1764.27008954535,1435.09299845555
E745S_00988,804.971284917594,799.874372767857,862.196165336265,705.236168907632,758.655895168436,758.061754756239
E745S_00989,401.575041457759,427.565916134121,376.591428537679,387.822181265081,392.169779143058,346.512053861853
E745S_00990,174.835392199296,177.548558394677,166.493052616658,467.464236346303,487.989599235947,438.204474268375
E745S_00991,963.415859098206,1093.37301011416,1098.06132320986,753.713941565767,740.874897625425,734.605554187129
E745S_00992,22740.438798922,24251.683700726,23614.2646294627,29698.4069165194,29623.141906655,29176.3149351681
E745S_00993,2694.46836207145,2968.50319315999,2951.28756364528,934.928472692605,850.524382473988,833.761311138367
E745S_00994,1470.62061667637,1539.05612608447,1632.22653368831,3626.59908790144,3041.53841305158,3143.13087626075
E745S_00995,171.192988195144,150.37275864039,158.564812015865,479.006563169668,466.257268905601,476.587347926918
E745S_00996,385.184223439075,451.11827592117,469.748255597,1094.21258285505,1072.78685176162,1018.21234288637
E745S_00997,5586.53714136814,5613.61436924395,5220.74643562235,2111.09157599355,2174.22086623141,2189.95618040691
E745S_00998,3831.80901236791,3569.08836772974,3412.11654856639,1948.3447677841,1895.65190472425,1944.73226536622
E745S_00999,4677.75734233222,4986.75925491173,4839.19985670918,2949.06450336988,2901.26609910117,2906.43648869973
E745S_01000,5207.72712493633,5039.29913443668,4942.26698451949,3933.62498140296,3845.63463527437,3599.46059642344
E745S_01001,3220.79574067141,3511.11332825392,3571.67239065736,3133.74173254373,3160.07839667165,3021.58510967536
E745S_01002,11754.0377213985,9929.13137022478,9586.23391643413,3027.55232576877,2799.51927982727,2803.01596800865
E745S_01003,4027.58822759108,3713.12010642746,3680.68569891826,605.972158226689,582.821586132001,622.655506016377
E745S_01005,164.818781187878,153.996198607628,124.869789462494,136.199456515713,116.5643172264,124.744339390267
E745S_01007,26.4074290301021,26.2699397624778,24.7757518774789,27.7015843760772,30.6228291018509,36.2504917886247
E745S_01008,25.4968280290641,36.2343996723831,26.7578120276772,33.4727477877599,45.4403270543594,35.1843008536651
E745S_01009,20.9438230238741,25.3640797706682,29.7309022529747,42.7066092464523,49.391659841695,56.5081195528561
E745S_01010,12425.1506591635,11523.4449558096,11000.4338336006,11757.0141022801,11504.3054103276,12036.2294647583
E745S_01011,5248.70416998305,4430.56121994065,4474.50078907269,3591.97210743134,3516.68618072869,3580.26915959417
E745S_01012,485.350333553255,490.070255568982,499.479157849974,317.413987642551,276.593295113492,316.658707682986
E745S_01013,33.6922370384061,31.7050997133352,24.7757518774789,31.1642824230868,19.756663936678,38.3828736585438
E745S_01014,295.034724336313,314.333417157923,290.371812004053,1876.78234147923,1850.2115776699,2147.30854300853
E745S_01015,60.0996660685081,66.1277794020992,62.4348947312468,467.464236346303,534.41775948714,516.036412520422
E745S_01016,3380.15091585306,3883.42178488766,3851.14287183532,6190.14987537092,6270.7651335016,6407.80751910689
E745S_01017,14546.8509915821,15318.9983214918,15508.6296452267,15463.2552452628,14782.9237906193,14679.3167925231
E745S_01018,8399.38363357453,8246.04350544259,8411.86327744163,8821.80039109825,8810.48428256156,8530.59367061135
E745S_01019,833.199915949772,871.437312120814,892.918097664339,844.898323470355,811.011054600632,761.260327561118
E745S_01020,413.412854471253,391.331516461738,386.501729288671,693.693842084266,736.92356483809,686.62696211395
E745S_01021,774.92145188334,844.261512366526,883.007796913347,536.718197286496,461.318102921431,460.594483902525
E745S_01022,2485.94073283375,2545.46657698491,2414.14926294154,435.145721240879,434.646606606916,450.998765487889
E745S_01023,46.4406510529381,48.9164395577172,54.5066541304535,31.1642824230868,21.7323303303458,18.1252458943123
E745S_01024,460.764106525229,400.390116379833,422.17881199224,266.627749619743,260.78796396415,260.15058813013
E745S_01025,114.735726130788,103.268039066292,109.013308260907,132.736758468703,136.320981163078,156.730067439054
E745S_01026,88310.9956816665,89365.8057719903,90132.203270118,10408.870329311,10455.22655529,10585.1436022784
E745S_01027,203847.140092367,198309.963546961,173421.343871676,27202.9558573078,23800.853044516,27469.3432482978
E745S_01028,41920.4276837855,46387.2784605849,43083.0504547856,7515.20899469328,7406.77330986058,7535.83752829409
E745S_01029,49564.0124864985,54390.5514882225,51938.8952058716,8325.48033769353,8473.6331624412,8580.70464455445
E745S_01030,1202.9039223712,1036.30383063016,1056.4380600557,1574.37337870705,1524.22662271471,1629.13974861819
E745S_01031,1338.58347152586,1339.76692788637,1383.47798483842,2006.05640190092,2113.96304122455,1902.08462796784
E745S_01032,1288.50041646877,1154.0656295654,1262.57231567632,1222.33241059441,1175.52150423234,1254.90673044739
E745S_01033,729.39140183144,613.267214455084,694.712082644508,1331.98451541638,1310.85465219859,1258.10530325227
E745S_01034,5009.21610671005,4816.45757645152,5026.50454090292,1576.68184407173,1654.62060469678,1669.65500414665
E745S_01035,99.2555091131423,73.3746593365758,102.076097735213,92.338614586924,150.150645918753,137.538630609782
E745S_01036,560.019615638371,493.69369553622,492.54194732428,347.424037383301,309.191790609011,358.240154146408
E745S_01037,1511.59766172308,1583.44326568314,1663.93949609148,3985.56545210811,4435.37105378421,4151.74750073248
E745S_01038,1308.53363849161,1202.07620913131,1479.60790212304,560.957083615563,643.079411138869,629.052651626134
E745S_01039,1032.62153517709,1120.54880986845,1109.95368411105,304.717428136849,299.313458640672,299.599652723633
E745S_01040,180.298998205524,178.454418386487,174.421293217451,170.826436985809,178.797808626936,157.796258374013
E745S_01041,129.305342147396,139.502438738675,141.717300739179,200.83648672656,231.152968059133,200.443895772395
E745S_01042,42.7982470487861,40.763699631431,48.5604736798586,133.89099115104,130.393981982075,132.207675934984
E745S_01043,301.408931343579,378.649476576404,313.165503731333,296.637799360493,324.997121758353,314.526325813067
E745S_01044,167.550584190992,182.983718345535,174.421293217451,273.553145713762,275.605461916658,246.290105975656
E745S_01045,718.464189818984,605.114474528798,648.133669114848,641.753371379122,637.152411957866,648.244088455406
E745S_01046,4513.84916214538,3962.23160417509,4055.29506730574,2461.97831142386,2492.30315561193,2293.37670109799
E745S_01047,1656.38322088813,1686.71130474943,1713.49099984644,988.023176080087,949.307702157378,937.181831829443
E745S_01048,1421.44816262032,1056.23275044997,971.209473597172,461.69307293462,418.841275457574,414.748273699265
E745S_01049,628.314690716222,572.503514823653,582.725684158303,252.776957431704,273.62979552299,283.60678869924
E745S_01050,1744.71151798881,1758.27424410239,1791.78237577927,530.947033874813,505.770596778957,542.69118589441
E745S_01051,5411.70174916885,4455.92529971131,4902.62578151552,2104.16617989953,1966.7758948963,2014.03467613859
E745S_01052,4502.01134913188,4378.9272004075,4285.21404472875,2253.06219592095,2382.65367076337,2246.46429995977
E745S_01053,1324.01385550926,1239.2164687955,1176.3526991427,1807.52838053904,1777.11192110419,1661.12547666698
E745S_01054,816.809097931088,762.734113103664,808.680541280911,1129.99379600748,1083.65301692679,987.292805772542
E745S_01055,891.478380016204,865.096292178147,851.294834510174,577.116341168275,613.444415233852,566.14738646352
E745S_01056,5897.96268372314,6268.55114332228,6764.77129262683,3328.80705585861,3047.46541223258,3215.631859838
E745S_01058,7967.75875908252,8592.08202231385,8628.89886388835,12427.6232907176,12487.1994411773,12414.727246669
E745S_01059,535.433388610345,572.503514823653,579.752593933006,371.662923712369,341.79028610453,348.644435731772
E745S_01060,4341.74557294919,5027.52295454316,4847.12809730997,11746.6260081391,12168.1293186,12118.3261667502
E745S_01061,5395.31093115016,5775.76330777787,5964.01899194672,27537.6833351854,25717.2494463738,25683.4734322406
E745S_01062,599.175458683005,683.924293816231,704.622383395499,195.065323314877,189.663973792109,197.245322967517
E745S_01063,10239.7082566723,9469.86035437733,8819.17663830738,5453.7494240402,5227.613277645,5279.77750991969
E745S_01064,1925.92111719537,1946.69312239878,1992.9614810244,1245.41706424114,1121.19067840648,1103.50761768313
E745S_01065,4164.17837774678,4205.90794197187,4143.49674398957,2735.53145713762,2617.75797160984,2841.3988416672
E745S_01066,804.060683916556,767.263413062712,822.554962332299,331.26477983059,363.522616434875,345.445862926894
E745S_01067,1528.89908074281,1508.25688636295,1495.46438332463,1286.96944080525,1263.43865875056,1163.21431004087
E745S_01068,444.373288506545,461.988595822885,442.990443569322,323.185151054234,331.911954136191,308.12918020331
E745S_01069,427.071869486823,417.601456224215,357.761857110795,264.31928425507,260.78796396415,300.665843658593
E745S_01070,14390.2276194035,14120.5455523277,14110.2862092618,19810.0955269422,19923.6077469429,19607.2512939061
E745S_01071,8177.19698932126,7593.82431133969,7171.09362341749,5826.5665804349,5936.87751297174,5677.4667286596
E745S_01072,17733.9544952151,17739.456219607,16582.9062466342,8162.73352948408,8644.52830549346,8057.20489548931
E745S_01073,7841.18521993824,7179.84629508271,7029.37632267831,2049.91724382971,2160.39120147574,1933.00416508166
E745S_01074,1650.9196148819,1914.08216269364,1735.29366149862,7934.19545838144,7137.09484712493,7149.87640983873
E745S_01075,1109.11201926429,1176.71212936064,1093.10617283437,3635.83294936013,3434.69602539147,3508.83436695188
E745S_01076,2781.8860581711,2620.65295630511,2697.5838644199,4201.40696370504,3974.05295086278,4101.63652678938
E745S_01077,28712.1601637293,28841.6762792251,27281.0759073295,45749.1665970915,44643.1456645145,46046.654099033
E745S_01078,1121.86043327882,1137.76014971283,1187.25402996879,696.00230744894,807.059721813297,726.076026707453
E745S_01079,1246.61277042103,1145.00702964731,1118.87295478695,783.723991306517,851.512215670822,779.38557345543
E745S_01080,599.175458683005,523.587075265936,523.263879652354,266.627749619743,227.201635271797,192.980559227678
E745S_01081,1028.97913117294,894.083811916053,927.604150292809,177.751833079829,175.834309036434,181.252458943123
E745S_01082,1074.50918122484,1182.1472893115,1150.58591719012,910.689586363538,905.843041496687,958.505650528635
E745S_01083,157.533973179574,153.996198607628,184.331593968443,894.530328810826,929.5510382207,984.094232967664
E745S_01084,2465.90751081091,2800.0132346834,2719.38652607208,14779.9494973195,13423.6653117759,13113.0823090675
E745S_01085,532.701585607231,416.695596232406,473.712375897396,1681.71701816435,1903.55457029893,1951.12941097597
E745S_01086,810.434890923822,756.393093160997,741.290496174168,525.17587046313,512.685429156794,543.75737682937
E745S_01087,8288.2903114479,7942.58040818638,7873.73394666279,1536.28370018995,1522.25095632104,1436.15918939051
E745S_01088,7010.71710699158,7752.34980990637,7640.84187901449,667.146490390526,681.604905815391,649.310279390365
E745S_01089,11.837813013494,16.3054798525724,22.7936917272806,5.77116341168275,7.9026655746712,5.33095467479774
E745S_01090,35.5134390404821,29.8933797297161,19.8206015019831,20.7761882820579,23.7079967240136,18.1252458943123
E745S_01091,15.480217017646,14.4937598689532,17.8385413517848,6.9253960940193,6.9148323778373,10.6619093495955
E745S_01092,14.569616016608,8.1527399262862,18.829571426884,13.8507921880386,5.9269991810034,11.728100284555
E745S_01093,4.55300500519001,6.34101994266704,4.95515037549578,1.15423268233655,0.9878331968339,5.33095467479774
E745S_01094,20.9438230238741,42.5754196150502,37.6591428537679,28.8558170584137,25.6836631176814,31.9857280487865
E745S_01095,41.8876460477481,32.6109597051448,44.596353379462,20.7761882820579,24.6958299208475,27.7209643089483
E745S_01096,546.360600622801,634.101994266704,644.169548814451,4428.79080212534,4449.20071853989,4430.02333475693
E745S_01097,840.484723958076,737.370033332996,955.352992395586,339.344408606946,358.583450450706,336.916335447217
E745S_01098,2604.31886296869,2412.30515818891,2626.22969901276,1246.57129692347,1239.73066202654,1301.81913158561
E745S_01099,1276.66260345528,1205.69964909855,1310.14175928108,1797.14028639801,1592.38711329625,1634.47070329299
E745S_01100,852.32253697157,698.418053685184,701.649293170202,992.640106809433,922.636205842863,992.62376044734
E745S_01101,893.29958201828,1055.32689045816,1002.92243600035,3620.82792448976,3703.38665493029,3825.49307463486
E745S_01102,1373.18630956531,1268.20398853341,1346.80987205975,5174.42511491475,4708.01301611037,4772.27062487894
E745S_01103,7033.48213201753,7543.09615179835,7182.98598431868,16970.6831283943,16169.8415989741,16003.5259337428
E745S_01104,3136.10984757488,2937.70395343846,2936.4221125188,4664.254269322,4401.78472509186,4389.50807922846
E745S_01105,4001.18079856098,3537.3832680164,3542.93251847948,7032.7397334766,6587.85958968528,6630.64142451343
E745S_01106,686.593154782654,612.361354463275,634.259248063459,1599.76649771846,1556.82511821023,1565.16829252062
E745S_01107,437.999081499279,430.283496109549,468.7572255219,227.3838384203,208.432804531953,215.370568861829
E745S_01108,218.544240249121,190.230598280011,172.439233067253,105.035174092626,104.710318864393,97.0233750813189
E745S_01109,38.2452420435961,20.8347798116203,30.7219323280738,25.3931190114041,17.7809975430102,21.323818699191
E745S_01110,161.176377183726,125.008678869722,127.842879687791,92.338614586924,74.0874897625425,78.8981291870066
E745S_01111,4.55300500519001,8.1527399262862,7.92824060079324,3.46269804700965,0,1.06619093495955
E745S_01112,29.1392320332161,43.4812796068597,36.6681127786687,27.7015843760772,25.6836631176814,18.1252458943123
E745S_01113,29.1392320332161,28.9875197379065,26.7578120276772,16.1592575527117,16.7931643461763,14.9266730894337
E745S_01114,36.4240400415201,40.763699631431,49.5515037549578,21.9304209643944,17.7809975430102,28.7871552439078
E745S_01115,20.9438230238741,35.3285396805735,24.7757518774789,25.3931190114041,14.8174979525085,9.59571841463594
E745S_01116,46.4406510529381,45.2929995904789,49.5515037549578,43.8608419287889,46.4281602511933,38.3828736585438
E745S_01117,4.55300500519001,4.52929995904789,7.92824060079324,8.07962877635585,6.9148323778373,7.46333654471684
E745S_01118,15.480217017646,19.9289198198107,12.883390976289,8.07962877635585,9.878331968339,14.9266730894337
E745S_01119,12.748414014532,15.3996198607628,10.9013308260907,10.3880941410289,9.878331968339,8.52952747967639
E745S_01120,6.37420700726602,19.9289198198107,14.8654511264873,32.3185151054234,15.8053311493424,19.1914368292719
E745S_01121,81.9540900934202,93.3035791563865,83.2465263083291,69.253960940193,66.1848241878713,63.9714560975729
E745S_01122,479.886727547027,548.951155036604,527.227999952751,352.040968112648,373.400948403214,415.814464634224
E745S_01123,68.2950750778502,67.9394993857183,63.4259248063459,185.831461856185,155.089811902922,199.377704837436
E745S_01124,156.623372178536,127.72625884515,140.72627066408,136.199456515713,128.418315588407,156.730067439054
E745S_01125,173.924791198258,174.830978419249,168.475112766856,128.119827739357,111.625151242231,121.545766585389
E745S_01126,143.874958164004,166.678238492962,139.735240588981,84.2589858105681,78.0388225498781,89.5600385366021
E745S_01127,272.269699310363,271.757997542873,264.605030051474,152.358714068425,136.320981163078,145.001967154499
E745S_01128,336.011769383023,303.463097256209,344.878466134506,145.433317974405,143.235813540916,134.340057804903
E745S_01129,6712.03997865112,8402.75728402564,8602.14105186067,4860.47382531921,5092.28012967876,4772.27062487894
E745S_01130,4666.83013031976,4421.50262002255,4314.94494698172,3627.75332058378,3629.29916516775,3530.15818565107
E745S_01131,1314.90784549888,1184.86486928693,1163.46930816641,593.275598720987,540.344758668144,553.353095244006
E745S_01132,296.855926338389,286.251757411827,313.165503731333,208.916115502916,187.688307398441,195.112941097597
E745S_01133,281.375709320743,282.628317444588,233.883097723401,139.662154562723,153.114145509255,143.935776219539
E745S_01134,168.46118519203,203.818498157155,177.394383442749,70.4081936225295,57.2943254163662,66.103837967492
E745S_01135,488.992737557407,471.95305573279,505.425338300569,476.698097804995,457.366770134096,470.190202317161
E745S_01136,497.188146566749,519.057775306888,526.236969877652,555.18592020388,493.91659841695,535.227849349694
E745S_01137,285.018113324895,347.850236854878,319.111684181928,252.776957431704,241.031300027472,264.415351869968
E745S_01138,258.610684294793,248.205637755824,263.613999976375,168.517971621136,185.712641004773,165.25959491873
E745S_01139,56.4572620643561,59.7867594594321,66.3990150316434,21.9304209643944,25.6836631176814,29.8533461788674
E745S_01140,102.897913117294,116.855938943436,91.1747669091223,103.880941410289,84.9536549277154,91.6924204065212
E745S_01141,20.033222022836,18.1171998361916,16.8475112766856,18.4677229173848,15.8053311493424,28.7871552439078
E745S_01142,14.569616016608,17.211339844382,17.8385413517848,13.8507921880386,9.878331968339,14.9266730894337
E745S_01143,2776.42245216487,2526.44351715691,2690.64665389421,1258.11362374684,1217.01049849937,1164.28050097583
E745S_01144,1378.64991557154,1380.5306275178,1492.49129309933,497.474286087053,549.235257439649,553.353095244006
E745S_01145,82.8646910944582,94.2094391481961,82.2554962332299,214.687278914598,225.225968878129,242.025342235818
E745S_01146,3607.80116611257,3893.38624479757,3919.52394701716,2303.84843394375,2566.39064537447,2582.31444447203
E745S_01147,152.980968174384,177.548558394677,193.250864644335,125.811362374684,116.5643172264,117.28100284555
E745S_01148,17.301419019722,16.3054798525724,28.7398721778755,24.2388863290675,18.7688307398441,22.3900096341505
E745S_01149,9.10601001038002,1.81171998361916,7.92824060079324,16.1592575527117,15.8053311493424,13.8604821544741
E745S_01150,61.9208680705842,56.1633194921938,61.4438646561476,856.44065029372,801.132722632293,1195.20003808965
E745S_01151,7.28480800830402,5.43515995085747,8.9192706758924,443.225350017235,392.169779143058,526.698321870017
E745S_01152,244.951669279223,250.923217731253,257.66781952578,266.627749619743,243.994799617973,240.959151300858
E745S_01153,771.279047879188,728.311433414901,790.841999929126,132.736758468703,149.162812721919,142.86958528458
E745S_01154,1120.94983227778,1060.76205040902,1047.51878937981,1006.49089899747,1032.28569069143,995.822333252219
E745S_01155,1589.90934781235,1434.88222702637,1414.19991716649,1255.80515838217,1334.5626489226,1200.53099276445
E745S_01156,125.662938143244,134.067278787818,110.995368411105,99.2640106809433,52.3551594321967,61.8390742276538
E745S_01157,1379.56051657257,1386.87164746046,1324.01618033247,1170.39193988926,1132.05684357165,1090.71332646362
E745S_01158,41800.2283516485,43118.9356101359,38357.8190567128,1954.11593119578,1995.42305760448,1975.65180248004
E745S_01159,32125.0927156197,29226.6667757442,29511.8846063777,1812.14531126838,1696.10959896381,1588.62449308973
E745S_01160,1024.42612616775,922.16547166215,949.406811944991,500.936984134063,488.977432432781,477.653538861878
E745S_01161,21380.0009033713,21126.466728983,20514.3225545525,7201.25770509773,7312.92915616136,7110.42734524523
E745S_01162,7661.79682273375,7521.35551199492,7500.11560835041,40347.3576437564,41415.8946104581,42076.1590572436
E745S_01163,1195.6191143629,1224.72270892655,1325.99824048267,417.832231005831,434.646606606916,475.521156991959
E745S_01164,5352.51268410138,4430.56121994065,4508.19581162606,2181.49976961608,2102.10904286254,2114.25662402479
E745S_01165,4338.10316894504,4763.91769692657,3787.71694702897,2217.28098276851,2167.30603385358,2140.91139739877
E745S_01166,5707.6470745062,5965.08804606607,5784.64254835377,1647.09003769426,1818.60091537121,1718.69978715479
E745S_01167,5013.76911171524,4752.14151703304,4605.31675898577,1029.5755526442,1073.77468495845,1044.86711626036
E745S_01168,429.803672489937,441.153816011264,487.586796948784,616.360252367718,536.393425880808,470.190202317161
E745S_01169,1378.64991557154,1580.72568570771,1517.26704497681,363.583294936013,410.938609882903,410.483509959426
E745S_01170,89.2388981017242,73.3746593365758,86.2196165336265,87.7216838575778,85.9414881245493,86.3614657317235
E745S_01172,7660.88622173271,7533.13169188845,7747.8731271252,3842.44059949837,4350.4173988565,4232.77801178941
E745S_01200,35014.4296919133,37512.5681208264,35833.6654554353,16851.7971621136,17068.769808093,17171.0050075235
E745S_01201,2894.80058229981,2870.67031404455,2910.65533056622,1705.95590449342,1572.63044935957,1510.79255483768
E745S_01202,3319.14064878352,3080.82983214437,2820.4715937322,1074.59062725533,1126.12984439065,1101.37523581321
E745S_01203,30605.2996448873,23703.6384056812,23858.0580279371,31844.1254729831,30692.9652588261,31292.7039410628
E745S_01204,5997.21819283628,5648.94290892453,5223.71952584765,4458.80085186609,4289.1717406528,4282.88898573251
E745S_01205,2495.04674284413,2075.32524123574,2332.88479678341,2352.32620660189,2208.7950281206,2264.58954585408
E745S_01206,7426.86176446595,8289.52478504945,8174.01605941783,8230.83325774194,8670.21196861114,8638.27895504227
E745S_01207,3431.14457191119,3399.69254926135,3644.01758613959,3834.36097072202,3602.62766885323,3703.94730804947
E745S_01208,1002.57170214284,974.705351187106,878.052646537852,485.931959263687,372.41311520638,448.86638361797
E745S_01209,2312.92654263653,2068.98422129308,2302.16286445534,1036.50094873822,1044.13968905343,977.697087357906
E745S_01210,9993.84598639207,9603.02177317333,9196.75909692016,5594.56581128526,5427.15558340545,5424.77947707418
E745S_01211,706.62637680549,671.242253930897,676.873541292723,304.717428136849,279.556794703994,286.805361504119
E745S_01212,69179.2686498581,77600.4961983675,77333.0498502124,21503.3548719299,21900.2619738076,21589.3002419959
E745S_01213,4062.19106563053,4128.00398267625,4251.51902217538,3751.25621759379,3792.29164264534,3985.42171487879
E745S_01214,2173.60458947771,1756.46252411877,1753.13220285041,1790.21489030399,1545.95895304505,1654.72833105722
E745S_01215,315.978547360187,305.274817239828,310.192413506036,141.970619927396,131.381815178909,154.597685569135
E745S_01216,2302.90993162511,2429.51649803329,2363.60672911149,3803.19668829893,3781.42547748017,3645.3068066267
E745S_01217,63484.3699893664,65599.6630268742,65752.8634226788,260863.511604154,262920.695836114,258656.854630252
E745S_01218,1101.82721125598,988.293251064249,1304.19557883049,978.789314621394,1154.77700709883,1097.11047207338
E745S_01219,5203.17411993115,4859.03299606657,4790.63938302932,6208.6175982883,5947.74367813691,5786.21820402547
E745S_01220,3340.99507280843,2958.53873325008,2922.54769146741,5291.00261583074,4739.62367840905,4937.53021979767
E745S_01221,1022.60492416568,1073.44409029435,1116.89089463675,1845.61805905614,1804.77125061554,1812.52458943123
E745S_01222,3662.43722617485,3620.72238726288,3510.22852600121,6706.09188437535,6353.74312203565,6038.90545561088
E745S_01223,18159.2051626998,18167.0221357411,18192.3390885952,15138.9158615262,14568.5639869064,14766.7444491898
E745S_01224,6712.95057965215,6697.02291944821,6321.78084905751,4530.36327817096,4474.88438165757,4408.69951605773
E745S_01225,6603.67845952759,6052.05060527979,6027.44491675306,4693.11008638041,4631.94985995416,4635.79818520412
E745S_01226,3942.90233449455,3695.00290659127,3551.85178915537,2510.456084082,2380.6780043697,2439.44485918745
E745S_01227,1975.09357125143,1783.63832387306,1713.49099984644,1757.89637519857,1601.27761206775,1596.08782963444
E745S_01228,4973.70266766957,4464.0780396376,4530.98950335334,4569.6071893704,4418.57788943804,4473.73716309027
E745S_01229,5047.46134875365,4954.14829520658,4376.38881163787,10902.881917351,10424.6037261882,10467.8625994329
E745S_01230,10369.0135988197,9406.45015495065,9131.35111196362,18940.9583171428,17998.3208463137,16786.1100800031
E745S_01231,885.104173008938,759.110673136426,792.824060079324,635.982207967439,596.651250887676,575.743104878156
E745S_01232,1873.10625913517,1808.09654365192,1690.69730811916,1401.23847635657,1342.46531449727,1323.1429502848
E745S_01233,526.327378599965,375.026036609165,377.582458612778,387.822181265081,345.741618891865,341.181099187056
E745S_01234,763.994239870884,736.464173341187,710.568563846094,689.07691135492,625.298413595859,678.097434634273
E745S_01235,2970.38046538596,2844.40037428207,2849.21146591007,7605.23914391553,7183.52300737612,7755.47286089576
E745S_01236,784.938062894758,617.796514414132,590.653924759097,1755.58790983389,1765.25792274218,1712.30264154504
E745S_01237,8578.77203077902,8338.44122460716,8945.03745784498,6222.46839047634,6348.80395605148,5799.01249524499
E745S_01238,12457.0216941999,13213.7797005263,12689.1490815696,8364.72424889298,8575.37998171509,8219.26591760316
E745S_01239,3642.40400415201,3810.04712555108,3609.33153351112,2269.22145347366,2274.97985230847,2098.26376000039
E745S_01240,628.314690716222,555.292174979271,675.882511217624,278.170076443108,272.641962326156,327.320617032582
E745S_01241,814.077294927974,796.250932800619,859.223075110968,415.523765641158,452.427604149926,425.41018304886
E745S_01242,1564.41251978329,1772.76800397134,1788.80928555398,509.016612910418,528.490760306137,534.161658414734
E745S_01243,4073.11827764298,3872.55146498594,3774.83355605268,3923.23688726193,3759.69314714983,3918.25168597634
E745S_01244,4956.40124864985,4962.30103513287,4790.63938302932,5481.45100841627,5457.7784125073,5529.26618870022
E745S_01245,1329.47746151548,1793.60278378296,1559.88133820607,1422.01466463863,1459.02963172367,1461.74777182954
E745S_01246,20360.1277822087,19147.162646879,20047.5473891808,31639.8262882095,30187.1946620472,31683.9960141929
E745S_01247,14700.7425607575,13431.1860985606,13572.1568784829,15795.6742577757,16058.2164477319,16233.8231756941
E745S_01248,3079.65258551052,2920.49261359408,3005.79421777574,1448.56201633237,1432.35813540916,1394.57774292709
E745S_01249,3797.20617432847,3942.30268435528,4051.33094700535,2946.75603800521,2851.87443925947,2788.08929491922
E745S_01250,6941.51143091269,6702.45807939907,6781.61880390352,6266.32923240513,5689.91921376327,6011.18449130194
E745S_01251,2611.60367097699,2582.60683664911,2601.45394713528,2205.73865594515,2358.94567403935,2219.80952658578
E745S_01252,1589.90934781235,1470.21076670694,1465.73348107165,1181.93426671263,1194.29033497219,1139.75810947176
E745S_01253,2202.74382151093,2148.69990057232,2001.88075170029,2476.98333629424,2248.30835599396,2399.99579459394
E745S_01254,1095.45300424872,980.140511137963,997.967285624849,1501.65671971985,1480.76196205402,1443.62252593523
E745S_01255,3123.36143356035,2934.98637346303,3036.51615010381,6217.85145974699,6401.15911548367,5830.99822329377
E745S_01256,78.3116860892682,93.3035791563865,87.2106466087257,12.696559505702,9.878331968339,8.52952747967639
E745S_01257,2831.05851222715,2432.23407800872,2415.14029301664,1198.09352426534,1064.88418618694,1165.34669191079
E745S_01258,3469.38981395479,4459.54873967855,3931.41630791835,1917.18048536101,1817.61308217438,1885.02557300848
E745S_01259,1597.19415582066,1783.63832387306,1696.64348856975,570.190945074256,611.468748840184,576.809295813116
E745S_01260,5734.96510453734,6074.69710507503,5778.69636790317,1952.96169851344,1979.61772645514,1892.4889095532
E745S_01261,2122.61093341958,1966.62204221859,2011.79105245129,993.794339491769,895.964709528348,880.673712276587
E745S_01262,17203.0741116099,18656.1865313183,18233.9623517494,13677.6572856881,13386.1276502962,12799.6221741894
E745S_01263,3554.07570705132,3504.77230831126,3401.2152177403,4386.08419287889,4161.74125826122,4406.56713418782
E745S_01264,6114.68572197019,5308.33955200413,5051.2802927804,5077.46956959848,4902.61615588665,4875.69114557002
E745S_01265,1984.19958126181,1876.94190302945,1768.98868405199,1701.33897376407,1817.61308217438,1729.36169650439
E745S_01266,1570.78672679055,1527.27994619095,1586.63915023375,1417.39773390928,1376.05164318962,1359.39344207342
E745S_01267,4508.38555613915,4367.15102051397,4411.07486426634,3890.91837215651,3814.02397297569,3526.95961284619
E745S_01268,1920.45751118915,2071.7018012685,1949.35615772004,1373.53689198049,1378.02730958329,1317.81199561
E745S_01269,535.433388610345,377.743616584594,404.340270640455,896.838794175499,909.794374284022,937.181831829443
E745S_01270,27.3180300311401,26.2699397624778,29.7309022529747,6.9253960940193,3.9513327873356,5.33095467479774
E745S_01271,4.55300500519001,1.81171998361916,1.98206015019831,1.15423268233655,0,1.06619093495955
E745S_01272,862.339147982988,808.027112694143,816.608781881704,1760.20484056324,1756.36742397067,1813.59078036619
E745S_01273,345.117779393403,356.002976781164,435.062202968529,65.7912628931833,69.148323778373,61.8390742276538
E745S_01274,266.806093304135,286.251757411827,280.461511253061,490.548889993034,473.172101283438,510.705457845624
E745S_01275,343.296577391327,387.708076494499,411.277481166149,137.353689198049,108.661651651729,138.604821544741
E745S_01276,434.356677495127,472.8589157246,463.802075146405,106.189406774963,109.649484848563,113.016239105712
E745S_01277,617.387478703766,625.043394348609,622.36688716227,101.572476045616,94.8319868960544,90.6262294715617
E745S_01278,15764.3245299699,15382.4085209184,15531.423336954,5840.41737262294,5605.95339203238,5738.23961195229
E745S_01279,468.048914533533,385.89635651088,443.981473644422,2009.51909994793,1923.3112342356,2006.57133959387
E745S_01280,68.2950750778502,72.4687993447662,72.3451954822383,70.4081936225295,71.1239901720408,60.7728832926943
E745S_01281,302.319532344617,335.168196969544,353.797736810398,242.388863290675,213.371970516122,239.892960365899
E745S_01282,1094.54240324768,1208.41722907398,1134.72943598853,226.229605737964,189.663973792109,196.179132032557
E745S_01283,1488.83263669713,1562.60848587152,1541.05176677919,242.388863290675,287.459460278665,255.885824390292
E745S_01284,7.28480800830402,7.24687993447662,14.8654511264873,15.0050248703751,13.8296647556746,14.9266730894337
E745S_01285,122.93113514013,125.008678869722,125.860819537593,169.672204303473,162.00464428076,182.318649878083
E745S_01286,350.581385399631,347.850236854878,356.770827035696,422.449161735177,390.194112749391,454.197338292768
E745S_01287,194.868614222132,184.795438329154,173.430263142352,1463.56704120275,1387.90564155163,1258.10530325227
E745S_01288,188.494407214866,200.195058189917,177.394383442749,283.941239854791,247.946132405309,252.687251585413
E745S_01289,69.2056760788882,66.1277794020992,93.1568270593206,115.423268233655,140.272313950414,150.332921829296
E745S_01290,3.64240400415201,1.81171998361916,6.93721052569409,3.46269804700965,3.9513327873356,2.1323818699191
E745S_01291,486.260934554293,439.342096027645,591.644954834196,161.592575527117,136.320981163078,127.942912195146
E745S_01292,493.545742562597,449.306555937551,412.268511241249,79.6420550812219,104.710318864393,139.671012479701
E745S_01293,947.025041079522,992.822551023297,933.550330743404,1031.88401800888,974.99136527506,1037.40377971564
E745S_01294,3214.42153366415,3302.76553013772,3168.323150092,788.340922035864,673.70224024072,710.08316268306
E745S_01295,570.036226649789,505.469875429744,568.851263106915,455.921909522937,454.403270543594,457.395911097646
E745S_01296,2766.40584115345,2642.39359610854,2569.74098473211,1140.38189014851,1056.98152061227,1017.14615195141
E745S_01297,27.3180300311401,24.4582197788586,37.6591428537679,69.253960940193,82.9779885340476,72.5009835772493
E745S_01298,773.100249881264,770.886853029951,751.20079692516,2370.79392951927,2535.76781627262,2408.52532207362
E745S_01299,1245.70216941999,1163.1242294835,1081.21381193318,996.102804856443,1040.1883562661,972.366132683109
E745S_01300,583.69524166536,502.752295454316,485.604736798586,467.464236346303,452.427604149926,462.726865772444
E745S_01301,78.3116860892682,77.9039592956237,66.3990150316434,198.528021361887,211.396304122455,229.231051016303
E745S_01302,296.855926338389,268.134557575635,271.542240577169,769.873199118479,882.135044772673,798.577010284702
E745S_01303,5.46360600622801,6.34101994266704,3.96412030039662,1.15423268233655,1.9756663936678,1.06619093495955
E745S_01304,117.467529133902,135.878998771437,135.771120288584,80.7962877635585,87.9171545182171,104.486711626036
E745S_01305,3.64240400415201,5.43515995085747,4.95515037549578,8.07962877635585,13.8296647556746,12.7942912195146
E745S_01306,6.37420700726602,5.43515995085747,4.95515037549578,15.0050248703751,8.8904987715051,10.6619093495955
E745S_01307,5.46360600622801,3.62343996723831,9.91030075099155,5.77116341168275,7.9026655746712,8.52952747967639
E745S_01308,98.3449081121042,121.385238902483,109.013308260907,128.119827739357,98.78331968339,104.486711626036
E745S_01310,58.2784640664321,47.104719574098,46.5784135296603,48.4777726581351,35.5619950860204,42.647637398382
E745S_01311,1309.44423949265,1202.07620913131,1206.08360139567,2908.66635948811,2925.96192902201,2894.70838841518
E745S_01312,99.2555091131423,109.609059008959,98.1119774348164,211.224580867589,238.06780043697,242.025342235818
E745S_01313,5.46360600622801,3.62343996723831,2.97309022529747,9.2338614586924,5.9269991810034,8.52952747967639
E745S_01314,7.28480800830402,6.34101994266704,3.96412030039662,13.8507921880386,13.8296647556746,15.9928640243932
E745S_01315,1.821202002076,0,3.96412030039662,4.6169307293462,7.9026655746712,9.59571841463594
E745S_01316,6.37420700726602,14.4937598689532,7.92824060079324,10.3880941410289,8.8904987715051,21.323818699191
E745S_01317,4.55300500519001,3.62343996723831,6.93721052569409,2.3084653646731,0,3.19857280487865
E745S_01319,30.0498330342541,20.8347798116203,22.7936917272806,8.07962877635585,14.8174979525085,10.6619093495955
E745S_01320,16.390818018684,20.8347798116203,16.8475112766856,15.0050248703751,20.7444971335119,14.9266730894337
E745S_01321,39.1558430446341,33.5168196969544,40.6322330790654,41.5523765641158,20.7444971335119,36.2504917886247
E745S_01322,38.2452420435961,33.5168196969544,52.5245939802552,12.696559505702,11.8539983620068,12.7942912195146
E745S_01323,110.182721125598,120.479378910674,134.780090213485,48.4777726581351,43.4646606606916,57.5743104878156
E745S_01324,850.501334969494,915.824451719483,908.774578865925,395.901810041437,390.194112749391,342.247290122015
E745S_01325,605.549665690271,638.631294225752,608.492466110881,280.478541807782,270.666295932489,227.098669146384
E745S_01326,117.467529133902,139.502438738675,135.771120288584,47.3235399757985,48.4038266448611,57.5743104878156
E745S_01327,181.209599206562,212.877098075251,200.188075170029,48.4777726581351,57.2943254163662,66.103837967492
E745S_01328,111.093322126636,89.6801391891482,97.1209473597172,43.8608419287889,47.4159934480272,42.647637398382
E745S_01329,2318.39014864275,2386.94107841824,2492.44063887438,1201.55622231235,1237.75499563288,1137.62572760184
E745S_01330,77.4010850882302,106.89147903353,85.2285864585274,62.3285648461737,71.1239901720408,45.8462102032606
E745S_01331,198.511018226285,199.289198198107,183.340563893344,115.423268233655,109.649484848563,104.486711626036
E745S_01332,10.016611011418,15.3996198607628,9.91030075099155,16.1592575527117,24.6958299208475,17.0590549593528
E745S_01333,6.37420700726602,7.24687993447662,4.95515037549578,23.084653646731,32.5984954955187,26.6547733739887
E745S_01334,109.27212012456,114.138358968007,120.905669162097,32.3185151054234,40.5011610701899,49.0447830081392
E745S_01335,23.6756260269881,24.4582197788586,49.5515037549578,4.6169307293462,6.9148323778373,8.52952747967639
E745S_01336,137.500751156738,163.960658517534,144.690390964477,55.4031687521544,47.4159934480272,40.5152555284629
E745S_01337,971.611268107548,899.518971866911,883.007796913347,354.349433477321,319.07012257735,345.445862926894
E745S_01338,20.9438230238741,24.4582197788586,31.712962403173,8.07962877635585,7.9026655746712,14.9266730894337
E745S_01339,33.6922370384061,30.7992397215256,39.6412030039662,68.0997282578564,54.3308258258645,73.5671745122089
E745S_01340,774.92145188334,723.782133455853,745.254616474565,1095.36681553739,1067.84768577745,1087.51475365874
E745S_01341,482.618530550141,521.775355282317,456.864864620711,732.937753283709,731.98439885392,727.142217642412
E745S_01342,31.8710350363301,31.7050997133352,39.6412030039662,39.2439111994427,46.4281602511933,54.375737682937
E745S_01343,203.064023231475,212.877098075251,211.08940599612,308.180126183859,290.422959869167,275.077261219564
E745S_01344,20.9438230238741,12.6820398853341,14.8654511264873,24.2388863290675,20.7444971335119,18.1252458943123
E745S_01345,88.3282971006862,85.1508392301003,89.192706758924,93.4928472692605,123.479149604238,84.2290838618044
E745S_01346,284.107512323857,269.946277559254,304.246233055441,349.732502747975,379.327947584218,350.776817601692
E745S_01347,115.646327131826,98.738739107244,147.663481189774,170.826436985809,202.50580535095,203.642468577274
E745S_01348,48.2618530550141,42.5754196150502,50.5425338300569,76.1793570342123,77.0509893530442,52.2433558130179
E745S_01349,20.033222022836,10.8703199017149,11.8923609011899,28.8558170584137,34.5741618891865,23.4562005691101
E745S_01350,16.390818018684,21.7406398034299,21.8026616521814,19.6219555997213,31.6106622986848,28.7871552439078
E745S_01351,24.5862270280261,33.5168196969544,24.7757518774789,17.3134902350482,19.756663936678,13.8604821544741
E745S_01352,175.745993200334,218.312258026108,195.232924794534,228.538071102637,253.873131586312,262.282970000049
E745S_01353,9.10601001038002,16.3054798525724,11.8923609011899,24.2388863290675,22.7201635271797,21.323818699191
E745S_01354,38.2452420435961,39.8578396396214,26.7578120276772,71.5624263048661,57.2943254163662,58.6405014227752
E745S_01355,481.707929549103,491.881975552601,502.452248075272,880.679536622788,826.816385749975,826.29797459365
E745S_01356,271.359098309325,221.029838001537,235.865157873599,476.698097804995,492.928765220116,510.705457845624
E745S_01357,64.6526710736982,66.1277794020992,73.3362255573375,110.806337504309,160.028977887092,131.141485000025
E745S_01359,383.363021436999,404.013556347072,395.420999964563,589.812900673977,594.675584494008,549.088331504168
E745S_01360,197.600417225247,195.665758230869,227.936917272806,399.364508088446,398.096778324062,348.644435731772
E745S_01361,32618.6384581823,30733.1119421235,35214.2716584983,4004.03317502549,4253.60974556678,4040.86364349669
E745S_01362,52615.4364409768,53755.543633964,58652.1329345933,3425.76260117488,3348.75453726692,3451.26005646406
E745S_01363,17510.8572499608,21021.3869699331,20078.2693215089,18321.1353667281,18766.8550734504,18623.1570609384
E745S_01364,1038.99574218436,1038.11555061378,1039.59054877901,958.013126339336,910.782207480856,975.564705487987
E745S_01365,111.093322126636,73.3746593365758,112.977428561304,65.7912628931833,62.2334914005357,49.0447830081392
E745S_01366,166.639983189954,142.220018714104,142.708330814278,1940.26513900774,1644.74227272844,1567.30067439054
E745S_01367,38.2452420435961,48.9164395577172,61.4438646561476,23.084653646731,21.7323303303458,19.1914368292719
E745S_01368,131.126544149472,108.703199017149,139.735240588981,50.7862380228082,30.6228291018509,35.1843008536651
E745S_01369,61.9208680705842,76.9980993038141,76.309315782635,49.6320053404716,42.4768274638577,49.0447830081392
E745S_01370,14.569616016608,19.0230598280011,14.8654511264873,12.696559505702,10.8661651651729,11.728100284555
E745S_01371,5.46360600622801,8.1527399262862,6.93721052569409,4.6169307293462,3.9513327873356,4.2647637398382
E745S_01372,11.837813013494,16.3054798525724,4.95515037549578,4.6169307293462,5.9269991810034,4.2647637398382
E745S_01373,18.21202002076,18.1171998361916,16.8475112766856,8.07962877635585,8.8904987715051,6.39714560975729
E745S_01374,25.4968280290641,29.8933797297161,34.6860526284704,16.1592575527117,15.8053311493424,10.6619093495955
E745S_01375,14.569616016608,17.211339844382,13.8744210513882,8.07962877635585,11.8539983620068,17.0590549593528
E745S_01376,30.9604340352921,37.1402596641927,28.7398721778755,11.5423268233655,15.8053311493424,17.0590549593528
E745S_01377,1240.23856341376,1325.27316801741,1217.97596229686,1412.78080317994,1336.53831531627,1321.01056841488
E745S_01378,67648.5483671132,61765.1576815442,64225.686076951,31410.1339844245,30293.8806473052,30404.5668922415
E745S_01379,68170.322740708,63732.6855837547,65804.3969865839,33486.598579948,31872.4380958458,31987.8604306564
E745S_01380,473.512520539761,457.459295863837,477.676496197793,393.593344676763,442.549272181587,387.027309390316
E745S_01381,202.153422230437,202.912638165345,193.250864644335,150.050248703751,181.761308217438,153.531494634175
E745S_01382,339.654173387175,359.626416748402,292.353872154251,386.667948582744,395.13327873356,373.166827235842
E745S_01383,1828.48681008431,2000.13886191555,1900.79568404018,2627.03358499799,2614.79447201933,2485.29106939071
E745S_01384,1649.09841287982,1583.44326568314,1406.2716765657,2962.91529555792,2624.67280398767,2627.09446374033
E745S_01385,10604.8592580886,10671.9365635086,10186.7981419442,2852.10895805361,2761.98161834759,2692.13211077286
E745S_01386,1793.88397204486,1952.12828234964,2047.46813515485,1244.2628315588,1254.54815997905,1280.49531288642
E745S_01387,803.150082915518,694.794613717946,787.868909703828,415.523765641158,403.035944308231,401.95398247975
E745S_01388,769.457845877112,827.050172522145,787.868909703828,385.513715900408,400.07244471773,400.88779154479
E745S_01389,6466.17770837085,6066.54436514874,6088.88878140921,3022.93539503942,3051.41674501992,3822.29450182998
E745S_01390,7710.9692767898,6793.94993857183,7036.313533204,7287.82515627298,7179.57167458879,8457.02649609914
E745S_01391,1464.24640966911,1464.77560675609,1405.2806464906,1213.09854913571,1158.72833988617,1247.44339390267
E745S_01392,246.772871281299,252.734937714872,268.569150351871,72.7166589872026,57.2943254163662,85.2952747967639
E745S_01393,7394.08012842858,7184.37559504176,7257.31323995111,4216.41198857542,3972.07728446911,4124.02653642354
E745S_01394,5921.63830975013,5714.16482833482,5613.19434536162,2466.59524215321,2223.61252607311,2583.38063540699
E745S_01395,4151.42996373225,4951.43071523115,4634.05663116365,1112.68030577243,1036.23702347876,1123.76524544736
E745S_01396,9055.0163543219,9658.27923267372,9385.054811189,17701.3124163133,17813.5960385057,18285.1745345563
E745S_01397,647.43731173802,699.323913676994,836.429383383687,1216.56124718272,1102.42184766663,1152.55240069127
E745S_01407,2543.30859589914,2172.25226035937,2114.8581802616,2179.19130425141,1992.45955801398,2127.0509152443
E745S_01408,1456.9616016608,1292.66220831227,1393.38828558941,2096.08655112317,1984.55689243931,1939.40131069142
E745S_01409,5089.34899480139,4667.89653779475,4796.58556347991,2735.53145713762,2768.89645072542,2548.19633455332
E745S_01410,15135.0992382526,13900.421574318,14041.9051340799,33500.449372136,32833.5997963652,32593.4568817134
E745S_01411,6259.47128113523,6382.68950229028,6533.86128512873,3739.71389077042,3672.76382582844,3686.88825309012
E745S_01412,10541.1171880159,9882.02665065068,9648.66881116538,6236.31918266438,6298.42446301295,6526.1547128874
E745S_01413,957.952253091978,765.451693079093,880.03470668805,631.365277238093,574.91892055733,562.948813658642
E745S_01414,4435.53747605611,3718.55526637832,3998.80635302509,2257.67912665029,2223.61252607311,2249.66287276465
E745S_01415,3459.37320294337,3541.91256797545,3396.26006736481,1358.53186711012,1362.22197843395,1293.28960410593
E745S_01416,1910.44090017773,1987.45682203021,2047.46813515485,739.863149377728,686.544071799561,657.839806870042
E745S_01417,8385.72461855896,8562.18864258413,8561.5088187816,3276.86658515347,3217.37272208801,3275.33855219573
E745S_01418,1062.67136821135,1111.49020995035,1095.08823298457,356.657898841994,337.838953317194,324.122044227703
E745S_01419,2983.1288794005,2430.4223580251,2460.7276764712,951.087730245317,895.964709528348,867.879421057073
E745S_01420,119.288731135978,148.561038656771,117.932578936799,21.9304209643944,31.6106622986848,22.3900096341505
E745S_01421,5672.13363546572,5508.53461019404,5626.0777363379,4501.50746111254,4378.07672836785,4156.01226447232
E745S_01422,6031.82103087573,6232.3167436499,6193.93796936972,2204.58442326281,2241.39352361612,2049.21897699225
E745S_01423,1914.08330418188,1520.03306625647,1609.43284196103,517.096241686774,485.026099645445,458.462102032606
E745S_01424,1000.75050014076,1172.18282940159,1445.91287956967,235.463467196656,306.228291018509,267.613924674847
E745S_01425,9928.28271431734,9750.6769518383,9566.41331493215,7737.97590238423,7774.2472590828,7838.6357538226
E745S_01426,4821.63230049622,5127.16755364221,5060.19956345629,4353.76567777347,4524.27604149926,4308.47756817154
E745S_01427,1059.0289642072,1058.04447043359,1169.415488617,795.266318129883,893.98904313468,859.349893577396
E745S_01428,6714.77178165423,6161.65966428875,6442.68651821961,4341.06911826776,4165.69259104856,4022.73839760238
E745S_01429,17223.1073336328,15905.9955961844,15949.6380286458,10442.3430770988,10075.8986077058,9659.68987073351
E745S_01430,38751.5362001732,36475.3584302045,34041.883079656,23668.6953839933,22807.0928485011,22850.6041180531
E745S_01431,12722.917186503,11440.1058365632,12647.5258184154,3677.38532592425,3814.02397297569,3875.60404857796
E745S_01432,34703.0041495583,30532.0110239418,30456.3362679472,16829.8667411492,14416.4376745939,15634.6238702468
E745S_01433,9608.661762953,11484.4929761618,12912.1308484669,3558.49935964358,3912.80729265908,4061.12127126092
E745S_01434,3.64240400415201,2.71757997542873,0.991030075099155,3.46269804700965,0,1.06619093495955
E745S_01435,4781.56585645055,4536.54683898237,4354.58614998569,4723.12013612116,4384.00372754885,4824.51398069196
E745S_01436,2641.65350401124,2549.09001695215,2473.61106744749,2220.74368081552,2154.46420229474,2078.00613223616
E745S_01437,3996.62779355579,3895.19796478118,3827.35815003294,2173.42014083972,2226.57602566361,2104.66090561015
E745S_01438,11001.8812945411,10644.7607637543,10306.7127810312,34910.9217099513,34867.5483486462,33945.3869872421
E745S_01439,5982.64857681968,4960.48931514925,4749.01611987515,2921.36291899381,2777.78694949693,2750.77261219564
E745S_01440,10296.1655187367,10334.0507865637,10403.8337283909,2546.23729723443,2485.38832323409,2535.40204333381
E745S_01441,1719.21468995975,2108.8420609327,1914.67010509157,3065.64200428588,3121.55290199513,3279.60331593557
E745S_01442,1138.2512512975,1256.42780863988,1253.65304500043,3326.49859049394,3080.0639077281,3339.31000829331
E745S_01443,1060.85016620927,1007.31631089225,1083.19587208338,847.206788835028,938.441536992205,886.004666951385
E745S_01444,514.489565586471,670.336393939088,662.999120241335,373.971389077042,496.880098007452,466.991629512282
E745S_01445,637.420700726602,659.466074037373,656.061909715641,160.43834284478,157.06547829659,173.789122398406
E745S_01446,11.837813013494,13.5878998771437,7.92824060079324,1.15423268233655,1.9756663936678,6.39714560975729
E745S_01447,263.163689299983,298.933797297161,288.389751853854,93.4928472692605,138.296647556746,129.009103130105
E745S_01448,1160.10567532241,1255.52194864807,1169.415488617,473.235399757985,437.610106197418,480.852111666757
E745S_01449,1117.30742827363,1265.48640855798,1259.59922545103,477.852330487332,485.026099645445,410.483509959426
E745S_01450,50.9936560581281,49.8222995495268,48.5604736798586,55.4031687521544,47.4159934480272,41.5814464634224
E745S_01451,101.076711115218,114.138358968007,89.192706758924,75.0251243518757,62.2334914005357,78.8981291870066
E745S_01452,6.37420700726602,9.05859991809578,5.94618045059493,4.6169307293462,4.9391659841695,2.1323818699191
E745S_01453,139.321953158814,122.291098894293,108.022278185808,108.497872139636,79.026655746712,113.016239105712
E745S_01454,480.797328548065,547.139435052985,468.7572255219,648.678767473141,647.030743926205,678.097434634273
E745S_01455,471.691318537685,512.716755364221,488.577827023884,460.538840252283,457.366770134096,440.336856138294
E745S_01456,38.2452420435961,53.4457395167651,40.6322330790654,33.4727477877599,16.7931643461763,24.5223915040696
E745S_01457,16.390818018684,28.9875197379065,20.8116315770823,11.5423268233655,18.7688307398441,8.52952747967639
E745S_01458,50.0830550570901,35.3285396805735,35.6770827035696,26.5473516937406,30.6228291018509,34.1181099187056
E745S_01459,132.947746151548,99.6445990990536,148.654511264873,77.3335897165488,93.8441536992205,101.288138821157
E745S_01460,48157.1339398948,50495.3535234413,49595.1090782621,26238.0173348745,25456.4614824096,25352.9542424031
E745S_01461,4654.08171630523,4302.83496109549,4631.08354093835,3356.50864023469,3441.61085776931,3445.92910178926
E745S_01462,1661.84682689435,1574.38466576505,1465.73348107165,1201.55622231235,1165.643172264,1069.38950776443
E745S_01463,886.925375011014,935.753371539294,991.030075099155,741.017382060065,680.617072618557,737.804126992008
E745S_01464,10103.1181065166,8908.22715945539,9147.2075931652,2470.05794020022,2410.31300027472,2165.43378890284
E745S_01465,8342.92637151018,7361.92415343644,7560.56844293146,3810.12208439295,3745.86348239415,3423.53909215511
E745S_01466,3896.46168344161,2707.61551551883,2883.89751853854,1530.51253677827,1403.71097270097,1455.35062621978
E745S_01467,34956.1512278468,30714.0888822955,30245.2468619511,62441.6796490427,61962.8251046032,60890.1642955398
E745S_01468,18874.0269485147,16160.5422538829,16191.44936697,19618.4929016743,19870.2647543139,18343.815035979
E745S_01469,10193.2676056194,8778.68918062662,8874.67432251294,9488.94688148878,9903.02779825985,9529.61457666845
E745S_01470,7363.11969439329,6564.76736064401,6684.4978565438,6792.6593355506,6922.73504341197,6564.53758654594
E745S_01471,8970.33046122536,8774.15988066757,9313.70064578186,6809.97282578564,7249.70783156399,6873.73295768421
E745S_01472,7285.71860930506,7128.21227554957,7427.77041286817,6896.54027696089,7018.55486350486,6424.86657406624
E745S_01473,6514.43956142587,5948.7825662135,6078.97848065822,9322.73737523231,8851.97327682858,8615.88894540811
E745S_01474,59175.4060524546,73181.7111583204,67386.0809864422,20022.4743404921,22616.4410415121,21839.8551117114
E745S_01475,5868.82345168992,6414.39460200362,6313.85260845672,3609.28559766639,3732.03381763848,3632.51251540718
E745S_01476,3025.01652544824,3174.13341130076,2886.87060876384,1672.48315670566,1899.60323751159,1880.76080926864
E745S_01477,56883.4233328419,57338.2199015708,59064.4014458346,11739.700612045,11375.8870947392,11842.1827145957
E745S_01478,57448.9065544865,53361.4945375268,56413.3959949443,13835.7871631682,13472.0691384207,14089.7132054904
E745S_01479,136949.83755111,129684.728147443,137891.924649296,44442.5752006865,41784.3563928772,43170.0709565121
E745S_01480,327192.59868797,330999.429287236,334049.480503898,114155.920748449,118138.923342153,121569.222785958
E745S_01481,10778.7840492868,10185.4897479069,11314.5903674071,1685.17971621136,1788.96591946619,1905.28320077271
E745S_01482,62571.9477863263,49536.9536521068,47979.7300558505,12803.9031451593,12010.0760071066,11945.6032352868
E745S_01483,26778.9542385256,29727.6073512149,31360.1556964377,6565.2754971303,6565.1394261581,6548.54472252155
E745S_01484,14683.4411417378,15167.7197028596,15243.0335851001,4155.23765641158,3734.99731722898,3738.06541796818
E745S_01485,48931.144790777,54434.0327678293,54696.9319048726,11236.4551625463,11661.3708886242,11427.4344408964
E745S_01486,26734.3347894747,27225.6220538369,26086.8846668351,4458.80085186609,4487.72621321641,4157.07845540728
E745S_01487,28630.2060736358,25410.2786302505,26022.4677119536,4832.77224094313,4991.5211436017,4873.5587637001
E745S_01488,88286.4094546385,71939.7771095494,77139.798985568,16363.5567374853,15686.7911657223,15128.183176141
E745S_01489,40827.7064825399,34458.0082284445,33968.5468540986,6864.22176185546,6974.10236964734,7220.24501154607
E745S_01490,10191.4464036173,13311.6125796417,14238.1290889496,2255.37066128562,2134.70753835806,2012.96848520363
E745S_01491,53768.2573082909,58878.1818876471,51858.6217697886,9232.70722601006,9291.55904941967,9324.90591715621
E745S_01492,30883.0329502038,29400.5918941717,31236.2769370503,5080.93226764549,5125.86645837111,4991.90595748061
E745S_01493,66455.6610557534,62735.3337327723,60646.0854456928,11703.9193988926,10622.1703655549,10413.4868617499
E745S_01494,36520.5637476301,33796.7304344235,36439.1848313208,5701.90945074256,5957.62201010525,5848.05727825313
E745S_01495,23468.0089987514,21904.6004619474,20550.9906673312,3042.55735063915,3452.47702293448,3261.47807004126
E745S_01496,31129.8058214851,33854.7054738993,36921.8164778941,4771.5979087793,5497.29174038066,5254.18892748066
E745S_01497,43807.1929579362,42814.5666528879,42163.3745450936,8524.00835905542,8323.48251652244,8706.51517487968
E745S_01498,43921.928684067,40742.8648516194,39897.8797934169,6691.08685950498,6649.10524788898,6875.86533955413
E745S_01499,58649.0786738546,57079.1439439133,54935.7701529715,10588.9306277555,9581.98200928883,10335.6549234979
E745S_01500,12263.0636809788,12440.1752675209,12043.98850268,1959.88709460746,2065.55921457969,1959.65893845565
E745S_01501,49111.4437889826,40591.5862329872,46098.7549733123,6798.43049896228,6882.23388234178,6276.66603410686
E745S_01502,152876.249059265,142945.612567543,139832.361536341,22655.2790889018,21798.5151545337,21643.6759796788
E745S_01503,46900.5045584623,45493.1946486688,45289.0834019563,5856.57663017565,5809.44703058017,6168.98074967595
E745S_01504,20646.0564965346,15655.9782384449,17293.4748104803,3140.66712863775,2843.9717736848,2932.02507113876
E745S_01505,19369.3938930793,16877.0775074042,18905.8807426666,3664.68876641855,3267.75221512654,3064.23274707374
E745S_01506,25985.8207666215,27643.2235100611,27162.1522983176,5247.14177390196,5363.93425880808,5325.62372012295
E745S_01507,22255.0884653688,21639.1834843472,22397.2796972409,3565.4247557376,4016.52977832664,3765.78638227713
E745S_01508,80557.2281578279,64643.0748755233,73384.7860310174,14517.9386784291,14342.3501848314,13970.299820775
E745S_01509,95960.0440903857,94449.4920460256,89805.1633453353,20085.9571380206,18298.6221381512,19496.3674366703
E745S_01510,2719.05458909947,2435.85751797595,2382.43630053837,3124.50787108504,2945.71859295869,3067.43131987862
E745S_01511,3265.41518972228,3015.60791273408,2962.18889447138,3860.90832241576,3583.85883811339,3545.0848587405
E745S_01512,1405.05734460164,1368.75444762427,1356.72017281074,1889.47890098493,1922.32340103877,1872.23128178897
E745S_01513,1191.06610935771,1152.25390958178,1036.61745855372,641.753371379122,601.590416871845,597.066923577347
E745S_01514,1281.21560846047,1145.91288963912,1137.70252621383,761.793570342123,822.865052962639,807.106537764379
E745S_01515,224.918447256387,191.136458271821,233.883097723401,162.746808209454,194.603139776278,189.7819864228
E745S_01516,142.964357162966,153.090338615819,129.824939837989,148.896016021415,156.077645099756,154.597685569135
E745S_01517,26.4074290301021,29.8933797297161,29.7309022529747,36.9354458347696,49.391659841695,45.8462102032606
E745S_01518,58.2784640664321,71.5629393529566,73.3362255573375,575.962108485938,562.077088998489,505.374503170826
E745S_01519,50.0830550570901,48.0105795659076,43.6053233043628,1469.33820461443,1542.99545345455,1496.93207268321
E745S_01520,81.9540900934202,84.2449792382907,70.36313533204,21.9304209643944,24.6958299208475,19.1914368292719
E745S_01521,50.0830550570901,29.8933797297161,39.6412030039662,20.7761882820579,20.7444971335119,15.9928640243932
E745S_01522,3822.70300235753,3846.28152522347,3688.61393951906,5174.42511491475,4981.64281163336,4902.34591894401
E745S_01523,5970.81076380618,6806.63197845717,7324.70328505786,4724.2743688035,4316.83107016414,4430.02333475693
E745S_01524,2329.31736065521,2286.39061932737,2417.12235316684,2345.40081050787,2466.61949249425,2414.92246768338
E745S_01525,37447.5555666868,38278.9256738973,36325.2163726844,37891.1504957443,37761.8996153695,37299.6236686249
E745S_01526,6700.20216563762,6346.4551026179,6276.19346560295,6259.40383631111,6528.58959787525,5994.12543634258
E745S_01527,10668.6013281612,10161.9373881198,9672.45353296776,7569.45793076309,7106.47201802308,7120.02306365987
E745S_01528,8826.45550306136,7882.79364872695,9537.67344275427,3647.3752761835,3524.58884630336,3352.10429951282
E745S_01529,23.6756260269881,23.552359787049,40.6322330790654,78.4878223988854,100.758986077058,65.0376470325325
E745S_01530,2550.59340390744,2084.38384115384,2199.09573664503,6984.26196081846,6461.41694049054,6702.07621715572
E745S_01531,3497.61844498697,3093.51187202971,3168.323150092,7164.32225926296,6795.3045610204,7110.42734524523
E745S_01532,1688.25425592446,1587.06670565038,1689.70627804406,3415.37450703385,3657.94632787593,3632.51251540718
E745S_01533,1823.02320407808,1729.28672436448,1726.37439082273,3181.06527251953,3150.20006470331,3604.79155109823
E745S_01534,11983.5091736601,11566.9262354165,11881.4595703638,50488.4459907654,52212.9114518526,53476.9387247661
E745S_01535,2722.69699310363,2867.95273406912,2743.17124787446,1976.04635216017,1922.32340103877,1909.54796451255
E745S_01536,14795.4450648655,14614.2392478639,14646.4334798904,16816.0159489612,16037.4719505984,15577.049559759
E745S_01537,2288.3403156085,2057.20804139955,1989.9883907991,1525.89560604892,1661.53543707462,1625.94117581331
E745S_01538,4469.22971309452,3965.85504414233,4157.37116504096,3484.62846797404,3611.51816762474,3561.07772276489
E745S_01539,6773.05024572066,6401.71256211829,6294.03200695474,6178.60754854755,6027.75816708046,5799.01249524499
E745S_01540,526.327378599965,563.444914905557,631.286157838162,1917.18048536101,2195.95319656176,2087.6018506508
E745S_01541,81.0434890923822,76.9980993038141,83.2465263083291,4799.29949315537,4932.25115179166,5107.05457845624
E745S_01542,185.762604211752,172.11339844382,142.708330814278,9696.70876430935,8714.66446246867,10057.3790894734
E745S_01543,129.305342147396,147.655178664961,108.022278185808,6043.56232471417,5554.58606579702,6328.90938991988
E745S_01544,333.279966379909,317.956857125162,288.389751853854,18693.9525231228,18353.9407971739,21482.6811485
E745S_01545,27.3180300311401,38.9519796478118,33.6950225533713,10.3880941410289,12.8418315588407,14.9266730894337
E745S_01546,81.0434890923822,76.0922393120045,78.2913759328333,54.2489360698178,45.4403270543594,60.7728832926943
E745S_01547,81.9540900934202,99.6445990990536,96.1299172846181,21.9304209643944,23.7079967240136,26.6547733739887
E745S_01548,12.748414014532,14.4937598689532,12.883390976289,5.77116341168275,5.9269991810034,4.2647637398382
E745S_01549,2266.48589158359,2652.35805601844,2497.39578924987,5064.77301009278,4882.85949194997,4600.61388435045
E745S_01550,1537.09448975215,1413.14158722294,1486.54511264873,3817.04748048697,3718.2041528828,3747.66113638281
E745S_01551,13.65901501557,9.05859991809578,17.8385413517848,5.77116341168275,4.9391659841695,9.59571841463594
E745S_01552,55.5466610633181,57.975039475813,53.5156240553544,18.4677229173848,13.8296647556746,22.3900096341505
E745S_01553,130.215943148434,147.655178664961,138.744210513882,53.0947033874813,59.269991810034,59.7066923577347
E745S_01554,2.73180300311401,4.52929995904789,0,1.15423268233655,0.9878331968339,2.1323818699191
E745S_01555,16253.3172675273,15396.9022807874,16219.1982090728,3121.04517303803,3349.74237046376,3411.81099187056
E745S_01556,362.419198413125,323.392017076019,303.255202980342,210.070348185252,204.481471744617,248.422487845575
E745S_01557,519.953171592699,562.539054913748,548.039631529833,225.075373055627,279.556794703994,297.467270853714
E745S_01558,1644.54540787463,1653.19448505248,1645.1099246646,1292.74060421694,1185.39983620068,1225.05338426852
E745S_01559,106.540317121446,128.63211883696,122.887729312295,110.806337504309,99.7711528802239,101.288138821157
E745S_01560,2093.47170138637,1878.75362301306,1928.54452614296,1448.56201633237,1435.32163499966,1454.28443528482
E745S_01561,926.081218055648,960.211591318152,1040.58157885411,2840.56663123025,2707.65079252172,2835.00169605744
E745S_01562,509.936560581281,525.398795249555,461.820014996206,28753.0903496858,31770.6912765719,30281.9549347211
E745S_01563,43401.0649114733,49060.4712964149,51872.49619084,10002.5804251285,9809.18364456063,10086.1662447173
E745S_01564,1044.45934819059,1155.87734954902,1148.60385703992,287.403937901801,310.179623805845,282.54059776428
E745S_01565,1725.58889696701,1494.6689864858,1537.08764647879,635.982207967439,559.113589407988,564.015004593601
E745S_01566,1997.85859627738,2006.47988185821,1996.9256013248,1285.81520812292,1202.19300054686,1282.62769475634
E745S_01567,1335.85166852275,1193.92346920502,1283.38394725341,560.957083615563,529.478593502971,548.022140569208
E745S_01568,576.410433657055,559.821474938319,569.842293182014,322.030918371897,314.13095659318,305.996798333391
E745S_01569,7681.83004475659,7780.43146965246,7284.07105197879,4070.97867060101,4168.65609063906,4058.988889391
E745S_01570,6184.80199905011,5598.21474938319,5382.28433786351,4102.1429530241,3962.19895250077,4036.59887975685
E745S_01571,2515.07996486696,2372.44731854928,2096.02860883471,1353.91493638077,1316.78165137959,1413.76917975636
E745S_01572,2388.50642572268,2826.28317444588,2746.14433809976,452.459211475928,384.267113568387,429.674946788698
E745S_01573,1189.24490735563,1145.00702964731,1182.29887959329,660.221094296507,708.276402129907,647.177897520446
E745S_01574,1203.81452337224,1257.33366863169,1190.22712019409,3082.95549452092,3016.84258313073,2955.48127170787
E745S_01575,2701.75317007975,3012.89033275866,3087.05868393387,2088.00692234682,2101.12120966571,2069.47660475648
E745S_01576,5505.49365227576,5014.84091465782,4961.09655594637,4227.95431539878,3894.03846191924,3915.05311317146
E745S_01577,1951.41794522444,1783.63832387306,1803.67473668046,1639.0104089179,1365.18547802445,1430.82823471571
E745S_01578,4583.05483822427,4448.67841977684,4576.5768868079,4462.2635499131,3976.02861725645,4234.91039365933
E745S_01579,5133.05784285122,5323.73917186489,4293.14228532954,14109.340308882,13171.7678465832,15037.5569466695
E745S_01580,28.2286310321781,54.3515995085747,60.4528345810485,84.2589858105681,119.527816816902,78.8981291870066
E745S_01581,2257.37988157321,2408.68171822167,2448.83531557001,13795.3890192864,13866.2145839575,13801.8416530514
E745S_01582,761.26243686777,872.343172112623,897.873248039835,1847.92652442082,1950.97056374695,1776.27409764261
E745S_01583,1079.06218623003,1114.20778992578,1292.3032179293,1832.92149955044,2291.77301665465,2002.30657585403
E745S_01584,4352.67278496165,4296.49394115283,4422.96722516753,6438.30990207328,5792.65386623399,5819.27012300922
E745S_01585,7048.96234903518,6813.87885839164,6930.27331516839,9269.64267184483,8733.43329320851,9064.75532902609
E745S_01586,1679.14824591408,1597.03116556029,1703.58069909545,2772.46690297239,2823.22727655129,2788.08929491922
E745S_01587,814.987895929012,797.156792792428,918.684879616917,797.574783494556,687.531904996395,752.730800081442
E745S_01588,965.237061100282,962.023311301772,920.666939767115,635.982207967439,568.991921376327,626.920269756215
E745S_01589,1751.08572499608,1651.38276506886,1634.20859383851,1978.35481752485,1833.41841332372,1774.14171577269
E745S_01590,1591.73054981443,1562.60848587152,1647.0919848148,2410.03784071872,2247.32052279712,2364.81149374028
E745S_01591,1460.60400566496,1479.26936662504,1602.49563143533,459.384607569947,517.624595140964,517.102603455381
E745S_01592,27233.3441380435,25672.0721678834,20069.350050833,10680.1150096601,11504.3054103276,12178.032859108
E745S_01593,20475.7741093405,20203.395397329,20298.2779981809,26334.9728801907,24679.0367565013,24832.6530661429
E745S_01594,91.0601001038002,93.3035791563865,94.1478571344198,81.950520445895,86.9293213213832,103.420520691076
E745S_01595,7150.94966115143,6995.95671674537,6878.73975126324,7878.79228962929,7926.37357139522,7880.21720028603
E745S_01596,970.70066710651,953.870571375485,946.433721719693,1041.11787946757,977.954864865561,969.16755987823
E745S_01597,2831.05851222715,2737.50889524854,2872.99618771245,5506.84412742768,5746.2257059828,5788.35058589539
E745S_01598,888.74657701309,857.84941224367,887.962947288843,3001.00497407503,2782.7261154811,2865.92123317127
E745S_01599,2383.95342071749,2195.80462014642,2142.60702236437,10490.8208497569,10242.8424179707,10287.6763314247
E745S_01600,1983.28898026077,2203.05150008089,2114.8581802616,2466.59524215321,2336.22551051217,2276.31764613864
E745S_01601,753.067027858428,790.815772849761,786.877879628729,923.38614586924,864.354047229663,879.607521341628
E745S_01602,5101.18680781489,5186.04845310983,5613.19434536162,1996.82254044223,1859.1020764414,1806.12744382148
E745S_01603,7.28480800830402,5.43515995085747,8.9192706758924,1.15423268233655,3.9513327873356,2.1323818699191
E745S_01605,13.65901501557,18.1171998361916,14.8654511264873,3.46269804700965,9.878331968339,3.19857280487865
E745S_01606,616.476877702728,502.752295454316,525.245939802552,301.254730089839,247.946132405309,250.554869715494
E745S_01607,793.1334719041,819.803292587668,803.725390905415,499.782751451726,529.478593502971,553.353095244006
E745S_01608,1290.32161847085,1349.73138779627,1312.12381943128,724.858124507353,691.48323778373,675.965052764354
E745S_01609,574.589231654979,538.080835134889,597.591135284791,243.543095973012,234.116467649634,284.6729796342
E745S_01610,662.917528755666,649.501614127467,576.779503707708,1738.27441959884,1633.87610756327,1588.62449308973
E745S_01611,54.6360600622801,45.2929995904789,49.5515037549578,86.5674511752412,92.8563205023866,85.2952747967639
E745S_01612,6929.6736178992,6679.81157960383,6530.88819490343,2908.66635948811,3087.96657330277,2974.67270853714
E745S_01613,4772.45984644017,4984.94753492811,4696.4915258949,2229.97754227421,2198.91669615226,1999.10800304915
E745S_01614,26748.9044054913,27347.9131527312,27799.3846366064,7344.38255770747,7198.34050532863,7353.51887841601
E745S_01615,428.893071488899,431.189356101359,415.241601466546,548.260524109861,527.502927109303,597.066923577347
E745S_01616,2512.34816186385,2641.48773611673,2599.47188698508,3840.1321341337,3736.97298362265,3808.43401967551
E745S_01617,568.215024647713,621.41995438137,662.999120241335,886.45070003447,920.660539449195,912.659440325374
E745S_01618,122.020534139092,164.866518509343,162.528932316261,476.698097804995,502.807097188455,489.381639146433
E745S_01619,826.825708942506,790.815772849761,747.236676624763,3713.16653907668,3473.22152006799,3277.47093406565
E745S_01620,7616.26677268185,7508.67347210959,7156.228172291,6643.76331952918,6721.21707125786,6823.62198374111
E745S_01621,5423.53956218234,4683.29615765552,4692.5274055945,1622.85115136519,1641.77877313794,1634.47070329299
E745S_01622,394.290233449455,463.800315806504,468.7572255219,664.838025025853,778.412559105113,643.979324715568
E745S_01623,604.639064689233,653.125054094706,712.550623996293,1355.06916906311,1203.18083374369,1189.86908341486
E745S_01624,30.9604340352921,31.7050997133352,37.6591428537679,20.7761882820579,19.756663936678,25.5885824390292
E745S_01625,44.6194490508621,44.3871395986693,50.5425338300569,34.6269804700965,27.6593295113492,37.3166827235842
E745S_01626,151.159766172308,141.314158722294,124.869789462494,163.90104089179,179.78564182377,194.046750162638
E745S_01627,425.250667484747,451.11827592117,416.232631541645,736.400451330719,688.519738193229,711.149353618019
E745S_01628,134.768948153624,136.784858763246,142.708330814278,302.408962772176,242.019133224306,259.08439719517
E745S_01629,677.487144772274,725.593853439472,715.52371422159,1542.05486360163,1517.31179033687,1542.77828288647
E745S_01630,11848.7402255065,12095.0426106415,11830.9170365337,6627.60406197647,6415.97661343618,6205.23124146457
E745S_01631,195.77921522317,201.100918181726,217.035586446715,242.388863290675,207.444971335119,216.436759796788
E745S_01632,3666.99023118004,3762.94240597699,3566.71724028186,4215.25775589308,3893.0506287224,4243.439921139
E745S_01633,7675.45583774932,7218.79827473053,6858.91914976125,15597.1462364138,14668.3351397866,15760.4344005721
E745S_01634,1750.17512399504,1745.59220421706,1896.83156373978,427.066092464523,477.123434070774,396.623027804952
E745S_01635,12268.527286985,12721.8977249737,11866.5941192373,10651.2591926017,9341.9385424582,9925.17141353844
E745S_01636,2.73180300311401,6.34101994266704,2.97309022529747,0,3.9513327873356,1.06619093495955
E745S_01637,3084.20559051571,3074.48881220171,2956.24271402078,100318.979352599,99165.6111305648,111825.303831362
E745S_01638,59.1890650674701,75.186379320195,76.309315782635,175.443367715156,225.225968878129,181.252458943123
E745S_01639,707.536977806528,1205.69964909855,850.303804435075,540.180895333505,761.619394758937,750.598418211522
E745S_01640,82.8646910944582,87.868419205529,77.3003458577341,116.577500915992,93.8441536992205,104.486711626036
E745S_01641,37.3346410425581,35.3285396805735,39.6412030039662,20.7761882820579,31.6106622986848,34.1181099187056
E745S_01642,23.6756260269881,19.9289198198107,14.8654511264873,23.084653646731,22.7201635271797,24.5223915040696
E745S_01643,21.8544240249121,14.4937598689532,15.8564812015865,11.5423268233655,18.7688307398441,19.1914368292719
E745S_01644,24.5862270280261,36.2343996723831,27.7488421027763,35.781213152433,43.4646606606916,40.5152555284629
E745S_01645,305.051335347731,322.48615708421,315.147563881531,280.478541807782,322.033622167852,309.195371138269
E745S_01646,473.512520539761,419.413176207835,418.214691691844,1529.35830409593,1355.30714605611,1508.66017296776
E745S_01647,419.787061478519,356.908836772974,376.591428537679,1027.26708727953,868.305380016998,1108.83857235793
E745S_01648,324.173956369529,369.590876658308,349.833616510002,509.016612910418,494.904431613784,551.220713374087
E745S_01649,2.73180300311401,3.62343996723831,4.95515037549578,2.3084653646731,0.9878331968339,4.2647637398382
E745S_01650,539.075792614497,581.562114741749,624.348947312468,398.21027540611,385.254946765221,373.166827235842
E745S_01651,4714.18138237374,4609.92149831894,4366.47851088688,2823.2531409952,2573.30547775231,2671.87448300863
E745S_01652,2959.45325337351,2829.00075442131,2725.33270652268,1232.72050473544,1326.65998334793,1097.11047207338
E745S_01653,1517.06126772931,1569.855365806,1576.72884948276,482.469261216678,430.695273819581,461.660674837485
E745S_01654,2478.65592482544,2269.17927948299,2172.33792461735,467.464236346303,502.807097188455,516.036412520422
E745S_01655,2110.77312040609,1878.75362301306,2058.36946598095,626.748346508747,598.626917281344,586.405014227752
E745S_01656,835.021117951848,879.5900520471,943.460631494396,738.708916695392,750.753229593764,813.503683374136
E745S_01657,507.204757578167,560.727334930129,519.299759351957,382.051017853398,417.85344226074,398.755409674871
E745S_01658,55267.1065559995,55270.1415402696,53777.2559951806,19332.2431964549,18772.7820726314,19629.6413035403
E745S_01659,11312.3962358951,11159.2892391022,11550.4555252807,2620.10818890397,2702.71162653755,2663.34495552895
E745S_01660,20419.3168472762,20995.1170301706,20304.2241786315,4088.29216083606,4189.40058777257,4579.29006565126
E745S_01661,89.2388981017242,85.1508392301003,89.192706758924,58.865866799164,54.3308258258645,65.0376470325325
E745S_01662,150.24916517127,140.408298730485,156.582751865667,91.1843819045874,86.9293213213832,100.221947886198
E745S_01663,9.10601001038002,14.4937598689532,10.9013308260907,9.2338614586924,7.9026655746712,9.59571841463594
E745S_01664,415.234056473329,479.199935667267,474.703405972495,560.957083615563,560.101422604822,562.948813658642
E745S_01665,74.6692820851162,66.1277794020992,107.031248110709,1173.85463793627,1189.35116898802,1123.76524544736
E745S_01666,330.548163376795,288.969337387255,254.694729300483,960.32159170401,915.721373465026,796.444628414783
E745S_01667,541.807595617611,442.059676003074,468.7572255219,1318.13372322834,1216.02266530253,1129.09620012216
E745S_01668,15715.1520759138,14617.8626878312,13952.712427321,25800.5631482689,24345.1491359715,24099.1137028907
E745S_01669,23.6756260269881,28.0816597460969,33.6950225533713,33.4727477877599,34.5741618891865,20.2576277642314
E745S_01670,32.7816360373681,25.3640797706682,26.7578120276772,64.6370302108468,70.1361569752069,63.9714560975729
E745S_01671,3352.83288582192,3431.39764897468,3729.24617259812,2400.80397926002,2439.94799617973,2217.67714471586
E745S_01672,239.488063272995,293.498637346303,312.174473656234,318.568220324888,431.683107016414,382.762545650478
E745S_01673,3138.84165057799,3321.78858996572,3248.59658617503,7897.26001254667,7322.8074881297,7420.68890731846
E745S_01674,1249.34457342414,1214.75824901664,1309.15072920598,3185.68220324888,2935.84026099035,2812.61168642329
E745S_01675,2548.77220190537,2431.32821801691,2356.66951858579,8714.45675164095,7918.47090582055,8384.52551252189
E745S_01676,7874.87745697664,8339.34708459897,8132.39279626367,2921.36291899381,3017.83041632757,2975.7388994721
E745S_01677,6586.37704050787,6715.1401192844,6549.71776633032,7119.30718465184,6985.95636800934,7175.46499227776
E745S_01678,446.194490508621,463.800315806504,495.515037549578,229.692303784973,281.532461097662,253.753442520373
E745S_01679,16.390818018684,18.1171998361916,16.8475112766856,13.8507921880386,15.8053311493424,13.8604821544741
E745S_01680,7.28480800830402,16.3054798525724,16.8475112766856,3.46269804700965,9.878331968339,6.39714560975729
E745S_01681,1227.49014939923,1375.09546756694,1349.78296228505,993.794339491769,1013.51685995158,1003.28566979694
E745S_01682,190.315609216942,179.360278378296,227.936917272806,183.522996491511,241.031300027472,212.17199605695
E745S_01683,2006.96460628776,1966.62204221859,1952.32924794534,1794.83182103334,1997.39872399815,1783.73743418733
E745S_01684,193.958013221094,212.877098075251,185.322624043542,238.926165243666,215.34763690979,276.143452154523
E745S_01685,131.126544149472,156.713778583057,152.61863156527,120.040198963001,146.199313131417,111.950048170753
E745S_01687,54.6360600622801,54.3515995085747,67.3900451067426,92.338614586924,101.746819273892,89.5600385366021
E745S_01688,3.64240400415201,9.05859991809578,1.98206015019831,4.6169307293462,10.8661651651729,8.52952747967639
E745S_01690,3.64240400415201,7.24687993447662,6.93721052569409,3.46269804700965,2.9634995905017,2.1323818699191
E745S_01691,4.55300500519001,5.43515995085747,7.92824060079324,8.07962877635585,9.878331968339,8.52952747967639
E745S_01693,18.21202002076,19.9289198198107,31.712962403173,19.6219555997213,16.7931643461763,19.1914368292719
E745S_01694,101.987312116256,123.196958886103,102.076097735213,150.050248703751,139.28448075358,136.472439674822
E745S_01695,1238.41736141168,1283.60360839417,1296.2673382297,1214.25278181805,1229.85233005821,1161.08192817095
E745S_01696,1837.59282009469,1797.2262237502,1765.0245637516,2511.61031676433,2470.57082528158,2369.07625748012
E745S_01697,81.9540900934202,102.362179074482,106.04021803561,65.7912628931833,65.1969909910374,72.5009835772493
E745S_01698,22.7650250259501,21.7406398034299,26.7578120276772,28.8558170584137,29.634995905017,22.3900096341505
E745S_01699,27.3180300311401,43.4812796068597,23.7847218023797,21.9304209643944,22.7201635271797,19.1914368292719
E745S_01700,99.2555091131423,125.914538861531,103.067127810312,108.497872139636,85.9414881245493,101.288138821157
E745S_01701,234.935058267805,207.441938124393,222.98176689731,230.84653646731,244.982632814807,293.202507113876
E745S_01702,2116.23672641232,2174.06398034299,2273.42299227746,2367.33123147226,2232.50302484462,2201.68428069147
E745S_01703,805.881885918632,1087.9378501633,909.765608941025,1821.37917272708,2014.19188834432,2023.63039455322
E745S_01704,206.706427235627,153.996198607628,233.883097723401,216.995744279271,201.517972154116,188.71579548784
E745S_01705,409.770450467101,436.624516052216,402.358210490257,252.776957431704,286.471627081831,249.488678780534
E745S_01706,4074.93947964506,4453.20771973588,3856.09802221081,4454.18392113675,4766.29517472357,4496.12717272442
E745S_01707,80.1328880913442,89.6801391891482,100.094037585015,91.1843819045874,63.2213245973696,82.0967019918853
E745S_01708,78.3116860892682,54.3515995085747,66.3990150316434,39.2439111994427,57.2943254163662,61.8390742276538
E745S_01709,28.2286310321781,31.7050997133352,27.7488421027763,27.7015843760772,21.7323303303458,22.3900096341505
E745S_01710,135.679549154662,93.3035791563865,95.1388872095189,103.880941410289,81.0023221403798,91.6924204065212
E745S_01711,234.024457266767,181.171998361916,169.466142841956,123.502897010011,139.28448075358,129.009103130105
E745S_01712,200.332220228361,144.937598689532,159.555842090964,156.975644797771,152.126312312421,152.465303699215
E745S_01713,11.837813013494,13.5878998771437,7.92824060079324,8.07962877635585,10.8661651651729,6.39714560975729
E745S_01714,63.7420700726602,49.8222995495268,40.6322330790654,75.0251243518757,73.0996565657086,75.699556382128
E745S_01715,382.452420435961,359.626416748402,344.878466134506,590.967133356314,561.089255801655,599.199305447267
E745S_01716,425.250667484747,486.446815601743,443.981473644422,385.513715900408,434.646606606916,429.674946788698
E745S_01717,1107.29081726221,1135.94842972921,1197.16433071978,2060.30533797074,2172.24519983775,2155.83807048821
E745S_01718,329.637562375757,327.921317035067,389.474819513968,540.180895333505,516.63676194413,502.175930365948
E745S_01719,150.24916517127,175.736838411058,143.699360889378,56.5574014344909,68.1604905815391,55.4419286178965
E745S_01720,18.21202002076,21.7406398034299,25.766781952578,6.9253960940193,6.9148323778373,12.7942912195146
E745S_01721,10.927212012456,14.4937598689532,10.9013308260907,6.9253960940193,5.9269991810034,6.39714560975729
E745S_01723,448.926293511735,440.247956019455,447.945593944818,144.279085292069,128.418315588407,116.214811910591
E745S_01724,354.223789403783,365.06157669926,370.645248087084,99.2640106809433,91.8684873055527,90.6262294715617
E745S_01725,1490.65383869921,1339.76692788637,1288.3390976289,536.718197286496,464.281602511933,469.124011382202
E745S_01726,58.2784640664321,50.7281595413364,58.4707744308502,90.0301492222509,115.576484029566,104.486711626036
E745S_01727,84.6858930965342,81.527399262862,72.3451954822383,150.050248703751,118.539983620068,119.413384715469
E745S_01728,1331.29866351756,1487.42210655133,1498.43747354992,614.051787003045,636.164578761032,621.589315081417
E745S_01729,4020.30341958278,4050.10002338062,4364.49645073668,663.683792343516,635.176745564198,623.721696951336
E745S_01730,221.276043252235,237.335317854109,247.757518774789,203.144952091233,157.06547829659,214.304377926869
E745S_01731,614.655675700651,596.055874610702,461.820014996206,169.672204303473,230.165134862299,196.179132032557
E745S_01732,505.383555576091,494.599555528029,491.550917249181,1430.09429341499,1420.50413704715,1308.21627719537
E745S_01733,825.915107941468,877.778332063481,801.743330755217,2156.10665060467,2310.54184739449,2103.59471467519
E745S_01734,461.674707526267,496.411275511649,457.85589469581,1654.01543378828,1532.12928828938,1613.1468845938
E745S_01735,300.498330342541,278.09901748554,259.649879675979,1229.25780668843,1128.10551078431,1235.71529361812
E745S_01736,199.421619227323,214.68881805887,197.214984944732,369.354458347696,334.875453726692,359.306345081368
E745S_01737,49.1724540560521,40.763699631431,34.6860526284704,113.114802868982,108.661651651729,71.4347926422898
E745S_01738,10.927212012456,6.34101994266704,13.8744210513882,15.0050248703751,12.8418315588407,13.8604821544741
E745S_01739,2081.63388837287,2028.22052166164,1861.15448103621,1236.18320278244,1206.14433333419,1213.32528398397
E745S_01740,642.88430673283,612.361354463275,707.595473620797,737.554684013055,764.582894349439,791.113673739985
E745S_01741,49.1724540560521,67.9394993857183,65.4079849565443,83.1047531282316,85.9414881245493,77.8319382520471
E745S_01742,112.914524128712,141.314158722294,123.878759387394,137.353689198049,112.612984439065,147.134349024418
E745S_01743,91.9707011048382,93.3035791563865,86.2196165336265,69.253960940193,78.0388225498781,79.9643201219662
E745S_01744,307.783138350845,295.310357329922,298.300052604846,423.603394417514,449.464104559425,461.660674837485
E745S_01745,1310.35484049369,1408.61228726389,1382.48695476332,2429.65979631844,2398.45900191271,2387.20150337443
E745S_01746,543.628797619687,444.777255978503,518.308729276858,1149.6157516072,977.954864865561,958.505650528635
E745S_01747,266.806093304135,220.123978009727,270.551210502069,458.23037488761,411.926443079736,373.166827235842
E745S_01748,954.309849087826,873.249032104433,842.375563834282,1946.03630241942,1918.37206825143,1942.5998834963
E745S_01749,1038.99574218436,1077.9733902534,997.967285624849,1965.65825801914,2029.99721949367,1955.39417471581
E745S_01750,1065.40317121446,902.236551842339,1047.51878937981,2000.28523848924,1949.98273055012,1942.5998834963
E745S_01751,604.639064689233,768.169273054522,570.833323257113,481.315028534341,519.600261534632,596.000732642388
E745S_01752,582.784640664322,603.302754545179,524.254909727453,1263.88478715852,1194.29033497219,1361.52582394334
E745S_01753,176.656594201372,199.289198198107,156.582751865667,699.465005495949,608.505249249683,655.707425000123
E745S_01754,417.055258475405,400.390116379833,451.909714245215,77.3335897165488,72.1118233688747,81.0305110569257
E745S_01755,166.639983189954,187.513018304583,186.313654118641,503.245449498736,521.575927928299,536.294040284653
E745S_01756,427.071869486823,452.024135912979,441.999413494223,736.400451330719,699.385903358401,691.957916788747
E745S_01757,124.752337142206,125.008678869722,108.022278185808,34.6269804700965,47.4159934480272,37.3166827235842
E745S_01758,4.55300500519001,1.81171998361916,0.991030075099155,0,1.9756663936678,0
E745S_01759,0.910601001038002,1.81171998361916,2.97309022529747,3.46269804700965,1.9756663936678,3.19857280487865
E745S_01760,323.263355368491,284.440037428207,311.183443581135,176.597600397492,159.041144690258,178.053886138245
E745S_01761,1361.34849655181,1466.58732673971,1406.2716765657,902.609957587182,894.976876331514,813.503683374136
E745S_01762,10418.1860528758,10471.7415053187,10697.1786306203,7325.91483479008,7615.20611439254,7998.56439406654
E745S_01763,9834.49081121042,10029.6818293156,9887.50705926427,358.966364206667,350.680784876035,379.563972845599
E745S_01764,3325.51485579078,3269.24871044077,3518.156766602,189.294159903194,203.493638547783,189.7819864228
E745S_01765,362.419198413125,365.967436691069,341.905375909209,40.3981438817792,48.4038266448611,43.7138283333415
E745S_01766,335.101168381985,273.569717526492,268.569150351871,33.4727477877599,42.4768274638577,23.4562005691101
E745S_01767,2355.72478968531,2539.12555704225,2678.75429299302,762.947803024459,722.106066885581,788.981291870066
E745S_01768,339.654173387175,430.283496109549,406.322330790654,220.458442326281,222.262469287628,195.112941097597
E745S_01769,61.9208680705842,62.5043394348609,57.479744355751,64.6370302108468,32.5984954955187,45.8462102032606
E745S_01770,240.398664274033,217.406398034299,225.954857122607,264.31928425507,271.654129129323,291.070125243957
E745S_01771,479.886727547027,460.176875839266,424.160872142438,835.664462011662,825.828552553141,908.394676585536
E745S_01772,84.6858930965342,83.3391192464811,87.2106466087257,75.0251243518757,93.8441536992205,84.2290838618044
E745S_01773,2161.76677646422,2347.08323877862,2304.14492460554,4193.32733492869,4032.33510947598,4077.11413528532
E745S_01774,142.053756161928,151.278618632199,145.681421039576,163.90104089179,161.016811083926,172.722931463447
E745S_01775,429.803672489937,399.484256388024,403.349240565356,596.738296767996,568.004088179493,559.750240853763
E745S_01776,70.1162770799262,70.6570793611471,84.2375563834282,91.1843819045874,82.9779885340476,78.8981291870066
E745S_01777,163.90818018684,170.301678460201,160.546872166063,64.6370302108468,63.2213245973696,52.2433558130179
E745S_01778,374.257011426619,425.754196150502,447.945593944818,1286.96944080525,1317.76948457642,1329.54009589456
E745S_01779,713.000583812756,745.522773259283,748.227706699862,232.000769149647,302.276958231174,304.930607398431
E745S_01780,1690.07545792653,1672.21754488048,1872.0558118623,87.7216838575778,108.661651651729,88.4938476016426
E745S_01781,2892.0687792967,2792.76635474893,2934.4400523686,287.403937901801,258.812297570482,282.54059776428
E745S_01782,94.7025041079522,95.1152991400057,102.076097735213,92.338614586924,80.0144889435459,81.0305110569257
E745S_01783,71.0268780809642,91.4918591727673,81.2644661581307,43.8608419287889,67.1726573847052,67.1700289024516
E745S_01784,143.874958164004,173.019258435629,176.40335336765,147.741783339078,126.442649194739,133.273866869944
E745S_01785,278.643906317629,307.992397215256,317.12962403173,250.468492067031,208.432804531953,228.164860081343
E745S_01786,176.656594201372,184.795438329154,170.457172917055,168.517971621136,155.089811902922,153.531494634175
E745S_01787,2553.32520691056,2456.69229778757,2451.80840579531,3243.39383736571,3016.84258313073,3144.19706719571
E745S_01788,254.057679289603,238.241177845919,275.506360877565,382.051017853398,402.048111111397,384.894927520397
E745S_01789,885.104173008938,833.391192464812,827.510112707795,1817.91647468007,1850.2115776699,1825.31888065075
E745S_01790,767.636643875036,761.828253111855,719.487834521987,171.980669668146,173.858642642766,207.907232317112
E745S_01791,225.829048257425,221.935697993347,221.990736822211,21.9304209643944,21.7323303303458,19.1914368292719
E745S_01792,397.022036452569,420.319036199644,475.694436047595,356.657898841994,434.646606606916,331.58538077242
E745S_01793,573.678630653941,558.915614946509,621.37585708717,489.394657310697,494.904431613784,522.433558130179
E745S_01794,1822.11260307704,1973.86892215307,1917.64319531687,1247.72552960581,1316.78165137959,1343.40057804903
E745S_01795,1262.09298743867,1111.49020995035,1134.72943598853,765.256268389133,775.449059514612,746.333654471684
E745S_01796,1077.24098422796,1181.24142931969,1096.07926305967,2053.37994187672,2167.30603385358,2070.54279569144
E745S_01797,1133.69824629231,1067.10307035168,1214.01184199647,154.667179433098,150.150645918753,137.538630609782
E745S_01798,2501.42094985139,2650.54633603482,2699.5659245701,458.23037488761,550.223090636483,599.199305447267
E745S_01799,6493.49573840199,6289.3859231339,6036.36418742896,2174.57437352206,2421.17916543989,2425.58437703297
E745S_01800,571.857428651865,596.055874610702,593.627014984394,298.946264725166,295.362125853336,309.195371138269
E745S_01801,8087.95809121954,8202.56222583573,8241.40610452458,17329.649492601,16696.3566928866,16871.4053547999
E745S_01802,21.8544240249121,27.1757997542873,18.829571426884,143.124852609732,143.235813540916,205.774850447193
E745S_01803,30.9604340352921,51.6340195331459,42.6142932292637,586.350202626967,516.63676194413,680.229816504192
E745S_01804,1202.9039223712,1294.47392829589,1104.99853373556,3280.32928320047,2921.02276303784,3726.33731768362
E745S_01805,1815.73839606978,1813.53170360277,1811.60297728126,752.559708883431,770.509893530442,776.187000650552
E745S_01806,469.870116535609,490.070255568982,554.976842055527,236.617699878993,267.702796341987,278.275834024442
E745S_01807,162.997579185802,180.266138370106,187.30468419374,92.338614586924,100.758986077058,110.883857235793
E745S_01808,1036.26393918125,1002.7870109332,1012.83273675134,821.813669823624,808.047555010131,774.054618780632
E745S_01809,4879.00016356162,4818.26929643514,4612.25396951147,704.081936225295,730.008732460252,707.95078081314
E745S_01810,381.541819434923,441.153816011264,368.663187936886,660.221094296507,684.568405405893,654.641234065163
E745S_01811,376.078213428695,317.956857125162,318.120654106829,81.950520445895,103.72248566756,104.486711626036
E745S_01812,1018.05191916049,702.041493652423,851.294834510174,300.100497407503,246.958299208475,288.937743374038
E745S_01813,1333.11986551964,923.977191645769,1239.77862394904,564.419781662573,559.113589407988,589.603587032631
E745S_01814,400.664440456721,266.322837592016,326.048894707622,238.926165243666,210.408470925621,231.363432886222
E745S_01815,4588.51844423049,2848.02381424931,3751.0488342503,3122.19940572037,2763.95728474125,3242.28663321199
E745S_01816,789.491067899948,526.304655241365,676.873541292723,294.32933399582,223.250302484461,292.136316178916
E745S_01817,3998.44899555787,3666.92124684517,4001.77944325039,917.614982457557,951.283368551046,915.858013130253
E745S_01818,1042.63814618851,1188.48830925417,1087.15999238377,654.449930884824,832.743384930978,800.709392154621
E745S_01819,2929.40342033925,2874.29375401179,2842.27425538438,3100.26898475597,2949.66992574603,2865.92123317127
E745S_01820,256.789482292717,226.464997952394,212.080436071219,2815.17351221885,2646.40513431802,2575.91729886227
E745S_01821,79.2222870903062,97.8328791154344,106.04021803561,1073.43639457299,1085.62868332046,1140.82430040672
E745S_01822,143.874958164004,153.090338615819,155.591721790567,1913.717787314,1984.55689243931,1826.38507158571
E745S_01823,8316.51894248008,8546.78902272337,8459.43272104639,4712.73204198013,4546.99620502644,4620.87151211469
E745S_01824,8594.25224779666,9525.11781387771,9338.47639765934,2563.55078746948,2294.73651624515,2594.04254475658
E745S_01825,6234.8850541072,7595.63603132331,7013.51984147672,2018.75296140663,1980.60555965197,2049.21897699225
E745S_01826,9704.27486806199,10726.2881630172,10508.8829163514,4546.52253572367,4836.43133169878,4485.46526337482
E745S_01827,647.43731173802,579.75039475813,557.949932280824,6672.61913658759,6591.81092247262,7321.53315036722
E745S_01828,566.393822645637,524.492935257746,520.290789427057,5165.19125345606,4633.92552634783,5146.50364304974
E745S_01829,516.310767588547,495.505415519839,518.308729276858,3525.02661185582,3184.77422659249,3831.89022024462
E745S_01830,417.055258475405,424.848336158692,398.39409018986,2741.30262054931,2352.03084166152,2656.9478099192
E745S_01831,648.347912739058,508.187455405173,482.631646573289,2738.99415518463,2476.49782446259,2817.94264109809
E745S_01832,886.925375011014,814.36813263681,801.743330755217,4788.91139901435,4174.58308982006,4749.88061524479
E745S_01833,1556.21711077395,1490.13968652676,1325.00721040757,7488.66164299954,6368.56061998816,7405.76223422903
E745S_01834,825.00450694043,704.759073627852,750.209766850061,3817.04748048697,3438.64735817881,3972.62742365928
E745S_01835,1605.38956483,1429.44706707551,1478.61687204794,6074.72660713726,5201.92961452732,6062.36165618
E745S_01836,2943.06243535482,3041.87785249656,2808.57923283101,5489.53063719263,5201.92961452732,5320.29276544815
E745S_01838,18.21202002076,16.3054798525724,15.8564812015865,3.46269804700965,0.9878331968339,1.06619093495955
E745S_01839,538.165191613459,515.43433533965,531.192120253147,654.449930884824,607.517416052849,615.19216947166
E745S_01840,475.333722541837,522.681215274126,487.586796948784,422.449161735177,358.583450450706,360.372536016328
E745S_01841,1440.57078364212,1463.86974676428,1487.53614272383,1517.81597727256,1468.90796369201,1518.2558913824
E745S_01842,283.196911322819,267.228697583825,273.524300727367,211.224580867589,194.603139776278,226.032478211424
E745S_01843,246.772871281299,224.653277968775,200.188075170029,99.2640106809433,88.904987715051,113.016239105712
E745S_01844,1525.25667673865,1838.89578337344,1562.85442843137,27.7015843760772,47.4159934480272,38.3828736585438
E745S_01845,252.236477287527,258.17009766573,240.820308249095,278.170076443108,245.970466011641,259.08439719517
E745S_01846,588.24824667055,610.549634479655,644.169548814451,425.911859782187,389.206279552557,419.013037439103
E745S_01847,182.1202002076,166.678238492962,168.475112766856,72.7166589872026,92.8563205023866,97.0233750813189
E745S_01848,2124.43213542166,1983.83338206298,1975.12293967262,4134.46146812952,3595.7128364754,3834.02260211454
E745S_01849,1766.56594201372,1691.24060470848,1878.993022388,3221.46341640131,3366.53553480993,3462.98815674861
E745S_01850,860.517945980912,796.250932800619,831.474233008191,683.305747943238,721.118233688747,633.317415365972
E745S_01851,682.950750778502,690.265313758898,663.990150316434,677.534584531555,699.385903358401,681.296007439152
E745S_01852,2593.39165095623,2386.03521842643,2142.60702236437,2335.01271636684,2528.85298389479,2256.06001837441
E745S_01853,1745.62211898985,1775.48558394677,1711.50893969624,2475.8291036119,2214.7220273016,2390.40007617931
E745S_01854,3829.98781036584,3701.34392653393,3636.0893455388,6781.11700872723,6326.0837925243,6042.10402841576
E745S_01855,7879.43046198183,8929.06193926701,9994.53830737498,4337.60642022075,4899.65265629615,4679.51201353746
E745S_01856,471.691318537685,472.8589157246,458.846924770909,1024.95862191486,959.186034125717,1117.36809983761
E745S_01857,1272.10959845009,1309.87354815665,1315.09690965658,339.344408606946,364.510449631709,369.968254430963
E745S_01858,398.843238454645,294.404497338113,397.403060114761,62.3285648461737,79.026655746712,84.2290838618044
E745S_01859,709.358179808604,660.371934029182,574.79744355751,846.052556152691,828.792052143642,844.423220487963
E745S_01860,890.567779015166,910.389291768626,820.572902182101,2669.74019424444,2643.44163472752,2813.67787735825
E745S_01861,1357.70609254766,1423.10604713285,1257.61716530083,3751.25621759379,3522.61317990969,3836.15498398446
E745S_01862,83.7752920954962,75.186379320195,97.1209473597172,251.622724749368,251.897465192645,253.753442520373
E745S_01863,1227.49014939923,1128.70154979473,1035.62642847862,11283.7787025221,10262.5990819074,9120.19725764398
E745S_01864,227.650250259501,192.94817825544,185.322624043542,4089.4463935184,3687.58132378095,3494.9738847974
E745S_01865,142.964357162966,132.255558804198,153.609661640369,3181.06527251953,2833.10560851963,2667.60971926879
E745S_01866,1181.96009934733,1078.87925024521,1192.20918034428,489.394657310697,491.940932023282,458.462102032606
E745S_01867,227.650250259501,221.935697993347,199.19704509493,358.966364206667,357.595617253872,335.850144512258
E745S_01868,75.5798830861542,51.6340195331459,68.3810751818417,363.583294936013,298.325625443838,349.710626666732
E745S_01869,29.1392320332161,21.7406398034299,22.7936917272806,19.6219555997213,20.7444971335119,11.728100284555
E745S_01870,765.81544187296,782.663032923475,671.918390917227,361.27482957134,385.254946765221,378.49778191064
E745S_01871,432.535475493051,437.530376044026,426.142932292637,316.259754960215,329.936287742523,313.460134878107
E745S_01872,20.033222022836,28.0816597460969,21.8026616521814,16.1592575527117,31.6106622986848,36.2504917886247
E745S_01873,40.0664440456721,60.6926194512417,61.4438646561476,39.2439111994427,47.4159934480272,41.5814464634224
E745S_01874,79.2222870903062,68.8453593775279,76.309315782635,1310.05409445198,1073.77468495845,1171.74383752054
E745S_01875,216.723038247045,194.759898239059,201.179105245129,764.102035706796,689.507571390062,747.399845406644
E745S_01876,63.7420700726602,54.3515995085747,70.36313533204,235.463467196656,214.359803712956,237.760578495979
E745S_01877,49.1724540560521,55.2574595003842,50.5425338300569,122.348664327674,110.637318045397,98.0895660162785
E745S_01878,47.3512520539761,42.5754196150502,46.5784135296603,94.6470799515971,92.8563205023866,81.0305110569257
E745S_01879,87.4176960996482,74.2805193283854,62.4348947312468,120.040198963001,133.357481572577,114.082430040672
E745S_01880,10.016611011418,5.43515995085747,6.93721052569409,9.2338614586924,10.8661651651729,11.728100284555
E745S_01881,95.6131051089902,76.9980993038141,89.192706758924,66.9454955755199,70.1361569752069,74.6333654471684
E745S_01882,7.28480800830402,9.05859991809578,6.93721052569409,3.46269804700965,11.8539983620068,15.9928640243932
E745S_01883,6.37420700726602,3.62343996723831,2.97309022529747,2.3084653646731,2.9634995905017,3.19857280487865
E745S_01884,31.8710350363301,28.9875197379065,20.8116315770823,19.6219555997213,25.6836631176814,31.9857280487865
E745S_01885,11.837813013494,9.05859991809578,11.8923609011899,0,4.9391659841695,4.2647637398382
E745S_01886,2125.3427364227,2384.22349844281,2150.53526296517,2099.54924917018,2208.7950281206,2135.58044272398
E745S_01887,2113.5049234092,2116.08894086717,2013.77311260148,2049.91724382971,2072.47404695752,1906.34939170767
E745S_01888,9261.72278155752,10363.9441662934,11094.581690735,1879.0908068439,1967.76372809313,1912.74653731743
E745S_01889,8350.21117951848,6586.50800044744,6775.67262345293,1273.11864861721,1301.96415342708,1405.23965227669
E745S_01890,4524.77637415783,4512.99447919532,4402.15559359045,8611.730042913,7958.97206689074,8066.80061390395
E745S_01891,2285.60851260539,2433.13993800053,2366.57981933678,3469.62344310367,3612.50600082157,3580.26915959417
E745S_01892,2125.3427364227,1780.92074389763,1635.19962391361,769.873199118479,772.48555992411,816.702256179015
E745S_01893,522.684974595813,507.281595413364,508.398428525867,229.692303784973,249.921798798977,242.025342235818
E745S_01894,2908.45959731538,2728.45029533045,2693.6197441195,1620.54268600052,1424.45546983448,1435.09299845555
E745S_01895,2000.59039928049,1605.18390548657,1599.52254121004,1413.93503586227,1279.2439898999,1321.01056841488
E745S_01896,145.69616016608,149.46689864858,172.439233067253,109.652104821972,79.026655746712,103.420520691076
E745S_01897,6384.22361827743,6844.67809811317,6784.59189412882,6591.82284882404,6649.10524788898,6730.86337239963
E745S_01898,2024.26602530748,1732.91016433172,1758.0873532259,2651.27247132705,2565.40281217764,2630.29303654521
E745S_01899,7258.40057927392,6289.3859231339,6716.21081894698,8906.05937690882,8432.14416817417,8155.29446150559
E745S_01900,2877.49916328009,2887.88165388893,2876.96030801285,1064.2025331143,1031.29785749459,1092.84570833354
E745S_01901,1741.06911398466,1928.57592256259,1850.25315021012,1140.38189014851,1033.27352388826,1071.52188963435
E745S_01902,393.379632448417,372.308456633736,374.609368387481,564.419781662573,489.965265629615,498.977357561069
E745S_01903,268.627295306211,279.91073746916,256.676789450681,852.97795224671,732.972232050754,823.099401788772
E745S_01904,5527.34807630067,5967.8056260415,5907.53027766606,6280.18002459317,6685.65507617184,6883.32867609885
E745S_01905,96.5237061100282,98.738739107244,98.1119774348164,2681.28252106781,2741.23712121407,2950.15031703307
E745S_01906,118.37813013494,107.79733902534,115.950518786601,3573.50438451396,3293.43587824422,3798.83830126087
E745S_01907,136.5901501557,152.184478624009,141.717300739179,653.295698202487,680.617072618557,684.49458024403
E745S_01908,926.081218055648,905.859991809578,822.554962332299,910.689586363538,982.894030849731,930.784686219686
E745S_01909,1267.5565934449,1191.20588922959,1244.73377432454,1307.74562908731,1118.22717881598,1075.78665337418
E745S_01910,5690.34565548648,5369.03217145537,5568.59799198215,8105.02189536725,7717.94076686326,7578.48516569247
E745S_01911,1799.34757805109,1587.97256564219,1779.89001487808,639.444906014449,620.359247611689,583.206441422873
E745S_01912,744.871618849086,874.154892096243,817.599811956803,1901.0212278083,1767.23358913585,1822.12030784587
E745S_01913,1150.089064311,1289.94462833684,1289.330127704,191.602625267867,198.554472563614,196.179132032557
E745S_01914,128.394741146358,173.019258435629,165.502022541559,69.253960940193,78.0388225498781,67.1700289024516
E745S_01915,1107.29081726221,1212.94652903302,1239.77862394904,1578.9903094364,1497.55512640019,1565.16829252062
E745S_01916,8729.93179695133,8070.30666703153,7441.64483391956,4621.54766007555,4096.54426727018,4362.85330585447
E745S_01917,1161.92687732449,962.023311301772,1021.75200742723,580.579039215285,530.466426699805,537.360231219613
E745S_01918,2667.15033204031,2466.65675769748,2423.06853361743,1637.85617623556,1464.95663090467,1408.43822508156
E745S_01919,1937.75893020887,2159.57022047403,2173.32895469245,406.289904182466,395.13327873356,425.41018304886
E745S_01920,2200.01201850781,2010.10332182545,1836.37872915873,766.410501071469,681.604905815391,702.619826138343
E745S_01921,3145.21585758526,2839.87107432303,3016.69554860183,2771.31267029006,2629.61196997184,2535.40204333381
E745S_01922,1811.18539106459,1918.61146265269,1909.71495471607,1777.51833079829,1871.94390800024,1697.3759684556
E745S_01923,4198.78121578623,3985.78396396214,3890.78407483928,7889.18038377032,7330.71015370437,7061.38256223709
E745S_01924,1984.19958126181,1917.70560266088,1961.24851862123,4172.55114664663,3919.72212503692,3731.66827235842
E745S_01925,1629.06519085699,1644.13588513438,1466.72451114675,2363.86853342525,2321.40801255967,2369.07625748012
E745S_01926,5791.42236660169,5621.76710917024,5255.43248825082,10184.9491889377,10964.9484848563,10044.5847982539
E745S_01927,779.47445688853,891.366231940625,873.097496162356,1714.03553326978,1804.77125061554,1768.81076109789
E745S_01928,376.078213428695,406.7311363225,419.205721766943,394.7475773591,383.279280371553,324.122044227703
E745S_01929,133.858347152586,136.784858763246,128.83390976289,69.253960940193,75.0753229593764,71.4347926422898
E745S_01930,459.853505524191,489.164395577172,460.828984921107,358.966364206667,316.106622986848,379.563972845599
E745S_01931,317.799749362263,313.427557166114,336.950225533713,318.568220324888,278.56896150716,341.181099187056
E745S_01932,10.927212012456,6.34101994266704,9.91030075099155,3.46269804700965,1.9756663936678,3.19857280487865
E745S_01933,62.8314690716222,70.6570793611471,60.4528345810485,26.5473516937406,34.5741618891865,17.0590549593528
E745S_01934,19.122621021798,22.6464997952394,18.829571426884,5.77116341168275,7.9026655746712,8.52952747967639
E745S_01935,59.1890650674701,62.5043394348609,72.3451954822383,10.3880941410289,15.8053311493424,19.1914368292719
E745S_01936,1953.23914722651,2053.58460143231,1969.17675922202,1355.06916906311,1329.62348293843,1212.25909304901
E745S_01937,2060.690065349,1981.11580208755,2038.54886447896,1775.20986543361,1774.14842151369,1579.02877467509
E745S_01938,1528.89908074281,1705.73436457743,1659.97537579109,1437.019689509,1485.70112803819,1486.27016333361
E745S_01939,5701.27286749893,5747.68164803177,5591.39168370943,7327.06906747242,6634.28774993647,6544.27995878171
E745S_01941,267.716694305173,265.416977600206,295.326962379548,259.702353525724,232.140801255967,238.826769430939
E745S_01942,83.7752920954962,86.0566992219099,102.076097735213,70.4081936225295,59.269991810034,60.7728832926943
E745S_01943,43.7088480498241,60.6926194512417,51.5335639051561,33.4727477877599,25.6836631176814,26.6547733739887
E745S_01944,109.27212012456,121.385238902483,106.04021803561,139.662154562723,156.077645099756,107.685284430914
E745S_01945,13381.2817102534,14632.3564477001,14074.6091265582,2287.68917639104,2384.62933715704,2205.94904443131
E745S_01946,90.1494991027622,108.703199017149,105.04918796051,275.861611078435,260.78796396415,240.959151300858
E745S_01947,1265.73539144282,1128.70154979473,1039.59054877901,2374.25662756628,2335.23767731534,2115.32281495974
E745S_01948,98.3449081121042,97.8328791154344,79.2824060079324,139.662154562723,131.381815178909,133.273866869944
E745S_01949,5.46360600622801,19.0230598280011,10.9013308260907,35.781213152433,32.5984954955187,36.2504917886247
E745S_01950,16.390818018684,24.4582197788586,17.8385413517848,23.084653646731,41.4889942670238,35.1843008536651
E745S_01951,106.540317121446,128.63211883696,118.923609011899,148.896016021415,142.247980344082,166.32578585369
E745S_01952,313.246744357073,374.120176617356,381.546578913175,445.533815381908,414.889942670238,464.859247642363
E745S_01953,247.683472282337,202.006778173536,276.497390952664,118.885966280665,132.369648375743,131.141485000025
E745S_01954,29.1392320332161,45.2929995904789,42.6142932292637,25.3931190114041,24.6958299208475,29.8533461788674
E745S_01955,485.350333553255,509.999175388792,532.183150328246,955.704660974663,939.429370189039,929.718495284727
E745S_01956,1237.50676041065,1337.04934791094,1376.54077431273,3220.30918371897,3070.18557575976,3014.12177313064
E745S_01957,892.388981017242,984.669811097011,775.976548802639,3598.89750352536,3410.00019547062,4051.52555284629
E745S_01958,1.821202002076,0.905859991809578,0.991030075099155,2.3084653646731,0.9878331968339,3.19857280487865
E745S_01959,145.69616016608,128.63211883696,119.914639086998,293.175101313484,273.62979552299,303.864416463471
E745S_01960,346.938981395479,311.615837182495,302.264172905242,307.025893501522,331.911954136191,333.717762642339
E745S_01961,471.691318537685,532.645675184032,492.54194732428,888.759165399143,1035.24919028193,963.836605203432
E745S_01962,578.231635659131,518.151915315078,513.353578901362,1105.75490967841,1139.95950914632,1098.17666300834
E745S_01963,126.573539144282,140.408298730485,131.806999988188,410.906834911812,372.41311520638,379.563972845599
E745S_01964,3648.77821115928,3332.65890986744,3722.30896207243,102.726708727953,122.491316407404,133.273866869944
E745S_01965,4967.3284606623,4944.18383529668,4918.48226271711,274.707378396099,268.690629538821,282.54059776428
E745S_01966,6361.45859325148,5899.86612665578,6036.36418742896,481.315028534341,474.159934480272,444.601619878132
E745S_01967,647.43731173802,726.499713431281,702.640323245301,615.206019685381,593.687751297174,532.029276544815
E745S_01968,1345.86827953417,1343.3903678536,1446.90390964477,1447.40778365003,1474.83496287301,1263.43625792707
E745S_01969,586.427044668474,575.221094799082,632.277187913261,303.563195454513,239.055633633804,280.408215894361
E745S_01970,644.705508734906,671.242253930897,679.846631518021,341.652873971619,330.924120939357,324.122044227703
E745S_01971,1029.88973217398,964.7408912772,1073.28557133239,312.797056913205,342.778119301363,291.070125243957
E745S_01972,1503.40225271374,1702.1109246102,1632.22653368831,1203.86468767702,1207.13216653103,1227.18576613844
E745S_01973,85.5964940975722,81.527399262862,88.2016766838248,116.577500915992,131.381815178909,119.413384715469
E745S_01974,935.187228066028,855.131832268241,874.088526237455,5394.88355724103,5027.08313868772,4968.4497569115
E745S_01975,3666.99023118004,3473.06720859792,3561.76208990636,708.698866954642,712.227734917242,829.496547398529
E745S_01976,5510.95725828199,4840.91579623038,4890.73342061433,1654.01543378828,1591.39928009941,1620.61022113851
E745S_01977,1446.03438964835,1329.80246797646,1409.244766791,889.91339808148,893.001209937846,927.586113414808
E745S_01978,104.71911511937,78.8098192874333,97.1209473597172,49.6320053404716,55.3186590226984,49.0447830081392
E745S_01979,43.7088480498241,38.9519796478118,33.6950225533713,24.2388863290675,27.6593295113492,21.323818699191
E745S_01980,114.735726130788,123.196958886103,143.699360889378,87.7216838575778,71.1239901720408,69.3024107723707
E745S_01981,113.82512512975,153.996198607628,118.923609011899,105.035174092626,102.734652470726,113.016239105712
E745S_01982,1585.35634280716,1624.20696531457,1554.92618783057,2070.69343211177,2177.18436582192,2043.88802231746
E745S_01983,608.281468693385,643.1605941848,662.008090166236,3605.82289961938,3396.17053071495,3247.61758788679
E745S_01984,178.477796203448,141.314158722294,152.61863156527,2666.27749619743,2904.22959869167,2771.03023995987
E745S_01985,588.24824667055,601.49103456156,514.344608976462,2333.8584836845,2132.73187196439,2234.73619967521
E745S_01986,4617.65767626371,4634.3797180978,4281.24992442835,4180.63077542298,4595.4000316713,4141.08559138289
E745S_01987,540.896994616573,512.716755364221,488.577827023884,925.694611233913,940.417203385873,913.725631260333
E745S_01988,765.81544187296,721.064553480424,738.317405948871,2705.52140739687,2534.77998307579,2773.16262182979
E745S_01989,1102.73781225702,1102.43161003226,1134.72943598853,1476.26360070845,1337.5261485131,1329.54009589456
E745S_01990,91.9707011048382,87.868419205529,95.1388872095189,91.1843819045874,90.8806541087188,93.8248022764403
E745S_01991,276.822704315553,240.958757821348,265.596060126574,197.37378867955,187.688307398441,208.973423252072
E745S_01992,805.881885918632,643.1605941848,651.106759340145,626.748346508747,615.42008162752,654.641234065163
E745S_01993,1490.65383869921,1262.76882858255,1289.330127704,722.54965914268,716.179067704578,691.957916788747
E745S_01994,4563.93221720247,4301.02324111187,4091.96318008441,4254.50166709252,4007.63927955513,4007.81172451294
E745S_01995,941.561435073294,981.952231121582,941.478571344198,1030.72978532654,1091.55568250146,1037.40377971564
E745S_01996,1568.05492378744,1771.86214397953,1744.21293217451,1578.9903094364,1711.91493011315,1679.25072256129
E745S_01997,165.729382188916,225.559137960585,199.19704509493,92.338614586924,96.8076532897222,88.4938476016426
E745S_01998,4110.45291868554,3926.90306449452,3806.54651845586,1617.07998795351,1640.79093994111,1663.2578585369
E745S_01999,4496.54774312565,4224.93100179987,4260.43829285127,2931.75101313484,2877.55810237715,2873.38456971598
E745S_02000,2439.50008178081,2604.34747645254,2693.6197441195,1897.55852976129,1834.40624652055,1899.95224609792
E745S_02001,1609.03196883415,1599.74874553571,1563.84545850647,367.045992983023,324.997121758353,371.034445365923
E745S_02002,2374.84741070711,2324.43673898338,2385.40939076367,595.58406408566,615.42008162752,596.000732642388
E745S_02003,505.383555576091,496.411275511649,469.748255597,201.990719408896,196.578806169946,179.120077073204
E745S_02004,1245.70216941999,1040.8331305892,1105.98956381066,594.429831403323,571.955420966828,549.088331504168
E745S_02005,1380.47111757361,1558.98504590428,1414.19991716649,976.480849256721,956.222534535216,1049.1318800002
E745S_02006,4911.78179959898,4602.67461838446,4534.95362365374,4237.18817685747,4012.5784455393,4017.40744292758
E745S_02007,495.366944564673,496.411275511649,504.43430822547,750.251243518757,746.801896806429,681.296007439152
E745S_02008,2537.84498989291,2412.30515818891,2431.98780429333,3085.2639598856,3123.52856838879,3080.22561109814
E745S_02009,513.578964585433,542.610135093937,567.860233031816,510.170845592755,512.685429156794,504.308312235867
E745S_02010,6635.54949456392,6819.3140183425,6655.75798436593,2167.64897742804,2069.51054736702,2059.88088634185
E745S_02011,500.830550570901,387.708076494499,339.92331575901,371.662923712369,400.07244471773,414.748273699265
E745S_02012,725.748997827288,573.409374815463,582.725684158303,1012.26206240915,999.687195195907,942.512786504241
E745S_02013,640.152503729716,643.1605941848,665.972210466632,1285.81520812292,1278.25615670307,1217.5900477238
E745S_02014,973.432470109624,904.048271825959,1004.90449615054,1426.63159536798,1389.8813079453,1342.33438711407
E745S_02015,578.231635659131,585.185554708987,576.779503707708,1221.17817791207,1247.63332760122,1108.83857235793
E745S_02016,6153.84156501482,5589.1561494651,5412.01524011649,2504.68492067031,2384.62933715704,2338.15672036629
E745S_02017,34.6028380394441,31.7050997133352,27.7488421027763,71.5624263048661,47.4159934480272,70.3686017073302
E745S_02018,103.808514118332,144.937598689532,115.950518786601,123.502897010011,121.50348321057,127.942912195146
E745S_02019,742.139815845972,787.192332882523,740.299466099069,2118.01697208757,1921.33556784194,1911.68034638247
E745S_02020,408.859849466063,412.166296273358,397.403060114761,402.827206135456,414.889942670238,404.086364349669
E745S_02021,912.422203040078,830.673612489383,797.77921045482,774.490129847825,807.059721813297,1018.21234288637
E745S_02022,1770.20834601788,1728.38086437267,1869.08272163701,3410.7575763045,3294.42371144106,3292.39760715509
E745S_02023,931.544824061876,838.826352415669,860.214105186067,1522.43290800191,1464.95663090467,1427.62966191084
E745S_02024,427.071869486823,457.459295863837,435.062202968529,645.216069426131,617.395748021188,566.14738646352
E745S_02025,709.358179808604,644.972314168419,705.613413470599,849.515254199701,874.232379198002,895.600385366021
E745S_02026,1153.73146831515,1125.0781098275,1009.85964652604,1427.78582805031,1501.50645918753,1414.83537069132
E745S_02027,743.05041684701,789.004052866142,787.868909703828,1150.76998428954,1202.19300054686,1146.15525508152
E745S_02028,580.963438662245,522.681215274126,541.102421004139,128.119827739357,125.454815997905,102.354329756117
E745S_02029,1440.57078364212,1077.06753026159,1094.09720290947,768.718966436142,741.862730822259,686.62696211395
E745S_02030,682.040149777464,569.785934848224,604.528345810485,503.245449498736,495.892264810618,485.116875406595
E745S_02031,985.270283123118,827.050172522145,857.241014960769,639.444906014449,662.836075075547,654.641234065163
E745S_02032,2240.07846255349,2028.22052166164,1988.997360724,1442.79085292069,1697.09743216064,1573.69782000029
E745S_02033,7945.90433505761,8375.58148427136,7871.75188651259,3753.56468295846,3716.22848648913,3599.46059642344
E745S_02034,168.46118519203,151.278618632199,138.744210513882,5340.63462117122,4530.20304068027,5189.15128044812
E745S_02035,77.4010850882302,62.5043394348609,56.4887142806519,1772.90140006894,1673.38943543663,1835.98079000034
E745S_02036,122.93113514013,143.125878705913,106.04021803561,1647.09003769426,1651.65710510628,1933.00416508166
E745S_02037,130.215943148434,115.950078951626,114.959488711502,311.642824230868,283.508127491329,352.909199471611
E745S_02038,268.627295306211,288.063477395446,282.443571403259,144.279085292069,135.333147966244,135.406248739863
E745S_02039,242.219866276109,211.065378091632,239.829278173996,76.1793570342123,83.9658217308815,62.9052651626134
E745S_02040,246.772871281299,206.536078132584,179.376443592947,62.3285648461737,82.9779885340476,77.8319382520471
E745S_02041,408.859849466063,521.775355282317,527.227999952751,313.951289595542,282.520294294495,303.864416463471
E745S_02042,61.9208680705842,70.6570793611471,67.3900451067426,11.5423268233655,16.7931643461763,6.39714560975729
E745S_02043,166.639983189954,191.136458271821,174.421293217451,63.4827975285102,60.2578250068679,76.7657473170875
E745S_02044,33.6922370384061,38.0461196560023,51.5335639051561,19.6219555997213,20.7444971335119,17.0590549593528
E745S_02045,525.416777598927,482.823375634505,493.532977399379,392.439111994427,412.91427627657,377.43159097568
E745S_02046,1706.46627594522,1718.41640446277,1714.48202992154,966.092755115692,1018.45602593575,975.564705487987
E745S_02047,3.64240400415201,2.71757997542873,4.95515037549578,1.15423268233655,1.9756663936678,3.19857280487865
E745S_02048,8364.78079553509,8285.90134508221,8195.81872107001,7834.9314477005,7711.02593448543,9725.79370870101
E745S_02049,36768.2472199125,36787.8801273788,36966.4128312736,44347.9281207349,43577.2736451307,50756.0194587493
E745S_02050,328.726961374719,328.827177026877,364.699067636489,255.085422796378,281.532461097662,274.011070284604
E745S_02051,7354.01368438291,6994.14499676175,7020.45705200242,1461.25857583807,1402.72313950414,1430.82823471571
E745S_02052,186942.743109098,204381.943072061,194873.180877273,40012.6301658788,44380.3820341566,40520.5864831377
E745S_02053,5514.59966228614,4948.71313525572,4472.51872892249,4433.40773285469,4174.58308982006,4529.17909170816
E745S_02054,2737.26660912023,2491.11497747634,2329.91170655811,2234.59447300356,2159.40336827891,2246.46429995977
E745S_02055,22700.3723548764,28271.8903443769,27439.6407193454,6042.40809203184,6108.76048922084,6095.41357516374
E745S_02056,9.10601001038002,12.6820398853341,6.93721052569409,19.6219555997213,12.8418315588407,15.9928640243932
E745S_02057,28.2286310321781,20.8347798116203,18.829571426884,36.9354458347696,44.4524938575255,30.9195371138269
E745S_02058,32.7816360373681,33.5168196969544,41.6232631541645,61.1743321638371,74.0874897625425,76.7657473170875
E745S_02059,73.7586810840782,65.2219194102896,70.36313533204,154.667179433098,147.187146328251,175.921504268326
E745S_02060,466.227712531457,420.319036199644,385.510699213571,2752.84494737267,3045.48974583892,2750.77261219564
E745S_02061,356.955592406897,486.446815601743,374.609368387481,101.572476045616,115.576484029566,95.9571841463594
E745S_02062,40.0664440456721,50.7281595413364,35.6770827035696,2.3084653646731,0.9878331968339,4.2647637398382
E745S_02063,605.549665690271,618.702374405942,610.47452626108,333.573245195263,361.546950041208,366.769681626085
E745S_02064,2597.03405496038,2653.26391601025,2611.36424788627,7493.27857372888,7034.3601946542,6839.61484776551
E745S_02065,2234.61485654726,2049.05530147326,2000.88972162519,6290.5681187342,6172.96964701504,6366.22607264347
E745S_02066,2688.09415506418,2807.26011461788,2747.13536817486,9611.29554581645,9777.57298226195,9449.65025654648
E745S_02067,7769.24774085624,7555.77819168369,7867.78776621219,5027.83756425801,4665.53618864651,4707.23297784641
E745S_02068,1191.97671035875,1367.84858763246,1334.91751115856,859.90334834073,915.721373465026,926.519922479848
E745S_02069,4397.29223401251,4263.88298144768,4296.11537555484,3455.77265091563,3226.26322085952,3101.54942979733
E745S_02070,5223.20734195398,5156.15507338012,5062.18162360649,4626.16459080489,4276.32990909395,4368.18426052927
E745S_02071,1415.07395561306,1400.45954733761,1567.80957880686,1995.66830775989,2008.26488916332,1826.38507158571
E745S_02072,3136.10984757488,3259.28425053086,3417.07169894189,1939.1109063254,1831.44274693005,1854.10603589466
E745S_02073,5261.45258399758,5074.62767411725,5434.80893184377,5652.27744540208,6238.16663800608,5860.85156947264
E745S_02074,742.139815845972,800.780232759667,964.272263071478,1095.36681553739,1059.94502020278,1003.28566979694
E745S_02075,1222.026543393,1310.77940814846,1262.57231567632,614.051787003045,637.152411957866,627.986460691174
E745S_02076,1039.9063431854,1004.59873091682,939.496511193999,2234.59447300356,2151.50070270424,2143.04377926869
E745S_02077,1446.03438964835,1306.25010818941,1386.45107506372,615.206019685381,612.456582037018,752.730800081442
E745S_02078,8067.9248691967,7464.28633251092,7689.40235269435,6514.48925910749,6107.77265602401,6897.18915825332
E745S_02079,580.052837661207,511.810895372411,584.707744308502,1224.64087595908,1217.9983316962,1206.92813837421
E745S_02080,2587.01744394896,2547.27829696853,2708.48519524599,5749.23299071835,5575.33056293053,5407.72042211483
E745S_02081,2411.27145074863,2867.04687407731,2634.15793961355,537.872429968832,574.91892055733,570.412150203359
E745S_02082,2962.18505637662,2949.48013333199,3074.17529295758,1009.95359704448,1202.19300054686,1028.87425223596
E745S_02083,1192.88731135978,1401.36540732942,1167.43342846681,383.205250535735,420.816941851242,355.04158134153
E745S_02084,1865.82145112687,1833.46062342259,1955.30233817063,937.236938057279,1055.99368741544,851.88655703268
E745S_02085,1160.10567532241,1073.44409029435,972.200503672271,509.016612910418,521.575927928299,489.381639146433
E745S_02086,3215.33213466519,3212.17953095676,3204.00023279557,4845.46880044884,4896.68915670564,4723.2258418708
E745S_02087,2315.65834563964,2027.31466166984,2129.72363138808,3900.1522336152,4070.8606041525,3822.29450182998
E745S_02088,2115.32612541128,2114.27722088355,2232.7907591984,3114.11977694401,2950.65775894286,2740.11070284604
E745S_02089,3863.68004740424,3700.43806654212,3798.61827785506,6304.41891092224,5968.48817527043,5791.54915870027
E745S_02090,1557.12771177498,1705.73436457743,1657.00228556579,582.887504579958,548.247424242815,565.081195528561
E745S_02091,173.01419019722,213.78295806706,199.19704509493,73.8708916695392,75.0753229593764,68.2362198374111
E745S_02092,2435.85767777666,2549.99587694396,2638.12205991395,1042.2721121499,1101.4340144698,1033.1390159758
E745S_02094,181.209599206562,195.665758230869,217.035586446715,57.7116341168275,59.269991810034,54.375737682937
E745S_02095,4847.12912852529,4805.58725654981,4439.81473644422,600.200994815006,574.91892055733,661.03837967492
E745S_02096,313.246744357073,334.262336977734,357.761857110795,549.414756792198,546.271757849147,481.918302601716
E745S_02097,59954.8805093431,67103.3906132781,61921.5411523454,12081.3534860167,11575.4294004996,11457.2877870753
E745S_02098,20408.3896352637,22422.7523772625,21375.5276898137,5078.62380228082,4606.26619683648,4709.36535971633
E745S_02099,65004.1630600988,58894.4873674997,58021.8378068302,19368.0244096073,17683.2020565237,17151.8135706943
E745S_02100,7127.27403512444,7449.79257264197,7223.61821739774,12186.3886601093,12022.9178386654,12430.7201106934
E745S_02101,4871.71535555331,4846.35095618124,4859.02045821116,12562.668514551,11438.1205861397,11116.1066878883
E745S_02102,11720.3454843601,12057.9023509773,11224.406630573,37781.4983909223,34322.2644239939,34492.3429368764
E745S_02103,5072.04757578167,4844.53923619762,5079.02913488317,8725.99907846432,8491.41415998421,8705.44898394472
E745S_02104,5123.0412318398,4965.0186151083,5534.90296942878,7160.85956121596,7618.16961398304,7201.05357471679
E745S_02105,371.525208423505,370.496736650117,444.972503719521,737.554684013055,713.215568114076,689.825534918828
E745S_02106,783.116860892682,678.489133865374,706.604443545698,642.907604061458,594.675584494008,647.177897520446
E745S_02107,6082.81468693386,6065.63850515693,5655.80863859088,11029.8475124081,10696.2578553175,10809.0436986199
E745S_02108,9643.26460099244,10616.6791040083,9676.41765326815,20531.4909534025,19174.8301837428,20351.4525665079
E745S_02109,3031.39073245551,3637.93372710726,3622.21492448741,5177.88781296176,6057.39316298548,5768.09295813116
E745S_02110,1674.59524090889,1603.37218550295,1678.80494721797,3044.86581600382,3011.90341714656,3055.70321959407
E745S_02111,2505.97395485658,2470.28019766472,2588.57055615899,4801.60795852005,4450.18855173672,4424.69238008213
E745S_02112,347.849582396517,346.038516871259,394.429969889464,472.081167075649,405.999443898733,375.299209105761
E745S_02113,1782.04615903137,1734.72188431534,1824.48636825754,2423.88863290675,2427.10616462089,2247.53049089473
E745S_02114,2127.16393842477,2240.19175974509,2219.90736822211,3044.86581600382,2921.02276303784,2730.5149844314
E745S_02115,1581.71393880301,1491.95140651037,1537.08764647879,1911.40932194933,1851.19941086673,1556.63876504094
E745S_02116,8263.70408441987,8150.02234631077,8009.50506695137,11789.3326173855,11469.7312484384,11201.401962685
E745S_02117,78.3116860892682,60.6926194512417,75.3182857075358,124.657129692347,120.515650013736,117.28100284555
E745S_02118,474.423121540799,549.857015028414,503.443278150371,1046.88904287925,1000.67502839274,1097.11047207338
E745S_02119,114.735726130788,105.985619041721,124.869789462494,95.8013126339336,112.612984439065,120.479575650429
E745S_02120,3481.22762696828,3069.05365225085,3114.80752603664,4142.54109690588,4384.00372754885,4086.70985369995
E745S_02121,6628.26468655562,6415.30046199543,6153.30573629066,8896.82551545013,9158.20156784709,10064.8424260181
E745S_02122,875.08756199752,1046.26829054006,1029.68024802802,1876.78234147923,1858.11424324457,1864.76794524425
E745S_02123,13261.0823781164,11777.0857535163,11219.4514801975,7277.43706213195,6975.09020284417,7249.03216678997
E745S_02124,4801.59907847339,4666.99067780294,4602.34366876048,2744.76531859632,2803.47061261461,2618.56493626065
E745S_02125,3989.34298554749,4003.90116379833,3910.60467634127,1837.53843027979,1873.91957439391,1682.44929536617
E745S_02126,3480.31702596724,2984.80867301256,3100.93310498526,2248.4452651916,2187.06269779026,2076.9399413012
E745S_02127,7064.44256605282,7397.25269311701,7619.03921736231,5716.91447561293,5662.25988425192,5201.94557166764
E745S_02128,27174.1550729761,25590.5447686206,24776.742907554,16592.0948085879,17056.915809731,16652.8362131332
E745S_02129,19651.6802034011,17562.8135212041,18644.2488028404,17381.5899633061,16429.6417297414,16486.5104272795
E745S_02130,4205.15542279349,3816.38814549375,4062.23227783144,6265.17499972279,5920.08434862557,5980.26495418811
E745S_02131,9158.82486844023,9132.88043742416,8425.73769849302,13194.0337917891,13181.6461785516,12917.9693679699
E745S_02132,14759.931625825,14154.9682320165,13341.2468709848,19625.4182977684,19551.1946317366,19737.3265879712
E745S_02133,17143.8850465425,17465.8865020805,15880.2659233889,21383.3146729669,19170.8788509555,18199.8792597595
E745S_02134,12854.9543316535,12955.6096028606,13151.9601266409,2801.32272003081,2904.22959869167,2808.34692268345
E745S_02135,5066.58396977544,4914.29045556696,4967.04273639697,2691.67061520883,2833.10560851963,2879.78171532574
E745S_02136,1452.40859665561,1608.80734545381,1832.41460885834,642.907604061458,616.407914824354,585.338823292792
E745S_02137,315.978547360187,277.193157493731,289.380781928953,354.349433477321,339.814619710862,334.783953577298
E745S_02138,1515.24006572724,1793.60278378296,1793.76443592947,1476.26360070845,1407.66230548831,1395.64393386205
E745S_02139,2162.67737746526,2295.44921924547,2389.37351106406,2130.71353159327,2175.20869942825,2166.4999798378
E745S_02140,3290.91201775134,3321.78858996572,3181.20654106829,3094.49782134429,2954.6090917302,2938.42221674852
E745S_02141,2055.22645934277,2137.8295806706,1922.59834569236,3813.58478243996,3928.61262380842,3904.39120382187
E745S_02142,75.5798830861542,74.2805193283854,66.3990150316434,3253.78193150673,2800.50711302411,3661.29967065109
E745S_02143,117.467529133902,140.408298730485,96.1299172846181,5045.15105449306,5130.80562435528,6614.64856048904
E745S_02144,179.388397204486,168.489958476581,148.654511264873,6619.52443320011,6238.16663800608,9185.23490467651
E745S_02145,6.37420700726602,4.52929995904789,1.98206015019831,204.299184773569,164.968143871261,230.297241951263
E745S_02146,1.821202002076,0.905859991809578,0.991030075099155,65.7912628931833,41.4889942670238,56.5081195528561
E745S_02147,5.46360600622801,3.62343996723831,3.96412030039662,62.3285648461737,61.2456582037018,72.5009835772493
E745S_02148,300.498330342541,272.663857534683,238.838248098896,513.633543639765,539.35692547131,555.485477113925
E745S_02149,236.756260269881,274.475577518302,324.066834557424,1386.2334514862,1928.25040021977,1616.34545739868
E745S_02151,523.595575596851,575.221094799082,572.815383407312,924.540378551576,1002.65069478641,930.784686219686
E745S_02152,129.305342147396,134.067278787818,135.771120288584,204.299184773569,233.1286344528,243.091533170777
E745S_02153,628.314690716222,650.407474119277,657.05293979074,701.773470860622,782.363891892449,741.002699796887
E745S_02154,1072.68797922277,1027.24523071206,1008.86861645094,684.459980625574,757.668061971602,661.03837967492
E745S_02155,345.117779393403,335.168196969544,329.02198493292,250.468492067031,250.909631995811,229.231051016303
E745S_02156,427.071869486823,439.342096027645,446.954563869719,448.996513428918,423.780441441743,425.41018304886
E745S_02157,1059.93956520823,1223.81684893474,1236.80553372375,1007.64513167981,1057.96935380911,1054.46283467499
E745S_02158,96.5237061100282,115.044218959816,116.9415488617,2148.02702182832,2238.43002402562,2125.98472430934
E745S_02159,10.927212012456,15.3996198607628,15.8564812015865,196.219555997213,250.909631995811,194.046750162638
E745S_02160,39.1558430446341,35.3285396805735,35.6770827035696,337.035943242273,430.695273819581,321.989662357784
E745S_02161,11.837813013494,4.52929995904789,10.9013308260907,136.199456515713,119.527816816902,132.207675934984
E745S_02162,191.22621021798,183.889578337344,201.179105245129,1101.13797894907,1226.8888304677,1206.92813837421
E745S_02163,135.679549154662,124.102818877912,119.914639086998,1118.45146918412,1179.47283701968,1135.49334573192
E745S_02164,35.5134390404821,53.4457395167651,32.7039924782721,367.045992983023,387.230613158889,343.313481056975
E745S_02166,70.1162770799262,72.4687993447662,84.2375563834282,581.733271897621,575.906753754164,528.830703739936
E745S_02167,21.8544240249121,22.6464997952394,10.9013308260907,163.90104089179,152.126312312421,212.17199605695
E745S_02168,5.46360600622801,3.62343996723831,2.97309022529747,17.3134902350482,15.8053311493424,37.3166827235842
E745S_02169,6.37420700726602,6.34101994266704,5.94618045059493,47.3235399757985,42.4768274638577,38.3828736585438
E745S_02170,34.6028380394441,28.9875197379065,22.7936917272806,195.065323314877,170.895143052265,182.318649878083
E745S_02171,11.837813013494,13.5878998771437,8.9192706758924,68.0997282578564,82.9779885340476,59.7066923577347
E745S_02172,26.4074290301021,32.6109597051448,15.8564812015865,181.214531126838,187.688307398441,185.517222682962
E745S_02173,17.301419019722,11.7761798935245,17.8385413517848,83.1047531282316,84.9536549277154,70.3686017073302
E745S_02180,17.301419019722,27.1757997542873,22.7936917272806,10.3880941410289,14.8174979525085,23.4562005691101
E745S_02181,5.46360600622801,4.52929995904789,2.97309022529747,72.7166589872026,79.026655746712,84.2290838618044
E745S_02182,16.390818018684,13.5878998771437,13.8744210513882,87.7216838575778,70.1361569752069,73.5671745122089
E745S_02183,21.8544240249121,27.1757997542873,12.883390976289,64.6370302108468,79.026655746712,99.155756951238
E745S_02184,13.65901501557,7.24687993447662,13.8744210513882,61.1743321638371,58.2821586132001,59.7066923577347
E745S_02185,89.2388981017242,106.89147903353,105.04918796051,483.623493899014,525.527260715635,509.639266910664
E745S_02186,29.1392320332161,30.7992397215256,28.7398721778755,317.413987642551,348.705118482367,293.202507113876
E745S_02187,2.73180300311401,1.81171998361916,4.95515037549578,237.771932561329,192.627473382611,173.789122398406
E745S_02188,44.6194490508621,45.2929995904789,40.6322330790654,464.001538299293,469.220768496103,414.748273699265
E745S_02189,11.837813013494,15.3996198607628,17.8385413517848,387.822181265081,350.680784876035,367.835872561044
E745S_02190,1.821202002076,3.62343996723831,1.98206015019831,103.880941410289,127.430482391573,114.082430040672
E745S_02191,1.821202002076,0,0.991030075099155,47.3235399757985,39.513327873356,34.1181099187056
E745S_02192,0,0,0,15.0050248703751,16.7931643461763,11.728100284555
E745S_02193,4.55300500519001,5.43515995085747,8.9192706758924,148.896016021415,164.968143871261,158.862449308973
E745S_02194,20.9438230238741,11.7761798935245,20.8116315770823,355.503666159657,331.911954136191,341.181099187056
E745S_02195,1.821202002076,0.905859991809578,1.98206015019831,58.865866799164,64.2091577942035,63.9714560975729
E745S_02196,76.4904840871922,67.0336393939088,94.1478571344198,1148.46151892487,1240.71849522338,1157.88335536607
E745S_02198,12.748414014532,9.96445990990535,7.92824060079324,81.950520445895,79.026655746712,77.8319382520471
E745S_02199,71.9374790820022,60.6926194512417,86.2196165336265,252.776957431704,290.422959869167,281.474406829321
E745S_02200,138.411352157776,188.418878296392,144.690390964477,465.15577098163,438.597939394252,463.793056707404
E745S_02201,92.8813021058762,90.5859991809578,78.2913759328333,247.005794020022,230.165134862299,200.443895772395
E745S_02214,40.9770450467101,41.6695596232406,31.712962403173,27.7015843760772,32.5984954955187,34.1181099187056
E745S_02215,63.7420700726602,72.4687993447662,85.2285864585274,96.9555453162702,64.2091577942035,88.4938476016426
E745S_02217,27.3180300311401,19.0230598280011,26.7578120276772,39.2439111994427,55.3186590226984,31.9857280487865
E745S_02218,202.153422230437,201.100918181726,224.963827047508,564.419781662573,560.101422604822,517.102603455381
E745S_02219,390.647829445303,442.059676003074,411.277481166149,552.877454839207,542.320425061811,487.249257276514
E745S_02220,409.770450467101,369.590876658308,388.483789438869,494.011588040043,521.575927928299,464.859247642363
E745S_02221,5500.94064727057,5378.99663136527,5449.67438297026,4037.50592281325,4304.97707180214,3776.44829162672
E745S_02222,5265.09498800173,4734.02431719685,4622.16427026246,6021.63190374978,6035.66083265513,5593.23764479779
E745S_02223,307.783138350845,263.605257616587,264.605030051474,424.75762709985,411.926443079736,432.873519593577
E745S_02224,54.6360600622801,46.1988595822885,41.6232631541645,51.9404707051447,38.5254946765221,44.7800192683011
E745S_02225,35.5134390404821,26.2699397624778,26.7578120276772,30.0100497407503,35.5619950860204,34.1181099187056
E745S_02226,46.4406510529381,52.5398795249555,46.5784135296603,48.4777726581351,53.3429926290306,42.647637398382
E745S_02227,32.7816360373681,31.7050997133352,24.7757518774789,40.3981438817792,38.5254946765221,41.5814464634224
E745S_02228,12.748414014532,20.8347798116203,15.8564812015865,9.2338614586924,21.7323303303458,20.2576277642314
E745S_02229,179.388397204486,164.866518509343,149.645541339972,243.543095973012,221.274636090794,231.363432886222
E745S_02230,114.735726130788,121.385238902483,148.654511264873,170.826436985809,190.651806988943,158.862449308973
E745S_02231,856.87554197676,832.485332473002,841.384533759183,804.500179588575,842.621716899317,850.82036609772
E745S_02232,135.679549154662,131.349698812389,155.591721790567,263.165051572733,217.323303303458,236.69438756102
E745S_02233,42.7982470487861,29.8933797297161,39.6412030039662,20.7761882820579,25.6836631176814,23.4562005691101
E745S_02234,3.64240400415201,8.1527399262862,0.991030075099155,4.6169307293462,2.9634995905017,2.1323818699191
E745S_02235,49.1724540560521,42.5754196150502,30.7219323280738,38.0896785171061,42.4768274638577,44.7800192683011
E745S_02236,249.504674284413,200.195058189917,199.19704509493,330.110547148253,304.252624624841,311.327753008188
E745S_02237,1560.77011577914,871.437312120814,901.837368340231,1333.13874809872,1301.96415342708,1317.81199561
E745S_02238,1269.37779544698,1084.31441019606,1246.71583447474,945.316566833634,953.259034944714,846.555602357882
E745S_02239,61.9208680705842,49.8222995495268,50.5425338300569,107.343639457299,93.8441536992205,100.221947886198
E745S_02240,991.644490130384,856.037692260051,858.232045035869,1205.01892035936,1094.51918209196,1174.94241032542
E745S_02241,712.089982811718,876.872472071671,775.976548802639,1427.78582805031,1372.10031040229,1333.8048596344
E745S_02242,1621.78038284868,1498.29242645304,1503.39262392542,3473.08614115068,3287.50887906322,3431.00242869983
E745S_02243,3697.95066521533,4272.03572137397,3993.8512026496,1383.92498612152,1536.08062107672,1445.75490780515
E745S_02244,108.361519123522,125.914538861531,116.9415488617,162.746808209454,168.919476658597,198.311513902476
E745S_02245,478.065525544951,453.835855896598,478.667526272892,156.975644797771,132.369648375743,172.722931463447
E745S_02246,858.696743978836,904.954131817768,1014.81479690154,455.921909522937,471.196434889771,436.072092398455
E745S_02247,35.5134390404821,20.8347798116203,33.6950225533713,23.084653646731,27.6593295113492,26.6547733739887
E745S_02248,1440.57078364212,1368.75444762427,1272.48261642732,943.008101468961,927.575371827032,887.070857886345
E745S_02249,2709.03797808806,2612.50021637882,2570.73201480721,5004.75291061128,4856.18799563545,4878.8897183749
E745S_02250,566.393822645637,546.233575061175,543.084481154337,650.987232837814,673.70224024072,627.986460691174
E745S_02251,4186.0328017717,4187.79074213568,4260.43829285127,4252.19320172785,4606.26619683648,4334.06615061057
E745S_02252,43.7088480498241,49.8222995495268,55.4976842055527,106.189406774963,112.612984439065,115.148620975631
E745S_02253,219.454841250159,243.676337796776,222.98176689731,352.040968112648,360.559116844374,318.791089552905
E745S_02254,209.438230238741,205.630218140774,209.107345845922,206.607650138242,223.250302484461,188.71579548784
E745S_02255,101.076711115218,90.5859991809578,94.1478571344198,109.652104821972,103.72248566756,91.6924204065212
E745S_02256,44.6194490508621,59.7867594594321,56.4887142806519,13.8507921880386,17.7809975430102,14.9266730894337
E745S_02257,35.5134390404821,32.6109597051448,27.7488421027763,12.696559505702,12.8418315588407,13.8604821544741
E745S_02258,3.64240400415201,7.24687993447662,11.8923609011899,25.3931190114041,31.6106622986848,47.9785920731797
E745S_02259,1.821202002076,0,3.96412030039662,5.77116341168275,0.9878331968339,3.19857280487865
E745S_02260,33.6922370384061,28.0816597460969,36.6681127786687,19.6219555997213,20.7444971335119,12.7942912195146
E745S_02261,1628.15458985595,1659.53550499515,1638.1727141389,1198.09352426534,1181.44850341334,1167.47907378071
E745S_02262,3023.19532344617,3160.54551142362,3264.45306737662,1393.15884758022,1436.30946819649,1479.87301772385
E745S_02263,558.198413636295,520.869495290507,518.308729276858,862.211813705403,829.779885340476,810.305110569257
E745S_02264,382.452420435961,395.860816420785,406.322330790654,728.320822554363,662.836075075547,624.787887886296
E745S_02265,1896.78188516216,1898.68254283288,1852.23521036032,3653.14643959518,3484.08768523317,3405.4138462608
E745S_02266,2121.70033241855,2390.56451838548,2304.14492460554,3636.98718204247,3436.67169178514,3370.22954540713
E745S_02267,459.853505524191,476.482355691838,481.64061649819,672.917653802209,632.213245973696,610.927405731822
E745S_02268,62.8314690716222,73.3746593365758,91.1747669091223,91.1843819045874,107.673818454895,88.4938476016426
E745S_02269,1522.52487373554,1573.47880577324,1545.01588707958,1947.19053510176,2170.26953344408,2258.19240024432
E745S_02270,40.9770450467101,32.6109597051448,36.6681127786687,35.781213152433,19.756663936678,27.7209643089483
E745S_02271,58.2784640664321,48.9164395577172,77.3003458577341,68.0997282578564,67.1726573847052,73.5671745122089
E745S_02272,2101.66711039571,2256.49723959766,2358.65157873599,745.634312789411,766.558560743107,717.546499227776
E745S_02273,6183.89139804907,6086.47328496855,5760.85782655139,3084.10972720326,3044.50191264208,2865.92123317127
E745S_02274,1551.66410576876,1385.96578746865,1486.54511264873,413.215300276485,410.938609882903,389.159691260235
E745S_02275,2626.1732869936,2536.40797706682,2573.70510503251,754.868174248104,753.716729184266,643.979324715568
E745S_02276,222.186644253273,295.310357329922,372.627308237282,150.050248703751,201.517972154116,140.73720341466
E745S_02277,5604.7491613889,5093.65073394526,4989.83642812425,8758.31759356974,9135.48140431991,8949.60670805045
E745S_02278,1587.17754480924,1858.82470319325,1628.26241338791,7929.5785276521,7529.26462626799,7385.50460646479
E745S_02279,3195.29891264235,3043.68957248018,2979.03640574806,5559.93883081516,5631.63705515007,5516.47189748071
E745S_02280,331.458764377833,371.402596641927,383.528639063373,1509.73634849621,1784.02675348202,1661.12547666698
E745S_02282,450.747495513811,500.940575470697,512.362548826263,2022.21565945364,2263.12585394647,2201.68428069147
E745S_02283,132.947746151548,147.655178664961,154.600691715468,31.1642824230868,52.3551594321967,39.4490645935033
E745S_02284,246.772871281299,296.216217321732,221.990736822211,427.066092464523,507.746263172625,491.514021016352
E745S_02285,6423.37946132207,6616.40138017716,6154.29676636575,2838.25816586558,2831.12994212596,2669.74210113871
E745S_02286,280.465108319705,256.358377682111,277.488421027763,445.533815381908,482.062600054943,475.521156991959
E745S_02287,250.415275285451,284.440037428207,266.587090201673,139.662154562723,131.381815178909,133.273866869944
E745S_02288,205.795826234589,216.500538042489,234.8741277985,118.885966280665,154.101978706088,107.685284430914
E745S_02289,823.183304938354,876.872472071671,862.196165336265,448.996513428918,437.610106197418,440.336856138294
E745S_02290,1695.53906393276,1600.65460552752,1500.41953370012,2308.4653646731,2053.70521621768,2164.36759796788
E745S_02291,7088.11819207981,6254.05738345332,6353.49381146068,5420.27667625244,5122.90295878061,5000.43548496028
E745S_02292,3307.30283577002,3482.12580851602,3410.13448841619,1476.26360070845,1391.85697433897,1572.63162906533
E745S_02293,427.071869486823,398.578396396214,419.205721766943,4305.28790511533,4749.50201037739,4658.18819483827
E745S_02294,206.706427235627,240.052897829538,198.206015019831,483.623493899014,409.950776686069,439.270665203334
E745S_02295,1071.77737822173,862.378712202718,799.761270605018,149467.361199172,147100.21700693,142050.750646531
E745S_02296,67.3844740768122,67.9394993857183,73.3362255573375,6415.22524842654,5694.85837974744,5736.10723008237
E745S_02297,120.199332137016,101.456319082673,97.1209473597172,12837.3758929471,14157.6253770235,13592.8682297993
E745S_02298,141.14315516089,131.349698812389,154.600691715468,11571.1826404239,12563.2625973335,11416.7725315469
E745S_02299,385.184223439075,339.697496928592,368.663187936886,23801.432142462,24611.8640991166,22917.7741469555
E745S_02300,374.257011426619,333.356476985925,338.932285683911,21310.5980139797,21335.2213852186,19214.893029841
E745S_02301,549.092403625915,515.43433533965,476.685466122694,29009.3300051645,29758.4750546212,27255.038870371
E745S_02302,2103.48831239779,2124.24168079346,2162.42762386636,4678.10506151004,5077.46263172625,4937.53021979767
E745S_02303,187.583806213828,317.050997133352,294.335932304449,265.473516937406,431.683107016414,426.47637398382
E745S_02304,19255.5687679496,18507.6254926615,18676.9527953187,13018.5904240739,12485.2237747837,12210.0185871568
E745S_02305,479.886727547027,447.494835953931,535.156240553544,614.051787003045,644.067244335703,682.362198374111
E745S_02306,2131.71694342996,1819.87272354544,1985.03324042361,1433.55699146199,1479.77412885718,1420.16632536612
E745S_02307,1112.75442326844,1279.07430843512,1259.59922545103,709.853099636978,619.371414414856,652.508852195244
E745S_02308,1060.85016620927,979.234651146154,1030.67127810312,810.271343000258,683.580572209059,642.913133780608
E745S_02309,2485.03013183271,2541.84313701767,2496.40475917477,1540.90063091929,1502.49429238436,1446.82109874011
E745S_02310,430.714273490975,400.390116379833,316.138593956631,17919.4623932749,19899.8997502189,20357.8497121176
E745S_02311,434.356677495127,460.176875839266,467.766195446801,2214.97251740384,2269.05285312747,2457.57010508176
E745S_02312,148.427963169194,146.749318673152,145.681421039576,742.171614742402,681.604905815391,721.811262967615
E745S_02313,12265.7954839819,11820.5670331232,11159.9896756916,186316.239582766,160547.59031543,177141.226697919
E745S_02314,1833.0398150895,1756.46252411877,1838.36078930893,2213.8182847215,2102.10904286254,2042.8218313825
E745S_02315,1981.46777825869,2213.92181998261,2231.7997291233,1932.18551023138,1967.76372809313,1906.34939170767
E745S_02316,11.837813013494,11.7761798935245,15.8564812015865,41.5523765641158,43.4646606606916,44.7800192683011
E745S_02317,113.82512512975,124.102818877912,112.977428561304,113.114802868982,124.466982801071,117.28100284555
E745S_02318,0,2.71757997542873,3.96412030039662,27.7015843760772,23.7079967240136,42.647637398382
E745S_02319,10.927212012456,5.43515995085747,4.95515037549578,31.1642824230868,35.5619950860204,52.2433558130179
E745S_02320,1.821202002076,8.1527399262862,9.91030075099155,23.084653646731,15.8053311493424,18.1252458943123
E745S_02321,9.10601001038002,19.0230598280011,10.9013308260907,12.696559505702,7.9026655746712,13.8604821544741
E745S_02322,52.8148580602041,47.104719574098,33.6950225533713,12.696559505702,27.6593295113492,13.8604821544741
E745S_02323,60.0996660685081,67.0336393939088,61.4438646561476,51.9404707051447,43.4646606606916,26.6547733739887
E745S_02324,2902.08539030811,2836.24763435579,2814.5254132816,2398.49551389535,2411.30083347155,2304.03861044759
E745S_02325,1.821202002076,2.71757997542873,3.96412030039662,4.6169307293462,11.8539983620068,5.33095467479774
E745S_02326,3310.03463877314,2891.50509385617,2858.13073658596,3204.14992616626,2919.04709664418,2922.42935272412
E745S_02327,654.722119746324,639.537154217562,626.331007462666,536.718197286496,494.904431613784,541.624994959451
E745S_02328,100.16611011418,104.173899058101,90.1837368340231,12.696559505702,9.878331968339,8.52952747967639
E745S_02329,9552.20450088864,9121.10425753064,8835.03311950897,7063.90401589968,7101.53285203891,6981.41824211513
E745S_02330,6191.17620605738,5390.7728112588,5448.68335289516,4137.92416617653,4299.05007262113,3967.29646898448
E745S_02331,2362.09899669258,2136.92372067879,2543.97420277953,19261.8350028323,16247.880421524,16160.2560011819
E745S_02332,22.7650250259501,25.3640797706682,20.8116315770823,16.1592575527117,17.7809975430102,17.0590549593528
E745S_02333,24.5862270280261,34.422679688764,23.7847218023797,16.1592575527117,7.9026655746712,18.1252458943123
E745S_02334,12280.3650999985,11602.2547750971,11334.410968909,16268.9096575337,15263.0107242806,15629.292915572
E745S_02335,81.9540900934202,89.6801391891482,90.1837368340231,90.0301492222509,70.1361569752069,87.427656666683
E745S_02336,1228.40075040026,1192.1117492214,1060.4021803561,1482.03476412013,1258.49949276639,1381.78345170758
E745S_02337,1198.35091736601,1057.13861044178,1020.76097735213,1409.31810513293,1286.15882227774,1341.26819617911
E745S_02338,1638.17120086737,1587.97256564219,1499.42850362502,2105.32041258187,1993.44739121081,1880.76080926864
E745S_02339,4227.00984681841,4314.61114098902,4339.7206988592,3157.9806188728,3159.09056347481,3062.10036520382
E745S_02340,5109.38221682423,5153.43749340469,5457.60262357105,6359.82207967439,6127.52931996068,6175.37789528571
E745S_02341,146.606761167118,115.044218959816,156.582751865667,27.7015843760772,31.6106622986848,45.8462102032606
E745S_02342,86.5070950986102,97.8328791154344,109.013308260907,18.4677229173848,19.756663936678,20.2576277642314
E745S_02343,1832.12921408846,1722.03984443001,1782.86310510338,551.723222156871,542.320425061811,482.984493536676
E745S_02344,955.220450088864,845.167372358336,1087.15999238377,5329.09229434785,5631.63705515007,4970.58213878142
E745S_02345,220.365442251197,253.640797706682,257.66781952578,322.030918371897,393.157612339892,355.04158134153
E745S_02346,956.131051089902,983.763951105201,977.155654047767,543.643593380515,549.235257439649,466.991629512282
E745S_02347,41.8876460477481,28.0816597460969,58.4707744308502,132.736758468703,120.515650013736,147.134349024418
E745S_02348,1056.29716120408,985.575671088821,958.326082620883,1261.57632179385,1118.22717881598,1211.19290211405
E745S_02349,2506.88455585762,2424.98719807424,2547.93832307993,1854.85192051484,1878.85874037808,1738.95741491902
E745S_02350,2617.97787798426,2597.10059651806,2664.87987194163,2947.91027068755,2815.32461097662,2920.2969708542
E745S_02351,865.98155198714,902.236551842339,961.299172846181,869.137209799422,854.475715261324,836.959883943246
E745S_02352,458.032303522115,445.683115970312,430.107052593033,1198.09352426534,1160.70400627983,1082.18379898394
E745S_02353,520.863772593737,490.976115560791,538.129330778841,1117.29723650178,1099.45834807613,1141.89049134168
E745S_02354,7491.51443553965,6309.31484295371,6044.29242802975,4492.27359965385,4275.34207589712,4375.64759707399
E745S_02355,1021.69432316464,1073.44409029435,1040.58157885411,1244.2628315588,1367.16114441812,1218.65623865876
E745S_02356,868.713354990254,787.192332882523,877.061616462752,539.026662651169,557.13792301432,503.242121300907
E745S_02357,1951.41794522444,1846.14266330792,1953.32027802044,10994.0662992556,11047.9264733903,10101.0929178068
E745S_02360,0,0.905859991809578,0,2.3084653646731,3.9513327873356,4.2647637398382
E745S_02361,108.361519123522,115.950078951626,134.780090213485,833.355996646989,915.721373465026,807.106537764379
E745S_02362,61.0102670695462,76.0922393120045,77.3003458577341,180.060298444502,164.968143871261,186.583413617921
E745S_02365,152.980968174384,132.255558804198,145.681421039576,671.763421119872,615.42008162752,591.73596890255
E745S_02366,1898.60308716423,1897.77668284107,1756.1052930757,11475.38132779,12324.2069636997,11870.9698698396
E745S_02367,371.525208423505,328.827177026877,317.12962403173,729.4750552367,654.933409500876,682.362198374111
E745S_02368,942.472036074332,910.389291768626,916.702819466719,1209.6358510887,1134.03250996532,1236.78148455308
E745S_02369,1913.17270318084,1770.95628398772,1773.94383442749,803.345946906239,782.363891892449,884.938476016426
E745S_02370,758.530633864656,740.087613308425,773.99448865244,1991.05137703055,2128.78053917706,1947.9308381711
E745S_02371,917.885809046306,732.840733373948,837.420413458786,2226.5148442272,2150.5128695074,2101.46233280527
E745S_02372,832.289314948734,873.249032104433,801.743330755217,1628.62231477687,1689.19476658597,1656.86071292714
E745S_02373,29946.0245201357,29827.251950314,30448.4080273464,22661.0502523135,21189.0220720872,21545.5864136626
E745S_02374,2439.50008178081,2576.26581670644,2446.85325541981,986.86894339775,937.453703795371,1009.68281540669
E745S_02375,656.5433217484,677.583273873564,683.810751818417,347.424037383301,415.877775867072,376.365400040721
E745S_02376,2947.61544036001,2815.41285454417,2604.42703736058,2123.78813549925,2008.26488916332,1947.9308381711
E745S_02377,119.288731135978,123.196958886103,138.744210513882,655.60416356716,781.376058695615,682.362198374111
E745S_02378,18087.2676836178,18128.0701560933,17652.2276976662,10030.2820095046,9876.35630194534,9215.08825085538
E745S_02379,2358.45659268843,2463.93917772205,2315.04625543163,2796.70578930146,2638.50246874335,2424.51818609801
E745S_02380,974.343071110662,914.918591727674,911.747669091223,1557.05988847201,1554.84945181656,1420.16632536612
E745S_02381,331.458764377833,314.333417157923,309.201383430936,92.338614586924,103.72248566756,102.354329756117
E745S_02382,34550.9337823849,34816.7287852011,33923.9505007192,28844.2747315904,31086.122871166,31193.5481841115
E745S_02383,11337.8930639242,12009.8917714114,11807.1323147313,9905.62487981227,9315.26704614368,9598.91698744082
E745S_02384,1907.70909717461,2403.24655827081,2403.24793211545,1285.81520812292,1447.17563336166,1416.96775256124
E745S_02385,1792.97337104383,1664.970664946,1862.14551111131,1506.2736504492,1533.11712148621,1606.74973898404
E745S_02386,2781.8860581711,2878.82305397084,2749.11742832506,2435.43095973012,2309.55401419766,2460.76867788664
E745S_02387,545.449999621763,465.612035790123,495.515037549578,829.893298599979,787.303057876619,858.283702642437
E745S_02388,529.969782604117,602.396894553369,552.994781905329,787.186689353527,725.069566476083,670.634098089556
E745S_02389,3933.79632448417,4092.67544299567,4054.30403723064,1991.05137703055,2006.28922276965,2103.59471467519
E745S_02390,1150.99966531203,1250.08678869722,1352.75605251035,705.236168907632,779.400392301947,733.53936325217
E745S_02391,974.343071110662,898.613111875101,885.980887138645,736.400451330719,818.913720175303,778.319382520471
E745S_02392,1140.07245329958,1168.55938943436,1127.79222546284,1420.86043195629,1357.28281244978,1307.15008626041
E745S_02393,1596.28355481962,1531.80924615,1491.50026302423,2975.61185506363,2847.92310647213,2714.52212040701
E745S_02394,16.390818018684,11.7761798935245,8.9192706758924,28.8558170584137,14.8174979525085,19.1914368292719
E745S_02395,87.4176960996482,57.0691794840034,64.4169548814451,358.966364206667,361.546950041208,381.696354715519
E745S_02396,357.866193407935,365.967436691069,333.977135308415,792.95785276521,789.278724270286,817.768447113974
E745S_02397,69.2056760788882,60.6926194512417,55.4976842055527,72.7166589872026,74.0874897625425,79.9643201219662
E745S_02398,21.8544240249121,9.96445990990535,17.8385413517848,35.781213152433,19.756663936678,28.7871552439078
E745S_02399,12.748414014532,25.3640797706682,17.8385413517848,12.696559505702,14.8174979525085,19.1914368292719
E745S_02400,26.4074290301021,22.6464997952394,21.8026616521814,16.1592575527117,14.8174979525085,17.0590549593528
E745S_02401,88.3282971006862,105.079759049911,79.2824060079324,132.736758468703,104.710318864393,99.155756951238
E745S_02402,88.3282971006862,86.0566992219099,103.067127810312,136.199456515713,114.588650832732,114.082430040672
E745S_02403,152.980968174384,141.314158722294,126.851849612692,204.299184773569,240.043466830638,245.223915040696
E745S_02404,2883.87337028735,3069.95951224266,2796.68687192982,4891.6381077423,4747.52634398373,4744.54966056999
E745S_02405,3159.78547360187,3261.09597051448,3116.78958618684,3805.5051536636,3505.82001556351,3582.40154146408
E745S_02406,69.2056760788882,67.9394993857183,91.1747669091223,347.424037383301,412.91427627657,366.769681626085
E745S_02407,80.1328880913442,65.2219194102896,84.2375563834282,69.253960940193,62.2334914005357,56.5081195528561
E745S_02408,93.7919031069142,127.72625884515,114.959488711502,91.1843819045874,79.026655746712,81.0305110569257
E745S_02409,9.10601001038002,14.4937598689532,22.7936917272806,5.77116341168275,7.9026655746712,6.39714560975729
E745S_02410,169.371786193068,177.548558394677,163.519962391361,148.896016021415,180.773475020604,150.332921829296
E745S_02411,340.564774388213,363.249856715641,365.690097711588,430.528790511533,410.938609882903,361.438726951287
E745S_02412,183.941402209676,193.85403824725,234.8741277985,368.200225665359,403.035944308231,372.100636300883
E745S_02413,514.489565586471,509.999175388792,494.524007474478,805.654412270912,854.475715261324,873.210375731871
E745S_02415,3030.48013145447,3106.19391191504,2991.91979672435,1126.53109796047,1047.10318864393,1032.07282504084
E745S_02416,2393.05943072787,2290.91991928642,2402.25690204035,7379.00953817756,6528.58959787525,6568.80235028578
E745S_02417,4713.2707813727,4065.49964324139,3965.11133047172,12760.0423032306,11877.7063587308,12360.3515089861
E745S_02418,6861.37854282135,6264.92770335504,5899.60203706527,19653.1198821444,18679.9257521291,18929.1538592718
E745S_02419,1440.57078364212,1409.5181472557,1482.58099234834,2109.93734331121,2245.34485640346,2242.19953621993
E745S_02420,830.468112946658,778.133732964427,847.330714209778,772.181664483152,833.731218127812,827.36416552861
E745S_02421,9.10601001038002,11.7761798935245,3.96412030039662,2.3084653646731,2.9634995905017,5.33095467479774
E745S_02422,10.016611011418,11.7761798935245,10.9013308260907,5.77116341168275,6.9148323778373,6.39714560975729
E745S_02424,6.37420700726602,4.52929995904789,17.8385413517848,8.07962877635585,7.9026655746712,6.39714560975729
E745S_02425,8.19540900934202,3.62343996723831,3.96412030039662,1.15423268233655,0.9878331968339,1.06619093495955
E745S_02426,17.301419019722,10.8703199017149,9.91030075099155,4.6169307293462,3.9513327873356,4.2647637398382
E745S_02427,64.6526710736982,56.1633194921938,48.5604736798586,25.3931190114041,22.7201635271797,41.5814464634224
E745S_02428,162.086978184764,163.960658517534,153.609661640369,137.353689198049,122.491316407404,122.611957520348
E745S_02429,59.1890650674701,54.3515995085747,64.4169548814451,31.1642824230868,27.6593295113492,28.7871552439078
E745S_02430,40.0664440456721,48.9164395577172,45.5873834545611,31.1642824230868,31.6106622986848,37.3166827235842
E745S_02431,2.73180300311401,2.71757997542873,3.96412030039662,1.15423268233655,0.9878331968339,1.06619093495955
E745S_02432,20.9438230238741,17.211339844382,21.8026616521814,5.77116341168275,8.8904987715051,1.06619093495955
E745S_02433,4.55300500519001,6.34101994266704,1.98206015019831,0,0.9878331968339,5.33095467479774
E745S_02434,47.3512520539761,42.5754196150502,48.5604736798586,20.7761882820579,24.6958299208475,20.2576277642314
E745S_02435,292.302921333199,277.193157493731,275.506360877565,124.657129692347,115.576484029566,111.950048170753
E745S_02436,90.1494991027622,106.89147903353,117.932578936799,36.9354458347696,51.3673262353628,41.5814464634224
E745S_02437,3.64240400415201,5.43515995085747,6.93721052569409,3.46269804700965,4.9391659841695,3.19857280487865
E745S_02438,2712.68038209221,2710.33309549426,2704.5210749456,1939.1109063254,2080.37671253219,2032.1599220329
E745S_02439,185.762604211752,183.889578337344,161.537902241162,245.851561337685,289.435126672333,261.216779065089
E745S_02440,344.207178392365,280.816597460969,288.389751853854,729.4750552367,700.373736555235,619.456933211498
E745S_02441,36.4240400415201,33.5168196969544,35.6770827035696,39.2439111994427,46.4281602511933,40.5152555284629
E745S_02442,30.9604340352921,29.8933797297161,49.5515037549578,47.3235399757985,40.5011610701899,55.4419286178965
E745S_02443,175.745993200334,210.159518099822,187.30468419374,430.528790511533,462.305936118265,411.549700894386
E745S_02444,159.35517518165,167.584098484772,139.735240588981,267.78198230208,216.335470106624,377.43159097568
E745S_02445,5.46360600622801,6.34101994266704,3.96412030039662,12.696559505702,15.8053311493424,13.8604821544741
E745S_02446,11.837813013494,15.3996198607628,12.883390976289,11.5423268233655,4.9391659841695,8.52952747967639
E745S_02447,8.19540900934202,9.05859991809578,7.92824060079324,2.3084653646731,4.9391659841695,7.46333654471684
E745S_02448,249.504674284413,262.699397624778,236.856187948698,196.219555997213,184.724807807939,215.370568861829
E745S_02449,365.151001416239,404.919416338881,396.412030039662,595.58406408566,612.456582037018,599.199305447267
E745S_02450,315.978547360187,312.521697174304,330.013015008019,384.359483218071,377.35228119055,361.438726951287
E745S_02451,466.227712531457,416.695596232406,386.501729288671,365.891760300686,319.07012257735,346.512053861853
E745S_02452,355.134390404821,372.308456633736,326.048894707622,450.150746111254,445.512771772089,391.292073130154
E745S_02453,798.597077910328,712.911813554138,743.272556324367,472.081167075649,453.41543734676,453.131147357808
E745S_02454,106.540317121446,111.420778992578,120.905669162097,113.114802868982,113.600817635899,131.141485000025
E745S_02455,641.063104730754,613.267214455084,594.618045059493,570.190945074256,550.223090636483,540.558804024491
E745S_02456,1150.089064311,1297.19150827132,1322.03412018227,595.58406408566,580.845919738333,529.896894674896
E745S_02457,654.722119746324,659.466074037373,670.927360842128,484.777726581351,554.174423423818,493.646402886271
E745S_02458,12731.1125955123,12117.6891104367,11662.4419237669,12189.8513581563,11558.6362361535,11357.0658391891
E745S_02459,1965.07696024001,1894.15324287383,1942.41894719434,2066.07650138242,2089.2672113037,2090.80042345568
E745S_02460,2005.14340428568,2132.39442071975,2018.72826297698,2546.23729723443,2398.45900191271,2393.59864898419
E745S_02461,1973.27236924935,1825.3078834963,1884.93920283859,3022.93539503942,2913.12009746317,2846.729796342
E745S_02462,2964.91685937974,3015.60791273408,2945.34138319469,6544.49930884824,6601.68925444096,6685.01716219637
E745S_02463,1920.45751118915,1932.19936252983,1934.49070659355,2059.1511052884,1941.09223177861,2107.85947841503
E745S_02464,1066.3137722155,1173.0886893934,1180.31681944309,1762.51330592791,1631.9004411696,1746.42075146374
E745S_02465,1757.45993200334,1506.44516637933,1534.11455625349,1528.20407141359,1554.84945181656,1466.01253556938
E745S_02466,7545.23989460089,7331.12491371491,7124.51520988783,7967.6682061692,7573.71712012551,7292.74599512331
E745S_02467,747.6034218522,671.242253930897,800.752300680118,897.993026857836,907.818707890355,886.004666951385
E745S_02468,1662.75742789539,1789.07348382392,1763.0425036014,2068.3849667471,1964.80022850263,1952.19560191093
E745S_02469,4596.71385323984,4073.65238316767,4038.44755602906,6330.96626261598,5869.70485558704,5970.66923577347
E745S_02470,1282.12620946151,1198.45276916407,1193.20021041938,1624.00538404753,1538.05628747038,1510.79255483768
E745S_02471,10622.1606771083,9525.11781387771,9545.60168335506,10560.0748106971,10423.6158929913,10346.3168328475
E745S_02472,11467.1984060716,10124.7971284556,9801.28744273065,14399.0527121485,13809.9080917379,13662.1706405717
E745S_02473,5520.97386929341,4914.29045556696,5144.43711983971,8147.7285046137,7445.29880453711,7520.91085520466
E745S_02474,5913.44290074079,4728.589157246,5133.53578901362,6111.66205297203,5999.11100437228,5901.3668250011
E745S_02475,167.550584190992,166.678238492962,191.268804494137,65.7912628931833,76.0631561562103,79.9643201219662
E745S_02476,152.980968174384,137.690718755056,129.824939837989,27.7015843760772,27.6593295113492,37.3166827235842
E745S_02477,192.136811219018,173.925118427439,166.493052616658,101.572476045616,107.673818454895,110.883857235793
E745S_02478,1639.0818018684,1703.92264459382,1786.82722540378,5054.38491595175,5845.99685886302,5651.87814622057
E745S_02479,336.922370384061,279.91073746916,286.407691703656,386.667948582744,368.461782419045,388.093500325276
E745S_02480,2127.16393842477,2017.35020175993,1830.43254870814,1344.68107492208,1299.98848703341,1327.40771402464
E745S_02481,1605.38956483,1603.37218550295,1532.13249610329,1669.02045865865,1592.38711329625,1661.12547666698
E745S_02482,383.363021436999,375.931896600975,369.654218011985,180.060298444502,188.676140595275,215.370568861829
E745S_02483,556.377211634219,486.446815601743,512.362548826263,536.718197286496,492.928765220116,475.521156991959
E745S_02484,19507.8052452371,17034.6971459791,17626.4609157136,8375.112343034,8157.52653945435,7808.78240764374
E745S_02485,96.5237061100282,80.6215392710524,92.1657969842214,162.746808209454,161.016811083926,155.663876504094
E745S_02486,250.415275285451,298.027937305351,253.703699225384,407.444136864802,421.804775048075,392.358264065114
E745S_02487,352.402587401707,388.613936486309,394.429969889464,571.345177756592,613.444415233852,559.750240853763
E745S_02489,589.158847671588,652.219194102896,670.927360842128,2871.73091365334,2838.0447745038,2737.97832097612
E745S_02490,7044.40934402999,6716.95183926802,7083.88297680876,2037.22068432401,2185.08703139659,2437.31247731753
E745S_02491,138294.795229643,162452.401631171,167362.18599252,60978.1126078399,63943.4306642552,64545.0668205812
E745S_02492,63918.7266668615,59855.6048188097,60694.6459193727,38121.9970322116,38303.2322072345,38587.582318056
E745S_02493,66472.0518737721,62570.467214263,58358.788032364,24183.4831603154,22155.1229385907,23253.6242914678
E745S_02494,100700.63290179,99380.0879814452,104899.54241917,53625.6504213561,53688.7342479225,52864.9451280993
E745S_02497,4.55300500519001,2.71757997542873,5.94618045059493,2.3084653646731,3.9513327873356,5.33095467479774
E745S_02498,1196.52971536393,1251.89850868084,1211.03875177117,2517.38148017601,2364.87267322036,2429.84914077281
E745S_02499,3185.28230163093,2388.75279840186,2678.75429299302,1675.94585475267,1942.08006497545,1879.69461833368
E745S_02500,9600.46635394366,7603.7887712496,7720.12428502242,5978.92529450333,5523.96323669517,5658.27529183033
E745S_02501,964.326460099244,932.129931572056,938.5054811189,1644.78157232958,1547.93461943872,1489.46873613849
E745S_02502,707.536977806528,840.638072399288,781.922729253234,1836.38419759745,1684.2556006018,1618.4778392686
E745S_02503,1435.10717763589,1607.901485462,1818.54018780695,2266.91298810898,2527.86515069795,2392.53245804923
E745S_02504,729.39140183144,747.334493242902,694.712082644508,1198.09352426534,1105.38534725713,1152.55240069127
E745S_02505,7028.0185260113,6616.40138017716,6242.49844304958,10258.8200806073,9910.93046383452,9821.75089284737
E745S_02506,1005.30350514595,1106.05504999949,1133.73840591343,1276.58134666422,1413.58930466931,1313.54723187016
E745S_02507,5314.26744205778,5373.56147141441,5738.06413482411,5010.52407402296,5165.37978624447,5065.47313199282
E745S_02508,1751.99632599712,1734.72188431534,1740.24881187412,1610.15459185949,1494.59162680969,1486.27016333361
E745S_02509,4862.60934554293,4332.72834082521,4608.28984921107,3780.1120346522,3488.0390180205,3402.21527345592
E745S_02510,2920.29741032887,2981.18523304532,3265.44409745172,2796.70578930146,2790.62878105577,2381.87054869963
E745S_02511,17820.4615903137,18248.5495350039,17813.7655999073,18517.3549227253,18074.3840024699,17166.7402437837
E745S_02512,12620.0192733857,13253.6375401659,11600.9980591107,9632.07173409851,9993.90845236857,8934.68003496102
E745S_02513,15025.8271181281,15907.807316168,16122.0772617131,15335.1354175234,14631.7853115037,13990.5574485392
E745S_02514,6722.05658966253,6422.54734192991,6005.64225510088,8548.24724538449,7515.43496151231,7346.05554187129
E745S_02515,1217.47353838781,1053.51517047454,1239.77862394904,1709.41860254043,1578.55744854057,1638.73546703283
E745S_02516,14672.5139297253,15361.5737411068,15102.307314436,17233.848179967,15904.1144690258,16995.0835032552
E745S_02517,775.832052884378,625.043394348609,659.034999940938,904.918422951855,766.558560743107,905.196103780657
E745S_02518,422.518864481633,396.766676412595,412.268511241249,588.65866799164,515.648928747296,604.530260122064
E745S_02519,382.452420435961,289.875197379065,316.138593956631,481.315028534341,473.172101283438,488.315448211473
E745S_02520,156.623372178536,150.37275864039,127.842879687791,177.751833079829,182.749141414272,170.590549593528
E745S_02521,588.24824667055,472.8589157246,577.770533782808,170.826436985809,175.834309036434,182.318649878083
E745S_02524,953.399248086788,1135.0425697374,1080.22278185808,5131.7185056683,6089.00382528416,6365.15988170851
E745S_02525,703.894573802376,681.206713840802,723.451954822383,1004.1824336328,1065.87201938378,1016.07996101645
E745S_02526,427.071869486823,500.034715478887,496.506067624677,730.629287919036,697.410236964734,664.236952479799
E745S_02527,143.874958164004,129.53797882877,136.762150363683,140.816387245059,150.150645918753,142.86958528458
E745S_02528,378.810016431809,381.367056551832,396.412030039662,499.782751451726,564.052755392157,629.052651626134
E745S_02529,83.7752920954962,91.4918591727673,76.309315782635,36.9354458347696,30.6228291018509,38.3828736585438
E745S_02530,86.5070950986102,101.456319082673,108.022278185808,42.7066092464523,35.5619950860204,44.7800192683011
E745S_02531,7043.49874302895,7773.18458971799,6987.75305952414,39437.8222900752,39551.8533680325,40763.6780163084
E745S_02532,14380.2110083921,13660.3686764884,13345.2109912852,21447.9517031778,20843.2804531953,20262.9587189062
E745S_02533,3155.23246859668,2792.76635474893,2814.5254132816,2561.2423221048,2387.59283674754,2336.02433849637
E745S_02534,3473.03221795894,3133.36971166933,3076.15735310778,4872.01615214258,4981.64281163336,4916.20640109848
E745S_02535,3033.21193445759,3057.27747235732,3154.44872904061,7031.58550079426,6191.73847775489,6099.67833890358
E745S_02536,1206.54632637535,1192.1117492214,1194.19124049448,1711.7270679051,1732.65942724666,1719.76597808975
E745S_02537,1090.89999924353,1050.79759049911,1003.91346607544,1587.06993821276,1511.38479115587,1382.84964264253
E745S_02538,1345.86827953417,1268.20398853341,1238.78759387394,3034.47772186279,3085.00307371227,3045.04131024447
E745S_02539,845.037728963266,759.110673136426,770.030368352044,2395.03281584834,2154.46420229474,2117.45519682966
E745S_02540,1966.89816224208,1960.28102227593,2053.41431560545,4404.55191579627,4648.74302430034,4394.83903390326
E745S_02541,1915.90450618396,1782.73246388125,1822.50430810735,3626.59908790144,3524.58884630336,3395.81812784616
E745S_02542,2337.51276966455,2876.10547399541,2783.80348095353,5293.31108119542,5257.24827355002,5162.49650707414
E745S_02543,232.203255264691,219.218118017918,233.883097723401,193.91109063254,215.34763690979,218.569141666708
E745S_02544,97.4343071110662,92.3977191645769,107.031248110709,42.7066092464523,67.1726573847052,52.2433558130179
E745S_02545,7600.78655566421,7467.90977247816,7906.43793914106,11380.7342478384,10767.3818454895,10778.1241615061
E745S_02546,1515.24006572724,1507.35102637114,1505.37468407562,2133.02199695794,2289.79735026098,2467.1658234964
E745S_02547,151.159766172308,144.031738697723,161.537902241162,259.702353525724,240.043466830638,253.753442520373
E745S_02549,2051.58405533862,1872.4126030704,1706.55378932075,2810.5565814895,2413.27649986522,2504.48250621998
E745S_02550,1174.67529133902,1260.05124860712,1227.88626304785,1432.40275877966,1483.72546164452,1502.263027358
E745S_02551,4233.38405382567,3988.50154393757,3962.13824024642,7355.92488453083,7152.90017827427,7085.90495374116
E745S_02552,4894.48038057926,4915.19631555877,4757.93539055104,9296.19002353857,8730.46979361801,8675.59563776585
E745S_02553,696.609765794072,704.759073627852,711.559593921193,1825.99610345642,1816.62524897754,1819.98792597595
E745S_02554,5401.68513815743,5217.75355282317,4846.13706723487,18225.3340540941,17366.10760034,17816.0505231741
E745S_02555,3870.96485541255,3776.53030585413,4014.66283422668,4329.5267914444,4405.7360578792,4103.7689086593
E745S_02556,13200.0721110469,13174.8277208785,13230.2515025737,10502.3631765803,10395.95656348,10265.2863217905
E745S_02557,8468.58930965342,8682.6680214948,8417.80945789222,19282.6111911144,19454.3869784468,19398.277870654
E745S_02558,3378.32971385099,3401.50426924496,3310.04045083118,554.031687521544,547.259591045981,481.918302601716
E745S_02560,414.323455472291,478.294075675457,498.488127774875,421.294929052841,442.549272181587,477.653538861878
E745S_02561,3717.98388723816,4778.41145679552,4154.39807481566,2610.87432744528,2567.37847857131,2630.29303654521
E745S_02562,1668.22103390162,1462.05802678066,1550.96206753018,1439.32815487368,1324.68431695426,1471.34349024418
E745S_02563,933.366026063952,879.5900520471,886.971917213744,3478.85730456236,3416.91502784846,3482.17959357789
E745S_02564,935.187228066028,926.694771621198,910.756639016124,3376.13059583441,3389.25569833711,3359.56763605754
E745S_02565,26.4074290301021,18.1171998361916,17.8385413517848,57.7116341168275,35.5619950860204,50.1109739430988
E745S_02566,117.467529133902,128.63211883696,103.067127810312,88.8759165399143,90.8806541087188,120.479575650429
E745S_02567,86.5070950986102,120.479378910674,110.995368411105,87.7216838575778,92.8563205023866,91.6924204065212
E745S_02568,215.812437246007,195.665758230869,186.313654118641,948.779264880644,963.137366913053,917.990395000172
E745S_02569,315.978547360187,327.921317035067,302.264172905242,857.594882976057,803.108389025961,752.730800081442
E745S_02570,4196.04941278311,3903.35070470747,3977.00369137291,3452.30995286862,3192.67689216717,3402.21527345592
E745S_02571,13348.5000742161,12275.3087490116,11390.8996831897,9329.66277132633,8417.32667022167,8849.38476016426
E745S_02572,417.055258475405,409.448716297929,457.85589469581,244.697328655349,260.78796396415,243.091533170777
E745S_02573,570.946827650827,604.208614536988,629.304097687964,558.64861825089,578.870253344666,610.927405731822
E745S_02574,620.11928170688,559.821474938319,544.075511229436,257.393888161051,199.542305760448,255.885824390292
E745S_02575,43443.8631585221,47682.6582488726,48191.8104919217,44497.9783694387,48854.2785826174,45592.4567607402
E745S_02576,30389.4872076413,30947.8007601824,31977.5674332244,37549.4976217726,32515.5175069847,34177.8166110633
E745S_02577,183.941402209676,193.85403824725,178.385413517848,167.3637389388,170.895143052265,203.642468577274
E745S_02578,2395.79123373098,2233.85073980242,2126.75054116279,3447.69302213927,3208.48222331651,3050.37226491927
E745S_02579,7515.19006156663,7613.7532311595,7181.99495424358,10921.3496402684,10076.8864409026,9786.5665919937
E745S_02580,1231.13255340338,1256.42780863988,1265.54540590162,1872.16541074988,1862.0655760319,1871.16509085401
E745S_02581,835.931718952886,712.911813554138,758.138007450854,1024.95862191486,892.013376741012,951.042313983918
E745S_02582,6107.40091396188,5802.93910753215,5432.82687169357,6471.78264986103,6256.93546874593,6000.52258195234
E745S_02583,920.61761204942,919.447891686721,856.24998488567,732.937753283709,764.582894349439,690.891725853788
E745S_02584,2808.2934872012,2839.87107432303,2759.02772907605,289.712403266474,277.581128310326,309.195371138269
E745S_02585,11863.3098415231,11850.4604128529,11619.8276305376,2943.2933399582,3046.47757903575,2748.64023032572
E745S_02586,1165.56928132864,1150.44218959816,1209.05669162097,425.911859782187,434.646606606916,397.689218739912
E745S_02587,3084.20559051571,3169.60411134171,2872.00515763735,1458.9501104734,1546.94678624189,1425.49728004092
E745S_02588,1910.44090017773,1975.68064213669,1936.47276674375,1061.89406774963,1100.44618127297,1080.05141711402
E745S_02589,1492.47504070129,1287.22704836141,1279.41982695301,869.137209799422,811.998887797466,871.077993861951
E745S_02590,1111.8438222674,1179.42970933607,1104.00750366046,406.289904182466,401.060277914564,359.306345081368
E745S_02591,2139.00175143827,2014.6326217845,2010.80002237619,892.221863446153,872.256712804334,872.144184796911
E745S_02592,1297.60642647915,1039.9272705974,1016.79685705173,590.967133356314,600.602583675011,572.544532073278
E745S_02593,967.058263102358,973.799491195296,865.169255561563,536.718197286496,530.466426699805,480.852111666757
E745S_02594,2614.3354739801,2429.51649803329,2491.44960879928,1553.597190425,1554.84945181656,1383.91583357749
E745S_02595,1444.21318764627,1538.15026609266,1400.32549611511,872.599907846432,796.193556648124,777.253191585511
E745S_02596,1374.09691056635,1400.45954733761,1283.38394725341,521.713172416121,466.257268905601,429.674946788698
E745S_02597,635.599498724526,710.194233578709,607.501436035782,180.060298444502,191.639640185777,175.921504268326
E745S_02598,1212.92053338262,1155.87734954902,1083.19587208338,397.056042723773,406.987277095567,400.88779154479
E745S_02599,710.268780809642,644.972314168419,674.891481142525,297.79203204283,292.398626262835,243.091533170777
E745S_02600,1076.33038322692,1112.39606994216,1013.82376682644,457.076142205274,532.442093093472,453.131147357808
E745S_02601,631.046493719336,533.551535175841,541.102421004139,318.568220324888,364.510449631709,342.247290122015
E745S_02602,621.940483708956,491.881975552601,497.497097699776,258.548120843387,238.06780043697,245.223915040696
E745S_02603,845.948329964304,781.757172931666,803.725390905415,537.872429968832,576.894586950998,589.603587032631
E745S_02604,11.837813013494,11.7761798935245,18.829571426884,4.6169307293462,15.8053311493424,15.9928640243932
E745S_02605,728.480800830402,667.618813963659,666.963240541732,392.439111994427,379.327947584218,342.247290122015
E745S_02606,1136.43004929543,1441.22324696904,1246.71583447474,846.052556152691,772.48555992411,781.517955325349
E745S_02607,14.569616016608,9.05859991809578,10.9013308260907,33.4727477877599,47.4159934480272,46.9124011382202
E745S_02608,11.837813013494,8.1527399262862,10.9013308260907,47.3235399757985,54.3308258258645,75.699556382128
E745S_02609,15.480217017646,20.8347798116203,13.8744210513882,28.8558170584137,27.6593295113492,31.9857280487865
E745S_02610,3.64240400415201,4.52929995904789,7.92824060079324,6.9253960940193,5.9269991810034,6.39714560975729
E745S_02611,16.390818018684,18.1171998361916,20.8116315770823,16.1592575527117,20.7444971335119,12.7942912195146
E745S_02612,5412.61235016989,5467.77091056261,5868.8801047372,1357.37763442778,1332.58698252893,1356.19486926855
E745S_02613,399.753839455683,310.709977190685,316.138593956631,2901.74096339409,2822.23944335445,2735.8459391062
E745S_02614,820.45150193524,649.501614127467,658.043969865839,1218.8697125474,1208.11999972786,1021.41091569125
E745S_02615,2620.70968098737,2478.432937591,2538.02802232894,8975.31333784901,8582.29481409293,8885.63525195288
E745S_02616,4782.47645745159,4737.64775716409,4555.76525523082,5943.1440813509,5873.65618837437,5849.12346918809
E745S_02617,593.711852676778,478.294075675457,528.21903002785,272.398913031426,232.140801255967,255.885824390292
E745S_02618,1131.87704429024,1208.41722907398,1152.56797734032,1700.18474108174,1723.76892847516,1686.71405910601
E745S_02619,7001.6110969812,6930.73479733508,6952.07597682057,3155.67215350813,3410.98802866746,3226.29376918759
E745S_02620,25.4968280290641,44.3871395986693,40.6322330790654,58.865866799164,71.1239901720408,62.9052651626134
E745S_02621,1945.95433921821,1797.2262237502,1547.98897730488,12125.2143279455,11425.2787545809,11314.4182017907
E745S_02622,37.3346410425581,43.4812796068597,44.596353379462,26.5473516937406,39.513327873356,35.1843008536651
E745S_02623,101.076711115218,53.4457395167651,97.1209473597172,93.4928472692605,56.3064922195323,97.0233750813189
E745S_02624,14522.2647645541,12274.4028890198,15363.9392542622,9479.71302003008,10119.3632683665,10377.2363699613
E745S_02625,3025.01652544824,3049.12473243104,3039.48924032911,2178.03707156907,2100.13337646887,2067.34422288657
E745S_02626,1635.43939786425,1212.04066904122,1299.24042845499,1222.33241059441,1132.05684357165,1131.22858199208
E745S_02627,6396.97203229197,5819.24458738473,5807.43624008105,4648.09501176929,4226.93824925226,4159.2108372772
E745S_02628,8318.34014448215,8380.1107842304,8675.47727741801,5985.85069059735,6429.80627819186,5776.62248561084
E745S_02629,440.730884502393,408.54285630612,401.367180415158,534.409731921823,527.502927109303,562.948813658642
E745S_02630,285.928714325933,257.26423767392,291.362842079152,393.593344676763,379.327947584218,424.3439921139
E745S_02631,94.7025041079522,71.5629393529566,81.2644661581307,135.045223833376,150.150645918753,149.266730894337
E745S_02632,1035.35333818021,943.90611146558,968.236383371875,1702.49320644641,1620.0464428076,1609.94831178892
E745S_02633,8001.45099612093,8572.15310249403,9015.40059317702,3697.00728152397,4191.37625416624,3739.13160890314
E745S_02635,23.6756260269881,28.9875197379065,28.7398721778755,106.189406774963,112.612984439065,101.288138821157
E745S_02636,362.419198413125,379.555336568213,326.048894707622,275.861611078435,269.678462735655,292.136316178916
E745S_02637,116.556928132864,120.479378910674,95.1388872095189,158.129877480107,132.369648375743,129.009103130105
E745S_02638,1507.95525771893,1636.88900519991,1506.36571415072,1894.09583171428,1766.24575593901,1861.56937243937
E745S_02639,1813.00659306666,2020.06778173536,1984.04221034851,3321.88165976459,3420.8663606358,3323.31714426891
E745S_02640,35.5134390404821,25.3640797706682,42.6142932292637,48.4777726581351,52.3551594321967,57.5743104878156
E745S_02641,81.0434890923822,81.527399262862,89.192706758924,173.134902350482,135.333147966244,132.207675934984
E745S_02642,10.016611011418,10.8703199017149,13.8744210513882,45.0150746111254,36.5498282828543,33.051918983746
E745S_02643,3.64240400415201,6.34101994266704,6.93721052569409,15.0050248703751,15.8053311493424,17.0590549593528
E745S_02644,21.8544240249121,28.9875197379065,35.6770827035696,133.89099115104,86.9293213213832,104.486711626036
E745S_02645,36.4240400415201,28.0816597460969,33.6950225533713,45.0150746111254,48.4038266448611,73.5671745122089
E745S_02646,14.569616016608,21.7406398034299,18.829571426884,23.084653646731,21.7323303303458,26.6547733739887
E745S_02647,1818.47019907289,1885.09464295573,1866.10963141171,2088.00692234682,2332.27417772484,2172.89712544756
E745S_02648,100.16611011418,90.5859991809578,90.1837368340231,64.6370302108468,75.0753229593764,84.2290838618044
E745S_02649,89.2388981017242,140.408298730485,113.968458636403,68.0997282578564,71.1239901720408,83.1628929268448
E745S_02652,1.821202002076,1.81171998361916,0.991030075099155,1.15423268233655,3.9513327873356,0
E745S_02655,249.504674284413,277.193157493731,264.605030051474,85.4132184929047,81.9901553372137,73.5671745122089
E745S_02656,100.16611011418,93.3035791563865,92.1657969842214,497.474286087053,535.405592683974,452.064956422849
E745S_02657,8.19540900934202,33.5168196969544,26.7578120276772,9.2338614586924,18.7688307398441,3.19857280487865
E745S_02658,3045.04974747108,2903.2812737497,2853.17558621047,4021.34666526054,4093.58076767968,3991.81886048855
E745S_02659,10.927212012456,18.1171998361916,10.9013308260907,5.77116341168275,8.8904987715051,3.19857280487865
E745S_02660,15.480217017646,24.4582197788586,19.8206015019831,10.3880941410289,13.8296647556746,8.52952747967639
E745S_02661,51.9042570591661,52.5398795249555,61.4438646561476,61.1743321638371,51.3673262353628,59.7066923577347
E745S_02662,203.974624232512,224.653277968775,222.98176689731,210.070348185252,215.34763690979,226.032478211424
E745S_02663,500.830550570901,439.342096027645,573.806413482411,146.587550656742,170.895143052265,158.862449308973
E745S_02664,276.822704315553,221.935697993347,247.757518774789,822.96790250596,867.317546820165,827.36416552861
E745S_02666,61.0102670695462,84.2449792382907,77.3003458577341,61.1743321638371,81.9901553372137,53.3095467479774
E745S_02667,847.76953196638,827.956032513954,798.770240529919,346.269804700965,346.729452088699,297.467270853714
E745S_02668,2492.31493984101,2319.90743902433,2433.96986444353,6621.83289856479,6205.56814251056,6183.90742276538
E745S_02669,799.507678911366,881.401772030719,828.501142782894,1883.70773757325,1922.32340103877,1817.85554410603
E745S_02670,1522.52487373554,1262.76882858255,1257.61716530083,1673.637389388,1767.23358913585,1779.47267044749
E745S_02671,769.457845877112,723.782133455853,701.649293170202,871.445675164095,853.48788206449,895.600385366021
E745S_02672,4890.83797657511,4608.10977833532,4591.44233793439,6067.80121104324,6520.68693230058,6170.04694061091
E745S_02673,434.356677495127,411.260436281548,367.672157861787,330.110547148253,322.033622167852,335.850144512258
E745S_02674,415.234056473329,392.237376453547,374.609368387481,323.185151054234,352.656451269702,360.372536016328
E745S_02675,560.930216639409,555.292174979271,515.335639051561,858.749115658393,829.779885340476,838.026074878205
E745S_02676,15951.9083361837,18549.2950522847,22365.5667348377,4721.96590343883,4324.73373573882,4560.09862882199
E745S_02677,4025.76702558901,3106.19391191504,3549.86972900517,513.633543639765,623.322747202191,580.007868617995
E745S_02678,355.134390404821,405.825276330691,369.654218011985,383.205250535735,335.863286923526,335.850144512258
E745S_02679,922.438814051496,1148.63046961454,1239.77862394904,729.4750552367,716.179067704578,675.965052764354
E745S_02680,2662.59732703512,2492.02083746815,2498.38681932497,2393.878583166,2247.32052279712,2264.58954585408
E745S_02681,14120.6897230963,17798.3371190746,18166.5723066426,4395.31805433758,5236.50377641651,4610.20960276509
E745S_02682,270.448497308287,224.653277968775,236.856187948698,75.0251243518757,85.9414881245493,72.5009835772493
E745S_02683,19.122621021798,8.1527399262862,18.829571426884,11.5423268233655,19.756663936678,15.9928640243932
E745S_02687,36.4240400415201,30.7992397215256,38.6501729288671,33.4727477877599,37.5376614796882,34.1181099187056
E745S_02689,51.9042570591661,30.7992397215256,35.6770827035696,21.9304209643944,39.513327873356,29.8533461788674
E745S_02690,8.19540900934202,9.96445990990535,9.91030075099155,6.9253960940193,2.9634995905017,2.1323818699191
E745S_02692,0.910601001038002,2.71757997542873,1.98206015019831,4.6169307293462,2.9634995905017,2.1323818699191
E745S_02695,3.64240400415201,8.1527399262862,8.9192706758924,5.77116341168275,1.9756663936678,3.19857280487865
E745S_02696,944.293238076408,867.813872153576,944.451661569495,1924.10588145503,1878.85874037808,1807.19363475644
E745S_02697,353.313188402745,307.086537223447,324.066834557424,901.455724904845,844.597383292985,824.165592723731
E745S_02698,8.19540900934202,14.4937598689532,13.8744210513882,5.77116341168275,6.9148323778373,3.19857280487865
E745S_02699,39.1558430446341,57.975039475813,49.5515037549578,24.2388863290675,19.756663936678,20.2576277642314
E745S_02701,29.1392320332161,33.5168196969544,42.6142932292637,15.0050248703751,20.7444971335119,10.6619093495955
E745S_02702,16.390818018684,6.34101994266704,5.94618045059493,5.77116341168275,2.9634995905017,6.39714560975729
E745S_02703,15.480217017646,13.5878998771437,10.9013308260907,5.77116341168275,6.9148323778373,6.39714560975729
E745S_02704,37.3346410425581,67.0336393939088,54.5066541304535,19.6219555997213,18.7688307398441,18.1252458943123
E745S_02705,115.646327131826,123.196958886103,131.806999988188,62.3285648461737,62.2334914005357,62.9052651626134
E745S_02706,50.9936560581281,48.0105795659076,53.5156240553544,41.5523765641158,55.3186590226984,42.647637398382
E745S_02707,65.5632720747362,76.0922393120045,49.5515037549578,34.6269804700965,39.513327873356,44.7800192683011
E745S_02708,645.616109735944,676.677413881755,723.451954822383,55.4031687521544,63.2213245973696,77.8319382520471
E745S_02709,445.283889507583,444.777255978503,417.223661616744,115.423268233655,118.539983620068,123.678148455308
E745S_02710,977.074874113776,941.188531490151,948.415781869892,248.160026702358,220.28680289396,262.282970000049
E745S_02711,2806.47228519912,2408.68171822167,2465.6828268467,1844.46382637381,1596.33844608358,1564.10210158566
E745S_02712,140.232554159852,148.561038656771,135.771120288584,113.114802868982,124.466982801071,107.685284430914
E745S_02713,28.2286310321781,39.8578396396214,24.7757518774789,34.6269804700965,36.5498282828543,36.2504917886247
E745S_02714,15.480217017646,10.8703199017149,9.91030075099155,10.3880941410289,5.9269991810034,7.46333654471684
E745S_02715,31.8710350363301,23.552359787049,24.7757518774789,30.0100497407503,24.6958299208475,31.9857280487865
E745S_02716,34.6028380394441,29.8933797297161,27.7488421027763,12.696559505702,20.7444971335119,19.1914368292719
E745S_02717,6.37420700726602,2.71757997542873,1.98206015019831,2.3084653646731,1.9756663936678,5.33095467479774
E745S_02718,10.927212012456,12.6820398853341,9.91030075099155,17.3134902350482,10.8661651651729,12.7942912195146
E745S_02719,15.480217017646,14.4937598689532,12.883390976289,28.8558170584137,25.6836631176814,28.7871552439078
E745S_02720,9.10601001038002,9.96445990990535,6.93721052569409,9.2338614586924,13.8296647556746,17.0590549593528
E745S_02721,11.837813013494,19.9289198198107,8.9192706758924,11.5423268233655,5.9269991810034,12.7942912195146
E745S_02722,55.5466610633181,55.2574595003842,41.6232631541645,41.5523765641158,58.2821586132001,40.5152555284629
E745S_02723,40.9770450467101,33.5168196969544,37.6591428537679,30.0100497407503,29.634995905017,36.2504917886247
E745S_02726,471.691318537685,566.162494880986,585.698774383601,1577.83607675406,1681.2921010113,1678.18453162633
E745S_02727,8.19540900934202,9.96445990990535,4.95515037549578,6.9253960940193,6.9148323778373,6.39714560975729
E745S_02728,0.910601001038002,1.81171998361916,0.991030075099155,3.46269804700965,1.9756663936678,3.19857280487865
E745S_02729,65.5632720747362,52.5398795249555,68.3810751818417,57.7116341168275,62.2334914005357,68.2362198374111
E745S_02730,63.7420700726602,68.8453593775279,61.4438646561476,79.6420550812219,71.1239901720408,45.8462102032606
E745S_02731,657.453922749438,663.089514004611,662.999120241335,1218.8697125474,1223.9253308772,1236.78148455308
E745S_02732,59.1890650674701,67.0336393939088,73.3362255573375,151.204481386088,158.053311493424,175.921504268326
E745S_02733,66.4738730757742,63.4101994266704,66.3990150316434,49.6320053404716,40.5011610701899,45.8462102032606
E745S_02734,12.748414014532,7.24687993447662,9.91030075099155,12.696559505702,5.9269991810034,7.46333654471684
E745S_02735,16.390818018684,19.9289198198107,25.766781952578,12.696559505702,13.8296647556746,7.46333654471684
E745S_02736,10.927212012456,18.1171998361916,19.8206015019831,8.07962877635585,11.8539983620068,14.9266730894337
E745S_02737,57.3678630653941,49.8222995495268,50.5425338300569,47.3235399757985,43.4646606606916,40.5152555284629
E745S_02738,67.3844740768122,48.9164395577172,68.3810751818417,47.3235399757985,51.3673262353628,50.1109739430988
E745S_02740,757.620032863618,759.110673136426,801.743330755217,328.956314465917,346.729452088699,337.982526382177
E745S_02741,61.0102670695462,71.5629393529566,63.4259248063459,33.4727477877599,36.5498282828543,47.9785920731797
E745S_02742,282.286310321781,194.759898239059,194.241894719434,225.075373055627,226.213802074963,184.451031748002
E745S_02743,130.215943148434,110.514919000768,112.977428561304,148.896016021415,151.138479115587,146.068158089458
E745S_02744,279.554507318667,327.015457043258,249.739578924987,371.662923712369,378.340114387384,413.682082764305
E745S_02745,280.465108319705,282.628317444588,263.613999976375,358.966364206667,323.021455364685,319.857280487865
E745S_02747,19.122621021798,18.1171998361916,21.8026616521814,9.2338614586924,9.878331968339,13.8604821544741
E745S_02748,7.28480800830402,8.1527399262862,8.9192706758924,4.6169307293462,7.9026655746712,2.1323818699191
E745S_02749,9.10601001038002,18.1171998361916,10.9013308260907,23.084653646731,17.7809975430102,26.6547733739887
E745S_02750,2552.41460590952,2591.6654365672,2369.55290956208,375.125621759379,406.987277095567,368.902063496004
E745S_02751,346.938981395479,221.029838001537,237.847218023797,35.781213152433,55.3186590226984,44.7800192683011
E745S_02752,693.877962790958,727.405573423091,667.954270616831,188.139927220858,179.78564182377,199.377704837436
E745S_02754,0.910601001038002,2.71757997542873,1.98206015019831,1.15423268233655,1.9756663936678,4.2647637398382
E745S_02755,70.1162770799262,50.7281595413364,55.4976842055527,62.3285648461737,67.1726573847052,49.0447830081392
E745S_02756,52.8148580602041,43.4812796068597,44.596353379462,47.3235399757985,42.4768274638577,43.7138283333415
E745S_02757,62.8314690716222,55.2574595003842,52.5245939802552,61.1743321638371,48.4038266448611,47.9785920731797
E745S_02758,12.748414014532,10.8703199017149,10.9013308260907,19.6219555997213,19.756663936678,17.0590549593528
E745S_02759,2.73180300311401,9.96445990990535,5.94618045059493,11.5423268233655,5.9269991810034,9.59571841463594
E745S_02760,44.6194490508621,32.6109597051448,45.5873834545611,80.7962877635585,86.9293213213832,99.155756951238
E745S_02761,53.7254590612421,52.5398795249555,47.5694436047595,61.1743321638371,49.391659841695,54.375737682937
E745S_02762,17.301419019722,27.1757997542873,30.7219323280738,126.96559505702,123.479149604238,119.413384715469
E745S_02763,1814.82779506874,1972.05720216945,1846.28902990973,16607.0998334583,15531.7013538194,15860.6563484582
E745S_02764,2099.84590839363,2097.06588103917,2036.56680432876,2959.45259751091,2815.32461097662,2919.23077991924
E745S_02765,1982.37837925973,2023.6912217026,1808.62988705596,2299.23150321441,2293.74868304832,2289.11193735815
E745S_02766,10.016611011418,22.6464997952394,21.8026616521814,8.07962877635585,6.9148323778373,15.9928640243932
E745S_02767,135.679549154662,155.807918591247,144.690390964477,197.37378867955,211.396304122455,178.053886138245
E745S_02768,47.3512520539761,34.422679688764,49.5515037549578,91.1843819045874,85.9414881245493,98.0895660162785
E745S_02769,418.876460477481,438.436236035836,492.54194732428,565.574014344909,579.8580865415,615.19216947166
E745S_02770,281.375709320743,284.440037428207,277.488421027763,372.817156394706,381.303613977886,336.916335447217
E745S_02771,229.471452261577,216.500538042489,247.757518774789,311.642824230868,364.510449631709,334.783953577298
E745S_02772,193.047412220056,181.171998361916,187.30468419374,191.602625267867,189.663973792109,184.451031748002
E745S_02773,2.73180300311401,4.52929995904789,4.95515037549578,3.46269804700965,3.9513327873356,8.52952747967639
E745S_02774,7.28480800830402,24.4582197788586,17.8385413517848,9.2338614586924,3.9513327873356,6.39714560975729
E745S_02775,32.7816360373681,31.7050997133352,29.7309022529747,72.7166589872026,86.9293213213832,78.8981291870066
E745S_02776,76.4904840871922,95.1152991400057,101.085067660114,51.9404707051447,49.391659841695,63.9714560975729
E745S_02777,962.505258097168,923.977191645769,850.303804435075,39720.6092972477,38078.0062383564,35845.33923334
E745S_02778,522.684974595813,524.492935257746,465.784135296603,11908.2185836662,11707.7990488754,10524.3707189857
E745S_02779,199.421619227323,163.960658517534,190.277774419038,3266.47849101244,3113.65023642045,2909.63506150461
E745S_02780,45.5300500519001,46.1988595822885,34.6860526284704,234.30923451432,234.116467649634,191.914368292719
E745S_02781,59.1890650674701,55.2574595003842,66.3990150316434,305.871660819186,302.276958231174,300.665843658593
E745S_02782,9.10601001038002,9.05859991809578,11.8923609011899,51.9404707051447,54.3308258258645,52.2433558130179
E745S_02783,22.7650250259501,26.2699397624778,23.7847218023797,38.0896785171061,63.2213245973696,63.9714560975729
E745S_02784,669.291735762932,693.888753726137,670.927360842128,899.147259540172,904.855208299853,840.158456748125
E745S_02785,18.21202002076,32.6109597051448,28.7398721778755,18.4677229173848,17.7809975430102,18.1252458943123
E745S_02786,390.647829445303,320.674437100591,372.627308237282,530.947033874813,477.123434070774,435.005901463496
E745S_02787,2.73180300311401,1.81171998361916,0,2.3084653646731,2.9634995905017,3.19857280487865
E745S_02788,106.540317121446,126.820398853341,96.1299172846181,151.204481386088,174.8464758396,163.127213048811
E745S_02789,197.600417225247,158.525498566676,167.484082691757,94.6470799515971,123.479149604238,99.155756951238
E745S_02790,621.029882707918,605.114474528798,627.322037537765,655.60416356716,628.261913186361,645.045515650527
E745S_02791,121.109933138054,164.866518509343,158.564812015865,57.7116341168275,55.3186590226984,63.9714560975729
E745S_02792,553.645408631105,563.444914905557,574.79744355751,451.304978793591,432.670940213248,427.542564918779
E745S_02793,32.7816360373681,55.2574595003842,73.3362255573375,8.07962877635585,10.8661651651729,4.2647637398382
E745S_02794,465.317111530419,476.482355691838,515.335639051561,377.434087124052,413.902109473404,352.909199471611
E745S_02795,460.764106525229,457.459295863837,480.64958642309,514.787776322101,497.867931204286,473.38877512204
E745S_02796,14.569616016608,22.6464997952394,22.7936917272806,23.084653646731,28.6471627081831,42.647637398382
E745S_02797,118.37813013494,113.232498976197,82.2554962332299,143.124852609732,148.174979525085,158.862449308973
E745S_02798,256.789482292717,271.757997542873,257.66781952578,274.707378396099,255.84879797998,251.621060650454
E745S_02799,319.620951364339,250.923217731253,261.631939826177,233.155001831983,199.542305760448,199.377704837436
E745S_02800,2313.83714363756,2307.22539913899,2328.92067648302,1753.27944446922,1687.2191001923,1629.13974861819
E745S_02801,39.1558430446341,29.8933797297161,25.766781952578,25.3931190114041,24.6958299208475,25.5885824390292
E745S_02803,39.1558430446341,46.1988595822885,45.5873834545611,68.0997282578564,98.78331968339,95.9571841463594
E745S_02804,31.8710350363301,35.3285396805735,32.7039924782721,9.2338614586924,16.7931643461763,17.0590549593528
E745S_02805,3.64240400415201,0.905859991809578,0.991030075099155,2.3084653646731,3.9513327873356,5.33095467479774
E745S_02806,6.37420700726602,7.24687993447662,0,30.0100497407503,27.6593295113492,40.5152555284629
E745S_02807,172.103589196182,121.385238902483,158.564812015865,243.543095973012,186.700474201607,198.311513902476
E745S_02808,77.4010850882302,69.7512193693375,71.3541654071392,222.766907690954,214.359803712956,227.098669146384
E745S_02809,203.064023231475,216.500538042489,228.927947347905,722.54965914268,803.108389025961,772.988427845673
E745S_02810,310.514941353959,317.050997133352,318.120654106829,1138.07342478384,1133.04467676848,1050.19807093516
E745S_02811,131.126544149472,134.067278787818,143.699360889378,382.051017853398,364.510449631709,371.034445365923
E745S_02812,50.0830550570901,49.8222995495268,50.5425338300569,204.299184773569,155.089811902922,155.663876504094
E745S_02813,36.4240400415201,41.6695596232406,53.5156240553544,135.045223833376,154.101978706088,147.134349024418
E745S_02814,52.8148580602041,41.6695596232406,69.3721052569409,138.507921880386,123.479149604238,129.009103130105
E745S_02815,134.768948153624,121.385238902483,115.950518786601,267.78198230208,251.897465192645,256.952015325251
E745S_02816,20.9438230238741,29.8933797297161,20.8116315770823,16.1592575527117,14.8174979525085,21.323818699191
E745S_02817,132.947746151548,138.596578746865,137.753180438783,219.304209643944,169.907309855431,250.554869715494
E745S_02818,143.874958164004,122.291098894293,117.932578936799,714.470030366324,698.398070161568,905.196103780657
E745S_02819,16.390818018684,14.4937598689532,13.8744210513882,15.0050248703751,15.8053311493424,21.323818699191
E745S_02820,21.8544240249121,20.8347798116203,20.8116315770823,15.0050248703751,26.6714963145153,13.8604821544741
E745S_02821,74.6692820851162,66.1277794020992,88.2016766838248,71.5624263048661,96.8076532897222,98.0895660162785
E745S_02822,51.9042570591661,44.3871395986693,44.596353379462,36.9354458347696,36.5498282828543,35.1843008536651
E745S_02823,65.5632720747362,64.31605941848,76.309315782635,56.5574014344909,70.1361569752069,65.0376470325325
E745S_02824,123.841736141168,140.408298730485,146.672451114675,143.124852609732,149.162812721919,149.266730894337
E745S_02825,246.772871281299,282.628317444588,250.730609000086,225.075373055627,205.469304941451,235.62819662606
E745S_02826,246.772871281299,243.676337796776,244.784428549491,136.199456515713,119.527816816902,135.406248739863
E745S_02827,557.287812635257,548.045295044795,605.519375885584,171.980669668146,161.016811083926,168.458167723609
E745S_02828,425.250667484747,385.89635651088,448.936624019917,199.682254044223,187.688307398441,186.583413617921
E745S_02829,170.282387194106,191.136458271821,187.30468419374,61.1743321638371,74.0874897625425,63.9714560975729
E745S_02830,1528.89908074281,1419.48260716561,1463.75142092145,662.52955966118,722.106066885581,722.877453902574
E745S_02831,813.166693926936,764.545833087284,779.940669103035,397.056042723773,426.743941032245,373.166827235842
E745S_02832,50.0830550570901,65.2219194102896,71.3541654071392,35.781213152433,38.5254946765221,29.8533461788674
E745S_02833,6584.55583850579,5956.93530613978,5579.49932280824,2727.45182836127,2876.57026918032,2741.176893781
E745S_02834,3748.03372027242,4315.51700098083,4201.96751842042,1814.45377663306,1939.11656538495,1870.09889991905
E745S_02835,177.56719520241,146.749318673152,179.376443592947,73.8708916695392,110.637318045397,68.2362198374111
E745S_02836,3.64240400415201,6.34101994266704,2.97309022529747,3.46269804700965,2.9634995905017,2.1323818699191
E745S_02837,157.533973179574,153.996198607628,142.708330814278,118.885966280665,124.466982801071,107.685284430914
E745S_02838,214.901836244969,217.406398034299,233.883097723401,181.214531126838,173.858642642766,160.994831178892
E745S_02841,3.64240400415201,2.71757997542873,3.96412030039662,5.77116341168275,2.9634995905017,8.52952747967639
E745S_02842,16.390818018684,17.211339844382,8.9192706758924,24.2388863290675,33.5863286923526,30.9195371138269
E745S_02843,137.500751156738,138.596578746865,146.672451114675,243.543095973012,251.897465192645,213.23818699191
E745S_02844,451.658096514849,450.21241592936,422.17881199224,487.086191946024,574.91892055733,526.698321870017
E745S_02845,93.7919031069142,104.173899058101,96.1299172846181,84.2589858105681,93.8441536992205,88.4938476016426
E745S_02846,30.9604340352921,39.8578396396214,33.6950225533713,65.7912628931833,61.2456582037018,70.3686017073302
E745S_02847,448.926293511735,436.624516052216,453.891774395413,337.035943242273,357.595617253872,365.703490691125
E745S_02848,136.5901501557,198.383338206298,158.564812015865,273.553145713762,336.85112012036,312.393943943148
E745S_02849,17.301419019722,13.5878998771437,20.8116315770823,16.1592575527117,11.8539983620068,8.52952747967639
E745S_02850,306.872537349807,326.109597051448,360.734947336093,1291.5863715346,1276.2804903094,1239.98005735796
E745S_02851,14.569616016608,23.552359787049,15.8564812015865,55.4031687521544,44.4524938575255,34.1181099187056
E745S_02852,450.747495513811,530.833955200413,496.506067624677,459.384607569947,442.549272181587,391.292073130154
E745S_02853,1173.76469033799,1230.15786887741,1204.10154124547,1846.77229173848,1847.24807807939,1827.45126252067
E745S_02854,487.171535555331,462.894455814694,449.927654095017,990.33164144476,910.782207480856,905.196103780657
E745S_02855,276.822704315553,330.638897010496,282.443571403259,376.279854441715,438.597939394252,400.88779154479
E745S_02856,598.264857681967,619.608234397751,676.873541292723,368.200225665359,383.279280371553,358.240154146408
E745S_02857,56.4572620643561,81.527399262862,74.3272556324366,31.1642824230868,37.5376614796882,31.9857280487865
E745S_02858,855.964940975722,987.38739107244,904.810458565529,694.848074766603,714.20340131091,712.215544552979
E745S_02859,977.074874113776,1088.84371015511,1022.74303750233,2159.56934865168,1975.6663936678,1969.25465687029
E745S_02861,132.947746151548,140.408298730485,145.681421039576,87.7216838575778,130.393981982075,107.685284430914
E745S_02863,478.065525544951,400.390116379833,441.008383419124,237.771932561329,274.617628719824,234.562005691101
E745S_02864,289.571118330085,275.381437510112,310.192413506036,83.1047531282316,92.8563205023866,61.8390742276538
E745S_02865,556.377211634219,525.398795249555,536.147270628643,289.712403266474,290.422959869167,296.401079918755
E745S_02866,133.858347152586,108.703199017149,120.905669162097,98.1097779986067,99.7711528802239,78.8981291870066
E745S_02868,12.748414014532,6.34101994266704,11.8923609011899,12.696559505702,10.8661651651729,7.46333654471684
E745S_02869,35.5134390404821,50.7281595413364,38.6501729288671,40.3981438817792,41.4889942670238,43.7138283333415
E745S_02870,123.841736141168,109.609059008959,120.905669162097,150.050248703751,179.78564182377,186.583413617921
E745S_02871,163.90818018684,180.266138370106,220.999706747112,286.249705219464,332.899787333024,318.791089552905
E745S_02872,2716.32278609636,2618.84123632149,2701.5479847203,420.140696370504,502.807097188455,436.072092398455
E745S_02873,7684.5618477597,8260.53726531154,7997.61270605018,1098.8295135844,1127.11767758748,1124.83143638232
E745S_02874,4232.47345282463,4804.681396558,4763.88157100164,197.37378867955,209.420637728787,236.69438756102
E745S_02875,173.924791198258,225.559137960585,160.546872166063,178.906065762165,164.968143871261,187.649604552881
E745S_02876,919.707011048382,846.073232350146,810.662601431109,173.134902350482,168.919476658597,160.994831178892
E745S_02878,31.8710350363301,48.0105795659076,40.6322330790654,308.180126183859,352.656451269702,379.563972845599
E745S_02879,180.298998205524,221.935697993347,203.161165395327,285.095472537128,263.751463554651,253.753442520373
E745S_02880,170.282387194106,201.100918181726,186.313654118641,140.816387245059,121.50348321057,106.619093495955
E745S_02881,6.37420700726602,3.62343996723831,11.8923609011899,12.696559505702,14.8174979525085,11.728100284555
E745S_02882,9.10601001038002,6.34101994266704,8.9192706758924,12.696559505702,5.9269991810034,7.46333654471684
E745S_02883,2968.55926338389,3158.73379144,3225.80289444775,6961.17730717173,7286.25765984685,6987.81538772488
E745S_02884,458.942904523153,399.484256388024,353.797736810398,309.334358866195,313.143123396346,268.680115609806
E745S_02885,802.23948191448,853.320112284622,710.568563846094,533.255499239486,541.332591864977,516.036412520422
E745S_02886,264.984891302059,264.511117608397,282.443571403259,128.119827739357,128.418315588407,120.479575650429
E745S_02887,34.6028380394441,43.4812796068597,45.5873834545611,30.0100497407503,23.7079967240136,28.7871552439078
E745S_02888,827.736309943544,696.606333701565,686.783842043715,317.413987642551,353.644284466536,395.556836869993
E745S_02889,141.14315516089,141.314158722294,143.699360889378,96.9555453162702,113.600817635899,108.751475365874
E745S_02890,936.097829067066,985.575671088821,915.71178939162,1285.81520812292,1358.27064564661,1362.5920148783
E745S_02891,2.73180300311401,4.52929995904789,0.991030075099155,4.6169307293462,3.9513327873356,6.39714560975729
E745S_02892,173.924791198258,190.230598280011,216.044556371616,35.781213152433,67.1726573847052,51.1771648780583
E745S_02893,53.7254590612421,48.0105795659076,56.4887142806519,11.5423268233655,26.6714963145153,15.9928640243932
E745S_02894,18.21202002076,18.1171998361916,17.8385413517848,20.7761882820579,25.6836631176814,24.5223915040696
E745S_02895,10.927212012456,12.6820398853341,13.8744210513882,19.6219555997213,21.7323303303458,27.7209643089483
E745S_02896,8.19540900934202,6.34101994266704,5.94618045059493,18.4677229173848,14.8174979525085,24.5223915040696
E745S_02897,11.837813013494,11.7761798935245,7.92824060079324,31.1642824230868,32.5984954955187,25.5885824390292
E745S_02898,0.910601001038002,3.62343996723831,4.95515037549578,5.77116341168275,0.9878331968339,3.19857280487865
E745S_02899,0.910601001038002,0.905859991809578,0,3.46269804700965,1.9756663936678,4.2647637398382
E745S_02900,3.64240400415201,1.81171998361916,0.991030075099155,2.3084653646731,5.9269991810034,6.39714560975729
E745S_02901,4.55300500519001,6.34101994266704,1.98206015019831,5.77116341168275,4.9391659841695,9.59571841463594
E745S_02902,23.6756260269881,18.1171998361916,17.8385413517848,69.253960940193,65.1969909910374,50.1109739430988
E745S_02903,356.044991405859,273.569717526492,285.416661628557,850.669486882037,731.98439885392,780.45176439039
E745S_02904,90.1494991027622,95.1152991400057,97.1209473597172,155.821412115434,148.174979525085,150.332921829296
E745S_02905,715.73238681587,718.346973504995,694.712082644508,1453.17894706172,1358.27064564661,1319.94437747992
E745S_02906,396.111435451531,359.626416748402,391.456879664166,882.988001987461,829.779885340476,818.834638048934
E745S_02907,13.65901501557,20.8347798116203,22.7936917272806,49.6320053404716,54.3308258258645,49.0447830081392
E745S_02908,114.735726130788,93.3035791563865,88.2016766838248,227.3838384203,255.84879797998,251.621060650454
E745S_02909,83.7752920954962,91.4918591727673,104.058157885411,245.851561337685,274.617628719824,250.554869715494
E745S_02910,130.215943148434,144.031738697723,141.717300739179,361.27482957134,423.780441441743,403.02017341471
E745S_02911,8.19540900934202,6.34101994266704,3.96412030039662,19.6219555997213,30.6228291018509,23.4562005691101
E745S_02912,40.0664440456721,40.763699631431,26.7578120276772,77.3335897165488,81.0023221403798,75.699556382128
E745S_02913,20.033222022836,25.3640797706682,22.7936917272806,63.4827975285102,65.1969909910374,52.2433558130179
E745S_02914,98.3449081121042,99.6445990990536,93.1568270593206,313.951289595542,276.593295113492,272.944879349645
E745S_02915,20.9438230238741,14.4937598689532,15.8564812015865,34.6269804700965,38.5254946765221,52.2433558130179
E745S_02916,11.837813013494,24.4582197788586,22.7936917272806,40.3981438817792,48.4038266448611,28.7871552439078
E745S_02917,17.301419019722,28.9875197379065,19.8206015019831,40.3981438817792,38.5254946765221,51.1771648780583
E745S_02918,122.020534139092,114.138358968007,103.067127810312,243.543095973012,235.104300846468,243.091533170777
E745S_02919,6.37420700726602,6.34101994266704,7.92824060079324,21.9304209643944,13.8296647556746,13.8604821544741
E745S_02920,64.6526710736982,62.5043394348609,58.4707744308502,158.129877480107,133.357481572577,157.796258374013
E745S_02921,43.7088480498241,48.0105795659076,36.6681127786687,114.269035551318,116.5643172264,103.420520691076
E745S_02922,33.6922370384061,25.3640797706682,35.6770827035696,61.1743321638371,62.2334914005357,49.0447830081392
E745S_02927,26.4074290301021,17.211339844382,17.8385413517848,47.3235399757985,58.2821586132001,43.7138283333415
E745S_02928,73.7586810840782,71.5629393529566,59.4618045059493,162.746808209454,172.870809445933,172.722931463447
E745S_02929,0,0.905859991809578,2.97309022529747,1.15423268233655,0.9878331968339,6.39714560975729
E745S_02930,157.533973179574,202.006778173536,175.41232329255,596.738296767996,620.359247611689,534.161658414734
E745S_02931,243.130467277147,233.711877886871,226.945887197707,669.454955755199,585.785085722503,640.780751910689
E745S_02932,35.5134390404821,23.552359787049,34.6860526284704,123.502897010011,118.539983620068,110.883857235793
E745S_02933,94.7025041079522,96.0211591318152,69.3721052569409,128.119827739357,134.34531476941,147.134349024418
E745S_02934,980.717278117928,1027.24523071206,1147.61282696482,1038.80941410289,1001.66286158957,1010.74900634165
E745S_02935,536.343989611383,524.492935257746,536.147270628643,1700.18474108174,1791.9294190567,1746.42075146374
E745S_02936,40.9770450467101,46.1988595822885,50.5425338300569,139.662154562723,145.211479934583,169.524358658568
E745S_02937,149.338564170232,153.996198607628,135.771120288584,945.316566833634,911.77004067769,892.401812561142
E745S_02938,207.617028236665,153.090338615819,184.331593968443,828.739065917643,691.48323778373,871.077993861951
E745S_02939,346.028380394441,312.521697174304,331.004045083118,955.704660974663,955.234701338382,1023.54329756117
E745S_02940,562.751418641485,505.469875429744,500.470187925073,1306.59139640497,1277.26832350623,1382.84964264253
E745S_02941,153.891569175422,137.690718755056,141.717300739179,330.110547148253,337.838953317194,339.048717317137
E745S_02942,241.309265275071,292.592777354494,247.757518774789,382.051017853398,393.157612339892,417.946846504143
E745S_02943,165.729382188916,181.171998361916,187.30468419374,342.807106653955,372.41311520638,412.615891829345
E745S_02944,175.745993200334,152.184478624009,136.762150363683,452.459211475928,432.670940213248,511.771648780583
E745S_02945,30.0498330342541,29.8933797297161,32.7039924782721,70.4081936225295,88.904987715051,92.7586113414808
E745S_02946,90.1494991027622,96.0211591318152,106.04021803561,260.85658620806,249.921798798977,261.216779065089
E745S_02947,138.411352157776,105.079759049911,128.83390976289,464.001538299293,409.950776686069,430.741137723658
E745S_02948,1137.34065029646,1321.64972805017,1276.44673672771,693.693842084266,642.091577942035,632.251224431012
E745S_02949,2.73180300311401,2.71757997542873,2.97309022529747,0,0.9878331968339,3.19857280487865
E745S_02954,71.9374790820022,47.104719574098,65.4079849565443,47.3235399757985,51.3673262353628,38.3828736585438
E745S_02955,94.7025041079522,87.868419205529,105.04918796051,43.8608419287889,46.4281602511933,50.1109739430988
E745S_02956,142.053756161928,139.502438738675,146.672451114675,76.1793570342123,86.9293213213832,90.6262294715617
E745S_02957,3.64240400415201,4.52929995904789,5.94618045059493,6.9253960940193,1.9756663936678,4.2647637398382
E745S_02958,290.481719331123,258.17009766573,270.551210502069,163.90104089179,154.101978706088,142.86958528458
E745S_02959,434.356677495127,544.421855077556,474.703405972495,487.086191946024,432.670940213248,428.608755853739
E745S_02960,359.687395410011,308.898257207066,309.201383430936,357.81213152433,339.814619710862,318.791089552905
E745S_02961,188.494407214866,197.477478214488,208.116315770823,687.922678672584,652.957743107208,631.185033496053
E745S_02962,14.569616016608,19.0230598280011,18.829571426884,20.7761882820579,18.7688307398441,17.0590549593528
E745S_02963,8.19540900934202,5.43515995085747,6.93721052569409,15.0050248703751,14.8174979525085,12.7942912195146
E745S_02964,25.4968280290641,22.6464997952394,22.7936917272806,35.781213152433,39.513327873356,30.9195371138269
E745S_02965,83.7752920954962,96.9270191236248,89.192706758924,94.6470799515971,116.5643172264,111.950048170753
E745S_02966,432.535475493051,482.823375634505,514.344608976462,543.643593380515,588.748585313005,540.558804024491
E745S_02967,15.480217017646,12.6820398853341,16.8475112766856,8.07962877635585,17.7809975430102,22.3900096341505
E745S_02968,66.4738730757742,59.7867594594321,60.4528345810485,46.169307293462,61.2456582037018,51.1771648780583
E745S_02969,2168.14098347148,2603.44161646073,2449.82634564511,8438.59514056252,10256.6720827264,9314.24400780662
E745S_02970,1166.47988232968,1370.56616760789,1117.88192471185,7381.31800354224,7360.34514960939,7605.13993906646
E745S_02971,199.421619227323,212.877098075251,209.107345845922,210.070348185252,235.104300846468,250.554869715494
E745S_02972,902.40559202866,746.428633251092,718.496804446888,1120.75993454879,1187.37550259435,1112.03714516281
E745S_02973,300.498330342541,252.734937714872,206.134255620624,290.866635948811,293.386459459668,279.342024959402
E745S_02974,16.390818018684,21.7406398034299,19.8206015019831,18.4677229173848,16.7931643461763,8.52952747967639
E745S_02975,188.494407214866,153.090338615819,171.448202992154,188.139927220858,192.627473382611,149.266730894337
E745S_02976,12.748414014532,9.96445990990535,14.8654511264873,3.46269804700965,7.9026655746712,5.33095467479774
E745S_02977,336.922370384061,355.097116789354,397.403060114761,158.129877480107,129.406148785241,150.332921829296
E745S_02978,372.435809424543,398.578396396214,447.945593944818,255.085422796378,277.581128310326,261.216779065089
E745S_02979,35.5134390404821,41.6695596232406,42.6142932292637,6.9253960940193,10.8661651651729,10.6619093495955
E745S_02980,692.96736178992,679.394993857183,652.097789415244,230.84653646731,246.958299208475,243.091533170777
E745S_02981,1082.70459023418,1331.61418796008,1190.22712019409,671.763421119872,771.497726727276,715.414117357857
E745S_02982,55.5466610633181,57.0691794840034,46.5784135296603,30.0100497407503,28.6471627081831,33.051918983746
E745S_02983,66.4738730757742,54.3515995085747,57.479744355751,34.6269804700965,37.5376614796882,53.3095467479774
E745S_02984,6.37420700726602,2.71757997542873,2.97309022529747,2.3084653646731,2.9634995905017,6.39714560975729
E745S_02985,10.927212012456,9.05859991809578,11.8923609011899,3.46269804700965,1.9756663936678,3.19857280487865
E745S_02986,12.748414014532,4.52929995904789,7.92824060079324,3.46269804700965,4.9391659841695,7.46333654471684
E745S_02987,88.3282971006862,72.4687993447662,72.3451954822383,51.9404707051447,48.4038266448611,39.4490645935033
E745S_02989,62.8314690716222,72.4687993447662,78.2913759328333,34.6269804700965,48.4038266448611,44.7800192683011
E745S_02990,63.7420700726602,57.975039475813,55.4976842055527,39.2439111994427,35.5619950860204,40.5152555284629
E745S_02991,29.1392320332161,19.0230598280011,28.7398721778755,6.9253960940193,7.9026655746712,18.1252458943123
E745S_02992,33.6922370384061,35.3285396805735,27.7488421027763,240.080397926002,208.432804531953,208.973423252072
E745S_02993,23.6756260269881,19.9289198198107,23.7847218023797,124.657129692347,87.9171545182171,106.619093495955
E745S_02994,0.910601001038002,3.62343996723831,2.97309022529747,8.07962877635585,9.878331968339,15.9928640243932
E745S_02995,14.569616016608,13.5878998771437,12.883390976289,15.0050248703751,16.7931643461763,15.9928640243932
E745S_02996,25.4968280290641,23.552359787049,26.7578120276772,10.3880941410289,12.8418315588407,12.7942912195146
E745S_02997,30.0498330342541,28.9875197379065,28.7398721778755,19.6219555997213,30.6228291018509,10.6619093495955
E745S_02998,34.6028380394441,28.9875197379065,31.712962403173,18.4677229173848,12.8418315588407,19.1914368292719
E745S_02999,84.6858930965342,59.7867594594321,74.3272556324366,18.4677229173848,42.4768274638577,39.4490645935033
E745S_03000,46.4406510529381,30.7992397215256,40.6322330790654,21.9304209643944,23.7079967240136,25.5885824390292
E745S_03018,38.2452420435961,27.1757997542873,42.6142932292637,55.4031687521544,61.2456582037018,60.7728832926943
E745S_03019,97.4343071110662,109.609059008959,128.83390976289,223.921140373291,218.311136500292,215.370568861829
E745S_03022,543.628797619687,471.04719574098,447.945593944818,1235.02897010011,1489.65246082552,1301.81913158561
E745S_03023,173.924791198258,163.960658517534,200.188075170029,451.304978793591,477.123434070774,517.102603455381
E745S_03024,552.734807630067,525.398795249555,539.12036085394,891.067630763817,810.023221403798,873.210375731871
E745S_03025,4216.99323580699,4263.88298144768,3913.57776656656,11572.3368731062,12714.4010764491,12917.9693679699
E745S_03026,52.8148580602041,43.4812796068597,46.5784135296603,20.7761882820579,8.8904987715051,25.5885824390292
E745S_03027,325.084557370567,296.216217321732,298.300052604846,242.388863290675,325.984954955187,261.216779065089
E745S_03028,72.8480800830402,68.8453593775279,74.3272556324366,62.3285648461737,76.0631561562103,58.6405014227752
E745S_03029,537.254590612421,508.187455405173,504.43430822547,790.649387400537,725.069566476083,745.267463536725
E745S_03031,19.122621021798,23.552359787049,27.7488421027763,101.572476045616,107.673818454895,106.619093495955
E745S_03032,315.978547360187,265.416977600206,257.66781952578,384.359483218071,391.181945946225,413.682082764305
E745S_03033,403.396243459835,363.249856715641,356.770827035696,495.16582072238,515.648928747296,529.896894674896
E745S_03034,25297.4064098367,23531.5250072374,22310.0690506322,146117.777955031,159551.854453021,155352.548751086
E745S_03035,5355.24448710449,5311.96299197136,5260.38763862632,35977.4327084303,35610.3989126653,33556.2272959819
E745S_03036,1249.34457342414,1200.26448914769,1152.56797734032,2187.27093302776,2280.90685148948,2130.24948804918
E745S_03037,278.643906317629,228.276717936014,244.784428549491,615.206019685381,691.48323778373,618.390742276538
E745S_03038,254.057679289603,179.360278378296,182.349533818245,759.48510497745,793.230057057622,831.628929268448
E745S_03039,186.67320521279,169.395818468391,190.277774419038,328.956314465917,396.121111930394,350.776817601692
E745S_03040,1735.60550797843,1872.4126030704,1701.59863894525,3054.09967746251,3059.31941059459,3072.76227455342
E745S_03041,16.390818018684,20.8347798116203,16.8475112766856,33.4727477877599,48.4038266448611,49.0447830081392
E745S_03042,315.067946359149,258.17009766573,251.721639075185,731.783520601373,631.225412776862,667.435525284678
E745S_03043,428.893071488899,467.423755773742,473.712375897396,285.095472537128,297.337792247004,265.481542804928
E745S_03045,555.466610633181,641.348874201181,556.958902205725,495.16582072238,492.928765220116,490.447830081393
E745S_03046,1052.65475719993,1039.02141060559,1007.87758637584,961.475824386346,958.198200928883,951.042313983918
E745S_03047,238.577462271957,232.806017895061,340.914345834109,899.147259540172,986.845363637066,867.879421057073
E745S_03048,56.4572620643561,32.6109597051448,49.5515037549578,100.41824336328,91.8684873055527,78.8981291870066
E745S_03049,337.832971385099,363.249856715641,309.201383430936,721.395426460344,750.753229593764,706.884589878181
E745S_03050,172.103589196182,176.642698402868,194.241894719434,237.771932561329,204.481471744617,206.841041382152
E745S_03052,2.73180300311401,4.52929995904789,5.94618045059493,19.6219555997213,21.7323303303458,25.5885824390292
E745S_03053,755.798830861542,776.322012980808,686.783842043715,1011.10782972682,1066.85985258061,1123.76524544736
E745S_03054,1538.91569175422,1572.57294578143,1651.05610511519,2083.38999161747,2045.80255064301,2070.54279569144
E745S_03055,163.90818018684,139.502438738675,174.421293217451,91.1843819045874,98.78331968339,77.8319382520471
E745S_03060,0.910601001038002,0,0,6.9253960940193,5.9269991810034,2.1323818699191
E745S_03061,0.910601001038002,0,1.98206015019831,1.15423268233655,4.9391659841695,1.06619093495955
E745S_03070,56.4572620643561,48.0105795659076,58.4707744308502,23.084653646731,30.6228291018509,29.8533461788674
E745S_03071,127.48414014532,125.008678869722,116.9415488617,46.169307293462,55.3186590226984,59.7066923577347
E745S_03074,53.7254590612421,41.6695596232406,47.5694436047595,11.5423268233655,23.7079967240136,19.1914368292719
E745S_03075,188.494407214866,153.996198607628,148.654511264873,99.2640106809433,69.148323778373,94.8909932113999
E745S_03076,92.8813021058762,85.1508392301003,91.1747669091223,28.8558170584137,47.4159934480272,52.2433558130179
E745S_03077,36.4240400415201,36.2343996723831,36.6681127786687,13.8507921880386,10.8661651651729,13.8604821544741
E745S_03078,125.662938143244,91.4918591727673,112.977428561304,30.0100497407503,31.6106622986848,33.051918983746
E745S_03079,34.6028380394441,30.7992397215256,25.766781952578,4.6169307293462,8.8904987715051,5.33095467479774
E745S_03081,69.2056760788882,64.31605941848,60.4528345810485,36.9354458347696,61.2456582037018,47.9785920731797
E745S_03082,11.837813013494,5.43515995085747,3.96412030039662,1.15423268233655,0.9878331968339,7.46333654471684
E745S_03083,0,1.81171998361916,0,1.15423268233655,6.9148323778373,2.1323818699191
E745S_03087,373.346410425581,414.883876248787,399.38512026496,2938.67640922886,2538.73131586312,2334.95814756141
E745S_03088,1.821202002076,1.81171998361916,2.97309022529747,6.9253960940193,17.7809975430102,5.33095467479774
E745S_03090,325.084557370567,279.91073746916,302.264172905242,685.614213307911,678.64140622489,664.236952479799
E745S_03091,53.7254590612421,49.8222995495268,49.5515037549578,64.6370302108468,65.1969909910374,53.3095467479774
E745S_03092,515.400166587509,431.189356101359,498.488127774875,662.52955966118,678.64140622489,727.142217642412
E745S_03093,139.321953158814,120.479378910674,110.995368411105,123.502897010011,135.333147966244,148.200539959377
E745S_03094,7.28480800830402,5.43515995085747,5.94618045059493,5.77116341168275,9.878331968339,4.2647637398382
E745S_03095,10.016611011418,7.24687993447662,12.883390976289,11.5423268233655,19.756663936678,15.9928640243932
E745S_03096,733.033805835592,779.039592956237,797.77921045482,1374.69112466283,1247.63332760122,1183.4719378051
E745S_03097,625.582887713108,616.890654422322,624.348947312468,1400.08424367424,1356.29497925295,1380.71726077262
E745S_03098,1500.67044971063,1722.03984443001,1547.98897730488,829.893298599979,799.157056238625,809.238919634298
E745S_03099,0,1.81171998361916,0,8.07962877635585,5.9269991810034,6.39714560975729
E745S_03100,0,3.62343996723831,0.991030075099155,8.07962877635585,5.9269991810034,2.1323818699191
E745S_03105,704.805174803414,598.773454586131,634.259248063459,4998.9817471996,5316.51826536005,5201.94557166764
E745S_03106,0,1.81171998361916,1.98206015019831,1.15423268233655,5.9269991810034,4.2647637398382
E745S_03115,203.974624232512,307.086537223447,249.739578924987,197.37378867955,212.384137319289,204.708659512233
E745S_03116,837.752920954962,877.778332063481,777.958608952837,925.694611233913,927.575371827032,923.321349674969
E745S_03117,277.733305316591,268.134557575635,322.084774407225,238.926165243666,310.179623805845,288.937743374038
E745S_03118,319.620951364339,299.83965728897,285.416661628557,290.866635948811,319.07012257735,278.275834024442
E745S_03119,99.2555091131423,92.3977191645769,88.2016766838248,53.0947033874813,45.4403270543594,47.9785920731797
E745S_03120,42.7982470487861,28.9875197379065,31.712962403173,55.4031687521544,43.4646606606916,51.1771648780583
E745S_03121,200.332220228361,197.477478214488,175.41232329255,300.100497407503,322.033622167852,265.481542804928
E745S_03128,90.1494991027622,91.4918591727673,83.2465263083291,188.139927220858,269.678462735655,254.819633455332
E745S_03129,142.964357162966,133.161418796008,151.627601490171,304.717428136849,343.765952498197,309.195371138269
E745S_03130,16.390818018684,14.4937598689532,18.829571426884,55.4031687521544,64.2091577942035,49.0447830081392
E745S_03131,43.7088480498241,51.6340195331459,61.4438646561476,47.3235399757985,42.4768274638577,49.0447830081392
E745S_03132,8.19540900934202,8.1527399262862,16.8475112766856,10.3880941410289,16.7931643461763,17.0590549593528
E745S_03133,24.5862270280261,12.6820398853341,31.712962403173,33.4727477877599,33.5863286923526,33.051918983746
E745S_03134,11.837813013494,24.4582197788586,17.8385413517848,15.0050248703751,31.6106622986848,34.1181099187056
E745S_03135,40.9770450467101,32.6109597051448,39.6412030039662,50.7862380228082,33.5863286923526,56.5081195528561
E745S_03136,5.46360600622801,8.1527399262862,8.9192706758924,9.2338614586924,9.878331968339,8.52952747967639
E745S_03137,10.927212012456,12.6820398853341,18.829571426884,12.696559505702,10.8661651651729,21.323818699191
E745S_03138,15.480217017646,9.96445990990535,18.829571426884,15.0050248703751,19.756663936678,19.1914368292719
E745S_03139,9.10601001038002,5.43515995085747,5.94618045059493,5.77116341168275,2.9634995905017,12.7942912195146
E745S_03140,12.748414014532,12.6820398853341,16.8475112766856,24.2388863290675,19.756663936678,23.4562005691101
E745S_03141,1.821202002076,0.905859991809578,3.96412030039662,5.77116341168275,3.9513327873356,3.19857280487865
E745S_03142,53.7254590612421,67.0336393939088,57.479744355751,71.5624263048661,55.3186590226984,60.7728832926943
E745S_03143,30.0498330342541,39.8578396396214,35.6770827035696,53.0947033874813,36.5498282828543,40.5152555284629
E745S_03144,44.6194490508621,31.7050997133352,32.7039924782721,54.2489360698178,65.1969909910374,49.0447830081392
E745S_03146,59.1890650674701,35.3285396805735,57.479744355751,50.7862380228082,74.0874897625425,60.7728832926943
E745S_03147,374.257011426619,354.191256797545,378.573488687877,497.474286087053,447.488438165757,487.249257276514
E745S_03148,10.016611011418,5.43515995085747,1.98206015019831,1.15423268233655,2.9634995905017,2.1323818699191
E745S_03149,16.390818018684,18.1171998361916,15.8564812015865,11.5423268233655,5.9269991810034,3.19857280487865
E745S_03150,19.122621021798,5.43515995085747,14.8654511264873,5.77116341168275,7.9026655746712,8.52952747967639
E745S_03151,22.7650250259501,29.8933797297161,18.829571426884,20.7761882820579,25.6836631176814,17.0590549593528
E745S_03152,10.927212012456,8.1527399262862,6.93721052569409,8.07962877635585,9.878331968339,8.52952747967639
E745S_03153,6.37420700726602,13.5878998771437,5.94618045059493,10.3880941410289,15.8053311493424,23.4562005691101
E745S_03155,52.8148580602041,39.8578396396214,47.5694436047595,41.5523765641158,31.6106622986848,47.9785920731797
E745S_03156,30.9604340352921,42.5754196150502,31.712962403173,28.8558170584137,46.4281602511933,40.5152555284629
E745S_03157,101.076711115218,81.527399262862,84.2375563834282,137.353689198049,108.661651651729,113.016239105712
E745S_03158,4.55300500519001,7.24687993447662,12.883390976289,5.77116341168275,6.9148323778373,8.52952747967639
E745S_03159,20.9438230238741,19.9289198198107,15.8564812015865,43.8608419287889,53.3429926290306,31.9857280487865
E745S_03160,916.06460704423,1105.14919000768,1059.411150281,4780.83177023799,4672.45102102435,4581.42244752118
E745S_03161,171.192988195144,198.383338206298,215.053526296517,708.698866954642,702.349402948903,707.95078081314
E745S_03162,116.556928132864,99.6445990990536,92.1657969842214,163.90104089179,167.931643461763,139.671012479701
E745S_03163,175.745993200334,198.383338206298,216.044556371616,226.229605737964,258.812297570482,230.297241951263
E745S_03164,84.6858930965342,108.703199017149,110.004338336006,175.443367715156,140.272313950414,155.663876504094
