gene_id,ftype,gene_name,product_name,product_short,plot_label,COG,EC_number
E745S_00001,gene,NA,NA,NA,E745S_00001,,
E745S_00002,gene,NA,NA,NA,E745S_00002,,
E745S_00003,gene,NA,NA,NA,E745S_00003,,
E745S_00004,gene,NA,NA,NA,E745S_00004,,
E745S_00005,gene,ssrA,NA,NA,ssrA,,
E745S_00006,gene,NA,NA,NA,E745S_00006,,
E745S_00007,gene,NA,NA,NA,E745S_00007,,
E745S_00008,gene,NA,NA,NA,E745S_00008,,
E745S_00009,gene,srrA_1,NA,NA,srrA_1,,
E745S_00010,gene,rcsC_1,NA,NA,rcsC_1,,
E745S_00011,gene,NA,NA,NA,E745S_00011,,
E745S_00012,gene,NA,NA,NA,E745S_00012,,
E745S_00013,gene,ltaS1_1,NA,NA,ltaS1_1,,
E745S_00014,gene,rlmI,NA,NA,rlmI,,
E745S_00015,gene,aroD,NA,NA,aroD,,
E745S_00016,gene,ybaK_1,NA,NA,ybaK_1,,
E745S_00017,gene,baiN,NA,NA,baiN,,
E745S_00018,gene,gdh,NA,NA,gdh,,
E745S_00019,gene,pgi,NA,NA,pgi,,
E745S_00020,gene,NA,NA,NA,E745S_00020,,
E745S_00021,gene,NA,NA,NA,E745S_00021,,
E745S_00022,gene,NA,NA,NA,E745S_00022,,
E745S_00023,gene,NA,NA,NA,E745S_00023,,
E745S_00024,gene,NA,NA,NA,E745S_00024,,
E745S_00025,gene,NA,NA,NA,E745S_00025,,
E745S_00026,gene,NA,NA,NA,E745S_00026,,
E745S_00027,gene,NA,NA,NA,E745S_00027,,
E745S_00028,gene,NA,NA,NA,E745S_00028,,
E745S_00029,gene,NA,NA,NA,E745S_00029,,
E745S_00030,gene,NA,NA,NA,E745S_00030,,
E745S_00031,gene,NA,NA,NA,E745S_00031,,
E745S_00032,gene,NA,NA,NA,E745S_00032,,
E745S_00033,gene,NA,NA,NA,E745S_00033,,
E745S_00034,gene,NA,NA,NA,E745S_00034,,
E745S_00035,gene,NA,NA,NA,E745S_00035,,
E745S_00036,gene,NA,NA,NA,E745S_00036,,
E745S_00037,gene,xerC_1,NA,NA,xerC_1,,
E745S_00038,gene,NA,NA,NA,E745S_00038,,
E745S_00039,gene,NA,NA,NA,E745S_00039,,
E745S_00040,gene,NA,NA,NA,E745S_00040,,
E745S_00041,gene,NA,NA,NA,E745S_00041,,
E745S_00042,gene,NA,NA,NA,E745S_00042,,
E745S_00043,gene,NA,NA,NA,E745S_00043,,
E745S_00044,gene,NA,NA,NA,E745S_00044,,
E745S_00045,gene,NA,NA,NA,E745S_00045,,
E745S_00046,gene,NA,NA,NA,E745S_00046,,
E745S_00047,gene,NA,NA,NA,E745S_00047,,
E745S_00048,gene,NA,NA,NA,E745S_00048,,
E745S_00049,gene,NA,NA,NA,E745S_00049,,
E745S_00050,gene,NA,NA,NA,E745S_00050,,
E745S_00051,gene,NA,NA,NA,E745S_00051,,
E745S_00052,gene,NA,NA,NA,E745S_00052,,
E745S_00053,gene,NA,NA,NA,E745S_00053,,
E745S_00054,gene,NA,NA,NA,E745S_00054,,
E745S_00055,gene,NA,NA,NA,E745S_00055,,
E745S_00056,gene,NA,NA,NA,E745S_00056,,
E745S_00057,gene,NA,NA,NA,E745S_00057,,
E745S_00058,gene,NA,NA,NA,E745S_00058,,
E745S_00059,gene,NA,NA,NA,E745S_00059,,
E745S_00060,gene,NA,NA,NA,E745S_00060,,
E745S_00061,gene,NA,NA,NA,E745S_00061,,
E745S_00062,gene,NA,NA,NA,E745S_00062,,
E745S_00063,gene,yjcQ,NA,NA,yjcQ,,
E745S_00064,gene,NA,NA,NA,E745S_00064,,
E745S_00065,gene,NA,NA,NA,E745S_00065,,
E745S_00066,gene,NA,NA,NA,E745S_00066,,
E745S_00067,gene,NA,NA,NA,E745S_00067,,
E745S_00068,gene,NA,NA,NA,E745S_00068,,
E745S_00069,gene,NA,NA,NA,E745S_00069,,
E745S_00070,gene,NA,NA,NA,E745S_00070,,
E745S_00071,gene,NA,NA,NA,E745S_00071,,
E745S_00072,gene,NA,NA,NA,E745S_00072,,
E745S_00073,gene,NA,NA,NA,E745S_00073,,
E745S_00074,gene,NA,NA,NA,E745S_00074,,
E745S_00075,gene,NA,NA,NA,E745S_00075,,
E745S_00076,gene,NA,NA,NA,E745S_00076,,
E745S_00077,gene,NA,NA,NA,E745S_00077,,
E745S_00078,gene,NA,NA,NA,E745S_00078,,
E745S_00079,gene,NA,NA,NA,E745S_00079,,
E745S_00080,gene,NA,NA,NA,E745S_00080,,
E745S_00081,gene,NA,NA,NA,E745S_00081,,
E745S_00082,gene,NA,NA,NA,E745S_00082,,
E745S_00083,gene,NA,NA,NA,E745S_00083,,
E745S_00084,gene,NA,NA,NA,E745S_00084,,
E745S_00085,gene,NA,NA,NA,E745S_00085,,
E745S_00086,gene,NA,NA,NA,E745S_00086,,
E745S_00087,gene,NA,NA,NA,E745S_00087,,
E745S_00088,gene,NA,NA,NA,E745S_00088,,
E745S_00089,gene,NA,NA,NA,E745S_00089,,
E745S_00090,gene,NA,NA,NA,E745S_00090,,
E745S_00091,gene,cbh_1,NA,NA,cbh_1,,
E745S_00092,gene,NA,NA,NA,E745S_00092,,
E745S_00093,gene,cbh_2,NA,NA,cbh_2,,
E745S_00094,gene,NA,NA,NA,E745S_00094,,
E745S_00095,gene,asnB,NA,NA,asnB,,
E745S_00096,gene,NA,NA,NA,E745S_00096,,
E745S_00097,gene,rpmGA_1,NA,NA,rpmGA_1,,
E745S_00098,gene,folA_1,NA,NA,folA_1,,
E745S_00099,gene,yfiY,NA,NA,yfiY,,
E745S_00100,gene,fepC,NA,NA,fepC,,
E745S_00101,gene,feuB,NA,NA,feuB,,
E745S_00102,gene,feuC,NA,NA,feuC,,
E745S_00103,gene,yqgN,NA,NA,yqgN,,
E745S_00104,gene,gluP,NA,NA,gluP,,
E745S_00105,gene,yqgQ,NA,NA,yqgQ,,
E745S_00106,gene,glcK,NA,NA,glcK,,
E745S_00107,gene,yibN,NA,NA,yibN,,
E745S_00108,gene,NA,NA,NA,E745S_00108,,
E745S_00109,gene,NA,NA,NA,E745S_00109,,
E745S_00110,gene,NA,NA,NA,E745S_00110,,
E745S_00111,gene,galE,NA,NA,galE,,
E745S_00112,gene,galT,NA,NA,galT,,
E745S_00113,gene,melR_1,NA,NA,melR_1,,
E745S_00114,gene,tsaB,NA,NA,tsaB,,
E745S_00115,gene,NA,NA,NA,E745S_00115,,
E745S_00116,gene,rimI,NA,NA,rimI,,
E745S_00117,gene,tsaD,NA,NA,tsaD,,
E745S_00118,gene,NA,NA,NA,E745S_00118,,
E745S_00119,gene,arcA,NA,NA,arcA,,
E745S_00120,gene,arcB,NA,NA,arcB,,
E745S_00121,gene,arcC1,NA,NA,arcC1,,
E745S_00122,gene,argS,NA,NA,argS,,
E745S_00123,gene,phnX_1,NA,NA,phnX_1,,
E745S_00124,gene,phnX_2,NA,NA,phnX_2,,
E745S_00125,gene,phnW,NA,NA,phnW,,
E745S_00126,gene,argR_1,NA,NA,argR_1,,
E745S_00127,gene,rpsB,NA,NA,rpsB,,
E745S_00128,gene,tsf,NA,NA,tsf,,
E745S_00129,gene,pyrH,NA,NA,pyrH,,
E745S_00130,gene,frr,NA,NA,frr,,
E745S_00131,gene,uppS,NA,NA,uppS,,
E745S_00132,gene,NA,NA,NA,E745S_00132,,
E745S_00133,gene,rasP,NA,NA,rasP,,
E745S_00134,gene,proS,NA,NA,proS,,
E745S_00135,gene,polC_1,NA,NA,polC_1,,
E745S_00136,gene,rimP,NA,NA,rimP,,
E745S_00137,gene,nusA,NA,NA,nusA,,
E745S_00138,gene,NA,NA,NA,E745S_00138,,
E745S_00139,gene,rplGA,NA,NA,rplGA,,
E745S_00140,gene,infB,NA,NA,infB,,
E745S_00141,gene,rbfA,NA,NA,rbfA,,
E745S_00142,gene,NA,NA,NA,E745S_00142,,
E745S_00143,gene,xpkA_1,NA,NA,xpkA_1,,
E745S_00144,gene,xpkA_2,NA,NA,xpkA_2,,
E745S_00145,gene,truB,NA,NA,truB,,
E745S_00146,gene,ribF,NA,NA,ribF,,
E745S_00147,gene,gdhIV,NA,NA,gdhIV,,
E745S_00148,gene,glcU_1,NA,NA,glcU_1,,
E745S_00149,gene,NA,NA,NA,E745S_00149,,
E745S_00150,gene,fra,NA,NA,fra,,
E745S_00151,gene,NA,NA,NA,E745S_00151,,
E745S_00152,gene,mccF,NA,NA,mccF,,
E745S_00153,gene,NA,NA,NA,E745S_00153,,
E745S_00154,gene,ydeA,NA,NA,ydeA,,
E745S_00155,gene,NA,NA,NA,E745S_00155,,
E745S_00156,gene,hemW,NA,NA,hemW,,
E745S_00157,gene,hrcA,NA,NA,hrcA,,
E745S_00158,gene,grpE,NA,NA,grpE,,
E745S_00159,gene,dnaK,NA,NA,dnaK,,
E745S_00160,gene,dnaJ,NA,NA,dnaJ,,
E745S_00161,gene,NA,NA,NA,E745S_00161,,
E745S_00162,gene,artM_1,NA,NA,artM_1,,
E745S_00163,gene,mltF_1,NA,NA,mltF_1,,
E745S_00164,gene,uvrB,NA,NA,uvrB,,
E745S_00165,gene,uvrA,NA,NA,uvrA,,
E745S_00166,gene,NA,NA,NA,E745S_00166,,
E745S_00167,gene,NA,NA,NA,E745S_00167,,
E745S_00168,gene,yvcJ,NA,NA,yvcJ,,
E745S_00169,gene,NA,NA,NA,E745S_00169,,
E745S_00170,gene,whiA,NA,NA,whiA,,
E745S_00171,gene,NA,NA,NA,E745S_00171,,
E745S_00172,gene,NA,NA,NA,E745S_00172,,
E745S_00173,gene,NA,NA,NA,E745S_00173,,
E745S_00174,gene,NA,NA,NA,E745S_00174,,
E745S_00175,gene,NA,NA,NA,E745S_00175,,
E745S_00176,gene,NA,NA,NA,E745S_00176,,
E745S_00177,gene,NA,NA,NA,E745S_00177,,
E745S_00178,gene,NA,NA,NA,E745S_00178,,
E745S_00179,gene,NA,NA,NA,E745S_00179,,
E745S_00180,gene,NA,NA,NA,E745S_00180,,
E745S_00181,gene,cdaA,NA,NA,cdaA,,
E745S_00182,gene,NA,NA,NA,E745S_00182,,
E745S_00183,gene,glmM,NA,NA,glmM,,
E745S_00184,gene,glmS,NA,NA,glmS,,
E745S_00185,gene,NA,NA,NA,E745S_00185,,
E745S_00186,gene,sppA,NA,NA,sppA,,
E745S_00187,gene,NA,NA,NA,E745S_00187,,
E745S_00188,gene,NA,NA,NA,E745S_00188,,
E745S_00189,gene,tig,NA,NA,tig,,
E745S_00190,gene,clpX,NA,NA,clpX,,
E745S_00191,gene,engB,NA,NA,engB,,
E745S_00192,gene,NA,NA,NA,E745S_00192,,
E745S_00193,gene,NA,NA,NA,E745S_00193,,
E745S_00194,gene,NA,NA,NA,E745S_00194,,
E745S_00195,gene,glcR,NA,NA,glcR,,
E745S_00196,gene,lacC_1,NA,NA,lacC_1,,
E745S_00197,gene,fruA_1,NA,NA,fruA_1,,
E745S_00198,gene,clcA,NA,NA,clcA,,
E745S_00199,gene,pcrA,NA,NA,pcrA,,
E745S_00200,gene,ligA_1,NA,NA,ligA_1,,
E745S_00201,gene,gatC_1,NA,NA,gatC_1,,
E745S_00202,gene,gatA_1,NA,NA,gatA_1,,
E745S_00203,gene,gatB,NA,NA,gatB,,
E745S_00204,gene,dagK_1,NA,NA,dagK_1,,
E745S_00205,gene,NA,NA,NA,E745S_00205,,
E745S_00206,gene,NA,NA,NA,E745S_00206,,
E745S_00207,gene,aes_1,NA,NA,aes_1,,
E745S_00208,gene,melR_2,NA,NA,melR_2,,
E745S_00209,gene,melA,NA,NA,melA,,
E745S_00210,gene,lacL,NA,NA,lacL,,
E745S_00211,gene,lacM,NA,NA,lacM,,
E745S_00212,gene,aroF,NA,NA,aroF,,
E745S_00213,gene,aroB,NA,NA,aroB,,
E745S_00214,gene,aroC,NA,NA,aroC,,
E745S_00215,gene,NA,NA,NA,E745S_00215,,
E745S_00216,gene,aroA,NA,NA,aroA,,
E745S_00217,gene,aroK,NA,NA,aroK,,
E745S_00218,gene,pheA,NA,NA,pheA,,
E745S_00219,gene,NA,NA,NA,E745S_00219,,
E745S_00220,gene,rhaR_1,NA,NA,rhaR_1,,
E745S_00221,gene,cheB,NA,NA,cheB,,
E745S_00222,gene,lacE_1,NA,NA,lacE_1,,
E745S_00223,gene,lacF_1,NA,NA,lacF_1,,
E745S_00224,gene,lacG_1,NA,NA,lacG_1,,
E745S_00225,gene,umpB_1,NA,NA,umpB_1,,
E745S_00226,gene,umpB_2,NA,NA,umpB_2,,
E745S_00227,gene,NA,NA,NA,E745S_00227,,
E745S_00228,gene,NA,NA,NA,E745S_00228,,
E745S_00229,gene,NA,NA,NA,E745S_00229,,
E745S_00230,gene,gpmA_1,NA,NA,gpmA_1,,
E745S_00231,gene,gph_1,NA,NA,gph_1,,
E745S_00232,gene,NA,NA,NA,E745S_00232,,
E745S_00233,gene,tcyP,NA,NA,tcyP,,
E745S_00234,gene,NA,NA,NA,E745S_00234,,
E745S_00235,gene,NA,NA,NA,E745S_00235,,
E745S_00236,gene,NA,NA,NA,E745S_00236,,
E745S_00237,gene,pphA,NA,NA,pphA,,
E745S_00238,gene,yhgF,NA,NA,yhgF,,
E745S_00239,gene,NA,NA,NA,E745S_00239,,
E745S_00240,gene,ydcF,NA,NA,ydcF,,
E745S_00241,gene,murC,NA,NA,murC,,
E745S_00242,gene,NA,NA,NA,E745S_00242,,
E745S_00243,gene,ybhL,NA,NA,ybhL,,
E745S_00244,gene,polA,NA,NA,polA,,
E745S_00245,gene,mutM,NA,NA,mutM,,
E745S_00246,gene,coaE,NA,NA,coaE,,
E745S_00247,gene,NA,NA,NA,E745S_00247,,
E745S_00248,gene,nrdR,NA,NA,nrdR,,
E745S_00249,gene,dnaB,NA,NA,dnaB,,
E745S_00250,gene,dnaI_1,NA,NA,dnaI_1,,
E745S_00251,gene,dnaI_2,NA,NA,dnaI_2,,
E745S_00252,gene,NA,NA,NA,E745S_00252,,
E745S_00253,gene,NA,NA,NA,E745S_00253,,
E745S_00254,gene,trmK_1,NA,NA,trmK_1,,
E745S_00255,gene,trmK_2,NA,NA,trmK_2,,
E745S_00256,gene,NA,NA,NA,E745S_00256,,
E745S_00257,gene,NA,NA,NA,E745S_00257,,
E745S_00258,gene,pepT,NA,NA,pepT,,
E745S_00259,gene,dagK_2,NA,NA,dagK_2,,
E745S_00260,gene,NA,NA,NA,E745S_00260,,
E745S_00261,gene,NA,NA,NA,E745S_00261,,
E745S_00262,gene,clpB,NA,NA,clpB,,
E745S_00263,gene,NA,NA,NA,E745S_00263,,
E745S_00264,gene,NA,NA,NA,E745S_00264,,
E745S_00265,gene,eis_1,NA,NA,eis_1,,
E745S_00266,gene,lepA,NA,NA,lepA,,
E745S_00267,gene,xerC_2,NA,NA,xerC_2,,
E745S_00268,gene,NA,NA,NA,E745S_00268,,
E745S_00269,gene,NA,NA,NA,E745S_00269,,
E745S_00270,gene,NA,NA,NA,E745S_00270,,
E745S_00271,gene,NA,NA,NA,E745S_00271,,
E745S_00272,gene,NA,NA,NA,E745S_00272,,
E745S_00273,gene,fabG_1,NA,NA,fabG_1,,
E745S_00274,gene,licR_1,NA,NA,licR_1,,
E745S_00275,gene,NA,NA,NA,E745S_00275,,
E745S_00276,gene,srlA,NA,NA,srlA,,
E745S_00277,gene,srlE,NA,NA,srlE,,
E745S_00278,gene,NA,NA,NA,E745S_00278,,
E745S_00279,gene,srlB,NA,NA,srlB,,
E745S_00280,gene,fsaA,NA,NA,fsaA,,
E745S_00281,gene,prsA_1,NA,NA,prsA_1,,
E745S_00282,gene,NA,NA,NA,E745S_00282,,
E745S_00283,gene,NA,NA,NA,E745S_00283,,
E745S_00284,gene,NA,NA,NA,E745S_00284,,
E745S_00285,gene,NA,NA,NA,E745S_00285,,
E745S_00286,gene,spxA_1,NA,NA,spxA_1,,
E745S_00287,gene,sttH,NA,NA,sttH,,
E745S_00288,gene,NA,NA,NA,E745S_00288,,
E745S_00289,gene,aes_2,NA,NA,aes_2,,
E745S_00290,gene,NA,NA,NA,E745S_00290,,
E745S_00291,gene,murR_1,NA,NA,murR_1,,
E745S_00292,gene,NA,NA,NA,E745S_00292,,
E745S_00293,gene,fldH,NA,NA,fldH,,
E745S_00294,gene,NA,NA,NA,E745S_00294,,
E745S_00295,gene,hcxA,NA,NA,hcxA,,
E745S_00296,gene,NA,NA,NA,E745S_00296,,
E745S_00297,gene,manZ_1,NA,NA,manZ_1,,
E745S_00298,gene,sorB_1,NA,NA,sorB_1,,
E745S_00299,gene,NA,NA,NA,E745S_00299,,
E745S_00300,gene,NA,NA,NA,E745S_00300,,
E745S_00301,gene,manX_1,NA,NA,manX_1,,
E745S_00302,gene,uxuA_1,NA,NA,uxuA_1,,
E745S_00303,gene,ppaX,NA,NA,ppaX,,
E745S_00304,gene,NA,NA,NA,E745S_00304,,
E745S_00305,gene,cspL,NA,NA,cspL,,
E745S_00306,gene,NA,NA,NA,E745S_00306,,
E745S_00307,gene,NA,NA,NA,E745S_00307,,
E745S_00308,gene,NA,NA,NA,E745S_00308,,
E745S_00309,gene,NA,NA,NA,E745S_00309,,
E745S_00310,gene,NA,NA,NA,E745S_00310,,
E745S_00311,gene,NA,NA,NA,E745S_00311,,
E745S_00312,gene,NA,NA,NA,E745S_00312,,
E745S_00313,gene,yidA_1,NA,NA,yidA_1,,
E745S_00314,gene,gspA_1,NA,NA,gspA_1,,
E745S_00315,gene,gspA_2,NA,NA,gspA_2,,
E745S_00316,gene,NA,NA,NA,E745S_00316,,
E745S_00317,gene,NA,NA,NA,E745S_00317,,
E745S_00318,gene,yghA,NA,NA,yghA,,
E745S_00319,gene,NA,NA,NA,E745S_00319,,
E745S_00320,gene,NA,NA,NA,E745S_00320,,
E745S_00321,gene,NA,NA,NA,E745S_00321,,
E745S_00322,gene,NA,NA,NA,E745S_00322,,
E745S_00323,gene,NA,NA,NA,E745S_00323,,
E745S_00324,gene,NA,NA,NA,E745S_00324,,
E745S_00325,gene,NA,NA,NA,E745S_00325,,
E745S_00326,gene,NA,NA,NA,E745S_00326,,
E745S_00327,gene,NA,NA,NA,E745S_00327,,
E745S_00328,gene,NA,NA,NA,E745S_00328,,
E745S_00329,gene,NA,NA,NA,E745S_00329,,
E745S_00330,gene,NA,NA,NA,E745S_00330,,
E745S_00331,gene,NA,NA,NA,E745S_00331,,
E745S_00332,gene,NA,NA,NA,E745S_00332,,
E745S_00333,gene,amt,NA,NA,amt,,
E745S_00334,gene,gadC_1,NA,NA,gadC_1,,
E745S_00335,gene,glsA,NA,NA,glsA,,
E745S_00336,gene,NA,NA,NA,E745S_00336,,
E745S_00337,gene,dxs,NA,NA,dxs,,
E745S_00338,gene,NA,NA,NA,E745S_00338,,
E745S_00339,gene,nanE_1,NA,NA,nanE_1,,
E745S_00340,gene,NA,NA,NA,E745S_00340,,
E745S_00341,gene,NA,NA,NA,E745S_00341,,
E745S_00342,gene,ftsW_1,NA,NA,ftsW_1,,
E745S_00343,gene,msrR,NA,NA,msrR,,
E745S_00344,gene,pbp,NA,NA,pbp,,
E745S_00345,gene,napA_1,NA,NA,napA_1,,
E745S_00346,gene,napA_2,NA,NA,napA_2,,
E745S_00347,gene,NA,NA,NA,E745S_00347,,
E745S_00348,gene,NA,NA,NA,E745S_00348,,
E745S_00349,gene,ahpF,NA,NA,ahpF,,
E745S_00350,gene,ahpC,NA,NA,ahpC,,
E745S_00351,gene,rspR_1,NA,NA,rspR_1,,
E745S_00352,gene,uxuA_2,NA,NA,uxuA_2,,
E745S_00353,gene,uxuA_3,NA,NA,uxuA_3,,
E745S_00354,gene,NA,NA,NA,E745S_00354,,
E745S_00355,gene,NA,NA,NA,E745S_00355,,
E745S_00356,gene,NA,NA,NA,E745S_00356,,
E745S_00357,gene,NA,NA,NA,E745S_00357,,
E745S_00358,gene,ohrR,NA,NA,ohrR,,
E745S_00359,gene,ohrA,NA,NA,ohrA,,
E745S_00360,gene,NA,NA,NA,E745S_00360,,
E745S_00361,gene,NA,NA,NA,E745S_00361,,
E745S_00362,gene,bbmA,NA,NA,bbmA,,
E745S_00363,gene,mdxE,NA,NA,mdxE,,
E745S_00364,gene,NA,NA,NA,E745S_00364,,
E745S_00365,gene,malG,NA,NA,malG,,
E745S_00366,gene,NA,NA,NA,E745S_00366,,
E745S_00367,gene,cfa,NA,NA,cfa,,
E745S_00368,gene,NA,NA,NA,E745S_00368,,
E745S_00369,gene,pyrDA,NA,NA,pyrDA,,
E745S_00370,gene,nylA,NA,NA,nylA,,
E745S_00371,gene,yckB,NA,NA,yckB,,
E745S_00372,gene,yecS_1,NA,NA,yecS_1,,
E745S_00373,gene,NA,NA,NA,E745S_00373,,
E745S_00374,gene,NA,NA,NA,E745S_00374,,
E745S_00375,gene,NA,NA,NA,E745S_00375,,
E745S_00376,gene,gmk_1,NA,NA,gmk_1,,
E745S_00377,gene,nupC,NA,NA,nupC,,
E745S_00378,gene,NA,NA,NA,E745S_00378,,
E745S_00379,gene,NA,NA,NA,E745S_00379,,
E745S_00380,gene,NA,NA,NA,E745S_00380,,
E745S_00381,gene,NA,NA,NA,E745S_00381,,
E745S_00382,gene,NA,NA,NA,E745S_00382,,
E745S_00383,gene,NA,NA,NA,E745S_00383,,
E745S_00384,gene,NA,NA,NA,E745S_00384,,
E745S_00385,gene,ygaZ_1,NA,NA,ygaZ_1,,
E745S_00386,gene,NA,NA,NA,E745S_00386,,
E745S_00387,gene,murJ_1,NA,NA,murJ_1,,
E745S_00388,gene,degV,NA,NA,degV,,
E745S_00389,gene,NA,NA,NA,E745S_00389,,
E745S_00390,gene,NA,NA,NA,E745S_00390,,
E745S_00391,gene,malL_1,NA,NA,malL_1,,
E745S_00392,gene,NA,NA,NA,E745S_00392,,
E745S_00393,gene,hmpT,NA,NA,hmpT,,
E745S_00394,gene,pdxK,NA,NA,pdxK,,
E745S_00395,gene,menE,NA,NA,menE,,
E745S_00396,gene,xerC_3,NA,NA,xerC_3,,
E745S_00397,gene,ysnF,NA,NA,ysnF,,
E745S_00398,gene,sasA_1,NA,NA,sasA_1,,
E745S_00399,gene,mprA,NA,NA,mprA,,
E745S_00400,gene,NA,NA,NA,E745S_00400,,
E745S_00401,gene,lolD_1,NA,NA,lolD_1,,
E745S_00402,gene,hrtA_1,NA,NA,hrtA_1,,
E745S_00403,gene,NA,NA,NA,E745S_00403,,
E745S_00404,gene,NA,NA,NA,E745S_00404,,
E745S_00405,gene,NA,NA,NA,E745S_00405,,
E745S_00406,gene,NA,NA,NA,E745S_00406,,
E745S_00407,gene,NA,NA,NA,E745S_00407,,
E745S_00408,gene,NA,NA,NA,E745S_00408,,
E745S_00409,gene,NA,NA,NA,E745S_00409,,
E745S_00410,gene,NA,NA,NA,E745S_00410,,
E745S_00411,gene,NA,NA,NA,E745S_00411,,
E745S_00412,gene,ybbH_1,NA,NA,ybbH_1,,
E745S_00413,gene,yhhX,NA,NA,yhhX,,
E745S_00414,gene,NA,NA,NA,E745S_00414,,
E745S_00415,gene,NA,NA,NA,E745S_00415,,
E745S_00416,gene,NA,NA,NA,E745S_00416,,
E745S_00417,gene,ulaA_1,NA,NA,ulaA_1,,
E745S_00418,gene,NA,NA,NA,E745S_00418,,
E745S_00419,gene,NA,NA,NA,E745S_00419,,
E745S_00420,gene,rhaS_1,NA,NA,rhaS_1,,
E745S_00421,gene,NA,NA,NA,E745S_00421,,
E745S_00422,gene,ldh_1,NA,NA,ldh_1,,
E745S_00423,gene,NA,NA,NA,E745S_00423,,
E745S_00424,gene,NA,NA,NA,E745S_00424,,
E745S_00425,gene,NA,NA,NA,E745S_00425,,
E745S_00426,gene,topB_1,NA,NA,topB_1,,
E745S_00427,gene,NA,NA,NA,E745S_00427,,
E745S_00428,gene,tagU_1,NA,NA,tagU_1,,
E745S_00429,gene,aroE,NA,NA,aroE,,
E745S_00430,gene,cmpD,NA,NA,cmpD,,
E745S_00431,gene,NA,NA,NA,E745S_00431,,
E745S_00432,gene,NA,NA,NA,E745S_00432,,
E745S_00433,gene,NA,NA,NA,E745S_00433,,
E745S_00434,gene,NA,NA,NA,E745S_00434,,
E745S_00435,gene,rqcH,NA,NA,rqcH,,
E745S_00436,gene,hdfR_1,NA,NA,hdfR_1,,
E745S_00437,gene,cah,NA,NA,cah,,
E745S_00438,gene,yfbR,NA,NA,yfbR,,
E745S_00439,gene,pyrE,NA,NA,pyrE,,
E745S_00440,gene,pyrF,NA,NA,pyrF,,
E745S_00441,gene,pyrDB,NA,NA,pyrDB,,
E745S_00442,gene,pyrK_1,NA,NA,pyrK_1,,
E745S_00443,gene,pyrK_2,NA,NA,pyrK_2,,
E745S_00444,gene,carB,NA,NA,carB,,
E745S_00445,gene,carA,NA,NA,carA,,
E745S_00446,gene,pyrC,NA,NA,pyrC,,
E745S_00447,gene,pyrB,NA,NA,pyrB,,
E745S_00448,gene,pyrP,NA,NA,pyrP,,
E745S_00449,gene,pyrR,NA,NA,pyrR,,
E745S_00450,gene,rluD_1,NA,NA,rluD_1,,
E745S_00451,gene,lspA,NA,NA,lspA,,
E745S_00452,gene,NA,NA,NA,E745S_00452,,
E745S_00453,gene,NA,NA,NA,E745S_00453,,
E745S_00454,gene,fhs1,NA,NA,fhs1,,
E745S_00455,gene,NA,NA,NA,E745S_00455,,
E745S_00456,gene,NA,NA,NA,E745S_00456,,
E745S_00457,gene,rnhA,NA,NA,rnhA,,
E745S_00458,gene,fieF,NA,NA,fieF,,
E745S_00459,gene,panT_1,NA,NA,panT_1,,
E745S_00460,gene,alaS,NA,NA,alaS,,
E745S_00461,gene,NA,NA,NA,E745S_00461,,
E745S_00462,gene,cshB,NA,NA,cshB,,
E745S_00463,gene,NA,NA,NA,E745S_00463,,
E745S_00464,gene,NA,NA,NA,E745S_00464,,
E745S_00465,gene,steT_1,NA,NA,steT_1,,
E745S_00466,gene,NA,NA,NA,E745S_00466,,
E745S_00467,gene,NA,NA,NA,E745S_00467,,
E745S_00468,gene,NA,NA,NA,E745S_00468,,
E745S_00469,gene,yedJ,NA,NA,yedJ,,
E745S_00470,gene,ypwA,NA,NA,ypwA,,
E745S_00471,gene,rlmL,NA,NA,rlmL,,
E745S_00472,gene,gpsB,NA,NA,gpsB,,
E745S_00473,gene,NA,NA,NA,E745S_00473,,
E745S_00474,gene,recU,NA,NA,recU,,
E745S_00475,gene,ponA_1,NA,NA,ponA_1,,
E745S_00476,gene,NA,NA,NA,E745S_00476,,
E745S_00477,gene,NA,NA,NA,E745S_00477,,
E745S_00478,gene,nth,NA,NA,nth,,
E745S_00479,gene,dnaD,NA,NA,dnaD,,
E745S_00480,gene,tetA,NA,NA,tetA,,
E745S_00481,gene,NA,NA,NA,E745S_00481,,
E745S_00482,gene,NA,NA,NA,E745S_00482,,
E745S_00483,gene,nox_1,NA,NA,nox_1,,
E745S_00484,gene,perR,NA,NA,perR,,
E745S_00485,gene,cysK,NA,NA,cysK,,
E745S_00486,gene,NA,NA,NA,E745S_00486,,
E745S_00487,gene,NA,NA,NA,E745S_00487,,
E745S_00488,gene,tkt,NA,NA,tkt,,
E745S_00489,gene,NA,NA,NA,E745S_00489,,
E745S_00490,gene,lexA,NA,NA,lexA,,
E745S_00491,gene,NA,NA,NA,E745S_00491,,
E745S_00492,gene,apt,NA,NA,apt,,
E745S_00493,gene,NA,NA,NA,E745S_00493,,
E745S_00494,gene,NA,NA,NA,E745S_00494,,
E745S_00495,gene,hcaB,NA,NA,hcaB,,
E745S_00496,gene,rnz,NA,NA,rnz,,
E745S_00497,gene,NA,NA,NA,E745S_00497,,
E745S_00498,gene,obg,NA,NA,obg,,
E745S_00499,gene,gap_1,NA,NA,gap_1,,
E745S_00500,gene,menH_1,NA,NA,menH_1,,
E745S_00501,gene,NA,NA,NA,E745S_00501,,
E745S_00502,gene,NA,NA,NA,E745S_00502,,
E745S_00503,gene,NA,NA,NA,E745S_00503,,
E745S_00504,gene,fabZ_1,NA,NA,fabZ_1,,
E745S_00505,gene,fabI,NA,NA,fabI,,
E745S_00506,gene,ilvE,NA,NA,ilvE,,
E745S_00507,gene,ykuT,NA,NA,ykuT,,
E745S_00508,gene,NA,NA,NA,E745S_00508,,
E745S_00509,gene,NA,NA,NA,E745S_00509,,
E745S_00510,gene,rph,NA,NA,rph,,
E745S_00511,gene,murI,NA,NA,murI,,
E745S_00512,gene,glnP,NA,NA,glnP,,
E745S_00513,gene,glnM,NA,NA,glnM,,
E745S_00514,gene,glnH,NA,NA,glnH,,
E745S_00515,gene,glnQ_1,NA,NA,glnQ_1,,
E745S_00516,gene,trpS2,NA,NA,trpS2,,
E745S_00517,gene,pheT,NA,NA,pheT,,
E745S_00518,gene,pheS,NA,NA,pheS,,
E745S_00519,gene,yodB,NA,NA,yodB,,
E745S_00520,gene,addA,NA,NA,addA,,
E745S_00521,gene,addB_1,NA,NA,addB_1,,
E745S_00522,gene,addB_2,NA,NA,addB_2,,
E745S_00523,gene,NA,NA,NA,E745S_00523,,
E745S_00524,gene,dtpT_1,NA,NA,dtpT_1,,
E745S_00525,gene,dtpT_2,NA,NA,dtpT_2,,
E745S_00526,gene,NA,NA,NA,E745S_00526,,
E745S_00527,gene,NA,NA,NA,E745S_00527,,
E745S_00528,gene,NA,NA,NA,E745S_00528,,
E745S_00529,gene,NA,NA,NA,E745S_00529,,
E745S_00530,gene,NA,NA,NA,E745S_00530,,
E745S_00531,gene,NA,NA,NA,E745S_00531,,
E745S_00532,gene,NA,NA,NA,E745S_00532,,
E745S_00533,gene,NA,NA,NA,E745S_00533,,
E745S_00534,gene,NA,NA,NA,E745S_00534,,
E745S_00535,gene,NA,NA,NA,E745S_00535,,
E745S_00536,gene,NA,NA,NA,E745S_00536,,
E745S_00537,gene,NA,NA,NA,E745S_00537,,
E745S_00538,gene,NA,NA,NA,E745S_00538,,
E745S_00539,gene,NA,NA,NA,E745S_00539,,
E745S_00540,gene,NA,NA,NA,E745S_00540,,
E745S_00541,gene,NA,NA,NA,E745S_00541,,
E745S_00542,gene,NA,NA,NA,E745S_00542,,
E745S_00543,gene,NA,NA,NA,E745S_00543,,
E745S_00544,gene,NA,NA,NA,E745S_00544,,
E745S_00545,gene,NA,NA,NA,E745S_00545,,
E745S_00546,gene,dinG_1,NA,NA,dinG_1,,
E745S_00547,gene,NA,NA,NA,E745S_00547,,
E745S_00548,gene,gpmA_2,NA,NA,gpmA_2,,
E745S_00549,gene,uppP,NA,NA,uppP,,
E745S_00550,gene,zosA,NA,NA,zosA,,
E745S_00551,gene,NA,NA,NA,E745S_00551,,
E745S_00552,gene,NA,NA,NA,E745S_00552,,
E745S_00553,gene,rpsT,NA,NA,rpsT,,
E745S_00554,gene,yqeN,NA,NA,yqeN,,
E745S_00555,gene,comEC,NA,NA,comEC,,
E745S_00556,gene,tadA_1,NA,NA,tadA_1,,
E745S_00557,gene,NA,NA,NA,E745S_00557,,
E745S_00558,gene,NA,NA,NA,E745S_00558,,
E745S_00559,gene,NA,NA,NA,E745S_00559,,
E745S_00560,gene,ylbL,NA,NA,ylbL,,
E745S_00561,gene,coaD,NA,NA,coaD,,
E745S_00562,gene,rsmD,NA,NA,rsmD,,
E745S_00563,gene,NA,NA,NA,E745S_00563,,
E745S_00564,gene,NA,NA,NA,E745S_00564,,
E745S_00565,gene,NA,NA,NA,E745S_00565,,
E745S_00566,gene,pycA,NA,NA,pycA,,
E745S_00567,gene,ftsW_2,NA,NA,ftsW_2,,
E745S_00568,gene,NA,NA,NA,E745S_00568,,
E745S_00569,gene,recQ_1,NA,NA,recQ_1,,
E745S_00570,gene,typA,NA,NA,typA,,
E745S_00571,gene,cysQ,NA,NA,cysQ,,
E745S_00572,gene,NA,NA,NA,E745S_00572,,
E745S_00573,gene,pdhD,NA,NA,pdhD,,
E745S_00574,gene,NA,NA,NA,E745S_00574,,
E745S_00575,gene,pdhB,NA,NA,pdhB,,
E745S_00576,gene,pdhA,NA,NA,pdhA,,
E745S_00577,gene,norG,NA,NA,norG,,
E745S_00578,gene,guaC,NA,NA,guaC,,
E745S_00579,gene,xylH,NA,NA,xylH,,
E745S_00580,gene,xylG,NA,NA,xylG,,
E745S_00581,gene,chvE,NA,NA,chvE,,
E745S_00582,gene,ytfQ,NA,NA,ytfQ,,
E745S_00583,gene,NA,NA,NA,E745S_00583,,
E745S_00584,gene,rhaR_2,NA,NA,rhaR_2,,
E745S_00585,gene,ydhF,NA,NA,ydhF,,
E745S_00586,gene,purD,NA,NA,purD,,
E745S_00587,gene,purH,NA,NA,purH,,
E745S_00588,gene,purN,NA,NA,purN,,
E745S_00589,gene,purM,NA,NA,purM,,
E745S_00590,gene,purF,NA,NA,purF,,
E745S_00591,gene,purL,NA,NA,purL,,
E745S_00592,gene,purQ,NA,NA,purQ,,
E745S_00593,gene,purS,NA,NA,purS,,
E745S_00594,gene,purC,NA,NA,purC,,
E745S_00595,gene,NA,NA,NA,E745S_00595,,
E745S_00596,gene,purB,NA,NA,purB,,
E745S_00597,gene,purK,NA,NA,purK,,
E745S_00598,gene,purE,NA,NA,purE,,
E745S_00599,gene,NA,NA,NA,E745S_00599,,
E745S_00600,gene,xpt,NA,NA,xpt,,
E745S_00601,gene,yteT,NA,NA,yteT,,
E745S_00602,gene,NA,NA,NA,E745S_00602,,
E745S_00603,gene,araQ_1,NA,NA,araQ_1,,
E745S_00604,gene,lacF_2,NA,NA,lacF_2,,
E745S_00605,gene,yesO,NA,NA,yesO,,
E745S_00606,gene,NA,NA,NA,E745S_00606,,
E745S_00607,gene,lytG,NA,NA,lytG,,
E745S_00608,gene,NA,NA,NA,E745S_00608,,
E745S_00609,gene,NA,NA,NA,E745S_00609,,
E745S_00610,gene,iolU_1,NA,NA,iolU_1,,
E745S_00611,gene,NA,NA,NA,E745S_00611,,
E745S_00612,gene,NA,NA,NA,E745S_00612,,
E745S_00613,gene,yqiK,NA,NA,yqiK,,
E745S_00614,gene,yuaF,NA,NA,yuaF,,
E745S_00615,gene,dcuS_1,NA,NA,dcuS_1,,
E745S_00616,gene,dcuS_2,NA,NA,dcuS_2,,
E745S_00617,gene,dcuR,NA,NA,dcuR,,
E745S_00618,gene,hgdH,NA,NA,hgdH,,
E745S_00619,gene,NA,NA,NA,E745S_00619,,
E745S_00620,gene,agaA_1,NA,NA,agaA_1,,
E745S_00621,gene,NA,NA,NA,E745S_00621,,
E745S_00622,gene,alaA,NA,NA,alaA,,
E745S_00623,gene,NA,NA,NA,E745S_00623,,
E745S_00624,gene,NA,NA,NA,E745S_00624,,
E745S_00625,gene,NA,NA,NA,E745S_00625,,
E745S_00626,gene,NA,NA,NA,E745S_00626,,
E745S_00627,gene,NA,NA,NA,E745S_00627,,
E745S_00628,gene,NA,NA,NA,E745S_00628,,
E745S_00629,gene,fosX,NA,NA,fosX,,
E745S_00630,gene,NA,NA,NA,E745S_00630,,
E745S_00631,gene,smc_1,NA,NA,smc_1,,
E745S_00632,gene,NA,NA,NA,E745S_00632,,
E745S_00633,gene,ycfH,NA,NA,ycfH,,
E745S_00634,gene,ssuB,NA,NA,ssuB,,
E745S_00635,gene,thiY,NA,NA,thiY,,
E745S_00636,gene,ribX,NA,NA,ribX,,
E745S_00637,gene,garB,NA,NA,garB,,
E745S_00638,gene,NA,NA,NA,E745S_00638,,
E745S_00639,gene,opuCA_1,NA,NA,opuCA_1,,
E745S_00640,gene,NA,NA,NA,E745S_00640,,
E745S_00641,gene,NA,NA,NA,E745S_00641,,
E745S_00642,gene,NA,NA,NA,E745S_00642,,
E745S_00643,gene,NA,NA,NA,E745S_00643,,
E745S_00644,gene,exuR_1,NA,NA,exuR_1,,
E745S_00645,gene,NA,NA,NA,E745S_00645,,
E745S_00646,gene,NA,NA,NA,E745S_00646,,
E745S_00647,gene,NA,NA,NA,E745S_00647,,
E745S_00648,gene,NA,NA,NA,E745S_00648,,
E745S_00649,gene,NA,NA,NA,E745S_00649,,
E745S_00650,gene,ppaC,NA,NA,ppaC,,
E745S_00651,gene,pflA,NA,NA,pflA,,
E745S_00652,gene,pflB,NA,NA,pflB,,
E745S_00653,gene,parC,NA,NA,parC,,
E745S_00654,gene,parE,NA,NA,parE,,
E745S_00655,gene,yccU,NA,NA,yccU,,
E745S_00656,gene,plsY,NA,NA,plsY,,
E745S_00657,gene,lacX,NA,NA,lacX,,
E745S_00658,gene,codY,NA,NA,codY,,
E745S_00659,gene,clpY,NA,NA,clpY,,
E745S_00660,gene,hslV,NA,NA,hslV,,
E745S_00661,gene,xerC_4,NA,NA,xerC_4,,
E745S_00662,gene,trmFO,NA,NA,trmFO,,
E745S_00663,gene,topA,NA,NA,topA,,
E745S_00664,gene,dprA,NA,NA,dprA,,
E745S_00665,gene,rnhB,NA,NA,rnhB,,
E745S_00666,gene,rbgA,NA,NA,rbgA,,
E745S_00667,gene,NA,NA,NA,E745S_00667,,
E745S_00668,gene,folT_1,NA,NA,folT_1,,
E745S_00669,gene,sipV,NA,NA,sipV,,
E745S_00670,gene,NA,NA,NA,E745S_00670,,
E745S_00671,gene,msrA_1,NA,NA,msrA_1,,
E745S_00672,gene,NA,NA,NA,E745S_00672,,
E745S_00673,gene,NA,NA,NA,E745S_00673,,
E745S_00674,gene,NA,NA,NA,E745S_00674,,
E745S_00675,gene,NA,NA,NA,E745S_00675,,
E745S_00676,gene,folA_2,NA,NA,folA_2,,
E745S_00677,gene,thyA,NA,NA,thyA,,
E745S_00678,gene,ettA,NA,NA,ettA,,
E745S_00679,gene,NA,NA,NA,E745S_00679,,
E745S_00680,gene,NA,NA,NA,E745S_00680,,
E745S_00681,gene,NA,NA,NA,E745S_00681,,
E745S_00682,gene,cca,NA,NA,cca,,
E745S_00683,gene,ypjD,NA,NA,ypjD,,
E745S_00684,gene,NA,NA,NA,E745S_00684,,
E745S_00685,gene,NA,NA,NA,E745S_00685,,
E745S_00686,gene,bepA,NA,NA,bepA,,
E745S_00687,gene,NA,NA,NA,E745S_00687,,
E745S_00688,gene,hupA,NA,NA,hupA,,
E745S_00689,gene,der,NA,NA,der,,
E745S_00690,gene,ypfD,NA,NA,ypfD,,
E745S_00691,gene,cmk,NA,NA,cmk,,
E745S_00692,gene,NA,NA,NA,E745S_00692,,
E745S_00693,gene,recQ_2,NA,NA,recQ_2,,
E745S_00694,gene,NA,NA,NA,E745S_00694,,
E745S_00695,gene,NA,NA,NA,E745S_00695,,
E745S_00696,gene,NA,NA,NA,E745S_00696,,
E745S_00697,gene,NA,NA,NA,E745S_00697,,
E745S_00698,gene,NA,NA,NA,E745S_00698,,
E745S_00699,gene,fmnP,NA,NA,fmnP,,
E745S_00700,gene,rluB_1,NA,NA,rluB_1,,
E745S_00701,gene,scpB,NA,NA,scpB,,
E745S_00702,gene,scpA,NA,NA,scpA,,
E745S_00703,gene,ribT,NA,NA,ribT,,
E745S_00704,gene,xerD,NA,NA,xerD,,
E745S_00705,gene,NA,NA,NA,E745S_00705,,
E745S_00706,gene,fur,NA,NA,fur,,
E745S_00707,gene,cvfB,NA,NA,cvfB,,
E745S_00708,gene,mapZ,NA,NA,mapZ,,
E745S_00709,gene,NA,NA,NA,E745S_00709,,
E745S_00710,gene,sigA,NA,NA,sigA,,
E745S_00711,gene,dnaG,NA,NA,dnaG,,
E745S_00712,gene,ctpE_1,NA,NA,ctpE_1,,
E745S_00713,gene,NA,NA,NA,E745S_00713,,
E745S_00714,gene,NA,NA,NA,E745S_00714,,
E745S_00715,gene,ydjP,NA,NA,ydjP,,
E745S_00716,gene,mprF_1,NA,NA,mprF_1,,
E745S_00717,gene,tuf_1,NA,NA,tuf_1,,
E745S_00718,gene,NA,NA,NA,E745S_00718,,
E745S_00719,gene,NA,NA,NA,E745S_00719,,
E745S_00720,gene,yvgN,NA,NA,yvgN,,
E745S_00721,gene,NA,NA,NA,E745S_00721,,
E745S_00722,gene,NA,NA,NA,E745S_00722,,
E745S_00723,gene,mvaA,NA,NA,mvaA,,
E745S_00724,gene,thlA,NA,NA,thlA,,
E745S_00725,gene,mvaS,NA,NA,mvaS,,
E745S_00726,gene,NA,NA,NA,E745S_00726,,
E745S_00727,gene,NA,NA,NA,E745S_00727,,
E745S_00728,gene,clsA_1,NA,NA,clsA_1,,
E745S_00729,gene,thiD,NA,NA,thiD,,
E745S_00730,gene,NA,NA,NA,E745S_00730,,
E745S_00731,gene,spxA_2,NA,NA,spxA_2,,
E745S_00732,gene,NA,NA,NA,E745S_00732,,
E745S_00733,gene,NA,NA,NA,E745S_00733,,
E745S_00734,gene,NA,NA,NA,E745S_00734,,
E745S_00735,gene,gmuD_1,NA,NA,gmuD_1,,
E745S_00736,gene,gmuC_1,NA,NA,gmuC_1,,
E745S_00737,gene,gmuR,NA,NA,gmuR,,
E745S_00738,gene,mhqA,NA,NA,mhqA,,
E745S_00739,gene,mhqD,NA,NA,mhqD,,
E745S_00740,gene,mtnB,NA,NA,mtnB,,
E745S_00741,gene,NA,NA,NA,E745S_00741,,
E745S_00742,gene,gatC_2,NA,NA,gatC_2,,
E745S_00743,gene,NA,NA,NA,E745S_00743,,
E745S_00744,gene,gatA_2,NA,NA,gatA_2,,
E745S_00745,gene,lacR_1,NA,NA,lacR_1,,
E745S_00746,gene,lacC_2,NA,NA,lacC_2,,
E745S_00747,gene,NA,NA,NA,E745S_00747,,
E745S_00748,gene,NA,NA,NA,E745S_00748,,
E745S_00749,gene,NA,NA,NA,E745S_00749,,
E745S_00750,gene,arsC,NA,NA,arsC,,
E745S_00751,gene,manR_1,NA,NA,manR_1,,
E745S_00752,gene,manP_1,NA,NA,manP_1,,
E745S_00753,gene,manP_2,NA,NA,manP_2,,
E745S_00754,gene,dgaF,NA,NA,dgaF,,
E745S_00755,gene,dgaE,NA,NA,dgaE,,
E745S_00756,gene,NA,NA,NA,E745S_00756,,
E745S_00757,gene,NA,NA,NA,E745S_00757,,
E745S_00758,gene,NA,NA,NA,E745S_00758,,
E745S_00759,gene,NA,NA,NA,E745S_00759,,
E745S_00760,gene,NA,NA,NA,E745S_00760,,
E745S_00761,gene,NA,NA,NA,E745S_00761,,
E745S_00762,gene,NA,NA,NA,E745S_00762,,
E745S_00763,gene,NA,NA,NA,E745S_00763,,
E745S_00764,gene,NA,NA,NA,E745S_00764,,
E745S_00765,gene,NA,NA,NA,E745S_00765,,
E745S_00766,gene,NA,NA,NA,E745S_00766,,
E745S_00767,gene,NA,NA,NA,E745S_00767,,
E745S_00768,gene,araD,NA,NA,araD,,
E745S_00769,gene,ulaE,NA,NA,ulaE,,
E745S_00770,gene,sgbH,NA,NA,sgbH,,
E745S_00771,gene,NA,NA,NA,E745S_00771,,
E745S_00772,gene,ulaA_2,NA,NA,ulaA_2,,
E745S_00773,gene,NA,NA,NA,E745S_00773,,
E745S_00774,gene,ulaG,NA,NA,ulaG,,
E745S_00775,gene,srlR,NA,NA,srlR,,
E745S_00776,gene,NA,NA,NA,E745S_00776,,
E745S_00777,gene,NA,NA,NA,E745S_00777,,
E745S_00778,gene,NA,NA,NA,E745S_00778,,
E745S_00779,gene,licC_1,NA,NA,licC_1,,
E745S_00780,gene,ptsG_1,NA,NA,ptsG_1,,
E745S_00781,gene,malH,NA,NA,malH,,
E745S_00782,gene,gamP,NA,NA,gamP,,
E745S_00783,gene,NA,NA,NA,E745S_00783,,
E745S_00784,gene,licT_1,NA,NA,licT_1,,
E745S_00785,gene,NA,NA,NA,E745S_00785,,
E745S_00786,gene,NA,NA,NA,E745S_00786,,
E745S_00787,gene,NA,NA,NA,E745S_00787,,
E745S_00788,gene,NA,NA,NA,E745S_00788,,
E745S_00789,gene,NA,NA,NA,E745S_00789,,
E745S_00790,gene,NA,NA,NA,E745S_00790,,
E745S_00791,gene,NA,NA,NA,E745S_00791,,
E745S_00792,gene,NA,NA,NA,E745S_00792,,
E745S_00793,gene,NA,NA,NA,E745S_00793,,
E745S_00794,gene,NA,NA,NA,E745S_00794,,
E745S_00795,gene,NA,NA,NA,E745S_00795,,
E745S_00796,gene,NA,NA,NA,E745S_00796,,
E745S_00797,gene,NA,NA,NA,E745S_00797,,
E745S_00798,gene,NA,NA,NA,E745S_00798,,
E745S_00799,gene,NA,NA,NA,E745S_00799,,
E745S_00800,gene,NA,NA,NA,E745S_00800,,
E745S_00801,gene,sasA_2,NA,NA,sasA_2,,
E745S_00802,gene,arlR_1,NA,NA,arlR_1,,
E745S_00803,gene,gnd,NA,NA,gnd,,
E745S_00804,gene,rpmF_1,NA,NA,rpmF_1,,
E745S_00805,gene,NA,NA,NA,E745S_00805,,
E745S_00806,gene,gltC_1,NA,NA,gltC_1,,
E745S_00807,gene,pyk,NA,NA,pyk,,
E745S_00808,gene,pfkA,NA,NA,pfkA,,
E745S_00809,gene,dnaE,NA,NA,dnaE,,
E745S_00810,gene,NA,NA,NA,E745S_00810,,
E745S_00811,gene,sbnD_1,NA,NA,sbnD_1,,
E745S_00812,gene,NA,NA,NA,E745S_00812,,
E745S_00813,gene,pbuO,NA,NA,pbuO,,
E745S_00814,gene,yitU,NA,NA,yitU,,
E745S_00815,gene,NA,NA,NA,E745S_00815,,
E745S_00816,gene,penA,NA,NA,penA,,
E745S_00817,gene,ybbH_2,NA,NA,ybbH_2,,
E745S_00818,gene,thrS,NA,NA,thrS,,
E745S_00819,gene,NA,NA,NA,E745S_00819,,
E745S_00820,gene,ziaA,NA,NA,ziaA,,
E745S_00821,gene,helD_1,NA,NA,helD_1,,
E745S_00822,gene,NA,NA,NA,E745S_00822,,
E745S_00823,gene,NA,NA,NA,E745S_00823,,
E745S_00824,gene,yeeN,NA,NA,yeeN,,
E745S_00825,gene,tmcAL,NA,NA,tmcAL,,
E745S_00826,gene,COQ5_1,NA,NA,COQ5_1,,
E745S_00827,gene,rsfS,NA,NA,rsfS,,
E745S_00828,gene,NA,NA,NA,E745S_00828,,
E745S_00829,gene,nadD,NA,NA,nadD,,
E745S_00830,gene,NA,NA,NA,E745S_00830,,
E745S_00831,gene,yqeH,NA,NA,yqeH,,
E745S_00832,gene,NA,NA,NA,E745S_00832,,
E745S_00833,gene,accA,NA,NA,accA,,
E745S_00834,gene,accD,NA,NA,accD,,
E745S_00835,gene,cfiB,NA,NA,cfiB,,
E745S_00836,gene,fabZ_2,NA,NA,fabZ_2,,
E745S_00837,gene,accB,NA,NA,accB,,
E745S_00838,gene,fabF,NA,NA,fabF,,
E745S_00839,gene,fabG_2,NA,NA,fabG_2,,
E745S_00840,gene,fabD,NA,NA,fabD,,
E745S_00841,gene,acpA,NA,NA,acpA,,
E745S_00842,gene,fabH,NA,NA,fabH,,
E745S_00843,gene,NA,NA,NA,E745S_00843,,
E745S_00844,gene,uvrC_1,NA,NA,uvrC_1,,
E745S_00845,gene,ykuJ,NA,NA,ykuJ,,
E745S_00846,gene,glxR,NA,NA,glxR,,
E745S_00847,gene,NA,NA,NA,E745S_00847,,
E745S_00848,gene,dgs,NA,NA,dgs,,
E745S_00849,gene,NA,NA,NA,E745S_00849,,
E745S_00850,gene,ptsI,NA,NA,ptsI,,
E745S_00851,gene,ptsH,NA,NA,ptsH,,
E745S_00852,gene,clpE,NA,NA,clpE,,
E745S_00853,gene,NA,NA,NA,E745S_00853,,
E745S_00854,gene,NA,NA,NA,E745S_00854,,
E745S_00855,gene,prfC,NA,NA,prfC,,
E745S_00856,gene,NA,NA,NA,E745S_00856,,
E745S_00857,gene,yhhT,NA,NA,yhhT,,
E745S_00858,gene,NA,NA,NA,E745S_00858,,
E745S_00859,gene,NA,NA,NA,E745S_00859,,
E745S_00860,gene,mutY,NA,NA,mutY,,
E745S_00861,gene,recX,NA,NA,recX,,
E745S_00862,gene,rlmCD,NA,NA,rlmCD,,
E745S_00863,gene,NA,NA,NA,E745S_00863,,
E745S_00864,gene,crtK-2,NA,NA,crtK-2,,
E745S_00865,gene,tagU_2,NA,NA,tagU_2,,
E745S_00866,gene,cspD,NA,NA,cspD,,
E745S_00867,gene,sodA,NA,NA,sodA,,
E745S_00868,gene,NA,NA,NA,E745S_00868,,
E745S_00869,gene,czcD,NA,NA,czcD,,
E745S_00870,gene,NA,NA,NA,E745S_00870,,
E745S_00871,gene,ghrB_1,NA,NA,ghrB_1,,
E745S_00872,gene,NA,NA,NA,E745S_00872,,
E745S_00873,gene,NA,NA,NA,E745S_00873,,
E745S_00874,gene,NA,NA,NA,E745S_00874,,
E745S_00875,gene,NA,NA,NA,E745S_00875,,
E745S_00876,gene,ktrA,NA,NA,ktrA,,
E745S_00877,gene,vraR,NA,NA,vraR,,
E745S_00878,gene,liaS,NA,NA,liaS,,
E745S_00879,gene,NA,NA,NA,E745S_00879,,
E745S_00880,gene,greA,NA,NA,greA,,
E745S_00881,gene,mltG,NA,NA,mltG,,
E745S_00882,gene,pbpX_1,NA,NA,pbpX_1,,
E745S_00883,gene,NA,NA,NA,E745S_00883,,
E745S_00884,gene,wbgU_1,NA,NA,wbgU_1,,
E745S_00885,gene,NA,NA,NA,E745S_00885,,
E745S_00886,gene,pglH_1,NA,NA,pglH_1,,
E745S_00887,gene,NA,NA,NA,E745S_00887,,
E745S_00888,gene,NA,NA,NA,E745S_00888,,
E745S_00889,gene,glyG,NA,NA,glyG,,
E745S_00890,gene,arnC_1,NA,NA,arnC_1,,
E745S_00891,gene,rfbB,NA,NA,rfbB,,
E745S_00892,gene,ispD,NA,NA,ispD,,
E745S_00893,gene,NA,NA,NA,E745S_00893,,
E745S_00894,gene,NA,NA,NA,E745S_00894,,
E745S_00895,gene,wbbD_1,NA,NA,wbbD_1,,
E745S_00896,gene,wbbD_2,NA,NA,wbbD_2,,
E745S_00897,gene,NA,NA,NA,E745S_00897,,
E745S_00898,gene,NA,NA,NA,E745S_00898,,
E745S_00899,gene,arnC_2,NA,NA,arnC_2,,
E745S_00900,gene,NA,NA,NA,E745S_00900,,
E745S_00901,gene,btuD_1,NA,NA,btuD_1,,
E745S_00902,gene,tagG,NA,NA,tagG,,
E745S_00903,gene,NA,NA,NA,E745S_00903,,
E745S_00904,gene,NA,NA,NA,E745S_00904,,
E745S_00905,gene,rmlD,NA,NA,rmlD,,
E745S_00906,gene,rmlB,NA,NA,rmlB,,
E745S_00907,gene,rfbC,NA,NA,rfbC,,
E745S_00908,gene,rfbA,NA,NA,rfbA,,
E745S_00909,gene,NA,NA,NA,E745S_00909,,
E745S_00910,gene,NA,NA,NA,E745S_00910,,
E745S_00911,gene,NA,NA,NA,E745S_00911,,
E745S_00912,gene,tagO,NA,NA,tagO,,
E745S_00913,gene,NA,NA,NA,E745S_00913,,
E745S_00914,gene,map,NA,NA,map,,
E745S_00915,gene,NA,NA,NA,E745S_00915,,
E745S_00916,gene,NA,NA,NA,E745S_00916,,
E745S_00917,gene,pepS,NA,NA,pepS,,
E745S_00918,gene,NA,NA,NA,E745S_00918,,
E745S_00919,gene,NA,NA,NA,E745S_00919,,
E745S_00920,gene,NA,NA,NA,E745S_00920,,
E745S_00921,gene,NA,NA,NA,E745S_00921,,
E745S_00922,gene,NA,NA,NA,E745S_00922,,
E745S_00923,gene,NA,NA,NA,E745S_00923,,
E745S_00924,gene,NA,NA,NA,E745S_00924,,
E745S_00925,gene,NA,NA,NA,E745S_00925,,
E745S_00926,gene,NA,NA,NA,E745S_00926,,
E745S_00927,gene,NA,NA,NA,E745S_00927,,
E745S_00928,gene,NA,NA,NA,E745S_00928,,
E745S_00929,gene,NA,NA,NA,E745S_00929,,
E745S_00930,gene,NA,NA,NA,E745S_00930,,
E745S_00931,gene,NA,NA,NA,E745S_00931,,
E745S_00932,gene,NA,NA,NA,E745S_00932,,
E745S_00933,gene,NA,NA,NA,E745S_00933,,
E745S_00934,gene,NA,NA,NA,E745S_00934,,
E745S_00935,gene,NA,NA,NA,E745S_00935,,
E745S_00936,gene,NA,NA,NA,E745S_00936,,
E745S_00937,gene,NA,NA,NA,E745S_00937,,
E745S_00938,gene,NA,NA,NA,E745S_00938,,
E745S_00939,gene,NA,NA,NA,E745S_00939,,
E745S_00940,gene,NA,NA,NA,E745S_00940,,
E745S_00941,gene,NA,NA,NA,E745S_00941,,
E745S_00942,gene,NA,NA,NA,E745S_00942,,
E745S_00943,gene,NA,NA,NA,E745S_00943,,
E745S_00944,gene,NA,NA,NA,E745S_00944,,
E745S_00945,gene,NA,NA,NA,E745S_00945,,
E745S_00946,gene,NA,NA,NA,E745S_00946,,
E745S_00947,gene,NA,NA,NA,E745S_00947,,
E745S_00948,gene,NA,NA,NA,E745S_00948,,
E745S_00949,gene,NA,NA,NA,E745S_00949,,
E745S_00950,gene,NA,NA,NA,E745S_00950,,
E745S_00951,gene,NA,NA,NA,E745S_00951,,
E745S_00952,gene,NA,NA,NA,E745S_00952,,
E745S_00953,gene,NA,NA,NA,E745S_00953,,
E745S_00954,gene,NA,NA,NA,E745S_00954,,
E745S_00955,gene,NA,NA,NA,E745S_00955,,
E745S_00956,gene,NA,NA,NA,E745S_00956,,
E745S_00957,gene,NA,NA,NA,E745S_00957,,
E745S_00958,gene,NA,NA,NA,E745S_00958,,
E745S_00959,gene,NA,NA,NA,E745S_00959,,
E745S_00960,gene,NA,NA,NA,E745S_00960,,
E745S_00961,gene,NA,NA,NA,E745S_00961,,
E745S_00962,gene,NA,NA,NA,E745S_00962,,
E745S_00963,gene,NA,NA,NA,E745S_00963,,
E745S_00964,gene,NA,NA,NA,E745S_00964,,
E745S_00965,gene,NA,NA,NA,E745S_00965,,
E745S_00966,gene,NA,NA,NA,E745S_00966,,
E745S_00967,gene,NA,NA,NA,E745S_00967,,
E745S_00968,gene,NA,NA,NA,E745S_00968,,
E745S_00969,gene,NA,NA,NA,E745S_00969,,
E745S_00970,gene,NA,NA,NA,E745S_00970,,
E745S_00971,gene,NA,NA,NA,E745S_00971,,
E745S_00972,gene,NA,NA,NA,E745S_00972,,
E745S_00973,gene,NA,NA,NA,E745S_00973,,
E745S_00974,gene,NA,NA,NA,E745S_00974,,
E745S_00975,gene,NA,NA,NA,E745S_00975,,
E745S_00976,gene,NA,NA,NA,E745S_00976,,
E745S_00977,gene,NA,NA,NA,E745S_00977,,
E745S_00978,gene,NA,NA,NA,E745S_00978,,
E745S_00979,gene,NA,NA,NA,E745S_00979,,
E745S_00980,gene,NA,NA,NA,E745S_00980,,
E745S_00981,gene,NA,NA,NA,E745S_00981,,
E745S_00982,gene,NA,NA,NA,E745S_00982,,
E745S_00983,gene,NA,NA,NA,E745S_00983,,
E745S_00984,gene,NA,NA,NA,E745S_00984,,
E745S_00985,gene,NA,NA,NA,E745S_00985,,
E745S_00986,gene,NA,NA,NA,E745S_00986,,
E745S_00987,gene,NA,NA,NA,E745S_00987,,
E745S_00988,gene,NA,NA,NA,E745S_00988,,
E745S_00989,gene,NA,NA,NA,E745S_00989,,
E745S_00990,gene,NA,NA,NA,E745S_00990,,
E745S_00991,gene,xerC_5,NA,NA,xerC_5,,
E745S_00992,gene,groL,NA,NA,groL,,
E745S_00993,gene,groS,NA,NA,groS,,
E745S_00994,gene,MroQ,NA,NA,MroQ,,
E745S_00995,gene,gmuC_2,NA,NA,gmuC_2,,
E745S_00996,gene,NA,NA,NA,E745S_00996,,
E745S_00997,gene,yycJ,NA,NA,yycJ,,
E745S_00998,gene,NA,NA,NA,E745S_00998,,
E745S_00999,gene,NA,NA,NA,E745S_00999,,
E745S_01000,gene,walK_1,NA,NA,walK_1,,
E745S_01001,gene,walR_1,NA,NA,walR_1,,
E745S_01002,gene,NA,NA,NA,E745S_01002,,
E745S_01003,gene,NA,NA,NA,E745S_01003,,
E745S_01004,gene,NA,NA,NA,E745S_01004,,
E745S_01005,gene,NA,NA,NA,E745S_01005,,
E745S_01006,gene,NA,NA,NA,E745S_01006,,
E745S_01007,gene,NA,NA,NA,E745S_01007,,
E745S_01008,gene,NA,NA,NA,E745S_01008,,
E745S_01009,gene,pisA,NA,NA,pisA,,
E745S_01010,gene,NA,NA,NA,E745S_01010,,
E745S_01011,gene,opuAA,NA,NA,opuAA,,
E745S_01012,gene,NA,NA,NA,E745S_01012,,
E745S_01013,gene,NA,NA,NA,E745S_01013,,
E745S_01014,gene,feoB,NA,NA,feoB,,
E745S_01015,gene,NA,NA,NA,E745S_01015,,
E745S_01016,gene,nrdH,NA,NA,nrdH,,
E745S_01017,gene,nrdE2,NA,NA,nrdE2,,
E745S_01018,gene,nrdF,NA,NA,nrdF,,
E745S_01019,gene,NA,NA,NA,E745S_01019,,
E745S_01020,gene,sapB,NA,NA,sapB,,
E745S_01021,gene,nagB,NA,NA,nagB,,
E745S_01022,gene,ybiT_1,NA,NA,ybiT_1,,
E745S_01023,gene,NA,NA,NA,E745S_01023,,
E745S_01024,gene,NA,NA,NA,E745S_01024,,
E745S_01025,gene,NA,NA,NA,E745S_01025,,
E745S_01026,gene,rplL,NA,NA,rplL,,
E745S_01027,gene,rplJ,NA,NA,rplJ,,
E745S_01028,gene,rplA,NA,NA,rplA,,
E745S_01029,gene,rplK,NA,NA,rplK,,
E745S_01030,gene,sdhB,NA,NA,sdhB,,
E745S_01031,gene,sdhA,NA,NA,sdhA,,
E745S_01032,gene,NA,NA,NA,E745S_01032,,
E745S_01033,gene,NA,NA,NA,E745S_01033,,
E745S_01034,gene,nusG,NA,NA,nusG,,
E745S_01035,gene,secE,NA,NA,secE,,
E745S_01036,gene,rpmG3,NA,NA,rpmG3,,
E745S_01037,gene,NA,NA,NA,E745S_01037,,
E745S_01038,gene,queT_1,NA,NA,queT_1,,
E745S_01039,gene,ytlR,NA,NA,ytlR,,
E745S_01040,gene,NA,NA,NA,E745S_01040,,
E745S_01041,gene,NA,NA,NA,E745S_01041,,
E745S_01042,gene,lnrL,NA,NA,lnrL,,
E745S_01043,gene,NA,NA,NA,E745S_01043,,
E745S_01044,gene,lnrK,NA,NA,lnrK,,
E745S_01045,gene,NA,NA,NA,E745S_01045,,
E745S_01046,gene,recD2,NA,NA,recD2,,
E745S_01047,gene,pspA,NA,NA,pspA,,
E745S_01048,gene,trmL,NA,NA,trmL,,
E745S_01049,gene,rlmA,NA,NA,rlmA,,
E745S_01050,gene,cutC,NA,NA,cutC,,
E745S_01051,gene,mgtE,NA,NA,mgtE,,
E745S_01052,gene,NA,NA,NA,E745S_01052,,
E745S_01053,gene,ppnKA,NA,NA,ppnKA,,
E745S_01054,gene,yjbM,NA,NA,yjbM,,
E745S_01055,gene,yjbK,NA,NA,yjbK,,
E745S_01056,gene,NA,NA,NA,E745S_01056,,
E745S_01057,gene,NA,NA,NA,E745S_01057,,
E745S_01058,gene,pepF1_1,NA,NA,pepF1_1,,
E745S_01059,gene,NA,NA,NA,E745S_01059,,
E745S_01060,gene,mecA,NA,NA,mecA,,
E745S_01061,gene,spxA_3,NA,NA,spxA_3,,
E745S_01062,gene,yfnB_1,NA,NA,yfnB_1,,
E745S_01063,gene,rapA,NA,NA,rapA,,
E745S_01064,gene,NA,NA,NA,E745S_01064,,
E745S_01065,gene,NA,NA,NA,E745S_01065,,
E745S_01066,gene,sbcD,NA,NA,sbcD,,
E745S_01067,gene,plsC,NA,NA,plsC,,
E745S_01068,gene,yfiC,NA,NA,yfiC,,
E745S_01069,gene,NA,NA,NA,E745S_01069,,
E745S_01070,gene,oatA,NA,NA,oatA,,
E745S_01071,gene,NA,NA,NA,E745S_01071,,
E745S_01072,gene,aspS,NA,NA,aspS,,
E745S_01073,gene,hisS,NA,NA,hisS,,
E745S_01074,gene,iolS,NA,NA,iolS,,
E745S_01075,gene,cypC,NA,NA,cypC,,
E745S_01076,gene,dtd,NA,NA,dtd,,
E745S_01077,gene,relA,NA,NA,relA,,
E745S_01078,gene,rsmE,NA,NA,rsmE,,
E745S_01079,gene,prmA,NA,NA,prmA,,
E745S_01080,gene,NA,NA,NA,E745S_01080,,
E745S_01081,gene,NA,NA,NA,E745S_01081,,
E745S_01082,gene,NA,NA,NA,E745S_01082,,
E745S_01083,gene,NA,NA,NA,E745S_01083,,
E745S_01084,gene,NA,NA,NA,E745S_01084,,
E745S_01085,gene,NA,NA,NA,E745S_01085,,
E745S_01086,gene,ybiT_2,NA,NA,ybiT_2,,
E745S_01087,gene,ackA,NA,NA,ackA,,
E745S_01088,gene,NA,NA,NA,E745S_01088,,
E745S_01089,gene,NA,NA,NA,E745S_01089,,
E745S_01090,gene,NA,NA,NA,E745S_01090,,
E745S_01091,gene,NA,NA,NA,E745S_01091,,
E745S_01092,gene,NA,NA,NA,E745S_01092,,
E745S_01093,gene,NA,NA,NA,E745S_01093,,
E745S_01094,gene,NA,NA,NA,E745S_01094,,
E745S_01095,gene,comGA,NA,NA,comGA,,
E745S_01096,gene,adeC,NA,NA,adeC,,
E745S_01097,gene,trmB,NA,NA,trmB,,
E745S_01098,gene,thiK,NA,NA,thiK,,
E745S_01099,gene,NA,NA,NA,E745S_01099,,
E745S_01100,gene,ecsA,NA,NA,ecsA,,
E745S_01101,gene,hit,NA,NA,hit,,
E745S_01102,gene,NA,NA,NA,E745S_01102,,
E745S_01103,gene,prsA_2,NA,NA,prsA_2,,
E745S_01104,gene,yhaM,NA,NA,yhaM,,
E745S_01105,gene,NA,NA,NA,E745S_01105,,
E745S_01106,gene,NA,NA,NA,E745S_01106,,
E745S_01107,gene,ywpJ_1,NA,NA,ywpJ_1,,
E745S_01108,gene,NA,NA,NA,E745S_01108,,
E745S_01109,gene,yjmB,NA,NA,yjmB,,
E745S_01110,gene,xynB,NA,NA,xynB,,
E745S_01111,gene,NA,NA,NA,E745S_01111,,
E745S_01112,gene,pemA,NA,NA,pemA,,
E745S_01113,gene,NA,NA,NA,E745S_01113,,
E745S_01114,gene,NA,NA,NA,E745S_01114,,
E745S_01115,gene,yteR,NA,NA,yteR,,
E745S_01116,gene,lipO,NA,NA,lipO,,
E745S_01117,gene,NA,NA,NA,E745S_01117,,
E745S_01118,gene,yteP_1,NA,NA,yteP_1,,
E745S_01119,gene,NA,NA,NA,E745S_01119,,
E745S_01120,gene,araQ_2,NA,NA,araQ_2,,
E745S_01121,gene,yesS,NA,NA,yesS,,
E745S_01122,gene,exuR_2,NA,NA,exuR_2,,
E745S_01123,gene,uxaB,NA,NA,uxaB,,
E745S_01124,gene,uxaA,NA,NA,uxaA,,
E745S_01125,gene,uxaC,NA,NA,uxaC,,
E745S_01126,gene,rhgT,NA,NA,rhgT,,
E745S_01127,gene,NA,NA,NA,E745S_01127,,
E745S_01128,gene,NA,NA,NA,E745S_01128,,
E745S_01129,gene,NA,NA,NA,E745S_01129,,
E745S_01130,gene,pbpF,NA,NA,pbpF,,
E745S_01131,gene,rluD_2,NA,NA,rluD_2,,
E745S_01132,gene,gmuE_1,NA,NA,gmuE_1,,
E745S_01133,gene,mngB,NA,NA,mngB,,
E745S_01134,gene,NA,NA,NA,E745S_01134,,
E745S_01135,gene,araR_1,NA,NA,araR_1,,
E745S_01136,gene,NA,NA,NA,E745S_01136,,
E745S_01137,gene,rhaR_3,NA,NA,rhaR_3,,
E745S_01138,gene,NA,NA,NA,E745S_01138,,
E745S_01139,gene,NA,NA,NA,E745S_01139,,
E745S_01140,gene,NA,NA,NA,E745S_01140,,
E745S_01141,gene,araQ_3,NA,NA,araQ_3,,
E745S_01142,gene,yteP_2,NA,NA,yteP_2,,
E745S_01143,gene,rluB_2,NA,NA,rluB_2,,
E745S_01144,gene,murJ_2,NA,NA,murJ_2,,
E745S_01145,gene,NA,NA,NA,E745S_01145,,
E745S_01146,gene,murE,NA,NA,murE,,
E745S_01147,gene,licC_2,NA,NA,licC_2,,
E745S_01148,gene,NA,NA,NA,E745S_01148,,
E745S_01149,gene,licA_1,NA,NA,licA_1,,
E745S_01150,gene,licR_2,NA,NA,licR_2,,
E745S_01151,gene,NA,NA,NA,E745S_01151,,
E745S_01152,gene,NA,NA,NA,E745S_01152,,
E745S_01153,gene,NA,NA,NA,E745S_01153,,
E745S_01154,gene,NA,NA,NA,E745S_01154,,
E745S_01155,gene,NA,NA,NA,E745S_01155,,
E745S_01156,gene,NA,NA,NA,E745S_01156,,
E745S_01157,gene,NA,NA,NA,E745S_01157,,
E745S_01158,gene,NA,NA,NA,E745S_01158,,
E745S_01159,gene,NA,NA,NA,E745S_01159,,
E745S_01160,gene,NA,NA,NA,E745S_01160,,
E745S_01161,gene,leuS,NA,NA,leuS,,
E745S_01162,gene,NA,NA,NA,E745S_01162,,
E745S_01163,gene,NA,NA,NA,E745S_01163,,
E745S_01164,gene,NA,NA,NA,E745S_01164,,
E745S_01165,gene,NA,NA,NA,E745S_01165,,
E745S_01166,gene,NA,NA,NA,E745S_01166,,
E745S_01167,gene,NA,NA,NA,E745S_01167,,
E745S_01168,gene,NA,NA,NA,E745S_01168,,
E745S_01169,gene,NA,NA,NA,E745S_01169,,
E745S_01170,gene,bmr3,NA,NA,bmr3,,
E745S_01171,gene,NA,NA,NA,E745S_01171,,
E745S_01172,gene,metK,NA,NA,metK,,
E745S_01173,gene,NA,NA,NA,E745S_01173,,
E745S_01174,gene,NA,NA,NA,E745S_01174,,
E745S_01175,gene,NA,NA,NA,E745S_01175,,
E745S_01176,gene,NA,NA,NA,E745S_01176,,
E745S_01177,gene,NA,NA,NA,E745S_01177,,
E745S_01178,gene,NA,NA,NA,E745S_01178,,
E745S_01179,gene,NA,NA,NA,E745S_01179,,
E745S_01180,gene,NA,NA,NA,E745S_01180,,
E745S_01181,gene,NA,NA,NA,E745S_01181,,
E745S_01182,gene,NA,NA,NA,E745S_01182,,
E745S_01183,gene,NA,NA,NA,E745S_01183,,
E745S_01184,gene,NA,NA,NA,E745S_01184,,
E745S_01185,gene,NA,NA,NA,E745S_01185,,
E745S_01186,gene,NA,NA,NA,E745S_01186,,
E745S_01187,gene,NA,NA,NA,E745S_01187,,
E745S_01188,gene,NA,NA,NA,E745S_01188,,
E745S_01189,gene,NA,NA,NA,E745S_01189,,
E745S_01190,gene,NA,NA,NA,E745S_01190,,
E745S_01191,gene,NA,NA,NA,E745S_01191,,
E745S_01192,gene,NA,NA,NA,E745S_01192,,
E745S_01193,gene,NA,NA,NA,E745S_01193,,
E745S_01194,gene,NA,NA,NA,E745S_01194,,
E745S_01195,gene,NA,NA,NA,E745S_01195,,
E745S_01196,gene,NA,NA,NA,E745S_01196,,
E745S_01197,gene,NA,NA,NA,E745S_01197,,
E745S_01198,gene,NA,NA,NA,E745S_01198,,
E745S_01199,gene,NA,NA,NA,E745S_01199,,
E745S_01200,gene,lysS,NA,NA,lysS,,
E745S_01201,gene,dusB,NA,NA,dusB,,
E745S_01202,gene,hslO,NA,NA,hslO,,
E745S_01203,gene,ftsH,NA,NA,ftsH,,
E745S_01204,gene,hpt,NA,NA,hpt,,
E745S_01205,gene,tilS,NA,NA,tilS,,
E745S_01206,gene,pnp_1,NA,NA,pnp_1,,
E745S_01207,gene,NA,NA,NA,E745S_01207,,
E745S_01208,gene,NA,NA,NA,E745S_01208,,
E745S_01209,gene,murJ_3,NA,NA,murJ_3,,
E745S_01210,gene,mfd,NA,NA,mfd,,
E745S_01211,gene,pth,NA,NA,pth,,
E745S_01212,gene,ldh_2,NA,NA,ldh_2,,
E745S_01213,gene,NA,NA,NA,E745S_01213,,
E745S_01214,gene,NA,NA,NA,E745S_01214,,
E745S_01215,gene,NA,NA,NA,E745S_01215,,
E745S_01216,gene,pepF1_2,NA,NA,pepF1_2,,
E745S_01217,gene,NA,NA,NA,E745S_01217,,
E745S_01218,gene,NA,NA,NA,E745S_01218,,
E745S_01219,gene,mreC,NA,NA,mreC,,
E745S_01220,gene,thiN,NA,NA,thiN,,
E745S_01221,gene,rpe_1,NA,NA,rpe_1,,
E745S_01222,gene,rsgA,NA,NA,rsgA,,
E745S_01223,gene,prkC,NA,NA,prkC,,
E745S_01224,gene,stp,NA,NA,stp,,
E745S_01225,gene,rsmB,NA,NA,rsmB,,
E745S_01226,gene,fmt,NA,NA,fmt,,
E745S_01227,gene,def_1,NA,NA,def_1,,
E745S_01228,gene,priA,NA,NA,priA,,
E745S_01229,gene,rpoZ,NA,NA,rpoZ,,
E745S_01230,gene,gmk_2,NA,NA,gmk_2,,
E745S_01231,gene,NA,NA,NA,E745S_01231,,
E745S_01232,gene,NA,NA,NA,E745S_01232,,
E745S_01233,gene,NA,NA,NA,E745S_01233,,
E745S_01234,gene,NA,NA,NA,E745S_01234,,
E745S_01235,gene,NA,NA,NA,E745S_01235,,
E745S_01236,gene,thiT,NA,NA,thiT,,
E745S_01237,gene,prs,NA,NA,prs,,
E745S_01238,gene,glmU,NA,NA,glmU,,
E745S_01239,gene,purR_1,NA,NA,purR_1,,
E745S_01240,gene,znuB,NA,NA,znuB,,
E745S_01241,gene,znuC,NA,NA,znuC,,
E745S_01242,gene,znuA,NA,NA,znuA,,
E745S_01243,gene,ispE,NA,NA,ispE,,
E745S_01244,gene,mprF_2,NA,NA,mprF_2,,
E745S_01245,gene,proC,NA,NA,proC,,
E745S_01246,gene,rny,NA,NA,rny,,
E745S_01247,gene,recA,NA,NA,recA,,
E745S_01248,gene,cinA,NA,NA,cinA,,
E745S_01249,gene,pgsA,NA,NA,pgsA,,
E745S_01250,gene,NA,NA,NA,E745S_01250,,
E745S_01251,gene,NA,NA,NA,E745S_01251,,
E745S_01252,gene,NA,NA,NA,E745S_01252,,
E745S_01253,gene,mscL,NA,NA,mscL,,
E745S_01254,gene,elaA,NA,NA,elaA,,
E745S_01255,gene,veg,NA,NA,veg,,
E745S_01256,gene,sigH,NA,NA,sigH,,
E745S_01257,gene,NA,NA,NA,E745S_01257,,
E745S_01258,gene,NA,NA,NA,E745S_01258,,
E745S_01259,gene,mrnC,NA,NA,mrnC,,
E745S_01260,gene,cysS,NA,NA,cysS,,
E745S_01261,gene,cysE,NA,NA,cysE,,
E745S_01262,gene,gltX,NA,NA,gltX,,
E745S_01263,gene,yacL,NA,NA,yacL,,
E745S_01264,gene,radA,NA,NA,radA,,
E745S_01265,gene,dut,NA,NA,dut,,
E745S_01266,gene,proB,NA,NA,proB,,
E745S_01267,gene,proA,NA,NA,proA,,
E745S_01268,gene,NA,NA,NA,E745S_01268,,
E745S_01269,gene,NA,NA,NA,E745S_01269,,
E745S_01270,gene,yfmO_1,NA,NA,yfmO_1,,
E745S_01271,gene,yfmO_2,NA,NA,yfmO_2,,
E745S_01272,gene,NA,NA,NA,E745S_01272,,
E745S_01273,gene,NA,NA,NA,E745S_01273,,
E745S_01274,gene,msr(C),NA,NA,msr(C),,
E745S_01275,gene,yodC_1,NA,NA,yodC_1,,
E745S_01276,gene,yodC_2,NA,NA,yodC_2,,
E745S_01277,gene,NA,NA,NA,E745S_01277,,
E745S_01278,gene,NA,NA,NA,E745S_01278,,
E745S_01279,gene,NA,NA,NA,E745S_01279,,
E745S_01280,gene,NA,NA,NA,E745S_01280,,
E745S_01281,gene,hdfR_2,NA,NA,hdfR_2,,
E745S_01282,gene,sacY,NA,NA,sacY,,
E745S_01283,gene,ptsG_2,NA,NA,ptsG_2,,
E745S_01284,gene,NA,NA,NA,E745S_01284,,
E745S_01285,gene,qorB,NA,NA,qorB,,
E745S_01286,gene,ywnA,NA,NA,ywnA,,
E745S_01287,gene,NA,NA,NA,E745S_01287,,
E745S_01288,gene,NA,NA,NA,E745S_01288,,
E745S_01289,gene,NA,NA,NA,E745S_01289,,
E745S_01290,gene,xylB_1,NA,NA,xylB_1,,
E745S_01291,gene,ygaZ_2,NA,NA,ygaZ_2,,
E745S_01292,gene,NA,NA,NA,E745S_01292,,
E745S_01293,gene,NA,NA,NA,E745S_01293,,
E745S_01294,gene,dus,NA,NA,dus,,
E745S_01295,gene,yadH,NA,NA,yadH,,
E745S_01296,gene,yadG,NA,NA,yadG,,
E745S_01297,gene,NA,NA,NA,E745S_01297,,
E745S_01298,gene,mutS_1,NA,NA,mutS_1,,
E745S_01299,gene,phoR_1,NA,NA,phoR_1,,
E745S_01300,gene,arlR_2,NA,NA,arlR_2,,
E745S_01301,gene,NA,NA,NA,E745S_01301,,
E745S_01302,gene,bcrA_1,NA,NA,bcrA_1,,
E745S_01303,gene,NA,NA,NA,E745S_01303,,
E745S_01304,gene,NA,NA,NA,E745S_01304,,
E745S_01305,gene,NA,NA,NA,E745S_01305,,
E745S_01306,gene,NA,NA,NA,E745S_01306,,
E745S_01307,gene,NA,NA,NA,E745S_01307,,
E745S_01308,gene,NA,NA,NA,E745S_01308,,
E745S_01309,gene,NA,NA,NA,E745S_01309,,
E745S_01310,gene,NA,NA,NA,E745S_01310,,
E745S_01311,gene,NA,NA,NA,E745S_01311,,
E745S_01312,gene,NA,NA,NA,E745S_01312,,
E745S_01313,gene,hhaIM,NA,NA,hhaIM,,
E745S_01314,gene,NA,NA,NA,E745S_01314,,
E745S_01315,gene,NA,NA,NA,E745S_01315,,
E745S_01316,gene,NA,NA,NA,E745S_01316,,
E745S_01317,gene,NA,NA,NA,E745S_01317,,
E745S_01318,gene,NA,NA,NA,E745S_01318,,
E745S_01319,gene,NA,NA,NA,E745S_01319,,
E745S_01320,gene,NA,NA,NA,E745S_01320,,
E745S_01321,gene,NA,NA,NA,E745S_01321,,
E745S_01322,gene,NA,NA,NA,E745S_01322,,
E745S_01323,gene,NA,NA,NA,E745S_01323,,
E745S_01324,gene,NA,NA,NA,E745S_01324,,
E745S_01325,gene,ribZ_1,NA,NA,ribZ_1,,
E745S_01326,gene,NA,NA,NA,E745S_01326,,
E745S_01327,gene,NA,NA,NA,E745S_01327,,
E745S_01328,gene,noxE,NA,NA,noxE,,
E745S_01329,gene,NA,NA,NA,E745S_01329,,
E745S_01330,gene,NA,NA,NA,E745S_01330,,
E745S_01331,gene,rhaR_4,NA,NA,rhaR_4,,
E745S_01332,gene,NA,NA,NA,E745S_01332,,
E745S_01333,gene,NA,NA,NA,E745S_01333,,
E745S_01334,gene,NA,NA,NA,E745S_01334,,
E745S_01335,gene,NA,NA,NA,E745S_01335,,
E745S_01336,gene,NA,NA,NA,E745S_01336,,
E745S_01337,gene,NA,NA,NA,E745S_01337,,
E745S_01338,gene,NA,NA,NA,E745S_01338,,
E745S_01339,gene,NA,NA,NA,E745S_01339,,
E745S_01340,gene,NA,NA,NA,E745S_01340,,
E745S_01341,gene,yjiA,NA,NA,yjiA,,
E745S_01342,gene,rpmGA_2,NA,NA,rpmGA_2,,
E745S_01343,gene,NA,NA,NA,E745S_01343,,
E745S_01344,gene,rpmF_2,NA,NA,rpmF_2,,
E745S_01345,gene,rpsN2_1,NA,NA,rpsN2_1,,
E745S_01346,gene,ndvA,NA,NA,ndvA,,
E745S_01347,gene,btuD_2,NA,NA,btuD_2,,
E745S_01348,gene,NA,NA,NA,E745S_01348,,
E745S_01349,gene,btuD_3,NA,NA,btuD_3,,
E745S_01350,gene,ykoD,NA,NA,ykoD,,
E745S_01351,gene,NA,NA,NA,E745S_01351,,
E745S_01352,gene,NA,NA,NA,E745S_01352,,
E745S_01353,gene,NA,NA,NA,E745S_01353,,
E745S_01354,gene,NA,NA,NA,E745S_01354,,
E745S_01355,gene,ssaB_1,NA,NA,ssaB_1,,
E745S_01356,gene,mntD,NA,NA,mntD,,
E745S_01357,gene,NA,NA,NA,E745S_01357,,
E745S_01358,gene,NA,NA,NA,E745S_01358,,
E745S_01359,gene,scaC_1,NA,NA,scaC_1,,
E745S_01360,gene,xerC_6,NA,NA,xerC_6,,
E745S_01361,gene,rpsI,NA,NA,rpsI,,
E745S_01362,gene,rplM,NA,NA,rplM,,
E745S_01363,gene,dps,NA,NA,dps,,
E745S_01364,gene,xylB_2,NA,NA,xylB_2,,
E745S_01365,gene,comC,NA,NA,comC,,
E745S_01366,gene,msrA_2,NA,NA,msrA_2,,
E745S_01367,gene,yvdM_1,NA,NA,yvdM_1,,
E745S_01368,gene,glxK,NA,NA,glxK,,
E745S_01369,gene,ycjT,NA,NA,ycjT,,
E745S_01370,gene,rifL,NA,NA,rifL,,
E745S_01371,gene,NA,NA,NA,E745S_01371,,
E745S_01372,gene,tdh,NA,NA,tdh,,
E745S_01373,gene,ycjP,NA,NA,ycjP,,
E745S_01374,gene,ycjO,NA,NA,ycjO,,
E745S_01375,gene,NA,NA,NA,E745S_01375,,
E745S_01376,gene,ycjM,NA,NA,ycjM,,
E745S_01377,gene,purR_2,NA,NA,purR_2,,
E745S_01378,gene,rpoC,NA,NA,rpoC,,
E745S_01379,gene,rpoB,NA,NA,rpoB,,
E745S_01380,gene,NA,NA,NA,E745S_01380,,
E745S_01381,gene,NA,NA,NA,E745S_01381,,
E745S_01382,gene,yxdL_1,NA,NA,yxdL_1,,
E745S_01383,gene,birA,NA,NA,birA,,
E745S_01384,gene,NA,NA,NA,E745S_01384,,
E745S_01385,gene,NA,NA,NA,E745S_01385,,
E745S_01386,gene,hepT,NA,NA,hepT,,
E745S_01387,gene,NA,NA,NA,E745S_01387,,
E745S_01388,gene,NA,NA,NA,E745S_01388,,
E745S_01389,gene,norW,NA,NA,norW,,
E745S_01390,gene,NA,NA,NA,E745S_01390,,
E745S_01391,gene,apbE,NA,NA,apbE,,
E745S_01392,gene,menA,NA,NA,menA,,
E745S_01393,gene,gor,NA,NA,gor,,
E745S_01394,gene,NA,NA,NA,E745S_01394,,
E745S_01395,gene,rlhA,NA,NA,rlhA,,
E745S_01396,gene,clpC,NA,NA,clpC,,
E745S_01397,gene,ctsR,NA,NA,ctsR,,
E745S_01398,gene,NA,NA,NA,E745S_01398,,
E745S_01399,gene,NA,NA,NA,E745S_01399,,
E745S_01400,gene,NA,NA,NA,E745S_01400,,
E745S_01401,gene,NA,NA,NA,E745S_01401,,
E745S_01402,gene,NA,NA,NA,E745S_01402,,
E745S_01403,gene,NA,NA,NA,E745S_01403,,
E745S_01404,gene,NA,NA,NA,E745S_01404,,
E745S_01405,gene,NA,NA,NA,E745S_01405,,
E745S_01406,gene,NA,NA,NA,E745S_01406,,
E745S_01407,gene,srrA_2,NA,NA,srrA_2,,
E745S_01408,gene,rcsC_2,NA,NA,rcsC_2,,
E745S_01409,gene,serS,NA,NA,serS,,
E745S_01410,gene,guaB,NA,NA,guaB,,
E745S_01411,gene,NA,NA,NA,E745S_01411,,
E745S_01412,gene,ychF,NA,NA,ychF,,
E745S_01413,gene,NA,NA,NA,E745S_01413,,
E745S_01414,gene,spo0J,NA,NA,spo0J,,
E745S_01415,gene,soj_1,NA,NA,soj_1,,
E745S_01416,gene,rsmG,NA,NA,rsmG,,
E745S_01417,gene,mnmG,NA,NA,mnmG,,
E745S_01418,gene,mnmE_1,NA,NA,mnmE_1,,
E745S_01419,gene,mnmE_2,NA,NA,mnmE_2,,
E745S_01420,gene,NA,NA,NA,E745S_01420,,
E745S_01421,gene,NA,NA,NA,E745S_01421,,
E745S_01422,gene,misCA,NA,NA,misCA,,
E745S_01423,gene,rnpA,NA,NA,rnpA,,
E745S_01424,gene,rpmH,NA,NA,rpmH,,
E745S_01425,gene,dnaA,NA,NA,dnaA,,
E745S_01426,gene,dnaN,NA,NA,dnaN,,
E745S_01427,gene,NA,NA,NA,E745S_01427,,
E745S_01428,gene,recF,NA,NA,recF,,
E745S_01429,gene,gyrB,NA,NA,gyrB,,
E745S_01430,gene,gyrA,NA,NA,gyrA,,
E745S_01431,gene,rpsF,NA,NA,rpsF,,
E745S_01432,gene,ssb_1,NA,NA,ssb_1,,
E745S_01433,gene,rpsR,NA,NA,rpsR,,
E745S_01434,gene,NA,NA,NA,E745S_01434,,
E745S_01435,gene,gdpP,NA,NA,gdpP,,
E745S_01436,gene,rplI,NA,NA,rplI,,
E745S_01437,gene,dnaC,NA,NA,dnaC,,
E745S_01438,gene,purA,NA,NA,purA,,
E745S_01439,gene,NA,NA,NA,E745S_01439,,
E745S_01440,gene,ybiT_3,NA,NA,ybiT_3,,
E745S_01441,gene,NA,NA,NA,E745S_01441,,
E745S_01442,gene,pox5,NA,NA,pox5,,
E745S_01443,gene,zupT,NA,NA,zupT,,
E745S_01444,gene,NA,NA,NA,E745S_01444,,
E745S_01445,gene,NA,NA,NA,E745S_01445,,
E745S_01446,gene,NA,NA,NA,E745S_01446,,
E745S_01447,gene,NA,NA,NA,E745S_01447,,
E745S_01448,gene,NA,NA,NA,E745S_01448,,
E745S_01449,gene,NA,NA,NA,E745S_01449,,
E745S_01450,gene,NA,NA,NA,E745S_01450,,
E745S_01451,gene,NA,NA,NA,E745S_01451,,
E745S_01452,gene,NA,NA,NA,E745S_01452,,
E745S_01453,gene,NA,NA,NA,E745S_01453,,
E745S_01454,gene,yvdM_2,NA,NA,yvdM_2,,
E745S_01455,gene,lacR_2,NA,NA,lacR_2,,
E745S_01456,gene,lacG_2,NA,NA,lacG_2,,
E745S_01457,gene,lacF_3,NA,NA,lacF_3,,
E745S_01458,gene,lacE_2,NA,NA,lacE_2,,
E745S_01459,gene,NA,NA,NA,E745S_01459,,
E745S_01460,gene,guaA_1,NA,NA,guaA_1,,
E745S_01461,gene,coaA,NA,NA,coaA,,
E745S_01462,gene,rsmC,NA,NA,rsmC,,
E745S_01463,gene,degA_1,NA,NA,degA_1,,
E745S_01464,gene,pdp,NA,NA,pdp,,
E745S_01465,gene,deoC,NA,NA,deoC,,
E745S_01466,gene,cdd,NA,NA,cdd,,
E745S_01467,gene,tmpC,NA,NA,tmpC,,
E745S_01468,gene,mglA,NA,NA,mglA,,
E745S_01469,gene,NA,NA,NA,E745S_01469,,
E745S_01470,gene,NA,NA,NA,E745S_01470,,
E745S_01471,gene,deoB,NA,NA,deoB,,
E745S_01472,gene,punA,NA,NA,punA,,
E745S_01473,gene,deoD,NA,NA,deoD,,
E745S_01474,gene,gpmA_3,NA,NA,gpmA_3,,
E745S_01475,gene,hin,NA,NA,hin,,
E745S_01476,gene,rpiA,NA,NA,rpiA,,
E745S_01477,gene,rpsL,NA,NA,rpsL,,
E745S_01478,gene,rpsG,NA,NA,rpsG,,
E745S_01479,gene,fus,NA,NA,fus,,
E745S_01480,gene,tuf_2,NA,NA,tuf_2,,
E745S_01481,gene,rpsJ,NA,NA,rpsJ,,
E745S_01482,gene,rplC,NA,NA,rplC,,
E745S_01483,gene,rplD,NA,NA,rplD,,
E745S_01484,gene,rplW,NA,NA,rplW,,
E745S_01485,gene,rplB,NA,NA,rplB,,
E745S_01486,gene,rpsS,NA,NA,rpsS,,
E745S_01487,gene,rplV,NA,NA,rplV,,
E745S_01488,gene,rpsC,NA,NA,rpsC,,
E745S_01489,gene,rplP,NA,NA,rplP,,
E745S_01490,gene,rpmC,NA,NA,rpmC,,
E745S_01491,gene,rpsQ,NA,NA,rpsQ,,
E745S_01492,gene,rplN,NA,NA,rplN,,
E745S_01493,gene,rplX,NA,NA,rplX,,
E745S_01494,gene,rplE,NA,NA,rplE,,
E745S_01495,gene,rpsZ,NA,NA,rpsZ,,
E745S_01496,gene,rpsH,NA,NA,rpsH,,
E745S_01497,gene,rplF,NA,NA,rplF,,
E745S_01498,gene,rplR,NA,NA,rplR,,
E745S_01499,gene,rpsE,NA,NA,rpsE,,
E745S_01500,gene,rpmD,NA,NA,rpmD,,
E745S_01501,gene,rplO,NA,NA,rplO,,
E745S_01502,gene,secY,NA,NA,secY,,
E745S_01503,gene,adk,NA,NA,adk,,
E745S_01504,gene,infA,NA,NA,infA,,
E745S_01505,gene,rpmJ,NA,NA,rpmJ,,
E745S_01506,gene,rpsM,NA,NA,rpsM,,
E745S_01507,gene,rpsK,NA,NA,rpsK,,
E745S_01508,gene,rpoA,NA,NA,rpoA,,
E745S_01509,gene,rplQ,NA,NA,rplQ,,
E745S_01510,gene,ecfA1,NA,NA,ecfA1,,
E745S_01511,gene,ecfA2,NA,NA,ecfA2,,
E745S_01512,gene,ecfT,NA,NA,ecfT,,
E745S_01513,gene,truA,NA,NA,truA,,
E745S_01514,gene,NA,NA,NA,E745S_01514,,
E745S_01515,gene,lrpC,NA,NA,lrpC,,
E745S_01516,gene,NA,NA,NA,E745S_01516,,
E745S_01517,gene,NA,NA,NA,E745S_01517,,
E745S_01518,gene,NA,NA,NA,E745S_01518,,
E745S_01519,gene,NA,NA,NA,E745S_01519,,
E745S_01520,gene,NA,NA,NA,E745S_01520,,
E745S_01521,gene,NA,NA,NA,E745S_01521,,
E745S_01522,gene,NA,NA,NA,E745S_01522,,
E745S_01523,gene,rpmB,NA,NA,rpmB,,
E745S_01524,gene,NA,NA,NA,E745S_01524,,
E745S_01525,gene,NA,NA,NA,E745S_01525,,
E745S_01526,gene,recG,NA,NA,recG,,
E745S_01527,gene,plsX,NA,NA,plsX,,
E745S_01528,gene,acpP,NA,NA,acpP,,
E745S_01529,gene,NA,NA,NA,E745S_01529,,
E745S_01530,gene,oppD_1,NA,NA,oppD_1,,
E745S_01531,gene,oppF_1,NA,NA,oppF_1,,
E745S_01532,gene,gsiC,NA,NA,gsiC,,
E745S_01533,gene,NA,NA,NA,E745S_01533,,
E745S_01534,gene,NA,NA,NA,E745S_01534,,
E745S_01535,gene,rnc,NA,NA,rnc,,
E745S_01536,gene,smc_2,NA,NA,smc_2,,
E745S_01537,gene,yidA_2,NA,NA,yidA_2,,
E745S_01538,gene,ftsY,NA,NA,ftsY,,
E745S_01539,gene,gshAB,NA,NA,gshAB,,
E745S_01540,gene,yueI,NA,NA,yueI,,
E745S_01541,gene,yclN,NA,NA,yclN,,
E745S_01542,gene,yclO,NA,NA,yclO,,
E745S_01543,gene,yclP,NA,NA,yclP,,
E745S_01544,gene,yclQ,NA,NA,yclQ,,
E745S_01545,gene,NA,NA,NA,E745S_01545,,
E745S_01546,gene,NA,NA,NA,E745S_01546,,
E745S_01547,gene,NA,NA,NA,E745S_01547,,
E745S_01548,gene,NA,NA,NA,E745S_01548,,
E745S_01549,gene,NA,NA,NA,E745S_01549,,
E745S_01550,gene,NA,NA,NA,E745S_01550,,
E745S_01551,gene,NA,NA,NA,E745S_01551,,
E745S_01552,gene,NA,NA,NA,E745S_01552,,
E745S_01553,gene,NA,NA,NA,E745S_01553,,
E745S_01554,gene,NA,NA,NA,E745S_01554,,
E745S_01555,gene,gla,NA,NA,gla,,
E745S_01556,gene,cidA,NA,NA,cidA,,
E745S_01557,gene,yohK,NA,NA,yohK,,
E745S_01558,gene,NA,NA,NA,E745S_01558,,
E745S_01559,gene,NA,NA,NA,E745S_01559,,
E745S_01560,gene,NA,NA,NA,E745S_01560,,
E745S_01561,gene,queT_2,NA,NA,queT_2,,
E745S_01562,gene,bioY2,NA,NA,bioY2,,
E745S_01563,gene,rpsD,NA,NA,rpsD,,
E745S_01564,gene,nirC,NA,NA,nirC,,
E745S_01565,gene,NA,NA,NA,E745S_01565,,
E745S_01566,gene,NA,NA,NA,E745S_01566,,
E745S_01567,gene,ymdB,NA,NA,ymdB,,
E745S_01568,gene,NA,NA,NA,E745S_01568,,
E745S_01569,gene,mutS_2,NA,NA,mutS_2,,
E745S_01570,gene,mutL,NA,NA,mutL,,
E745S_01571,gene,maf,NA,NA,maf,,
E745S_01572,gene,NA,NA,NA,E745S_01572,,
E745S_01573,gene,treR,NA,NA,treR,,
E745S_01574,gene,msrB,NA,NA,msrB,,
E745S_01575,gene,ruvA,NA,NA,ruvA,,
E745S_01576,gene,ruvB,NA,NA,ruvB,,
E745S_01577,gene,NA,NA,NA,E745S_01577,,
E745S_01578,gene,yfkJ,NA,NA,yfkJ,,
E745S_01579,gene,NA,NA,NA,E745S_01579,,
E745S_01580,gene,NA,NA,NA,E745S_01580,,
E745S_01581,gene,brnQ_1,NA,NA,brnQ_1,,
E745S_01582,gene,NA,NA,NA,E745S_01582,,
E745S_01583,gene,cycA,NA,NA,cycA,,
E745S_01584,gene,artM_2,NA,NA,artM_2,,
E745S_01585,gene,mltF_2,NA,NA,mltF_2,,
E745S_01586,gene,NA,NA,NA,E745S_01586,,
E745S_01587,gene,NA,NA,NA,E745S_01587,,
E745S_01588,gene,cobB,NA,NA,cobB,,
E745S_01589,gene,dapH_1,NA,NA,dapH_1,,
E745S_01590,gene,nadR,NA,NA,nadR,,
E745S_01591,gene,def_2,NA,NA,def_2,,
E745S_01592,gene,rpsO,NA,NA,rpsO,,
E745S_01593,gene,pnp_2,NA,NA,pnp_2,,
E745S_01594,gene,NA,NA,NA,E745S_01594,,
E745S_01595,gene,kup,NA,NA,kup,,
E745S_01596,gene,NA,NA,NA,E745S_01596,,
E745S_01597,gene,dinF,NA,NA,dinF,,
E745S_01598,gene,NA,NA,NA,E745S_01598,,
E745S_01599,gene,ctc,NA,NA,ctc,,
E745S_01600,gene,rsuA,NA,NA,rsuA,,
E745S_01601,gene,yfnB_2,NA,NA,yfnB_2,,
E745S_01602,gene,udk,NA,NA,udk,,
E745S_01603,gene,NA,NA,NA,E745S_01603,,
E745S_01604,gene,NA,NA,NA,E745S_01604,,
E745S_01605,gene,NA,NA,NA,E745S_01605,,
E745S_01606,gene,NA,NA,NA,E745S_01606,,
E745S_01607,gene,NA,NA,NA,E745S_01607,,
E745S_01608,gene,NA,NA,NA,E745S_01608,,
E745S_01609,gene,NA,NA,NA,E745S_01609,,
E745S_01610,gene,ubiB,NA,NA,ubiB,,
E745S_01611,gene,NA,NA,NA,E745S_01611,,
E745S_01612,gene,ddl,NA,NA,ddl,,
E745S_01613,gene,murF,NA,NA,murF,,
E745S_01614,gene,cshA,NA,NA,cshA,,
E745S_01615,gene,acpS,NA,NA,acpS,,
E745S_01616,gene,alr,NA,NA,alr,,
E745S_01617,gene,ndoA,NA,NA,ndoA,,
E745S_01618,gene,rpsN2_2,NA,NA,rpsN2_2,,
E745S_01619,gene,NA,NA,NA,E745S_01619,,
E745S_01620,gene,NA,NA,NA,E745S_01620,,
E745S_01621,gene,kimA,NA,NA,kimA,,
E745S_01622,gene,NA,NA,NA,E745S_01622,,
E745S_01623,gene,NA,NA,NA,E745S_01623,,
E745S_01624,gene,NA,NA,NA,E745S_01624,,
E745S_01625,gene,NA,NA,NA,E745S_01625,,
E745S_01626,gene,opuCD,NA,NA,opuCD,,
E745S_01627,gene,opuCC,NA,NA,opuCC,,
E745S_01628,gene,opuCB,NA,NA,opuCB,,
E745S_01629,gene,opuCA_2,NA,NA,opuCA_2,,
E745S_01630,gene,queA,NA,NA,queA,,
E745S_01631,gene,yoaB,NA,NA,yoaB,,
E745S_01632,gene,NA,NA,NA,E745S_01632,,
E745S_01633,gene,NA,NA,NA,E745S_01633,,
E745S_01634,gene,tgt,NA,NA,tgt,,
E745S_01635,gene,NA,NA,NA,E745S_01635,,
E745S_01636,gene,NA,NA,NA,E745S_01636,,
E745S_01637,gene,adhE,NA,NA,adhE,,
E745S_01638,gene,NA,NA,NA,E745S_01638,,
E745S_01639,gene,NA,NA,NA,E745S_01639,,
E745S_01640,gene,rhaB,NA,NA,rhaB,,
E745S_01641,gene,rhaA,NA,NA,rhaA,,
E745S_01642,gene,rhaD,NA,NA,rhaD,,
E745S_01643,gene,rhaM,NA,NA,rhaM,,
E745S_01644,gene,fucO,NA,NA,fucO,,
E745S_01645,gene,iclR,NA,NA,iclR,,
E745S_01646,gene,kdgA,NA,NA,kdgA,,
E745S_01647,gene,kdgK,NA,NA,kdgK,,
E745S_01648,gene,kduI1,NA,NA,kduI1,,
E745S_01649,gene,NA,NA,NA,E745S_01649,,
E745S_01650,gene,kduD,NA,NA,kduD,,
E745S_01651,gene,fni,NA,NA,fni,,
E745S_01652,gene,NA,NA,NA,E745S_01652,,
E745S_01653,gene,NA,NA,NA,E745S_01653,,
E745S_01654,gene,galK_1,NA,NA,galK_1,,
E745S_01655,gene,NA,NA,NA,E745S_01655,,
E745S_01656,gene,NA,NA,NA,E745S_01656,,
E745S_01657,gene,NA,NA,NA,E745S_01657,,
E745S_01658,gene,infC,NA,NA,infC,,
E745S_01659,gene,rpmI,NA,NA,rpmI,,
E745S_01660,gene,rplT,NA,NA,rplT,,
E745S_01661,gene,NA,NA,NA,E745S_01661,,
E745S_01662,gene,NA,NA,NA,E745S_01662,,
E745S_01663,gene,NA,NA,NA,E745S_01663,,
E745S_01664,gene,rspR_2,NA,NA,rspR_2,,
E745S_01665,gene,NA,NA,NA,E745S_01665,,
E745S_01666,gene,NA,NA,NA,E745S_01666,,
E745S_01667,gene,nnrD,NA,NA,nnrD,,
E745S_01668,gene,pepV,NA,NA,pepV,,
E745S_01669,gene,NA,NA,NA,E745S_01669,,
E745S_01670,gene,NA,NA,NA,E745S_01670,,
E745S_01671,gene,NA,NA,NA,E745S_01671,,
E745S_01672,gene,NA,NA,NA,E745S_01672,,
E745S_01673,gene,pepA,NA,NA,pepA,,
E745S_01674,gene,ytpP,NA,NA,ytpP,,
E745S_01675,gene,NA,NA,NA,E745S_01675,,
E745S_01676,gene,NA,NA,NA,E745S_01676,,
E745S_01677,gene,htrA,NA,NA,htrA,,
E745S_01678,gene,rlmH,NA,NA,rlmH,,
E745S_01679,gene,NA,NA,NA,E745S_01679,,
E745S_01680,gene,NA,NA,NA,E745S_01680,,
E745S_01681,gene,NA,NA,NA,E745S_01681,,
E745S_01682,gene,NA,NA,NA,E745S_01682,,
E745S_01683,gene,rhaR_5,NA,NA,rhaR_5,,
E745S_01684,gene,agaA_2,NA,NA,agaA_2,,
E745S_01685,gene,NA,NA,NA,E745S_01685,,
E745S_01686,gene,NA,NA,NA,E745S_01686,,
E745S_01687,gene,NA,NA,NA,E745S_01687,,
E745S_01688,gene,NA,NA,NA,E745S_01688,,
E745S_01689,gene,NA,NA,NA,E745S_01689,,
E745S_01690,gene,NA,NA,NA,E745S_01690,,
E745S_01691,gene,NA,NA,NA,E745S_01691,,
E745S_01692,gene,NA,NA,NA,E745S_01692,,
E745S_01693,gene,NA,NA,NA,E745S_01693,,
E745S_01694,gene,NA,NA,NA,E745S_01694,,
E745S_01695,gene,NA,NA,NA,E745S_01695,,
E745S_01696,gene,NA,NA,NA,E745S_01696,,
E745S_01697,gene,NA,NA,NA,E745S_01697,,
E745S_01698,gene,NA,NA,NA,E745S_01698,,
E745S_01699,gene,NA,NA,NA,E745S_01699,,
E745S_01700,gene,NA,NA,NA,E745S_01700,,
E745S_01701,gene,NA,NA,NA,E745S_01701,,
E745S_01702,gene,NA,NA,NA,E745S_01702,,
E745S_01703,gene,NA,NA,NA,E745S_01703,,
E745S_01704,gene,NA,NA,NA,E745S_01704,,
E745S_01705,gene,NA,NA,NA,E745S_01705,,
E745S_01706,gene,norR,NA,NA,norR,,
E745S_01707,gene,sorB_2,NA,NA,sorB_2,,
E745S_01708,gene,agaC_1,NA,NA,agaC_1,,
E745S_01709,gene,manZ_2,NA,NA,manZ_2,,
E745S_01710,gene,NA,NA,NA,E745S_01710,,
E745S_01711,gene,NA,NA,NA,E745S_01711,,
E745S_01712,gene,gmuE_2,NA,NA,gmuE_2,,
E745S_01713,gene,NA,NA,NA,E745S_01713,,
E745S_01714,gene,NA,NA,NA,E745S_01714,,
E745S_01715,gene,NA,NA,NA,E745S_01715,,
E745S_01716,gene,NA,NA,NA,E745S_01716,,
E745S_01717,gene,sstT,NA,NA,sstT,,
E745S_01718,gene,NA,NA,NA,E745S_01718,,
E745S_01719,gene,manR_2,NA,NA,manR_2,,
E745S_01720,gene,NA,NA,NA,E745S_01720,,
E745S_01721,gene,NA,NA,NA,E745S_01721,,
E745S_01722,gene,NA,NA,NA,E745S_01722,,
E745S_01723,gene,NA,NA,NA,E745S_01723,,
E745S_01724,gene,paiA,NA,NA,paiA,,
E745S_01725,gene,NA,NA,NA,E745S_01725,,
E745S_01726,gene,NA,NA,NA,E745S_01726,,
E745S_01727,gene,NA,NA,NA,E745S_01727,,
E745S_01728,gene,NA,NA,NA,E745S_01728,,
E745S_01729,gene,pbuG,NA,NA,pbuG,,
E745S_01730,gene,malL_2,NA,NA,malL_2,,
E745S_01731,gene,NA,NA,NA,E745S_01731,,
E745S_01732,gene,NA,NA,NA,E745S_01732,,
E745S_01733,gene,hchA,NA,NA,hchA,,
E745S_01734,gene,npr_1,NA,NA,npr_1,,
E745S_01735,gene,NA,NA,NA,E745S_01735,,
E745S_01736,gene,glpK,NA,NA,glpK,,
E745S_01737,gene,glpO,NA,NA,glpO,,
E745S_01738,gene,glpF,NA,NA,glpF,,
E745S_01739,gene,mutS2_1,NA,NA,mutS2_1,,
E745S_01740,gene,pgsA2,NA,NA,pgsA2,,
E745S_01741,gene,NA,NA,NA,E745S_01741,,
E745S_01742,gene,NA,NA,NA,E745S_01742,,
E745S_01743,gene,glpE,NA,NA,glpE,,
E745S_01744,gene,cdr_1,NA,NA,cdr_1,,
E745S_01745,gene,helD_2,NA,NA,helD_2,,
E745S_01746,gene,NA,NA,NA,E745S_01746,,
E745S_01747,gene,NA,NA,NA,E745S_01747,,
E745S_01748,gene,pgaC,NA,NA,pgaC,,
E745S_01749,gene,NA,NA,NA,E745S_01749,,
E745S_01750,gene,NA,NA,NA,E745S_01750,,
E745S_01751,gene,dhaM-2,NA,NA,dhaM-2,,
E745S_01752,gene,dhaK,NA,NA,dhaK,,
E745S_01753,gene,dhaL,NA,NA,dhaL,,
E745S_01754,gene,NA,NA,NA,E745S_01754,,
E745S_01755,gene,anr,NA,NA,anr,,
E745S_01756,gene,NA,NA,NA,E745S_01756,,
E745S_01757,gene,NA,NA,NA,E745S_01757,,
E745S_01758,gene,NA,NA,NA,E745S_01758,,
E745S_01759,gene,artM_3,NA,NA,artM_3,,
E745S_01760,gene,NA,NA,NA,E745S_01760,,
E745S_01761,gene,NA,NA,NA,E745S_01761,,
E745S_01762,gene,tyrS1,NA,NA,tyrS1,,
E745S_01763,gene,NA,NA,NA,E745S_01763,,
E745S_01764,gene,gadC_2,NA,NA,gadC_2,,
E745S_01765,gene,nhaC_1,NA,NA,nhaC_1,,
E745S_01766,gene,nhaC_2,NA,NA,nhaC_2,,
E745S_01767,gene,ccpA_1,NA,NA,ccpA_1,,
E745S_01768,gene,mro_1,NA,NA,mro_1,,
E745S_01769,gene,pgmB,NA,NA,pgmB,,
E745S_01770,gene,malP,NA,NA,malP,,
E745S_01771,gene,ptsG_3,NA,NA,ptsG_3,,
E745S_01772,gene,mapP,NA,NA,mapP,,
E745S_01773,gene,NA,NA,NA,E745S_01773,,
E745S_01774,gene,NA,NA,NA,E745S_01774,,
E745S_01775,gene,NA,NA,NA,E745S_01775,,
E745S_01776,gene,yiaC,NA,NA,yiaC,,
E745S_01777,gene,padC,NA,NA,padC,,
E745S_01778,gene,NA,NA,NA,E745S_01778,,
E745S_01779,gene,NA,NA,NA,E745S_01779,,
E745S_01780,gene,emrB,NA,NA,emrB,,
E745S_01781,gene,NA,NA,NA,E745S_01781,,
E745S_01782,gene,NA,NA,NA,E745S_01782,,
E745S_01783,gene,NA,NA,NA,E745S_01783,,
E745S_01784,gene,vdcB,NA,NA,vdcB,,
E745S_01785,gene,lpdC,NA,NA,lpdC,,
E745S_01786,gene,NA,NA,NA,E745S_01786,,
E745S_01787,gene,btuD_4,NA,NA,btuD_4,,
E745S_01788,gene,hssR,NA,NA,hssR,,
E745S_01789,gene,sasA_3,NA,NA,sasA_3,,
E745S_01790,gene,gltC_2,NA,NA,gltC_2,,
E745S_01791,gene,ydfK,NA,NA,ydfK,,
E745S_01792,gene,NA,NA,NA,E745S_01792,,
E745S_01793,gene,NA,NA,NA,E745S_01793,,
E745S_01794,gene,NA,NA,NA,E745S_01794,,
E745S_01795,gene,NA,NA,NA,E745S_01795,,
E745S_01796,gene,NA,NA,NA,E745S_01796,,
E745S_01797,gene,NA,NA,NA,E745S_01797,,
E745S_01798,gene,bceA_1,NA,NA,bceA_1,,
E745S_01799,gene,bceB_1,NA,NA,bceB_1,,
E745S_01800,gene,mro_2,NA,NA,mro_2,,
E745S_01801,gene,NA,NA,NA,E745S_01801,,
E745S_01802,gene,bglF_1,NA,NA,bglF_1,,
E745S_01803,gene,rbsD,NA,NA,rbsD,,
E745S_01804,gene,rbsK,NA,NA,rbsK,,
E745S_01805,gene,degA_2,NA,NA,degA_2,,
E745S_01806,gene,yecD,NA,NA,yecD,,
E745S_01807,gene,NA,NA,NA,E745S_01807,,
E745S_01808,gene,NA,NA,NA,E745S_01808,,
E745S_01809,gene,treA,NA,NA,treA,,
E745S_01810,gene,NA,NA,NA,E745S_01810,,
E745S_01811,gene,NA,NA,NA,E745S_01811,,
E745S_01812,gene,agrA,NA,NA,agrA,,
E745S_01813,gene,NA,NA,NA,E745S_01813,,
E745S_01814,gene,NA,NA,NA,E745S_01814,,
E745S_01815,gene,agrB,NA,NA,agrB,,
E745S_01816,gene,NA,NA,NA,E745S_01816,,
E745S_01817,gene,NA,NA,NA,E745S_01817,,
E745S_01818,gene,NA,NA,NA,E745S_01818,,
E745S_01819,gene,yjcD,NA,NA,yjcD,,
E745S_01820,gene,spxA_4,NA,NA,spxA_4,,
E745S_01821,gene,spxA_5,NA,NA,spxA_5,,
E745S_01822,gene,bsaA,NA,NA,bsaA,,
E745S_01823,gene,luxS,NA,NA,luxS,,
E745S_01824,gene,metB,NA,NA,metB,,
E745S_01825,gene,cysM,NA,NA,cysM,,
E745S_01826,gene,efp,NA,NA,efp,,
E745S_01827,gene,lysA,NA,NA,lysA,,
E745S_01828,gene,dapF,NA,NA,dapF,,
E745S_01829,gene,dapA,NA,NA,dapA,,
E745S_01830,gene,dapB,NA,NA,dapB,,
E745S_01831,gene,dapH_2,NA,NA,dapH_2,,
E745S_01832,gene,asd,NA,NA,asd,,
E745S_01833,gene,yclM,NA,NA,yclM,,
E745S_01834,gene,scmP,NA,NA,scmP,,
E745S_01835,gene,dapX,NA,NA,dapX,,
E745S_01836,gene,npr_2,NA,NA,npr_2,,
E745S_01837,gene,NA,NA,NA,E745S_01837,,
E745S_01838,gene,NA,NA,NA,E745S_01838,,
E745S_01839,gene,NA,NA,NA,E745S_01839,,
E745S_01840,gene,NA,NA,NA,E745S_01840,,
E745S_01841,gene,umuC_1,NA,NA,umuC_1,,
E745S_01842,gene,galK_2,NA,NA,galK_2,,
E745S_01843,gene,galM,NA,NA,galM,,
E745S_01844,gene,lacS,NA,NA,lacS,,
E745S_01845,gene,rhaS_2,NA,NA,rhaS_2,,
E745S_01846,gene,kefG,NA,NA,kefG,,
E745S_01847,gene,NA,NA,NA,E745S_01847,,
E745S_01848,gene,NA,NA,NA,E745S_01848,,
E745S_01849,gene,yifK,NA,NA,yifK,,
E745S_01850,gene,scaC_2,NA,NA,scaC_2,,
E745S_01851,gene,mntB,NA,NA,mntB,,
E745S_01852,gene,ssaB_2,NA,NA,ssaB_2,,
E745S_01853,gene,NA,NA,NA,E745S_01853,,
E745S_01854,gene,queG,NA,NA,queG,,
E745S_01855,gene,NA,NA,NA,E745S_01855,,
E745S_01856,gene,pckA,NA,NA,pckA,,
E745S_01857,gene,thiO,NA,NA,thiO,,
E745S_01858,gene,ribZ_2,NA,NA,ribZ_2,,
E745S_01859,gene,NA,NA,NA,E745S_01859,,
E745S_01860,gene,argR_2,NA,NA,argR_2,,
E745S_01861,gene,algC,NA,NA,algC,,
E745S_01862,gene,NA,NA,NA,E745S_01862,,
E745S_01863,gene,ohrB_1,NA,NA,ohrB_1,,
E745S_01864,gene,rclA,NA,NA,rclA,,
E745S_01865,gene,NA,NA,NA,E745S_01865,,
E745S_01866,gene,acuR,NA,NA,acuR,,
E745S_01867,gene,NA,NA,NA,E745S_01867,,
E745S_01868,gene,NA,NA,NA,E745S_01868,,
E745S_01869,gene,NA,NA,NA,E745S_01869,,
E745S_01870,gene,NA,NA,NA,E745S_01870,,
E745S_01871,gene,mazF,NA,NA,mazF,,
E745S_01872,gene,NA,NA,NA,E745S_01872,,
E745S_01873,gene,NA,NA,NA,E745S_01873,,
E745S_01874,gene,ydbD,NA,NA,ydbD,,
E745S_01875,gene,araN_1,NA,NA,araN_1,,
E745S_01876,gene,lacF_4,NA,NA,lacF_4,,
E745S_01877,gene,araQ_4,NA,NA,araQ_4,,
E745S_01878,gene,NA,NA,NA,E745S_01878,,
E745S_01879,gene,NA,NA,NA,E745S_01879,,
E745S_01880,gene,NA,NA,NA,E745S_01880,,
E745S_01881,gene,NA,NA,NA,E745S_01881,,
E745S_01882,gene,NA,NA,NA,E745S_01882,,
E745S_01883,gene,NA,NA,NA,E745S_01883,,
E745S_01884,gene,NA,NA,NA,E745S_01884,,
E745S_01885,gene,NA,NA,NA,E745S_01885,,
E745S_01886,gene,graR,NA,NA,graR,,
E745S_01887,gene,graS,NA,NA,graS,,
E745S_01888,gene,glcU_2,NA,NA,glcU_2,,
E745S_01889,gene,yhdG,NA,NA,yhdG,,
E745S_01890,gene,NA,NA,NA,E745S_01890,,
E745S_01891,gene,NA,NA,NA,E745S_01891,,
E745S_01892,gene,act,NA,NA,act,,
E745S_01893,gene,NA,NA,NA,E745S_01893,,
E745S_01894,gene,mtnN,NA,NA,mtnN,,
E745S_01895,gene,NA,NA,NA,E745S_01895,,
E745S_01896,gene,NA,NA,NA,E745S_01896,,
E745S_01897,gene,pepO,NA,NA,pepO,,
E745S_01898,gene,NA,NA,NA,E745S_01898,,
E745S_01899,gene,prs2,NA,NA,prs2,,
E745S_01900,gene,iscS_1,NA,NA,iscS_1,,
E745S_01901,gene,NA,NA,NA,E745S_01901,,
E745S_01902,gene,NA,NA,NA,E745S_01902,,
E745S_01903,gene,NA,NA,NA,E745S_01903,,
E745S_01904,gene,mnmA,NA,NA,mnmA,,
E745S_01905,gene,arcD1_1,NA,NA,arcD1_1,,
E745S_01906,gene,vioD,NA,NA,vioD,,
E745S_01907,gene,sbnD_2,NA,NA,sbnD_2,,
E745S_01908,gene,NA,NA,NA,E745S_01908,,
E745S_01909,gene,NA,NA,NA,E745S_01909,,
E745S_01910,gene,topB_2,NA,NA,topB_2,,
E745S_01911,gene,yfdH,NA,NA,yfdH,,
E745S_01912,gene,ogt,NA,NA,ogt,,
E745S_01913,gene,NA,NA,NA,E745S_01913,,
E745S_01914,gene,NA,NA,NA,E745S_01914,,
E745S_01915,gene,cysL,NA,NA,cysL,,
E745S_01916,gene,rodA,NA,NA,rodA,,
E745S_01917,gene,mgsR,NA,NA,mgsR,,
E745S_01918,gene,gcvH,NA,NA,gcvH,,
E745S_01919,gene,metN2,NA,NA,metN2,,
E745S_01920,gene,metP_1,NA,NA,metP_1,,
E745S_01921,gene,metQ_1,NA,NA,metQ_1,,
E745S_01922,gene,NA,NA,NA,E745S_01922,,
E745S_01923,gene,NA,NA,NA,E745S_01923,,
E745S_01924,gene,sufS,NA,NA,sufS,,
E745S_01925,gene,iscU,NA,NA,iscU,,
E745S_01926,gene,NA,NA,NA,E745S_01926,,
E745S_01927,gene,xerC_7,NA,NA,xerC_7,,
E745S_01928,gene,NA,NA,NA,E745S_01928,,
E745S_01929,gene,NA,NA,NA,E745S_01929,,
E745S_01930,gene,NA,NA,NA,E745S_01930,,
E745S_01931,gene,NA,NA,NA,E745S_01931,,
E745S_01932,gene,NA,NA,NA,E745S_01932,,
E745S_01933,gene,NA,NA,NA,E745S_01933,,
E745S_01934,gene,NA,NA,NA,E745S_01934,,
E745S_01935,gene,NA,NA,NA,E745S_01935,,
E745S_01936,gene,NA,NA,NA,E745S_01936,,
E745S_01937,gene,NA,NA,NA,E745S_01937,,
E745S_01938,gene,NA,NA,NA,E745S_01938,,
E745S_01939,gene,NA,NA,NA,E745S_01939,,
E745S_01940,gene,NA,NA,NA,E745S_01940,,
E745S_01941,gene,NA,NA,NA,E745S_01941,,
E745S_01942,gene,NA,NA,NA,E745S_01942,,
E745S_01943,gene,yknY,NA,NA,yknY,,
E745S_01944,gene,NA,NA,NA,E745S_01944,,
E745S_01945,gene,prsA_3,NA,NA,prsA_3,,
E745S_01946,gene,NA,NA,NA,E745S_01946,,
E745S_01947,gene,NA,NA,NA,E745S_01947,,
E745S_01948,gene,NA,NA,NA,E745S_01948,,
E745S_01949,gene,NA,NA,NA,E745S_01949,,
E745S_01950,gene,NA,NA,NA,E745S_01950,,
E745S_01951,gene,NA,NA,NA,E745S_01951,,
E745S_01952,gene,NA,NA,NA,E745S_01952,,
E745S_01953,gene,NA,NA,NA,E745S_01953,,
E745S_01954,gene,NA,NA,NA,E745S_01954,,
E745S_01955,gene,NA,NA,NA,E745S_01955,,
E745S_01956,gene,strA,NA,NA,strA,,
E745S_01957,gene,licT_2,NA,NA,licT_2,,
E745S_01958,gene,NA,NA,NA,E745S_01958,,
E745S_01959,gene,bglF_2,NA,NA,bglF_2,,
E745S_01960,gene,bglH_1,NA,NA,bglH_1,,
E745S_01961,gene,NA,NA,NA,E745S_01961,,
E745S_01962,gene,fruA_2,NA,NA,fruA_2,,
E745S_01963,gene,NA,NA,NA,E745S_01963,,
E745S_01964,gene,yvdD,NA,NA,yvdD,,
E745S_01965,gene,NA,NA,NA,E745S_01965,,
E745S_01966,gene,NA,NA,NA,E745S_01966,,
E745S_01967,gene,NA,NA,NA,E745S_01967,,
E745S_01968,gene,NA,NA,NA,E745S_01968,,
E745S_01969,gene,rbsR,NA,NA,rbsR,,
E745S_01970,gene,gmuD_2,NA,NA,gmuD_2,,
E745S_01971,gene,NA,NA,NA,E745S_01971,,
E745S_01972,gene,ltaS1_2,NA,NA,ltaS1_2,,
E745S_01973,gene,NA,NA,NA,E745S_01973,,
E745S_01974,gene,ndk,NA,NA,ndk,,
E745S_01975,gene,mgtA,NA,NA,mgtA,,
E745S_01976,gene,NA,NA,NA,E745S_01976,,
E745S_01977,gene,NA,NA,NA,E745S_01977,,
E745S_01978,gene,metN,NA,NA,metN,,
E745S_01979,gene,metP_2,NA,NA,metP_2,,
E745S_01980,gene,metQ_2,NA,NA,metQ_2,,
E745S_01981,gene,abgB,NA,NA,abgB,,
E745S_01982,gene,nhaC_3,NA,NA,nhaC_3,,
E745S_01983,gene,NA,NA,NA,E745S_01983,,
E745S_01984,gene,yvbW,NA,NA,yvbW,,
E745S_01985,gene,NA,NA,NA,E745S_01985,,
E745S_01986,gene,panE,NA,NA,panE,,
E745S_01987,gene,garK,NA,NA,garK,,
E745S_01988,gene,eat(A),NA,NA,eat(A),,
E745S_01989,gene,pspB,NA,NA,pspB,,
E745S_01990,gene,NA,NA,NA,E745S_01990,,
E745S_01991,gene,murQ,NA,NA,murQ,,
E745S_01992,gene,NA,NA,NA,E745S_01992,,
E745S_01993,gene,NA,NA,NA,E745S_01993,,
E745S_01994,gene,arcD1_2,NA,NA,arcD1_2,,
E745S_01995,gene,NA,NA,NA,E745S_01995,,
E745S_01996,gene,bcrA_2,NA,NA,bcrA_2,,
E745S_01997,gene,gdx,NA,NA,gdx,,
E745S_01998,gene,NA,NA,NA,E745S_01998,,
E745S_01999,gene,NA,NA,NA,E745S_01999,,
E745S_02000,gene,pcp,NA,NA,pcp,,
E745S_02001,gene,NA,NA,NA,E745S_02001,,
E745S_02002,gene,pnuC,NA,NA,pnuC,,
E745S_02003,gene,NA,NA,NA,E745S_02003,,
E745S_02004,gene,NA,NA,NA,E745S_02004,,
E745S_02005,gene,NA,NA,NA,E745S_02005,,
E745S_02006,gene,NA,NA,NA,E745S_02006,,
E745S_02007,gene,NA,NA,NA,E745S_02007,,
E745S_02008,gene,ywpJ_2,NA,NA,ywpJ_2,,
E745S_02009,gene,ung,NA,NA,ung,,
E745S_02010,gene,pta,NA,NA,pta,,
E745S_02011,gene,tsaE,NA,NA,tsaE,,
E745S_02012,gene,NA,NA,NA,E745S_02012,,
E745S_02013,gene,polC_2,NA,NA,polC_2,,
E745S_02014,gene,exoA,NA,NA,exoA,,
E745S_02015,gene,yceM,NA,NA,yceM,,
E745S_02016,gene,murB,NA,NA,murB,,
E745S_02017,gene,NA,NA,NA,E745S_02017,,
E745S_02018,gene,NA,NA,NA,E745S_02018,,
E745S_02019,gene,NA,NA,NA,E745S_02019,,
E745S_02020,gene,NA,NA,NA,E745S_02020,,
E745S_02021,gene,NA,NA,NA,E745S_02021,,
E745S_02022,gene,NA,NA,NA,E745S_02022,,
E745S_02023,gene,yhfK,NA,NA,yhfK,,
E745S_02024,gene,panT_2,NA,NA,panT_2,,
E745S_02025,gene,coaBC_1,NA,NA,coaBC_1,,
E745S_02026,gene,coaBC_2,NA,NA,coaBC_2,,
E745S_02027,gene,acuI,NA,NA,acuI,,
E745S_02028,gene,NA,NA,NA,E745S_02028,,
E745S_02029,gene,potA,NA,NA,potA,,
E745S_02030,gene,potB,NA,NA,potB,,
E745S_02031,gene,ydcV,NA,NA,ydcV,,
E745S_02032,gene,potD,NA,NA,potD,,
E745S_02033,gene,dgaR_1,NA,NA,dgaR_1,,
E745S_02034,gene,NA,NA,NA,E745S_02034,,
E745S_02035,gene,NA,NA,NA,E745S_02035,,
E745S_02036,gene,NA,NA,NA,E745S_02036,,
E745S_02037,gene,manZ_3,NA,NA,manZ_3,,
E745S_02038,gene,NA,NA,NA,E745S_02038,,
E745S_02039,gene,NA,NA,NA,E745S_02039,,
E745S_02040,gene,gmuE_3,NA,NA,gmuE_3,,
E745S_02041,gene,NA,NA,NA,E745S_02041,,
E745S_02042,gene,NA,NA,NA,E745S_02042,,
E745S_02043,gene,NA,NA,NA,E745S_02043,,
E745S_02044,gene,NA,NA,NA,E745S_02044,,
E745S_02045,gene,xerC_8,NA,NA,xerC_8,,
E745S_02046,gene,metE,NA,NA,metE,,
E745S_02047,gene,NA,NA,NA,E745S_02047,,
E745S_02048,gene,glnR,NA,NA,glnR,,
E745S_02049,gene,glnA,NA,NA,glnA,,
E745S_02050,gene,NA,NA,NA,E745S_02050,,
E745S_02051,gene,pyrG,NA,NA,pyrG,,
E745S_02052,gene,fba,NA,NA,fba,,
E745S_02053,gene,murA1_1,NA,NA,murA1_1,,
E745S_02054,gene,rho,NA,NA,rho,,
E745S_02055,gene,rpmE2,NA,NA,rpmE2,,
E745S_02056,gene,fruA_3,NA,NA,fruA_3,,
E745S_02057,gene,fruA_4,NA,NA,fruA_4,,
E745S_02058,gene,kbaY,NA,NA,kbaY,,
E745S_02059,gene,ydjF,NA,NA,ydjF,,
E745S_02060,gene,NA,NA,NA,E745S_02060,,
E745S_02061,gene,yfcJ,NA,NA,yfcJ,,
E745S_02062,gene,NA,NA,NA,E745S_02062,,
E745S_02063,gene,larR,NA,NA,larR,,
E745S_02064,gene,NA,NA,NA,E745S_02064,,
E745S_02065,gene,NA,NA,NA,E745S_02065,,
E745S_02066,gene,NA,NA,NA,E745S_02066,,
E745S_02067,gene,NA,NA,NA,E745S_02067,,
E745S_02068,gene,NA,NA,NA,E745S_02068,,
E745S_02069,gene,recR,NA,NA,recR,,
E745S_02070,gene,tmk,NA,NA,tmk,,
E745S_02071,gene,darA,NA,NA,darA,,
E745S_02072,gene,NA,NA,NA,E745S_02072,,
E745S_02073,gene,NA,NA,NA,E745S_02073,,
E745S_02074,gene,yabA,NA,NA,yabA,,
E745S_02075,gene,rsmI,NA,NA,rsmI,,
E745S_02076,gene,dinB,NA,NA,dinB,,
E745S_02077,gene,NA,NA,NA,E745S_02077,,
E745S_02078,gene,nrdD,NA,NA,nrdD,,
E745S_02079,gene,bceA_2,NA,NA,bceA_2,,
E745S_02080,gene,bceB_2,NA,NA,bceB_2,,
E745S_02081,gene,dltA,NA,NA,dltA,,
E745S_02082,gene,NA,NA,NA,E745S_02082,,
E745S_02083,gene,dltC,NA,NA,dltC,,
E745S_02084,gene,dltD,NA,NA,dltD,,
E745S_02085,gene,NA,NA,NA,E745S_02085,,
E745S_02086,gene,ysdC,NA,NA,ysdC,,
E745S_02087,gene,NA,NA,NA,E745S_02087,,
E745S_02088,gene,NA,NA,NA,E745S_02088,,
E745S_02089,gene,lplJ,NA,NA,lplJ,,
E745S_02090,gene,NA,NA,NA,E745S_02090,,
E745S_02091,gene,NA,NA,NA,E745S_02091,,
E745S_02092,gene,trmR,NA,NA,trmR,,
E745S_02093,gene,NA,NA,NA,E745S_02093,,
E745S_02094,gene,NA,NA,NA,E745S_02094,,
E745S_02095,gene,dauA,NA,NA,dauA,,
E745S_02096,gene,udg,NA,NA,udg,,
E745S_02097,gene,rplU,NA,NA,rplU,,
E745S_02098,gene,NA,NA,NA,E745S_02098,,
E745S_02099,gene,rpmA,NA,NA,rpmA,,
E745S_02100,gene,dgaR_2,NA,NA,dgaR_2,,
E745S_02101,gene,manX_2,NA,NA,manX_2,,
E745S_02102,gene,manX_3,NA,NA,manX_3,,
E745S_02103,gene,sorA_1,NA,NA,sorA_1,,
E745S_02104,gene,manZ_4,NA,NA,manZ_4,,
E745S_02105,gene,NA,NA,NA,E745S_02105,,
E745S_02106,gene,NA,NA,NA,E745S_02106,,
E745S_02107,gene,ypdF,NA,NA,ypdF,,
E745S_02108,gene,NA,NA,NA,E745S_02108,,
E745S_02109,gene,nusB,NA,NA,nusB,,
E745S_02110,gene,folD,NA,NA,folD,,
E745S_02111,gene,xseA,NA,NA,xseA,,
E745S_02112,gene,xseB,NA,NA,xseB,,
E745S_02113,gene,NA,NA,NA,E745S_02113,,
E745S_02114,gene,tlyA,NA,NA,tlyA,,
E745S_02115,gene,argR_3,NA,NA,argR_3,,
E745S_02116,gene,recN,NA,NA,recN,,
E745S_02117,gene,NA,NA,NA,E745S_02117,,
E745S_02118,gene,NA,NA,NA,E745S_02118,,
E745S_02119,gene,NA,NA,NA,E745S_02119,,
E745S_02120,gene,mraZ,NA,NA,mraZ,,
E745S_02121,gene,rsmH,NA,NA,rsmH,,
E745S_02122,gene,ftsL,NA,NA,ftsL,,
E745S_02123,gene,pbpX_2,NA,NA,pbpX_2,,
E745S_02124,gene,mraY,NA,NA,mraY,,
E745S_02125,gene,murD,NA,NA,murD,,
E745S_02126,gene,murG,NA,NA,murG,,
E745S_02127,gene,divIB,NA,NA,divIB,,
E745S_02128,gene,ftsA,NA,NA,ftsA,,
E745S_02129,gene,ftsZ,NA,NA,ftsZ,,
E745S_02130,gene,yggS,NA,NA,yggS,,
E745S_02131,gene,sepF,NA,NA,sepF,,
E745S_02132,gene,NA,NA,NA,E745S_02132,,
E745S_02133,gene,divIVA,NA,NA,divIVA,,
E745S_02134,gene,ileS,NA,NA,ileS,,
E745S_02135,gene,zwf,NA,NA,zwf,,
E745S_02136,gene,dtxR,NA,NA,dtxR,,
E745S_02137,gene,NA,NA,NA,E745S_02137,,
E745S_02138,gene,sfsA,NA,NA,sfsA,,
E745S_02139,gene,iolU_2,NA,NA,iolU_2,,
E745S_02140,gene,yfmL,NA,NA,yfmL,,
E745S_02141,gene,dgaR_3,NA,NA,dgaR_3,,
E745S_02142,gene,ptcB_1,NA,NA,ptcB_1,,
E745S_02143,gene,licA_2,NA,NA,licA_2,,
E745S_02144,gene,celB,NA,NA,celB,,
E745S_02145,gene,NA,NA,NA,E745S_02145,,
E745S_02146,gene,NA,NA,NA,E745S_02146,,
E745S_02147,gene,NA,NA,NA,E745S_02147,,
E745S_02148,gene,eis_2,NA,NA,eis_2,,
E745S_02149,gene,NA,NA,NA,E745S_02149,,
E745S_02150,gene,NA,NA,NA,E745S_02150,,
E745S_02151,gene,xerC_9,NA,NA,xerC_9,,
E745S_02152,gene,NA,NA,NA,E745S_02152,,
E745S_02153,gene,NA,NA,NA,E745S_02153,,
E745S_02154,gene,NA,NA,NA,E745S_02154,,
E745S_02155,gene,NA,NA,NA,E745S_02155,,
E745S_02156,gene,NA,NA,NA,E745S_02156,,
E745S_02157,gene,NA,NA,NA,E745S_02157,,
E745S_02158,gene,NA,NA,NA,E745S_02158,,
E745S_02159,gene,NA,NA,NA,E745S_02159,,
E745S_02160,gene,NA,NA,NA,E745S_02160,,
E745S_02161,gene,NA,NA,NA,E745S_02161,,
E745S_02162,gene,NA,NA,NA,E745S_02162,,
E745S_02163,gene,NA,NA,NA,E745S_02163,,
E745S_02164,gene,NA,NA,NA,E745S_02164,,
E745S_02165,gene,NA,NA,NA,E745S_02165,,
E745S_02166,gene,NA,NA,NA,E745S_02166,,
E745S_02167,gene,NA,NA,NA,E745S_02167,,
E745S_02168,gene,NA,NA,NA,E745S_02168,,
E745S_02169,gene,NA,NA,NA,E745S_02169,,
E745S_02170,gene,NA,NA,NA,E745S_02170,,
E745S_02171,gene,NA,NA,NA,E745S_02171,,
E745S_02172,gene,NA,NA,NA,E745S_02172,,
E745S_02173,gene,NA,NA,NA,E745S_02173,,
E745S_02174,gene,NA,NA,NA,E745S_02174,,
E745S_02175,gene,NA,NA,NA,E745S_02175,,
E745S_02176,gene,NA,NA,NA,E745S_02176,,
E745S_02177,gene,NA,NA,NA,E745S_02177,,
E745S_02178,gene,NA,NA,NA,E745S_02178,,
E745S_02179,gene,NA,NA,NA,E745S_02179,,
E745S_02180,gene,NA,NA,NA,E745S_02180,,
E745S_02181,gene,NA,NA,NA,E745S_02181,,
E745S_02182,gene,NA,NA,NA,E745S_02182,,
E745S_02183,gene,NA,NA,NA,E745S_02183,,
E745S_02184,gene,NA,NA,NA,E745S_02184,,
E745S_02185,gene,NA,NA,NA,E745S_02185,,
E745S_02186,gene,NA,NA,NA,E745S_02186,,
E745S_02187,gene,clpP_1,NA,NA,clpP_1,,
E745S_02188,gene,NA,NA,NA,E745S_02188,,
E745S_02189,gene,NA,NA,NA,E745S_02189,,
E745S_02190,gene,NA,NA,NA,E745S_02190,,
E745S_02191,gene,NA,NA,NA,E745S_02191,,
E745S_02192,gene,NA,NA,NA,E745S_02192,,
E745S_02193,gene,NA,NA,NA,E745S_02193,,
E745S_02194,gene,NA,NA,NA,E745S_02194,,
E745S_02195,gene,NA,NA,NA,E745S_02195,,
E745S_02196,gene,smc_3,NA,NA,smc_3,,
E745S_02197,gene,NA,NA,NA,E745S_02197,,
E745S_02198,gene,NA,NA,NA,E745S_02198,,
E745S_02199,gene,NA,NA,NA,E745S_02199,,
E745S_02200,gene,NA,NA,NA,E745S_02200,,
E745S_02201,gene,NA,NA,NA,E745S_02201,,
E745S_02202,gene,NA,NA,NA,E745S_02202,,
E745S_02203,gene,NA,NA,NA,E745S_02203,,
E745S_02204,gene,NA,NA,NA,E745S_02204,,
E745S_02205,gene,NA,NA,NA,E745S_02205,,
E745S_02206,gene,NA,NA,NA,E745S_02206,,
E745S_02207,gene,NA,NA,NA,E745S_02207,,
E745S_02208,gene,NA,NA,NA,E745S_02208,,
E745S_02209,gene,NA,NA,NA,E745S_02209,,
E745S_02210,gene,NA,NA,NA,E745S_02210,,
E745S_02211,gene,NA,NA,NA,E745S_02211,,
E745S_02212,gene,NA,NA,NA,E745S_02212,,
E745S_02213,gene,NA,NA,NA,E745S_02213,,
E745S_02214,gene,NA,NA,NA,E745S_02214,,
E745S_02215,gene,NA,NA,NA,E745S_02215,,
E745S_02216,gene,NA,NA,NA,E745S_02216,,
E745S_02217,gene,NA,NA,NA,E745S_02217,,
E745S_02218,gene,ccpB,NA,NA,ccpB,,
E745S_02219,gene,mta,NA,NA,mta,,
E745S_02220,gene,NA,NA,NA,E745S_02220,,
E745S_02221,gene,pncB2,NA,NA,pncB2,,
E745S_02222,gene,nadE,NA,NA,nadE,,
E745S_02223,gene,NA,NA,NA,E745S_02223,,
E745S_02224,gene,abfA_1,NA,NA,abfA_1,,
E745S_02225,gene,ugpB,NA,NA,ugpB,,
E745S_02226,gene,melD,NA,NA,melD,,
E745S_02227,gene,araQ_5,NA,NA,araQ_5,,
E745S_02228,gene,NA,NA,NA,E745S_02228,,
E745S_02229,gene,abfA_2,NA,NA,abfA_2,,
E745S_02230,gene,NA,NA,NA,E745S_02230,,
E745S_02231,gene,araR_2,NA,NA,araR_2,,
E745S_02232,gene,xylT,NA,NA,xylT,,
E745S_02233,gene,xylB_3,NA,NA,xylB_3,,
E745S_02234,gene,sgbE,NA,NA,sgbE,,
E745S_02235,gene,araA,NA,NA,araA,,
E745S_02236,gene,ghrB_2,NA,NA,ghrB_2,,
E745S_02237,gene,NA,NA,NA,E745S_02237,,
E745S_02238,gene,NA,NA,NA,E745S_02238,,
E745S_02239,gene,NA,NA,NA,E745S_02239,,
E745S_02240,gene,pgl,NA,NA,pgl,,
E745S_02241,gene,NA,NA,NA,E745S_02241,,
E745S_02242,gene,NA,NA,NA,E745S_02242,,
E745S_02243,gene,azoR,NA,NA,azoR,,
E745S_02244,gene,NA,NA,NA,E745S_02244,,
E745S_02245,gene,NA,NA,NA,E745S_02245,,
E745S_02246,gene,NA,NA,NA,E745S_02246,,
E745S_02247,gene,NA,NA,NA,E745S_02247,,
E745S_02248,gene,NA,NA,NA,E745S_02248,,
E745S_02249,gene,catE,NA,NA,catE,,
E745S_02250,gene,amiE,NA,NA,amiE,,
E745S_02251,gene,gmuF,NA,NA,gmuF,,
E745S_02252,gene,mtlA,NA,NA,mtlA,,
E745S_02253,gene,NA,NA,NA,E745S_02253,,
E745S_02254,gene,mtlR,NA,NA,mtlR,,
E745S_02255,gene,mtlF_1,NA,NA,mtlF_1,,
E745S_02256,gene,NA,NA,NA,E745S_02256,,
E745S_02257,gene,natA_1,NA,NA,natA_1,,
E745S_02258,gene,NA,NA,NA,E745S_02258,,
E745S_02259,gene,mtlF_2,NA,NA,mtlF_2,,
E745S_02260,gene,mtlD,NA,NA,mtlD,,
E745S_02261,gene,gatD,NA,NA,gatD,,
E745S_02262,gene,murT,NA,NA,murT,,
E745S_02263,gene,ntpJ_1,NA,NA,ntpJ_1,,
E745S_02264,gene,queH,NA,NA,queH,,
E745S_02265,gene,NA,NA,NA,E745S_02265,,
E745S_02266,gene,NA,NA,NA,E745S_02266,,
E745S_02267,gene,NA,NA,NA,E745S_02267,,
E745S_02268,gene,spsB,NA,NA,spsB,,
E745S_02269,gene,COQ5_2,NA,NA,COQ5_2,,
E745S_02270,gene,NA,NA,NA,E745S_02270,,
E745S_02271,gene,NA,NA,NA,E745S_02271,,
E745S_02272,gene,tdk,NA,NA,tdk,,
E745S_02273,gene,prfA,NA,NA,prfA,,
E745S_02274,gene,prmC,NA,NA,prmC,,
E745S_02275,gene,ywlC,NA,NA,ywlC,,
E745S_02276,gene,NA,NA,NA,E745S_02276,,
E745S_02277,gene,glyA,NA,NA,glyA,,
E745S_02278,gene,nlhH,NA,NA,nlhH,,
E745S_02279,gene,upp,NA,NA,upp,,
E745S_02280,gene,NA,NA,NA,E745S_02280,,
E745S_02281,gene,NA,NA,NA,E745S_02281,,
E745S_02282,gene,NA,NA,NA,E745S_02282,,
E745S_02283,gene,NA,NA,NA,E745S_02283,,
E745S_02284,gene,NA,NA,NA,E745S_02284,,
E745S_02285,gene,cna,NA,NA,cna,,
E745S_02286,gene,proX,NA,NA,proX,,
E745S_02287,gene,yecS_2,NA,NA,yecS_2,,
E745S_02288,gene,glnQ_2,NA,NA,glnQ_2,,
E745S_02289,gene,fliY,NA,NA,fliY,,
E745S_02290,gene,bglC,NA,NA,bglC,,
E745S_02291,gene,spoIIIE,NA,NA,spoIIIE,,
E745S_02292,gene,rlmN,NA,NA,rlmN,,
E745S_02293,gene,NA,NA,NA,E745S_02293,,
E745S_02294,gene,NA,NA,NA,E745S_02294,,
E745S_02295,gene,dppE,NA,NA,dppE,,
E745S_02296,gene,NA,NA,NA,E745S_02296,,
E745S_02297,gene,oppB,NA,NA,oppB,,
E745S_02298,gene,dppC,NA,NA,dppC,,
E745S_02299,gene,oppD_2,NA,NA,oppD_2,,
E745S_02300,gene,oppF_2,NA,NA,oppF_2,,
E745S_02301,gene,NA,NA,NA,E745S_02301,,
E745S_02302,gene,NA,NA,NA,E745S_02302,,
E745S_02303,gene,NA,NA,NA,E745S_02303,,
E745S_02304,gene,metG,NA,NA,metG,,
E745S_02305,gene,NA,NA,NA,E745S_02305,,
E745S_02306,gene,steT_2,NA,NA,steT_2,,
E745S_02307,gene,dtd3,NA,NA,dtd3,,
E745S_02308,gene,rnmV,NA,NA,rnmV,,
E745S_02309,gene,rsmA,NA,NA,rsmA,,
E745S_02310,gene,niaX,NA,NA,niaX,,
E745S_02311,gene,msmX,NA,NA,msmX,,
E745S_02312,gene,mgsA,NA,NA,mgsA,,
E745S_02313,gene,folT_2,NA,NA,folT_2,,
E745S_02314,gene,NA,NA,NA,E745S_02314,,
E745S_02315,gene,NA,NA,NA,E745S_02315,,
E745S_02316,gene,NA,NA,NA,E745S_02316,,
E745S_02317,gene,dgaR_4,NA,NA,dgaR_4,,
E745S_02318,gene,manX_4,NA,NA,manX_4,,
E745S_02319,gene,NA,NA,NA,E745S_02319,,
E745S_02320,gene,sorA_2,NA,NA,sorA_2,,
E745S_02321,gene,manZ_5,NA,NA,manZ_5,,
E745S_02322,gene,nodM,NA,NA,nodM,,
E745S_02323,gene,frlB_1,NA,NA,frlB_1,,
E745S_02324,gene,gpsA_1,NA,NA,gpsA_1,,
E745S_02325,gene,NA,NA,NA,E745S_02325,,
E745S_02326,gene,gtaB_1,NA,NA,gtaB_1,,
E745S_02327,gene,NA,NA,NA,E745S_02327,,
E745S_02328,gene,NA,NA,NA,E745S_02328,,
E745S_02329,gene,NA,NA,NA,E745S_02329,,
E745S_02330,gene,iadA,NA,NA,iadA,,
E745S_02331,gene,NA,NA,NA,E745S_02331,,
E745S_02332,gene,lolD_2,NA,NA,lolD_2,,
E745S_02333,gene,NA,NA,NA,E745S_02333,,
E745S_02334,gene,rnj2,NA,NA,rnj2,,
E745S_02335,gene,ybaK_2,NA,NA,ybaK_2,,
E745S_02336,gene,NA,NA,NA,E745S_02336,,
E745S_02337,gene,IMPDH,NA,NA,IMPDH,,
E745S_02338,gene,nrnA,NA,NA,nrnA,,
E745S_02339,gene,NA,NA,NA,E745S_02339,,
E745S_02340,gene,NA,NA,NA,E745S_02340,,
E745S_02341,gene,NA,NA,NA,E745S_02341,,
E745S_02342,gene,NA,NA,NA,E745S_02342,,
E745S_02343,gene,rsmF,NA,NA,rsmF,,
E745S_02344,gene,NA,NA,NA,E745S_02344,,
E745S_02345,gene,lrp,NA,NA,lrp,,
E745S_02346,gene,tadA_2,NA,NA,tadA_2,,
E745S_02347,gene,NA,NA,NA,E745S_02347,,
E745S_02348,gene,NA,NA,NA,E745S_02348,,
E745S_02349,gene,NA,NA,NA,E745S_02349,,
E745S_02350,gene,yutF,NA,NA,yutF,,
E745S_02351,gene,NA,NA,NA,E745S_02351,,
E745S_02352,gene,ypjQ,NA,NA,ypjQ,,
E745S_02353,gene,yumC,NA,NA,yumC,,
E745S_02354,gene,NA,NA,NA,E745S_02354,,
E745S_02355,gene,patB,NA,NA,patB,,
E745S_02356,gene,yugI,NA,NA,yugI,,
E745S_02357,gene,NA,NA,NA,E745S_02357,,
E745S_02358,gene,NA,NA,NA,E745S_02358,,
E745S_02359,gene,NA,NA,NA,E745S_02359,,
E745S_02360,gene,NA,NA,NA,E745S_02360,,
E745S_02361,gene,NA,NA,NA,E745S_02361,,
E745S_02362,gene,menH_2,NA,NA,menH_2,,
E745S_02363,gene,NA,NA,NA,E745S_02363,,
E745S_02364,gene,NA,NA,NA,E745S_02364,,
E745S_02365,gene,NA,NA,NA,E745S_02365,,
E745S_02366,gene,pepC,NA,NA,pepC,,
E745S_02367,gene,NA,NA,NA,E745S_02367,,
E745S_02368,gene,NA,NA,NA,E745S_02368,,
E745S_02369,gene,ansA,NA,NA,ansA,,
E745S_02370,gene,NA,NA,NA,E745S_02370,,
E745S_02371,gene,yhaX,NA,NA,yhaX,,
E745S_02372,gene,NA,NA,NA,E745S_02372,,
E745S_02373,gene,ezrA,NA,NA,ezrA,,
E745S_02374,gene,iscS_2,NA,NA,iscS_2,,
E745S_02375,gene,thiI_1,NA,NA,thiI_1,,
E745S_02376,gene,thiI_2,NA,NA,thiI_2,,
E745S_02377,gene,rex_1,NA,NA,rex_1,,
E745S_02378,gene,valS,NA,NA,valS,,
E745S_02379,gene,fpgS,NA,NA,fpgS,,
E745S_02380,gene,NA,NA,NA,E745S_02380,,
E745S_02381,gene,NA,NA,NA,E745S_02381,,
E745S_02382,gene,cspLA_1,NA,NA,cspLA_1,,
E745S_02383,gene,rnj1,NA,NA,rnj1,,
E745S_02384,gene,NA,NA,NA,E745S_02384,,
E745S_02385,gene,NA,NA,NA,E745S_02385,,
E745S_02386,gene,NA,NA,NA,E745S_02386,,
E745S_02387,gene,NA,NA,NA,E745S_02387,,
E745S_02388,gene,yrdA,NA,NA,yrdA,,
E745S_02389,gene,clpP_2,NA,NA,clpP_2,,
E745S_02390,gene,NA,NA,NA,E745S_02390,,
E745S_02391,gene,glpQ,NA,NA,glpQ,,
E745S_02392,gene,miaA,NA,NA,miaA,,
E745S_02393,gene,hflX,NA,NA,hflX,,
E745S_02394,gene,NA,NA,NA,E745S_02394,,
E745S_02395,gene,NA,NA,NA,E745S_02395,,
E745S_02396,gene,cdr_2,NA,NA,cdr_2,,
E745S_02397,gene,rhaR_6,NA,NA,rhaR_6,,
E745S_02398,gene,araN_2,NA,NA,araN_2,,
E745S_02399,gene,lacF_5,NA,NA,lacF_5,,
E745S_02400,gene,lacG_3,NA,NA,lacG_3,,
E745S_02401,gene,ugl_1,NA,NA,ugl_1,,
E745S_02402,gene,NA,NA,NA,E745S_02402,,
E745S_02403,gene,ugl_2,NA,NA,ugl_2,,
E745S_02404,gene,yheS,NA,NA,yheS,,
E745S_02405,gene,rex_2,NA,NA,rex_2,,
E745S_02406,gene,NA,NA,NA,E745S_02406,,
E745S_02407,gene,NA,NA,NA,E745S_02407,,
E745S_02408,gene,NA,NA,NA,E745S_02408,,
E745S_02409,gene,NA,NA,NA,E745S_02409,,
E745S_02410,gene,natA_2,NA,NA,natA_2,,
E745S_02411,gene,NA,NA,NA,E745S_02411,,
E745S_02412,gene,NA,NA,NA,E745S_02412,,
E745S_02413,gene,NA,NA,NA,E745S_02413,,
E745S_02414,gene,NA,NA,NA,E745S_02414,,
E745S_02415,gene,endA,NA,NA,endA,,
E745S_02416,gene,NA,NA,NA,E745S_02416,,
E745S_02417,gene,yrrK,NA,NA,yrrK,,
E745S_02418,gene,NA,NA,NA,E745S_02418,,
E745S_02419,gene,xerC_10,NA,NA,xerC_10,,
E745S_02420,gene,NA,NA,NA,E745S_02420,,
E745S_02421,gene,NA,NA,NA,E745S_02421,,
E745S_02422,gene,NA,NA,NA,E745S_02422,,
E745S_02423,gene,NA,NA,NA,E745S_02423,,
E745S_02424,gene,NA,NA,NA,E745S_02424,,
E745S_02425,gene,NA,NA,NA,E745S_02425,,
E745S_02426,gene,NA,NA,NA,E745S_02426,,
E745S_02427,gene,NA,NA,NA,E745S_02427,,
E745S_02428,gene,NA,NA,NA,E745S_02428,,
E745S_02429,gene,NA,NA,NA,E745S_02429,,
E745S_02430,gene,NA,NA,NA,E745S_02430,,
E745S_02431,gene,NA,NA,NA,E745S_02431,,
E745S_02432,gene,NA,NA,NA,E745S_02432,,
E745S_02433,gene,NA,NA,NA,E745S_02433,,
E745S_02434,gene,NA,NA,NA,E745S_02434,,
E745S_02435,gene,NA,NA,NA,E745S_02435,,
E745S_02436,gene,NA,NA,NA,E745S_02436,,
E745S_02437,gene,NA,NA,NA,E745S_02437,,
E745S_02438,gene,NA,NA,NA,E745S_02438,,
E745S_02439,gene,NA,NA,NA,E745S_02439,,
E745S_02440,gene,NA,NA,NA,E745S_02440,,
E745S_02441,gene,citS,NA,NA,citS,,
E745S_02442,gene,mleS,NA,NA,mleS,,
E745S_02443,gene,NA,NA,NA,E745S_02443,,
E745S_02444,gene,hmo,NA,NA,hmo,,
E745S_02445,gene,NA,NA,NA,E745S_02445,,
E745S_02446,gene,NA,NA,NA,E745S_02446,,
E745S_02447,gene,NA,NA,NA,E745S_02447,,
E745S_02448,gene,NA,NA,NA,E745S_02448,,
E745S_02449,gene,NA,NA,NA,E745S_02449,,
E745S_02450,gene,nox_2,NA,NA,nox_2,,
E745S_02451,gene,NA,NA,NA,E745S_02451,,
E745S_02452,gene,hrtA_2,NA,NA,hrtA_2,,
E745S_02453,gene,NA,NA,NA,E745S_02453,,
E745S_02454,gene,NA,NA,NA,E745S_02454,,
E745S_02455,gene,rnhC,NA,NA,rnhC,,
E745S_02456,gene,zapA,NA,NA,zapA,,
E745S_02457,gene,NA,NA,NA,E745S_02457,,
E745S_02458,gene,mutS2_2,NA,NA,mutS2_2,,
E745S_02459,gene,trxA,NA,NA,trxA,,
E745S_02460,gene,uvrC_2,NA,NA,uvrC_2,,
E745S_02461,gene,btuD_5,NA,NA,btuD_5,,
E745S_02462,gene,yhaP,NA,NA,yhaP,,
E745S_02463,gene,fbp,NA,NA,fbp,,
E745S_02464,gene,puuD,NA,NA,puuD,,
E745S_02465,gene,NA,NA,NA,E745S_02465,,
E745S_02466,gene,NA,NA,NA,E745S_02466,,
E745S_02467,gene,ntpK,NA,NA,ntpK,,
E745S_02468,gene,atpE_1,NA,NA,atpE_1,,
E745S_02469,gene,ntpC,NA,NA,ntpC,,
E745S_02470,gene,ntpG,NA,NA,ntpG,,
E745S_02471,gene,ntpA,NA,NA,ntpA,,
E745S_02472,gene,ntpB,NA,NA,ntpB,,
E745S_02473,gene,ntpD,NA,NA,ntpD,,
E745S_02474,gene,ntpJ_2,NA,NA,ntpJ_2,,
E745S_02475,gene,hisC,NA,NA,hisC,,
E745S_02476,gene,lhpI,NA,NA,lhpI,,
E745S_02477,gene,yddE,NA,NA,yddE,,
E745S_02478,gene,gloA,NA,NA,gloA,,
E745S_02479,gene,NA,NA,NA,E745S_02479,,
E745S_02480,gene,yidA_3,NA,NA,yidA_3,,
E745S_02481,gene,NA,NA,NA,E745S_02481,,
E745S_02482,gene,lipL,NA,NA,lipL,,
E745S_02483,gene,NA,NA,NA,E745S_02483,,
E745S_02484,gene,rpoE,NA,NA,rpoE,,
E745S_02485,gene,sigV,NA,NA,sigV,,
E745S_02486,gene,rsiV,NA,NA,rsiV,,
E745S_02487,gene,NA,NA,NA,E745S_02487,,
E745S_02488,gene,NA,NA,NA,E745S_02488,,
E745S_02489,gene,rpoN1,NA,NA,rpoN1,,
E745S_02490,gene,cggR,NA,NA,cggR,,
E745S_02491,gene,gap_2,NA,NA,gap_2,,
E745S_02492,gene,pgk,NA,NA,pgk,,
E745S_02493,gene,tpiA,NA,NA,tpiA,,
E745S_02494,gene,eno,NA,NA,eno,,
E745S_02495,gene,NA,NA,NA,E745S_02495,,
E745S_02496,gene,NA,NA,NA,E745S_02496,,
E745S_02497,gene,NA,NA,NA,E745S_02497,,
E745S_02498,gene,dapE,NA,NA,dapE,,
E745S_02499,gene,NA,NA,NA,E745S_02499,,
E745S_02500,gene,rihB,NA,NA,rihB,,
E745S_02501,gene,menH_3,NA,NA,menH_3,,
E745S_02502,gene,yjdJ,NA,NA,yjdJ,,
E745S_02503,gene,secG,NA,NA,secG,,
E745S_02504,gene,est,NA,NA,est,,
E745S_02505,gene,rnr,NA,NA,rnr,,
E745S_02506,gene,smpB,NA,NA,smpB,,
E745S_02507,gene,atpB,NA,NA,atpB,,
E745S_02508,gene,atpE_2,NA,NA,atpE_2,,
E745S_02509,gene,atpF,NA,NA,atpF,,
E745S_02510,gene,atpH,NA,NA,atpH,,
E745S_02511,gene,atpA,NA,NA,atpA,,
E745S_02512,gene,atpG,NA,NA,atpG,,
E745S_02513,gene,atpD,NA,NA,atpD,,
E745S_02514,gene,atpC,NA,NA,atpC,,
E745S_02515,gene,NA,NA,NA,E745S_02515,,
E745S_02516,gene,murA1_2,NA,NA,murA1_2,,
E745S_02517,gene,NA,NA,NA,E745S_02517,,
E745S_02518,gene,NA,NA,NA,E745S_02518,,
E745S_02519,gene,yvbK,NA,NA,yvbK,,
E745S_02520,gene,bglK,NA,NA,bglK,,
E745S_02521,gene,NA,NA,NA,E745S_02521,,
E745S_02522,gene,NA,NA,NA,E745S_02522,,
E745S_02523,gene,NA,NA,NA,E745S_02523,,
E745S_02524,gene,NA,NA,NA,E745S_02524,,
E745S_02525,gene,nagR_1,NA,NA,nagR_1,,
E745S_02526,gene,yigZ,NA,NA,yigZ,,
E745S_02527,gene,NA,NA,NA,E745S_02527,,
E745S_02528,gene,ptcB_2,NA,NA,ptcB_2,,
E745S_02529,gene,comFA,NA,NA,comFA,,
E745S_02530,gene,NA,NA,NA,E745S_02530,,
E745S_02531,gene,hpf,NA,NA,hpf,,
E745S_02532,gene,secA,NA,NA,secA,,
E745S_02533,gene,prfB,NA,NA,prfB,,
E745S_02534,gene,ftsE,NA,NA,ftsE,,
E745S_02535,gene,ftsX,NA,NA,ftsX,,
E745S_02536,gene,clsA_2,NA,NA,clsA_2,,
E745S_02537,gene,pstS1_1,NA,NA,pstS1_1,,
E745S_02538,gene,NA,NA,NA,E745S_02538,,
E745S_02539,gene,NA,NA,NA,E745S_02539,,
E745S_02540,gene,pstB3_1,NA,NA,pstB3_1,,
E745S_02541,gene,pstB3_2,NA,NA,pstB3_2,,
E745S_02542,gene,phoU,NA,NA,phoU,,
E745S_02543,gene,NA,NA,NA,E745S_02543,,
E745S_02544,gene,NA,NA,NA,E745S_02544,,
E745S_02545,gene,NA,NA,NA,E745S_02545,,
E745S_02546,gene,NA,NA,NA,E745S_02546,,
E745S_02547,gene,NA,NA,NA,E745S_02547,,
E745S_02548,gene,NA,NA,NA,E745S_02548,,
E745S_02549,gene,hprK,NA,NA,hprK,,
E745S_02550,gene,lgt,NA,NA,lgt,,
E745S_02551,gene,gpsA_2,NA,NA,gpsA_2,,
E745S_02552,gene,gtaB_2,NA,NA,gtaB_2,,
E745S_02553,gene,NA,NA,NA,E745S_02553,,
E745S_02554,gene,NA,NA,NA,E745S_02554,,
E745S_02555,gene,pepQ,NA,NA,pepQ,,
E745S_02556,gene,ccpA_2,NA,NA,ccpA_2,,
E745S_02557,gene,ponA_2,NA,NA,ponA_2,,
E745S_02558,gene,nfo,NA,NA,nfo,,
E745S_02559,gene,NA,NA,NA,E745S_02559,,
E745S_02560,gene,NA,NA,NA,E745S_02560,,
E745S_02561,gene,mntH,NA,NA,mntH,,
E745S_02562,gene,NA,NA,NA,E745S_02562,,
E745S_02563,gene,yheI,NA,NA,yheI,,
E745S_02564,gene,yheH,NA,NA,yheH,,
E745S_02565,gene,licT_3,NA,NA,licT_3,,
E745S_02566,gene,bglF_3,NA,NA,bglF_3,,
E745S_02567,gene,murR_2,NA,NA,murR_2,,
E745S_02568,gene,licH,NA,NA,licH,,
E745S_02569,gene,bglH_2,NA,NA,bglH_2,,
E745S_02570,gene,trxB,NA,NA,trxB,,
E745S_02571,gene,pgcA,NA,NA,pgcA,,
E745S_02572,gene,czrA,NA,NA,czrA,,
E745S_02573,gene,yqfL,NA,NA,yqfL,,
E745S_02574,gene,zur,NA,NA,zur,,
E745S_02575,gene,rpsU,NA,NA,rpsU,,
E745S_02576,gene,yqeY,NA,NA,yqeY,,
E745S_02577,gene,brnQ_2,NA,NA,brnQ_2,,
E745S_02578,gene,NA,NA,NA,E745S_02578,,
E745S_02579,gene,pgpH,NA,NA,pgpH,,
E745S_02580,gene,ybeY,NA,NA,ybeY,,
E745S_02581,gene,dgkA,NA,NA,dgkA,,
E745S_02582,gene,era,NA,NA,era,,
E745S_02583,gene,recO,NA,NA,recO,,
E745S_02584,gene,glyQ,NA,NA,glyQ,,
E745S_02585,gene,glyS,NA,NA,glyS,,
E745S_02586,gene,NA,NA,NA,E745S_02586,,
E745S_02587,gene,tagU_3,NA,NA,tagU_3,,
E745S_02588,gene,ywqC,NA,NA,ywqC,,
E745S_02589,gene,ywqD,NA,NA,ywqD,,
E745S_02590,gene,ywqE,NA,NA,ywqE,,
E745S_02591,gene,pglF,NA,NA,pglF,,
E745S_02592,gene,NA,NA,NA,E745S_02592,,
E745S_02593,gene,gph_2,NA,NA,gph_2,,
E745S_02594,gene,epsN,NA,NA,epsN,,
E745S_02595,gene,epsL,NA,NA,epsL,,
E745S_02596,gene,pglA,NA,NA,pglA,,
E745S_02597,gene,NA,NA,NA,E745S_02597,,
E745S_02598,gene,NA,NA,NA,E745S_02598,,
E745S_02599,gene,NA,NA,NA,E745S_02599,,
E745S_02600,gene,pglH_2,NA,NA,pglH_2,,
E745S_02601,gene,NA,NA,NA,E745S_02601,,
E745S_02602,gene,NA,NA,NA,E745S_02602,,
E745S_02603,gene,NA,NA,NA,E745S_02603,,
E745S_02604,gene,NA,NA,NA,E745S_02604,,
E745S_02605,gene,wbgU_2,NA,NA,wbgU_2,,
E745S_02606,gene,ugd,NA,NA,ugd,,
E745S_02607,gene,glvR,NA,NA,glvR,,
E745S_02608,gene,pfkB,NA,NA,pfkB,,
E745S_02609,gene,fruA_5,NA,NA,fruA_5,,
E745S_02610,gene,mngA,NA,NA,mngA,,
E745S_02611,gene,lacD2,NA,NA,lacD2,,
E745S_02612,gene,yidC,NA,NA,yidC,,
E745S_02613,gene,acyP,NA,NA,acyP,,
E745S_02614,gene,NA,NA,NA,E745S_02614,,
E745S_02615,gene,NA,NA,NA,E745S_02615,,
E745S_02616,gene,NA,NA,NA,E745S_02616,,
E745S_02617,gene,eriC,NA,NA,eriC,,
E745S_02618,gene,NA,NA,NA,E745S_02618,,
E745S_02619,gene,dacA,NA,NA,dacA,,
E745S_02620,gene,NA,NA,NA,E745S_02620,,
E745S_02621,gene,NA,NA,NA,E745S_02621,,
E745S_02622,gene,NA,NA,NA,E745S_02622,,
E745S_02623,gene,NA,NA,NA,E745S_02623,,
E745S_02624,gene,cspLA_2,NA,NA,cspLA_2,,
E745S_02625,gene,dinG_2,NA,NA,dinG_2,,
E745S_02626,gene,NA,NA,NA,E745S_02626,,
E745S_02627,gene,aspB,NA,NA,aspB,,
E745S_02628,gene,asnS,NA,NA,asnS,,
E745S_02629,gene,axe2,NA,NA,axe2,,
E745S_02630,gene,NA,NA,NA,E745S_02630,,
E745S_02631,gene,yccF,NA,NA,yccF,,
E745S_02632,gene,cadA,NA,NA,cadA,,
E745S_02633,gene,ycaM,NA,NA,ycaM,,
E745S_02634,gene,NA,NA,NA,E745S_02634,,
E745S_02635,gene,NA,NA,NA,E745S_02635,,
E745S_02636,gene,copY,NA,NA,copY,,
E745S_02637,gene,copZ,NA,NA,copZ,,
E745S_02638,gene,copA,NA,NA,copA,,
E745S_02639,gene,copB,NA,NA,copB,,
E745S_02640,gene,NA,NA,NA,E745S_02640,,
E745S_02641,gene,NA,NA,NA,E745S_02641,,
E745S_02642,gene,NA,NA,NA,E745S_02642,,
E745S_02643,gene,NA,NA,NA,E745S_02643,,
E745S_02644,gene,NA,NA,NA,E745S_02644,,
E745S_02645,gene,NA,NA,NA,E745S_02645,,
E745S_02646,gene,NA,NA,NA,E745S_02646,,
E745S_02647,gene,NA,NA,NA,E745S_02647,,
E745S_02648,gene,lytA,NA,NA,lytA,,
E745S_02649,gene,NA,NA,NA,E745S_02649,,
E745S_02650,gene,NA,NA,NA,E745S_02650,,
E745S_02651,gene,NA,NA,NA,E745S_02651,,
E745S_02652,gene,NA,NA,NA,E745S_02652,,
E745S_02653,gene,NA,NA,NA,E745S_02653,,
E745S_02654,gene,NA,NA,NA,E745S_02654,,
E745S_02655,gene,NA,NA,NA,E745S_02655,,
E745S_02656,gene,NA,NA,NA,E745S_02656,,
E745S_02657,gene,NA,NA,NA,E745S_02657,,
E745S_02658,gene,cbh_3,NA,NA,cbh_3,,
E745S_02659,gene,NA,NA,NA,E745S_02659,,
E745S_02660,gene,NA,NA,NA,E745S_02660,,
E745S_02661,gene,NA,NA,NA,E745S_02661,,
E745S_02662,gene,NA,NA,NA,E745S_02662,,
E745S_02663,gene,NA,NA,NA,E745S_02663,,
E745S_02664,gene,pstS1_2,NA,NA,pstS1_2,,
E745S_02665,gene,NA,NA,NA,E745S_02665,,
E745S_02666,gene,NA,NA,NA,E745S_02666,,
E745S_02667,gene,ctpE_2,NA,NA,ctpE_2,,
E745S_02668,gene,phoR_2,NA,NA,phoR_2,,
E745S_02669,gene,phoP,NA,NA,phoP,,
E745S_02670,gene,NA,NA,NA,E745S_02670,,
E745S_02671,gene,NA,NA,NA,E745S_02671,,
E745S_02672,gene,ffh,NA,NA,ffh,,
E745S_02673,gene,tag,NA,NA,tag,,
E745S_02674,gene,NA,NA,NA,E745S_02674,,
E745S_02675,gene,chrR,NA,NA,chrR,,
E745S_02676,gene,rpsP,NA,NA,rpsP,,
E745S_02677,gene,NA,NA,NA,E745S_02677,,
E745S_02678,gene,NA,NA,NA,E745S_02678,,
E745S_02679,gene,rimM,NA,NA,rimM,,
E745S_02680,gene,trmD,NA,NA,trmD,,
E745S_02681,gene,rplS,NA,NA,rplS,,
E745S_02682,gene,NA,NA,NA,E745S_02682,,
E745S_02683,gene,NA,NA,NA,E745S_02683,,
E745S_02684,gene,NA,NA,NA,E745S_02684,,
E745S_02685,gene,NA,NA,NA,E745S_02685,,
E745S_02686,gene,NA,NA,NA,E745S_02686,,
E745S_02687,gene,NA,NA,NA,E745S_02687,,
E745S_02688,gene,NA,NA,NA,E745S_02688,,
E745S_02689,gene,NA,NA,NA,E745S_02689,,
E745S_02690,gene,NA,NA,NA,E745S_02690,,
E745S_02691,gene,NA,NA,NA,E745S_02691,,
E745S_02692,gene,NA,NA,NA,E745S_02692,,
E745S_02693,gene,NA,NA,NA,E745S_02693,,
E745S_02694,gene,NA,NA,NA,E745S_02694,,
E745S_02695,gene,NA,NA,NA,E745S_02695,,
E745S_02696,gene,NA,NA,NA,E745S_02696,,
E745S_02697,gene,NA,NA,NA,E745S_02697,,
E745S_02698,gene,NA,NA,NA,E745S_02698,,
E745S_02699,gene,NA,NA,NA,E745S_02699,,
E745S_02700,gene,NA,NA,NA,E745S_02700,,
E745S_02701,gene,NA,NA,NA,E745S_02701,,
E745S_02702,gene,NA,NA,NA,E745S_02702,,
E745S_02703,gene,NA,NA,NA,E745S_02703,,
E745S_02704,gene,NA,NA,NA,E745S_02704,,
E745S_02705,gene,NA,NA,NA,E745S_02705,,
E745S_02706,gene,NA,NA,NA,E745S_02706,,
E745S_02707,gene,NA,NA,NA,E745S_02707,,
E745S_02708,gene,NA,NA,NA,E745S_02708,,
E745S_02709,gene,NA,NA,NA,E745S_02709,,
E745S_02710,gene,NA,NA,NA,E745S_02710,,
E745S_02711,gene,degA_3,NA,NA,degA_3,,
E745S_02712,gene,bfrA,NA,NA,bfrA,,
E745S_02713,gene,treP_1,NA,NA,treP_1,,
E745S_02714,gene,NA,NA,NA,E745S_02714,,
E745S_02715,gene,gmuE_4,NA,NA,gmuE_4,,
E745S_02716,gene,dgaR_5,NA,NA,dgaR_5,,
E745S_02717,gene,NA,NA,NA,E745S_02717,,
E745S_02718,gene,agaC_2,NA,NA,agaC_2,,
E745S_02719,gene,manZ_6,NA,NA,manZ_6,,
E745S_02720,gene,manX_5,NA,NA,manX_5,,
E745S_02721,gene,NA,NA,NA,E745S_02721,,
E745S_02722,gene,NA,NA,NA,E745S_02722,,
E745S_02723,gene,NA,NA,NA,E745S_02723,,
E745S_02724,gene,NA,NA,NA,E745S_02724,,
E745S_02725,gene,NA,NA,NA,E745S_02725,,
E745S_02726,gene,NA,NA,NA,E745S_02726,,
E745S_02727,gene,NA,NA,NA,E745S_02727,,
E745S_02728,gene,NA,NA,NA,E745S_02728,,
E745S_02729,gene,NA,NA,NA,E745S_02729,,
E745S_02730,gene,NA,NA,NA,E745S_02730,,
E745S_02731,gene,xerC_11,NA,NA,xerC_11,,
E745S_02732,gene,NA,NA,NA,E745S_02732,,
E745S_02733,gene,NA,NA,NA,E745S_02733,,
E745S_02734,gene,NA,NA,NA,E745S_02734,,
E745S_02735,gene,NA,NA,NA,E745S_02735,,
E745S_02736,gene,NA,NA,NA,E745S_02736,,
E745S_02737,gene,NA,NA,NA,E745S_02737,,
E745S_02738,gene,NA,NA,NA,E745S_02738,,
E745S_02739,gene,NA,NA,NA,E745S_02739,,
E745S_02740,gene,NA,NA,NA,E745S_02740,,
E745S_02741,gene,NA,NA,NA,E745S_02741,,
E745S_02742,gene,yjhB,NA,NA,yjhB,,
E745S_02743,gene,adhR,NA,NA,adhR,,
E745S_02744,gene,hdfR_3,NA,NA,hdfR_3,,
E745S_02745,gene,NA,NA,NA,E745S_02745,,
E745S_02746,gene,NA,NA,NA,E745S_02746,,
E745S_02747,gene,araQ_6,NA,NA,araQ_6,,
E745S_02748,gene,NA,NA,NA,E745S_02748,,
E745S_02749,gene,NA,NA,NA,E745S_02749,,
E745S_02750,gene,alsS_1,NA,NA,alsS_1,,
E745S_02751,gene,alsS_2,NA,NA,alsS_2,,
E745S_02752,gene,NA,NA,NA,E745S_02752,,
E745S_02753,gene,NA,NA,NA,E745S_02753,,
E745S_02754,gene,NA,NA,NA,E745S_02754,,
E745S_02755,gene,NA,NA,NA,E745S_02755,,
E745S_02756,gene,NA,NA,NA,E745S_02756,,
E745S_02757,gene,frlB_2,NA,NA,frlB_2,,
E745S_02758,gene,NA,NA,NA,E745S_02758,,
E745S_02759,gene,NA,NA,NA,E745S_02759,,
E745S_02760,gene,sorA_3,NA,NA,sorA_3,,
E745S_02761,gene,manZ_7,NA,NA,manZ_7,,
E745S_02762,gene,NA,NA,NA,E745S_02762,,
E745S_02763,gene,bglF_4,NA,NA,bglF_4,,
E745S_02764,gene,bglH_3,NA,NA,bglH_3,,
E745S_02765,gene,licT_4,NA,NA,licT_4,,
E745S_02766,gene,NA,NA,NA,E745S_02766,,
E745S_02767,gene,bglF_5,NA,NA,bglF_5,,
E745S_02768,gene,NA,NA,NA,E745S_02768,,
E745S_02769,gene,NA,NA,NA,E745S_02769,,
E745S_02770,gene,NA,NA,NA,E745S_02770,,
E745S_02771,gene,NA,NA,NA,E745S_02771,,
E745S_02772,gene,NA,NA,NA,E745S_02772,,
E745S_02773,gene,NA,NA,NA,E745S_02773,,
E745S_02774,gene,NA,NA,NA,E745S_02774,,
E745S_02775,gene,NA,NA,NA,E745S_02775,,
E745S_02776,gene,NA,NA,NA,E745S_02776,,
E745S_02777,gene,ohrB_2,NA,NA,ohrB_2,,
E745S_02778,gene,NA,NA,NA,E745S_02778,,
E745S_02779,gene,hsdS,NA,NA,hsdS,,
E745S_02780,gene,NA,NA,NA,E745S_02780,,
E745S_02781,gene,NA,NA,NA,E745S_02781,,
E745S_02782,gene,NA,NA,NA,E745S_02782,,
E745S_02783,gene,NA,NA,NA,E745S_02783,,
E745S_02784,gene,NA,NA,NA,E745S_02784,,
E745S_02785,gene,NA,NA,NA,E745S_02785,,
E745S_02786,gene,xerC_12,NA,NA,xerC_12,,
E745S_02787,gene,NA,NA,NA,E745S_02787,,
E745S_02788,gene,NA,NA,NA,E745S_02788,,
E745S_02789,gene,NA,NA,NA,E745S_02789,,
E745S_02790,gene,NA,NA,NA,E745S_02790,,
E745S_02791,gene,NA,NA,NA,E745S_02791,,
E745S_02792,gene,NA,NA,NA,E745S_02792,,
E745S_02793,gene,NA,NA,NA,E745S_02793,,
E745S_02794,gene,NA,NA,NA,E745S_02794,,
E745S_02795,gene,resA,NA,NA,resA,,
E745S_02796,gene,NA,NA,NA,E745S_02796,,
E745S_02797,gene,NA,NA,NA,E745S_02797,,
E745S_02798,gene,NA,NA,NA,E745S_02798,,
E745S_02799,gene,NA,NA,NA,E745S_02799,,
E745S_02800,gene,NA,NA,NA,E745S_02800,,
E745S_02801,gene,NA,NA,NA,E745S_02801,,
E745S_02802,gene,NA,NA,NA,E745S_02802,,
E745S_02803,gene,NA,NA,NA,E745S_02803,,
E745S_02804,gene,NA,NA,NA,E745S_02804,,
E745S_02805,gene,NA,NA,NA,E745S_02805,,
E745S_02806,gene,NA,NA,NA,E745S_02806,,
E745S_02807,gene,cutD,NA,NA,cutD,,
E745S_02808,gene,NA,NA,NA,E745S_02808,,
E745S_02809,gene,NA,NA,NA,E745S_02809,,
E745S_02810,gene,hisK,NA,NA,hisK,,
E745S_02811,gene,NA,NA,NA,E745S_02811,,
E745S_02812,gene,NA,NA,NA,E745S_02812,,
E745S_02813,gene,NA,NA,NA,E745S_02813,,
E745S_02814,gene,NA,NA,NA,E745S_02814,,
E745S_02815,gene,btuD_6,NA,NA,btuD_6,,
E745S_02816,gene,NA,NA,NA,E745S_02816,,
E745S_02817,gene,NA,NA,NA,E745S_02817,,
E745S_02818,gene,NA,NA,NA,E745S_02818,,
E745S_02819,gene,yteP_3,NA,NA,yteP_3,,
E745S_02820,gene,araQ_7,NA,NA,araQ_7,,
E745S_02821,gene,NA,NA,NA,E745S_02821,,
E745S_02822,gene,NA,NA,NA,E745S_02822,,
E745S_02823,gene,NA,NA,NA,E745S_02823,,
E745S_02824,gene,NA,NA,NA,E745S_02824,,
E745S_02825,gene,ebgA,NA,NA,ebgA,,
E745S_02826,gene,NA,NA,NA,E745S_02826,,
E745S_02827,gene,NA,NA,NA,E745S_02827,,
E745S_02828,gene,guaA_2,NA,NA,guaA_2,,
E745S_02829,gene,NA,NA,NA,E745S_02829,,
E745S_02830,gene,qseB,NA,NA,qseB,,
E745S_02831,gene,NA,NA,NA,E745S_02831,,
E745S_02832,gene,NA,NA,NA,E745S_02832,,
E745S_02833,gene,NA,NA,NA,E745S_02833,,
E745S_02834,gene,NA,NA,NA,E745S_02834,,
E745S_02835,gene,NA,NA,NA,E745S_02835,,
E745S_02836,gene,NA,NA,NA,E745S_02836,,
E745S_02837,gene,NA,NA,NA,E745S_02837,,
E745S_02838,gene,NA,NA,NA,E745S_02838,,
E745S_02839,gene,NA,NA,NA,E745S_02839,,
E745S_02840,gene,NA,NA,NA,E745S_02840,,
E745S_02841,gene,NA,NA,NA,E745S_02841,,
E745S_02842,gene,NA,NA,NA,E745S_02842,,
E745S_02843,gene,crr,NA,NA,crr,,
E745S_02844,gene,agaA_3,NA,NA,agaA_3,,
E745S_02845,gene,rhaS_3,NA,NA,rhaS_3,,
E745S_02846,gene,scrB_1,NA,NA,scrB_1,,
E745S_02847,gene,treP_2,NA,NA,treP_2,,
E745S_02848,gene,NA,NA,NA,E745S_02848,,
E745S_02849,gene,NA,NA,NA,E745S_02849,,
E745S_02850,gene,NA,NA,NA,E745S_02850,,
E745S_02851,gene,NA,NA,NA,E745S_02851,,
E745S_02852,gene,nagR_2,NA,NA,nagR_2,,
E745S_02853,gene,agaS,NA,NA,agaS,,
E745S_02854,gene,lacD,NA,NA,lacD,,
E745S_02855,gene,NA,NA,NA,E745S_02855,,
E745S_02856,gene,licC_3,NA,NA,licC_3,,
E745S_02857,gene,NA,NA,NA,E745S_02857,,
E745S_02858,gene,xerS,NA,NA,xerS,,
E745S_02859,gene,NA,NA,NA,E745S_02859,,
E745S_02860,gene,NA,NA,NA,E745S_02860,,
E745S_02861,gene,NA,NA,NA,E745S_02861,,
E745S_02862,gene,NA,NA,NA,E745S_02862,,
E745S_02863,gene,glcB,NA,NA,glcB,,
E745S_02864,gene,nanE_2,NA,NA,nanE_2,,
E745S_02865,gene,rpiR,NA,NA,rpiR,,
E745S_02866,gene,NA,NA,NA,E745S_02866,,
E745S_02867,gene,NA,NA,NA,E745S_02867,,
E745S_02868,gene,NA,NA,NA,E745S_02868,,
E745S_02869,gene,NA,NA,NA,E745S_02869,,
E745S_02870,gene,NA,NA,NA,E745S_02870,,
E745S_02871,gene,NA,NA,NA,E745S_02871,,
E745S_02872,gene,degA_4,NA,NA,degA_4,,
E745S_02873,gene,scrB_2,NA,NA,scrB_2,,
E745S_02874,gene,NA,NA,NA,E745S_02874,,
E745S_02875,gene,NA,NA,NA,E745S_02875,,
E745S_02876,gene,gmuE_5,NA,NA,gmuE_5,,
E745S_02877,gene,NA,NA,NA,E745S_02877,,
E745S_02878,gene,NA,NA,NA,E745S_02878,,
E745S_02879,gene,NA,NA,NA,E745S_02879,,
E745S_02880,gene,xerC_13,NA,NA,xerC_13,,
E745S_02881,gene,NA,NA,NA,E745S_02881,,
E745S_02882,gene,NA,NA,NA,E745S_02882,,
E745S_02883,gene,NA,NA,NA,E745S_02883,,
E745S_02884,gene,hxlB,NA,NA,hxlB,,
E745S_02885,gene,rpe_2,NA,NA,rpe_2,,
E745S_02886,gene,NA,NA,NA,E745S_02886,,
E745S_02887,gene,NA,NA,NA,E745S_02887,,
E745S_02888,gene,gatC_3,NA,NA,gatC_3,,
E745S_02889,gene,NA,NA,NA,E745S_02889,,
E745S_02890,gene,manR_3,NA,NA,manR_3,,
E745S_02891,gene,NA,NA,NA,E745S_02891,,
E745S_02892,gene,NA,NA,NA,E745S_02892,,
E745S_02893,gene,NA,NA,NA,E745S_02893,,
E745S_02894,gene,NA,NA,NA,E745S_02894,,
E745S_02895,gene,NA,NA,NA,E745S_02895,,
E745S_02896,gene,NA,NA,NA,E745S_02896,,
E745S_02897,gene,NA,NA,NA,E745S_02897,,
E745S_02898,gene,NA,NA,NA,E745S_02898,,
E745S_02899,gene,NA,NA,NA,E745S_02899,,
E745S_02900,gene,NA,NA,NA,E745S_02900,,
E745S_02901,gene,NA,NA,NA,E745S_02901,,
E745S_02902,gene,NA,NA,NA,E745S_02902,,
E745S_02903,gene,ssb_2,NA,NA,ssb_2,,
E745S_02904,gene,ssbA,NA,NA,ssbA,,
E745S_02905,gene,NA,NA,NA,E745S_02905,,
E745S_02906,gene,NA,NA,NA,E745S_02906,,
E745S_02907,gene,NA,NA,NA,E745S_02907,,
E745S_02908,gene,topB_3,NA,NA,topB_3,,
E745S_02909,gene,NA,NA,NA,E745S_02909,,
E745S_02910,gene,NA,NA,NA,E745S_02910,,
E745S_02911,gene,NA,NA,NA,E745S_02911,,
E745S_02912,gene,NA,NA,NA,E745S_02912,,
E745S_02913,gene,NA,NA,NA,E745S_02913,,
E745S_02914,gene,NA,NA,NA,E745S_02914,,
E745S_02915,gene,NA,NA,NA,E745S_02915,,
E745S_02916,gene,NA,NA,NA,E745S_02916,,
E745S_02917,gene,NA,NA,NA,E745S_02917,,
E745S_02918,gene,NA,NA,NA,E745S_02918,,
E745S_02919,gene,NA,NA,NA,E745S_02919,,
E745S_02920,gene,NA,NA,NA,E745S_02920,,
E745S_02921,gene,NA,NA,NA,E745S_02921,,
E745S_02922,gene,NA,NA,NA,E745S_02922,,
E745S_02923,gene,NA,NA,NA,E745S_02923,,
E745S_02924,gene,NA,NA,NA,E745S_02924,,
E745S_02925,gene,NA,NA,NA,E745S_02925,,
E745S_02926,gene,NA,NA,NA,E745S_02926,,
E745S_02927,gene,NA,NA,NA,E745S_02927,,
E745S_02928,gene,NA,NA,NA,E745S_02928,,
E745S_02929,gene,NA,NA,NA,E745S_02929,,
E745S_02930,gene,NA,NA,NA,E745S_02930,,
E745S_02931,gene,NA,NA,NA,E745S_02931,,
E745S_02932,gene,NA,NA,NA,E745S_02932,,
E745S_02933,gene,NA,NA,NA,E745S_02933,,
E745S_02934,gene,NA,NA,NA,E745S_02934,,
E745S_02935,gene,NA,NA,NA,E745S_02935,,
E745S_02936,gene,NA,NA,NA,E745S_02936,,
E745S_02937,gene,NA,NA,NA,E745S_02937,,
E745S_02938,gene,srtA,NA,NA,srtA,,
E745S_02939,gene,NA,NA,NA,E745S_02939,,
E745S_02940,gene,NA,NA,NA,E745S_02940,,
E745S_02941,gene,NA,NA,NA,E745S_02941,,
E745S_02942,gene,NA,NA,NA,E745S_02942,,
E745S_02943,gene,NA,NA,NA,E745S_02943,,
E745S_02944,gene,NA,NA,NA,E745S_02944,,
E745S_02945,gene,NA,NA,NA,E745S_02945,,
E745S_02946,gene,NA,NA,NA,E745S_02946,,
E745S_02947,gene,NA,NA,NA,E745S_02947,,
E745S_02948,gene,NA,NA,NA,E745S_02948,,
E745S_02949,gene,NA,NA,NA,E745S_02949,,
E745S_02950,gene,NA,NA,NA,E745S_02950,,
E745S_02951,gene,NA,NA,NA,E745S_02951,,
E745S_02952,gene,NA,NA,NA,E745S_02952,,
E745S_02953,gene,NA,NA,NA,E745S_02953,,
E745S_02954,gene,NA,NA,NA,E745S_02954,,
E745S_02955,gene,NA,NA,NA,E745S_02955,,
E745S_02956,gene,topB_4,NA,NA,topB_4,,
E745S_02957,gene,NA,NA,NA,E745S_02957,,
E745S_02958,gene,NA,NA,NA,E745S_02958,,
E745S_02959,gene,NA,NA,NA,E745S_02959,,
E745S_02960,gene,ssb_3,NA,NA,ssb_3,,
E745S_02961,gene,NA,NA,NA,E745S_02961,,
E745S_02962,gene,NA,NA,NA,E745S_02962,,
E745S_02963,gene,NA,NA,NA,E745S_02963,,
E745S_02964,gene,NA,NA,NA,E745S_02964,,
E745S_02965,gene,NA,NA,NA,E745S_02965,,
E745S_02966,gene,NA,NA,NA,E745S_02966,,
E745S_02967,gene,NA,NA,NA,E745S_02967,,
E745S_02968,gene,NA,NA,NA,E745S_02968,,
E745S_02969,gene,NA,NA,NA,E745S_02969,,
E745S_02970,gene,pemK,NA,NA,pemK,,
E745S_02971,gene,bin3_1,NA,NA,bin3_1,,
E745S_02972,gene,umuC_2,NA,NA,umuC_2,,
E745S_02973,gene,NA,NA,NA,E745S_02973,,
E745S_02974,gene,NA,NA,NA,E745S_02974,,
E745S_02975,gene,NA,NA,NA,E745S_02975,,
E745S_02976,gene,NA,NA,NA,E745S_02976,,
E745S_02977,gene,NA,NA,NA,E745S_02977,,
E745S_02978,gene,NA,NA,NA,E745S_02978,,
E745S_02979,gene,NA,NA,NA,E745S_02979,,
E745S_02980,gene,NA,NA,NA,E745S_02980,,
E745S_02981,gene,NA,NA,NA,E745S_02981,,
E745S_02982,gene,NA,NA,NA,E745S_02982,,
E745S_02983,gene,NA,NA,NA,E745S_02983,,
E745S_02984,gene,NA,NA,NA,E745S_02984,,
E745S_02985,gene,NA,NA,NA,E745S_02985,,
E745S_02986,gene,NA,NA,NA,E745S_02986,,
E745S_02987,gene,NA,NA,NA,E745S_02987,,
E745S_02988,gene,NA,NA,NA,E745S_02988,,
E745S_02989,gene,NA,NA,NA,E745S_02989,,
E745S_02990,gene,NA,NA,NA,E745S_02990,,
E745S_02991,gene,NA,NA,NA,E745S_02991,,
E745S_02992,gene,NA,NA,NA,E745S_02992,,
E745S_02993,gene,NA,NA,NA,E745S_02993,,
E745S_02994,gene,NA,NA,NA,E745S_02994,,
E745S_02995,gene,NA,NA,NA,E745S_02995,,
E745S_02996,gene,NA,NA,NA,E745S_02996,,
E745S_02997,gene,NA,NA,NA,E745S_02997,,
E745S_02998,gene,NA,NA,NA,E745S_02998,,
E745S_02999,gene,NA,NA,NA,E745S_02999,,
E745S_03000,gene,NA,NA,NA,E745S_03000,,
E745S_03001,gene,NA,NA,NA,E745S_03001,,
E745S_03002,gene,NA,NA,NA,E745S_03002,,
E745S_03003,gene,NA,NA,NA,E745S_03003,,
E745S_03004,gene,NA,NA,NA,E745S_03004,,
E745S_03005,gene,NA,NA,NA,E745S_03005,,
E745S_03006,gene,NA,NA,NA,E745S_03006,,
E745S_03007,gene,NA,NA,NA,E745S_03007,,
E745S_03008,gene,NA,NA,NA,E745S_03008,,
E745S_03009,gene,NA,NA,NA,E745S_03009,,
E745S_03010,gene,NA,NA,NA,E745S_03010,,
E745S_03011,gene,NA,NA,NA,E745S_03011,,
E745S_03012,gene,NA,NA,NA,E745S_03012,,
E745S_03013,gene,NA,NA,NA,E745S_03013,,
E745S_03014,gene,NA,NA,NA,E745S_03014,,
E745S_03015,gene,NA,NA,NA,E745S_03015,,
E745S_03016,gene,NA,NA,NA,E745S_03016,,
E745S_03017,gene,NA,NA,NA,E745S_03017,,
E745S_03018,gene,walR_2,NA,NA,walR_2,,
E745S_03019,gene,sasA_4,NA,NA,sasA_4,,
E745S_03020,gene,vanH_1,NA,NA,vanH_1,,
E745S_03021,gene,vanA_1,NA,NA,vanA_1,,
E745S_03022,gene,vanX,NA,NA,vanX,,
E745S_03023,gene,NA,NA,NA,E745S_03023,,
E745S_03024,gene,NA,NA,NA,E745S_03024,,
E745S_03025,gene,NA,NA,NA,E745S_03025,,
E745S_03026,gene,NA,NA,NA,E745S_03026,,
E745S_03027,gene,NA,NA,NA,E745S_03027,,
E745S_03028,gene,NA,NA,NA,E745S_03028,,
E745S_03029,gene,bin3_2,NA,NA,bin3_2,,
E745S_03030,gene,NA,NA,NA,E745S_03030,,
E745S_03031,gene,NA,NA,NA,E745S_03031,,
E745S_03032,gene,NA,NA,NA,E745S_03032,,
E745S_03033,gene,NA,NA,NA,E745S_03033,,
E745S_03034,gene,NA,NA,NA,E745S_03034,,
E745S_03035,gene,NA,NA,NA,E745S_03035,,
E745S_03036,gene,bin3_3,NA,NA,bin3_3,,
E745S_03037,gene,ligA_2,NA,NA,ligA_2,,
E745S_03038,gene,NA,NA,NA,E745S_03038,,
E745S_03039,gene,bin3_4,NA,NA,bin3_4,,
E745S_03040,gene,NA,NA,NA,E745S_03040,,
E745S_03041,gene,NA,NA,NA,E745S_03041,,
E745S_03042,gene,NA,NA,NA,E745S_03042,,
E745S_03043,gene,repD,NA,NA,repD,,
E745S_03044,gene,NA,NA,NA,E745S_03044,,
E745S_03045,gene,NA,NA,NA,E745S_03045,,
E745S_03046,gene,NA,NA,NA,E745S_03046,,
E745S_03047,gene,NA,NA,NA,E745S_03047,,
E745S_03048,gene,NA,NA,NA,E745S_03048,,
E745S_03049,gene,NA,NA,NA,E745S_03049,,
E745S_03050,gene,repN,NA,NA,repN,,
E745S_03051,gene,NA,NA,NA,E745S_03051,,
E745S_03052,gene,NA,NA,NA,E745S_03052,,
E745S_03053,gene,NA,NA,NA,E745S_03053,,
E745S_03054,gene,soj_2,NA,NA,soj_2,,
E745S_03055,gene,NA,NA,NA,E745S_03055,,
E745S_03056,gene,NA,NA,NA,E745S_03056,,
E745S_03057,gene,NA,NA,NA,E745S_03057,,
E745S_03058,gene,rssB,NA,NA,rssB,,
E745S_03059,gene,walK_2,NA,NA,walK_2,,
E745S_03060,gene,vanH_2,NA,NA,vanH_2,,
E745S_03061,gene,vanA_2,NA,NA,vanA_2,,
E745S_03062,gene,NA,NA,NA,E745S_03062,,
E745S_03063,gene,NA,NA,NA,E745S_03063,,
E745S_03064,gene,NA,NA,NA,E745S_03064,,
E745S_03065,gene,NA,NA,NA,E745S_03065,,
E745S_03066,gene,NA,NA,NA,E745S_03066,,
E745S_03067,gene,NA,NA,NA,E745S_03067,,
E745S_03068,gene,NA,NA,NA,E745S_03068,,
E745S_03069,gene,NA,NA,NA,E745S_03069,,
E745S_03070,gene,NA,NA,NA,E745S_03070,,
E745S_03071,gene,NA,NA,NA,E745S_03071,,
E745S_03072,gene,NA,NA,NA,E745S_03072,,
E745S_03073,gene,ltrA,NA,NA,ltrA,,
E745S_03074,gene,NA,NA,NA,E745S_03074,,
E745S_03075,gene,NA,NA,NA,E745S_03075,,
E745S_03076,gene,NA,NA,NA,E745S_03076,,
E745S_03077,gene,NA,NA,NA,E745S_03077,,
E745S_03078,gene,NA,NA,NA,E745S_03078,,
E745S_03079,gene,NA,NA,NA,E745S_03079,,
E745S_03080,gene,NA,NA,NA,E745S_03080,,
E745S_03081,gene,NA,NA,NA,E745S_03081,,
E745S_03082,gene,NA,NA,NA,E745S_03082,,
E745S_03083,gene,NA,NA,NA,E745S_03083,,
E745S_03084,gene,NA,NA,NA,E745S_03084,,
E745S_03085,gene,NA,NA,NA,E745S_03085,,
E745S_03086,gene,NA,NA,NA,E745S_03086,,
E745S_03087,gene,NA,NA,NA,E745S_03087,,
E745S_03088,gene,NA,NA,NA,E745S_03088,,
E745S_03089,gene,NA,NA,NA,E745S_03089,,
E745S_03090,gene,NA,NA,NA,E745S_03090,,
E745S_03091,gene,bin3_5,NA,NA,bin3_5,,
E745S_03092,gene,umuC_3,NA,NA,umuC_3,,
E745S_03093,gene,NA,NA,NA,E745S_03093,,
E745S_03094,gene,NA,NA,NA,E745S_03094,,
E745S_03095,gene,NA,NA,NA,E745S_03095,,
E745S_03096,gene,soj_3,NA,NA,soj_3,,
E745S_03097,gene,NA,NA,NA,E745S_03097,,
E745S_03098,gene,NA,NA,NA,E745S_03098,,
E745S_03099,gene,NA,NA,NA,E745S_03099,,
E745S_03100,gene,NA,NA,NA,E745S_03100,,
E745S_03101,gene,NA,NA,NA,E745S_03101,,
E745S_03102,gene,NA,NA,NA,E745S_03102,,
E745S_03103,gene,NA,NA,NA,E745S_03103,,
E745S_03104,gene,NA,NA,NA,E745S_03104,,
E745S_03105,gene,yoeB,NA,NA,yoeB,,
E745S_03106,gene,NA,NA,NA,E745S_03106,,
E745S_03107,gene,NA,NA,NA,E745S_03107,,
E745S_03108,gene,NA,NA,NA,E745S_03108,,
E745S_03109,gene,NA,NA,NA,E745S_03109,,
E745S_03110,gene,NA,NA,NA,E745S_03110,,
E745S_03111,gene,NA,NA,NA,E745S_03111,,
E745S_03112,gene,NA,NA,NA,E745S_03112,,
E745S_03113,gene,NA,NA,NA,E745S_03113,,
E745S_03114,gene,NA,NA,NA,E745S_03114,,
E745S_03115,gene,NA,NA,NA,E745S_03115,,
E745S_03116,gene,NA,NA,NA,E745S_03116,,
E745S_03117,gene,NA,NA,NA,E745S_03117,,
E745S_03118,gene,yxdL_2,NA,NA,yxdL_2,,
E745S_03119,gene,NA,NA,NA,E745S_03119,,
E745S_03120,gene,NA,NA,NA,E745S_03120,,
E745S_03121,gene,NA,NA,NA,E745S_03121,,
E745S_03122,gene,NA,NA,NA,E745S_03122,,
E745S_03123,gene,NA,NA,NA,E745S_03123,,
E745S_03124,gene,NA,NA,NA,E745S_03124,,
E745S_03125,gene,NA,NA,NA,E745S_03125,,
E745S_03126,gene,NA,NA,NA,E745S_03126,,
E745S_03127,gene,NA,NA,NA,E745S_03127,,
E745S_03128,gene,NA,NA,NA,E745S_03128,,
E745S_03129,gene,NA,NA,NA,E745S_03129,,
E745S_03130,gene,NA,NA,NA,E745S_03130,,
E745S_03131,gene,NA,NA,NA,E745S_03131,,
E745S_03132,gene,NA,NA,NA,E745S_03132,,
E745S_03133,gene,NA,NA,NA,E745S_03133,,
E745S_03134,gene,NA,NA,NA,E745S_03134,,
E745S_03135,gene,NA,NA,NA,E745S_03135,,
E745S_03136,gene,NA,NA,NA,E745S_03136,,
E745S_03137,gene,NA,NA,NA,E745S_03137,,
E745S_03138,gene,NA,NA,NA,E745S_03138,,
E745S_03139,gene,NA,NA,NA,E745S_03139,,
E745S_03140,gene,NA,NA,NA,E745S_03140,,
E745S_03141,gene,NA,NA,NA,E745S_03141,,
E745S_03142,gene,NA,NA,NA,E745S_03142,,
E745S_03143,gene,NA,NA,NA,E745S_03143,,
E745S_03144,gene,NA,NA,NA,E745S_03144,,
E745S_03145,gene,NA,NA,NA,E745S_03145,,
E745S_03146,gene,NA,NA,NA,E745S_03146,,
E745S_03147,gene,NA,NA,NA,E745S_03147,,
E745S_03148,gene,NA,NA,NA,E745S_03148,,
E745S_03149,gene,NA,NA,NA,E745S_03149,,
E745S_03150,gene,NA,NA,NA,E745S_03150,,
E745S_03151,gene,NA,NA,NA,E745S_03151,,
E745S_03152,gene,NA,NA,NA,E745S_03152,,
E745S_03153,gene,NA,NA,NA,E745S_03153,,
E745S_03154,gene,NA,NA,NA,E745S_03154,,
E745S_03155,gene,NA,NA,NA,E745S_03155,,
E745S_03156,gene,NA,NA,NA,E745S_03156,,
E745S_03157,gene,NA,NA,NA,E745S_03157,,
E745S_03158,gene,NA,NA,NA,E745S_03158,,
E745S_03159,gene,NA,NA,NA,E745S_03159,,
E745S_03160,gene,NA,NA,NA,E745S_03160,,
E745S_03161,gene,NA,NA,NA,E745S_03161,,
E745S_03162,gene,NA,NA,NA,E745S_03162,,
E745S_03163,gene,NA,NA,NA,E745S_03163,,
E745S_03164,gene,NA,NA,NA,E745S_03164,,
