,ERR1797972_pass,ERR1797973_pass,ERR1797974_pass,ERR1797969_pass,ERR1797970_pass,ERR1797971_pass
E745S_00003,3,1,2,4,3,2
E745S_00004,134,139,136,134,148,152
E745S_00006,1654,1625,1456,717,899,841
E745S_00007,441,411,340,156,212,162
E745S_00008,5,4,5,6,2,1
E745S_00009,1191,1051,1045,1000,1124,1079
E745S_00010,1511,1513,1422,1627,1866,1696
E745S_00011,101,87,82,55,56,67
E745S_00012,115,136,122,89,114,134
E745S_00013,9264,9607,8832,12119,14037,13347
E745S_00014,1613,1477,1402,987,1204,1017
E745S_00015,656,697,635,793,937,850
E745S_00016,712,697,580,869,1057,965
E745S_00017,1195,1002,1011,1284,1501,1304
E745S_00018,4847,4666,4137,6324,7719,6745
E745S_00019,19869,22735,20976,18692,22074,19765
E745S_00020,5,7,11,5,2,5
E745S_00021,34,29,34,64,76,76
E745S_00023,2,15,10,3,4,5
E745S_00024,214,269,294,172,230,176
E745S_00025,669,802,834,6938,7122,6690
E745S_00026,7,16,16,11,13,13
E745S_00027,1181,1346,977,8490,8202,7102
E745S_00028,2449,2387,2159,1046,1199,1109
E745S_00029,711,739,757,654,804,719
E745S_00030,7,11,8,7,12,6
E745S_00031,111,119,115,239,280,240
E745S_00032,172,188,152,466,546,510
E745S_00034,41,47,38,51,59,55
E745S_00035,5473,5249,4898,11336,13313,11650
E745S_00037,533,542,521,226,227,221
E745S_00038,1945,2064,1801,3022,3078,3113
E745S_00039,952,1185,981,859,1048,883
E745S_00040,226,232,211,214,217,226
E745S_00041,1151,1223,1034,932,945,910
E745S_00042,268,292,282,1839,1978,1638
E745S_00043,378,367,329,1095,1277,1179
E745S_00044,376,247,231,1117,1182,1245
E745S_00045,25,20,26,37,42,43
E745S_00046,533,558,516,2276,2502,2298
E745S_00047,1207,1188,1120,4940,5439,5231
E745S_00048,347,411,340,1291,1630,1549
E745S_00049,449,482,442,1509,1953,1667
E745S_00050,472,497,386,1961,2145,2049
E745S_00051,83,59,73,278,292,325
E745S_00052,31,24,22,76,100,88
E745S_00053,52,45,29,123,132,122
E745S_00054,344,370,292,856,868,862
E745S_00055,93,80,85,212,248,218
E745S_00056,77,106,88,180,227,228
E745S_00059,407,399,386,1175,1495,1390
E745S_00060,2,2,0,4,8,7
E745S_00061,827,953,857,1253,1598,1544
E745S_00062,490,452,431,1846,1987,1997
E745S_00063,907,880,768,873,1043,838
E745S_00064,80,77,67,61,69,58
E745S_00065,61,46,41,65,47,54
E745S_00066,83,97,85,63,85,86
E745S_00067,128,108,93,103,114,126
E745S_00068,301,302,268,358,379,375
E745S_00069,238,298,234,217,282,268
E745S_00070,254,261,231,188,255,264
E745S_00071,664,688,605,671,785,739
E745S_00072,17,14,7,15,12,19
E745S_00073,73,123,101,67,72,100
E745S_00074,13,15,16,7,16,13
E745S_00075,83,91,74,73,72,95
E745S_00076,152,126,118,133,156,145
E745S_00077,199,179,157,196,258,274
E745S_00078,517,332,338,288,353,328
E745S_00079,116,84,83,55,80,76
E745S_00080,607,594,507,491,602,579
E745S_00084,21,23,13,7,21,21
E745S_00085,15,6,9,16,15,15
E745S_00086,18,8,12,10,13,13
E745S_00087,20,16,16,23,22,20
E745S_00088,226,258,207,163,194,163
E745S_00089,11,26,21,2,14,9
E745S_00091,56,59,58,19,23,19
E745S_00092,6,8,6,9,10,7
E745S_00093,75,82,68,33,34,36
E745S_00094,4,1,2,1,2,0
E745S_00095,17124,18356,15667,6158,7212,6836
E745S_00096,336,314,298,2131,1924,1848
E745S_00097,1593,2010,2048,192,253,222
E745S_00098,2272,2146,1959,259,336,291
E745S_00099,571,558,521,6164,7459,6973
E745S_00100,327,333,300,393,479,395
E745S_00101,104,101,109,156,191,203
E745S_00102,192,209,189,250,312,260
E745S_00103,735,666,610,286,338,314
E745S_00104,693,577,544,271,326,279
E745S_00105,1573,1315,1079,276,353,314
E745S_00106,8288,7010,6285,1497,1866,1540
E745S_00107,1882,1566,1620,937,1113,880
E745S_00108,178,187,150,327,365,302
E745S_00109,708,633,618,1524,1720,1588
E745S_00110,1007,1204,1305,4961,6444,5143
E745S_00111,5408,5391,4738,4217,4434,4574
E745S_00112,7432,7671,6184,5265,5395,5550
E745S_00113,2134,2174,1791,1148,1266,1247
E745S_00114,1281,1351,1320,266,279,243
E745S_00115,779,740,813,187,209,191
E745S_00116,2253,2107,1737,369,457,380
E745S_00117,5230,4942,4429,1107,1292,1115
E745S_00118,756,708,616,223,263,258
E745S_00119,6994,7813,6672,3487,3846,4234
E745S_00120,4349,3881,3355,997,1095,1134
E745S_00121,1235,1009,990,184,215,197
E745S_00122,14824,15543,13098,99742,116999,109745
E745S_00123,41,40,36,17,28,29
E745S_00125,65,50,54,23,43,47
E745S_00126,1586,1653,1540,1302,1425,1380
E745S_00127,51215,55650,52437,6386,7510,6571
E745S_00128,63438,60082,53249,11090,12282,11241
E745S_00129,8082,7384,6233,2230,2746,2401
E745S_00130,4710,3854,3719,3304,3797,3375
E745S_00131,3281,3372,3074,1121,1296,1169
E745S_00132,1013,1042,1074,408,533,479
E745S_00133,5724,4952,4660,2888,3424,2990
E745S_00134,15583,13507,11921,8312,9063,8278
E745S_00135,12100,11815,10690,7197,8297,7449
E745S_00136,5736,6258,5869,1209,1419,1285
E745S_00137,15043,15279,14141,3850,4284,3968
E745S_00138,2973,2680,2573,721,965,866
E745S_00139,5430,4603,3968,1326,1434,1458
E745S_00140,23935,22063,21120,9560,10630,10101
E745S_00141,7547,8358,6601,4692,5638,5351
E745S_00142,224,227,177,898,1047,972
E745S_00143,789,754,678,3773,4057,3836
E745S_00144,345,375,330,1660,1906,1702
E745S_00145,1057,863,776,280,334,346
E745S_00146,1740,1610,1509,340,414,446
E745S_00147,1087,1014,1019,5239,6138,5339
E745S_00148,638,560,552,4332,4798,4388
E745S_00149,66,69,77,395,428,402
E745S_00150,96,132,107,379,438,404
E745S_00151,65,71,68,48,41,45
E745S_00152,250,287,245,269,345,307
E745S_00153,547,634,549,519,566,588
E745S_00154,188,189,161,1627,1537,1732
E745S_00155,141,106,108,52,69,85
E745S_00156,1004,840,715,807,982,838
E745S_00157,6869,7376,6685,1263,1441,1402
E745S_00158,6992,6874,6428,1362,1390,1343
E745S_00159,37764,39811,35158,11978,13471,12372
E745S_00160,8327,6711,6030,1903,2126,1975
E745S_00161,12,11,11,1,5,2
E745S_00162,21011,19769,17944,8982,10552,9338
E745S_00163,30100,30549,28958,12066,13471,13187
E745S_00164,2604,2570,2290,3960,4368,4089
E745S_00165,4581,4245,3802,6979,8181,7455
E745S_00166,8617,8327,7906,2869,3403,3038
E745S_00167,8843,9354,7958,3504,3932,3475
E745S_00168,2789,2785,2478,3315,3504,3328
E745S_00169,4710,4872,4338,5138,5717,5219
E745S_00170,2297,2422,2299,2384,2946,2669
E745S_00171,31,32,35,43,41,56
E745S_00172,40,44,47,60,71,66
E745S_00173,142,129,138,328,417,333
E745S_00174,8,4,3,10,9,11
E745S_00175,127,114,103,148,160,152
E745S_00176,29,21,30,202,203,244
E745S_00177,32,29,24,227,279,236
E745S_00178,34,39,26,110,112,121
E745S_00179,1516,1515,1253,2320,2521,2402
E745S_00180,7691,6606,6243,4879,5451,5019
E745S_00181,3368,2690,2545,4770,5860,5386
E745S_00182,8873,7609,6915,12338,12891,11973
E745S_00183,10988,9401,8256,13174,15328,14278
E745S_00184,20717,20739,19097,7085,8298,8634
E745S_00185,843,727,740,808,940,817
E745S_00186,2886,2601,2344,4610,5191,4827
E745S_00187,1080,1013,949,1596,2105,1880
E745S_00188,966,959,898,366,385,366
E745S_00189,45396,46705,41843,8372,9869,9058
E745S_00190,25581,25423,22005,18624,21666,21289
E745S_00191,4921,4644,4217,2178,2489,2259
E745S_00192,769,675,636,4648,5049,4814
E745S_00193,51,53,42,1381,1467,1351
E745S_00194,17,18,18,243,202,246
E745S_00195,11967,12424,10055,212,255,243
E745S_00196,17638,22048,16608,194,278,287
E745S_00197,17337,17645,16518,301,369,333
E745S_00198,1859,1860,1661,1067,1295,1131
E745S_00199,6024,5879,5266,3495,3919,3705
E745S_00200,5854,4928,4552,3038,3373,3096
E745S_00201,3298,2557,2288,1219,1614,1411
E745S_00202,5705,4836,4613,2735,3495,3119
E745S_00203,9842,8207,7791,7188,8162,7413
E745S_00204,18206,15791,13527,12426,14177,13771
E745S_00205,5643,5514,4843,902,970,922
E745S_00206,100,94,122,25,25,28
E745S_00207,1536,1361,1400,516,611,586
E745S_00208,339,283,240,517,609,621
E745S_00209,169,205,151,103,107,105
E745S_00210,88,71,62,88,87,75
E745S_00211,92,79,81,115,130,112
E745S_00212,2121,2067,1831,508,589,550
E745S_00213,2399,2124,1983,739,940,849
E745S_00214,3656,3454,2910,1225,1384,1190
E745S_00215,3060,3027,2744,1060,1267,1174
E745S_00216,4169,3642,3400,1207,1462,1237
E745S_00217,787,844,787,238,277,250
E745S_00218,2306,2653,2215,711,845,738
E745S_00219,403,408,415,176,206,209
E745S_00220,39,43,37,49,54,47
E745S_00221,43,67,57,82,89,105
E745S_00222,110,121,110,48,46,47
E745S_00223,71,69,74,34,31,40
E745S_00224,21,21,30,13,29,22
E745S_00225,44,50,40,64,65,76
E745S_00226,89,85,80,79,84,79
E745S_00227,32,24,25,27,32,28
E745S_00228,862,881,808,569,754,667
E745S_00229,586,541,522,354,401,381
E745S_00230,1301,1415,1195,763,831,755
E745S_00231,1063,1084,922,518,537,472
E745S_00232,1508,1532,1350,572,626,649
E745S_00233,34588,33789,30768,7680,8785,7881
E745S_00234,768,715,701,74,94,68
E745S_00236,1354,1252,1089,1465,1754,1368
E745S_00237,1102,944,837,2093,2271,2121
E745S_00238,3862,3867,3372,2639,2912,2798
E745S_00239,1915,2116,1690,1296,1504,1352
E745S_00240,1905,1706,1517,1068,1298,1124
E745S_00241,13910,14431,13326,5245,6162,5437
E745S_00242,2129,2406,2153,2581,3206,2780
E745S_00243,6861,7188,5981,10430,12721,11598
E745S_00244,5591,5669,4990,4813,5741,4972
E745S_00245,2022,1881,1723,2800,2894,2657
E745S_00246,582,495,453,779,813,707
E745S_00247,2236,2192,2111,11116,12019,10206
E745S_00248,1048,1024,973,2172,2546,2243
E745S_00249,3591,4015,3686,6048,7196,6478
E745S_00250,250,257,270,284,385,356
E745S_00251,3837,3744,3363,6809,7678,7268
E745S_00252,2695,2925,2353,5585,6324,5948
E745S_00254,139,142,124,125,118,119
E745S_00255,275,282,267,236,239,200
E745S_00256,14,7,13,9,10,12
E745S_00257,338,332,302,274,325,289
E745S_00258,917,975,850,1093,1229,1190
E745S_00259,2417,2485,2045,580,671,723
E745S_00260,538,499,468,184,218,186
E745S_00261,1091,1165,1022,350,455,414
E745S_00262,3548,3476,3223,2049,2176,2186
E745S_00263,650,716,641,714,933,857
E745S_00264,1035,943,867,1576,1535,1519
E745S_00265,1568,1540,1449,2183,2569,2165
E745S_00266,7881,7861,6974,4332,4996,4496
E745S_00267,87,79,92,20,29,26
E745S_00268,2,2,1,3,5,1
E745S_00269,4,11,8,4,6,2
E745S_00270,523,609,492,1837,2070,1980
E745S_00271,184,227,191,282,309,271
E745S_00272,458,386,377,8463,9704,8996
E745S_00273,31,15,21,10,6,10
E745S_00274,51,27,41,33,31,32
E745S_00275,5,6,5,3,9,4
E745S_00276,11,15,9,9,7,1
E745S_00277,37,32,27,24,28,25
E745S_00279,26,20,18,27,21,24
E745S_00280,45,65,52,40,45,37
E745S_00281,1435,1639,1521,205,278,256
E745S_00282,719,492,388,2419,2653,2567
E745S_00283,61,55,47,157,200,169
E745S_00284,56,59,62,151,164,164
E745S_00285,289,330,308,617,726,678
E745S_00286,9,9,10,9,10,8
E745S_00287,226,276,249,34,40,33
E745S_00288,56,56,71,52,41,52
E745S_00289,94,91,85,111,123,125
E745S_00290,318,268,259,411,403,438
E745S_00291,354,356,349,155,182,182
E745S_00292,13,6,4,17,21,17
E745S_00293,2,3,1,9,13,16
E745S_00295,3,1,4,2,1,0
E745S_00297,3,4,3,2,2,2
E745S_00298,2,3,4,2,3,1
E745S_00299,1,4,2,1,1,1
E745S_00301,6,2,3,2,5,2
E745S_00302,21,19,14,16,15,12
E745S_00303,18,18,21,7,7,12
E745S_00304,242,272,310,273,360,300
E745S_00305,15553,19162,18342,8253,12055,10297
E745S_00306,23,19,24,10,30,22
E745S_00307,170,186,166,266,310,301
E745S_00308,301,281,274,304,365,373
E745S_00309,158,189,194,214,257,223
E745S_00310,198,155,171,282,255,256
E745S_00312,70,86,84,2231,2304,2221
E745S_00313,101,99,79,1606,1731,1696
E745S_00314,51,52,43,6759,7214,7064
E745S_00315,41,41,35,4357,4553,4450
E745S_00316,9,4,6,424,473,397
E745S_00317,64,57,57,6767,6673,6259
E745S_00318,168,145,98,19565,17769,17928
E745S_00319,521,424,445,4697,4513,4384
E745S_00320,48,32,31,514,578,547
E745S_00321,0,2,1,16,12,14
E745S_00322,1151,1047,941,19179,18731,17417
E745S_00323,241,276,262,2623,2797,2749
E745S_00324,144,203,166,21,22,23
E745S_00325,60,69,61,14,31,27
E745S_00326,150,132,132,88,81,74
E745S_00327,35,25,34,33,52,28
E745S_00328,1745,1590,1471,12965,12601,12271
E745S_00329,666,533,401,4996,4669,4771
E745S_00330,1266,1512,1318,10169,11536,10216
E745S_00331,161,145,168,1192,1186,1159
E745S_00333,79,53,75,94,111,93
E745S_00334,100,111,118,161,212,177
E745S_00335,65,77,65,12,28,26
E745S_00336,48,55,44,30,28,18
E745S_00337,5658,5618,4727,540,613,573
E745S_00338,374,391,321,92,104,89
E745S_00339,693,592,479,127,118,104
E745S_00340,3843,4130,3496,1011,1088,1057
E745S_00341,236,277,306,47,67,58
E745S_00342,1030,951,869,711,852,792
E745S_00343,200,206,193,209,236,233
E745S_00344,66777,65109,58641,85964,98074,87272
E745S_00345,526,560,516,473,593,563
E745S_00346,200,222,212,133,172,156
E745S_00347,576,631,588,801,960,881
E745S_00348,325,316,286,120,110,123
E745S_00349,19116,21610,17884,678,792,682
E745S_00350,5888,6719,5739,135,195,193
E745S_00351,188,238,190,120,144,174
E745S_00352,261,329,276,72,59,69
E745S_00353,114,131,106,29,35,35
E745S_00354,396,404,354,96,99,70
E745S_00355,129,150,156,76,98,72
E745S_00356,167,169,139,64,88,90
E745S_00357,981,883,819,154,174,147
E745S_00358,1130,1192,1019,651,771,690
E745S_00359,106,135,94,252,265,233
E745S_00360,70,78,59,87,95,77
E745S_00361,187,202,196,515,719,628
E745S_00362,24,17,18,66,72,93
E745S_00363,89,73,62,895,944,1219
E745S_00364,83,74,74,95,114,123
E745S_00365,24,33,32,19,13,19
E745S_00366,39,42,36,8,14,11
E745S_00367,7168,7859,7140,1167,1348,1314
E745S_00368,2944,2851,2661,2240,2441,2248
E745S_00369,6633,6588,5607,5342,6262,5818
E745S_00370,2253,2054,1955,4119,4426,3497
E745S_00371,773,748,657,1670,1992,1485
E745S_00372,434,349,275,952,1186,990
E745S_00373,286,325,309,129,177,147
E745S_00374,992,954,886,805,893,835
E745S_00375,815,840,792,696,757,705
E745S_00376,944,954,866,42,56,44
E745S_00377,3558,3764,3544,348,420,365
E745S_00378,5745,5849,5523,479,622,541
E745S_00379,2023,1990,2124,231,308,259
E745S_00380,2024,2200,1978,1833,2095,2012
E745S_00381,3182,3358,3255,3586,3947,3455
E745S_00382,620,714,617,170,197,207
E745S_00383,961,988,810,234,284,296
E745S_00384,1115,1043,1033,366,422,345
E745S_00385,3032,3857,3327,407,471,449
E745S_00386,440,381,410,38,43,45
E745S_00387,6993,6834,6802,989,1189,1041
E745S_00388,4267,4435,3927,555,627,521
E745S_00389,1739,1975,1484,935,1040,999
E745S_00390,5007,5306,4841,4739,5293,4785
E745S_00391,2270,2297,2018,4407,4940,4587
E745S_00392,843,782,712,2849,3571,3093
E745S_00393,1422,1345,1192,3902,4564,4370
E745S_00394,1872,2208,1824,2999,4049,3508
E745S_00395,1581,1449,1385,4055,4583,4268
E745S_00396,366,365,318,1209,1472,1327
E745S_00397,522,529,438,21224,21851,20743
E745S_00398,343,355,316,554,591,539
E745S_00399,272,280,274,330,445,442
E745S_00400,239,265,196,20,22,21
E745S_00401,15,16,24,1,0,1
E745S_00402,44,47,28,5,4,2
E745S_00403,241,254,225,289,319,293
E745S_00404,71,63,75,11,15,15
E745S_00405,10,6,14,2,4,1
E745S_00406,11,13,9,3,8,5
E745S_00407,168,152,138,70,67,73
E745S_00408,42,37,42,25,27,16
E745S_00409,22,22,34,24,15,13
E745S_00410,100,133,122,55,71,58
E745S_00411,310,297,253,158,217,186
E745S_00412,496,592,591,92,111,108
E745S_00413,3476,3446,3131,789,1030,798
E745S_00414,4400,4097,4019,1333,1481,1427
E745S_00415,184,186,149,4011,3994,4667
E745S_00416,21,24,12,93,116,155
E745S_00417,57,59,53,127,103,141
E745S_00418,164,153,135,78,80,68
E745S_00419,35,37,36,9,16,18
E745S_00420,5,5,8,2,4,3
E745S_00422,4577,4553,4232,5794,7477,6516
E745S_00423,46,51,48,100,141,131
E745S_00424,298,307,307,491,626,546
E745S_00425,1001,737,693,187,250,185
E745S_00426,6942,6085,5724,1600,1808,1640
E745S_00427,2110,1820,1625,2565,2541,2563
E745S_00428,4864,4743,3945,2682,3525,3110
E745S_00429,900,856,741,418,562,538
E745S_00430,856,1011,893,3825,4367,4272
E745S_00431,540,504,468,2428,2811,2756
E745S_00432,1111,1141,1063,7347,8697,8245
E745S_00433,573,635,564,564,720,611
E745S_00434,1,2,2,4,3,4
E745S_00435,7170,6828,6114,8932,10002,9673
E745S_00436,4172,4121,3777,3916,3932,3655
E745S_00437,2424,2415,2116,2253,2275,2201
E745S_00438,1434,1609,1258,1370,1613,1434
E745S_00439,1097,1017,896,1847,2098,2576
E745S_00440,1022,988,906,1357,1655,2006
E745S_00441,588,543,505,1012,1197,1364
E745S_00442,306,251,209,546,488,708
E745S_00443,346,410,374,1023,1033,1278
E745S_00444,3414,3356,3083,7481,8290,10788
E745S_00445,1024,1070,932,2373,2841,3870
E745S_00446,736,780,685,1664,1857,2538
E745S_00447,619,650,613,1266,1475,2040
E745S_00448,857,836,770,1344,1615,2170
E745S_00449,520,563,471,1202,1365,1856
E745S_00450,4009,4551,3946,4472,4911,4557
E745S_00451,1345,1273,1105,1630,1864,1750
E745S_00452,561,692,667,833,938,821
E745S_00453,1737,1535,1276,1895,2034,2087
E745S_00454,2156,1919,1822,20055,24756,21071
E745S_00455,1731,1754,1652,3353,3782,3335
E745S_00456,1751,1687,1417,1353,1616,1491
E745S_00457,539,491,421,395,397,387
E745S_00458,1827,1833,1610,1478,1786,1647
E745S_00459,1634,1734,1512,1687,2080,1941
E745S_00460,24874,25136,23018,4564,5498,4989
E745S_00461,194,197,200,264,272,265
E745S_00462,12931,12592,11344,5822,6688,6130
E745S_00463,2196,2353,2110,1845,2230,2071
E745S_00464,34,47,40,59,89,81
E745S_00465,106,124,71,51,44,44
E745S_00466,34,34,35,30,30,31
E745S_00467,59,79,70,44,57,48
E745S_00468,16,25,13,25,24,19
E745S_00469,1144,1049,947,789,866,802
E745S_00470,7725,7825,7037,7342,8226,7384
E745S_00471,8678,8530,7731,4901,5608,5095
E745S_00472,5707,7184,6594,4140,5112,4766
E745S_00473,886,923,746,387,452,476
E745S_00474,1003,978,983,250,342,313
E745S_00475,12672,11942,10440,4951,5972,5367
E745S_00477,103,125,107,21,26,22
E745S_00478,2026,1755,1543,2144,2362,2232
E745S_00479,1590,1702,1492,1021,1204,1023
E745S_00480,304,309,278,348,429,356
E745S_00481,120,146,123,177,204,152
E745S_00482,970,924,739,4361,4623,4339
E745S_00483,5943,5949,5061,8192,8699,8667
E745S_00484,1521,1505,1620,1042,1177,1000
E745S_00485,4592,4631,3743,12332,13867,12862
E745S_00486,1033,921,891,241,270,307
E745S_00487,213,256,264,203,289,259
E745S_00488,32373,28743,26060,66759,74741,71972
E745S_00489,1283,1633,1713,1146,1544,1197
E745S_00490,2679,2490,2403,1944,2354,2027
E745S_00491,360,327,356,3142,3699,3660
E745S_00492,7998,7043,6708,1177,1413,1310
E745S_00493,19146,18155,15891,3953,4442,4218
E745S_00494,1174,1053,985,1863,1796,1665
E745S_00495,1651,1550,1346,1449,1728,1600
E745S_00496,2241,2146,1941,1018,1138,1127
E745S_00497,4796,4203,3821,8528,9584,8852
E745S_00498,15286,12159,10940,4392,5041,4792
E745S_00499,4370,4598,4053,26152,29209,27552
E745S_00500,3148,2981,2692,573,659,558
E745S_00501,22,23,22,26,19,28
E745S_00502,974,1028,858,710,845,739
E745S_00503,3957,3404,2837,659,787,728
E745S_00504,9069,8503,7827,719,881,727
E745S_00505,13157,15191,13128,848,1138,931
E745S_00506,5570,5852,5258,3652,3967,3822
E745S_00507,1067,1092,1095,325,390,404
E745S_00508,2008,1974,1835,988,1073,967
E745S_00509,365,364,352,214,269,193
E745S_00510,4436,4339,3901,2095,2350,2100
E745S_00511,1316,1498,1306,391,474,384
E745S_00512,1440,1343,1286,889,1066,1048
E745S_00513,980,848,830,479,587,530
E745S_00514,7072,6143,5341,4492,4658,4543
E745S_00515,4211,4519,4026,3381,3954,3821
E745S_00516,4952,4529,4301,1104,1332,1260
E745S_00517,15669,15148,13450,3476,3982,3514
E745S_00518,6497,6636,5897,747,863,731
E745S_00519,3583,3508,3380,4901,5869,5096
E745S_00520,9231,9364,8466,10680,11731,11209
E745S_00521,5316,5422,4651,6488,7424,7010
E745S_00522,2201,2508,2281,2356,2873,2578
E745S_00524,2163,2139,2282,967,1241,1106
E745S_00525,4485,5012,4346,1848,2359,2056
E745S_00526,478,644,569,87,114,110
E745S_00527,457,484,461,856,963,922
E745S_00528,364,411,348,511,584,597
E745S_00529,531,515,477,311,326,348
E745S_00530,1000,837,789,4543,4986,4667
E745S_00532,947,739,608,579,627,665
E745S_00533,174,133,117,24115,30765,25044
E745S_00534,696,559,428,1194,1327,1216
E745S_00535,1304,1245,1124,2254,2575,2400
E745S_00536,34,50,52,51,62,56
E745S_00537,209,184,175,1731,2006,1801
E745S_00538,71,68,57,675,728,714
E745S_00539,245,277,214,1586,1487,1517
E745S_00540,1573,1823,1582,3585,4961,4423
E745S_00542,189,174,166,232,285,247
E745S_00543,2819,2752,2477,6363,8247,7387
E745S_00544,1389,1268,1130,585,694,564
E745S_00545,1718,1810,1620,1339,1627,1413
E745S_00546,2443,2396,2204,2743,3128,3030
E745S_00547,1522,1867,1685,1282,1696,1404
E745S_00548,842,750,735,1111,1330,1217
E745S_00549,1460,1639,1698,380,543,447
E745S_00550,5079,5580,4897,921,1040,955
E745S_00551,696,759,709,269,326,335
E745S_00552,962,865,810,287,303,307
E745S_00553,10480,11362,10478,1409,2041,1921
E745S_00554,1380,1339,1254,1652,1848,1647
E745S_00555,373,404,357,896,1084,914
E745S_00556,665,593,567,367,489,435
E745S_00557,332,321,290,149,183,164
E745S_00558,185,158,174,92,103,85
E745S_00559,81,67,72,33,33,42
E745S_00560,3229,3149,2803,2039,2351,2255
E745S_00561,805,817,771,617,757,650
E745S_00562,1308,1372,1182,725,834,778
E745S_00563,2483,2550,2144,2565,2995,2807
E745S_00564,2048,1851,1699,1853,2214,1996
E745S_00565,4511,4589,4170,3722,4124,3760
E745S_00566,25980,22409,20804,16296,19133,16804
E745S_00567,6980,6855,6036,4146,4666,4201
E745S_00568,1340,1364,1135,875,1110,1004
E745S_00569,3502,3424,3141,1710,1903,1867
E745S_00570,25979,26567,24449,7343,8522,7613
E745S_00571,1585,1401,1213,689,808,759
E745S_00572,496,472,489,333,395,314
E745S_00573,11634,10791,9432,4332,4913,4044
E745S_00574,13817,13357,12093,4995,5456,4850
E745S_00575,5590,5745,4802,1519,1688,1556
E745S_00576,8726,9477,8052,1952,2286,2074
E745S_00577,547,452,445,496,584,534
E745S_00578,3211,2663,2623,2311,3039,2491
E745S_00579,20,13,13,11,27,22
E745S_00580,12,10,8,9,9,8
E745S_00581,11,3,11,3,3,1
E745S_00582,37,38,36,21,20,29
E745S_00583,40,49,43,40,36,44
E745S_00584,86,76,74,34,35,28
E745S_00585,1320,1274,1055,51175,61043,68842
E745S_00586,375,209,215,63471,72768,81020
E745S_00587,317,190,157,55564,61429,68056
E745S_00588,82,47,53,13542,14094,15658
E745S_00589,201,125,112,37966,44560,47281
E745S_00590,177,107,80,41886,47793,50952
E745S_00591,401,186,153,94865,107789,109433
E745S_00592,101,35,39,27058,30157,30437
E745S_00593,17,12,6,6454,7027,6908
E745S_00594,123,63,51,32268,37613,35727
E745S_00595,261,303,276,1718,2165,2003
E745S_00596,4266,4579,3817,45110,55558,48013
E745S_00597,1724,1714,1667,15792,17973,16297
E745S_00598,140,122,126,5209,6706,5293
E745S_00599,6084,6768,6053,11018,14149,11988
E745S_00600,3217,3090,2992,7232,8318,7599
E745S_00601,67,69,44,65,66,59
E745S_00602,6,20,18,13,18,20
E745S_00603,25,25,21,26,18,23
E745S_00604,13,17,20,13,20,24
E745S_00605,23,31,28,21,18,20
E745S_00606,2143,2072,1905,3644,3826,3608
E745S_00607,2333,2085,1942,3206,3438,3162
E745S_00608,4323,3942,3608,5686,6244,5802
E745S_00609,1170,957,995,1637,1539,1454
E745S_00610,1528,1515,1418,1418,1609,1445
E745S_00611,364,388,367,745,871,750
E745S_00612,260,244,268,221,234,222
E745S_00613,2202,2206,1941,4414,4672,4539
E745S_00614,581,453,460,1309,1429,1277
E745S_00615,69,56,67,802,971,895
E745S_00616,48,44,35,459,474,474
E745S_00617,56,47,49,342,333,344
E745S_00618,54,70,59,102,147,123
E745S_00619,16,16,25,10,15,20
E745S_00620,8159,8553,7449,4754,5376,5093
E745S_00621,3505,3347,3201,2579,2797,2525
E745S_00622,4676,4550,4247,3201,3602,3537
E745S_00623,84,77,95,80,103,80
E745S_00625,488,509,442,173,248,191
E745S_00626,372,378,403,209,274,238
E745S_00627,18,29,12,13,30,20
E745S_00628,379,437,413,198,285,268
E745S_00629,73,75,65,134,166,153
E745S_00630,424,435,369,1276,1666,1416
E745S_00631,786,768,691,816,903,855
E745S_00632,2582,2852,2493,3677,4604,4391
E745S_00633,381,349,349,1130,1164,1079
E745S_00634,256,274,216,656,754,670
E745S_00635,519,530,458,1101,1194,1173
E745S_00636,342,299,317,836,979,936
E745S_00637,1902,1934,1680,2588,3006,2542
E745S_00638,149,105,84,211,181,135
E745S_00639,1101,1061,945,1366,1578,1386
E745S_00640,1950,1958,1716,1766,2190,1782
E745S_00641,73,98,109,22,23,31
E745S_00642,2308,2612,2298,279,363,336
E745S_00643,2981,2890,3046,7032,8184,7005
E745S_00644,729,706,664,1178,1335,1223
E745S_00645,87,86,64,1071,1103,1139
E745S_00646,42,49,51,655,651,608
E745S_00647,546,534,532,896,898,891
E745S_00648,74,82,89,503,686,615
E745S_00649,1494,1485,1441,466,538,440
E745S_00650,8142,8309,7564,3153,3621,3262
E745S_00651,1790,1918,1674,691,703,754
E745S_00652,5845,6856,6427,2631,3029,3035
E745S_00653,19737,18800,17068,11238,12236,11075
E745S_00654,14375,13162,11285,5125,5956,5356
E745S_00655,1347,1222,1140,1368,1370,1201
E745S_00656,2759,2810,2566,1220,1501,1377
E745S_00657,3291,3641,3499,1698,2058,1707
E745S_00658,5626,6420,5009,2016,2563,2450
E745S_00659,10556,9938,8857,4027,4418,3711
E745S_00660,4268,3921,3108,692,813,742
E745S_00661,2594,2608,2529,510,575,527
E745S_00662,7161,7344,6663,1736,1993,1905
E745S_00663,12828,12820,10982,2026,2312,2103
E745S_00664,471,554,499,110,120,109
E745S_00665,1767,1869,1605,841,1055,845
E745S_00666,2267,2283,2013,891,1025,895
E745S_00667,107,102,100,2958,3351,3063
E745S_00668,280,310,275,6764,8396,8103
E745S_00669,3386,3112,2984,3231,3503,3553
E745S_00670,432,469,431,354,489,442
E745S_00671,1863,1918,1762,1886,2144,2041
E745S_00672,1630,1753,1608,1519,1907,1645
E745S_00673,3732,3406,3050,3101,3532,3204
E745S_00674,10315,10203,9315,5003,5565,5176
E745S_00675,707,642,581,2268,2949,2648
E745S_00676,1231,1052,1157,861,1011,940
E745S_00677,1908,2142,1899,1350,1608,1434
E745S_00678,4938,5126,4614,2568,3278,2915
E745S_00679,6005,5318,5050,1100,1298,1138
E745S_00680,1523,1599,1471,235,289,250
E745S_00681,2041,2051,1701,2106,2337,2269
E745S_00682,3362,3333,3058,3044,3403,3008
E745S_00683,1047,1045,948,663,649,600
E745S_00684,382,353,315,215,245,216
E745S_00685,2809,2489,2126,2722,3176,2842
E745S_00686,5955,5586,4826,5485,5947,5576
E745S_00687,828,691,643,1164,1269,1269
E745S_00688,23949,27747,27497,21539,28386,25920
E745S_00689,13402,12123,11468,3452,3921,3627
E745S_00690,22940,21733,20531,26001,27659,24950
E745S_00691,4355,3984,3526,645,784,780
E745S_00692,8320,8052,7100,2268,2543,2574
E745S_00693,380,408,351,663,646,671
E745S_00694,71,48,54,68,77,75
E745S_00695,731,723,753,820,1081,926
E745S_00696,469,442,409,227,276,258
E745S_00697,9432,9008,8310,11539,13089,12294
E745S_00698,12152,13358,11789,8409,10250,9652
E745S_00699,1103,839,821,1089,1440,1139
E745S_00700,4389,4137,3684,2736,3022,2839
E745S_00701,2728,2327,1876,1529,1758,1596
E745S_00702,3203,2862,2496,1976,2211,2077
E745S_00703,1022,903,847,668,659,598
E745S_00704,4273,3775,3505,2554,2885,2657
E745S_00705,9,5,5,0,1,0
E745S_00706,2277,1854,1818,885,1102,893
E745S_00707,2535,2921,2480,1447,1687,1543
E745S_00708,8514,8256,8065,2675,3061,2870
E745S_00709,3,0,2,2,0,3
E745S_00710,15924,13141,12410,12073,13733,12704
E745S_00711,9588,7951,7310,5148,5867,5440
E745S_00712,9065,8417,7751,1959,2309,2174
E745S_00713,922,724,772,956,1115,1011
E745S_00714,166,175,159,322,296,295
E745S_00715,519,566,459,168,189,186
E745S_00716,2780,2959,2727,1527,1705,1627
E745S_00717,6056,5310,4660,33686,39051,32966
E745S_00718,1291,1473,1258,2065,2438,2241
E745S_00719,3531,3208,2783,810,870,815
E745S_00720,2528,2476,2044,10182,11837,10438
E745S_00721,153,137,141,752,805,656
E745S_00722,8890,9123,9119,1931,2497,2024
E745S_00723,8956,8047,7129,3922,4597,4071
E745S_00724,5621,5579,4973,1662,1928,1790
E745S_00725,5293,5365,4712,1773,2115,1912
E745S_00726,485,514,463,176,210,205
E745S_00727,16919,16409,15476,10745,12477,11310
E745S_00728,4977,5514,4643,2004,2419,2225
E745S_00729,2069,1930,1745,866,921,881
E745S_00730,25,26,36,13,6,8
E745S_00731,101,119,97,27,25,31
E745S_00732,793,718,776,340,365,333
E745S_00733,234,249,213,36,76,50
E745S_00734,1240,1227,951,2422,2496,2763
E745S_00735,512,457,421,213,269,223
E745S_00736,48,42,38,38,35,35
E745S_00737,845,866,718,540,560,560
E745S_00738,132,167,169,57,70,87
E745S_00739,55,58,49,26,28,27
E745S_00740,21,22,23,29,19,15
E745S_00741,6,6,4,6,2,1
E745S_00742,26,27,24,20,21,26
E745S_00743,1,1,3,10,12,3
E745S_00744,1,3,3,6,3,3
E745S_00745,90,106,130,26,49,35
E745S_00746,241,273,237,122,155,159
E745S_00747,93,86,81,39,48,27
E745S_00748,401,440,375,365,471,367
E745S_00749,179,194,178,765,716,753
E745S_00750,173,174,162,86,73,72
E745S_00751,355,401,360,247,320,300
E745S_00752,125,132,102,811,873,970
E745S_00753,494,470,369,3111,3066,3232
E745S_00754,150,128,107,125,120,118
E745S_00755,150,163,138,136,156,129
E745S_00756,141,136,114,114,102,96
E745S_00757,51,47,43,33,47,28
E745S_00758,74,58,49,53,61,70
E745S_00759,12,13,13,17,10,10
E745S_00760,40,44,34,29,34,31
E745S_00762,11,25,10,22,20,12
E745S_00763,227,202,206,348,379,343
E745S_00764,1,1,2,0,6,3
E745S_00765,45,58,39,151,160,157
E745S_00766,88,86,66,183,197,186
E745S_00767,185,188,176,96,111,126
E745S_00768,21,18,27,37,37,34
E745S_00769,9,7,17,21,23,12
E745S_00770,17,11,17,29,14,21
E745S_00771,5,8,6,6,9,5
E745S_00772,17,22,11,15,17,12
E745S_00773,3,3,3,4,4,2
E745S_00774,15,3,5,5,7,11
E745S_00775,93,78,65,91,79,65
E745S_00776,1713,1602,1497,630,759,669
E745S_00777,276,253,250,512,589,527
E745S_00778,5,3,2,4,6,9
E745S_00779,43,49,27,30,45,52
E745S_00780,9,9,9,28,38,32
E745S_00781,26,27,18,61,58,68
E745S_00782,13,9,6,25,27,28
E745S_00784,54,55,44,59,51,59
E745S_00801,10532,9596,8711,8318,9614,9139
E745S_00802,5016,4238,4062,3853,4400,4158
E745S_00803,23535,22085,20049,11282,12505,11331
E745S_00804,2315,2167,2230,986,1031,1076
E745S_00805,23413,22487,22736,4730,5727,5106
E745S_00806,218,261,230,390,422,394
E745S_00807,79322,68117,66547,22253,27573,23399
E745S_00808,68022,61745,58725,19859,22495,20124
E745S_00809,4497,4542,4236,7305,7934,7169
E745S_00810,653,711,648,904,1140,1107
E745S_00811,3174,3093,2721,2709,3115,3026
E745S_00813,1670,1449,1264,23105,28048,24920
E745S_00814,3017,2734,2667,2649,3125,2837
E745S_00816,7988,7789,7184,7727,9136,8263
E745S_00817,955,877,880,1037,1145,1081
E745S_00818,17913,17961,16204,4094,4723,4056
E745S_00819,1416,1433,1422,945,1106,917
E745S_00820,1520,1454,1283,539,584,583
E745S_00821,5068,5306,4782,3554,4102,3705
E745S_00822,476,544,481,906,1187,1002
E745S_00824,15713,15616,14093,2457,2703,2597
E745S_00825,8958,8758,7795,855,921,863
E745S_00826,14720,14425,13321,2075,2369,2178
E745S_00827,8087,8514,7759,1096,1331,1182
E745S_00828,12272,12778,11102,1860,2181,1928
E745S_00829,14267,12020,10691,1598,1869,1726
E745S_00830,2456,2539,2419,313,339,305
E745S_00831,19563,19472,17114,1998,2223,2079
E745S_00832,13283,14201,12393,832,1017,859
E745S_00833,30976,29439,26778,851,1012,762
E745S_00834,30065,29387,26533,825,1010,763
E745S_00835,57397,60131,52317,1258,1515,1253
E745S_00836,19150,16221,14992,379,403,298
E745S_00837,24207,20829,18354,511,531,437
E745S_00838,45241,39611,36712,884,1083,848
E745S_00839,38650,39924,34213,700,842,661
E745S_00840,38703,35580,30554,536,700,611
E745S_00841,23528,25555,24977,418,482,352
E745S_00842,41835,36660,34061,1328,1692,1432
E745S_00843,21480,20914,19141,715,970,765
E745S_00844,454,459,445,467,550,512
E745S_00845,6170,5841,5973,5981,7184,6564
E745S_00846,3204,3560,2971,4329,5312,4929
E745S_00847,3133,3009,2802,3309,3599,3329
E745S_00848,2607,2771,2434,2809,3025,2820
E745S_00849,169,173,183,184,186,221
E745S_00850,102594,104135,95570,52998,61861,57274
E745S_00851,21995,24348,24861,8863,10954,9871
E745S_00852,12538,12558,11171,11805,12880,11807
E745S_00853,2391,2395,1901,40313,39889,39579
E745S_00854,52,49,64,43,50,50
E745S_00855,8561,8840,7709,1958,2161,2035
E745S_00856,10874,10066,9543,4731,5460,4995
E745S_00857,3185,3360,3189,3263,3763,3572
E745S_00858,763,673,692,288,406,358
E745S_00859,10712,10733,9717,7460,8618,7714
E745S_00860,2100,2066,1825,1536,1752,1702
E745S_00861,615,638,575,550,602,520
E745S_00862,3574,3814,3452,1437,1745,1607
E745S_00863,490,753,573,494,588,543
E745S_00864,789,868,794,3270,3580,3727
E745S_00865,7924,7791,7079,7754,8639,7878
E745S_00866,9591,10289,8403,16825,17065,16315
E745S_00867,10039,10687,9367,15990,19426,17110
E745S_00868,1045,974,908,334,382,368
E745S_00869,309,297,244,483,557,543
E745S_00870,703,797,728,285,380,353
E745S_00871,636,604,530,889,856,875
E745S_00874,22,31,25,20,26,23
E745S_00875,1919,1879,1620,2425,2928,2728
E745S_00876,5472,5321,4737,5771,6107,5951
E745S_00877,3258,3066,2572,1089,1225,1116
E745S_00878,4756,4710,4208,1508,1620,1571
E745S_00879,5285,5333,4539,1186,1546,1463
E745S_00880,20133,20661,19403,3469,3947,3630
E745S_00881,10726,11214,10012,3096,3539,3282
E745S_00882,870,939,943,151,157,132
E745S_00884,11519,12768,11179,6219,7512,6636
E745S_00885,7739,8173,6854,2659,3363,2873
E745S_00886,7326,6685,5663,2514,2770,2572
E745S_00887,4731,4997,4568,1411,1717,1492
E745S_00888,1172,1155,1006,303,407,312
E745S_00889,806,845,874,279,303,279
E745S_00890,3966,3717,3232,1084,1268,1185
E745S_00891,4734,4917,4454,1397,1727,1468
E745S_00892,4269,4687,3825,1185,1376,1291
E745S_00893,1592,1575,1383,481,602,516
E745S_00894,1074,993,1011,299,399,322
E745S_00895,2634,2530,2326,1052,1385,1194
E745S_00896,456,506,461,200,237,191
E745S_00897,7132,7433,6683,1829,2027,1843
E745S_00899,20871,20763,19034,4157,4708,4331
E745S_00900,7402,7361,7249,1470,1685,1557
E745S_00901,5510,5566,5117,993,1181,1131
E745S_00902,2308,2546,2449,237,344,279
E745S_00903,7370,7110,6341,2097,2325,2097
E745S_00904,13625,14093,12609,5633,6866,6130
E745S_00905,7562,7849,6988,2979,3512,3182
E745S_00906,21351,19762,17808,9861,11510,10418
E745S_00907,4321,4059,3878,1773,2021,1930
E745S_00908,8036,8519,7256,2404,3132,2760
E745S_00909,4181,3948,3670,1651,1914,1773
E745S_00910,2288,2221,1973,1141,1245,1053
E745S_00911,3623,2964,2701,1682,1733,1641
E745S_00912,3560,2630,2441,1367,1538,1498
E745S_00913,3857,3728,3141,1656,1895,1670
E745S_00914,8862,8742,7831,4927,5066,4890
E745S_00915,5707,5300,4804,1854,2381,2187
E745S_00916,351,335,304,945,1028,956
E745S_00917,4228,4485,4063,7636,8669,8280
E745S_00918,31,40,46,19,22,18
E745S_00926,6,7,4,21,33,35
E745S_00930,19,17,13,77,82,67
E745S_00934,24,20,17,367,502,430
E745S_00935,27,31,39,317,401,339
E745S_00936,92,79,78,1508,1849,1757
E745S_00937,2,0,1,19,34,26
E745S_00938,2,5,6,261,288,235
E745S_00939,8,5,6,318,386,383
E745S_00940,4,5,6,209,265,208
E745S_00941,9,3,6,316,356,347
E745S_00942,4,4,3,215,247,195
E745S_00943,7,5,5,221,311,286
E745S_00944,3,5,2,89,109,73
E745S_00945,19,15,17,826,977,874
E745S_00946,6,2,1,243,250,226
E745S_00947,71,49,55,633,730,632
E745S_00948,14,22,15,203,227,231
E745S_00949,41,42,27,793,896,903
E745S_00950,1,4,3,34,47,46
E745S_00951,5,2,2,77,80,84
E745S_00952,64,45,47,933,954,970
E745S_00953,26,24,21,397,444,466
E745S_00954,15,19,13,208,235,230
E745S_00955,4,7,1,111,108,92
E745S_00956,401,413,449,289,383,340
E745S_00957,84,70,65,573,726,681
E745S_00958,11,20,23,27,32,39
E745S_00963,32,26,23,208,256,205
E745S_00964,13,17,8,127,138,112
E745S_00965,23,28,31,261,310,255
E745S_00966,11,10,7,80,122,86
E745S_00967,29,29,28,336,415,398
E745S_00968,8,4,3,50,28,33
E745S_00969,21,26,20,278,262,240
E745S_00970,15,10,12,96,119,116
E745S_00971,4,2,3,62,89,78
E745S_00972,250,258,206,4860,5370,4859
E745S_00973,123,130,114,2179,2703,2509
E745S_00974,83,71,91,1331,1762,1570
E745S_00976,26,24,22,509,683,611
E745S_00977,0,2,2,33,35,40
E745S_00978,4,12,8,112,139,155
E745S_00979,57,38,22,1270,1302,1219
E745S_00980,70,58,78,1783,2023,1642
E745S_00981,19,22,13,452,534,516
E745S_00982,38,35,35,958,1105,838
E745S_00983,192,192,166,5543,6175,5989
E745S_00984,1029,996,956,4228,4615,4483
E745S_00985,53,71,66,2272,2542,2510
E745S_00986,288,227,217,2915,3367,3270
E745S_00987,29,38,25,1214,1786,1346
E745S_00988,884,883,870,611,768,711
E745S_00989,441,472,380,336,397,325
E745S_00990,192,196,168,405,494,411
E745S_00991,1058,1207,1108,653,750,689
E745S_00992,24973,26772,23828,25730,29988,27365
E745S_00993,2959,3277,2978,810,861,782
E745S_00994,1615,1699,1647,3142,3079,2948
E745S_00995,188,166,160,415,472,447
E745S_00996,423,498,474,948,1086,955
E745S_00997,6135,6197,5268,1829,2201,2054
E745S_00998,4208,3940,3443,1688,1919,1824
E745S_00999,5137,5505,4883,2555,2937,2726
E745S_01000,5719,5563,4987,3408,3893,3376
E745S_01001,3537,3876,3604,2715,3199,2834
E745S_01002,12908,10961,9673,2623,2834,2629
E745S_01003,4423,4099,3714,525,590,584
E745S_01005,181,170,126,118,118,117
E745S_01007,29,29,25,24,31,34
E745S_01008,28,40,27,29,46,33
E745S_01009,23,28,30,37,50,53
E745S_01010,13645,12721,11100,10186,11646,11289
E745S_01011,5764,4891,4515,3112,3560,3358
E745S_01012,533,541,504,275,280,297
E745S_01013,37,35,25,27,20,36
E745S_01014,324,347,293,1626,1873,2014
E745S_01015,66,73,63,405,541,484
E745S_01016,3712,4287,3886,5363,6348,6010
E745S_01017,15975,16911,15649,13397,14965,13768
E745S_01018,9224,9103,8488,7643,8919,8001
E745S_01019,915,962,901,732,821,714
E745S_01020,454,432,390,601,746,644
E745S_01021,851,932,891,465,467,432
E745S_01022,2730,2810,2436,377,440,423
E745S_01023,51,54,55,27,22,17
E745S_01024,506,442,426,231,264,244
E745S_01025,126,114,110,115,138,147
E745S_01026,96981,98653,90948,9018,10584,9928
E745S_01027,223860,218919,174991,23568,24094,25764
E745S_01028,46036,51208,43473,6511,7498,7068
E745S_01029,54430,60043,52409,7213,8578,8048
E745S_01030,1321,1144,1066,1364,1543,1528
E745S_01031,1470,1479,1396,1738,2140,1784
E745S_01032,1415,1274,1274,1059,1190,1177
E745S_01033,801,677,701,1154,1327,1180
E745S_01034,5501,5317,5072,1366,1675,1566
E745S_01035,109,81,103,80,152,129
E745S_01036,615,545,497,301,313,336
E745S_01037,1660,1748,1679,3453,4490,3894
E745S_01038,1437,1327,1493,486,651,590
E745S_01039,1134,1237,1120,264,303,281
E745S_01040,198,197,176,148,181,148
E745S_01041,142,154,143,174,234,188
E745S_01042,47,45,49,116,132,124
E745S_01043,331,418,316,257,329,295
E745S_01044,184,202,176,237,279,231
E745S_01045,789,668,654,556,645,608
E745S_01046,4957,4374,4092,2133,2523,2151
E745S_01047,1819,1862,1729,856,961,879
E745S_01048,1561,1166,980,400,424,389
E745S_01049,690,632,588,219,277,266
E745S_01050,1916,1941,1808,460,512,509
E745S_01051,5943,4919,4947,1823,1991,1889
E745S_01052,4944,4834,4324,1952,2412,2107
E745S_01053,1454,1368,1187,1566,1799,1558
E745S_01054,897,842,816,979,1097,926
E745S_01055,979,955,859,500,621,531
E745S_01056,6477,6920,6826,2884,3085,3016
E745S_01058,8750,9485,8707,10767,12641,11644
E745S_01059,588,632,585,322,346,327
E745S_01060,4768,5550,4891,10177,12318,11366
E745S_01061,5925,6376,6018,23858,26034,24089
E745S_01062,658,755,711,169,192,185
E745S_01063,11245,10454,8899,4725,5292,4952
E745S_01064,2115,2149,2011,1079,1135,1035
E745S_01065,4573,4643,4181,2370,2650,2665
E745S_01066,883,847,830,287,368,324
E745S_01067,1679,1665,1509,1115,1279,1091
E745S_01068,488,510,447,280,336,289
E745S_01069,469,461,361,229,264,282
E745S_01070,15803,15588,14238,17163,20169,18390
E745S_01071,8980,8383,7236,5048,6010,5325
E745S_01072,19475,19583,16733,7072,8751,7557
E745S_01073,8611,7926,7093,1776,2187,1813
E745S_01074,1813,2113,1751,6874,7225,6706
E745S_01075,1218,1299,1103,3150,3477,3291
E745S_01076,3055,2893,2722,3640,4023,3847
E745S_01077,31531,31839,27528,39636,45193,43188
E745S_01078,1232,1256,1198,603,817,681
E745S_01079,1369,1264,1129,679,862,731
E745S_01080,658,578,528,231,230,181
E745S_01081,1130,987,936,154,178,170
E745S_01082,1180,1305,1161,789,917,899
E745S_01083,173,170,186,775,941,923
E745S_01084,2708,3091,2744,12805,13589,12299
E745S_01085,585,460,478,1457,1927,1830
E745S_01086,890,835,748,455,519,510
E745S_01087,9102,8768,7945,1331,1541,1347
E745S_01088,7699,8558,7710,578,690,609
E745S_01089,13,18,23,5,8,5
E745S_01090,39,33,20,18,24,17
E745S_01091,17,16,18,6,7,10
E745S_01092,16,9,19,12,6,11
E745S_01093,5,7,5,1,1,5
E745S_01094,23,47,38,25,26,30
E745S_01095,46,36,45,18,25,26
E745S_01096,600,700,650,3837,4504,4155
E745S_01097,923,814,964,294,363,316
E745S_01098,2860,2663,2650,1080,1255,1221
E745S_01099,1402,1331,1322,1557,1612,1533
E745S_01100,936,771,708,860,934,931
E745S_01101,981,1165,1012,3137,3749,3588
E745S_01102,1508,1400,1359,4483,4766,4476
E745S_01103,7724,8327,7248,14703,16369,15010
E745S_01104,3444,3243,2963,4041,4456,4117
E745S_01105,4394,3905,3575,6093,6669,6219
E745S_01106,754,676,640,1386,1576,1468
E745S_01107,481,475,473,197,211,202
E745S_01108,240,210,174,91,106,91
E745S_01109,42,23,31,22,18,20
E745S_01110,177,138,129,80,75,74
E745S_01111,5,9,8,3,0,1
E745S_01112,32,48,37,24,26,17
E745S_01113,32,32,27,14,17,14
E745S_01114,40,45,50,19,18,27
E745S_01115,23,39,25,22,15,9
E745S_01116,51,50,50,38,47,36
E745S_01117,5,5,8,7,7,7
E745S_01118,17,22,13,7,10,14
E745S_01119,14,17,11,9,10,8
E745S_01120,7,22,15,28,16,18
E745S_01121,90,103,84,60,67,60
E745S_01122,527,606,532,305,378,390
E745S_01123,75,75,64,161,157,187
E745S_01124,172,141,142,118,130,147
E745S_01125,191,193,170,111,113,114
E745S_01126,158,184,141,73,79,84
E745S_01127,299,300,267,132,138,136
E745S_01128,369,335,348,126,145,126
E745S_01129,7371,9276,8680,4211,5155,4476
E745S_01130,5125,4881,4354,3143,3674,3311
E745S_01131,1444,1308,1174,514,547,519
E745S_01132,326,316,316,181,190,183
E745S_01133,309,312,236,121,155,135
E745S_01134,185,225,179,61,58,62
E745S_01135,537,521,510,413,463,441
E745S_01136,546,573,531,481,500,502
E745S_01137,313,384,322,219,244,248
E745S_01138,284,274,266,146,188,155
E745S_01139,62,66,67,19,26,28
E745S_01140,113,129,92,90,86,86
E745S_01141,22,20,17,16,16,27
E745S_01142,16,19,18,12,10,14
E745S_01143,3049,2789,2715,1090,1232,1092
E745S_01144,1514,1524,1506,431,556,519
E745S_01145,91,104,83,186,228,227
E745S_01146,3962,4298,3955,1996,2598,2422
E745S_01147,168,196,195,109,118,110
E745S_01148,19,18,29,21,19,21
E745S_01149,10,2,8,14,16,13
E745S_01150,68,62,62,742,811,1121
E745S_01151,8,6,9,384,397,494
E745S_01152,269,277,260,231,247,226
E745S_01153,847,804,798,115,151,134
E745S_01154,1231,1171,1057,872,1045,934
E745S_01155,1746,1584,1427,1088,1351,1126
E745S_01156,138,148,112,86,53,58
E745S_01157,1515,1531,1336,1014,1146,1023
E745S_01158,45904,47600,38705,1693,2020,1853
E745S_01159,35279,32264,29779,1570,1717,1490
E745S_01160,1125,1018,958,434,495,448
E745S_01161,23479,23322,20700,6239,7403,6669
E745S_01162,8414,8303,7568,34956,41926,39464
E745S_01163,1313,1352,1338,362,440,446
E745S_01164,5878,4891,4549,1890,2128,1983
E745S_01165,4764,5259,3822,1921,2194,2008
E745S_01166,6268,6585,5837,1427,1841,1612
E745S_01167,5506,5246,4647,892,1087,980
E745S_01168,472,487,492,534,543,441
E745S_01169,1514,1745,1531,315,416,385
E745S_01170,98,81,87,76,87,81
E745S_01172,8413,8316,7818,3329,4404,3970
E745S_01200,38452,41411,36158,14600,17279,16105
E745S_01201,3179,3169,2937,1478,1592,1417
E745S_01202,3645,3401,2846,931,1140,1033
E745S_01203,33610,26167,24074,27589,31071,29350
E745S_01204,6586,6236,5271,3863,4342,4017
E745S_01205,2740,2291,2354,2038,2236,2124
E745S_01206,8156,9151,8248,7131,8777,8102
E745S_01207,3768,3753,3677,3322,3647,3474
E745S_01208,1101,1076,886,421,377,421
E745S_01209,2540,2284,2323,898,1057,917
E745S_01210,10975,10601,9280,4847,5494,5088
E745S_01211,776,741,683,264,283,269
E745S_01212,75971,85665,78033,18630,22170,20249
E745S_01213,4461,4557,4290,3250,3839,3738
E745S_01214,2387,1939,1769,1551,1565,1552
E745S_01215,347,337,313,123,133,145
E745S_01216,2529,2682,2385,3295,3828,3419
E745S_01217,69717,72417,66348,226006,266159,242599
E745S_01218,1210,1091,1316,848,1169,1029
E745S_01219,5714,5364,4834,5379,6021,5427
E745S_01220,3669,3266,2949,4584,4798,4631
E745S_01221,1123,1185,1127,1599,1827,1700
E745S_01222,4022,3997,3542,5810,6432,5664
E745S_01223,19942,20055,18357,13116,14748,13850
E745S_01224,7372,7393,6379,3925,4530,4135
E745S_01225,7252,6681,6082,4066,4689,4348
E745S_01226,4330,4079,3584,2175,2410,2288
E745S_01227,2169,1969,1729,1523,1621,1497
E745S_01228,5462,4928,4572,3959,4473,4196
E745S_01229,5543,5469,4416,9446,10553,9818
E745S_01230,11387,10384,9214,16410,18220,15744
E745S_01231,972,838,800,551,604,540
E745S_01232,2057,1996,1706,1214,1359,1241
E745S_01233,578,414,381,336,350,320
E745S_01234,839,813,717,597,633,636
E745S_01235,3262,3140,2875,6589,7272,7274
E745S_01236,862,682,596,1521,1787,1606
E745S_01237,9421,9205,9026,5391,6427,5439
E745S_01238,13680,14587,12804,7247,8681,7709
E745S_01239,4000,4206,3642,1966,2303,1968
E745S_01240,690,613,682,241,276,307
E745S_01241,894,879,867,360,458,399
E745S_01242,1718,1957,1805,441,535,501
E745S_01243,4473,4275,3809,3399,3806,3675
E745S_01244,5443,5478,4834,4749,5525,5186
E745S_01245,1460,1980,1574,1232,1477,1371
E745S_01246,22359,21137,20229,27412,30559,29717
E745S_01247,16144,14827,13695,13685,16256,15226
E745S_01248,3382,3224,3033,1255,1450,1308
E745S_01249,4170,4352,4088,2553,2887,2615
E745S_01250,7623,7399,6843,5429,5760,5638
E745S_01251,2868,2851,2625,1911,2388,2082
E745S_01252,1746,1623,1479,1024,1209,1069
E745S_01253,2419,2372,2020,2146,2276,2251
E745S_01254,1203,1082,1007,1301,1499,1354
E745S_01255,3430,3240,3064,5387,6480,5469
E745S_01256,86,103,88,11,10,8
E745S_01257,3109,2685,2437,1038,1078,1093
E745S_01258,3810,4923,3967,1661,1840,1768
E745S_01259,1754,1969,1712,494,619,541
E745S_01260,6298,6706,5831,1692,2004,1775
E745S_01261,2331,2171,2030,861,907,826
E745S_01262,18892,20595,18399,11850,13551,12005
E745S_01263,3903,3869,3432,3800,4213,4133
E745S_01264,6715,5860,5097,4399,4963,4573
E745S_01265,2179,2072,1785,1474,1840,1622
E745S_01266,1725,1686,1601,1228,1393,1275
E745S_01267,4951,4821,4451,3371,3861,3308
E745S_01268,2109,2287,1967,1190,1395,1236
E745S_01269,588,417,408,777,921,879
E745S_01270,30,29,30,6,4,5
E745S_01271,5,2,2,1,0,1
E745S_01272,947,892,824,1525,1778,1701
E745S_01273,379,393,439,57,70,58
E745S_01274,293,316,283,425,479,479
E745S_01275,377,428,415,119,110,130
E745S_01276,477,522,468,92,111,106
E745S_01277,678,690,628,88,96,85
E745S_01278,17312,16981,15672,5060,5675,5382
E745S_01279,514,426,448,1741,1947,1882
E745S_01280,75,80,73,61,72,57
E745S_01281,332,370,357,210,216,225
E745S_01282,1202,1334,1145,196,192,184
E745S_01283,1635,1725,1555,210,291,240
E745S_01284,8,8,15,13,14,14
E745S_01285,135,138,127,147,164,171
E745S_01286,385,384,360,366,395,426
E745S_01287,214,204,175,1268,1405,1180
E745S_01288,207,221,179,246,251,237
E745S_01289,76,73,94,100,142,141
E745S_01290,4,2,7,3,4,2
E745S_01291,534,485,597,140,138,120
E745S_01292,542,496,416,69,106,131
E745S_01293,1040,1096,942,894,987,973
E745S_01294,3530,3646,3197,683,682,666
E745S_01295,626,558,574,395,460,429
E745S_01296,3038,2917,2593,988,1070,954
E745S_01297,30,27,38,60,84,68
E745S_01298,849,851,758,2054,2567,2259
E745S_01299,1368,1284,1091,863,1053,912
E745S_01300,641,555,490,405,458,434
E745S_01301,86,86,67,172,214,215
E745S_01302,326,296,274,667,893,749
E745S_01303,6,7,4,1,2,1
E745S_01304,129,150,137,70,89,98
E745S_01305,4,6,5,7,14,12
E745S_01306,7,6,5,13,9,10
E745S_01307,6,4,10,5,8,8
E745S_01308,108,134,110,111,100,98
E745S_01310,64,52,47,42,36,40
E745S_01311,1438,1327,1217,2520,2962,2715
E745S_01312,109,121,99,183,241,227
E745S_01313,6,4,3,8,6,8
E745S_01314,8,7,4,12,14,15
E745S_01315,2,0,4,4,8,9
E745S_01316,7,16,8,9,9,20
E745S_01317,5,4,7,2,0,3
E745S_01319,33,23,23,7,15,10
E745S_01320,18,23,17,13,21,14
E745S_01321,43,37,41,36,21,34
E745S_01322,42,37,53,11,12,12
E745S_01323,121,133,136,42,44,54
E745S_01324,934,1011,917,343,395,321
E745S_01325,665,705,614,243,274,213
E745S_01326,129,154,137,41,49,54
E745S_01327,199,235,202,42,58,62
E745S_01328,122,99,98,38,48,40
E745S_01329,2546,2635,2515,1041,1253,1067
E745S_01330,85,118,86,54,72,43
E745S_01331,218,220,185,100,111,98
E745S_01332,11,17,10,14,25,16
E745S_01333,7,8,5,20,33,25
E745S_01334,120,126,122,28,41,46
E745S_01335,26,27,50,4,7,8
E745S_01336,151,181,146,48,48,38
E745S_01337,1067,993,891,307,323,324
E745S_01338,23,27,32,7,8,14
E745S_01339,37,34,40,59,55,69
E745S_01340,851,799,752,949,1081,1020
E745S_01341,530,576,461,635,741,682
E745S_01342,35,35,40,34,47,51
E745S_01343,223,235,213,267,294,258
E745S_01344,23,14,15,21,21,17
E745S_01345,97,94,90,81,125,79
E745S_01346,312,298,307,303,384,329
E745S_01347,127,109,149,148,205,191
E745S_01348,53,47,51,66,78,49
E745S_01349,22,12,12,25,35,22
E745S_01350,18,24,22,17,32,27
E745S_01351,27,37,25,15,20,13
E745S_01352,193,241,197,198,257,246
E745S_01353,10,18,12,21,23,20
E745S_01354,42,44,27,62,58,55
E745S_01355,529,543,507,763,837,775
E745S_01356,298,244,238,413,499,479
E745S_01357,71,73,74,96,162,123
E745S_01359,421,446,399,511,602,515
E745S_01360,217,216,230,346,403,327
E745S_01361,35821,33927,35533,3469,4306,3790
E745S_01362,57781,59342,59183,2968,3390,3237
E745S_01363,19230,23206,20260,15873,18998,17467
E745S_01364,1141,1146,1049,830,922,915
E745S_01365,122,81,114,57,63,46
E745S_01366,183,157,144,1681,1665,1470
E745S_01367,42,54,62,20,22,18
E745S_01368,144,120,141,44,31,33
E745S_01369,68,85,77,43,43,46
E745S_01370,16,21,15,11,11,11
E745S_01371,6,9,7,4,4,4
E745S_01372,13,18,5,4,6,4
E745S_01373,20,20,17,7,9,6
E745S_01374,28,33,35,14,16,10
E745S_01375,16,19,14,7,12,16
E745S_01376,34,41,29,10,16,16
E745S_01377,1362,1463,1229,1224,1353,1239
E745S_01378,74290,68184,64807,27213,30667,28517
E745S_01379,74863,70356,66400,29012,32265,30002
E745S_01380,520,505,482,341,448,363
E745S_01381,222,224,195,130,184,144
E745S_01382,373,397,295,335,400,350
E745S_01383,2008,2208,1918,2276,2647,2331
E745S_01384,1811,1748,1419,2567,2657,2464
E745S_01385,11646,11781,10279,2471,2796,2525
E745S_01386,1970,2155,2066,1078,1270,1201
E745S_01387,882,767,795,360,408,377
E745S_01388,845,913,795,334,405,376
E745S_01389,7101,6697,6144,2619,3089,3585
E745S_01390,8468,7500,7100,6314,7268,7932
E745S_01391,1608,1617,1418,1051,1173,1170
E745S_01392,271,279,271,63,58,80
E745S_01393,8120,7931,7323,3653,4021,3868
E745S_01394,6503,6308,5664,2137,2251,2423
E745S_01395,4559,5466,4676,964,1049,1054
E745S_01396,9944,10662,9470,15336,18033,17150
E745S_01397,711,772,844,1054,1116,1081
E745S_01407,2793,2398,2134,1888,2017,1995
E745S_01408,1600,1427,1406,1816,2009,1819
E745S_01409,5589,5153,4840,2370,2803,2390
E745S_01410,16621,15345,14169,29024,33238,30570
E745S_01411,6874,7046,6593,3240,3718,3458
E745S_01412,11576,10909,9736,5403,6376,6121
E745S_01413,1052,845,888,547,582,528
E745S_01414,4871,4105,4035,1956,2251,2110
E745S_01415,3799,3910,3427,1177,1379,1213
E745S_01416,2098,2194,2066,641,695,617
E745S_01417,9209,9452,8639,2839,3257,3072
E745S_01418,1167,1227,1105,309,342,304
E745S_01419,3276,2683,2483,824,907,814
E745S_01420,131,164,119,19,32,21
E745S_01421,6229,6081,5677,3900,4432,3898
E745S_01422,6624,6880,6250,1910,2269,1922
E745S_01423,2102,1678,1624,448,491,430
E745S_01424,1099,1294,1459,204,310,251
E745S_01425,10903,10764,9653,6704,7870,7352
E745S_01426,5295,5660,5106,3772,4580,4041
E745S_01427,1163,1168,1180,689,905,806
E745S_01428,7374,6802,6501,3761,4217,3773
E745S_01429,18914,17559,16094,9047,10200,9060
E745S_01430,42556,40266,34350,20506,23088,21432
E745S_01431,13972,12629,12762,3186,3861,3635
E745S_01432,38110,33705,30732,14581,14594,14664
E745S_01433,10552,12678,13029,3083,3961,3809
E745S_01434,4,3,1,3,0,1
E745S_01435,5251,5008,4394,4092,4438,4525
E745S_01436,2901,2814,2496,1924,2181,1949
E745S_01437,4389,4300,3862,1883,2254,1974
E745S_01438,12082,11751,10400,30246,35297,31838
E745S_01439,6570,5476,4792,2531,2812,2580
E745S_01440,11307,11408,10498,2206,2516,2378
E745S_01441,1888,2328,1932,2656,3160,3076
E745S_01442,1250,1387,1265,2882,3118,3132
E745S_01443,1165,1112,1093,734,950,831
E745S_01444,565,740,669,324,503,438
E745S_01445,700,728,662,139,159,163
E745S_01446,13,15,8,1,2,6
E745S_01447,289,330,291,81,140,121
E745S_01448,1274,1386,1180,410,443,451
E745S_01449,1227,1397,1271,414,491,385
E745S_01450,56,55,49,48,48,39
E745S_01451,111,126,90,65,63,74
E745S_01452,7,10,6,4,5,2
E745S_01453,153,135,109,94,80,106
E745S_01454,528,604,473,562,655,636
E745S_01455,518,566,493,399,463,413
E745S_01456,42,59,41,29,17,23
E745S_01457,18,32,21,10,19,8
E745S_01458,55,39,36,23,31,32
E745S_01459,146,110,150,67,95,95
E745S_01460,52885,55743,50044,22732,25770,23779
E745S_01461,5111,4750,4673,2908,3484,3232
E745S_01462,1825,1738,1479,1041,1180,1003
E745S_01463,974,1033,1000,642,689,692
E745S_01464,11095,9834,9230,2140,2440,2031
E745S_01465,9162,8127,7629,3301,3792,3211
E745S_01466,4279,2989,2910,1326,1421,1365
E745S_01467,38388,33906,30519,54098,62726,57110
E745S_01468,20727,17840,16338,16997,20115,17205
E745S_01469,11194,9691,8955,8221,10025,8938
E745S_01470,8086,7247,6745,5885,7008,6157
E745S_01471,9851,9686,9398,5900,7339,6447
E745S_01472,8001,7869,7495,5975,7105,6026
E745S_01473,7154,6567,6134,8077,8961,8081
E745S_01474,64985,80787,67996,17347,22895,20484
E745S_01475,6445,7081,6371,3127,3778,3407
E745S_01476,3322,3504,2913,1449,1923,1764
E745S_01477,62468,63297,59599,10171,11516,11107
E745S_01478,63089,58907,56924,11987,13638,13215
E745S_01479,150395,143162,139140,38504,42299,40490
E745S_01480,359315,365398,337073,98902,119594,114022
E745S_01481,11837,11244,11417,1460,1811,1787
E745S_01482,68715,54685,48414,11093,12158,11204
E745S_01483,29408,32817,31644,5688,6646,6142
E745S_01484,16125,16744,15381,3600,3781,3506
E745S_01485,53735,60091,55192,9735,11805,10718
E745S_01486,29359,30055,26323,3863,4543,3899
E745S_01487,31441,28051,26258,4187,5053,4571
E745S_01488,96954,79416,77838,14177,15880,14189
E745S_01489,44836,38039,34276,5947,7060,6772
E745S_01490,11192,14695,14367,1954,2161,1888
E745S_01491,59047,64997,52328,7999,9406,8746
E745S_01492,33915,32456,31519,4402,5189,4682
E745S_01493,72980,69255,61195,10140,10753,9767
E745S_01494,40106,37309,36769,4940,6031,5485
E745S_01495,25772,24181,20737,2636,3495,3059
E745S_01496,34186,37373,37256,4134,5565,4928
E745S_01497,48108,47264,42545,7385,8426,8166
E745S_01498,48234,44977,40259,5797,6731,6449
E745S_01499,64407,63011,55433,9174,9700,9694
E745S_01500,13467,13733,12153,1698,2091,1838
E745S_01501,53933,44810,46516,5890,6967,5887
E745S_01502,167885,157801,141098,19628,22067,20300
E745S_01503,51505,50221,45699,5074,5881,5786
E745S_01504,22673,17283,17450,2721,2879,2750
E745S_01505,21271,18631,19077,3175,3308,2874
E745S_01506,28537,30516,27408,4546,5430,4995
E745S_01507,24440,23888,22600,3089,4066,3532
E745S_01508,88466,71361,74049,12578,14519,13103
E745S_01509,105381,104265,90618,17402,18524,18286
E745S_01510,2986,2689,2404,2707,2982,2877
E745S_01511,3586,3329,2989,3345,3628,3325
E745S_01512,1543,1511,1369,1637,1946,1756
E745S_01513,1308,1272,1046,556,609,560
E745S_01514,1407,1265,1148,660,833,757
E745S_01515,247,211,236,141,197,178
E745S_01516,157,169,131,129,158,145
E745S_01517,29,33,30,32,50,43
E745S_01518,64,79,74,499,569,474
E745S_01519,55,53,44,1273,1562,1404
E745S_01520,90,93,71,19,25,18
E745S_01521,55,33,40,18,21,15
E745S_01522,4198,4246,3722,4483,5043,4598
E745S_01523,6557,7514,7391,4093,4370,4155
E745S_01524,2558,2524,2439,2032,2497,2265
E745S_01525,41124,42257,36654,32828,38227,34984
E745S_01526,7358,7006,6333,5423,6609,5622
E745S_01527,11716,11218,9760,6558,7194,6678
E745S_01528,9693,8702,9624,3160,3568,3144
E745S_01529,26,26,41,68,102,61
E745S_01530,2801,2301,2219,6051,6541,6286
E745S_01531,3841,3415,3197,6207,6879,6669
E745S_01532,1854,1752,1705,2959,3703,3407
E745S_01533,2002,1909,1742,2756,3189,3381
E745S_01534,13160,12769,11989,43742,52856,50157
E745S_01535,2990,3166,2768,1712,1946,1791
E745S_01536,16248,16133,14779,14569,16235,14610
E745S_01537,2513,2271,2008,1322,1682,1525
E745S_01538,4908,4378,4195,3019,3656,3340
E745S_01539,7438,7067,6351,5353,6102,5439
E745S_01540,578,622,637,1661,2223,1958
E745S_01541,89,85,84,4158,4993,4790
E745S_01542,204,190,144,8401,8822,9433
E745S_01543,142,163,109,5236,5623,5936
E745S_01544,366,351,291,16196,18580,20149
E745S_01545,30,43,34,9,13,14
E745S_01546,89,84,79,47,46,57
E745S_01547,90,110,97,19,24,25
E745S_01548,14,16,13,5,6,4
E745S_01549,2489,2928,2520,4388,4943,4315
E745S_01550,1688,1560,1500,3307,3764,3515
E745S_01551,15,10,18,5,5,9
E745S_01552,61,64,54,16,14,21
E745S_01553,143,163,140,46,60,56
E745S_01554,3,5,0,1,1,2
E745S_01555,17849,16997,16366,2704,3391,3200
E745S_01556,398,357,306,182,207,233
E745S_01557,571,621,553,195,283,279
E745S_01558,1806,1825,1660,1120,1200,1149
E745S_01559,117,142,124,96,101,95
E745S_01560,2299,2074,1946,1255,1453,1364
E745S_01561,1017,1060,1050,2461,2741,2659
E745S_01562,560,580,466,24911,32162,28402
E745S_01563,47662,54159,52342,8666,9930,9460
E745S_01564,1147,1276,1159,249,314,265
E745S_01565,1895,1650,1551,551,566,529
E745S_01566,2194,2215,2015,1114,1217,1203
E745S_01567,1467,1318,1295,486,536,514
E745S_01568,633,618,575,279,318,287
E745S_01569,8436,8589,7350,3527,4220,3807
E745S_01570,6792,6180,5431,3554,4011,3786
E745S_01571,2762,2619,2115,1173,1333,1326
E745S_01572,2623,3120,2771,392,389,403
E745S_01573,1306,1264,1193,572,717,607
E745S_01574,1322,1388,1201,2671,3054,2772
E745S_01575,2967,3326,3115,1809,2127,1941
E745S_01576,6046,5536,5006,3663,3942,3672
E745S_01577,2143,1969,1820,1420,1382,1342
E745S_01578,5033,4911,4618,3866,4025,3972
E745S_01579,5637,5877,4332,12224,13334,14104
E745S_01580,31,60,61,73,121,74
E745S_01581,2479,2659,2471,11952,14037,12945
E745S_01582,836,963,906,1601,1975,1666
E745S_01583,1185,1230,1304,1588,2320,1878
E745S_01584,4780,4743,4463,5578,5864,5458
E745S_01585,7741,7522,6993,8031,8841,8502
E745S_01586,1844,1763,1719,2402,2858,2615
E745S_01587,895,880,927,691,696,706
E745S_01588,1060,1062,929,551,576,588
E745S_01589,1923,1823,1649,1714,1856,1664
E745S_01590,1748,1725,1662,2088,2275,2218
E745S_01591,1604,1633,1617,398,524,485
E745S_01592,29907,28340,20251,9253,11646,11422
E745S_01593,22486,22303,20482,22816,24983,23291
E745S_01594,100,103,95,71,88,97
E745S_01595,7853,7723,6941,6826,8024,7391
E745S_01596,1066,1053,955,902,990,909
E745S_01597,3109,3022,2899,4771,5817,5429
E745S_01598,976,947,896,2600,2817,2688
E745S_01599,2618,2424,2162,9089,10369,9649
E745S_01600,2178,2432,2134,2137,2365,2135
E745S_01601,827,873,794,800,875,825
E745S_01602,5602,5725,5664,1730,1882,1694
E745S_01603,8,6,9,1,4,2
E745S_01605,15,20,15,3,10,3
E745S_01606,677,555,530,261,251,235
E745S_01607,871,905,811,433,536,519
E745S_01608,1417,1490,1324,628,700,634
E745S_01609,631,594,603,211,237,267
E745S_01610,728,717,582,1506,1654,1490
E745S_01611,60,50,50,75,94,80
E745S_01612,7610,7374,6590,2520,3126,2790
E745S_01613,5241,5503,4739,1932,2226,1875
E745S_01614,29375,30190,28051,6363,7287,6897
E745S_01615,471,476,419,475,534,560
E745S_01616,2759,2916,2623,3327,3783,3572
E745S_01617,624,686,669,768,932,856
E745S_01618,134,182,164,413,509,459
E745S_01619,908,873,754,3217,3516,3074
E745S_01620,8364,8289,7221,5756,6804,6400
E745S_01621,5956,5170,4735,1406,1662,1533
E745S_01622,433,512,473,576,788,604
E745S_01623,664,721,719,1174,1218,1116
E745S_01624,34,35,38,18,20,24
E745S_01625,49,49,51,30,28,35
E745S_01626,166,156,126,142,182,182
E745S_01627,467,498,420,638,697,667
E745S_01628,148,151,144,262,245,243
E745S_01629,744,801,722,1336,1536,1447
E745S_01630,13012,13352,11938,5742,6495,5820
E745S_01631,215,222,219,210,210,203
E745S_01632,4027,4154,3599,3652,3941,3980
E745S_01633,8429,7969,6921,13513,14849,14782
E745S_01634,1922,1927,1914,370,483,372
E745S_01635,13473,14044,11974,9228,9457,9309
E745S_01636,3,7,3,0,4,1
E745S_01637,3387,3394,2983,86914,100387,104883
E745S_01638,65,83,77,152,228,170
E745S_01639,777,1331,858,468,771,704
E745S_01640,91,97,78,101,95,98
E745S_01641,41,39,40,18,32,32
E745S_01642,26,22,15,20,23,23
E745S_01643,24,16,16,10,19,18
E745S_01644,27,40,28,31,44,38
E745S_01645,335,356,318,243,326,290
E745S_01646,520,463,422,1325,1372,1415
E745S_01647,461,394,380,890,879,1040
E745S_01648,356,408,353,441,501,517
E745S_01649,3,4,5,2,1,4
E745S_01650,592,642,630,345,390,350
E745S_01651,5177,5089,4406,2446,2605,2506
E745S_01652,3250,3123,2750,1068,1343,1029
E745S_01653,1666,1733,1591,418,436,433
E745S_01654,2722,2505,2192,405,509,484
E745S_01655,2318,2074,2077,543,606,550
E745S_01656,917,971,952,640,760,763
E745S_01657,557,619,524,331,423,374
E745S_01658,60693,61014,54264,16749,19004,18411
E745S_01659,12423,12319,11655,2270,2736,2498
E745S_01660,22424,23177,20488,3542,4241,4295
E745S_01661,98,94,90,51,55,61
E745S_01662,165,155,158,79,88,94
E745S_01663,10,16,11,8,8,9
E745S_01664,456,529,479,486,567,528
E745S_01665,82,73,108,1017,1204,1054
E745S_01666,363,319,257,832,927,747
E745S_01667,595,488,473,1142,1231,1059
E745S_01668,17258,16137,14079,22353,24645,22603
E745S_01669,26,31,34,29,35,19
E745S_01670,36,28,27,56,71,60
E745S_01671,3682,3788,3763,2080,2470,2080
E745S_01672,263,324,315,276,437,359
E745S_01673,3447,3667,3278,6842,7413,6960
E745S_01674,1372,1341,1321,2760,2972,2638
E745S_01675,2799,2684,2378,7550,8016,7864
E745S_01676,8648,9206,8206,2531,3055,2791
E745S_01677,7233,7413,6609,6168,7072,6730
E745S_01678,490,512,500,199,285,238
E745S_01679,18,20,17,12,16,13
E745S_01680,8,18,17,3,10,6
E745S_01681,1348,1518,1362,861,1026,941
E745S_01682,209,198,230,159,244,199
E745S_01683,2204,2171,1970,1555,2022,1673
E745S_01684,213,235,187,207,218,259
E745S_01685,144,173,154,104,148,105
E745S_01687,60,60,68,80,103,84
E745S_01688,4,10,2,4,11,8
E745S_01690,4,8,7,3,3,2
E745S_01691,5,6,8,7,10,8
E745S_01693,20,22,32,17,17,18
E745S_01694,112,136,103,130,141,128
E745S_01695,1360,1417,1308,1052,1245,1089
E745S_01696,2018,1984,1781,2176,2501,2222
E745S_01697,90,113,107,57,66,68
E745S_01698,25,24,27,25,30,21
E745S_01699,30,48,24,19,23,18
E745S_01700,109,139,104,94,87,95
E745S_01701,258,229,225,200,248,275
E745S_01702,2324,2400,2294,2051,2260,2065
E745S_01703,885,1201,918,1578,2039,1898
E745S_01704,227,170,236,188,204,177
E745S_01705,450,482,406,219,290,234
E745S_01706,4475,4916,3891,3859,4825,4217
E745S_01707,88,99,101,79,64,77
E745S_01708,86,60,67,34,58,58
E745S_01709,31,35,28,24,22,21
E745S_01710,149,103,96,90,82,86
E745S_01711,257,200,171,107,141,121
E745S_01712,220,160,161,136,154,143
E745S_01713,13,15,8,7,11,6
E745S_01714,70,55,41,65,74,71
E745S_01715,420,397,348,512,568,562
E745S_01716,467,537,448,334,440,403
E745S_01717,1216,1254,1208,1785,2199,2022
E745S_01718,362,362,393,468,523,471
E745S_01719,165,194,145,49,69,52
E745S_01720,20,24,26,6,7,12
E745S_01721,12,16,11,6,6,6
E745S_01723,493,486,452,125,130,109
E745S_01724,389,403,374,86,93,85
E745S_01725,1637,1479,1300,465,470,440
E745S_01726,64,56,59,78,117,98
E745S_01727,93,90,73,130,120,112
E745S_01728,1462,1642,1512,532,644,583
E745S_01729,4415,4471,4404,575,643,585
E745S_01730,243,262,250,176,159,201
E745S_01731,675,658,466,147,233,184
E745S_01732,555,546,496,1239,1438,1227
E745S_01733,907,969,809,1868,2339,1973
E745S_01734,507,548,462,1433,1551,1513
E745S_01735,330,307,262,1065,1142,1159
E745S_01736,219,237,199,320,339,337
E745S_01737,54,45,35,98,110,67
E745S_01738,12,7,14,13,13,13
E745S_01739,2286,2239,1878,1071,1221,1138
E745S_01740,706,676,714,639,774,742
E745S_01741,54,75,66,72,87,73
E745S_01742,124,156,125,119,114,138
E745S_01743,101,103,87,60,79,75
E745S_01744,338,326,301,367,455,433
E745S_01745,1439,1555,1395,2105,2428,2239
E745S_01746,597,491,523,996,990,899
E745S_01747,293,243,273,397,417,350
E745S_01748,1048,964,850,1686,1942,1822
E745S_01749,1141,1190,1007,1703,2055,1834
E745S_01750,1170,996,1057,1733,1974,1822
E745S_01751,664,848,576,417,526,559
E745S_01752,640,666,529,1095,1209,1277
E745S_01753,194,220,158,606,616,615
E745S_01754,458,442,456,67,73,76
E745S_01755,183,207,188,436,528,503
E745S_01756,469,499,446,638,708,649
E745S_01757,137,138,109,30,48,35
E745S_01758,5,2,1,0,2,0
E745S_01759,1,2,3,3,2,3
E745S_01760,355,314,314,153,161,167
E745S_01761,1495,1619,1419,782,906,763
E745S_01762,11441,11560,10794,6347,7709,7502
E745S_01763,10800,11072,9977,311,355,356
E745S_01764,3652,3609,3550,164,206,178
E745S_01765,398,404,345,35,49,41
E745S_01766,368,302,271,29,43,22
E745S_01767,2587,2803,2703,661,731,740
E745S_01768,373,475,410,191,225,183
E745S_01769,68,69,58,56,33,43
E745S_01770,264,240,228,229,275,273
E745S_01771,527,508,428,724,836,852
E745S_01772,93,92,88,65,95,79
E745S_01773,2374,2591,2325,3633,4082,3824
E745S_01774,156,167,147,142,163,162
E745S_01775,472,441,407,517,575,525
E745S_01776,77,78,85,79,84,74
E745S_01777,180,188,162,56,64,49
E745S_01778,411,470,452,1115,1334,1247
E745S_01779,783,823,755,201,306,286
E745S_01780,1856,1846,1889,76,110,83
E745S_01781,3176,3083,2961,249,262,265
E745S_01782,104,105,103,80,81,76
E745S_01783,78,101,82,38,68,63
E745S_01784,158,191,178,128,128,125
E745S_01785,306,340,320,217,211,214
E745S_01786,194,204,172,146,157,144
E745S_01787,2804,2712,2474,2810,3054,2949
E745S_01788,279,263,278,331,407,361
E745S_01789,972,920,835,1575,1873,1712
E745S_01790,843,841,726,149,176,195
E745S_01791,248,245,224,19,22,18
E745S_01792,436,464,480,309,440,311
E745S_01793,630,617,627,424,501,490
E745S_01794,2001,2179,1935,1081,1333,1260
E745S_01795,1386,1227,1145,663,785,700
E745S_01796,1183,1304,1106,1779,2194,1942
E745S_01797,1245,1178,1225,134,152,129
E745S_01798,2747,2926,2724,397,557,562
E745S_01799,7131,6943,6091,1884,2451,2275
E745S_01800,628,658,599,259,299,290
E745S_01801,8882,9055,8316,15014,16902,15824
E745S_01802,24,30,19,124,145,193
E745S_01803,34,57,43,508,523,638
E745S_01804,1321,1429,1115,2842,2957,3495
E745S_01805,1994,2002,1828,652,780,728
E745S_01806,516,541,560,205,271,261
E745S_01807,179,199,189,80,102,104
E745S_01808,1138,1107,1022,712,818,726
E745S_01809,5358,5319,4654,610,739,664
E745S_01810,419,487,372,572,693,614
E745S_01811,413,351,321,71,105,98
E745S_01812,1118,775,859,260,250,271
E745S_01813,1464,1020,1251,489,566,553
E745S_01814,440,294,329,207,213,217
E745S_01815,5039,3144,3785,2705,2798,3041
E745S_01816,867,581,683,255,226,274
E745S_01817,4391,4048,4038,795,963,859
E745S_01818,1145,1312,1097,567,843,751
E745S_01819,3217,3173,2868,2686,2986,2688
E745S_01820,282,250,214,2439,2679,2416
E745S_01821,87,108,107,930,1099,1070
E745S_01822,158,169,157,1658,2009,1713
E745S_01823,9133,9435,8536,4083,4603,4334
E745S_01824,9438,10515,9423,2221,2323,2433
E745S_01825,6847,8385,7077,1749,2005,1922
E745S_01826,10657,11841,10604,3939,4896,4207
E745S_01827,711,640,563,5781,6673,6867
E745S_01828,622,579,525,4475,4691,4827
E745S_01829,567,547,523,3054,3224,3594
E745S_01830,458,469,402,2375,2381,2492
E745S_01831,712,561,487,2373,2507,2643
E745S_01832,974,899,809,4149,4226,4455
E745S_01833,1709,1645,1337,6488,6447,6946
E745S_01834,906,778,757,3307,3481,3726
E745S_01835,1763,1578,1492,5263,5266,5686
E745S_01836,3232,3358,2834,4756,5266,4990
E745S_01838,20,18,16,3,1,1
E745S_01839,591,569,536,567,615,577
E745S_01840,522,577,492,366,363,338
E745S_01841,1582,1616,1501,1315,1487,1424
E745S_01842,311,295,276,183,197,212
E745S_01843,271,248,202,86,90,106
E745S_01844,1675,2030,1577,24,48,36
E745S_01845,277,285,243,241,249,243
E745S_01846,646,674,650,369,394,393
E745S_01847,200,184,170,63,94,91
E745S_01848,2333,2190,1993,3582,3640,3596
E745S_01849,1940,1867,1896,2791,3408,3248
E745S_01850,945,879,839,592,730,594
E745S_01851,750,762,670,587,708,639
E745S_01852,2848,2634,2162,2023,2560,2116
E745S_01853,1917,1960,1727,2145,2242,2242
E745S_01854,4206,4086,3669,5875,6404,5667
E745S_01855,8653,9857,10085,3758,4960,4389
E745S_01856,518,522,463,888,971,1048
E745S_01857,1397,1446,1327,294,369,347
E745S_01858,438,325,401,54,80,79
E745S_01859,779,729,580,733,839,792
E745S_01860,978,1005,828,2313,2676,2639
E745S_01861,1491,1571,1269,3250,3566,3598
E745S_01862,92,83,98,218,255,238
E745S_01863,1348,1246,1045,9776,10389,8554
E745S_01864,250,213,187,3543,3733,3278
E745S_01865,157,146,155,2756,2868,2502
E745S_01866,1298,1191,1203,424,498,430
E745S_01867,250,245,201,311,362,315
E745S_01868,83,57,69,315,302,328
E745S_01869,32,24,23,17,21,11
E745S_01870,841,864,678,313,390,355
E745S_01871,475,483,430,274,334,294
E745S_01872,22,31,22,14,32,34
E745S_01873,44,67,62,34,48,39
E745S_01874,87,76,77,1135,1087,1099
E745S_01875,238,215,203,662,698,701
E745S_01876,70,60,71,204,217,223
E745S_01877,54,61,51,106,112,92
E745S_01878,52,47,47,82,94,76
E745S_01879,96,82,63,104,135,107
E745S_01880,11,6,7,8,11,11
E745S_01881,105,85,90,58,71,70
E745S_01882,8,10,7,3,12,15
E745S_01883,7,4,3,2,3,3
E745S_01884,35,32,21,17,26,30
E745S_01885,13,10,12,0,5,4
E745S_01886,2334,2632,2170,1819,2236,2003
E745S_01887,2321,2336,2032,1776,2098,1788
E745S_01888,10171,11441,11195,1628,1992,1794
E745S_01889,9170,7271,6837,1103,1318,1318
E745S_01890,4969,4982,4442,7461,8057,7566
E745S_01891,2510,2686,2388,3006,3657,3358
E745S_01892,2334,1966,1650,667,782,766
E745S_01893,574,560,513,199,253,227
E745S_01894,3194,3012,2718,1404,1442,1346
E745S_01895,2197,1772,1614,1225,1295,1239
E745S_01896,160,165,174,95,80,97
E745S_01897,7011,7556,6846,5711,6731,6313
E745S_01898,2223,1913,1774,2297,2597,2467
E745S_01899,7971,6943,6777,7716,8536,7649
E745S_01900,3160,3188,2903,922,1044,1025
E745S_01901,1912,2129,1867,988,1046,1005
E745S_01902,432,411,378,489,496,468
E745S_01903,295,309,259,739,742,772
E745S_01904,6070,6588,5961,5441,6768,6456
E745S_01905,106,109,99,2323,2775,2767
E745S_01906,130,119,117,3096,3334,3563
E745S_01907,150,168,143,566,689,642
E745S_01908,1017,1000,830,789,995,873
E745S_01909,1392,1315,1256,1133,1132,1009
E745S_01910,6249,5927,5619,7022,7813,7108
E745S_01911,1976,1753,1796,554,628,547
E745S_01912,818,965,825,1647,1789,1709
E745S_01913,1263,1424,1301,166,201,184
E745S_01914,141,191,167,60,79,63
E745S_01915,1216,1339,1251,1368,1516,1468
E745S_01916,9587,8909,7509,4004,4147,4092
E745S_01917,1276,1062,1031,503,537,504
E745S_01918,2929,2723,2445,1419,1483,1321
E745S_01919,2128,2384,2193,352,400,399
E745S_01920,2416,2219,1853,664,690,659
E745S_01921,3454,3135,3044,2401,2662,2378
E745S_01922,1989,2118,1927,1540,1895,1592
E745S_01923,4611,4400,3926,6835,7421,6623
E745S_01924,2179,2117,1979,3615,3968,3500
E745S_01925,1789,1815,1480,2048,2350,2222
E745S_01926,6360,6206,5303,8824,11100,9421
E745S_01927,856,984,881,1485,1827,1659
E745S_01928,413,449,423,342,388,304
E745S_01929,147,151,130,60,76,67
E745S_01930,505,540,465,311,320,356
E745S_01931,349,346,340,276,282,320
E745S_01932,12,7,10,3,2,3
E745S_01933,69,78,61,23,35,16
E745S_01934,21,25,19,5,8,8
E745S_01935,65,69,73,9,16,18
E745S_01936,2145,2267,1987,1174,1346,1137
E745S_01937,2263,2187,2057,1538,1796,1481
E745S_01938,1679,1883,1675,1245,1504,1394
E745S_01939,6261,6345,5642,6348,6716,6138
E745S_01941,294,293,298,225,235,224
E745S_01942,92,95,103,61,60,57
E745S_01943,48,67,52,29,26,25
E745S_01944,120,134,107,121,158,101
E745S_01945,14695,16153,14202,1982,2414,2069
E745S_01946,99,120,106,239,264,226
E745S_01947,1390,1246,1049,2057,2364,1984
E745S_01948,108,108,80,121,133,125
E745S_01949,6,21,11,31,33,34
E745S_01950,18,27,18,20,42,33
E745S_01951,117,142,120,129,144,156
E745S_01952,344,413,385,386,420,436
E745S_01953,272,223,279,103,134,123
E745S_01954,32,50,43,22,25,28
E745S_01955,533,563,537,828,951,872
E745S_01956,1359,1476,1389,2790,3108,2827
E745S_01957,980,1087,783,3118,3452,3800
E745S_01958,2,1,1,2,1,3
E745S_01959,160,142,121,254,277,285
E745S_01960,381,344,305,266,336,313
E745S_01961,518,588,497,770,1048,904
E745S_01962,635,572,518,958,1154,1030
E745S_01963,139,155,133,356,377,356
E745S_01964,4007,3679,3756,89,124,125
E745S_01965,5455,5458,4963,238,272,265
E745S_01966,6986,6513,6091,417,480,417
E745S_01967,711,802,709,533,601,499
E745S_01968,1478,1483,1460,1254,1493,1185
E745S_01969,644,635,638,263,242,263
E745S_01970,708,741,686,296,335,304
E745S_01971,1131,1065,1083,271,347,273
E745S_01972,1651,1879,1647,1043,1222,1151
E745S_01973,94,90,89,101,133,112
E745S_01974,1027,944,882,4674,5089,4660
E745S_01975,4027,3834,3594,614,721,778
E745S_01976,6052,5344,4935,1433,1611,1520
E745S_01977,1588,1468,1422,771,904,870
E745S_01978,115,87,98,43,56,46
E745S_01979,48,43,34,21,28,20
E745S_01980,126,136,145,76,72,65
E745S_01981,125,170,120,91,104,106
E745S_01982,1741,1793,1569,1794,2204,1917
E745S_01983,668,710,668,3124,3438,3046
E745S_01984,196,156,154,2310,2940,2599
E745S_01985,646,664,519,2022,2159,2096
E745S_01986,5071,5116,4320,3622,4652,3884
E745S_01987,594,566,493,802,952,857
E745S_01988,841,796,745,2344,2566,2601
E745S_01989,1211,1217,1145,1279,1354,1247
E745S_01990,101,97,96,79,92,88
E745S_01991,304,266,268,171,190,196
E745S_01992,885,710,657,543,623,614
E745S_01993,1637,1394,1301,626,725,649
E745S_01994,5012,4748,4129,3686,4057,3759
E745S_01995,1034,1084,950,893,1105,973
E745S_01996,1722,1956,1760,1368,1733,1575
E745S_01997,182,249,201,80,98,83
E745S_01998,4514,4335,3841,1401,1661,1560
E745S_01999,4938,4664,4299,2540,2913,2695
E745S_02000,2679,2875,2718,1644,1857,1782
E745S_02001,1767,1766,1578,318,329,348
E745S_02002,2608,2566,2407,516,623,559
E745S_02003,555,548,474,175,199,168
E745S_02004,1368,1149,1116,515,579,515
E745S_02005,1516,1721,1427,846,968,984
E745S_02006,5394,5081,4576,3671,4062,3768
E745S_02007,544,548,509,650,756,639
E745S_02008,2787,2663,2454,2673,3162,2889
E745S_02009,564,599,573,442,519,473
E745S_02010,7287,7528,6716,1878,2095,1932
E745S_02011,550,428,343,322,405,389
E745S_02012,797,633,588,877,1012,884
E745S_02013,703,710,672,1114,1294,1142
E745S_02014,1069,998,1014,1236,1407,1259
E745S_02015,635,646,582,1058,1263,1040
E745S_02016,6758,6170,5461,2170,2414,2193
E745S_02017,38,35,28,62,48,66
E745S_02018,114,160,117,107,123,120
E745S_02019,815,869,747,1835,1945,1793
E745S_02020,449,455,401,349,420,379
E745S_02021,1002,917,805,671,817,955
E745S_02022,1944,1908,1886,2955,3335,3088
E745S_02023,1023,926,868,1319,1483,1339
E745S_02024,469,505,439,559,625,531
E745S_02025,779,712,712,736,885,840
E745S_02026,1267,1242,1019,1237,1520,1327
E745S_02027,816,871,795,997,1217,1075
E745S_02028,638,577,546,111,127,96
E745S_02029,1582,1189,1104,666,751,644
E745S_02030,749,629,610,436,502,455
E745S_02031,1082,913,865,554,671,614
E745S_02032,2460,2239,2007,1250,1718,1476
E745S_02033,8726,9246,7943,3252,3762,3376
E745S_02034,185,167,140,4627,4586,4867
E745S_02035,85,69,57,1536,1694,1722
E745S_02036,135,158,107,1427,1672,1813
E745S_02037,143,128,116,270,287,331
E745S_02038,295,318,285,125,137,127
E745S_02039,266,233,242,66,85,59
E745S_02040,271,228,181,54,84,73
E745S_02041,449,576,532,272,286,285
E745S_02042,68,78,68,10,17,6
E745S_02043,183,211,176,55,61,72
E745S_02044,37,42,52,17,21,16
E745S_02045,577,533,498,340,418,354
E745S_02046,1874,1897,1730,837,1031,915
E745S_02047,4,3,5,1,2,3
E745S_02048,9186,9147,8270,6788,7806,9122
E745S_02049,40378,40611,37301,38422,44114,47605
E745S_02050,361,363,368,221,285,257
E745S_02051,8076,7721,7084,1266,1420,1342
E745S_02052,205296,225622,196637,34666,44927,38005
E745S_02053,6056,5463,4513,3841,4226,4248
E745S_02054,3006,2750,2351,1936,2186,2107
E745S_02055,24929,31210,27688,5235,6184,5717
E745S_02056,10,14,7,17,13,15
E745S_02057,31,23,19,32,45,29
E745S_02058,36,37,42,53,75,72
E745S_02059,81,72,71,134,149,165
E745S_02060,512,464,389,2385,3083,2580
E745S_02061,392,537,378,88,117,90
E745S_02062,44,56,36,2,1,4
E745S_02063,665,683,616,289,366,344
E745S_02064,2852,2929,2635,6492,7121,6415
E745S_02065,2454,2262,2019,5450,6249,5971
E745S_02066,2952,3099,2772,8327,9898,8863
E745S_02067,8532,8341,7939,4356,4723,4415
E745S_02068,1309,1510,1347,745,927,869
E745S_02069,4829,4707,4335,2994,3266,2909
E745S_02070,5736,5692,5108,4008,4329,4097
E745S_02071,1554,1546,1582,1729,2033,1713
E745S_02072,3444,3598,3448,1680,1854,1739
E745S_02073,5778,5602,5484,4897,6315,5497
E745S_02074,815,884,973,949,1073,941
E745S_02075,1342,1447,1274,532,645,589
E745S_02076,1142,1109,948,1936,2178,2010
E745S_02077,1588,1442,1399,533,620,706
E745S_02078,8860,8240,7759,5644,6183,6469
E745S_02079,637,565,590,1061,1233,1132
E745S_02080,2841,2812,2733,4981,5644,5072
E745S_02081,2648,3165,2658,466,582,535
E745S_02082,3253,3256,3102,875,1217,965
E745S_02083,1310,1547,1178,332,426,333
E745S_02084,2049,2024,1973,812,1069,799
E745S_02085,1274,1185,981,441,528,459
E745S_02086,3531,3546,3233,4198,4957,4430
E745S_02087,2543,2238,2149,3379,4121,3585
E745S_02088,2323,2334,2253,2698,2987,2570
E745S_02089,4243,4085,3833,5462,6042,5432
E745S_02090,1710,1883,1672,505,555,530
E745S_02091,190,236,201,64,76,64
E745S_02092,2675,2815,2662,903,1115,969
E745S_02094,199,216,219,50,60,51
E745S_02095,5323,5305,4480,520,582,620
E745S_02096,344,369,361,476,553,452
E745S_02097,65841,74077,62482,10467,11718,10746
E745S_02098,22412,24753,21569,4400,4663,4417
E745S_02099,71386,65015,58547,16780,17901,16087
E745S_02100,7827,8224,7289,10558,12171,11659
E745S_02101,5350,5350,4903,10884,11579,10426
E745S_02102,12871,13311,11326,32733,34745,32351
E745S_02103,5570,5348,5125,7560,8596,8165
E745S_02104,5626,5481,5585,6204,7712,6754
E745S_02105,408,409,449,639,722,647
E745S_02106,860,749,713,557,602,607
E745S_02107,6680,6696,5707,9556,10828,10138
E745S_02108,10590,11720,9764,17788,19411,19088
E745S_02109,3329,4016,3655,4486,6132,5410
E745S_02110,1839,1770,1694,2638,3049,2866
E745S_02111,2752,2727,2612,4160,4505,4150
E745S_02112,382,382,398,409,411,352
E745S_02113,1957,1915,1841,2100,2457,2108
E745S_02114,2336,2473,2240,2638,2957,2561
E745S_02115,1737,1647,1551,1656,1874,1460
E745S_02116,9075,8997,8082,10214,11611,10506
E745S_02117,86,67,76,108,122,110
E745S_02118,521,607,508,907,1013,1029
E745S_02119,126,117,126,83,114,113
E745S_02120,3823,3388,3143,3589,4438,3833
E745S_02121,7279,7082,6209,7708,9271,9440
E745S_02122,961,1155,1039,1626,1881,1749
E745S_02123,14563,13001,11321,6305,7061,6799
E745S_02124,5273,5152,4644,2378,2838,2456
E745S_02125,4381,4420,3946,1592,1897,1578
E745S_02126,3822,3295,3129,1948,2214,1948
E745S_02127,7758,8166,7688,4953,5732,4879
E745S_02128,29842,28250,25001,14375,17267,15619
E745S_02129,21581,19388,18813,15059,16632,15463
E745S_02130,4618,4213,4099,5428,5993,5609
E745S_02131,10058,10082,8502,11431,13344,12116
E745S_02132,16209,15626,13462,17003,19792,18512
E745S_02133,18827,19281,16024,18526,19407,17070
E745S_02134,14117,14302,13271,2427,2940,2634
E745S_02135,5564,5425,5012,2332,2868,2701
E745S_02136,1595,1776,1849,557,624,549
E745S_02137,347,306,292,307,344,314
E745S_02138,1664,1980,1810,1279,1425,1309
E745S_02139,2375,2534,2411,1846,2202,2032
E745S_02140,3614,3667,3210,2681,2991,2756
E745S_02141,2257,2360,1940,3304,3977,3662
E745S_02142,83,82,67,2819,2835,3434
E745S_02143,129,155,97,4371,5194,6204
E745S_02144,197,186,150,5735,6315,8615
E745S_02145,7,5,2,177,167,216
E745S_02146,2,1,1,57,42,53
E745S_02147,6,4,4,54,62,68
E745S_02148,330,301,241,445,546,521
E745S_02149,260,303,327,1201,1952,1516
E745S_02151,575,635,578,801,1015,873
E745S_02152,142,148,137,177,236,228
E745S_02153,690,718,663,608,792,695
E745S_02154,1178,1134,1018,593,767,620
E745S_02155,379,370,332,217,254,215
E745S_02156,469,485,451,389,429,399
E745S_02157,1164,1351,1248,873,1071,989
E745S_02158,106,127,118,1861,2266,1994
E745S_02159,12,17,16,170,254,182
E745S_02160,43,39,36,292,436,302
E745S_02161,13,5,11,118,121,124
E745S_02162,210,203,203,954,1242,1132
E745S_02163,149,137,121,969,1194,1065
E745S_02164,39,59,33,318,392,322
E745S_02166,77,80,85,504,583,496
E745S_02167,24,25,11,142,154,199
E745S_02168,6,4,3,15,16,35
E745S_02169,7,7,6,41,43,36
E745S_02170,38,32,23,169,173,171
E745S_02171,13,15,9,59,84,56
E745S_02172,29,36,16,157,190,174
E745S_02173,19,13,18,72,86,66
E745S_02180,19,30,23,9,15,22
E745S_02181,6,5,3,63,80,79
E745S_02182,18,15,14,76,71,69
E745S_02183,24,30,13,56,80,93
E745S_02184,15,8,14,53,59,56
E745S_02185,98,118,106,419,532,478
E745S_02186,32,34,29,275,353,275
E745S_02187,3,2,5,206,195,163
E745S_02188,49,50,41,402,475,389
E745S_02189,13,17,18,336,355,345
E745S_02190,2,4,2,90,129,107
E745S_02191,2,0,1,41,40,32
E745S_02192,0,0,0,13,17,11
E745S_02193,5,6,9,129,167,149
E745S_02194,23,13,21,308,336,320
E745S_02195,2,1,2,51,65,60
E745S_02196,84,74,95,995,1256,1086
E745S_02198,14,11,8,71,80,73
E745S_02199,79,67,87,219,294,264
E745S_02200,152,208,146,403,444,435
E745S_02201,102,100,79,214,233,188
E745S_02214,45,46,32,24,33,32
E745S_02215,70,80,86,84,65,83
E745S_02217,30,21,27,34,56,30
E745S_02218,222,222,227,489,567,485
E745S_02219,429,488,415,479,549,457
E745S_02220,450,408,392,428,528,436
E745S_02221,6041,5938,5499,3498,4358,3542
E745S_02222,5782,5226,4664,5217,6110,5246
E745S_02223,338,291,267,368,417,406
E745S_02224,60,51,42,45,39,42
E745S_02225,39,29,27,26,36,32
E745S_02226,51,58,47,42,54,40
E745S_02227,36,35,25,35,39,39
E745S_02228,14,23,16,8,22,19
E745S_02229,197,182,151,211,224,217
E745S_02230,126,134,150,148,193,149
E745S_02231,941,919,849,697,853,798
E745S_02232,149,145,157,228,220,222
E745S_02233,47,33,40,18,26,22
E745S_02234,4,9,1,4,3,2
E745S_02235,54,47,31,33,43,42
E745S_02236,274,221,201,286,308,292
E745S_02237,1714,962,910,1155,1318,1236
E745S_02238,1394,1197,1258,819,965,794
E745S_02239,68,55,51,93,95,94
E745S_02240,1089,945,866,1044,1108,1102
E745S_02241,782,968,783,1237,1389,1251
E745S_02242,1781,1654,1517,3009,3328,3218
E745S_02243,4061,4716,4030,1199,1555,1356
E745S_02244,119,139,118,141,171,186
E745S_02245,525,501,483,136,134,162
E745S_02246,943,999,1024,395,477,409
E745S_02247,39,23,34,20,28,25
E745S_02248,1582,1511,1284,817,939,832
E745S_02249,2975,2884,2594,4336,4916,4576
E745S_02250,622,603,548,564,682,589
E745S_02251,4597,4623,4299,3684,4663,4065
E745S_02252,48,55,56,92,114,108
E745S_02253,241,269,225,305,365,299
E745S_02254,230,227,211,179,226,177
E745S_02255,111,100,95,95,105,86
E745S_02256,49,66,57,12,18,14
E745S_02257,39,36,28,11,13,13
E745S_02258,4,8,12,22,32,45
E745S_02259,2,0,4,5,1,3
E745S_02260,37,31,37,17,21,12
E745S_02261,1788,1832,1653,1038,1196,1095
E745S_02262,3320,3489,3294,1207,1454,1388
E745S_02263,613,575,523,747,840,760
E745S_02264,420,437,410,631,671,586
E745S_02265,2083,2096,1869,3165,3527,3194
E745S_02266,2330,2639,2325,3151,3479,3161
E745S_02267,505,526,486,583,640,573
E745S_02268,69,81,92,79,109,83
E745S_02269,1672,1737,1559,1687,2197,2118
E745S_02270,45,36,37,31,20,26
E745S_02271,64,54,78,59,68,69
E745S_02272,2308,2491,2380,646,776,673
E745S_02273,6791,6719,5813,2672,3082,2688
E745S_02274,1704,1530,1500,358,416,365
E745S_02275,2884,2800,2597,654,763,604
E745S_02276,244,326,376,130,204,132
E745S_02277,6155,5623,5035,7588,9248,8394
E745S_02278,1743,2052,1643,6870,7622,6927
E745S_02279,3509,3360,3006,4817,5701,5174
E745S_02280,364,410,387,1308,1806,1558
E745S_02282,495,553,517,1752,2291,2065
E745S_02283,146,163,156,27,53,37
E745S_02284,271,327,224,370,514,461
E745S_02285,7054,7304,6210,2459,2866,2504
E745S_02286,308,283,280,386,488,446
E745S_02287,275,314,269,121,133,125
E745S_02288,226,239,237,103,156,101
E745S_02289,904,968,870,389,443,413
E745S_02290,1862,1767,1514,2000,2079,2030
E745S_02291,7784,6904,6411,4696,5186,4690
E745S_02292,3632,3844,3441,1279,1409,1475
E745S_02293,469,440,423,3730,4808,4369
E745S_02294,227,265,200,419,415,412
E745S_02295,1177,952,807,129495,148912,133232
E745S_02296,74,75,74,5558,5765,5380
E745S_02297,132,112,98,11122,14332,12749
E745S_02298,155,145,156,10025,12718,10708
E745S_02299,423,375,372,20621,24915,21495
E745S_02300,411,368,342,18463,21598,18022
E745S_02301,603,569,481,25133,30125,25563
E745S_02302,2310,2345,2182,4053,5140,4631
E745S_02303,206,350,297,230,437,400
E745S_02304,21146,20431,18846,11279,12639,11452
E745S_02305,527,494,540,532,652,640
E745S_02306,2341,2009,2003,1242,1498,1332
E745S_02307,1222,1412,1271,615,627,612
E745S_02308,1165,1081,1040,702,692,603
E745S_02309,2729,2806,2519,1335,1521,1357
E745S_02310,473,442,319,15525,20145,19094
E745S_02311,477,508,472,1919,2297,2305
E745S_02312,163,162,147,643,690,677
E745S_02313,13470,13049,11261,161420,162525,166144
E745S_02314,2013,1939,1855,1918,2128,1916
E745S_02315,2176,2444,2252,1674,1992,1788
E745S_02316,13,13,16,36,44,42
E745S_02317,125,137,114,98,126,110
E745S_02318,0,3,4,24,24,40
E745S_02319,12,6,5,27,36,49
E745S_02320,2,9,10,20,16,17
E745S_02321,10,21,11,11,8,13
E745S_02322,58,52,34,11,28,13
E745S_02323,66,74,62,45,44,25
E745S_02324,3187,3131,2840,2078,2441,2161
E745S_02325,2,3,4,4,12,5
E745S_02326,3635,3192,2884,2776,2955,2741
E745S_02327,719,706,632,465,501,508
E745S_02328,110,115,91,11,10,8
E745S_02329,10490,10069,8915,6120,7189,6548
E745S_02330,6799,5951,5498,3585,4352,3721
E745S_02331,2594,2359,2567,16688,16448,15157
E745S_02332,25,28,21,14,18,16
E745S_02333,27,38,24,14,8,17
E745S_02334,13486,12808,11437,14095,15451,14659
E745S_02335,90,99,91,78,71,82
E745S_02336,1349,1316,1070,1284,1274,1296
E745S_02337,1316,1167,1030,1221,1302,1258
E745S_02338,1799,1753,1513,1824,2018,1764
E745S_02339,4642,4763,4379,2736,3198,2872
E745S_02340,5611,5689,5507,5510,6203,5792
E745S_02341,161,127,158,24,32,43
E745S_02342,95,108,110,16,20,19
E745S_02343,2012,1901,1799,478,549,453
E745S_02344,1049,933,1097,4617,5701,4662
E745S_02345,242,280,260,279,398,333
E745S_02346,1050,1086,986,471,556,438
E745S_02347,46,31,59,115,122,138
E745S_02348,1160,1088,967,1093,1132,1136
E745S_02349,2753,2677,2571,1607,1902,1631
E745S_02350,2875,2867,2689,2554,2850,2739
E745S_02351,951,996,970,753,865,785
E745S_02352,503,492,434,1038,1175,1015
E745S_02353,572,542,543,968,1113,1071
E745S_02354,8227,6965,6099,3892,4328,4104
E745S_02355,1122,1185,1050,1078,1384,1143
E745S_02356,954,869,885,467,564,472
E745S_02357,2143,2038,1971,9525,11184,9474
E745S_02360,0,1,0,2,4,4
E745S_02361,119,128,136,722,927,757
E745S_02362,67,84,78,156,167,175
E745S_02365,168,146,147,582,623,555
E745S_02366,2085,2095,1772,9942,12476,11134
E745S_02367,408,363,320,632,663,640
E745S_02368,1035,1005,925,1048,1148,1160
E745S_02369,2101,1955,1790,696,792,830
E745S_02370,833,817,781,1725,2155,1827
E745S_02371,1008,809,845,1929,2177,1971
E745S_02372,914,964,809,1411,1710,1554
E745S_02373,32886,32927,30724,19633,21450,20208
E745S_02374,2679,2844,2469,855,949,947
E745S_02375,721,748,690,301,421,353
E745S_02376,3237,3108,2628,1840,2033,1827
E745S_02377,131,136,140,568,791,640
E745S_02378,19863,20012,17812,8690,9998,8643
E745S_02379,2590,2720,2336,2423,2671,2274
E745S_02380,1070,1010,920,1349,1574,1332
E745S_02381,364,347,312,80,105,96
E745S_02382,37943,38435,34231,24990,31469,29257
E745S_02383,12451,13258,11914,8582,9430,9003
E745S_02384,2095,2653,2425,1114,1465,1329
E745S_02385,1969,1838,1879,1305,1552,1507
E745S_02386,3055,3178,2774,2110,2338,2308
E745S_02387,599,514,500,719,797,805
E745S_02388,582,665,558,682,734,629
E745S_02389,4320,4518,4091,1725,2031,1973
E745S_02390,1264,1380,1365,611,789,688
E745S_02391,1070,992,894,638,829,730
E745S_02392,1252,1290,1138,1231,1374,1226
E745S_02393,1753,1691,1505,2578,2883,2546
E745S_02394,18,13,9,25,15,18
E745S_02395,96,63,65,311,366,358
E745S_02396,393,404,337,687,799,767
E745S_02397,76,67,56,63,75,75
E745S_02398,24,11,18,31,20,27
E745S_02399,14,28,18,11,15,18
E745S_02400,29,25,22,14,15,16
E745S_02401,97,116,80,115,106,93
E745S_02402,97,95,104,118,116,107
E745S_02403,168,156,128,177,243,230
E745S_02404,3167,3389,2822,4238,4806,4450
E745S_02405,3470,3600,3145,3297,3549,3360
E745S_02406,76,75,92,301,418,344
E745S_02407,88,72,85,60,63,53
E745S_02408,103,141,116,79,80,76
E745S_02409,10,16,23,5,8,6
E745S_02410,186,196,165,129,183,141
E745S_02411,374,401,369,373,416,339
E745S_02412,202,214,237,319,408,349
E745S_02413,565,563,499,698,865,819
E745S_02415,3328,3429,3019,976,1060,968
E745S_02416,2628,2529,2424,6393,6609,6161
E745S_02417,5176,4488,4001,11055,12024,11593
E745S_02418,7535,6916,5953,17027,18910,17754
E745S_02419,1582,1556,1496,1828,2273,2103
E745S_02420,912,859,855,669,844,776
E745S_02421,10,13,4,2,3,5
E745S_02422,11,13,11,5,7,6
E745S_02424,7,5,18,7,8,6
E745S_02425,9,4,4,1,1,1
E745S_02426,19,12,10,4,4,4
E745S_02427,71,62,49,22,23,39
E745S_02428,178,181,155,119,124,115
E745S_02429,65,60,65,27,28,27
E745S_02430,44,54,46,27,32,35
E745S_02431,3,3,4,1,1,1
E745S_02432,23,19,22,5,9,1
E745S_02433,5,7,2,0,1,5
E745S_02434,52,47,49,18,25,19
E745S_02435,321,306,278,108,117,105
E745S_02436,99,118,119,32,52,39
E745S_02437,4,6,7,3,5,3
E745S_02438,2979,2992,2729,1680,2106,1906
E745S_02439,204,203,163,213,293,245
E745S_02440,378,310,291,632,709,581
E745S_02441,40,37,36,34,47,38
E745S_02442,34,33,50,41,41,52
E745S_02443,193,232,189,373,468,386
E745S_02444,175,185,141,232,219,354
E745S_02445,6,7,4,11,16,13
E745S_02446,13,17,13,10,5,8
E745S_02447,9,10,8,2,5,7
E745S_02448,274,290,239,170,187,202
E745S_02449,401,447,400,516,620,562
E745S_02450,347,345,333,333,382,339
E745S_02451,512,460,390,317,323,325
E745S_02452,390,411,329,390,451,367
E745S_02453,877,787,750,409,459,425
E745S_02454,117,123,122,98,115,123
E745S_02455,704,677,600,494,557,507
E745S_02456,1263,1432,1334,516,588,497
E745S_02457,719,728,677,420,561,463
E745S_02458,13981,13377,11768,10561,11701,10652
E745S_02459,2158,2091,1960,1790,2115,1961
E745S_02460,2202,2354,2037,2206,2428,2245
E745S_02461,2167,2015,1902,2619,2949,2670
E745S_02462,3256,3329,2972,5670,6683,6270
E745S_02463,2109,2133,1952,1784,1965,1977
E745S_02464,1171,1295,1191,1527,1652,1638
E745S_02465,1930,1663,1548,1324,1574,1375
E745S_02466,8286,8093,7189,6903,7667,6840
E745S_02467,821,741,808,778,919,831
E745S_02468,1826,1975,1779,1792,1989,1831
E745S_02469,5048,4497,4075,5485,5942,5600
E745S_02470,1408,1323,1204,1407,1557,1417
E745S_02471,11665,10515,9632,9149,10552,9704
E745S_02472,12593,11177,9890,12475,13980,12814
E745S_02473,6063,5425,5191,7059,7537,7054
E745S_02474,6494,5220,5180,5295,6073,5535
E745S_02475,184,184,193,57,77,75
E745S_02476,168,152,131,24,28,35
E745S_02477,211,192,168,88,109,104
E745S_02478,1800,1881,1803,4379,5918,5301
E745S_02479,370,309,289,335,373,364
E745S_02480,2336,2227,1847,1165,1316,1245
E745S_02481,1763,1770,1546,1446,1612,1558
E745S_02482,421,415,373,156,191,202
E745S_02483,611,537,517,465,499,446
E745S_02484,21423,18805,17786,7256,8258,7324
E745S_02485,106,89,93,141,163,146
E745S_02486,275,329,256,353,427,368
E745S_02487,387,429,398,495,621,525
E745S_02489,647,720,677,2488,2873,2568
E745S_02490,7736,7415,7148,1765,2212,2286
E745S_02491,151872,179335,168877,52830,64731,60538
E745S_02492,70194,66076,61244,33028,38775,36192
E745S_02493,72998,69073,58887,20952,22428,21810
E745S_02494,110587,109708,105849,46460,54350,49583
E745S_02497,5,3,6,2,4,5
E745S_02498,1314,1382,1222,2181,2394,2279
E745S_02499,3498,2637,2703,1452,1966,1763
E745S_02500,10543,8394,7790,5180,5592,5307
E745S_02501,1059,1029,947,1425,1567,1397
E745S_02502,777,928,789,1591,1705,1518
E745S_02503,1576,1775,1835,1964,2559,2244
E745S_02504,801,825,701,1038,1119,1081
E745S_02505,7718,7304,6299,8888,10033,9212
E745S_02506,1104,1221,1144,1106,1431,1232
E745S_02507,5836,5932,5790,4341,5229,4751
E745S_02508,1924,1915,1756,1395,1513,1394
E745S_02509,5340,4783,4650,3275,3531,3191
E745S_02510,3207,3291,3295,2423,2825,2234
E745S_02511,19570,20145,17975,16043,18297,16101
E745S_02512,13859,14631,11706,8345,10117,8380
E745S_02513,16501,17561,16268,13286,14812,13122
E745S_02514,7382,7090,6060,7406,7608,6890
E745S_02515,1337,1163,1251,1481,1598,1537
E745S_02516,16113,16958,15239,14931,16100,15940
E745S_02517,852,690,665,784,776,849
E745S_02518,464,438,416,510,522,567
E745S_02519,420,320,319,417,479,458
E745S_02520,172,166,129,154,185,160
E745S_02521,646,522,583,148,178,171
E745S_02524,1047,1253,1090,4446,6164,5970
E745S_02525,773,752,730,870,1079,953
E745S_02526,469,552,501,633,706,623
E745S_02527,158,143,138,122,152,134
E745S_02528,416,421,400,433,571,590
E745S_02529,92,101,77,32,31,36
E745S_02530,95,112,109,37,36,42
E745S_02531,7735,8581,7051,34168,40039,38233
E745S_02532,15792,15080,13466,18582,21100,19005
E745S_02533,3465,3083,2840,2219,2417,2191
E745S_02534,3814,3459,3104,4221,5043,4611
E745S_02535,3331,3375,3183,6092,6268,5721
E745S_02536,1325,1316,1205,1483,1754,1613
E745S_02537,1198,1160,1013,1375,1530,1297
E745S_02538,1478,1400,1250,2629,3123,2856
E745S_02539,928,838,777,2075,2181,1986
E745S_02540,2160,2164,2072,3816,4706,4122
E745S_02541,2104,1968,1839,3142,3568,3185
E745S_02542,2567,3175,2809,4586,5322,4842
E745S_02543,255,242,236,168,218,205
E745S_02544,107,102,108,37,68,49
E745S_02545,8347,8244,7978,9860,10900,10109
E745S_02546,1664,1664,1519,1848,2318,2314
E745S_02547,166,159,163,225,243,238
E745S_02549,2253,2067,1722,2435,2443,2349
E745S_02550,1290,1391,1239,1241,1502,1409
E745S_02551,4649,4403,3998,6373,7241,6646
E745S_02552,5375,5426,4801,8054,8838,8137
E745S_02553,765,778,718,1582,1839,1707
E745S_02554,5932,5760,4890,15790,17580,16710
E745S_02555,4251,4169,4051,3751,4460,3849
E745S_02556,14496,14544,13350,9099,10524,9628
E745S_02557,9300,9585,8494,16706,19694,18194
E745S_02558,3710,3755,3340,480,554,452
E745S_02560,455,528,503,365,448,448
E745S_02561,4083,5275,4192,2262,2599,2467
E745S_02562,1832,1614,1565,1247,1341,1380
E745S_02563,1025,971,895,3014,3459,3266
E745S_02564,1027,1023,919,2925,3431,3151
E745S_02565,29,20,18,50,36,47
E745S_02566,129,142,104,77,92,113
E745S_02567,95,133,112,76,94,86
E745S_02568,237,216,188,822,975,861
E745S_02569,347,362,305,743,813,706
E745S_02570,4608,4309,4013,2991,3232,3191
E745S_02571,14659,13551,11494,8083,8521,8300
E745S_02572,458,452,462,212,264,228
E745S_02573,627,667,635,484,586,573
E745S_02574,681,618,549,223,202,240
E745S_02575,47709,52638,48628,38552,49456,42762
E745S_02576,33373,34164,32267,32532,32916,32056
E745S_02577,202,214,180,145,173,191
E745S_02578,2631,2466,2146,2987,3248,2861
E745S_02579,8253,8405,7247,9462,10201,9179
E745S_02580,1352,1387,1277,1622,1885,1755
E745S_02581,918,787,765,888,903,892
E745S_02582,6707,6406,5482,5607,6334,5628
E745S_02583,1011,1015,864,635,774,648
E745S_02584,3084,3135,2784,251,281,290
E745S_02585,13028,13082,11725,2550,3084,2578
E745S_02586,1280,1270,1220,369,440,373
E745S_02587,3387,3499,2898,1264,1566,1337
E745S_02588,2098,2181,1954,920,1114,1013
E745S_02589,1639,1421,1291,753,822,817
E745S_02590,1221,1302,1114,352,406,337
E745S_02591,2349,2224,2029,773,883,818
E745S_02592,1425,1148,1026,512,608,537
E745S_02593,1062,1075,873,465,537,451
E745S_02594,2871,2682,2514,1346,1574,1298
E745S_02595,1586,1698,1413,756,806,729
E745S_02596,1509,1546,1295,452,472,403
E745S_02597,698,784,613,156,194,165
E745S_02598,1332,1276,1093,344,412,376
E745S_02599,780,712,681,258,296,228
E745S_02600,1182,1228,1023,396,539,425
E745S_02601,693,589,546,276,369,321
E745S_02602,683,543,502,224,241,230
E745S_02603,929,863,811,466,584,553
E745S_02604,13,13,19,4,16,15
E745S_02605,800,737,673,340,384,321
E745S_02606,1248,1591,1258,733,782,733
E745S_02607,16,10,11,29,48,44
E745S_02608,13,9,11,41,55,71
E745S_02609,17,23,14,25,28,30
E745S_02610,4,5,8,6,6,6
E745S_02611,18,20,21,14,21,12
E745S_02612,5944,6036,5922,1176,1349,1272
E745S_02613,439,343,319,2514,2857,2566
E745S_02614,901,717,664,1056,1223,958
E745S_02615,2878,2736,2561,7776,8688,8334
E745S_02616,5252,5230,4597,5149,5946,5486
E745S_02617,652,528,533,236,235,240
E745S_02618,1243,1334,1163,1473,1745,1582
E745S_02619,7689,7651,7015,2734,3453,3026
E745S_02620,28,49,41,51,72,59
E745S_02621,2137,1984,1562,10505,11566,10612
E745S_02622,41,48,45,23,40,33
E745S_02623,111,59,98,81,57,91
E745S_02624,15948,13550,15503,8213,10244,9733
E745S_02625,3322,3366,3067,1887,2126,1939
E745S_02626,1796,1338,1311,1059,1146,1061
E745S_02627,7025,6424,5860,4027,4279,3901
E745S_02628,9135,9251,8754,5186,6509,5418
E745S_02629,484,451,405,463,534,528
E745S_02630,314,284,294,341,384,398
E745S_02631,104,79,82,117,152,140
E745S_02632,1137,1042,977,1475,1640,1510
E745S_02633,8787,9463,9097,3203,4243,3507
E745S_02635,26,32,29,92,114,95
E745S_02636,398,419,329,239,273,274
E745S_02637,128,133,96,137,134,121
E745S_02638,1656,1807,1520,1641,1788,1746
E745S_02639,1991,2230,2002,2878,3463,3117
E745S_02640,39,28,43,42,53,54
E745S_02641,89,90,90,150,137,124
E745S_02642,11,12,14,39,37,31
E745S_02643,4,7,7,13,16,16
E745S_02644,24,32,36,116,88,98
E745S_02645,40,31,34,39,49,69
E745S_02646,16,24,19,20,22,25
E745S_02647,1997,2081,1883,1809,2361,2038
E745S_02648,110,100,91,56,76,79
E745S_02649,98,155,115,59,72,78
E745S_02652,2,2,1,1,4,0
E745S_02655,274,306,267,74,83,69
E745S_02656,110,103,93,431,542,424
E745S_02657,9,37,27,8,19,3
E745S_02658,3344,3205,2879,3484,4144,3744
E745S_02659,12,20,11,5,9,3
E745S_02660,17,27,20,9,14,8
E745S_02661,57,58,62,53,52,56
E745S_02662,224,248,225,182,218,212
E745S_02663,550,485,579,127,173,149
E745S_02664,304,245,250,713,878,776
E745S_02666,67,93,78,53,83,50
E745S_02667,931,914,806,300,351,279
E745S_02668,2737,2561,2456,5737,6282,5800
E745S_02669,878,973,836,1632,1946,1705
E745S_02670,1672,1394,1269,1450,1789,1669
E745S_02671,845,799,708,755,864,840
E745S_02672,5371,5087,4633,5257,6601,5787
E745S_02673,477,454,371,286,326,315
E745S_02674,456,433,378,280,357,338
E745S_02675,616,613,520,744,840,786
E745S_02676,17518,20477,22568,4091,4378,4277
E745S_02677,4421,3429,3582,445,631,544
E745S_02678,390,448,373,332,340,315
E745S_02679,1013,1268,1251,632,725,634
E745S_02680,2924,2751,2521,2074,2275,2124
E745S_02681,15507,19648,18331,3808,5301,4324
E745S_02682,297,248,239,65,87,68
E745S_02683,21,9,19,10,20,15
E745S_02687,40,34,39,29,38,32
E745S_02689,57,34,36,19,40,28
E745S_02690,9,11,10,6,3,2
E745S_02692,1,3,2,4,3,2
E745S_02695,4,9,9,5,2,3
E745S_02696,1037,958,953,1667,1902,1695
E745S_02697,388,339,327,781,855,773
E745S_02698,9,16,14,5,7,3
E745S_02699,43,64,50,21,20,19
E745S_02701,32,37,43,13,21,10
E745S_02702,18,7,6,5,3,6
E745S_02703,17,15,11,5,7,6
E745S_02704,41,74,55,17,19,17
E745S_02705,127,136,133,54,63,59
E745S_02706,56,53,54,36,56,40
E745S_02707,72,84,50,30,40,42
E745S_02708,709,747,730,48,64,73
E745S_02709,489,491,421,100,120,116
E745S_02710,1073,1039,957,215,223,246
E745S_02711,3082,2659,2488,1598,1616,1467
E745S_02712,154,164,137,98,126,101
E745S_02713,31,44,25,30,37,34
E745S_02714,17,12,10,9,6,7
E745S_02715,35,26,25,26,25,30
E745S_02716,38,33,28,11,21,18
E745S_02717,7,3,2,2,2,5
E745S_02718,12,14,10,15,11,12
E745S_02719,17,16,13,25,26,27
E745S_02720,10,11,7,8,14,16
E745S_02721,13,22,9,10,6,12
E745S_02722,61,61,42,36,59,38
E745S_02723,45,37,38,26,30,34
E745S_02726,518,625,591,1367,1702,1574
E745S_02727,9,11,5,6,7,6
E745S_02728,1,2,1,3,2,3
E745S_02729,72,58,69,50,63,64
E745S_02730,70,76,62,69,72,43
E745S_02731,722,732,669,1056,1239,1160
E745S_02732,65,74,74,131,160,165
E745S_02733,73,70,67,43,41,43
E745S_02734,14,8,10,11,6,7
E745S_02735,18,22,26,11,14,7
E745S_02736,12,20,20,7,12,14
E745S_02737,63,55,51,41,44,38
E745S_02738,74,54,69,41,52,47
E745S_02740,832,838,809,285,351,317
E745S_02741,67,79,64,29,37,45
E745S_02742,310,215,196,195,229,173
E745S_02743,143,122,114,129,153,137
E745S_02744,307,361,252,322,383,388
E745S_02745,308,312,266,311,327,300
E745S_02747,21,20,22,8,10,13
E745S_02748,8,9,9,4,8,2
E745S_02749,10,20,11,20,18,25
E745S_02750,2803,2861,2391,325,412,346
E745S_02751,381,244,240,31,56,42
E745S_02752,762,803,674,163,182,187
E745S_02754,1,3,2,1,2,4
E745S_02755,77,56,56,54,68,46
E745S_02756,58,48,45,41,43,41
E745S_02757,69,61,53,53,49,45
E745S_02758,14,12,11,17,20,16
E745S_02759,3,11,6,10,6,9
E745S_02760,49,36,46,70,88,93
E745S_02761,59,58,48,53,50,51
E745S_02762,19,30,31,110,125,112
E745S_02763,1993,2177,1863,14388,15723,14876
E745S_02764,2306,2315,2055,2564,2850,2738
E745S_02765,2177,2234,1825,1992,2322,2147
E745S_02766,11,25,22,7,7,15
E745S_02767,149,172,146,171,214,167
E745S_02768,52,38,50,79,87,92
E745S_02769,460,484,497,490,587,577
E745S_02770,309,314,280,323,386,316
E745S_02771,252,239,250,270,369,314
E745S_02772,212,200,189,166,192,173
E745S_02773,3,5,5,3,4,8
E745S_02774,8,27,18,8,4,6
E745S_02775,36,35,30,63,88,74
E745S_02776,84,105,102,45,50,60
E745S_02777,1057,1020,858,34413,38547,33620
E745S_02778,574,579,470,10317,11852,9871
E745S_02779,219,181,192,2830,3152,2729
E745S_02780,50,51,35,203,237,180
E745S_02781,65,61,67,265,306,282
E745S_02782,10,10,12,45,55,49
E745S_02783,25,29,24,33,64,60
E745S_02784,735,766,677,779,916,788
E745S_02785,20,36,29,16,18,17
E745S_02786,429,354,376,460,483,408
E745S_02787,3,2,0,2,3,3
E745S_02788,117,140,97,131,177,153
E745S_02789,217,175,169,82,125,93
E745S_02790,682,668,633,568,636,605
E745S_02791,133,182,160,50,56,60
E745S_02792,608,622,580,391,438,401
E745S_02793,36,61,74,7,11,4
E745S_02794,511,526,520,327,419,331
E745S_02795,506,505,485,446,504,444
E745S_02796,16,25,23,20,29,40
E745S_02797,130,125,83,124,150,149
E745S_02798,282,300,260,238,259,236
E745S_02799,351,277,264,202,202,187
E745S_02800,2541,2547,2350,1519,1708,1528
E745S_02801,43,33,26,22,25,24
E745S_02803,43,51,46,59,100,90
E745S_02804,35,39,33,8,17,16
E745S_02805,4,1,1,2,4,5
E745S_02806,7,8,0,26,28,38
E745S_02807,189,134,160,211,189,186
E745S_02808,85,77,72,193,217,213
E745S_02809,223,239,231,626,813,725
E745S_02810,341,350,321,986,1147,985
E745S_02811,144,148,145,331,369,348
E745S_02812,55,55,51,177,157,146
E745S_02813,40,46,54,117,156,138
E745S_02814,58,46,70,120,125,121
E745S_02815,148,134,117,232,255,241
E745S_02816,23,33,21,14,15,20
E745S_02817,146,153,139,190,172,235
E745S_02818,158,135,119,619,707,849
E745S_02819,18,16,14,13,16,20
E745S_02820,24,23,21,13,27,13
E745S_02821,82,73,89,62,98,92
E745S_02822,57,49,45,32,37,33
E745S_02823,72,71,77,49,71,61
E745S_02824,136,155,148,124,151,140
E745S_02825,271,312,253,195,208,221
E745S_02826,271,269,247,118,121,127
E745S_02827,612,605,611,149,163,158
E745S_02828,467,426,453,173,190,175
E745S_02829,187,211,189,53,75,60
E745S_02830,1679,1567,1477,574,731,678
E745S_02831,893,844,787,344,432,350
E745S_02832,55,72,72,31,39,28
E745S_02833,7231,6576,5630,2363,2912,2571
E745S_02834,4116,4764,4240,1572,1963,1754
E745S_02835,195,162,181,64,112,64
E745S_02836,4,7,3,3,3,2
E745S_02837,173,170,144,103,126,101
E745S_02838,236,240,236,157,176,151
E745S_02841,4,3,4,5,3,8
E745S_02842,18,19,9,21,34,29
E745S_02843,151,153,148,211,255,200
E745S_02844,496,497,426,422,582,494
E745S_02845,103,115,97,73,95,83
E745S_02846,34,44,34,57,62,66
E745S_02847,493,482,458,292,362,343
E745S_02848,150,219,160,237,341,293
E745S_02849,19,15,21,14,12,8
E745S_02850,337,360,364,1119,1292,1163
E745S_02851,16,26,16,48,45,32
E745S_02852,495,586,501,398,448,367
E745S_02853,1289,1358,1215,1600,1870,1714
E745S_02854,535,511,454,858,922,849
E745S_02855,304,365,285,326,444,376
E745S_02856,657,684,683,319,388,336
E745S_02857,62,90,75,27,38,30
E745S_02858,940,1090,913,602,723,668
E745S_02859,1073,1202,1032,1871,2000,1847
E745S_02861,146,155,147,76,132,101
E745S_02863,525,442,445,206,278,220
E745S_02864,318,304,313,72,94,58
E745S_02865,611,580,541,251,294,278
E745S_02866,147,120,122,85,101,74
E745S_02868,14,7,12,11,11,7
E745S_02869,39,56,39,35,42,41
E745S_02870,136,121,122,130,182,175
E745S_02871,180,199,223,248,337,299
E745S_02872,2983,2891,2726,364,509,409
E745S_02873,8439,9119,8070,952,1141,1055
E745S_02874,4648,5304,4807,171,212,222
E745S_02875,191,249,162,155,167,176
E745S_02876,1010,934,818,150,171,151
E745S_02878,35,53,41,267,357,356
E745S_02879,198,245,205,247,267,238
E745S_02880,187,222,188,122,123,100
E745S_02881,7,4,12,11,15,11
E745S_02882,10,7,9,11,6,7
E745S_02883,3260,3487,3255,6031,7376,6554
E745S_02884,504,441,357,268,317,252
E745S_02885,881,942,717,462,548,484
E745S_02886,291,292,285,111,130,113
E745S_02887,38,48,46,26,24,27
E745S_02888,909,769,693,275,358,371
E745S_02889,155,156,145,84,115,102
E745S_02890,1028,1088,924,1114,1375,1278
E745S_02891,3,5,1,4,4,6
E745S_02892,191,210,218,31,68,48
E745S_02893,59,53,57,10,27,15
E745S_02894,20,20,18,18,26,23
E745S_02895,12,14,14,17,22,26
E745S_02896,9,7,6,16,15,23
E745S_02897,13,13,8,27,33,24
E745S_02898,1,4,5,5,1,3
E745S_02899,1,1,0,3,2,4
E745S_02900,4,2,1,2,6,6
E745S_02901,5,7,2,5,5,9
E745S_02902,26,20,18,60,66,47
E745S_02903,391,302,288,737,741,732
E745S_02904,99,105,98,135,150,141
E745S_02905,786,793,701,1259,1375,1238
E745S_02906,435,397,395,765,840,768
E745S_02907,15,23,23,43,55,46
E745S_02908,126,103,89,197,259,236
E745S_02909,92,101,105,213,278,235
E745S_02910,143,159,143,313,429,378
E745S_02911,9,7,4,17,31,22
E745S_02912,44,45,27,67,82,71
E745S_02913,22,28,23,55,66,49
E745S_02914,108,110,94,272,280,256
E745S_02915,23,16,16,30,39,49
E745S_02916,13,27,23,35,49,27
E745S_02917,19,32,20,35,39,48
E745S_02918,134,126,104,211,238,228
E745S_02919,7,7,8,19,14,13
E745S_02920,71,69,59,137,135,148
E745S_02921,48,53,37,99,118,97
E745S_02922,37,28,36,53,63,46
E745S_02927,29,19,18,41,59,41
E745S_02928,81,79,60,141,175,162
E745S_02929,0,1,3,1,1,6
E745S_02930,173,223,177,517,628,501
E745S_02931,267,258,229,580,593,601
E745S_02932,39,26,35,107,120,104
E745S_02933,104,106,70,111,136,138
E745S_02934,1077,1134,1158,900,1014,948
E745S_02935,589,579,541,1473,1814,1638
E745S_02936,45,51,51,121,147,159
E745S_02937,164,170,137,819,923,837
E745S_02938,228,169,186,718,700,817
E745S_02939,380,345,334,828,967,960
E745S_02940,618,558,505,1132,1293,1297
E745S_02941,169,152,143,286,342,318
E745S_02942,265,323,250,331,398,392
E745S_02943,182,200,189,297,377,387
E745S_02944,193,168,138,392,438,480
E745S_02945,33,33,33,61,90,87
E745S_02946,99,106,107,226,253,245
E745S_02947,152,116,130,402,415,404
E745S_02948,1249,1459,1288,601,650,593
E745S_02949,3,3,3,0,1,3
E745S_02954,79,52,66,41,52,36
E745S_02955,104,97,106,38,47,47
E745S_02956,156,154,148,66,88,85
E745S_02957,4,5,6,6,2,4
E745S_02958,319,285,273,142,156,134
E745S_02959,477,601,479,422,438,402
E745S_02960,395,341,312,310,344,299
E745S_02961,207,218,210,596,661,592
E745S_02962,16,21,19,18,19,16
E745S_02963,9,6,7,13,15,12
E745S_02964,28,25,23,31,40,29
E745S_02965,92,107,90,82,118,105
E745S_02966,475,533,519,471,596,507
E745S_02967,17,14,17,7,18,21
E745S_02968,73,66,61,40,62,48
E745S_02969,2381,2874,2472,7311,10383,8736
E745S_02970,1281,1513,1128,6395,7451,7133
E745S_02971,219,235,211,182,238,235
E745S_02972,991,824,725,971,1202,1043
E745S_02973,330,279,208,252,297,262
E745S_02974,18,24,20,16,17,8
E745S_02975,207,169,173,163,195,140
E745S_02976,14,11,15,3,8,5
E745S_02977,370,392,401,137,131,141
E745S_02978,409,440,452,221,281,245
E745S_02979,39,46,43,6,11,10
E745S_02980,761,750,658,200,250,228
E745S_02981,1189,1470,1201,582,781,671
E745S_02982,61,63,47,26,29,31
E745S_02983,73,60,58,30,38,50
E745S_02984,7,3,3,2,3,6
E745S_02985,12,10,12,3,2,3
E745S_02986,14,5,8,3,5,7
E745S_02987,97,80,73,45,49,37
E745S_02989,69,80,79,30,49,42
E745S_02990,70,64,56,34,36,38
E745S_02991,32,21,29,6,8,17
E745S_02992,37,39,28,208,211,196
E745S_02993,26,22,24,108,89,100
E745S_02994,1,4,3,7,10,15
E745S_02995,16,15,13,13,17,15
E745S_02996,28,26,27,9,13,12
E745S_02997,33,32,29,17,31,10
E745S_02998,38,32,32,16,13,18
E745S_02999,93,66,75,16,43,37
E745S_03000,51,34,41,19,24,24
E745S_03018,42,30,43,48,62,57
E745S_03019,107,121,130,194,221,202
E745S_03022,597,520,452,1070,1508,1221
E745S_03023,191,181,202,391,483,485
E745S_03024,607,580,544,772,820,819
E745S_03025,4631,4707,3949,10026,12871,12116
E745S_03026,58,48,47,18,9,24
E745S_03027,357,327,301,210,330,245
E745S_03028,80,76,75,54,77,55
E745S_03029,590,561,509,685,734,699
E745S_03031,21,26,28,88,109,100
E745S_03032,347,293,260,333,396,388
E745S_03033,443,401,360,429,522,497
E745S_03034,27781,25977,22512,126593,161517,145708
E745S_03035,5881,5864,5308,31170,36049,31473
E745S_03036,1372,1325,1163,1895,2309,1998
E745S_03037,306,252,247,533,700,580
E745S_03038,279,198,184,658,803,780
E745S_03039,205,187,192,285,401,329
E745S_03040,1906,2067,1717,2646,3097,2882
E745S_03041,18,23,17,29,49,46
E745S_03042,346,285,254,634,639,626
E745S_03043,471,516,478,247,301,249
E745S_03045,610,708,562,429,499,460
E745S_03046,1156,1147,1017,833,970,892
E745S_03047,262,257,344,779,999,814
E745S_03048,62,36,50,87,93,74
E745S_03049,371,401,312,625,760,663
E745S_03050,189,195,196,206,207,194
E745S_03052,3,5,6,17,22,24
E745S_03053,830,857,693,876,1080,1054
E745S_03054,1690,1736,1666,1805,2071,1942
E745S_03055,180,154,176,79,100,73
E745S_03060,1,0,0,6,6,2
E745S_03061,1,0,2,1,5,1
E745S_03070,62,53,59,20,31,28
E745S_03071,140,138,118,40,56,56
E745S_03074,59,46,48,10,24,18
E745S_03075,207,170,150,86,70,89
E745S_03076,102,94,92,25,48,49
E745S_03077,40,40,37,12,11,13
E745S_03078,138,101,114,26,32,31
E745S_03079,38,34,26,4,9,5
E745S_03081,76,71,61,32,62,45
E745S_03082,13,6,4,1,1,7
E745S_03083,0,2,0,1,7,2
E745S_03087,410,458,403,2546,2570,2190
E745S_03088,2,2,3,6,18,5
E745S_03090,357,309,305,594,687,623
E745S_03091,59,55,50,56,66,50
E745S_03092,566,476,503,574,687,682
E745S_03093,153,133,112,107,137,139
E745S_03094,8,6,6,5,10,4
E745S_03095,11,8,13,10,20,15
E745S_03096,805,860,805,1191,1263,1110
E745S_03097,687,681,630,1213,1373,1295
E745S_03098,1648,1901,1562,719,809,759
E745S_03099,0,2,0,7,6,6
E745S_03100,0,4,1,7,6,2
E745S_03105,774,661,640,4331,5382,4879
E745S_03106,0,2,2,1,6,4
E745S_03115,224,339,252,171,215,192
E745S_03116,920,969,785,802,939,866
E745S_03117,305,296,325,207,314,271
E745S_03118,351,331,288,252,323,261
E745S_03119,109,102,89,46,46,45
E745S_03120,47,32,32,48,44,48
E745S_03121,220,218,177,260,326,249
E745S_03128,99,101,84,163,273,239
E745S_03129,157,147,153,264,348,290
E745S_03130,18,16,19,48,65,46
E745S_03131,48,57,62,41,43,46
E745S_03132,9,9,17,9,17,16
E745S_03133,27,14,32,29,34,31
E745S_03134,13,27,18,13,32,32
E745S_03135,45,36,40,44,34,53
E745S_03136,6,9,9,8,10,8
E745S_03137,12,14,19,11,11,20
E745S_03138,17,11,19,13,20,18
E745S_03139,10,6,6,5,3,12
E745S_03140,14,14,17,21,20,22
E745S_03141,2,1,4,5,4,3
E745S_03142,59,74,58,62,56,57
E745S_03143,33,44,36,46,37,38
E745S_03144,49,35,33,47,66,46
E745S_03146,65,39,58,44,75,57
E745S_03147,411,391,382,431,453,457
E745S_03148,11,6,2,1,3,2
E745S_03149,18,20,16,10,6,3
E745S_03150,21,6,15,5,8,8
E745S_03151,25,33,19,18,26,16
E745S_03152,12,9,7,7,10,8
E745S_03153,7,15,6,9,16,22
E745S_03155,58,44,48,36,32,45
E745S_03156,34,47,32,25,47,38
E745S_03157,111,90,85,119,110,106
E745S_03158,5,8,13,5,7,8
E745S_03159,23,22,16,38,54,30
E745S_03160,1006,1220,1069,4142,4730,4297
E745S_03161,188,219,217,614,711,664
E745S_03162,128,110,93,142,170,131
E745S_03163,193,219,218,196,262,216
E745S_03164,93,120,111,152,142,146
