gene_id,baseMean,log2FoldChange,lfcSE,stat,pvalue,padj,ftype,gene_name,product_name,product_short,plot_label,COG,EC_number,expression_change
E745S_00099,3909.87286245477,3.829625356868,0.067313731065715,56.8921867238251,0,0,gene,yfiY,,,yfiY,,,Up in Serum
E745S_00122,64711.5232618083,3.09973338218104,0.0539716779287934,57.4325924472947,0,0,gene,argS,,,argS,,,Up in Serum
E745S_00127,28468.2801185969,-2.77332420261682,0.0602698022360355,-46.0151535217522,0,0,gene,rpsB,,,rpsB,,,Higher in BH
E745S_00147,3453.49392550433,2.60939254107348,0.0667229460370166,39.1078736185575,0,0,gene,gdhIV,,,gdhIV,,,Up in Serum
E745S_00148,2675.58318607064,3.14024003035304,0.0731212535470678,42.9456536645899,0,0,gene,glcU_1,,,glcU_1,,,Up in Serum
E745S_00189,25697.2041196501,-2.10563284880667,0.0505352159486406,-41.6666439289909,0,0,gene,tig,,,tig,,,Higher in BH
E745S_00192,2904.51487854044,2.99477280868875,0.0723403414042535,41.3983781463418,0,0,gene,,,,E745S_00192,,,Up in Serum
E745S_00195,5478.67555230486,-5.40883919043593,0.0842047666177844,-64.2343587862111,0,0,gene,glcR,,,glcR,,,Higher in BH
E745S_00196,8882.85743506652,-6.02479987198871,0.101628112606458,-59.2828078517899,0,0,gene,lacC_1,,,lacC_1,,,Higher in BH
E745S_00197,8201.29999322004,-5.49459712013912,0.0716205671046613,-76.7181459497479,0,0,gene,fruA_1,,,fruA_1,,,Higher in BH
E745S_00272,5014.33228953546,4.66554789361698,0.0736012473265046,63.389522094918,0,0,gene,,,,E745S_00272,,,Up in Serum
E745S_00312,1240.66057033665,5.00735135299301,0.120007915706271,41.7251755729921,0,0,gene,,,,E745S_00312,,,Up in Serum
E745S_00313,938.639832245033,4.36578940454381,0.114025148941378,38.2879517814823,0,0,gene,yidA_1,,,yidA_1,,,Up in Serum
E745S_00314,3765.90330171384,7.36346575921786,0.135306398968511,54.4206764451069,0,0,gene,gspA_1,,,gspA_1,,,Up in Serum
E745S_00315,2396.71782600505,7.02851100421592,0.14969561232549,46.9520174641693,0,0,gene,gspA_2,,,gspA_2,,,Up in Serum
E745S_00317,3540.36562393935,6.9852789718805,0.131924191006738,52.9491893683375,0,0,gene,,,,E745S_00317,,,Up in Serum
E745S_00319,2642.20322109934,3.4853276768226,0.0912687601593506,38.1875207983257,0,0,gene,,,,E745S_00319,,,Up in Serum
E745S_00322,10356.5127004844,4.33688499469935,0.0798991284660171,54.2795031430653,0,0,gene,,,,E745S_00322,,,Up in Serum
E745S_00323,1575.10045603043,3.58145026990341,0.0872479354411943,41.0491119565498,0,0,gene,,,,E745S_00323,,,Up in Serum
E745S_00328,7497.1105294909,3.17362356417877,0.0760297742261392,41.7418517479652,0,0,gene,,,,E745S_00328,,,Up in Serum
E745S_00330,6308.98355180231,3.15180642812711,0.0706541262357079,44.6089506168746,0,0,gene,,,,E745S_00330,,,Up in Serum
E745S_00337,2794.27597778428,-3.02080961898466,0.0719404908410177,-41.9903948898597,0,0,gene,dxs,,,dxs,,,Higher in BH
E745S_00349,9499.72348167996,-4.57702536892292,0.0707589460470023,-64.6847589544732,0,0,gene,ahpF,,,ahpF,,,Higher in BH
E745S_00350,2948.3062193366,-4.94581321727125,0.0956852372032665,-51.6883624039593,0,0,gene,ahpC,,,ahpC,,,Higher in BH
E745S_00377,1894.58476073324,-3.07447121729113,0.0774736407137112,-39.6840936990717,0,0,gene,nupC,,,nupC,,,Higher in BH
E745S_00378,2957.89265781886,-3.1960744112003,0.070347285150814,-45.4328039006538,0,0,gene,,,,E745S_00378,,,Higher in BH
E745S_00387,3787.57351871152,-2.49358272468524,0.0654175203733236,-38.1179645828045,0,0,gene,murJ_1,,,murJ_1,,,Higher in BH
E745S_00397,11597.8635048162,5.61690925192739,0.0750937470416185,74.7986280244397,0,0,gene,ysnF,,,ysnF,,,Up in Serum
E745S_00415,2339.10836572001,4.80594726578301,0.104400557989314,46.0337316039531,0,0,gene,,,,E745S_00415,,,Up in Serum
E745S_00432,4826.80100356182,3.06135988117614,0.060731223199077,50.4083356124904,0,0,gene,,,,E745S_00432,,,Up in Serum
E745S_00454,12595.9836891606,3.66931089138715,0.0648535736096904,56.5783917085316,0,0,gene,fhs1,,,fhs1,,,Up in Serum
E745S_00460,14041.6279625779,-2.09060705168288,0.0520653295261885,-40.153535389252,0,0,gene,alaS,,,alaS,,,Higher in BH
E745S_00491,2026.61536489545,3.51877436810241,0.0813569962516171,43.2510359308216,0,0,gene,,,,E745S_00491,,,Up in Serum
E745S_00499,16762.6535176743,2.86193618867694,0.0543981739545828,52.6108871056294,0,0,gene,gap_1,,,gap_1,,,Up in Serum
E745S_00504,4365.47592354963,-3.25974332165064,0.0686864539180657,-47.4583143502954,0,0,gene,fabZ_1,,,fabZ_1,,,Higher in BH
E745S_00505,6974.58443086729,-3.64478928420253,0.0745928043971071,-48.8624782733585,0,0,gene,fabI,,,fabI,,,Higher in BH
E745S_00518,3377.61056638008,-2.83319092941274,0.0666494560194971,-42.5088380103798,0,0,gene,pheS,,,pheS,,,Higher in BH
E745S_00533,14220.2616136909,7.74564612531994,0.0992650913702359,78.0299097940732,0,0,gene,,,,E745S_00533,,,Up in Serum
E745S_00585,32694.7452295925,5.82401719086055,0.0839956457026544,69.3371322065627,0,0,gene,ydhF,,,ydhF,,,Up in Serum
E745S_00588,7736.22116927593,8.08869273941845,0.21018408495898,38.4838497215288,0,0,gene,purN,,,purN,,,Up in Serum
E745S_00596,28325.969496615,3.74233500504664,0.0594127077352561,62.988797307851,0,0,gene,purB,,,purB,,,Up in Serum
E745S_00597,9688.70825335528,3.48257393859392,0.0585979500693012,59.4316684197184,0,0,gene,purK,,,purK,,,Up in Serum
E745S_00598,3107.17082126812,5.65588680763547,0.102897031396565,54.9664721214131,0,0,gene,purE,,,purE,,,Up in Serum
E745S_00663,6840.39205379449,-2.31604682273842,0.059578664642447,-38.873761885028,0,0,gene,topA,,,topA,,,Higher in BH
E745S_00667,1713.18786408476,5.11255769758151,0.104471053393669,48.9375528579798,0,0,gene,,,,E745S_00667,,,Up in Serum
E745S_00668,4258.12344638716,4.93610385928927,0.0799736787029986,61.7216056500374,0,0,gene,folT_1,,,folT_1,,,Up in Serum
E745S_00717,21258.0538395639,2.91359658265088,0.0723497110156117,40.2710189405205,0,0,gene,tuf_1,,,tuf_1,,,Up in Serum
E745S_00813,14171.787757361,4.30764960083769,0.0708438812571477,60.8048221582026,0,0,gene,pbuO,,,pbuO,,,Up in Serum
E745S_00824,8449.2884499023,-2.35831967690395,0.0561521242449524,-41.9987615538151,0,0,gene,yeeN,,,yeeN,,,Higher in BH
E745S_00825,4438.75851758608,-3.08084063493402,0.0649160876477566,-47.4588156275079,0,0,gene,tmcAL,,,tmcAL,,,Higher in BH
E745S_00826,7788.32704383636,-2.49110881648681,0.0555384988676557,-44.853729706,0,0,gene,COQ5_1,,,COQ5_1,,,Higher in BH
E745S_00827,4434.33455138406,-2.56725137804043,0.0614274768893195,-41.7932089684576,0,0,gene,rsfS,,,rsfS,,,Higher in BH
E745S_00828,6684.89057797912,-2.40860256042079,0.0583217919849764,-41.2985005851885,0,0,gene,,,,E745S_00828,,,Higher in BH
E745S_00831,9855.36714978676,-2.9640534162124,0.0573474486775349,-51.6858811431925,0,0,gene,yqeH,,,yqeH,,,Higher in BH
E745S_00832,6687.04542119896,-3.69185550347479,0.0646003262195016,-57.1491774040034,0,0,gene,,,,E745S_00832,,,Higher in BH
E745S_00833,14034.428159724,-4.86452496706948,0.0743931416091674,-65.3894278672327,0,0,gene,accA,,,accA,,,Higher in BH
E745S_00834,13842.6974722043,-4.8602729115979,0.0716608815942031,-67.8232363804893,0,0,gene,accD,,,accD,,,Higher in BH
E745S_00835,27144.7137520216,-5.20971568751552,0.0620525858503142,-83.9564639591751,0,0,gene,cfiB,,,cfiB,,,Higher in BH
E745S_00836,8023.7938077425,-5.34996966100242,0.0953005661556063,-56.137858113739,0,0,gene,fabZ_2,,,fabZ_2,,,Higher in BH
E745S_00837,10113.4533277781,-5.22639672527,0.0891343698003503,-58.6350331188347,0,0,gene,accB,,,accB,,,Higher in BH
E745S_00838,19409.251849462,-5.2434611790518,0.0763770197894873,-68.6523406320906,0,0,gene,fabF,,,fabF,,,Higher in BH
E745S_00839,17935.144266645,-5.48831786172244,0.0695656589041653,-78.8940685415376,0,0,gene,fabG_2,,,fabG_2,,,Higher in BH
E745S_00840,16619.1694305191,-5.63768069222127,0.0751654284731198,-75.0036393957016,0,0,gene,fabD,,,fabD,,,Higher in BH
E745S_00841,11776.7891166773,-5.69991813730428,0.0861180388221999,-66.1872729019338,0,0,gene,acpA,,,acpA,,,Higher in BH
E745S_00842,18298.3859593607,-4.47235530270468,0.0702361352580275,-63.6759879551249,0,0,gene,fabH,,,fabH,,,Higher in BH
E745S_00843,10012.2137787531,-4.46510691124962,0.0692308395275645,-64.4959232290086,0,0,gene,,,,E745S_00843,,,Higher in BH
E745S_00853,22393.9602288223,4.3616463248884,0.075454630281876,57.8048863084292,0,0,gene,,,,E745S_00853,,,Up in Serum
E745S_00880,11341.8906147761,-2.25715375174052,0.0547094121743144,-41.2571377032676,0,0,gene,greA,,,greA,,,Higher in BH
E745S_00899,11790.5546404201,-2.01062213532026,0.0530075435515255,-37.9308679596868,0,0,gene,arnC_2,,,arnC_2,,,Higher in BH
E745S_00936,945.503752656586,4.54785535347828,0.117454989968427,38.7199841803297,0,0,gene,,,,E745S_00936,,,Up in Serum
E745S_00972,2793.39519662315,4.59383773861809,0.0838061891688919,54.8150176517426,0,0,gene,,,,E745S_00972,,,Up in Serum
E745S_00973,1367.16705871518,4.51925601343973,0.101395104691911,44.570751489152,0,0,gene,,,,E745S_00973,,,Up in Serum
E745S_00983,3232.74512686779,5.20003523825021,0.0860744531908058,60.4132241969986,0,0,gene,,,,E745S_00983,,,Up in Serum
E745S_00985,1331.26896413315,5.45847914701111,0.126098161896637,43.2875393654463,0,0,gene,,,,E745S_00985,,,Up in Serum
E745S_00986,1810.00063880079,3.89630532572614,0.0885740935501685,43.9892204318102,0,0,gene,,,,E745S_00986,,,Up in Serum
E745S_01026,49876.3742017757,-3.09009480732872,0.0500649759514172,-61.721687639026,0,0,gene,rplL,,,rplL,,,Higher in BH
E745S_01027,109008.599943521,-2.87479521892189,0.0742316076425924,-38.7273738265693,0,0,gene,rplJ,,,rplJ,,,Higher in BH
E745S_01028,25641.429405334,-2.54861192390544,0.0578546908012023,-44.0519496104968,0,0,gene,rplA,,,rplA,,,Higher in BH
E745S_01029,30212.212887547,-2.61877115238781,0.0565510491259646,-46.3080914123206,0,0,gene,rplK,,,rplK,,,Higher in BH
E745S_01087,4766.54975203309,-2.42314880585259,0.0616905604301804,-39.2790856324776,0,0,gene,ackA,,,ackA,,,Higher in BH
E745S_01088,4066.99507858479,-3.48674958631528,0.0706530968843968,-49.3502725297424,0,0,gene,,,,E745S_01088,,,Higher in BH
E745S_01096,2522.10783318769,2.86741254899327,0.0735760870849005,38.9720718048586,0,0,gene,adeC,,,adeC,,,Up in Serum
E745S_01158,21533.6956349629,-4.37878645661549,0.0627219780993948,-69.8126332954053,0,0,gene,,,,E745S_01158,,,Higher in BH
E745S_01159,15993.4205835106,-4.15650107119678,0.067031064155014,-62.0085795085184,0,0,gene,,,,E745S_01159,,,Higher in BH
E745S_01162,24420.4465424229,2.4487640585475,0.0519024386171736,47.1801349568427,0,0,gene,,,,E745S_01162,,,Up in Serum
E745S_01217,162879.659751573,2.0057197540062,0.0498339107937223,40.2480905483916,0,0,gene,,,,E745S_01217,,,Up in Serum
E745S_01361,18477.4214371488,-3.00238697680595,0.0643511788633956,-46.6562855542927,0,0,gene,rpsI,,,rpsI,,,Higher in BH
E745S_01362,29208.1483674067,-4.01245888532666,0.0606038671811462,-66.2079677742897,0,0,gene,rplM,,,rplM,,,Higher in BH
E745S_01477,34707.3025169379,-2.30951459723275,0.0520875991770952,-44.3390487125451,0,0,gene,rpsL,,,rpsL,,,Higher in BH
E745S_01481,6276.38216684184,-2.5846182775128,0.0675613417056843,-38.2558755089872,0,0,gene,rpsJ,,,rpsJ,,,Higher in BH
E745S_01486,15525.0745051061,-2.61088017047144,0.0569570346409225,-45.8394680645044,0,0,gene,rpsS,,,rpsS,,,Higher in BH
E745S_01487,15793.4674273475,-2.4454490799748,0.0617341161255567,-39.6126037505935,0,0,gene,rplV,,,rplV,,,Higher in BH
E745S_01491,32059.0388597188,-2.56243094739008,0.0607028785009135,-42.2126760817696,0,0,gene,rpsQ,,,rpsQ,,,Higher in BH
E745S_01492,17786.4344108205,-2.59009246064205,0.0546307923195285,-47.4108529397291,0,0,gene,rplN,,,rplN,,,Higher in BH
E745S_01493,37096.109476736,-2.53578987713392,0.063395485458772,-39.9995340170244,0,0,gene,rplX,,,rplX,,,Higher in BH
E745S_01494,20710.6779587459,-2.60813482655191,0.0571888310062199,-45.6056677617391,0,0,gene,rplE,,,rplE,,,Higher in BH
E745S_01495,12613.3520952741,-2.75595436829852,0.068666832097729,-40.1351610975173,0,0,gene,rpsZ,,,rpsZ,,,Higher in BH
E745S_01497,25723.1900343959,-2.33340412337668,0.0526261612492302,-44.3392424601522,0,0,gene,rplF,,,rplF,,,Higher in BH
E745S_01498,24129.7884626752,-2.62332542466249,0.0580495993512578,-45.1911030218963,0,0,gene,rplR,,,rplR,,,Higher in BH
E745S_01499,33528.4267218803,-2.48412723962324,0.0590755414289365,-42.0500122307209,0,0,gene,rpsE,,,rpsE,,,Higher in BH
E745S_01500,7122.05544980376,-2.61781582972627,0.0578030853787098,-45.2885137977509,0,0,gene,rpmD,,,rpmD,,,Higher in BH
E745S_01501,25959.8525684488,-2.7664914354094,0.0727139216450294,-38.0462416662753,0,0,gene,rplO,,,rplO,,,Higher in BH
E745S_01502,83625.2822310438,-2.72055191538325,0.0565307656800222,-48.125155968738,0,0,gene,secY,,,secY,,,Higher in BH
E745S_01503,25919.6311699199,-2.94858804997796,0.054359657834575,-54.2422113647401,0,0,gene,adk,,,adk,,,Higher in BH
E745S_01506,16121.3160546389,-2.34176528455467,0.0544645557206033,-42.9961330551864,0,0,gene,rpsM,,,rpsM,,,Higher in BH
E745S_01507,12939.882093883,-2.54595218590299,0.0604171006670998,-42.1395955415218,0,0,gene,rpsK,,,rpsK,,,Higher in BH
E745S_01509,56349.2743657648,-2.27545684555591,0.0580331696848561,-39.2095909617305,0,0,gene,rplQ,,,rplQ,,,Higher in BH
E745S_01534,31935.0318578041,2.14009830059438,0.053018300222909,40.3652756047742,0,0,gene,,,,E745S_01534,,,Up in Serum
E745S_01541,2513.3155563513,5.94376400713876,0.109632949521971,54.2151244954655,0,0,gene,yclN,,,yclN,,,Up in Serum
E745S_01542,4828.22277495355,5.82593356774139,0.0953042152440637,61.1298624391566,0,0,gene,yclO,,,yclO,,,Up in Serum
E745S_01543,3052.00676323821,5.53656489943636,0.101298139440277,54.6561361346682,0,0,gene,yclP,,,yclP,,,Up in Serum
E745S_01544,9911.70017402592,5.95948020614702,0.0845481055189314,70.4862654174151,0,0,gene,yclQ,,,yclQ,,,Up in Serum
E745S_01555,9625.3360487933,-2.27580478598778,0.0598004455956871,-38.056652643938,0,0,gene,gla,,,gla,,,Higher in BH
E745S_01562,15383.8153219676,5.92124757925623,0.0716476941259688,82.6439378334447,0,0,gene,bioY2,,,bioY2,,,Up in Serum
E745S_01581,8096.39036194336,2.5431320220875,0.0577566192806061,44.0318712169057,0,0,gene,brnQ_1,,,brnQ_1,,,Up in Serum
E745S_01637,53404.1385718774,5.09385721346668,0.0630286990613574,80.8180604919022,0,0,gene,adhE,,,adhE,,,Up in Serum
E745S_01763,5140.14847028644,-4.7720922913019,0.0722418712107877,-66.0571523317532,0,0,gene,,,,E745S_01763,,,Higher in BH
E745S_01764,1782.58168628455,-4.11569208956706,0.0900068923112425,-45.7264103212791,0,0,gene,gadC_2,,,gadC_2,,,Higher in BH
E745S_01781,1574.67200327513,-3.38065261080099,0.0834147503760675,-40.528235061061,0,0,gene,,,,E745S_01781,,,Higher in BH
E745S_01809,2741.92747983449,-2.73950866450484,0.067606679644881,-40.5212721419646,0,0,gene,treA,,,treA,,,Higher in BH
E745S_01820,1455.47181028591,3.52890225693822,0.0890783135609134,39.6157281819788,0,0,gene,spxA_4,,,spxA_4,,,Up in Serum
E745S_01822,1029.53612831823,3.661994793223,0.0974008329850734,37.5971609378761,0,0,gene,bsaA,,,bsaA,,,Up in Serum
E745S_01827,3728.51680803407,3.52673204313775,0.0756775923654369,46.6020645332853,0,0,gene,lysA,,,lysA,,,Up in Serum
E745S_01828,2759.46632836401,3.21284509078751,0.0753196702791739,42.6561226155005,0,0,gene,dapF,,,dapF,,,Up in Serum
E745S_01863,5676.39886162434,3.17591783549505,0.0835328882134853,38.0199691812205,0,0,gene,ohrB_1,,,ohrB_1,,,Up in Serum
E745S_01864,1979.65377577587,4.21548357495017,0.0953123944335422,44.2280733791602,0,0,gene,rclA,,,rclA,,,Up in Serum
E745S_01865,1518.43502965258,4.34109623564472,0.10325371131039,42.0430043680949,0,0,gene,,,,E745S_01865,,,Up in Serum
E745S_01905,1444.34073032784,4.83504732502291,0.107166733390416,45.1170542579524,0,0,gene,arcD1_1,,,arcD1_1,,,Up in Serum
E745S_01906,1834.65075866099,4.96266791303671,0.104430368115078,47.5213101572911,0,0,gene,vioD,,,vioD,,,Up in Serum
E745S_01945,8161.08580708186,-2.61306167258068,0.0620221711258784,-42.1310899819563,0,0,gene,prsA_3,,,prsA_3,,,Higher in BH
E745S_01964,1843.70632918407,-4.89547350456875,0.106188680407879,-46.1016511907377,0,0,gene,yvdD,,,yvdD,,,Higher in BH
E745S_01965,2609.32219406255,-4.16685189814782,0.0786002902214712,-53.0131871829853,0,0,gene,,,,E745S_01965,,,Higher in BH
E745S_01966,3282.96091503816,-3.70838768632469,0.0731162468575816,-50.7190651285483,0,0,gene,,,,E745S_01966,,,Higher in BH
E745S_01984,1468.99132022333,4.14189372112786,0.0963295400788647,42.9971296212657,0,0,gene,yvbW,,,yvbW,,,Up in Serum
E745S_02034,2586.41215943962,5.03516135331728,0.0996586468404684,50.5240790734141,0,0,gene,,,,E745S_02034,,,Up in Serum
E745S_02035,913.110960718276,4.74485083356474,0.125986498901478,37.6615817959609,0,0,gene,,,,E745S_02035,,,Up in Serum
E745S_02051,4277.2376138675,-2.31523922932995,0.0610553234341575,-37.920349923733,0,0,gene,pyrG,,,pyrG,,,Higher in BH
E745S_02095,2654.78156942776,-2.94082917349369,0.0753750806204298,-39.0159340366476,0,0,gene,dauA,,,dauA,,,Higher in BH
E745S_02097,37348.9804914264,-2.4281734442841,0.0600684107270678,-40.4234674247829,0,0,gene,rplU,,,rplU,,,Higher in BH
E745S_02134,7912.73721709348,-2.19396153745684,0.0551582672354214,-39.7757516220149,0,0,gene,ileS,,,ileS,,,Higher in BH
E745S_02142,1655.30802210469,5.48690784669931,0.130232894146575,42.131505121309,0,0,gene,ptcB_1,,,ptcB_1,,,Up in Serum
E745S_02158,1140.15854068247,4.3112601935387,0.104734071076568,41.1638748424747,0,0,gene,,,,E745S_02158,,,Up in Serum
E745S_02293,2492.9723496635,3.46199032320635,0.0758919858924046,45.6173373577886,0,0,gene,,,,E745S_02293,,,Up in Serum
E745S_02295,73558.7077022769,7.32492800954091,0.0827027354359329,88.569355909821,0,0,gene,dppE,,,dppE,,,Up in Serum
E745S_02296,3009.14184287937,6.41988685760502,0.118643284893374,54.1108320068399,0,0,gene,,,,E745S_02296,,,Up in Serum
E745S_02297,6817.77434972488,6.98992824404072,0.100574736775388,69.4998412936565,0,0,gene,oppB,,,oppB,,,Up in Serum
E745S_02298,5996.38521916551,6.38185572384522,0.0927648664569278,68.796042807957,0,0,gene,dppC,,,dppC,,,Up in Serum
E745S_02299,12070.7692161398,6.02778981428643,0.0724959057387225,83.1466239764045,0,0,gene,oppD_2,,,oppD_2,,,Up in Serum
E745S_02300,10484.543033856,5.8848133414855,0.0770670233349974,76.3596813114891,0,0,gene,oppF_2,,,oppF_2,,,Up in Serum
E745S_02301,14594.0093558742,5.80140762120325,0.0709965227290948,81.7139684902596,0,0,gene,,,,E745S_02301,,,Up in Serum
E745S_02310,9887.40913990649,5.66169136465865,0.0885088654774607,63.9675057873207,0,0,gene,niaX,,,niaX,,,Up in Serum
E745S_02313,93208.5681314853,3.89397257599401,0.0664238305635538,58.6231258112748,0,0,gene,folT_2,,,folT_2,,,Up in Serum
E745S_02357,6315.66109616759,2.48279565124951,0.0629353921290953,39.4499115244521,0,0,gene,,,,E745S_02357,,,Up in Serum
E745S_02366,6870.50720406839,2.68325239187009,0.0617586715109431,43.4473787441274,0,0,gene,pepC,,,pepC,,,Up in Serum
E745S_02531,23592.9650111145,2.45728694430403,0.0594999261520837,41.2989914982941,0,0,gene,hpf,,,hpf,,,Up in Serum
E745S_02584,1547.28019888589,-3.26274266860948,0.0819381617792045,-39.8195736609453,0,0,gene,glyQ,,,glyQ,,,Higher in BH
E745S_02763,8938.77192714731,3.09078973332348,0.0609747935238763,50.6896301684596,0,0,gene,bglF_4,,,bglF_4,,,Up in Serum
E745S_02777,19396.7901705203,5.37512058376686,0.0678307086958643,79.2431729980523,0,0,gene,ohrB_2,,,ohrB_2,,,Up in Serum
E745S_02778,5942.22506611291,4.49482469823824,0.0759974311091698,59.1444293923758,0,0,gene,,,,E745S_02778,,,Up in Serum
E745S_02779,1640.57064018357,4.06929829887734,0.0936018334804563,43.4745575761291,0,0,gene,hsdS,,,hsdS,,,Up in Serum
E745S_02873,4548.91507444594,-2.83673969871417,0.0630623908041437,-44.9830661752801,0,0,gene,scrB_2,,,scrB_2,,,Higher in BH
E745S_02874,2407.42087239227,-4.42139927797253,0.0927309794432983,-47.6798509464257,0,0,gene,,,,E745S_02874,,,Higher in BH
E745S_03034,88693.5302711407,2.6960982823684,0.062902516322533,42.8615330513033,0,0,gene,,,,E745S_03034,,,Up in Serum
E745S_03035,20178.6090057966,2.72273025675713,0.055009320331982,49.4957988996303,0,0,gene,,,,E745S_03035,,,Up in Serum
E745S_03105,2909.21391028005,3.00133790371032,0.0732911616380338,40.9508846173452,0,0,gene,yoeB,,,yoeB,,,Up in Serum
E745S_01659,7001.38429520807,-2.09067286332174,0.0557365691060634,-37.5098951523786,6.35337312011614e-308,1.11413669594326e-306,gene,rpmI,,,rpmI,,,Higher in BH
E745S_01660,12429.2734783897,-2.26307257912171,0.060404117320841,-37.4655351240583,3.35529108387924e-307,5.84865409890566e-306,gene,rplT,,,rplT,,,Higher in BH
E745S_01729,2392.91368809319,-2.69374437865427,0.0719007223877967,-37.4647748895422,3.45230144733904e-307,5.98193423404997e-306,gene,pbuG,,,pbuG,,,Higher in BH
E745S_00537,1071.7006917813,3.47500450841411,0.0927637651233526,37.4607962903751,4.00761600853413e-307,6.90305929043956e-306,gene,,,,E745S_00537,,,Up in Serum
E745S_00980,1000.10854007666,4.91301751628152,0.131162498072897,37.4574866174854,4.53698314925056e-307,7.76891643968728e-306,gene,,,,E745S_00980,,,Up in Serum
E745S_00047,3322.86495862154,2.34162803684098,0.0628931462632174,37.2318476013413,2.08416711809179e-303,3.54795934547672e-302,gene,,,,E745S_00047,,,Up in Serum
E745S_00593,3631.41088367041,9.37839833456076,0.251998775822352,37.2160471968805,3.75446798930886e-303,6.35421878888261e-302,gene,purS,,,purS,,,Up in Serum
E745S_00025,4056.40709975663,3.35950867875594,0.0903043319971219,37.2020766275421,6.31642444118494e-303,1.06283881782019e-301,gene,,,,E745S_00025,,,Up in Serum
E745S_00720,6857.47564090478,2.39517480523236,0.0645533004835781,37.1038318302823,2.43685453390653e-301,4.0768296254034e-300,gene,yvgN,,,yvgN,,,Up in Serum
E745S_00128,33647.0011452022,-2.15983664718165,0.0582662608453749,-37.0683928545432,9.07892795923567e-301,1.51021481653343e-299,gene,tsf,,,tsf,,,Higher in BH
E745S_00388,2268.3757783741,-2.70031902044024,0.0730802915106084,-36.9500307760576,7.27516647250252e-299,1.20329600008266e-297,gene,degV,,,degV,,,Higher in BH
E745S_01496,19571.5677249865,-2.7144578928489,0.0735980917887811,-36.8821776064399,8.92263790342404e-298,1.46744626761963e-296,gene,rpsH,,,rpsH,,,Higher in BH
E745S_01440,6433.51294958227,-2.03620282466928,0.0552479655722479,-36.8557068767814,2.3694817435082e-297,3.87503446929908e-296,gene,ybiT_3,,,ybiT_3,,,Higher in BH
E745S_00143,2420.9781051794,2.58572398189948,0.0702022758748134,36.8324808516238,5.57918422759124e-297,9.07318731090397e-296,gene,xpkA_1,,,xpkA_1,,,Up in Serum
E745S_01974,3009.137339902,2.52980135230096,0.0687952006162894,36.772933716861,5.00065486463803e-296,8.08717017275628e-295,gene,ndk,,,ndk,,,Up in Serum
E745S_00247,6949.7626334498,2.54117278329353,0.0694396535621291,36.5954127495739,3.3833134122127e-293,5.44133996848131e-292,gene,,,,E745S_00247,,,Up in Serum
E745S_01478,34770.2277656728,-2.01419043719738,0.0550628957496681,-36.579813135046,5.98965560705939e-293,9.58015795173071e-292,gene,rpsG,,,rpsG,,,Higher in BH
E745S_01485,32064.5616592577,-2.20309001999036,0.0603517308440108,-36.5041729405345,9.5215642629553e-292,1.5146051130854e-290,gene,rplB,,,rplB,,,Higher in BH
E745S_01614,17298.7406893802,-1.90315296974872,0.0521764268590404,-36.4753411514796,2.72870731172101e-291,4.31699292631513e-290,gene,cshA,,,cshA,,,Higher in BH
E745S_02052,118518.577623601,-2.23042110717498,0.0613926029721657,-36.3304534943113,5.34928250270765e-289,8.41716830561187e-288,gene,fba,,,fba,,,Higher in BH
E745S_01061,16012.2499074457,2.20384023498554,0.0607111649915797,36.300410892975,1.59394713912363e-288,2.49461296881124e-287,gene,spxA_3,,,spxA_3,,,Up in Serum
E745S_00367,4133.64332757259,-2.3447388874177,0.0649782436212509,-36.0849840922887,3.90117718043812e-285,6.07290201724886e-284,gene,cfa,,,cfa,,,Higher in BH
E745S_01003,2205.47388055198,-2.65715524697448,0.0736553525237266,-36.0755214105931,5.4901532099451e-285,8.50097659263307e-284,gene,,,,E745S_01003,,,Higher in BH
E745S_01599,6290.6174437301,2.20592680125556,0.0611758750431458,36.0587698941743,1.00502678619141e-284,1.5479539548165e-283,gene,ctc,,,ctc,,,Up in Serum
E745S_00974,863.474206706072,4.4335464253428,0.123091475631585,36.0183059191887,4.32493782924083e-284,6.62626001101056e-283,gene,,,,E745S_00974,,,Up in Serum
E745S_00984,2834.22494657271,2.35122022126563,0.0656990245592686,35.7877493164992,1.7128338345828e-280,2.61050224736677e-279,gene,,,,E745S_00984,,,Up in Serum
E745S_01519,775.160781446591,4.98965270617153,0.139426448916338,35.7869883723822,1.76015633127388e-280,2.66865368767618e-279,gene,,,,E745S_01519,,,Up in Serum
E745S_02331,9785.49472428152,2.87527356426302,0.0807547376319641,35.6050140038464,1.17174554863436e-277,1.76733227568633e-276,gene,,,,E745S_02331,,,Up in Serum
E745S_02558,1945.51400251606,-2.67227540958608,0.0750663883820077,-35.5988274803772,1.46070642784198e-277,2.19181258322062e-276,gene,nfo,,,nfo,,,Higher in BH
E745S_02621,6692.68013743173,2.71945715643791,0.0765286045281616,35.5351724130444,1.40795987793672e-276,2.1018313870122e-275,gene,,,,E745S_02621,,,Up in Serum
E745S_01780,919.870999630044,-4.19327696820025,0.118282436395489,-35.4513915673803,2.76093830634676e-275,4.10055684172215e-274,gene,emrB,,,emrB,,,Higher in BH
E745S_00318,9938.58220012624,7.27706843223175,0.206708926457394,35.2044227452929,1.71104015044912e-271,2.52834410048598e-270,gene,yghA,,,yghA,,,Up in Serum
E745S_00193,769.940846827578,5.03877185420646,0.143577507267597,35.0944374930212,8.19528788177068e-270,1.20487287999164e-268,gene,,,,E745S_00193,,,Up in Serum
E745S_02970,4333.62184447792,2.61149384805849,0.0745283223127961,35.0402875982908,5.48167057949005e-269,8.01866485271133e-268,gene,pemK,,,pemK,,,Up in Serum
E745S_00205,2985.88936997164,-2.32500464541588,0.0668795516290277,-34.7640585019526,8.4991549053284e-265,1.23705199647055e-263,gene,,,,E745S_00205,,,Higher in BH
E745S_00431,1654.96305622345,2.59239400879598,0.0745898732681204,34.7553078616633,1.15234898939967e-264,1.66889945678728e-263,gene,,,,E745S_00431,,,Up in Serum
E745S_00530,2932.60950536014,2.62701994561818,0.075628414662593,34.7358854120942,2.2641629339214e-264,3.26286054487386e-263,gene,,,,E745S_00530,,,Up in Serum
E745S_02098,13100.1541768622,-2.15751883644398,0.06241542610749,-34.5670769390946,7.89604579041349e-262,1.13228518698984e-260,gene,,,,E745S_02098,,,Higher in BH
E745S_00157,3989.60680549956,-2.16048152492348,0.0625481113024965,-34.5411153100197,1.93790543001387e-261,2.76531505233842e-260,gene,hrcA,,,hrcA,,,Higher in BH
E745S_00233,19756.8760717923,-1.83553633546341,0.0532155976601254,-34.4924498863381,1.04102314235852e-260,1.47825286214909e-259,gene,tcyP,,,tcyP,,,Higher in BH
E745S_01084,8217.00073162155,2.37129139770344,0.0692844825318224,34.2254327527712,1.01212087128413e-256,1.43023488170296e-255,gene,,,,E745S_01084,,,Up in Serum
E745S_00829,6667.67562354032,-2.64000762688857,0.0772763979782943,-34.1631817211525,8.52068137418221e-256,1.19824654493934e-254,gene,nadD,,,nadD,,,Higher in BH
E745S_02613,1581.07145940962,3.04151825492474,0.0891131400885735,34.1309738597657,2.56166430247382e-255,3.58509845408716e-254,gene,acyP,,,acyP,,,Up in Serum
E745S_00595,1173.81296694003,2.99473671442663,0.088008580604417,34.027781085204,8.65243177632738e-254,1.20513056942053e-252,gene,,,,E745S_00595,,,Up in Serum
E745S_00901,3108.19585514569,-2.10415249363205,0.0620930835924492,-33.8870671561869,1.03303842154241e-251,1.43198802148093e-250,gene,btuD_1,,,btuD_1,,,Higher in BH
E745S_02585,7345.33483903888,-2.01545096893269,0.059757783712835,-33.7270033075173,2.32412763956879e-249,3.20641495677002e-248,gene,glyS,,,glyS,,,Higher in BH
E745S_01829,2011.96932851303,2.78436942125291,0.0825838419302685,33.7156682974856,3.40727205907412e-249,4.67857026602111e-248,gene,dapA,,,dapA,,,Up in Serum
E745S_00753,1884.45412440098,3.01749484219242,0.0898183086913866,33.5955428927131,1.94876927174729e-247,2.6633180047213e-246,gene,manP_2,,,manP_2,,,Up in Serum
E745S_02036,933.974756627309,3.80987307455038,0.11345749218419,33.5797398761937,3.3149871680567e-247,4.5093119842117e-246,gene,,,,E745S_02036,,,Up in Serum
E745S_01563,29038.6604521891,-2.27129741413737,0.0677672960173366,-33.5161286877421,2.80607133534647e-246,3.79929007311329e-245,gene,rpsD,,,rpsD,,,Higher in BH
E745S_00830,1325.84247464657,-2.764459489466,0.0824932119293814,-33.5113571748488,3.29313099586629e-246,4.43810385600313e-245,gene,,,,E745S_00830,,,Higher in BH
E745S_00492,4076.97312856923,-2.29051161319083,0.068484232387193,-33.4458244379646,2.95988775657481e-245,3.97061440524852e-244,gene,apt,,,apt,,,Higher in BH
E745S_01888,6079.97495180673,-2.41482055143787,0.0722328689820482,-33.4310485720569,4.85337479652851e-245,6.48081377646536e-244,gene,glcU_2,,,glcU_2,,,Higher in BH
E745S_00550,2940.2204473926,-2.22533841375986,0.0668226876180482,-33.3021387358688,3.59535512344842e-243,4.77903139925039e-242,gene,zosA,,,zosA,,,Higher in BH
E745S_01385,6628.30277511925,-1.92165924564242,0.0577344016916944,-33.284474928903,6.47700953503501e-243,8.5702612529486e-242,gene,,,,E745S_01385,,,Higher in BH
E745S_01483,17924.2794886647,-2.15863217043939,0.0650941343804585,-33.1617002205259,3.84099872142246e-241,5.059342659756e-240,gene,rplD,,,rplD,,,Higher in BH
E745S_00805,13463.807813367,-1.95515531799893,0.0589931205491536,-33.1420901250659,7.3627587786751e-241,9.65450036248793e-240,gene,,,,E745S_00805,,,Higher in BH
E745S_02750,1444.10798573163,-2.70542418110784,0.0817981389840493,-33.0743977150311,6.93837288476447e-240,9.05722128589658e-239,gene,alsS_1,,,alsS_1,,,Higher in BH
E745S_00589,23109.5462554877,8.40614433821355,0.25466730124948,33.0083379254828,6.16682219686354e-239,8.014115810299e-238,gene,purM,,,purM,,,Up in Serum
E745S_00900,4268.92688153654,-2.03602371722053,0.0617723601511355,-32.9601088939954,3.03088673966471e-238,3.92129391073954e-237,gene,,,,E745S_00900,,,Higher in BH
E745S_01167,2919.90745693284,-2.19024280680055,0.0664807704389281,-32.9455087890806,4.90576941982739e-238,6.31889149606971e-237,gene,,,,E745S_01167,,,Higher in BH
E745S_01489,21718.805118022,-2.37520292082589,0.0722918171374092,-32.8557645232682,9.42337264626388e-237,1.20843338208256e-235,gene,rplP,,,rplP,,,Higher in BH
E745S_01983,2027.17686187759,2.42159682776801,0.0737292053473708,32.8444720970312,1.36602986179408e-236,1.74408461740463e-235,gene,,,,E745S_01983,,,Up in Serum
E745S_01844,840.084556671019,-5.42400871023149,0.165680353158508,-32.7377906120365,4.53025151333501e-235,5.7587607665145e-234,gene,lacS,,,lacS,,,Higher in BH
E745S_00482,2779.87214872658,2.5349097534339,0.0774664570309744,32.7226757307402,7.43316684871887e-235,9.40780378113941e-234,gene,,,,E745S_00482,,,Up in Serum
E745S_01505,10858.1709786282,-2.46423491674085,0.0753658556409276,-32.6969672908834,1.72472888671202e-234,2.17345705160983e-233,gene,rpmJ,,,rpmJ,,,Higher in BH
E745S_02060,1636.86079222532,2.74759738916852,0.0841439552968832,32.6535326212588,7.13944728958933e-234,8.95815993965283e-233,gene,,,,E745S_02060,,,Up in Serum
E745S_01022,1461.05794434931,-2.49512798853117,0.0764282017376004,-32.6466923439813,8.92789189158708e-234,1.11541172945966e-232,gene,ybiT_1,,,ybiT_1,,,Higher in BH
E745S_00430,2643.97733672162,2.36424621741076,0.072666921839163,32.5353841551684,3.3705247783558e-232,4.19299044008279e-231,gene,cmpD,,,cmpD,,,Up in Serum
E745S_00987,781.034570825636,5.74395897182246,0.178541680671653,32.1715296406662,4.41637535414279e-227,5.47066751315304e-226,gene,,,,E745S_00987,,,Up in Serum
E745S_02066,6180.16807041363,1.80686817509856,0.0561740235932338,32.1655466267188,5.35467359234875e-227,6.60485374039289e-226,gene,,,,E745S_02066,,,Up in Serum
E745S_01832,2702.73532374704,2.45315053702221,0.07629601349775,32.1530631098381,8.00301546526178e-227,9.82986414319706e-226,gene,asd,,,asd,,,Up in Serum
E745S_01508,43569.279624734,-2.35148933798778,0.0731959967419438,-32.1259282290816,1.91588058254214e-226,2.3433312503278e-225,gene,rpoA,,,rpoA,,,Higher in BH
E745S_00158,3890.19876471438,-2.11631940100759,0.0660966452577793,-32.0185599852136,6.01630937129315e-225,7.32781446854994e-224,gene,grpE,,,grpE,,,Higher in BH
E745S_02612,3465.90380861583,-2.04950019104058,0.0641509190827272,-31.948103321756,5.74038559305892e-224,6.96260935891438e-223,gene,yidC,,,yidC,,,Higher in BH
E745S_01488,47424.0861048508,-2.33094294762399,0.0730589939015064,-31.9049417894589,2.28025707452028e-223,2.75428561988736e-222,gene,rpsC,,,rpsC,,,Higher in BH
E745S_01484,9453.74913688437,-1.95569078392196,0.0614219774081857,-31.8402445907143,1.79642123836691e-222,2.16090174582069e-221,gene,rplW,,,rplW,,,Higher in BH
E745S_02872,1565.95531551593,-2.56119154072885,0.0805851832840673,-31.7824125521996,1.13285360782475e-221,1.357093354888e-220,gene,degA_4,,,degA_4,,,Higher in BH
E745S_00818,10392.6389339534,-1.82642086130232,0.0575083538571139,-31.759226943624,2.36811408804392e-221,2.82523775012125e-220,gene,thrS,,,thrS,,,Higher in BH
E745S_01366,933.979403140843,3.51046680518915,0.110624137398848,31.7332807082814,5.40111468149039e-221,6.41740605625246e-220,gene,msrA_2,,,msrA_2,,,Up in Serum
E745S_01438,22612.8686475277,1.69865135299446,0.053598245835674,31.6922937777167,1.98400981297454e-220,2.34774494535321e-219,gene,purA,,,purA,,,Up in Serum
E745S_00493,10512.7573429748,-1.88397755813087,0.0595719049761252,-31.6252696449092,1.6595560514873e-219,1.95585735460709e-218,gene,,,,E745S_00493,,,Higher in BH
E745S_02196,630.789225021639,3.90578606597283,0.123989585487657,31.5009204249792,8.43798148209402e-218,9.90442100579665e-217,gene,smc_3,,,smc_3,,,Up in Serum
E745S_01830,1498.429826159,2.64241910758964,0.0839069014979836,31.4922737035301,1.10824125698656e-217,1.2956185940112e-216,gene,dapB,,,dapB,,,Up in Serum
E745S_00645,626.78447750024,3.99978410178794,0.127143901980279,31.4587175593236,3.19004345319489e-217,3.71448659690013e-216,gene,,,,E745S_00645,,,Up in Serum
E745S_00154,957.472544297221,3.38292864322959,0.107590871864502,31.4425246733757,5.31123660421113e-217,6.15976484257314e-216,gene,ydeA,,,ydeA,,,Up in Serum
E745S_00642,1297.3358407582,-2.69698279632216,0.0860859474709647,-31.328955254071,1.88273586137041e-215,2.17485876684495e-214,gene,,,,E745S_00642,,,Higher in BH
E745S_00098,1149.23478580592,-2.65959097626032,0.0850742862367373,-31.2619840131182,1.53445140764307e-214,1.76552887258852e-213,gene,folA_1,,,folA_1,,,Higher in BH
E745S_00864,2262.68431213976,2.30003237219265,0.0738195538638222,31.1574948886254,4.01487942152237e-213,4.60130472285496e-212,gene,crtK-2,,,crtK-2,,,Up in Serum
E745S_00517,8835.29804838698,-1.82139634885554,0.0584731466332353,-31.1492788352916,5.18737812497151e-213,5.92174812619296e-212,gene,pheT,,,pheT,,,Higher in BH
E745S_00027,4789.44584802085,2.96400603833781,0.0951709914776339,31.1440071424956,6.11407097238418e-213,6.95236742211342e-212,gene,,,,E745S_00027,,,Up in Serum
E745S_00855,5001.28367157302,-1.83688338741684,0.0590629564411196,-31.1004307623517,2.37642837062305e-212,2.69174435287304e-211,gene,prfC,,,prfC,,,Higher in BH
E745S_00902,1290.97572328984,-2.9038120125508,0.0934210138057206,-31.0830710806629,4.07919132077911e-212,4.60252943208837e-211,gene,tagG,,,tagG,,,Higher in BH
E745S_00046,1508.48178995794,2.32918843397573,0.0749841154895728,31.0624246051102,7.75319160469987e-212,8.71410840203912e-211,gene,,,,E745S_00046,,,Up in Serum
E745S_00392,2049.22039844022,2.21273306526806,0.0714477180400617,30.9699613363068,1.36857211673777e-210,1.53227439685525e-209,gene,,,,E745S_00392,,,Up in Serum
E745S_02615,5680.06900746702,1.79169287894055,0.0578673415926642,30.9620734187603,1.74766312293084e-210,1.94921354438761e-209,gene,,,,E745S_02615,,,Up in Serum
E745S_00137,9076.546806267,-1.68706422885018,0.0548213204608952,-30.7738707252334,5.86281080495692e-208,6.51398559283573e-207,gene,nusA,,,nusA,,,Higher in BH
E745S_00576,5205.50708752079,-1.86636442433318,0.0606520352876744,-30.7716701588159,6.27402461620186e-208,6.94436717025232e-207,gene,pdhA,,,pdhA,,,Higher in BH
E745S_02278,4653.10207029588,2.17022323449275,0.0705879206528065,30.7449661984974,1.42770492777424e-207,1.57426100179955e-206,gene,nlhH,,,nlhH,,,Up in Serum
E745S_01874,629.991596530241,3.98573873997736,0.130037493173315,30.6506888337592,2.58741176551202e-206,2.84224741487e-205,gene,ydbD,,,ydbD,,,Up in Serum
E745S_00144,1099.06467736911,2.51657669621812,0.0821881903077153,30.6196874124612,6.6952762532496e-206,7.32704856135699e-205,gene,xpkA_2,,,xpkA_2,,,Up in Serum
E745S_00136,3479.28210868841,-2.00326854342949,0.066234395555636,-30.2451396532602,6.04450936135456e-201,6.59009990670529e-200,gene,rimP,,,rimP,,,Higher in BH
E745S_01665,622.466560328263,3.8230984871401,0.126688641456208,30.1771211941019,4.72905926376992e-200,5.13667593911725e-199,gene,,,,E745S_01665,,,Up in Serum
E745S_00385,1827.62719177137,-2.75630141156332,0.0915319145935493,-30.113009476561,3.27368164001841e-199,3.54263466694929e-198,gene,ygaZ_1,,,ygaZ_1,,,Higher in BH
E745S_01479,88987.2488163209,-1.64445307493956,0.0546241266065078,-30.104885461796,4.18200165930419e-199,4.5088173445313e-198,gene,fus,,,fus,,,Higher in BH
E745S_01504,10418.6955864869,-2.58779266896969,0.0861001759261191,-30.055602571477,1.84463430810759e-198,1.98145035826612e-197,gene,infA,,,infA,,,Higher in BH
E745S_01821,597.164127090253,3.5464963236252,0.118217181108139,29.9998383515935,9.86118607098835e-198,1.05536443575908e-196,gene,spxA_5,,,spxA_5,,,Up in Serum
E745S_00042,1101.83523078044,2.88621147937069,0.096363725575619,29.9512234726314,4.24141269190465e-197,4.52261990700895e-196,gene,,,,E745S_00042,,,Up in Serum
E745S_00553,5985.02117248585,-2.40789143697237,0.0804287147473189,-29.9382060814622,6.26596252248253e-197,6.6570134682287e-196,gene,rpsT,,,rpsT,,,Higher in BH
E745S_00952,533.186291089638,4.38841766128721,0.14674585075554,29.9048841155839,1.70012706760209e-196,1.79966177955988e-195,gene,,,,E745S_00952,,,Up in Serum
E745S_01014,1129.00706927599,2.70618463095942,0.0905544856155903,29.8846005536087,3.11974679207305e-196,3.29042859120458e-195,gene,feoB,,,feoB,,,Up in Serum
E745S_02554,11478.8446559706,1.78776712386267,0.059902219246039,29.8447561102819,1.02679204608202e-195,1.07905835600893e-194,gene,,,,E745S_02554,,,Up in Serum
E745S_01975,2158.70711315912,-2.24949273743207,0.0754972152117412,-29.7957047968338,4.44065601539803e-195,4.64990994993657e-194,gene,mgtA,,,mgtA,,,Higher in BH
E745S_01817,2408.65100829871,-2.0663295692717,0.0693573355723074,-29.7925165697503,4.88368118285741e-195,5.0954824097842e-194,gene,,,,E745S_01817,,,Higher in BH
E745S_00662,4296.71269459875,-1.72002885581824,0.0577589197143853,-29.7794498983654,7.21051684289804e-195,7.49636233202722e-194,gene,trmFO,,,trmFO,,,Higher in BH
E745S_01212,48184.2886310286,-1.78585128667166,0.060011230517059,-29.758618033403,1.34151322358562e-194,1.38973131454012e-193,gene,ldh_2,,,ldh_2,,,Higher in BH
E745S_02163,635.519109842548,3.1757546376959,0.106775775587354,29.7422764688588,2.18259635335521e-194,2.25302765411951e-193,gene,,,,E745S_02163,,,Up in Serum
E745S_02311,1383.98253739904,2.34980661046186,0.0793642679246088,29.6078660070806,1.18353317808565e-192,1.21740815597432e-191,gene,msmX,,,msmX,,,Up in Serum
E745S_01572,1537.88920168356,-2.65432074420228,0.0897980141274047,-29.5587911380351,5.06299020854354e-192,5.18956496375713e-191,gene,,,,E745S_01572,,,Higher in BH
E745S_00615,503.180029298838,3.98358255445481,0.134836499303914,29.5437998985426,7.8890360029211e-192,8.05788905421169e-191,gene,dcuS_1,,,dcuS_1,,,Up in Serum
E745S_03160,2852.55503101941,2.18788226348191,0.0741257816008686,29.5158070003578,1.80481740954011e-191,1.83700121649344e-190,gene,,,,E745S_03160,,,Up in Serum
E745S_02563,2179.64665355225,1.94229604326351,0.0658814960217921,29.4816626905533,4.94723190340748e-191,5.01790664488473e-190,gene,yheI,,,yheI,,,Up in Serum
E745S_00691,2236.59264123046,-2.23515389838212,0.076246668928413,-29.314774399924,6.72303865577914e-189,6.79540469686565e-188,gene,cmk,,,cmk,,,Higher in BH
E745S_00712,5070.10725105885,-1.78009539018936,0.0607692008913452,-29.2927233545848,1.28387672489012e-188,1.29320593292565e-187,gene,ctpE_1,,,ctpE_1,,,Higher in BH
E745S_01658,37008.1951106794,-1.50898708249141,0.0515361285690497,-29.2801792526891,1.85462728757213e-188,1.86166208073189e-187,gene,infC,,,infC,,,Higher in BH
E745S_02344,3136.47655051838,2.4650266964707,0.0843083030272247,29.2382435413828,6.33518815637639e-188,6.33736519697996e-187,gene,,,,E745S_02344,,,Up in Serum
E745S_01161,14107.5673989018,-1.5431360033971,0.0528162962375726,-29.2170430970005,1.17809310149665e-187,1.17446199262217e-186,gene,leuS,,,leuS,,,Higher in BH
E745S_00393,2894.35086409641,1.88732457422367,0.0646221260965769,29.2055475148418,1.64887061181799e-187,1.63817827679255e-186,gene,hmpT,,,hmpT,,,Up in Serum
E745S_00050,1304.92190340173,2.37704726626554,0.0814504800481417,29.1839564955366,3.09928938997278e-187,3.0687181680989e-186,gene,,,,E745S_00050,,,Up in Serum
E745S_03087,1499.99687993212,2.71730858152354,0.0931516588540683,29.1708018402602,4.55142795117677e-187,4.49125653080528e-186,gene,,,,E745S_03087,,,Up in Serum
E745S_00379,1099.46315245178,-2.76029162475103,0.0947402232388364,-29.1353717606559,1.28013377037913e-186,1.25894236674786e-185,gene,,,,E745S_00379,,,Higher in BH
E745S_01294,1976.27275647559,-2.15872066010741,0.0741491550117342,-29.1132199654303,2.44215007802006e-186,2.39363598556108e-185,gene,dus,,,dus,,,Higher in BH
E745S_00982,531.962097676204,4.93663873223709,0.169974956885813,29.0433298097757,1.86820254582577e-185,1.82494550701302e-184,gene,,,,E745S_00982,,,Up in Serum
E745S_00570,16160.4894653556,-1.52450086848922,0.0525179399882497,-29.0281924391991,2.90090264436127e-185,2.82425672165072e-184,gene,typA,,,typA,,,Higher in BH
E745S_00586,38711.6016296731,8.28157756790682,0.285457126527584,29.0116336160434,4.69325704842205e-185,4.55402375598552e-184,gene,purD,,,purD,,,Up in Serum
E745S_00949,477.552341408461,4.75002066169264,0.16380225857155,28.9985052899487,6.87138969488483e-185,6.64538717668098e-184,gene,,,,E745S_00949,,,Up in Serum
E745S_02489,1726.67656862498,2.14388329320826,0.0740034857378872,28.9700312334161,1.56997711433872e-184,1.51331237743047e-183,gene,rpoN1,,,rpoN1,,,Up in Serum
E745S_00679,3175.90217516197,-2.02177924443731,0.0698413014768019,-28.9481897056121,2.95744195539724e-184,2.84129159477273e-183,gene,,,,E745S_00679,,,Higher in BH
E745S_02564,2149.59876148873,1.86841837321324,0.0646014971661207,28.9222147345697,6.27649242277118e-184,6.01015442193648e-183,gene,yheH,,,yheH,,,Up in Serum
E745S_01619,2138.12285860456,2.14477287478929,0.0744844119004876,28.79492258937,2.48310698553007e-182,2.36994243766493e-181,gene,,,,E745S_01619,,,Up in Serum
E745S_01480,224350.929225944,-1.48748917182936,0.0517474240249602,-28.7451829701103,1.04045871393151e-181,9.89795854985172e-181,gene,tuf_2,,,tuf_2,,,Higher in BH
E745S_01834,2251.3826016239,2.29971756989661,0.0801185956949261,28.7039176105061,3.40901608545288e-181,3.23245792337243e-180,gene,scmP,,,scmP,,,Up in Serum
E745S_01833,4272.3914174875,2.28147959417953,0.0795599886902483,28.6762181812524,7.55406143456247e-181,7.13956910260109e-180,gene,yclM,,,yclM,,,Up in Serum
E745S_01074,4586.91035906988,2.06749827361763,0.0722156538537452,28.6295029302765,2.88536750201926e-180,2.71822161759808e-179,gene,iolS,,,iolS,,,Up in Serum
E745S_01287,777.11205028338,2.89177438917276,0.101058702471469,28.6147983147634,4.39752770812147e-180,4.12942037365858e-179,gene,,,,E745S_01287,,,Up in Serum
E745S_00675,1692.5564854806,2.21348901534199,0.0774394091999468,28.5834956414351,1.07764599977547e-179,1.00869051618855e-178,gene,,,,E745S_00675,,,Up in Serum
E745S_02010,4401.27698473488,-1.67557133927847,0.0587528211301456,-28.5189937614544,6.81169947682978e-179,6.35540294136266e-178,gene,pta,,,pta,,,Higher in BH
E745S_00062,1250.91642666512,2.27789410777584,0.0800880298207568,28.4423791279913,6.05435210710906e-178,5.63074088939121e-177,gene,,,,E745S_00062,,,Up in Serum
E745S_02143,2857.43516408106,5.56571606746549,0.195702262817184,28.4397123842392,6.53201769810461e-178,6.05563806343392e-177,gene,licA_2,,,licA_2,,,Up in Serum
E745S_02524,3459.09113539054,2.47281058697248,0.0869517273585196,28.4388897390914,6.68683182246666e-178,6.17948172546046e-177,gene,,,,E745S_02524,,,Up in Serum
E745S_00897,4321.5228349196,-1.70781093607899,0.060151650760242,-28.3917550806068,2.55628826603879e-177,2.3548592222908e-176,gene,,,,E745S_00897,,,Higher in BH
E745S_01889,4282.11904295664,-2.44749426960569,0.0866246264835291,-28.2540239301471,1.27020859163614e-175,1.16642814203559e-174,gene,yhdG,,,yhdG,,,Higher in BH
E745S_00500,1690.34758240312,-2.11056329879098,0.0749618392551662,-28.1551696137915,2.07142819537218e-174,1.8962036090341e-173,gene,menH_1,,,menH_1,,,Higher in BH
E745S_00485,8955.26186240876,1.78453194604753,0.0634009891317501,28.1467524479656,2.62606854273085e-174,2.39639044761426e-173,gene,cysK,,,cysK,,,Up in Serum
E745S_00331,704.596722500743,3.09156155132066,0.109995625302556,28.1062227958334,8.2225632741013e-174,7.47996302840903e-173,gene,,,,E745S_00331,,,Up in Serum
E745S_01919,1249.58191189004,-2.35391967512798,0.0839800085721375,-28.0295241111579,7.09784771649066e-173,6.43670863012595e-172,gene,metN2,,,metN2,,,Higher in BH
E745S_01464,5867.39293141917,-1.9988928700248,0.0713305088471906,-28.0229722503027,8.53050755712931e-173,7.71189673875883e-172,gene,pdp,,,pdp,,,Higher in BH
E745S_01675,5392.37051808191,1.76936296751892,0.0631629871279854,28.0126550052756,1.13939534680133e-172,1.02686682803055e-171,gene,,,,E745S_01675,,,Up in Serum
E745S_00661,1491.57371569209,-2.07332537690055,0.0743097713076719,-27.9011136814856,2.58633067321614e-171,2.32370635485562e-170,gene,xerC_4,,,xerC_4,,,Higher in BH
E745S_01283,896.371172884579,-2.54376708766688,0.0914144729371743,-27.8267434677998,2.05970669526842e-170,1.84486344305427e-169,gene,ptsG_2,,,ptsG_2,,,Higher in BH
E745S_00117,2895.21574661695,-1.86455030541385,0.067023643743876,-27.8192918388478,2.5349084716935e-170,2.26353330095086e-169,gene,tsaD,,,tsaD,,,Higher in BH
E745S_01102,3107.15148767709,1.87742413345146,0.0674882085112598,27.8185504529762,2.58780148471157e-170,2.30369728501387e-169,gene,,,,E745S_01102,,,Up in Serum
E745S_02055,16109.7475958359,-2.10341287305592,0.075892795329764,-27.7155804304786,4.53170262956109e-169,4.02188608373547e-168,gene,rpmE2,,,rpmE2,,,Higher in BH
E745S_01166,3773.62806819105,-1.75087378092,0.0632699949096936,-27.6730507631469,1.47384460684192e-168,1.3040612919504e-167,gene,,,,E745S_01166,,,Higher in BH
E745S_00587,32998.7410194714,8.32229612833383,0.300891879837336,27.6587594614814,2.18971497618273e-168,1.93159402899028e-167,gene,purH,,,purH,,,Up in Serum
E745S_00096,1202.71845012156,2.83662381272244,0.10261433000439,27.6435446452857,3.33685049076123e-168,2.93461383039454e-167,gene,,,,E745S_00096,,,Up in Serum
E745S_00376,455.456442503522,-4.09453492487855,0.148543981360927,-27.5644619685384,2.96921676561723e-167,2.60343072431077e-166,gene,gmk_1,,,gmk_1,,,Higher in BH
E745S_00590,25036.6080715009,8.79395519585679,0.320107014798384,27.4719227924311,3.80219288927156e-166,3.32377882902989e-165,gene,purF,,,purF,,,Up in Serum
E745S_00539,933.838924211366,2.8389735426205,0.103398661846339,27.456579146445,5.79813854765786e-166,5.05340757851258e-165,gene,,,,E745S_00539,,,Up in Serum
E745S_01824,5818.36271796749,-1.88191214474225,0.0685929995982596,-27.4359213879605,1.02293967804596e-165,8.8888877695277e-165,gene,metB,,,metB,,,Higher in BH
E745S_02677,2066.4658043282,-2.63543467819167,0.0964879888321093,-27.3136035903636,2.92405839773058e-164,2.53331368922432e-163,gene,,,,E745S_02677,,,Higher in BH
E745S_02002,1481.94973646829,-1.97055893478066,0.0721607074493637,-27.3079215051132,3.41563046848256e-164,2.95041551743404e-163,gene,pnuC,,,pnuC,,,Higher in BH
E745S_00395,2980.49732385955,1.73778196606917,0.0639747872802384,27.163544264038,1.7518961536904e-162,1.50880760455407e-161,gene,menE,,,menE,,,Up in Serum
E745S_00881,6736.04968563755,-1.49793743080809,0.0551689134547547,-27.1518385446648,2.40855961561312e-162,2.06823511535392e-161,gene,mltG,,,mltG,,,Higher in BH
E745S_01278,10643.7944607417,-1.44176717775385,0.05325718152287,-27.0717889405153,2.11631921252489e-161,1.81194271401763e-160,gene,,,,E745S_01278,,,Higher in BH
E745S_01797,642.861602433682,-2.94880212944196,0.108992584112762,-27.0550712550423,3.32920094380339e-161,2.84202461800929e-160,gene,,,,E745S_01797,,,Higher in BH
E745S_01431,8029.59369815991,-1.69509195986086,0.0626751030032354,-27.0456988283426,4.29136819690233e-161,3.65268211145693e-160,gene,rpsF,,,rpsF,,,Higher in BH
E745S_01073,4698.9534080144,-1.84350521880397,0.0682937613382879,-26.9937573019636,1.74959364800247e-160,1.48485921554962e-159,gene,hisS,,,hisS,,,Higher in BH
E745S_01654,1401.08014583016,-2.21829857052278,0.082293772775032,-26.9558497042903,4.87117420924154e-160,4.12208957066922e-159,gene,galK_1,,,galK_1,,,Higher in BH
E745S_00722,5375.00335229668,-1.8891728064575,0.0702432230470044,-26.8947341040051,2.53088465214571e-159,2.13547977460758e-158,gene,,,,E745S_00722,,,Higher in BH
E745S_00945,483.016156040818,5.90251147627333,0.219569590773767,26.882190085944,3.54778512185816e-159,2.98485621090437e-158,gene,,,,E745S_00945,,,Up in Serum
E745S_00363,578.975778561456,3.96514947573517,0.147822255506464,26.8237652182339,1.70708939563657e-158,1.43208565726168e-157,gene,mdxE,,,mdxE,,,Up in Serum
E745S_02081,1599.2799608615,-2.23212056409209,0.083245259881926,-26.8137857609923,2.23177607634077e-158,1.86686786155977e-157,gene,dltA,,,dltA,,,Higher in BH
E745S_01395,2834.9333141376,-2.07003528461835,0.0772521088384881,-26.7958417671962,3.61268299553927e-158,3.01332957020482e-157,gene,rlhA,,,rlhA,,,Higher in BH
E745S_00680,852.732816654871,-2.38144138653129,0.0890503352929344,-26.7426436823337,1.503686617663e-157,1.25063764114772e-156,gene,,,,E745S_00680,,,Higher in BH
E745S_02102,23599.7933696172,1.60652552788308,0.0603004839997804,26.6420005499281,2.21553439796589e-156,1.83744177563496e-155,gene,manX_3,,,manX_3,,,Up in Serum
E745S_02144,3756.57647380478,5.47155468194416,0.205443707181529,26.6328657957361,2.82684715552356e-156,2.33777047435485e-155,gene,celB,,,celB,,,Up in Serum
E745S_01490,7357.37245950932,-2.55940971998347,0.0965155008529085,-26.5181208962906,5.99115845266858e-155,4.94058420841877e-154,gene,rpmC,,,rpmC,,,Higher in BH
E745S_01913,719.283341702646,-2.66816150486327,0.100865359955882,-26.4527039414752,3.39654133170588e-154,2.79303158660899e-153,gene,,,,E745S_01913,,,Higher in BH
E745S_02162,685.208306931906,2.61861930975041,0.0991536753500495,26.4097049403939,1.06004372469296e-153,8.69235854248231e-153,gene,,,,E745S_02162,,,Up in Serum
E745S_00538,407.041636705128,3.62531814790173,0.137625728069579,26.3418635363649,6.361378893583e-153,5.20167807843261e-152,gene,,,,E745S_00538,,,Up in Serum
E745S_02099,39353.9213785423,-1.74693739406894,0.0663295032986497,-26.3372603018498,7.1826371476075e-153,5.85676659290909e-152,gene,rpmA,,,rpmA,,,Higher in BH
E745S_00600,5559.97749740124,1.50459837800253,0.0571466895228151,26.3287058369643,9.00027482084021e-153,7.31837988923627e-152,gene,xpt,,,xpt,,,Up in Serum
E745S_02282,1325.17940231706,2.14877877020003,0.0818757554484211,26.2443840478967,8.28458943727214e-152,6.71767126793849e-151,gene,,,,E745S_02282,,,Up in Serum
E745S_01260,3902.23781867289,-1.59422691416754,0.0607776883253933,-26.2304631533914,1.19433488800312e-151,9.65752460826971e-151,gene,cysS,,,cysS,,,Higher in BH
E745S_01279,1206.22140307771,2.19439892578677,0.083658975540676,26.2302868473429,1.19987901055728e-151,9.67547866961843e-151,gene,,,,E745S_01279,,,Up in Serum
E745S_00543,5146.94796399159,1.63678041064678,0.0624301215889799,26.2177995010618,1.66556472416625e-151,1.33935329062098e-150,gene,,,,E745S_00543,,,Up in Serum
E745S_01798,1576.53099690461,-2.28584974962586,0.0872977050267905,-26.1845342775548,3.9869153984763e-151,3.19722058538967e-150,gene,bceA_1,,,bceA_1,,,Higher in BH
E745S_01101,2350.20942708862,1.91767334591211,0.0732925439487396,26.1646443498171,6.71528472978272e-151,5.37038292538393e-150,gene,hit,,,hit,,,Up in Serum
E745S_00159,24269.5296713938,-1.38479192429327,0.0533028293740726,-25.979707654447,8.39797567858601e-149,6.69767320557914e-148,gene,dnaK,,,dnaK,,,Higher in BH
E745S_00270,1298.61634360367,2.04933146580775,0.0792049876098647,25.8737678983301,1.31464521979757e-147,1.04560990022697e-146,gene,,,,E745S_00270,,,Up in Serum
E745S_01034,3292.18927949661,-1.59908882445575,0.0618443862206275,-25.8566528375115,2.0480973114377e-147,1.62452623258724e-146,gene,nusG,,,nusG,,,Higher in BH
E745S_00516,2801.30394842976,-1.71035462288736,0.0665635443459146,-25.6950653648949,1.3271677996381e-145,1.04983300672459e-144,gene,trpS2,,,trpS2,,,Higher in BH
E745S_00752,527.858334138405,3.0793117930775,0.119851660366522,25.6926919799071,1.41074898375808e-145,1.11292419829804e-144,gene,manP_1,,,manP_1,,,Up in Serum
E745S_00689,7712.58798386095,-1.5592773716304,0.060739247843054,-25.6716608618444,2.42313480737167e-145,1.90641768223214e-144,gene,der,,,der,,,Higher in BH
E745S_01988,1706.44356893412,1.84817762272789,0.0722288235957804,25.5878128802289,2.08494050184614e-144,1.63591962287712e-143,gene,eat(A),,,eat(A),,,Up in Serum
E745S_00049,1121.97254972536,2.08661948633662,0.0819413853766156,25.4647816453943,4.84279585496183e-143,3.7896179391919e-142,gene,,,,E745S_00049,,,Up in Serum
E745S_02001,972.617288830605,-2.16869954107187,0.0852570534209398,-25.4371861805304,9.78553113012504e-143,7.636911828363e-142,gene,,,,E745S_02001,,,Higher in BH
E745S_01835,3642.078563633,1.94137906625326,0.076426813340038,25.4018057460499,2.4086349711977e-142,1.87474235325041e-141,gene,dapX,,,dapX,,,Up in Serum
E745S_00947,381.52110955084,3.70031310384591,0.145687835383452,25.3989160735805,2.59236950360828e-142,2.01237003333432e-141,gene,,,,E745S_00947,,,Up in Serum
E745S_01676,5543.59159543879,-1.44924964297009,0.0574519733865669,-25.225411026681,2.10859883461315e-140,1.632481704138e-139,gene,,,,E745S_01676,,,Higher in BH
E745S_01417,5879.83332322699,-1.38474446289408,0.0550027431891929,-25.1759163744065,7.35425928378122e-140,5.67858057694619e-139,gene,mnmG,,,mnmG,,,Higher in BH
E745S_00396,873.909929441275,2.12248208658335,0.0843302595750651,25.1686891191656,8.82415201263711e-140,6.79553082243032e-139,gene,xerC_3,,,xerC_3,,,Up in Serum
E745S_00660,2151.89910877776,-2.13629987593125,0.0852543148754995,-25.0579677879176,1.42946247775604e-138,1.09793278964323e-137,gene,hslV,,,hslV,,,Higher in BH
E745S_00281,847.158985873285,-2.45182234353065,0.0978756389204627,-25.0503840442165,1.72910627274871e-138,1.32458641051882e-137,gene,prsA_1,,,prsA_1,,,Higher in BH
E745S_02065,4185.72061967307,1.5828248971224,0.0632631544589756,25.0196960720448,3.73258566958133e-138,2.85185220056464e-137,gene,,,,E745S_02065,,,Up in Serum
E745S_00097,1001.53740556041,-2.90182670222491,0.116034370113816,-25.008337610473,4.96133369864828e-138,3.78074408292282e-137,gene,rpmGA_1,,,rpmGA_1,,,Higher in BH
E745S_00035,8874.86218537012,1.40547274489258,0.0562252151190459,24.9971963987469,6.55796211316477e-138,4.98439365833489e-137,gene,,,,E745S_00035,,,Up in Serum
E745S_01482,32808.0356469727,-2.12273335252314,0.0849567228525637,-24.9860550318895,8.66736791585313e-138,6.57049687579387e-137,gene,rplC,,,rplC,,,Higher in BH
E745S_00110,3479.34838702577,2.4135793151524,0.0967488790884999,24.9468452543477,2.31052442465639e-137,1.74699651952591e-136,gene,,,,E745S_00110,,,Up in Serum
E745S_01598,1880.7018765455,1.71488179315864,0.0687619143347311,24.9394131875189,2.78194559151727e-137,2.09799057432818e-136,gene,,,,E745S_01598,,,Up in Serum
E745S_00048,962.841581919287,2.21261758093064,0.0888389803635285,24.9059317416367,6.41691047511545e-137,4.82677684575222e-136,gene,,,,E745S_00048,,,Up in Serum
E745S_00646,363.420136999506,3.94542191648391,0.158487395792465,24.8942314734627,8.59123746946258e-137,6.44564233855814e-136,gene,,,,E745S_00646,,,Up in Serum
E745S_01075,2326.3822771938,1.64607114905721,0.0662994677401169,24.8278184601654,4.4902845358641e-136,3.36021035575846e-135,gene,cypC,,,cypC,,,Up in Serum
E745S_02937,531.432383856485,2.64441563782777,0.106611879431701,24.8041367615311,8.08937758680456e-136,6.03799439876617e-135,gene,,,,E745S_02937,,,Up in Serum
E745S_00957,384.822648830503,3.36388974893163,0.135793898087001,24.7720243421868,1.79546354697788e-135,1.33672490671422e-134,gene,,,,E745S_00957,,,Up in Serum
E745S_01150,505.383577205766,3.99066250789799,0.161970302359156,24.6382358356597,4.92014706994467e-134,3.65371125525738e-133,gene,licR_2,,,licR_2,,,Up in Serum
E745S_00426,3814.58903236375,-1.70209475415115,0.0693149750957097,-24.555945548576,3.7366502206347e-133,2.76778340770168e-132,gene,topB_1,,,topB_1,,,Higher in BH
E745S_03025,8266.52688355775,1.58572836996665,0.0646100905902671,24.5430451417061,5.13157064861938e-133,3.79137110612463e-132,gene,,,,E745S_03025,,,Up in Serum
E745S_01985,1400.90174092211,1.97379638876753,0.0804303785591336,24.5404339023019,5.47177022529722e-133,4.03248686730132e-132,gene,,,,E745S_01985,,,Up in Serum
E745S_01282,674.96029664547,-2.49340494913156,0.10163465699753,-24.5330187830727,6.56561478358707e-133,4.82639005934898e-132,gene,sacY,,,sacY,,,Higher in BH
E745S_02418,12714.6846294645,1.58944490498236,0.0648263414819479,24.5185038773932,9.3785496794143e-133,6.87681564654283e-132,gene,,,,E745S_02418,,,Up in Serum
E745S_01422,4158.87877796109,-1.50669958168998,0.0615735582616473,-24.4699124791115,3.08954891568147e-132,2.25971781244943e-131,gene,misCA,,,misCA,,,Higher in BH
E745S_00976,330.142682914957,4.83148418861186,0.197870187727592,24.4174438003938,1.11639739429376e-131,8.14494439796774e-131,gene,,,,E745S_00976,,,Up in Serum
E745S_00340,2345.65635565984,-1.66897433171583,0.0685352195119316,-24.3520680841369,5.5121229569677e-131,4.01144748193324e-130,gene,,,,E745S_00340,,,Higher in BH
E745S_00142,615.352843378306,2.40674561846157,0.0990569386184543,24.2965879223446,2.13007162721058e-130,1.54629389197257e-129,gene,,,,E745S_00142,,,Up in Serum
E745S_00106,4223.14679529565,-1.94861403886707,0.0802333350818847,-24.2868383431693,2.70037213863257e-130,1.95541873023866e-129,gene,glcK,,,glcK,,,Higher in BH
E745S_00575,3355.51444081608,-1.56778232182116,0.064780553883353,-24.2014343477857,2.14869652766558e-129,1.55207334789938e-128,gene,pdhB,,,pdhB,,,Higher in BH
E745S_02361,485.879266027504,2.83530154242349,0.117562412268533,24.1174154877595,1.64146561750126e-128,1.18274911201637e-127,gene,,,,E745S_02361,,,Up in Serum
E745S_00116,1160.69241409142,-2.14693384318152,0.0893029091479576,-24.041029163165,1.03612641309556e-127,7.44731849017575e-127,gene,rimI,,,rimI,,,Higher in BH
E745S_00903,4398.14268895478,-1.48342388444991,0.0618255688073558,-23.99369570011,3.23580624289736e-127,2.32005713622517e-126,gene,,,,E745S_00903,,,Higher in BH
E745S_02275,1648.14176620681,-1.84564785739536,0.0769352865891942,-23.9896143787757,3.56928502868339e-127,2.55287192100672e-126,gene,ywlC,,,ywlC,,,Higher in BH
E745S_00879,3099.61842651393,-1.66549658857912,0.0695229059122103,-23.9560842103207,7.98506423438116e-127,5.69718676134401e-126,gene,,,,E745S_00879,,,Higher in BH
E745S_01825,4482.10307082635,-1.78504701052764,0.0745429374293393,-23.9465611644258,1.00347954358541e-126,7.14212457549422e-126,gene,cysM,,,cysM,,,Higher in BH
E745S_02969,5871.82002944547,1.95578435715046,0.0817709930654753,23.9178256718055,1.99845307613444e-126,1.41890168405545e-125,gene,,,,E745S_02969,,,Up in Serum
E745S_00320,308.477988004943,4.07517143529102,0.170554773226084,23.8936229001873,3.56786407327454e-126,2.52702002854068e-125,gene,,,,E745S_00320,,,Up in Serum
E745S_01002,6649.91509694369,-1.85762169985474,0.0777779250191067,-23.8836623553328,4.52820911750789e-126,3.19942153909356e-125,gene,,,,E745S_01002,,,Higher in BH
E745S_02280,1006.87976312139,2.19096256663692,0.0917841966510167,23.8708039791145,6.15882256812618e-126,4.34100060431363e-125,gene,,,,E745S_02280,,,Up in Serum
E745S_00594,18785.2615659818,8.99919414930577,0.377238348599336,23.8554595064877,8.88792461665276e-126,6.2494561736899e-125,gene,purC,,,purC,,,Up in Serum
E745S_00808,40445.1181039189,-1.4026089719752,0.0588403988549143,-23.8375163879103,1.36443259125376e-125,9.57075487503542e-125,gene,pfkA,,,pfkA,,,Higher in BH
E745S_01831,1612.10027257714,2.29174105823888,0.0962466987444676,23.8111134006101,2.56222522079619e-125,1.7929417350331e-124,gene,dapH_2,,,dapH_2,,,Up in Serum
E745S_02064,4871.48597250092,1.44232576476038,0.0606505630245864,23.7809130341575,5.26346270598367e-125,3.67432612400922e-124,gene,,,,E745S_02064,,,Up in Serum
E745S_01298,1601.71249461698,1.67237385520793,0.0704467172919741,23.7395569232359,1.40856208697663e-124,9.80938812246167e-124,gene,mutS_1,,,mutS_1,,,Up in Serum
E745S_02478,3613.68193215022,1.69061137576966,0.0712581596035239,23.7251619348032,1.98337680148493e-124,1.37794984943261e-123,gene,gloA,,,gloA,,,Up in Serum
E745S_00692,4963.45558759411,-1.47641738156603,0.0622965376040137,-23.6998304938043,3.62022816818125e-124,2.50916290418467e-123,gene,,,,E745S_00692,,,Higher in BH
E745S_01634,1115.56857438202,-2.0496591978826,0.0865542797143779,-23.6806222020021,5.71099795231829e-124,3.94886342973837e-123,gene,tgt,,,tgt,,,Higher in BH
E745S_01976,3351.43856835882,-1.64763028840542,0.0696112025674819,-23.6690392872927,7.51653188574439e-124,5.18498206620899e-123,gene,,,,E745S_01976,,,Higher in BH
E745S_00724,3472.00542995417,-1.3977893058259,0.0591342454507465,-23.6375605230329,1.58474344499188e-123,1.09058821947314e-122,gene,thlA,,,thlA,,,Higher in BH
E745S_00630,962.348565179717,2.01400412662,0.0853086947841874,23.6084273908422,3.15776092392366e-123,2.16798161545797e-122,gene,,,,E745S_00630,,,Up in Serum
E745S_00413,2028.12265361992,-1.75547408696252,0.0746444866717803,-23.5177997094618,2.68204859309762e-122,1.83704551870757e-121,gene,yhhX,,,yhhX,,,Higher in BH
E745S_00488,51494.2030473078,1.48453903759281,0.063184274411341,23.4953879176992,4.546491307258e-122,3.10676905995963e-121,gene,tkt,,,tkt,,,Up in Serum
E745S_01083,550.672894292473,2.50454115482233,0.106644298072004,23.4849982615228,5.80576583216144e-122,3.95798228042669e-121,gene,,,,E745S_01083,,,Up in Serum
E745S_02708,373.700318340275,-3.3766393531878,0.14404603039628,-23.4413912268075,1.61814207844774e-121,1.10056345569191e-120,gene,,,,E745S_02708,,,Higher in BH
E745S_02490,4584.14405885748,-1.64583172542358,0.0707400949057449,-23.2658964851052,9.82197888943808e-120,6.66475071029237e-119,gene,cggR,,,cggR,,,Higher in BH
E745S_01957,2285.57643212653,2.05867030637569,0.0887901614738846,23.1857930225883,6.33407846968384e-119,4.2880238198255e-118,gene,licT_2,,,licT_2,,,Up in Serum
E745S_00708,5399.26539916414,-1.34047002236876,0.0578204432902172,-23.183323165486,6.70808167526023e-119,4.53067882985673e-118,gene,mapZ,,,mapZ,,,Higher in BH
E745S_00503,1968.76649341702,-2.03721134511458,0.0883289350065187,-23.063918352058,1.06647529104056e-117,7.18636475050714e-117,gene,,,,E745S_00503,,,Higher in BH
E745S_01235,5201.37121962759,1.37947582769351,0.0598412213056133,23.0522672765723,1.39586469942329e-117,9.3842081755686e-117,gene,,,,E745S_01235,,,Up in Serum
E745S_00059,904.938297291444,1.95394156545451,0.0847817315898361,23.0467286856967,1.5863173751994e-117,1.06400227631462e-116,gene,,,,E745S_00059,,,Up in Serum
E745S_02557,13950.723804876,1.18499270385866,0.0515120818180926,23.0041703234454,4.23414765575001e-117,2.83347214388236e-116,gene,ponA_2,,,ponA_2,,,Up in Serum
E745S_02416,4593.77295639887,1.5307229584575,0.0668051953656322,22.9132322730244,3.42932190484336e-116,2.28962295068785e-115,gene,,,,E745S_02416,,,Up in Serum
E745S_00887,3046.19164778942,-1.4423252422008,0.0629850739253704,-22.8994768492259,4.70227954349533e-116,3.132342277143e-115,gene,,,,E745S_00887,,,Higher in BH
E745S_00993,1872.24554753028,-1.71849570046936,0.0750814529797658,-22.8884182746502,6.0599590089567e-116,4.02752070207145e-115,gene,groS,,,groS,,,Higher in BH
E745S_01860,1791.39827988268,1.63156102310411,0.0714306570783921,22.8411873814004,1.78800564996221e-115,1.18562288087472e-114,gene,argR_2,,,argR_2,,,Up in Serum
E745S_00234,382.085678026347,-3.02288695817556,0.132968766904037,-22.7338120715008,2.07513175416122e-114,1.37288830371894e-113,gene,,,,E745S_00234,,,Higher in BH
E745S_01050,1145.69615906978,-1.74579998354193,0.0768310689717987,-22.7225783384939,2.68006083297426e-114,1.76908323918097e-113,gene,cutC,,,cutC,,,Higher in BH
E745S_02935,1139.25318451666,1.7142736232725,0.0757853605233527,22.620115698259,2.74758554126782e-113,1.80955237797073e-112,gene,,,,E745S_02935,,,Up in Serum
E745S_00891,3010.42765896836,-1.4317586282442,0.0633148329969621,-22.6133207729206,3.20496358261738e-113,2.10601557313752e-112,gene,rfbB,,,rfbB,,,Higher in BH
E745S_00892,2671.214699457,-1.53913428269598,0.0680676827597342,-22.6118213562349,3.31571221301658e-113,2.17388248920975e-112,gene,ispD,,,ispD,,,Higher in BH
E745S_00043,797.515596987804,1.91493479122035,0.0848225485269475,22.5757752446213,7.49832925716296e-113,4.90508684665199e-112,gene,,,,E745S_00043,,,Up in Serum
E745S_01767,1641.27330025011,-1.73605552668733,0.07700223996697,-22.5455198112679,1.48588886795344e-112,9.6982567143777e-112,gene,ccpA_1,,,ccpA_1,,,Higher in BH
E745S_01081,564.250949073532,-2.41448440844503,0.107154254283938,-22.5327909244472,1.98074702503623e-112,1.28992272704261e-111,gene,,,,E745S_01081,,,Higher in BH
E745S_02493,42832.2562517955,-1.42919861691684,0.0634311973757044,-22.5314778223666,2.04034538718255e-112,1.32576906743044e-111,gene,tpiA,,,tpiA,,,Higher in BH
E745S_01735,738.554306432486,2.09794308850929,0.0932947086975838,22.4872676896372,5.53016613709971e-112,3.58537051783903e-111,gene,,,,E745S_01735,,,Up in Serum
E745S_02668,4376.25011785827,1.39145915268161,0.0618782899066858,22.4870330899572,5.55947527046764e-112,3.59636278051807e-111,gene,phoR_2,,,phoR_2,,,Up in Serum
E745S_00981,274.914058630062,4.98765527290313,0.222364308530311,22.4301071780288,2.00154218741104e-111,1.29190450278349e-110,gene,,,,E745S_00981,,,Up in Serum
E745S_02568,571.283146064898,2.24179667627653,0.100099268664583,22.3957348158901,4.33113903678752e-111,2.78936852568329e-110,gene,licH,,,licH,,,Up in Serum
E745S_00719,1923.7761088869,-1.73827554880163,0.0778320556876292,-22.3336713060493,1.74027216897867e-110,1.11830734743861e-109,gene,,,,E745S_00719,,,Higher in BH
E745S_00114,756.695363834776,-2.13713312105252,0.0957573404055428,-22.3182171936013,2.45900950135595e-110,1.5766908939311e-109,gene,tsaB,,,tsaB,,,Higher in BH
E745S_00212,1228.82706059474,-1.6793162100916,0.0752662436706811,-22.3116782264205,2.84614999871103e-110,1.82091047170282e-109,gene,aroF,,,aroF,,,Higher in BH
E745S_00648,357.301117888748,3.06285609152122,0.137315231964394,22.3052901539387,3.28300981996123e-110,2.09579859340069e-109,gene,,,,E745S_00648,,,Up in Serum
E745S_02415,2055.71682528985,-1.51060168641032,0.0677337229676904,-22.3020619600504,3.52861478747041e-110,2.24765812829898e-109,gene,endA,,,endA,,,Higher in BH
E745S_02676,11745.5947318843,-2.06331982102379,0.0928828695631405,-22.2142127038955,2.5033057677349e-109,1.59107491045334e-108,gene,rpsP,,,rpsP,,,Higher in BH
E745S_01803,318.070921312165,3.83158363244597,0.172660996724678,22.1913675070216,4.16145210693809e-109,2.63921287217795e-108,gene,rbsD,,,rbsD,,,Up in Serum
E745S_01621,3283.07729220475,-1.59497649377053,0.0721815586546761,-22.0967311249271,3.39793576200103e-108,2.15030239199674e-107,gene,kimA,,,kimA,,,Higher in BH
E745S_01602,3593.74694449857,-1.48998360877824,0.067436833498638,-22.094507281519,3.56942869560177e-108,2.25392775117066e-107,gene,udk,,,udk,,,Higher in BH
E745S_01655,1309.94608123632,-1.73950969393402,0.0791340263048858,-21.9818171165975,4.29906334197933e-107,2.70878211872334e-106,gene,,,,E745S_01655,,,Higher in BH
E745S_00616,270.275496663415,3.66349871201969,0.166843859748326,21.9576478124269,7.3190894226646e-107,4.60169963485457e-106,gene,dcuS_2,,,dcuS_2,,,Up in Serum
E745S_01734,1035.87224740086,1.76008405841543,0.080481324485737,21.8694718266888,5.07414377930885e-106,3.1833690822345e-105,gene,npr_1,,,npr_1,,,Up in Serum
E745S_02850,800.260666823217,1.93953885931536,0.0886883376876737,21.8691533733067,5.10967936262611e-106,3.19876916658163e-105,gene,,,,E745S_02850,,,Up in Serum
E745S_00643,5336.79552894115,1.50333490817688,0.0687643428355685,21.8621286292476,5.95992040105737e-106,3.72303182134721e-105,gene,,,,E745S_00643,,,Up in Serum
E745S_01900,1971.78120402072,-1.43894612979475,0.0658521071704169,-21.8511782177439,7.57531859362594e-106,4.72200266082336e-105,gene,iscS_1,,,iscS_1,,,Higher in BH
E745S_02343,1152.34338406287,-1.75909013724724,0.0806023044045998,-21.8243156971931,1.36363268803558e-105,8.48191186938368e-105,gene,rsmF,,,rsmF,,,Higher in BH
E745S_00997,3816.02776147772,-1.34246059960061,0.0616022906257075,-21.7923811917536,2.74025035301947e-105,1.70082489928351e-104,gene,yycJ,,,yycJ,,,Higher in BH
E745S_02274,939.581434550961,-1.86648878322178,0.0857156917848501,-21.7753452647474,3.97464871828437e-105,2.46174519551613e-104,gene,prmC,,,prmC,,,Higher in BH
E745S_00166,5522.8344577222,-1.22829180006273,0.0566036106274467,-21.6998842732329,2.05679748252551e-104,1.27119691542076e-103,gene,,,,E745S_00166,,,Higher in BH
E745S_01857,828.483861488823,-1.85831869280585,0.0856490934578119,-21.6968868879061,2.19531629372316e-104,1.3539334175907e-103,gene,thiO,,,thiO,,,Higher in BH
E745S_01653,1006.41178214863,-1.76387047908423,0.0813666708862297,-21.6780465499264,3.30616993893908e-104,2.03472741908069e-103,gene,,,,E745S_01653,,,Higher in BH
E745S_02417,8290.33032100554,1.53742410155427,0.0709869491935871,21.6578416035543,5.12698926931313e-104,3.14866366307395e-103,gene,yrrK,,,yrrK,,,Up in Serum
E745S_01540,1320.29899731954,1.85086378260007,0.0855121259265989,21.6444599235995,6.85420833686075e-104,4.20054746707403e-103,gene,yueI,,,yueI,,,Up in Serum
E745S_01799,4306.76396082663,-1.42191002440217,0.0657333781946273,-21.6314764805194,9.08291923268431e-104,5.5547012366269e-103,gene,bceB_1,,,bceB_1,,,Higher in BH
E745S_02876,513.248675836268,-2.35757092514569,0.109079311780047,-21.6133645021488,1.34483249213225e-103,8.20714336393495e-103,gene,gmuE_5,,,gmuE_5,,,Higher in BH
E745S_00953,243.316864563419,4.39305312739087,0.203931103987481,21.5418493868427,6.31352874138802e-103,3.84491258706706e-102,gene,,,,E745S_00953,,,Up in Serum
E745S_01561,1885.01558467289,1.51862420464977,0.0707073841848834,21.4775899597547,2.52259114595632e-102,1.5330402559246e-101,gene,queT_2,,,queT_2,,,Up in Serum
E745S_01415,2401.93154798894,-1.37318952587992,0.0641282468003062,-21.4131774123812,1.0070688150127e-101,6.10745275104578e-101,gene,soj_1,,,soj_1,,,Higher in BH
E745S_01153,452.533606283069,-2.42792331155932,0.113416709535136,-21.4071041340444,1.14723664286567e-101,6.94304754133466e-101,gene,,,,E745S_01153,,,Higher in BH
E745S_01410,23667.4886661442,1.19940460700412,0.0560848298557155,21.3855441852944,1.82150498902105e-101,1.10008319980089e-100,gene,guaB,,,guaB,,,Up in Serum
E745S_02149,961.021330241709,2.56429075430188,0.119961727283499,21.3759072361623,2.2392854567279e-101,1.34959833634263e-100,gene,,,,E745S_02149,,,Up in Serum
E745S_01474,44036.9947818221,-1.63119573105512,0.0764019270940888,-21.3501909323086,3.88348924945243e-101,2.33571016635455e-100,gene,gpmA_3,,,gpmA_3,,,Higher in BH
E745S_00878,2963.92201683883,-1.34864555945848,0.0631953901255201,-21.3408850990519,4.73890514376114e-101,2.84432018010076e-100,gene,liaS,,,liaS,,,Higher in BH
E745S_01169,943.6080101724,-1.91567049908648,0.089855659845013,-21.3194194154349,7.49828557705179e-101,4.49125706065797e-100,gene,,,,E745S_01169,,,Higher in BH
E745S_00391,3500.82343452818,1.27272558878524,0.0597179436213897,21.312280892562,8.73354643827369e-101,5.22040116669706e-100,gene,malL_1,,,malL_1,,,Up in Serum
E745S_00721,460.961661087924,2.55126039372264,0.119856182477151,21.2860141295507,1.53000949781683e-100,9.12675747570654e-100,gene,,,,E745S_00721,,,Up in Serum
E745S_00882,507.913819063527,-2.45676245118224,0.115474119960906,-21.2754377518875,1.91715393324111e-100,1.14127507150611e-99,gene,pbpX_1,,,pbpX_1,,,Higher in BH
E745S_01277,358.638075437979,-2.70152429880767,0.127304329890257,-21.2209930419219,6.11194943090305e-100,3.63099689660383e-99,gene,,,,E745S_01277,,,Higher in BH
E745S_02166,318.882227033307,2.89739830965409,0.13653530248544,21.2208729677298,6.12757758378028e-100,3.63286728032269e-99,gene,,,,E745S_02166,,,Up in Serum
E745S_00934,239.129482733088,4.59760467890236,0.216912470545133,21.1956678532493,1.04702678989532e-99,6.19490850688065e-99,gene,,,,E745S_00934,,,Up in Serum
E745S_00252,4411.79238155256,1.35575386549608,0.0640877994823668,21.1546328075925,2.50129129849804e-99,1.4769287971456e-98,gene,,,,E745S_00252,,,Up in Serum
E745S_01518,307.76522160533,3.0177955539327,0.142849699645276,21.1256695773704,4.62029325454264e-99,2.72260600485296e-98,gene,,,,E745S_01518,,,Up in Serum
E745S_01550,2619.9489932294,1.3465176635224,0.0637901446881914,21.108553211538,6.63735361272893e-99,3.9033002760917e-98,gene,,,,E745S_01550,,,Up in Serum
E745S_00357,501.865410510054,-2.30740727709305,0.109626383722593,-21.0479192940623,2.38941384997162e-98,1.40233542686843e-97,gene,,,,E745S_00357,,,Higher in BH
E745S_00414,2703.98837618124,-1.37157438647787,0.0653062435110649,-21.0021938598487,6.26258477720519e-98,3.6680853695059e-97,gene,,,,E745S_00414,,,Higher in BH
E745S_00908,5172.81351013264,-1.33435285904514,0.0635852269169819,-20.9852653476773,8.94225999268633e-98,5.22709213628713e-97,gene,rfbA,,,rfbA,,,Higher in BH
E745S_00251,5568.52988791376,1.18233226358869,0.0563836884688328,20.9694026002262,1.24821458414621e-97,7.28166864619161e-97,gene,dnaI_2,,,dnaI_2,,,Up in Serum
E745S_02272,1491.09255024828,-1.59034183466534,0.0759666673678153,-20.9347321630581,2.58513783951725e-97,1.50506725016695e-96,gene,tdk,,,tdk,,,Higher in BH
E745S_01085,1159.91842619605,1.9604411024369,0.0939196029772862,20.8736093455486,9.3036925244216e-97,5.40579819133558e-96,gene,,,,E745S_01085,,,Up in Serum
E745S_00120,2373.71002312528,-1.65062876252988,0.0790881448581825,-20.8707482706759,9.87755179603034e-97,5.72779945781759e-96,gene,arcB,,,arcB,,,Higher in BH
E745S_00121,609.087884570368,-2.25015872638577,0.107975374886507,-20.8395546554101,1.89594253041819e-96,1.09723433519828e-95,gene,arcC1,,,arcC1,,,Higher in BH
E745S_01861,2524.74228107821,1.45927481281287,0.0701138351757773,20.8129366929427,3.30468311629547e-96,1.90871677609843e-95,gene,algC,,,algC,,,Up in Serum
E745S_00890,2324.78855692644,-1.43457998460242,0.0692622071021951,-20.7123053772416,2.68303844694706e-95,1.54659899387384e-94,gene,arnC_1,,,arnC_1,,,Higher in BH
E745S_01060,8374.91301971527,1.34185667362455,0.0649187488636795,20.6697864193634,6.48023688531481e-95,3.72805722789554e-94,gene,mecA,,,mecA,,,Up in Serum
E745S_02462,4792.84531346568,1.15167346018052,0.0557820088313955,20.6459660436669,1.0611976126153e-94,6.09299063180107e-94,gene,yhaP,,,yhaP,,,Up in Serum
E745S_01530,4496.97135002851,1.55956705683668,0.0755675170250626,20.638061408309,1.24975414452004e-94,7.16148487145246e-94,gene,oppD_1,,,oppD_1,,,Up in Serum
E745S_01015,284.430124759286,3.00910131435742,0.145805644508291,20.6377559970684,1.25767480937856e-94,7.19271389017876e-94,gene,,,,E745S_01015,,,Up in Serum
E745S_02312,431.074414401222,2.28204893566331,0.11059783139988,20.6337584270733,1.36608684028398e-94,7.79740939620913e-94,gene,mgsA,,,mgsA,,,Up in Serum
E745S_01103,11817.2691548743,1.17528699072265,0.0569812377930346,20.6258592519786,1.60848047088939e-94,9.16298757487085e-94,gene,prsA_2,,,prsA_2,,,Up in Serum
E745S_00146,969.211320736632,-1.8289459338888,0.088672981033416,-20.6257409255202,1.61242009418235e-94,9.16749002766569e-94,gene,ribF,,,ribF,,,Higher in BH
E745S_00591,55555.9295016996,8.92272423838701,0.432678937749854,20.6220443379787,1.74046556596625e-94,9.87620908874808e-94,gene,purL,,,purL,,,Up in Serum
E745S_00095,11544.677473798,-1.14973785357381,0.0558339446432569,-20.5920943060695,3.23096756630557e-94,1.8298339660536e-93,gene,asnB,,,asnB,,,Higher in BH
E745S_02188,246.419210369178,3.36619525492447,0.164278520485252,20.4907814179314,2.60183763640296e-93,1.47066977855709e-92,gene,,,,E745S_02188,,,Up in Serum
E745S_00725,3420.62708219147,-1.21659335102427,0.0593991027449253,-20.4816789278558,3.13658903594938e-93,1.76949819450555e-92,gene,mvaS,,,mvaS,,,Higher in BH
E745S_01564,704.844119041909,-1.92639746238478,0.094082142005712,-20.4756973142451,3.54636178198642e-93,1.99680060877417e-92,gene,nirC,,,nirC,,,Higher in BH
E745S_02101,8282.33042642079,1.26833899799591,0.0619785755701439,20.4641521094734,4.49431402574223e-93,2.52566566195669e-92,gene,manX_2,,,manX_2,,,Up in Serum
E745S_02377,416.762053528808,2.47826570450342,0.121173988146817,20.4521262558487,5.75129292812653e-93,3.22582152481239e-92,gene,rex_1,,,rex_1,,,Up in Serum
E745S_01037,2888.61073835375,1.40221911966826,0.0685791132151749,20.4467374092259,6.42300330835959e-93,3.59564665973746e-92,gene,,,,E745S_01037,,,Up in Serum
E745S_00967,217.090526826734,3.92728608485187,0.192428035203305,20.4091159622484,1.38771960265017e-92,7.75365021749453e-92,gene,,,,E745S_00967,,,Up in Serum
E745S_01242,1116.27647348998,-1.70480292415291,0.0837532857299761,-20.3550572290293,4.18761457770609e-92,2.3352770183338e-91,gene,znuA,,,znuA,,,Higher in BH
E745S_01673,5391.66387245226,1.22134180399953,0.0600250364552875,20.3472063679512,4.91498694100498e-92,2.73566481553833e-91,gene,pepA,,,pepA,,,Up in Serum
E745S_00241,9480.54182302246,-1.11840949789126,0.0550116695265857,-20.3304045762648,6.92293365302933e-92,3.8459274549558e-91,gene,murC,,,murC,,,Higher in BH
E745S_00807,46292.617062918,-1.35999738304419,0.0669363527317217,-20.3177694562327,8.95539017219838e-92,4.96555062690847e-91,gene,pyk,,,pyk,,,Higher in BH
E745S_02810,711.167127513603,1.81242803264039,0.0892765283854485,20.3012826038137,1.25272172007149e-91,6.9328382645021e-91,gene,hisK,,,hisK,,,Up in Serum
E745S_00248,1709.94428601011,1.38133064734925,0.0680485070296162,20.2992057819588,1.30679864753342e-91,7.21838873428804e-91,gene,nrdR,,,nrdR,,,Up in Serum
E745S_01200,26575.3725409842,-1.0846742993788,0.0534430166495762,-20.295903326172,1.39762457588074e-91,7.70546428103946e-91,gene,lysS,,,lysS,,,Higher in BH
E745S_00613,3412.74005520133,1.29510687020506,0.0638603993992594,20.2802814011226,1.92029617160566e-91,1.05670740180417e-90,gene,yqiK,,,yqiK,,,Up in Serum
E745S_01039,694.459094776292,-1.85263287846303,0.0915428008223694,-20.2378872158161,4.54228110285616e-91,2.49482646988948e-90,gene,ytlR,,,ytlR,,,Higher in BH
E745S_02681,10721.2717637221,-1.8139553772648,0.0897207162962219,-20.2177986550603,6.82618465304262e-91,3.74218898776028e-90,gene,rplS,,,rplS,,,Higher in BH
E745S_00917,6357.44432965376,1.13411952337129,0.0562201655546838,20.172824327032,1.69667007857783e-90,9.28384699011291e-90,gene,pepS,,,pepS,,,Up in Serum
E745S_01801,12571.5563269779,1.05290420559063,0.052255768517435,20.1490521613767,2.74315880505133e-90,1.49818673198957e-89,gene,,,,E745S_01801,,,Up in Serum
E745S_01574,2117.77577692626,1.30997945289857,0.0650792873195066,20.1289766199687,4.11403259623573e-90,2.2426870576109e-89,gene,msrB,,,msrB,,,Up in Serum
E745S_01442,2232.36743524219,1.41752158146137,0.070462130790723,20.1174952496327,5.18626511819737e-90,2.82190986150889e-89,gene,pox5,,,pox5,,,Up in Serum
E745S_02710,599.568164511698,-1.97415377919134,0.0985259538240776,-20.0368908147419,2.62671644954122e-89,1.42656186280121e-88,gene,,,,E745S_02710,,,Higher in BH
E745S_02818,450.360473383941,2.59180357744653,0.129850330547824,19.9599305331916,1.22882952055969e-88,6.66130863007313e-88,gene,,,,E745S_02818,,,Up in Serum
E745S_01998,2794.17188134457,-1.26709408328711,0.0634998357001867,-19.9542891617811,1.37565344197268e-88,7.44335905126851e-88,gene,,,,E745S_01998,,,Higher in BH
E745S_00540,3067.64914658402,1.56448000224507,0.0784792045085665,19.9349625425204,2.02456576589214e-88,1.09341575964973e-87,gene,,,,E745S_00540,,,Up in Serum
E745S_00259,1430.29804658999,-1.62347411918816,0.0814462221832232,-19.9330806963146,2.10215274932529e-88,1.1332160469048e-87,gene,dagK_2,,,dagK_2,,,Higher in BH
E745S_00633,768.915734287157,1.83663294348763,0.0922857991806416,19.9015770551283,3.94324569823807e-88,2.12177231563235e-87,gene,ycfH,,,ycfH,,,Up in Serum
E745S_01907,408.149880097327,2.22916036115733,0.112074882908725,19.8899191621086,4.97551903409897e-88,2.67227599783434e-87,gene,sbnD_2,,,sbnD_2,,,Up in Serum
E745S_01646,950.744335259874,1.74326028565796,0.0877433139948298,19.8677278790801,7.74290577930996e-88,4.15093899144959e-87,gene,kdgA,,,kdgA,,,Up in Serum
E745S_01416,1338.26881423502,-1.51301976764212,0.0763184930030494,-19.8250739513641,1.80915036571243e-87,9.68094984299429e-87,gene,rsmG,,,rsmG,,,Higher in BH
E745S_02243,2721.59968404038,-1.4536910681425,0.0734721904631713,-19.7855958693811,3.96187433021784e-87,2.1161497569292e-86,gene,azoR,,,azoR,,,Higher in BH
E745S_02285,4588.8679694992,-1.20280960299997,0.0610194264646934,-19.7119126266441,1.70403085143587e-86,9.08504360536595e-86,gene,cna,,,cna,,,Higher in BH
E745S_02883,5098.05771733585,1.18320252241989,0.0601356387279677,19.6755625690164,3.49279194378779e-86,1.85877830865928e-85,gene,,,,E745S_02883,,,Up in Serum
E745S_01612,4851.94650562241,-1.16646224264914,0.0592899019314232,-19.6738770794108,3.61086792837485e-86,1.91810885757284e-85,gene,ddl,,,ddl,,,Higher in BH
E745S_01202,2087.08963035321,-1.48134496567805,0.0754522117234682,-19.6328899026468,8.0975351397392e-86,4.29361107318412e-85,gene,hslO,,,hslO,,,Higher in BH
E745S_00138,1732.27068099169,-1.50309450303771,0.0767385891006218,-19.5872053507109,1.98807840703782e-85,1.05223568052493e-84,gene,,,,E745S_00138,,,Higher in BH
E745S_00131,2151.52868176768,-1.25039470091592,0.063917153591374,-19.5627406831938,3.21332783128301e-85,1.69764016640015e-84,gene,uppS,,,uppS,,,Higher in BH
E745S_02302,3513.87592168193,1.201567778802,0.0616007772746964,19.5057243100009,9.81568769334813e-85,5.17635269480732e-84,gene,,,,E745S_02302,,,Up in Serum
E745S_02033,5877.0819119521,-1.12814856679467,0.057942007937768,-19.4703049988594,1.96100460852736e-84,1.03227566282516e-83,gene,dgaR_1,,,dgaR_1,,,Higher in BH
E745S_00916,674.979689404218,1.75661859878366,0.090452576772882,19.4203267773605,5.1958279089168e-84,2.73015433986585e-83,gene,,,,E745S_00916,,,Up in Serum
E745S_02090,1102.68008104492,-1.53708741261317,0.0791531145434905,-19.4191652656778,5.31467433984196e-84,2.78757063122161e-83,gene,,,,E745S_02090,,,Higher in BH
E745S_00749,484.709352651597,2.21486157145008,0.114278844684087,19.3812037352394,1.11214862080138e-83,5.82277812077846e-83,gene,,,,E745S_00749,,,Up in Serum
E745S_00109,1163.6343968521,1.4925054994121,0.0771099151527637,19.3555588338448,1.82999120417111e-83,9.56392171515638e-83,gene,,,,E745S_00109,,,Up in Serum
E745S_02374,1732.77076941781,-1.34742378693795,0.0697405781086718,-19.3205135873459,3.61040547466991e-83,1.88349289189321e-82,gene,iscS_2,,,iscS_2,,,Higher in BH
E745S_00574,8831.98480747789,-1.16748181289273,0.0604823493794416,-19.3028515735793,5.08254960279128e-83,2.64674452481671e-82,gene,,,,E745S_00574,,,Higher in BH
E745S_02082,2037.81022208225,-1.46967672354452,0.0762196956195742,-19.2821122099455,7.59124887682262e-83,3.94609383579119e-82,gene,,,,E745S_02082,,,Higher in BH
E745S_02370,1390.0625817007,1.41745841098797,0.0735243554020324,19.2787601229183,8.09947104671806e-83,4.20277365721859e-82,gene,,,,E745S_02370,,,Up in Serum
E745S_02189,191.902468821367,4.62291069872076,0.240471542017563,19.2243566949104,2.31492042404869e-82,1.19906287444942e-81,gene,,,,E745S_02189,,,Up in Serum
E745S_00650,5521.86833223799,-1.069146438563,0.0557076350898805,-19.1920988359675,4.30881105943073e-82,2.22787726358843e-81,gene,ppaC,,,ppaC,,,Higher in BH
E745S_02553,1262.58961862551,1.37044968900396,0.0714384010565578,19.1836556912713,5.0688080959312e-82,2.61618800837867e-81,gene,,,,E745S_02553,,,Up in Serum
E745S_01378,47624.6622749299,-1.07198688155395,0.0558898587340233,-19.1803469508749,5.40187183649315e-82,2.78315910018258e-81,gene,rpoC,,,rpoC,,,Higher in BH
E745S_00935,202.461609814226,3.63022196727216,0.189333882365724,19.1736519735009,6.14403903419414e-82,3.15994657748041e-81,gene,,,,E745S_00935,,,Up in Serum
E745S_00160,4340.01292683764,-1.61721035014128,0.0844024307705501,-19.1607082328909,7.87937855181172e-82,4.04530352104478e-81,gene,dnaJ,,,dnaJ,,,Higher in BH
E745S_01579,9511.43406703006,1.52032182445051,0.079583562426857,19.1034653148104,2.36272656857415e-81,1.21089736639425e-80,gene,,,,E745S_01579,,,Up in Serum
E745S_02538,2169.56366129351,1.24988753648315,0.0654369807815841,19.1006296677262,2.4946054680368e-81,1.27623840377067e-80,gene,,,,E745S_02538,,,Up in Serum
E745S_01259,1139.32415966517,-1.52888980977563,0.080080843705346,-19.091829444269,2.95246382631539e-81,1.50782845586037e-80,gene,mrnC,,,mrnC,,,Higher in BH
E745S_01778,863.705970466362,1.65781315946677,0.0868870322055845,19.0800988062775,3.69559601725244e-81,1.88404203261328e-80,gene,,,,E745S_01778,,,Up in Serum
E745S_00129,4678.64853382639,-1.3659851918823,0.0717272080337634,-19.0441706756424,7.3439971786542e-81,3.73747828445146e-80,gene,pyrH,,,pyrH,,,Higher in BH
E745S_01591,1006.08013498194,-1.60219649375766,0.0842022925595474,-19.0279438368568,1.00104153580248e-80,5.08557052481851e-80,gene,def_2,,,def_2,,,Higher in BH
E745S_02540,3238.12124568722,1.16943786846097,0.0615936420137679,18.9863406388531,2.21217404529638e-80,1.12188826582888e-79,gene,pstB3_1,,,pstB3_1,,,Up in Serum
E745S_02539,1506.85516423741,1.48886581479923,0.0785977149776708,18.9428638634368,5.05701032819796e-80,2.56016644615378e-79,gene,,,,E745S_02539,,,Up in Serum
E745S_01418,714.64478458886,-1.68328769695156,0.0889302275924629,-18.9281838416685,6.68268842294533e-80,3.37731006930449e-79,gene,mnmE_1,,,mnmE_1,,,Higher in BH
E745S_00455,2660.69742414749,1.21681136753935,0.0643629020556152,18.9054770477552,1.0280559324245e-79,5.18660453949345e-79,gene,,,,E745S_00455,,,Up in Serum
E745S_00163,20845.731389115,-1.02072517454526,0.0539945587043805,-18.9042229261233,1.05279078459206e-79,5.30220410717556e-79,gene,mltF_1,,,mltF_1,,,Higher in BH
E745S_00218,1523.40858024586,-1.45551070519255,0.0770460890526073,-18.8914287939875,1.3416485058806e-79,6.74531744493683e-79,gene,pheA,,,pheA,,,Higher in BH
E745S_00497,6784.98494886532,1.26492652860507,0.067093176080534,18.853281399091,2.76168337459739e-79,1.38607936266431e-78,gene,,,,E745S_00497,,,Up in Serum
E745S_01379,49175.7170695828,-1.02218897459379,0.0543837767116337,-18.7958438417007,8.16708073924823e-79,4.09197453217756e-78,gene,rpoB,,,rpoB,,,Higher in BH
E745S_02194,180.354725662897,4.26992400055587,0.227734019661801,18.749609772387,1.95016705900275e-78,9.75418609752063e-78,gene,,,,E745S_02194,,,Up in Serum
E745S_01733,1512.61333057242,1.39076615235071,0.0742183423249805,18.7388468777832,2.38745553447412e-78,1.19208971884291e-77,gene,hchA,,,hchA,,,Up in Serum
E745S_02619,5112.89597041667,-1.09224078576698,0.0583473401757113,-18.719632848348,3.42503760661378e-78,1.70724049192683e-77,gene,dacA,,,dacA,,,Higher in BH
E745S_00184,13692.9206011558,-1.14517641179577,0.0614184383617787,-18.6454824046524,1.37409295487126e-77,6.83758049851321e-77,gene,glmS,,,glmS,,,Higher in BH
E745S_01423,1084.0222759607,-1.78878291274861,0.0962518015428323,-18.5844096845563,4.29701850438575e-77,2.13457693963599e-76,gene,rnpA,,,rnpA,,,Higher in BH
E745S_01311,2074.49012115749,1.23129722211788,0.066598197138491,18.4884467601638,2.55817336845925e-76,1.26862737233133e-75,gene,,,,E745S_01311,,,Up in Serum
E745S_01790,467.116546022817,-2.02204313772858,0.109414587821805,-18.4805625829504,2.96077972567593e-76,1.46578737779637e-75,gene,gltC_2,,,gltC_2,,,Higher in BH
E745S_00149,251.039432484598,2.71981076374357,0.147209898620084,18.4757328769229,3.23800221987993e-76,1.60030975586935e-75,gene,,,,E745S_00149,,,Up in Serum
E745S_01826,7467.97751303799,-1.15743887006131,0.0626473983080193,-18.4754499200511,3.25502372069368e-76,1.60599560185412e-75,gene,efp,,,efp,,,Higher in BH
E745S_00885,5116.26821570774,-1.16770402968157,0.0632408566045988,-18.4643929949022,3.9948869773232e-76,1.96770152131774e-75,gene,,,,E745S_00885,,,Higher in BH
E745S_02016,4063.74732213167,-1.24742619454947,0.0676846688700157,-18.4299667173534,7.55295154412741e-76,3.71395978799914e-75,gene,murB,,,murB,,,Higher in BH
E745S_00044,763.227633427899,2.24906175099698,0.122176566603963,18.4082906690883,1.12724571249583e-75,5.53357886859251e-75,gene,,,,E745S_00044,,,Up in Serum
E745S_02491,109595.998824335,-1.30488883781235,0.0710508039483174,-18.3655745649484,2.47813186758426e-75,1.21445149268313e-74,gene,gap_2,,,gap_2,,,Higher in BH
E745S_02726,1093.47754953233,1.60581476657012,0.0874381013560367,18.3651605154536,2.49710380332851e-75,1.22169229772929e-74,gene,,,,E745S_02726,,,Up in Serum
E745S_01394,4087.09764784664,-1.24628500862257,0.0679181128521099,-18.3498179835522,3.31220066608199e-75,1.61775438573233e-74,gene,,,,E745S_01394,,,Higher in BH
E745S_01296,1865.50833078438,-1.31241242482831,0.0715524637435486,-18.3419599572718,3.82745892900988e-75,1.86628692501638e-74,gene,yadG,,,yadG,,,Higher in BH
E745S_00905,5203.62115222636,-1.0222634667287,0.0557438540022097,-18.338586110106,4.07251716642997e-75,1.98245777115011e-74,gene,rmlD,,,rmlD,,,Higher in BH
E745S_01151,230.622114944227,5.98471228110029,0.326867491230994,18.3092918129045,6.97712888035545e-75,3.39072156439311e-74,gene,,,,E745S_01151,,,Up in Serum
E745S_01072,12820.1306153205,-1.06591989927314,0.0582526851860373,-18.2982105609207,8.55116750243187e-75,4.14874143326319e-74,gene,aspS,,,aspS,,,Higher in BH
E745S_02019,1370.11075018992,1.38988029688123,0.0760179959259864,18.2835693042272,1.1186024539999e-74,5.4180561457466e-74,gene,,,,E745S_02019,,,Up in Serum
E745S_00592,15605.8821827822,9.16853117754865,0.5016487024135,18.2767963585625,1.26650242448615e-74,6.12423348451694e-74,gene,purQ,,,purQ,,,Up in Serum
E745S_00636,637.736025161396,1.70964189254428,0.0935586011587519,18.2734871125674,1.34570232969828e-74,6.49641705099783e-74,gene,ribX,,,ribX,,,Up in Serum
E745S_00139,2924.7026733564,-1.53571883788772,0.0841236550568324,-18.25549349764,1.87112454282063e-74,9.01795288766698e-74,gene,rplGA,,,rplGA,,,Higher in BH
E745S_01732,941.724789335134,1.47915094950356,0.0810792502124256,18.2432736566782,2.34013779821381e-74,1.12597374059511e-73,gene,,,,E745S_01732,,,Up in Serum
E745S_02365,384.972903278017,2.12403980454846,0.116851131738375,18.1773147846278,7.8063759435802e-74,3.74371670045502e-73,gene,,,,E745S_02365,,,Up in Serum
E745S_02080,4095.84415198787,1.09330929948418,0.0603086298619408,18.1285713501865,1.89621847301839e-73,9.07876969565221e-73,gene,bceB_2,,,bceB_2,,,Up in Serum
E745S_01911,1168.3701256034,-1.48751214230017,0.0821468338958966,-18.1079668168985,2.75746148027151e-73,1.31805753186705e-72,gene,yfdH,,,yfdH,,,Higher in BH
E745S_00599,9524.22441395661,1.15982272053658,0.0641308101637989,18.0852653751643,4.16358586663098e-73,1.98366586870094e-72,gene,,,,E745S_00599,,,Up in Serum
E745S_02092,1800.13679287168,-1.26222842629587,0.0698428887171724,-18.0723971971898,5.25786893877769e-73,2.50092426156566e-72,gene,trmR,,,trmR,,,Higher in BH
E745S_02185,303.328264436846,2.33601931021051,0.129522755108258,18.0355900263087,1.02396622332005e-72,4.85466722489361e-72,gene,,,,E745S_02185,,,Up in Serum
E745S_01956,2209.28556920728,1.23585451007032,0.0686799858177688,17.9943908746495,2.15579361331238e-72,1.02040897696786e-71,gene,strA,,,strA,,,Up in Serum
E745S_00216,2436.86484778856,-1.33206446989328,0.0742830282266081,-17.9322854990466,6.60095956153308e-72,3.11938202656214e-71,gene,aroA,,,aroA,,,Higher in BH
E745S_00316,232.947098336541,6.2800855860898,0.350340818088572,17.9256462902421,7.43811318218877e-72,3.50929456618339e-71,gene,,,,E745S_00316,,,Up in Serum
E745S_01528,6128.49850275704,-1.31845058188961,0.0735544115302011,-17.9248335274664,7.54761216540632e-72,3.55519401512909e-71,gene,acpP,,,acpP,,,Higher in BH
E745S_01445,407.373604669899,-1.99135369579513,0.111251181390276,-17.8996184212134,1.18732620746758e-71,5.58369400636206e-71,gene,,,,E745S_01445,,,Higher in BH
E745S_02164,203.208876372401,3.16778375224693,0.177466997706274,17.8499878466978,2.89099316001701e-71,1.35736791754992e-70,gene,,,,E745S_02164,,,Up in Serum
E745S_01613,3480.31685812313,-1.16919155864377,0.0655631363375125,-17.8330632723989,3.91377765321891e-71,1.83462266481808e-70,gene,murF,,,murF,,,Higher in BH
E745S_02484,13085.0640995103,-1.15411419989057,0.0647741380444701,-17.8175153654414,5.1681553811646e-71,2.41872995411096e-70,gene,rpoE,,,rpoE,,,Higher in BH
E745S_00386,214.405948265442,-3.10085318760286,0.174097876907325,-17.8109764615538,5.80875496757956e-71,2.71417106109536e-70,gene,,,,E745S_00386,,,Higher in BH
E745S_00979,693.30844616016,5.2220701166287,0.293427054686375,17.7968255933668,7.47898280464486e-71,3.48899342056429e-70,gene,,,,E745S_00979,,,Up in Serum
E745S_00215,1995.77387429396,-1.14591923256713,0.0643968738095246,-17.7946407143392,7.77645306691326e-71,3.62196078044552e-70,gene,,,,E745S_00215,,,Higher in BH
E745S_02656,295.096720241444,2.3780820770182,0.13369720518717,17.7870739608131,8.90080777356538e-71,4.13901780013559e-70,gene,,,,E745S_02656,,,Up in Serum
E745S_02809,491.189830772697,1.82764529934882,0.103218896306829,17.706499146396,3.73599000478915e-70,1.73452422710386e-69,gene,,,,E745S_02809,,,Up in Serum
E745S_01971,669.093582707015,-1.69449190937932,0.0957524236865896,-17.6965954921999,4.45433960277948e-70,2.06474244963234e-69,gene,,,,E745S_01971,,,Higher in BH
E745S_01419,1764.86846245459,-1.53687358269018,0.0869728436649738,-17.6707293670922,7.04797359298353e-70,3.26178873277823e-69,gene,mnmE_2,,,mnmE_2,,,Higher in BH
E745S_02186,174.666659528569,3.43532038072248,0.194896362382761,17.6263955813386,1.54508479825671e-69,7.13927277416711e-69,gene,,,,E745S_02186,,,Up in Serum
E745S_02292,2440.05255613583,-1.20003755851599,0.0681068862296261,-17.6199151796485,1.73264529073138e-69,7.99323366294619e-69,gene,rlmN,,,rlmN,,,Higher in BH
E745S_02160,199.980390808069,3.30749708247313,0.187862880949986,17.6059105755632,2.21909902581131e-69,1.0221198202748e-68,gene,,,,E745S_02160,,,Up in Serum
E745S_00535,1855.55106521745,1.1674290600065,0.0663510167438871,17.594742587182,2.70281010903434e-69,1.24295106278025e-68,gene,,,,E745S_00535,,,Up in Serum
E745S_01875,468.945249039122,1.84390142469206,0.104897975453249,17.5780458748114,3.62868508583487e-69,1.66610446133522e-68,gene,araN_1,,,araN_1,,,Up in Serum
E745S_02125,2882.95935428783,-1.141956303377,0.0650547351715008,-17.5537768367901,5.56530006514205e-69,2.55127377789425e-68,gene,murD,,,murD,,,Higher in BH
E745S_01920,1366.1882170862,-1.49285628114804,0.0850878952657595,-17.544872587168,6.50986431056151e-69,2.97959355472399e-68,gene,metP_1,,,metP_1,,,Higher in BH
E745S_00167,6007.68021684125,-1.06954343611121,0.061060782896185,-17.516045248382,1.08082418149653e-68,4.93921380272589e-68,gene,,,,E745S_00167,,,Higher in BH
E745S_00617,205.432543813985,2.9388711485851,0.168028703241565,17.4902923839152,1.69883460477094e-68,7.75126572803796e-68,gene,dcuR,,,dcuR,,,Up in Serum
E745S_01633,11296.5148398356,1.08106154928299,0.0618988770166474,17.4649622317421,2.64876475654835e-68,1.20665950020536e-67,gene,,,,E745S_01633,,,Up in Serum
E745S_02586,797.219307946132,-1.48570260264681,0.0850729762341811,-17.4638606571975,2.70038517761823e-68,1.22825332063229e-67,gene,,,,E745S_02586,,,Higher in BH
E745S_02752,442.75684678549,-1.8820355241603,0.107955933109585,-17.4333681341058,4.60518556095435e-68,2.09137210108239e-67,gene,,,,E745S_02752,,,Higher in BH
E745S_02938,489.389876397375,2.13281748787618,0.122442644792586,17.4189106376223,5.92953373265881e-68,2.68860945416975e-67,gene,srtA,,,srtA,,,Up in Serum
E745S_01805,1290.02161333637,-1.24237549240085,0.0713340952718719,-17.4162928353664,6.20708101753714e-68,2.81007975770616e-67,gene,degA_2,,,degA_2,,,Higher in BH
E745S_01229,7695.55778309502,1.14467019881599,0.0657395561286473,17.412198472651,6.6673639248103e-68,3.01377273060913e-67,gene,rpoZ,,,rpoZ,,,Up in Serum
E745S_01433,7589.61891852422,-1.55981152158056,0.0896465744903908,-17.3995663576387,8.31298459382063e-68,3.75179816319564e-67,gene,rpsR,,,rpsR,,,Higher in BH
E745S_02590,760.322927073721,-1.54158557014449,0.0886603533915746,-17.3875414565062,1.0253932732319e-67,4.62061891389792e-67,gene,ywqE,,,ywqE,,,Higher in BH
E745S_01674,2117.89795038488,1.24352383390339,0.0715372823436361,17.3828777549867,1.112291341301e-67,5.0044514598566e-67,gene,ytpP,,,ytpP,,,Up in Serum
E745S_01765,200.467968312231,-3.00915859863976,0.173126507471743,-17.3812701624037,1.1439158534762e-67,5.1387948294278e-67,gene,nhaC_1,,,nhaC_1,,,Higher in BH
E745S_00105,782.493334546486,-1.88123369537288,0.108247317324016,-17.3790329578496,1.18942283056753e-67,5.3349920797875e-67,gene,yqgQ,,,yqgQ,,,Higher in BH
E745S_02242,2469.17714702348,1.13994324294546,0.0656510579627737,17.3636690453922,1.55463184498294e-67,6.96235892422361e-67,gene,,,,E745S_02242,,,Up in Serum
E745S_02028,333.446008072315,-2.20882362199585,0.127486013558448,-17.3260074602864,2.99405904370647e-67,1.3388181069477e-66,gene,,,,E745S_02028,,,Higher in BH
E745S_02598,776.154144396525,-1.51852573421397,0.0876632994232482,-17.3222516629492,3.19603602799635e-67,1.4269418523769e-66,gene,,,,E745S_02598,,,Higher in BH
E745S_02591,1466.84285944106,-1.22565489237233,0.070959111342684,-17.2726922474163,7.55349362690351e-67,3.36726186032406e-66,gene,pglF,,,pglF,,,Higher in BH
E745S_03161,450.604817235774,1.85971557693341,0.107747011322534,17.2600200609414,9.40782466205498e-67,4.18748892832447e-66,gene,,,,E745S_03161,,,Up in Serum
E745S_02664,544.02758932307,1.7542736250534,0.101681664460551,17.2526053183758,1.06965334719443e-66,4.75383342547021e-66,gene,pstS1_2,,,pstS1_2,,,Up in Serum
E745S_00511,863.094949382264,-1.53389363202288,0.0889466429207312,-17.2450986530192,1.21804644594343e-66,5.40239065394773e-66,gene,murI,,,murI,,,Higher in BH
E745S_00614,946.552939305994,1.61790419101369,0.0938275136732674,17.2433876554341,1.25464382171313e-66,5.55055952128713e-66,gene,yuaF,,,yuaF,,,Up in Serum
E745S_01597,4247.16400241567,1.01370992391746,0.0587896103056931,17.2430114546838,1.26283640048663e-66,5.57832589046523e-66,gene,dinF,,,dinF,,,Up in Serum
E745S_02878,193.485732996744,3.11098080939041,0.180585796747542,17.2271621878411,1.66102901008351e-66,7.3261446187168e-66,gene,,,,E745S_02878,,,Up in Serum
E745S_02939,654.006130421012,1.56838043241109,0.0911608820471681,17.2045333172575,2.45546998817946e-66,1.079739144349e-65,gene,,,,E745S_02939,,,Up in Serum
E745S_02083,820.124986814085,-1.69758791852925,0.0987098068143532,-17.1977635588119,2.7597959668687e-66,1.21172942074733e-65,gene,dltC,,,dltC,,,Higher in BH
E745S_00555,689.820255030528,1.53968009587167,0.0895496021541728,17.193600628408,2.96531023965404e-66,1.30000272705315e-65,gene,comEC,,,comEC,,,Up in Serum
E745S_01424,738.025315333673,-2.1571273801758,0.125540022131671,-17.1827863620521,3.57328143443411e-66,1.56418379784026e-65,gene,rpmH,,,rpmH,,,Higher in BH
E745S_01531,5138.25127210621,1.11013256225089,0.0646935648109078,17.1598607295129,5.30406762309737e-66,2.31833946709256e-65,gene,oppF_1,,,oppF_1,,,Up in Serum
E745S_02596,912.597632211296,-1.51914451334477,0.0885349863417868,-17.1586914519888,5.41192929379653e-66,2.36193795715767e-65,gene,pglA,,,pglA,,,Higher in BH
E745S_01610,1141.66227780711,1.39141430919744,0.0811011622101013,17.1565273700127,5.61735776999427e-66,2.44792342342116e-65,gene,ubiB,,,ubiB,,,Up in Serum
E745S_00939,195.743503911394,6.02630399301863,0.35198765221043,17.120782377377,1.03869911209507e-65,4.51966085995329e-65,gene,,,,E745S_00939,,,Up in Serum
E745S_02262,2292.92253929116,-1.13216179054398,0.0661619465609818,-17.1119782502236,1.20825211318291e-65,5.24958492757528e-65,gene,murT,,,murT,,,Higher in BH
E745S_00165,5978.34031499368,1.03109377630998,0.0602684924170933,17.1083386186966,1.28615962250571e-65,5.57974763206277e-65,gene,uvrA,,,uvrA,,,Up in Serum
E745S_00329,2825.37055501724,3.37829409014833,0.197866778836155,17.0735790516191,2.33440065139353e-65,1.01122623455455e-64,gene,,,,E745S_00329,,,Up in Serum
E745S_00965,159.398590774275,3.51929537224052,0.206140308174757,17.0723300231851,2.38488868008576e-65,1.03156180501183e-64,gene,,,,E745S_00965,,,Up in Serum
E745S_01532,2611.81009832264,1.10895974666995,0.0650123337341714,17.0576824884394,3.06474773727928e-65,1.32366181946884e-64,gene,gsiC,,,gsiC,,,Up in Serum
E745S_00649,945.360837142259,-1.42592159596742,0.083684294540038,-17.0392975624023,4.19742643633163e-65,1.81017901572761e-64,gene,,,,E745S_00649,,,Higher in BH
E745S_01163,845.723343062804,-1.49524886245124,0.0877959617191104,-17.0309525993355,4.84097246228079e-65,2.084625863565e-64,gene,,,,E745S_01163,,,Higher in BH
E745S_01144,975.289079159895,-1.40824241596686,0.0827334251537283,-17.0214446380068,5.69480698277506e-65,2.44868288432174e-64,gene,murJ_2,,,murJ_2,,,Higher in BH
E745S_00635,851.25407942883,1.39462574028677,0.082409715500058,16.9230743222963,3.04132275144708e-64,1.30579506334254e-63,gene,thiY,,,thiY,,,Up in Serum
E745S_01051,3475.87159688835,-1.27968068004109,0.0756716096012755,-16.9109747603349,3.73478943098964e-64,1.60117408447877e-63,gene,mgtE,,,mgtE,,,Higher in BH
E745S_01754,249.971835540467,-2.46238582341269,0.145816775988572,-16.8868486271132,5.62271520958009e-64,2.40701823163054e-63,gene,,,,E745S_01754,,,Higher in BH
E745S_00237,1601.44591257658,1.36339807664014,0.081192639870214,16.7921387803073,2.78620583365326e-63,1.18924416154907e-62,gene,pphA,,,pphA,,,Up in Serum
E745S_00444,6255.03722937396,1.62173439829566,0.0968896747262292,16.7379486294904,6.93368024202989e-63,2.95086888662997e-62,gene,carB,,,carB,,,Up in Serum
E745S_01248,2213.57288525816,-1.07487809079127,0.0643170264499821,-16.7121857169062,1.0684635032432e-62,4.54057993859995e-62,gene,cinA,,,cinA,,,Higher in BH
E745S_00915,3597.08402662683,-1.11252000426755,0.066622672443198,-16.6988198381876,1.33682823162669e-62,5.67275070301063e-62,gene,,,,E745S_00915,,,Higher in BH
E745S_01106,1109.16227762645,1.2879829829632,0.07719544162399,16.6847025662061,1.6934735041084e-62,7.17569340678248e-62,gene,,,,E745S_01106,,,Up in Serum
E745S_02371,1494.43950040315,1.38058663972276,0.0828793928132036,16.657779369045,2.6570816232095e-62,1.12423904144809e-61,gene,yhaX,,,yhaX,,,Up in Serum
E745S_00941,183.872261592925,6.01299575259084,0.36114472676523,16.6498229295751,3.0349887497919e-62,1.28227173449118e-61,gene,,,,E745S_00941,,,Up in Serum
E745S_00893,991.169483625289,-1.32017846001833,0.079377237766287,-16.6317006886202,4.10767392376378e-62,1.73296214377918e-61,gene,,,,E745S_00893,,,Higher in BH
E745S_00186,3817.07820951847,1.09342974010728,0.0658166896718297,16.6132594264352,5.58730999651156e-62,2.35378573080248e-61,gene,sppA,,,sppA,,,Up in Serum
E745S_00969,149.678398326861,3.73713446665017,0.225474208221762,16.574554119177,1.0644955039918e-61,4.47795724294815e-61,gene,,,,E745S_00969,,,Up in Serum
E745S_01565,1086.07605531677,-1.43694118972477,0.0868560378270038,-16.543941281167,1.7704999966087e-61,7.43712191937652e-61,gene,,,,E745S_01565,,,Higher in BH
E745S_02108,14999.0225103204,1.00435281874174,0.0609075614370091,16.4897887067839,4.3446611498414e-61,1.8223787618427e-60,gene,,,,E745S_02108,,,Up in Serum
E745S_01725,931.480612565851,-1.488435168805,0.0904339313950379,-16.458813034492,7.25083728493198e-61,3.03700537214921e-60,gene,,,,E745S_01725,,,Higher in BH
E745S_03038,500.018597131611,1.95175393759886,0.118604673522636,16.4559614695653,7.60053220013953e-61,3.17890075209859e-60,gene,,,,E745S_03038,,,Up in Serum
E745S_00634,485.288797781901,1.67063170209927,0.10165059939526,16.4350403444564,1.07353234788543e-60,4.48357627646268e-60,gene,ssuB,,,ssuB,,,Up in Serum
E745S_01804,2255.0109580541,1.46182888018698,0.0890255888307406,16.420322509366,1.36837482159778e-60,5.70678954967213e-60,gene,rbsK,,,rbsK,,,Up in Serum
E745S_01255,4590.81212594194,1.02057776525507,0.062230965469955,16.3998382083242,1.91748028507178e-60,7.98538642323885e-60,gene,veg,,,veg,,,Up in Serum
E745S_02633,6202.75330606422,-1.13754246343399,0.0695558132069988,-16.3543837816783,4.04782349871051e-60,1.68331631496376e-59,gene,ycaM,,,ycaM,,,Higher in BH
E745S_00412,317.435583108146,-2.24771054761288,0.137466006512473,-16.3510281897142,4.27701797505575e-60,1.77609120190974e-59,gene,ybbH_1,,,ybbH_1,,,Higher in BH
E745S_00361,420.292967890095,1.85299360920032,0.113449725853662,16.3331695626175,5.7327092991913e-60,2.37719612107491e-59,gene,,,,E745S_00361,,,Up in Serum
E745S_01753,416.034370668483,1.87916965567909,0.115172589246485,16.3161188610374,7.58044316998676e-60,3.13892888589352e-59,gene,dhaL,,,dhaL,,,Up in Serum
E745S_00115,468.5571905193,-1.80376275054976,0.11055225854472,-16.3159285417955,7.60410699516701e-60,3.14425503734818e-59,gene,,,,E745S_00115,,,Higher in BH
E745S_02961,427.692276079337,1.73146799015827,0.106271712270695,16.2928398645528,1.10955131233063e-59,4.58142392935384e-59,gene,,,,E745S_02961,,,Up in Serum
E745S_02273,4504.29256376427,-1.00355202506747,0.0616301542710663,-16.2834579425774,1.29348688949828e-59,5.3333432511749e-59,gene,prfA,,,prfA,,,Higher in BH
E745S_00549,991.423374784227,-1.62875189539499,0.100194750535817,-16.2558605783718,2.02997802099178e-59,8.3582263353707e-59,gene,uppP,,,uppP,,,Higher in BH
E745S_01143,1938.819541073,-1.13537748087778,0.0701280899683205,-16.1900528217818,5.92776686541576e-59,2.43381231949581e-58,gene,rluB_2,,,rluB_2,,,Higher in BH
E745S_00888,699.150184145517,-1.5183293624951,0.0938001673760997,-16.1868513134655,6.24431410903419e-59,2.56016878470402e-58,gene,,,,E745S_00888,,,Higher in BH
E745S_02597,416.81943520627,-1.83406874652436,0.11355129620949,-16.1518961715832,1.1012375032657e-58,4.50872344867294e-58,gene,,,,E745S_02597,,,Higher in BH
E745S_00177,144.73853917593,3.31446135694156,0.205479350593316,16.1303865686316,1.5604069441975e-58,6.37969749235803e-58,gene,,,,E745S_00177,,,Up in Serum
E745S_00214,2231.959763821,-1.2063420639089,0.0748559510844076,-16.1155131480279,1.98509267117936e-58,8.10463501515164e-58,gene,aroC,,,aroC,,,Higher in BH
E745S_00443,770.153255387695,1.75328475087036,0.10903815857584,16.0795520923154,3.54935854996281e-58,1.44708441721873e-57,gene,pyrK_2,,,pyrK_2,,,Up in Serum
E745S_02940,922.566807425008,1.33770272082152,0.0833761474185607,16.0441896422253,6.27729338480282e-58,2.55212305072081e-57,gene,,,,E745S_02940,,,Up in Serum
E745S_00372,718.30132548061,1.75547027335679,0.109452366643489,16.0386689405699,6.86091195932814e-58,2.78551111765749e-57,gene,yecS_1,,,yecS_1,,,Up in Serum
E745S_02352,795.800633602429,1.36650785126819,0.0852673894546808,16.0261485663811,8.39257266673282e-58,3.40261546418652e-57,gene,ypjQ,,,ypjQ,,,Up in Serum
E745S_01448,829.456788368276,-1.36640629855202,0.0853645918007201,-16.0067103904373,1.1471682870159e-57,4.6445158324107e-57,gene,,,,E745S_01448,,,Higher in BH
E745S_00054,617.052450020436,1.55741078796394,0.0975434853969899,15.9663229340788,2.19341182516956e-57,8.86808586537303e-57,gene,,,,E745S_00054,,,Up in Serum
E745S_02076,1585.52342337878,1.12887089164037,0.0708399150032463,15.9355201313926,3.59199421770782e-57,1.45024898304403e-56,gene,dinB,,,dinB,,,Up in Serum
E745S_00954,126.866476676484,4.03072426755154,0.252969425345227,15.9336420282839,3.7015486260511e-57,1.49241108731783e-56,gene,,,,E745S_00954,,,Up in Serum
E745S_00877,1991.65971500432,-1.18186830983615,0.0742858077747845,-15.909745686811,5.42333405594878e-57,2.18358581422779e-56,gene,vraR,,,vraR,,,Higher in BH
E745S_00371,1251.8684088377,1.43020561705667,0.0898985056327885,15.9091144729222,5.47828659544251e-57,2.2026646794659e-56,gene,yckB,,,yckB,,,Up in Serum
E745S_00606,2924.76045669545,1.04916597405725,0.0660849381684118,15.8760226329265,9.28846003823045e-57,3.72433983075604e-56,gene,,,,E745S_00606,,,Up in Serum
E745S_02834,2981.53124693512,-1.12458395336389,0.0708647740663527,-15.8694353884613,1.03164745972182e-56,4.13084698108697e-56,gene,,,,E745S_02834,,,Higher in BH
E745S_02833,4411.03157646273,-1.11857695992876,0.0704969929087736,-15.8670166453235,1.07217511426581e-56,4.28722768904915e-56,gene,,,,E745S_02833,,,Higher in BH
E745S_02669,1355.54954607384,1.16419171506951,0.0734036757276764,15.8601283045906,1.19649199030531e-56,4.77776156896948e-56,gene,phoP,,,phoP,,,Up in Serum
E745S_00474,622.260221066171,-1.52752294437487,0.0964372706069667,-15.8395497379881,1.66005230533013e-56,6.61974282303564e-56,gene,recU,,,recU,,,Higher in BH
E745S_00654,8951.01477742896,-1.0478051076656,0.0662135477072916,-15.824633235144,2.1042168301448e-56,8.37944622784063e-56,gene,parE,,,parE,,,Higher in BH
E745S_01062,428.28279266154,-1.77208872900026,0.112030040960438,-15.8179780513161,2.33883839654305e-56,9.3010363010066e-56,gene,yfnB_1,,,yfnB_1,,,Higher in BH
E745S_00734,1898.36230364442,1.36536164589604,0.086388650011733,15.804873044209,2.87969840531187e-56,1.14362920298266e-55,gene,,,,E745S_00734,,,Up in Serum
E745S_01276,283.312133182562,-2.05887296359352,0.130293721656806,-15.8017818311813,3.02445554200491e-56,1.19948093770794e-55,gene,yodC_2,,,yodC_2,,,Higher in BH
E745S_00886,4453.20371624632,-1.13020997754139,0.0715311048253076,-15.8002589265407,3.09841335513913e-56,1.22714030977007e-55,gene,pglH_1,,,pglH_1,,,Higher in BH
E745S_00526,318.808242766808,-2.25774576638588,0.142977220671335,-15.7909473675937,3.59145250844422e-56,1.41855064478713e-55,gene,,,,E745S_00526,,,Higher in BH
E745S_00383,573.173197841884,-1.57040911944217,0.099565212870285,-15.7726687280639,4.79788785120436e-56,1.89250020797505e-55,gene,,,,E745S_00383,,,Higher in BH
E745S_01465,5707.49060447005,-1.08347007946189,0.0687506119019835,-15.7594245271093,5.91693097851852e-56,2.33074236515121e-55,gene,deoC,,,deoC,,,Higher in BH
E745S_00486,588.360223343845,-1.60813937773113,0.10208129176069,-15.753517123403,6.49653976193333e-56,2.55559827661999e-55,gene,,,,E745S_00486,,,Higher in BH
E745S_01652,2028.37961241237,-1.21895543716131,0.0775233467415813,-15.7237205099596,1.04031168929797e-55,4.08133063011643e-55,gene,,,,E745S_01652,,,Higher in BH
E745S_00948,125.396710188683,3.88698000466755,0.247531612195031,15.7029640384073,1.44337535585771e-55,5.64740008185727e-55,gene,,,,E745S_00948,,,Up in Serum
E745S_01273,222.160270007051,-2.527048481715,0.161421668831263,-15.6549520272682,3.07344920580972e-55,1.20091417961236e-54,gene,,,,E745S_01273,,,Higher in BH
E745S_02535,4761.32340888471,1.06341866842384,0.0679920664251038,15.6403345910253,3.86690931803692e-55,1.50690401938494e-54,gene,ftsX,,,ftsX,,,Up in Serum
E745S_01903,535.710734718715,1.57905879572046,0.100995448112584,15.6349501411213,4.20804104748491e-55,1.63764806005729e-54,gene,,,,E745S_01903,,,Up in Serum
E745S_01789,1339.90873519704,1.10931365211904,0.0712187255379025,15.5761514087846,1.0573187547504e-54,4.10380652677122e-54,gene,sasA_3,,,sasA_3,,,Up in Serum
E745S_01302,547.852996444508,1.55131973407758,0.0997598528488445,15.5505415232331,1.5776619297835e-54,6.11527813262288e-54,gene,bcrA_1,,,bcrA_1,,,Up in Serum
E745S_00659,6726.87846262172,-1.07893512048592,0.0694933443883921,-15.525733147276,2.32333479331051e-54,8.99365370123258e-54,gene,clpY,,,clpY,,,Higher in BH
E745S_00194,131.98800929838,3.90271826881859,0.251606958036435,15.5111698789087,2.91518636388207e-54,1.12697310826835e-53,gene,,,,E745S_00194,,,Up in Serum
E745S_00032,349.758059053887,1.76191772948333,0.113900665325587,15.4688976086913,5.62622867221774e-54,2.17214213061351e-53,gene,,,,E745S_00032,,,Up in Serum
E745S_01924,2947.84920776431,1.0117632781176,0.0654366566366088,15.461720236354,6.28961542551832e-54,2.42504245081905e-53,gene,sufS,,,sufS,,,Up in Serum
E745S_02827,368.718022006886,-1.77123378256891,0.114760301466762,-15.4342029423992,9.63837661131259e-54,3.70638234022866e-53,gene,,,,E745S_02827,,,Higher in BH
E745S_02395,218.518916571415,2.39803512782782,0.155398506676226,15.4315197688749,1.00476037068918e-53,3.85865097503456e-53,gene,,,,E745S_02395,,,Up in Serum
E745S_00943,147.18180195866,5.77267383493944,0.376402808483544,15.336426043675,4.36578743560686e-53,1.67001409001992e-52,gene,,,,E745S_00943,,,Up in Serum
E745S_01337,628.833909311562,-1.43657682433855,0.0937872675356794,-15.3173971487338,5.85141752722494e-53,2.23536435980995e-52,gene,,,,E745S_01337,,,Higher in BH
E745S_01272,1302.85634790982,1.09962410290411,0.0718586411312729,15.3026008506798,7.34612985136423e-53,2.80269777160174e-52,gene,,,,E745S_01272,,,Up in Serum
E745S_01766,162.774302013513,-3.13497935797143,0.205262174646489,-15.273049520062,1.15636435577671e-52,4.38875702694394e-52,gene,nhaC_2,,,nhaC_2,,,Higher in BH
E745S_00150,268.98294959943,2.05514828241569,0.134595238742254,15.2691009104062,1.22855271089504e-52,4.6566626841347e-52,gene,fra,,,fra,,,Up in Serum
E745S_02136,1123.04748219106,-1.40746082864202,0.0922371461957707,-15.2591541118881,1.43091226411141e-52,5.41662626895751e-52,gene,dtxR,,,dtxR,,,Higher in BH
E745S_00339,336.009123327006,-2.13952280236595,0.140248667910692,-15.2552094379132,1.52006510468201e-52,5.74663573990823e-52,gene,nanE_1,,,nanE_1,,,Higher in BH
E745S_01748,1412.82378319895,1.12036640994847,0.0735097850505715,15.2410513672119,1.88807532895936e-52,7.12864757795162e-52,gene,pgaC,,,pgaC,,,Up in Serum
E745S_01449,835.959167062473,-1.40681335060852,0.0924458533895884,-15.2177009463029,2.69848529303312e-52,1.01620836843718e-51,gene,,,,E745S_01449,,,Higher in BH
E745S_02406,225.904656276614,2.30982196311813,0.152210586496889,15.1751728725212,5.16415057929054e-52,1.93972159178255e-51,gene,,,,E745S_02406,,,Up in Serum
E745S_00664,297.830650835594,-1.97942283163143,0.13053781259376,-15.1635973692273,6.16008446937469e-52,2.31082550133373e-51,gene,dprA,,,dprA,,,Higher in BH
E745S_03097,1000.65316219128,1.14784265363259,0.0757180699877446,15.1594283084392,6.5638176546979e-52,2.45910851902517e-51,gene,,,,E745S_03097,,,Up in Serum
E745S_00213,1460.08805401109,-1.17606416472157,0.0775905442560093,-15.157312994753,6.77863300998285e-52,2.53632399640875e-51,gene,aroB,,,aroB,,,Higher in BH
E745S_03022,914.853691636121,1.46102611937736,0.0963935147636014,15.1568922760045,6.82218538755805e-52,2.5493429606138e-51,gene,vanX,,,vanX,,,Up in Serum
E745S_01209,1623.73522558908,-1.12775001358721,0.0744613969838673,-15.1454318515076,8.12193610328685e-52,3.03114820470103e-51,gene,murJ_3,,,murJ_3,,,Higher in BH
E745S_00963,131.170020254956,3.23444654036394,0.213619590625013,15.1411512909491,8.66828182098579e-52,3.23090504236743e-51,gene,,,,E745S_00963,,,Up in Serum
E745S_01261,1478.57613156436,-1.14003582522038,0.0753373202884378,-15.1324180479956,9.89902076131744e-52,3.68491680769758e-51,gene,cysE,,,cysE,,,Higher in BH
E745S_01164,3448.18919202858,-1.15972940015045,0.076862446556306,-15.0883747800154,1.93141281291695e-51,7.1805143019173e-51,gene,,,,E745S_01164,,,Higher in BH
E745S_02587,2259.53483937516,-1.04199135521106,0.0692132732429805,-15.0547908860348,3.21113126747825e-51,1.19229631627923e-50,gene,tagU_3,,,tagU_3,,,Higher in BH
E745S_01629,1120.12494154305,1.11922475750565,0.0743548772886206,15.0524726597449,3.3256784136951e-51,1.23325475952439e-50,gene,opuCA_2,,,opuCA_2,,,Up in Serum
E745S_00573,7313.58325048863,-1.06906929312309,0.0713576978282061,-14.981835536467,9.65142143390867e-51,3.56992221017892e-50,gene,pdhD,,,pdhD,,,Higher in BH
E745S_00217,512.6690662777,-1.47214561400325,0.0984161130578953,-14.9583799670816,1.37328496969602e-50,5.0731377497273e-50,gene,aroK,,,aroK,,,Higher in BH
E745S_00866,13342.3061443151,1.02447546669225,0.0685742524820045,14.9396519774109,1.81922847501578e-50,6.7120077196083e-50,gene,cspD,,,cspD,,,Up in Serum
E745S_00851,16382.9344360173,-1.079282642924,0.0724172737555398,-14.9036629929947,3.11995464570948e-50,1.14819064142355e-49,gene,ptsH,,,ptsH,,,Higher in BH
E745S_01912,1321.16690794869,1.17165669644854,0.0787060925230382,14.8864803078056,4.03456787565016e-50,1.48290746035576e-49,gene,ogt,,,ogt,,,Up in Serum
E745S_00894,660.33505858655,-1.40898059635885,0.0947881781811304,-14.8645181645589,5.60164549011007e-50,2.05629130160283e-49,gene,,,,E745S_00894,,,Higher in BH
E745S_01666,591.116637274725,1.61006868037961,0.108601296276744,14.8255014956428,1.00228568164244e-49,3.67000455252976e-49,gene,,,,E745S_01666,,,Up in Serum
E745S_00498,8488.98526837538,-1.23895888789199,0.0836048862386909,-14.8192162400027,1.10061118897367e-49,4.02497383304315e-49,gene,obg,,,obg,,,Higher in BH
E745S_01236,1204.42282936485,1.39156181841557,0.0940116578998212,14.8020133832595,1.42162659032322e-49,5.19241531296222e-49,gene,thiT,,,thiT,,,Up in Serum
E745S_01728,1031.49398741072,-1.20497811666209,0.0814257771507136,-14.7984846915463,1.49819868620388e-49,5.46523355330763e-49,gene,,,,E745S_01728,,,Higher in BH
E745S_02369,1321.45352273519,-1.14386105214628,0.0775368970760394,-14.7524739225057,2.9659007436737e-49,1.0805678429079e-48,gene,ansA,,,ansA,,,Higher in BH
E745S_00666,1520.42426755574,-1.0329387535609,0.0700742050150039,-14.7406417716723,3.53410267479819e-49,1.28597161079219e-48,gene,rbgA,,,rbgA,,,Higher in BH
E745S_02159,113.893208538411,3.932214021068,0.267521897319943,14.6986622794667,6.57456978216984e-49,2.3863556902614e-48,gene,,,,E745S_02159,,,Up in Serum
E745S_01866,815.474370217234,-1.26166284933727,0.0859049649659178,-14.6867279421838,7.84096277089314e-49,2.8389356500087e-48,gene,acuR,,,acuR,,,Higher in BH
E745S_01098,1905.162468451,-1.01250351030018,0.0689648559047931,-14.6814416852832,8.47687789036249e-49,3.0653654085522e-48,gene,thiK,,,thiK,,,Higher in BH
E745S_03047,594.36164503924,1.76509945589457,0.12025681900055,14.6777494246418,8.95124244109758e-49,3.23288669305646e-48,gene,,,,E745S_03047,,,Up in Serum
E745S_01567,908.602817111487,-1.21930956868396,0.0831110160273428,-14.6708538406367,9.90902407732448e-49,3.57437039517863e-48,gene,ymdB,,,ymdB,,,Higher in BH
E745S_02781,181.610000384742,2.33186940071917,0.159081041794494,14.6583739609372,1.19090875178901e-48,4.28521060130757e-48,gene,,,,E745S_02781,,,Up in Serum
E745S_00658,3895.6082311926,-1.08971785499871,0.0744855267384975,-14.6299274867784,1.80979926368125e-48,6.49608588973628e-48,gene,codY,,,codY,,,Higher in BH
E745S_00507,706.185002940907,-1.35368985636642,0.0926810203174067,-14.6059015290338,2.57552627810314e-48,9.23319827039191e-48,gene,ykuT,,,ykuT,,,Higher in BH
E745S_02980,457.559418984818,-1.48876112002621,0.102049030164561,-14.5886846511474,3.31528085767769e-48,1.18559982514739e-47,gene,,,,E745S_02980,,,Higher in BH
E745S_01791,122.101611866166,-3.41388377736618,0.234168221378088,-14.5787663128471,3.83382313430385e-48,1.36935695017896e-47,gene,ydfK,,,ydfK,,,Higher in BH
E745S_02709,277.48770123531,-1.86985917512097,0.128412582272054,-14.561339255366,4.94788758805745e-48,1.76511038833765e-47,gene,,,,E745S_02709,,,Higher in BH
E745S_02697,592.44754351753,1.38378588282664,0.0950655516133248,14.5561232154328,5.34015474634071e-48,1.90271609138284e-47,gene,,,,E745S_02697,,,Up in Serum
E745S_01868,201.202420807954,2.3704980114128,0.162996466240404,14.5432478757947,6.44602413122821e-48,2.29113263076988e-47,gene,,,,E745S_01868,,,Up in Serum
E745S_00176,128.166186671745,3.21120343035951,0.221138822758391,14.5212106599119,8.89256741324017e-48,3.15686143170026e-47,gene,,,,E745S_00176,,,Up in Serum
E745S_01329,1795.78480191374,-1.00837662643201,0.0696517617729669,-14.4774030227528,1.6833811599151e-47,5.96872418576476e-47,gene,,,,E745S_01329,,,Higher in BH
E745S_00446,1419.44512577904,1.65206917096169,0.11417398460178,14.46975137746,1.88151024671229e-47,6.65501376449509e-47,gene,pyrC,,,pyrC,,,Up in Serum
E745S_00938,141.433707150869,6.10412318625505,0.42390568232711,14.3997201281788,5.19534718426391e-47,1.83095104762618e-46,gene,,,,E745S_00938,,,Up in Serum
E745S_02930,381.035379573347,1.71076745747437,0.118820751775626,14.3978844764834,5.33517093149831e-47,1.87746564641432e-46,gene,,,,E745S_02930,,,Up in Serum
E745S_01257,1851.12621426926,-1.16429328304299,0.0811856977546993,-14.341113216282,1.21097259929085e-46,4.25228134684641e-46,gene,,,,E745S_01257,,,Higher in BH
E745S_00384,698.50279975872,-1.30557026887471,0.0911914275590142,-14.3168091982091,1.71833394250668e-46,6.02659048992401e-46,gene,,,,E745S_00384,,,Higher in BH
E745S_01432,23762.0466212396,-1.02950643993239,0.0720322482597897,-14.2922991410653,2.44405297274864e-46,8.55124784095108e-46,gene,ssb_1,,,ssb_1,,,Higher in BH
E745S_00449,1027.48620573866,1.70050082602397,0.11922732891377,14.2626765316016,3.73836767581095e-46,1.30484272233641e-45,gene,pyrR,,,pyrR,,,Up in Serum
E745S_00940,123.149337775784,5.69275563722501,0.400118928162617,14.2276589197284,6.17133620767034e-46,2.14889470102014e-45,gene,,,,E745S_00940,,,Up in Serum
E745S_00261,726.078984965404,-1.24002907461235,0.0873173546664793,-14.2014045128693,8.97945010652656e-46,3.1192338019211e-45,gene,,,,E745S_00261,,,Higher in BH
E745S_00651,1220.38818128218,-1.13190163146241,0.0797906226275413,-14.1858979688136,1.12022543127497e-45,3.88211456004933e-45,gene,pflA,,,pflA,,,Higher in BH
E745S_00187,1461.25933202695,1.06095410485581,0.0749730301555772,14.1511434532419,1.83745067067062e-45,6.36007003843302e-45,gene,,,,E745S_00187,,,Up in Serum
E745S_01582,1351.10834047177,1.13986522808253,0.0806460520288069,14.1341727140638,2.33866142784694e-45,8.08532472263948e-45,gene,,,,E745S_01582,,,Up in Serum
E745S_01667,852.646180965937,1.33367893102217,0.094599468182516,14.098165207959,3.89772318567226e-45,1.34593976198006e-44,gene,nnrD,,,nnrD,,,Up in Serum
E745S_00382,405.72440507365,-1.57578251453916,0.111843594341915,-14.089161957026,4.42784900149248e-45,1.52357783018258e-44,gene,,,,E745S_00382,,,Higher in BH
E745S_02696,1394.45283806484,1.02534213267075,0.0728890151806643,14.0671695197049,6.04404734202197e-45,2.07234650325394e-44,gene,,,,E745S_02696,,,Up in Serum
E745S_01723,287.672009377846,-1.78415713712232,0.126967235849725,-14.0521066335098,7.47761123219609e-45,2.56086191728504e-44,gene,,,,E745S_01723,,,Higher in BH
E745S_00552,570.033378708,-1.36379494435047,0.0971913499392341,-14.0320609313806,9.92255288143509e-45,3.39418935815012e-44,gene,,,,E745S_00552,,,Higher in BH
E745S_00400,119.855904234714,-3.28090659182846,0.233965744277095,-14.0230211989613,1.12712303310024e-44,3.85100369642584e-44,gene,,,,E745S_00400,,,Higher in BH
E745S_00996,748.543755410047,1.28704292017303,0.0919380239500389,13.9990274412732,1.58018352203425e-44,5.39263098785662e-44,gene,,,,E745S_00996,,,Up in Serum
E745S_02569,559.933018230659,1.3496226267746,0.0964497061456363,13.9930195820058,1.71953191779277e-44,5.85445311426285e-44,gene,bglH_2,,,bglH_2,,,Up in Serum
E745S_00820,965.556808972153,-1.12691340706571,0.0805691681346682,-13.9869063210647,1.87387602522843e-44,6.37249195028034e-44,gene,ziaA,,,ziaA,,,Higher in BH
E745S_01724,228.614890274697,-1.95330304451526,0.140199780291736,-13.9322832065122,4.03255170426251e-44,1.36656088604286e-43,gene,paiA,,,paiA,,,Higher in BH
E745S_00868,648.160874575558,-1.2431189163032,0.089399232954034,-13.9052525981109,5.88587018064694e-44,1.99229861579805e-43,gene,,,,E745S_00868,,,Higher in BH
E745S_00051,192.867808518678,2.24811857331199,0.161944415310985,13.8820382845243,8.13959166891471e-44,2.74876465756505e-43,gene,,,,E745S_00051,,,Up in Serum
E745S_00822,781.589251638236,1.22918950392817,0.0889126597440531,13.8246848926413,1.80902889028349e-43,6.09500358751764e-43,gene,,,,E745S_00822,,,Up in Serum
E745S_01927,1305.25928832912,1.05611820933724,0.0765067540979048,13.8042480273799,2.40266571426792e-43,8.08573398177331e-43,gene,xerC_7,,,xerC_7,,,Up in Serum
E745S_00994,2408.86194227715,1.07950733824725,0.0782834185607968,13.7897316966157,2.93850769716986e-43,9.87759342547514e-43,gene,MroQ,,,MroQ,,,Up in Serum
E745S_00425,487.659898636557,-1.77806465127245,0.129278321127865,-13.7537727575672,4.8341421910134e-43,1.62308972526413e-42,gene,,,,E745S_00425,,,Higher in BH
E745S_00611,594.43162379401,1.26828905301338,0.0923749175914081,13.7297990199381,6.73199980269134e-43,2.25770177714683e-42,gene,,,,E745S_00611,,,Up in Serum
E745S_02667,577.493722108939,-1.32123551784516,0.0963070975337575,-13.718983872212,7.81530068410506e-43,2.61799082755234e-42,gene,ctpE_2,,,ctpE_2,,,Higher in BH
E745S_02947,279.503078946599,1.80889663073934,0.131922160944065,13.711848091287,8.62330590330784e-43,2.88533833155507e-42,gene,,,,E745S_02947,,,Up in Serum
E745S_00207,973.823121137249,-1.13935249409207,0.0832288593595393,-13.6893921514675,1.17487970574468e-42,3.92660714514669e-42,gene,aes_1,,,aes_1,,,Higher in BH
E745S_00776,1114.13882763956,-1.03681984128475,0.0758644730906598,-13.6667375260846,1.60428186986489e-42,5.34944389825508e-42,gene,,,,E745S_00776,,,Higher in BH
E745S_02992,125.70937408863,2.75869451986755,0.201971542282601,13.6588278164829,1.78839353013509e-42,5.95653726112499e-42,gene,,,,E745S_02992,,,Up in Serum
E745S_02830,1086.6076982132,-1.06494242457394,0.078012119124202,-13.6509870072682,1.99162618437073e-42,6.61829203504931e-42,gene,qseB,,,qseB,,,Higher in BH
E745S_00441,888.764966417935,1.3163142483329,0.0965049813226318,13.6398580704581,2.3201169050731e-42,7.70109499506019e-42,gene,pyrDB,,,pyrDB,,,Up in Serum
E745S_02502,1244.86923615448,1.14069734493861,0.0836660578151637,13.6339320236488,2.51647839051074e-42,8.34335830840179e-42,gene,yjdJ,,,yjdJ,,,Up in Serum
E745S_01618,319.71713651743,1.71056093504329,0.125650982963407,13.6135897603082,3.32502125203859e-42,1.0999019164414e-41,gene,rpsN2_2,,,rpsN2_2,,,Up in Serum
E745S_00370,3117.43135376983,1.13569096013835,0.0834683006589698,13.606254723916,3.67604931654876e-42,1.21326298871581e-41,gene,nylA,,,nylA,,,Up in Serum
E745S_02353,818.10254914216,1.11614368623685,0.0820593216901603,13.6016684423884,3.91401537708834e-42,1.29033961072527e-41,gene,yumC,,,yumC,,,Up in Serum
E745S_01858,219.372516727035,-2.26809551392065,0.166805935770675,-13.5972110551199,4.15996257403959e-42,1.36987002862322e-41,gene,ribZ_2,,,ribZ_2,,,Higher in BH
E745S_01292,279.857366027785,-2.06055056771681,0.151626828151198,-13.5896173048089,4.61487054304028e-42,1.51795346336613e-41,gene,,,,E745S_01292,,,Higher in BH
E745S_02079,887.689803895268,1.1228302022439,0.0827138559068091,13.5748743657768,5.64403950878762e-42,1.85437912077661e-41,gene,bceA_2,,,bceA_2,,,Up in Serum
E745S_01755,350.263678887478,1.53128954187324,0.112865304708696,13.5674071480645,6.24938529086575e-42,2.05095384235741e-41,gene,anr,,,anr,,,Up in Serum
E745S_02931,433.301504291686,1.42796920668509,0.105389890475595,13.5493945409856,7.98863332528919e-42,2.61879635246811e-41,gene,,,,E745S_02931,,,Up in Serum
E745S_00181,4177.12264907921,1.08585766939548,0.0801954922799859,13.5401334728944,9.06241062632301e-42,2.96412104867711e-41,gene,cdaA,,,cdaA,,,Up in Serum
E745S_00527,705.630057465792,1.15631659421404,0.0859063543827691,13.4601986374825,2.68194263986519e-41,8.73281322667514e-41,gene,,,,E745S_00527,,,Up in Serum
E745S_00889,547.394672236445,-1.36470022086632,0.101477666246313,-13.4482814923417,3.15110680082782e-41,1.0249018879564e-40,gene,glyG,,,glyG,,,Higher in BH
E745S_00232,1011.56950178412,-1.05753074861273,0.0786972853104335,-13.4379571600359,3.62300834564929e-41,1.17707335872601e-40,gene,,,,E745S_00232,,,Higher in BH
E745S_00644,990.634030810224,1.0216015365545,0.0761588251644203,13.4140926458483,5.00015325805176e-41,1.62268072844913e-40,gene,exuR_1,,,exuR_1,,,Up in Serum
E745S_00995,316.996956475598,1.5658801555653,0.116962703762817,13.3878587377792,7.1204072523402e-41,2.30561796569103e-40,gene,gmuC_2,,,gmuC_2,,,Up in Serum
E745S_01752,921.673875168501,1.15788284762904,0.086704453565832,13.3543641648107,1.11707897980967e-40,3.61312990025105e-40,gene,dhaK,,,dhaK,,,Up in Serum
E745S_00285,503.256778255553,1.31212523705217,0.0984049466923085,13.3339357538083,1.46936621690812e-40,4.731554267057e-40,gene,,,,E745S_00285,,,Up in Serum
E745S_00439,1626.5002527978,1.30723957188417,0.0981044815733496,13.3249730381255,1.65692638007778e-40,5.32962728442699e-40,gene,pyrE,,,pyrE,,,Up in Serum
E745S_01324,633.907263077958,-1.24550792546406,0.0934998203428156,-13.3209659750941,1.74830675807448e-40,5.6173520670583e-40,gene,,,,E745S_01324,,,Higher in BH
E745S_02521,361.309515346381,-1.63038314670921,0.122583987181034,-13.3001314788483,2.31061656890551e-40,7.40771457277966e-40,gene,,,,E745S_02521,,,Higher in BH
E745S_00394,2785.65017016424,1.0231980898895,0.0771248976246564,13.2667675601866,3.60811807925525e-40,1.15547103726205e-39,gene,pdxK,,,pdxK,,,Up in Serum
E745S_00287,136.086868766698,-2.62368849754971,0.197946645174886,-13.2545236886015,4.24805435796952e-40,1.35741890626227e-39,gene,sttH,,,sttH,,,Higher in BH
E745S_01291,323.850742383579,-1.83483922452915,0.138472929952403,-13.2505264758956,4.48049046728697e-40,1.42855506574725e-39,gene,ygaZ_2,,,ygaZ_2,,,Higher in BH
E745S_00942,118.383498805689,6.09007851960248,0.460120187735077,13.2358428991796,5.44820559034444e-40,1.73330343972597e-39,gene,,,,E745S_00942,,,Up in Serum
E745S_01892,1316.75401990926,-1.23241967379519,0.0931625860931548,-13.2286975434846,5.99166644566297e-40,1.90412019905294e-39,gene,act,,,act,,,Higher in BH
E745S_01647,692.949727740605,1.38028572570613,0.104379175184608,13.2237654040178,6.39791371854023e-40,2.03100619789211e-39,gene,kdgK,,,kdgK,,,Up in Serum
E745S_00354,226.770878187542,-1.93069954457593,0.146837978616719,-13.1485026065055,1.73577863183935e-39,5.49820630825283e-39,gene,,,,E745S_00354,,,Higher in BH
E745S_02145,102.075022952101,5.51854679038298,0.421712496824905,13.0860404468267,3.95704378507128e-39,1.24799073221479e-38,gene,,,,E745S_02145,,,Up in Serum
E745S_01131,891.702579264225,-1.12013756071161,0.0856388695048334,-13.0797798615078,4.29682767086048e-39,1.35368672617693e-38,gene,rluD_2,,,rluD_2,,,Higher in BH
E745S_02456,912.606928543912,-1.14342349720395,0.0875848227422586,-13.0550415175101,5.94776002817172e-39,1.8697547993529e-38,gene,zapA,,,zapA,,,Higher in BH
E745S_02245,312.106188725234,-1.61292181757973,0.124210724386496,-12.9853668074662,1.48126800411813e-38,4.62657849784108e-38,gene,,,,E745S_02245,,,Higher in BH
E745S_00946,129.443724730344,6.51356604209016,0.502234568130102,12.969171091391,1.82998588027722e-38,5.7096344024512e-38,gene,,,,E745S_00946,,,Up in Serum
E745S_01779,507.659899758525,-1.39092905898738,0.107312707028725,-12.9614571983079,2.0236633026573e-38,6.30715618205074e-38,gene,,,,E745S_01779,,,Higher in BH
E745S_01258,2913.36233368259,-1.07779599560258,0.0833819997478172,-12.9260032004784,3.21081144907162e-38,9.98576082077723e-38,gene,,,,E745S_01258,,,Higher in BH
E745S_02075,945.761487811644,-1.01368708109351,0.0786398040667831,-12.8902544089842,5.10750430952558e-38,1.58506876812676e-37,gene,rsmI,,,rsmI,,,Higher in BH
E745S_02396,576.302631592815,1.18103204240966,0.0916313827849169,12.8889470672057,5.19482140313243e-38,1.61044995788269e-37,gene,cdr_2,,,cdr_2,,,Up in Serum
E745S_01856,750.818319151896,1.14333763614041,0.0887479533271864,12.8829746859094,5.6129710333827e-38,1.73638243126217e-37,gene,pckA,,,pckA,,,Up in Serum
E745S_01812,567.897464552183,-1.62308510349993,0.126008699180664,-12.8807385049887,5.77800170399334e-38,1.7855374692489e-37,gene,agrA,,,agrA,,,Higher in BH
E745S_02061,255.186320102944,-1.95801766153062,0.152294446648256,-12.8567896244629,7.87812218270416e-38,2.43194206509563e-37,gene,yfcJ,,,yfcJ,,,Higher in BH
E745S_01066,572.352053083988,-1.20067187263578,0.0935297113432134,-12.8373311046565,1.01307075148038e-37,3.12399253978748e-37,gene,sbcD,,,sbcD,,,Higher in BH
E745S_00188,638.549355216427,-1.14654596626542,0.0894156322215552,-12.8226568193858,1.22432211324894e-37,3.76744362755568e-37,gene,,,,E745S_00188,,,Higher in BH
E745S_02663,331.720700516489,-1.66450918012662,0.13008169831507,-12.795875220625,1.72893566112376e-37,5.30899969359839e-37,gene,,,,E745S_02663,,,Higher in BH
E745S_02740,555.357054948676,-1.19237436947528,0.0934100850906461,-12.7649425468159,2.57340459406782e-37,7.88545344561201e-37,gene,,,,E745S_02740,,,Higher in BH
E745S_02193,81.9390074722648,4.66033893951023,0.365246244517136,12.7594438258258,2.76165802054072e-37,8.45340325740699e-37,gene,,,,E745S_02193,,,Up in Serum
E745S_02172,104.882488524179,2.87787616465306,0.226592857826199,12.7006481680921,5.86419958897853e-37,1.78750628309073e-36,gene,,,,E745S_02172,,,Up in Serum
E745S_02600,774.199933775345,-1.14891386665868,0.0906239894044974,-12.6778116281169,7.84928225872543e-37,2.38759254494772e-36,gene,pglH_2,,,pglH_2,,,Higher in BH
E745S_02218,378.306995863741,1.38709737550899,0.109634736139127,12.6519880865929,1.09079183852931e-36,3.3145042191637e-36,gene,ccpB,,,ccpB,,,Up in Serum
E745S_02015,886.307795324507,1.0398257490354,0.0823946259332178,12.6200675985616,1.63680720938759e-36,4.96327686096591e-36,gene,yceM,,,yceM,,,Up in Serum
E745S_01211,487.636959395679,-1.23965603136018,0.0983452770620306,-12.6051404642266,1.9781985996159e-36,5.99223321902381e-36,gene,pth,,,pth,,,Higher in BH
E745S_01962,825.604701951441,1.05439429048533,0.0836824010388724,12.5999526470988,2.1127131190762e-36,6.39304354431477e-36,gene,fruA_2,,,fruA_2,,,Up in Serum
E745S_02167,97.2669339845672,3.24036908510118,0.258615837945866,12.5296621848019,5.13810638695066e-36,1.54834655200966e-35,gene,,,,E745S_02167,,,Up in Serum
E745S_03037,446.130842091464,1.35738009954163,0.108367019699769,12.5257675564231,5.39667184270631e-36,1.62458239235968e-35,gene,ligA_2,,,ligA_2,,,Up in Serum
E745S_00118,455.418172899153,-1.29251347112049,0.103287010791371,-12.5138046034775,6.27453735013698e-36,1.88689857709181e-35,gene,,,,E745S_00118,,,Higher in BH
E745S_02906,613.132876206828,1.14179228490375,0.0912530555215124,12.5123731844199,6.3886578314078e-36,1.91923456627741e-35,gene,,,,E745S_02906,,,Up in Serum
E745S_02903,546.356170114543,1.36703203754187,0.109271962133648,12.5103641487638,6.55231601891646e-36,1.96637030217173e-35,gene,ssb_2,,,ssb_2,,,Up in Serum
E745S_02944,310.265737109631,1.58543303163686,0.127049231474202,12.4788872253729,9.73374685770934e-36,2.91811916609597e-35,gene,,,,E745S_02944,,,Up in Serum
E745S_02780,131.125838786555,2.38033222341969,0.191888997382526,12.4047353203611,2.46325366880169e-35,7.3543912101351e-35,gene,,,,E745S_02780,,,Up in Serum
E745S_00534,924.96859268428,1.34752421414528,0.108698876086463,12.3968550794711,2.71782468873528e-35,8.09783794156438e-35,gene,,,,E745S_00534,,,Up in Serum
E745S_02187,102.281200284096,6.01176119428142,0.486102266997636,12.3672766050084,3.92918905276729e-35,1.16712952373526e-34,gene,clpP_1,,,clpP_1,,,Up in Serum
E745S_00338,219.448622958279,-1.73860753528044,0.141126565730034,-12.319491559132,7.1141397478059e-35,2.10033071053377e-34,gene,,,,E745S_00338,,,Higher in BH
E745S_02170,105.777194291643,2.658846194863,0.216169027603469,12.2998480602886,9.07446731919685e-35,2.66826003698808e-34,gene,,,,E745S_02170,,,Up in Serum
E745S_00990,318.755885510209,1.42509496915788,0.116376319105355,12.2455752176501,1.77414730826536e-34,5.20094946058455e-34,gene,,,,E745S_00990,,,Up in Serum
E745S_00978,75.713905701166,4.26795545182942,0.348776470760743,12.2369362890801,1.97341955922828e-34,5.77930013773997e-34,gene,,,,E745S_00978,,,Up in Serum
E745S_02751,156.949321477374,-2.55977659717307,0.209896547824004,-12.1954201901377,3.28803553442958e-34,9.60027225749699e-34,gene,alsS_2,,,alsS_2,,,Higher in BH
E745S_02599,477.235794599505,-1.28504798975992,0.105496353856671,-12.1809706476284,3.92581596609679e-34,1.14280502773077e-33,gene,,,,E745S_02599,,,Higher in BH
E745S_01097,594.675324031921,-1.28996861831795,0.106323859778607,-12.1324472324837,7.10926224601413e-34,2.06126119503457e-33,gene,trmB,,,trmB,,,Higher in BH
E745S_01963,260.278793471124,1.54268318987176,0.127391625674662,12.1097692387687,9.3757559187978e-34,2.71300452083702e-33,gene,,,,E745S_01963,,,Up in Serum
E745S_00777,410.491580334044,1.25239370759948,0.10380369758048,12.0650201947622,1.61622723833726e-33,4.6628716459859e-33,gene,,,,E745S_00777,,,Up in Serum
E745S_01811,217.052573733363,-1.79841100565197,0.149227263163987,-12.051490910717,1.90473177538744e-33,5.48977643381468e-33,gene,,,,E745S_01811,,,Higher in BH
E745S_01038,970.551149354421,-1.12028301555734,0.0930733877671255,-12.0365556947422,2.28289597990594e-33,6.55375759122899e-33,gene,queT_1,,,queT_1,,,Higher in BH
E745S_00173,254.746629280362,1.58333968427589,0.13161740623528,12.0298654225528,2.47563966854333e-33,7.10008578830506e-33,gene,,,,E745S_00173,,,Up in Serum
E745S_00145,589.220878599756,-1.29835915858539,0.10809865914425,-12.0108720021478,3.115425322753e-33,8.91740719226546e-33,gene,truB,,,truB,,,Higher in BH
E745S_02200,306.511231416988,1.53405471182893,0.127763558308476,12.0069817414216,3.26546816945258e-33,9.33769925469201e-33,gene,,,,E745S_02200,,,Up in Serum
E745S_03023,330.600756867595,1.42844880379614,0.119516889018977,11.9518573108888,6.34902602794384e-33,1.8119622320926e-32,gene,,,,E745S_03023,,,Up in Serum
E745S_01592,17889.5366059759,-1.08656823017286,0.0911931449209626,-11.9150209274457,9.88413629418942e-33,2.81258267374246e-32,gene,rpsO,,,rpsO,,,Higher in BH
E745S_02085,787.620741545698,-1.07694276683278,0.0907145967621317,-11.871769321278,1.65920960533826e-32,4.71215527916066e-32,gene,,,,E745S_02085,,,Higher in BH
E745S_02199,173.92067319951,1.91958879414713,0.161712709019255,11.8703644616983,1.68730950239758e-32,4.78728846148085e-32,gene,,,,E745S_02199,,,Up in Serum
E745S_02118,778.732993010825,1.041010291151,0.0877514344552191,11.8631712132552,1.83876418648002e-32,5.21192068826032e-32,gene,,,,E745S_02118,,,Up in Serum
E745S_02003,341.538781556131,-1.34995524453149,0.114052582806427,-11.8362531677399,2.53528272888448e-32,7.17919068461354e-32,gene,,,,E745S_02003,,,Higher in BH
E745S_02910,267.340071168855,1.51611154188246,0.128125579328306,11.8330121887497,2.63512609413673e-32,7.45466672500684e-32,gene,,,,E745S_02910,,,Up in Serum
E745S_03042,475.900690293829,1.29709274494564,0.109729370899079,11.8208346071591,3.04642808960211e-32,8.60985647459392e-32,gene,,,,E745S_03042,,,Up in Serum
E745S_01048,790.69550145982,-1.41423087099422,0.119847059376476,-11.8002967978687,3.88937230837713e-32,1.09602737557462e-31,gene,trmL,,,trmL,,,Higher in BH
E745S_03090,489.292006626261,1.16078257669863,0.0986150047901059,11.7708514963749,5.51648699866312e-32,1.55004764991393e-31,gene,,,,E745S_03090,,,Up in Serum
E745S_02381,208.901499162882,-1.6759982826262,0.142421953207472,-11.7678366633879,5.71718435874008e-32,1.60334524742701e-31,gene,,,,E745S_02381,,,Higher in BH
E745S_02077,1019.85482911755,-1.0633493650753,0.0904878001928819,-11.7513008693844,6.95399812788732e-32,1.94832421080655e-31,gene,,,,E745S_02077,,,Higher in BH
E745S_00964,72.9145983350566,3.50435193213581,0.298832518402791,11.7268092203151,9.2894809987526e-32,2.59766370675973e-31,gene,,,,E745S_00964,,,Up in Serum
E745S_01325,438.486155485593,-1.25212646203468,0.106843759585248,-11.719228777565,1.01592630254637e-31,2.83815879722887e-31,gene,ribZ_1,,,ribZ_1,,,Higher in BH
E745S_02161,69.2005655110386,3.83690398036765,0.327779725038949,11.705739212246,1.19116598056264e-31,3.32452940500273e-31,gene,,,,E745S_02161,,,Up in Serum
E745S_02864,185.490852867417,-1.87657858377048,0.160578093243754,-11.6863922460574,1.49607772002215e-31,4.17153471550237e-31,gene,nanE_2,,,nanE_2,,,Higher in BH
E745S_02811,254.414849446283,1.4512144586593,0.126285078411874,11.491575068958,1.45435752012124e-30,4.02436762459404e-30,gene,,,,E745S_02811,,,Up in Serum
E745S_01802,93.3325519673207,2.85367861217646,0.24868141893715,11.4752385778275,1.75692412910169e-30,4.84777833157823e-30,gene,bglF_1,,,bglF_1,,,Up in Serum
E745S_02854,701.050599695219,1.00203741759431,0.0873807103314107,11.467489950515,1.92152190660215e-30,5.29692260427923e-30,gene,lacD,,,lacD,,,Up in Serum
E745S_03049,531.552909577327,1.10795815069463,0.0969080666135218,11.4330848753104,2.85772567030027e-30,7.86279718926662e-30,gene,,,,E745S_03049,,,Up in Serum
E745S_00715,336.520759685013,-1.3160795373462,0.115192310514789,-11.4250641511113,3.13424078148161e-30,8.61546262029552e-30,gene,ydjP,,,ydjP,,,Higher in BH
E745S_00341,158.558848573651,-2.07120125717102,0.181600228827808,-11.4052788949672,3.93514082454488e-30,1.08067876794813e-29,gene,,,,E745S_00341,,,Higher in BH
E745S_01275,254.483716241083,-1.5738281941181,0.138393028890215,-11.3721638057838,5.75431324511179e-30,1.57877529279175e-29,gene,yodC_1,,,yodC_1,,,Higher in BH
E745S_00352,170.695530926213,-1.91976424305197,0.169607078254221,-11.3188922467874,1.05800355205073e-29,2.89731734714926e-29,gene,uxuA_2,,,uxuA_2,,,Higher in BH
E745S_01703,1443.79780010793,1.06353684899217,0.0950709819031274,11.1867662214309,4.73384831622694e-29,1.28787219145202e-28,gene,,,,E745S_01703,,,Up in Serum
E745S_00324,91.6701205194599,-2.76868252482781,0.247686433464263,-11.178175914214,5.21508664552131e-29,1.4161489948799e-28,gene,,,,E745S_00324,,,Higher in BH
E745S_01731,378.091339417648,-1.48556726682737,0.133593133329849,-11.1200870119531,1.00174247307381e-28,2.71262543173754e-28,gene,,,,E745S_01731,,,Higher in BH
E745S_01208,693.756859659306,-1.13055293763289,0.101717913837245,-11.1145902917538,1.06538537617473e-28,2.88228329929798e-28,gene,,,,E745S_01208,,,Higher in BH
E745S_01388,595.141813377669,-1.00647447498439,0.0906312511325939,-11.105159229369,1.18406113855942e-28,3.20037323523349e-28,gene,,,,E745S_01388,,,Higher in BH
E745S_01876,146.006775719811,1.86929867571545,0.16952081216009,11.0269568196155,2.83289315398159e-28,7.62158222850316e-28,gene,lacF_4,,,lacF_4,,,Up in Serum
E745S_01392,163.897203091396,-1.83896362204088,0.166855844039797,-11.0212718806676,3.01764717772129e-28,8.11114583042169e-28,gene,menA,,,menA,,,Higher in BH
E745S_00970,64.4411020362844,3.34854104119006,0.30409095408806,11.0116430501263,3.35822730260912e-28,9.00165716196607e-28,gene,,,,E745S_00970,,,Up in Serum
E745S_02246,690.27601825155,-1.02617414410918,0.0933851822229711,-10.9886185332812,4.33510490293153e-28,1.16094667639684e-27,gene,,,,E745S_02246,,,Higher in BH
E745S_02574,406.139714364404,-1.27820518624109,0.116493537368986,-10.9723270072266,5.19187290794213e-28,1.38911231939518e-27,gene,zur,,,zur,,,Higher in BH
E745S_02655,172.045568361991,-1.71633580282634,0.156507834144408,-10.9664529715662,5.54034088344146e-28,1.47962681758698e-27,gene,,,,E745S_02655,,,Higher in BH
E745S_01049,432.259571892019,-1.13761294607714,0.104131188508999,-10.9248051651578,8.77284738376605e-28,2.33862259470174e-27,gene,rlmA,,,rlmA,,,Higher in BH
E745S_00208,443.888769884585,1.21085008474448,0.111202178138221,10.8887263272796,1.30451886778887e-27,3.46799490788438e-27,gene,melR_2,,,melR_2,,,Up in Serum
E745S_02440,493.786542118437,1.16477926607979,0.107976991563393,10.7872913406366,3.95268009522256e-27,1.04602288701753e-26,gene,,,,E745S_02440,,,Up in Serum
E745S_02914,192.439299721526,1.56605716168699,0.145725933049639,10.7465921055626,6.14917300019419e-27,1.62434143408033e-26,gene,,,,E745S_02914,,,Up in Serum
E745S_01609,412.098957555251,-1.1657915888219,0.10975839996009,-10.6214338879375,2.36893949946145e-26,6.22381126618437e-26,gene,,,,E745S_01609,,,Higher in BH
E745S_01466,2312.92480886633,-1.11243343948589,0.105350734201608,-10.5593325752913,4.59920216802172e-26,1.20506548254826e-25,gene,cdd,,,cdd,,,Higher in BH
E745S_00955,57.3116388392692,4.89303259138332,0.466871524473132,10.4804691117222,1.06215563911755e-25,2.76559487072557e-25,gene,,,,E745S_00955,,,Up in Serum
E745S_01970,498.74890555375,-1.00204398796889,0.0957288996335067,-10.4675180828899,1.21794422177622e-25,3.16556752642017e-25,gene,gmuD_2,,,gmuD_2,,,Higher in BH
E745S_01080,388.806059620086,-1.26391340500211,0.120894273346103,-10.4547003759533,1.39438804930848e-25,3.61770375359803e-25,gene,,,,E745S_01080,,,Higher in BH
E745S_00869,413.147769850075,1.08864399368844,0.104532484944755,10.4144084421582,2.13118367902351e-25,5.51946235732869e-25,gene,czcD,,,czcD,,,Up in Serum
E745S_01746,765.465174979408,1.03377643732594,0.0994427609354466,10.3956932370072,2.59393773227022e-25,6.7059971035867e-25,gene,,,,E745S_01746,,,Up in Serum
E745S_00260,338.62791899667,-1.1668483700743,0.112690490658157,-10.3544528314629,3.99464060857835e-25,1.03088641946557e-24,gene,,,,E745S_00260,,,Higher in BH
E745S_01969,436.158728727249,-1.12710433312419,0.109171709434588,-10.324142939243,5.48060612180406e-25,1.40936788167594e-24,gene,rbsR,,,rbsR,,,Higher in BH
E745S_00282,1605.77456077812,2.45593058337016,0.238044640334538,10.3171009434142,5.89770653097924e-25,1.5152889418959e-24,gene,,,,E745S_00282,,,Up in Serum
E745S_00551,502.277088446509,-1.03120835041152,0.100041728166647,-10.307782255558,6.49835693238957e-25,1.66814083158607e-24,gene,,,,E745S_00551,,,Higher in BH
E745S_00424,436.826071263915,1.05171235285236,0.102319616838531,10.2786971389078,8.79078587534545e-25,2.25263888055727e-24,gene,,,,E745S_00424,,,Up in Serum
E745S_00966,55.0931844103982,3.54573675688894,0.345755906296371,10.255028742299,1.12342575282397e-24,2.8737191269513e-24,gene,,,,E745S_00966,,,Up in Serum
E745S_00733,136.611070745178,-1.92247443238128,0.187579446065267,-10.2488544065343,1.19754420501556e-24,3.05793963228096e-24,gene,,,,E745S_00733,,,Higher in BH
E745S_01893,376.667407225802,-1.090663554197,0.106632239179228,-10.2282720741126,1.48138892323662e-24,3.77942432562821e-24,gene,,,,E745S_01893,,,Higher in BH
E745S_02367,514.042112098966,1.020502072507,0.0997901725004425,10.2264786895971,1.50907046384743e-24,3.84667611231162e-24,gene,,,,E745S_02367,,,Up in Serum
E745S_00416,73.3245844891966,2.86713898474372,0.2809576680977,10.2048789205736,1.88556186178509e-24,4.79377343201431e-24,gene,,,,E745S_00416,,,Up in Serum
E745S_00283,118.485802107381,1.8782933666521,0.184254756688238,10.1940020459293,2.10899328923654e-24,5.35713740398565e-24,gene,,,,E745S_00283,,,Up in Serum
E745S_01862,168.892708539632,1.56737691176737,0.154330406238311,10.1559825440172,3.11654962474167e-24,7.895801529698e-24,gene,,,,E745S_01862,,,Up in Serum
E745S_00055,160.583639019344,1.58202044180511,0.156396404525942,10.1154527599303,4.71830372127013e-24,1.19227275456748e-23,gene,,,,E745S_00055,,,Up in Serum
E745S_02190,58.8034259936745,5.53285866756947,0.548677675046193,10.0839872282095,6.50323412940996e-24,1.6390402208409e-23,gene,,,,E745S_02190,,,Up in Serum
E745S_02682,160.904259879906,-1.64586865002996,0.163790394693937,-10.048627412526,9.31558624010823e-24,2.33773030559957e-23,gene,,,,E745S_02682,,,Higher in BH
E745S_02443,312.93243716968,1.18650916320868,0.118940425653176,9.97565929912237,1.94803350203883e-23,4.87594628068361e-23,gene,,,,E745S_02443,,,Up in Serum
E745S_00726,332.543251859587,-1.11811265667546,0.112234962447584,-9.96224912711705,2.22960666218198e-23,5.57593212509601e-23,gene,,,,E745S_00726,,,Higher in BH
E745S_02808,147.121975069167,1.60314299302376,0.161862502903711,9.90435069435101,3.98550428270741e-23,9.94156209679628e-23,gene,,,,E745S_02808,,,Up in Serum
E745S_02977,254.548582563804,-1.31757064160292,0.133294173604609,-9.88468292328539,4.85115106447817e-23,1.20698296997401e-22,gene,,,,E745S_02977,,,Higher in BH
E745S_02094,127.544717915657,-1.79151200711494,0.181640018943726,-9.86298073262133,6.02341759051143e-23,1.49354076711915e-22,gene,,,,E745S_02094,,,Higher in BH
E745S_02037,218.197610334228,1.39078246331919,0.141241538940375,9.84683736635233,7.07347729577588e-23,1.75241637514924e-22,gene,manZ_3,,,manZ_3,,,Up in Serum
E745S_02039,152.694161078241,-1.6330844548245,0.167603709056313,-9.74372502863765,1.96226510856877e-22,4.83670934042649e-22,gene,,,,E745S_02039,,,Higher in BH
E745S_01327,127.691784748973,-1.78622885840435,0.183467801260422,-9.73592557458568,2.11879920871602e-22,5.21677252593957e-22,gene,,,,E745S_01327,,,Higher in BH
E745S_00944,49.5792714245426,4.9491248848317,0.508928081606513,9.7246056244509,2.36821295693137e-22,5.82252357907705e-22,gene,,,,E745S_00944,,,Up in Serum
E745S_01240,456.270338785827,-1.08184346051581,0.111443389468304,-9.70756063394415,2.79956810622664e-22,6.86566365393913e-22,gene,znuB,,,znuB,,,Higher in BH
E745S_02888,546.290265777984,-1.05091631828879,0.108353903252854,-9.69892442025253,3.04693599359924e-22,7.46601908869308e-22,gene,gatC_3,,,gatC_3,,,Higher in BH
E745S_00765,105.316920135904,1.91441259208296,0.197432374029104,9.69654850931767,3.11870388803991e-22,7.62903110763376e-22,gene,,,,E745S_00765,,,Up in Serum
E745S_02909,175.058228154446,1.46857756877754,0.151799600439381,9.67444950136082,3.87169670733829e-22,9.44719959351364e-22,gene,,,,E745S_02909,,,Up in Serum
E745S_02328,54.2713608266704,-3.25231951644006,0.336636364878931,-9.6612245608395,4.4056575441607e-22,1.07321080427212e-21,gene,,,,E745S_02328,,,Higher in BH
E745S_00442,430.046146086603,1.38624448623032,0.143962183777212,9.62922657783233,6.01807245015658e-22,1.46110165991708e-21,gene,pyrK_1,,,pyrK_1,,,Up in Serum
E745S_01269,676.888712687393,1.05776969104864,0.110005597892052,9.61559876331589,6.87084206604912e-22,1.66536396788251e-21,gene,,,,E745S_01269,,,Up in Serum
E745S_00037,368.89600612602,-1.05252023964179,0.109660499445613,-9.59798874674834,8.15195534942268e-22,1.97423810500578e-21,gene,xerC_1,,,xerC_1,,,Higher in BH
E745S_02941,240.049634408707,1.21658630118621,0.127659666791439,9.52991913392484,1.57405794509441e-21,3.79940520577929e-21,gene,,,,E745S_02941,,,Up in Serum
E745S_02476,85.52903722974,-2.18263127115781,0.229308855963799,-9.51830343396063,1.76029300315445e-21,4.24189812266772e-21,gene,lhpI,,,lhpI,,,Higher in BH
E745S_02946,177.367673390386,1.4029782192637,0.147683685379008,9.49988629863329,2.10119600330106e-21,5.05502608728048e-21,gene,,,,E745S_02946,,,Up in Serum
E745S_02828,305.672937179355,-1.13483430560149,0.119607867897179,-9.48795698437708,2.35606476488351e-21,5.66350497983145e-21,gene,guaA_2,,,guaA_2,,,Higher in BH
E745S_02892,122.388496877514,-1.89859315314971,0.200738068478968,-9.45806227755267,3.13702429168385e-21,7.5345525685575e-21,gene,,,,E745S_02892,,,Higher in BH
E745S_02602,392.193232213731,-1.12079206713841,0.118670673716453,-9.44455805329278,3.56907254613369e-21,8.55813029801909e-21,gene,,,,E745S_02602,,,Higher in BH
E745S_01816,467.064202848872,-1.30163755891066,0.138195671464527,-9.41880121943449,4.56267309205427e-21,1.09047137692693e-20,gene,,,,E745S_01816,,,Higher in BH
E745S_02762,74.1762134131351,2.30367017490753,0.244747737465867,9.41242684716875,4.84811422019794e-21,1.15774081173062e-20,gene,,,,E745S_02762,,,Up in Serum
E745S_01420,76.9522402711297,-2.33645046627618,0.249831095171467,-9.35212033823331,8.59079539574755e-21,2.04145350179764e-20,gene,,,,E745S_01420,,,Higher in BH
E745S_02617,393.441749509628,-1.07572288717368,0.115853315920061,-9.28521448549579,1.61381807233499e-20,3.81936943785948e-20,gene,eriC,,,eriC,,,Higher in BH
E745S_00951,44.301565993706,4.93607820853022,0.532282157472659,9.27342414024797,1.80263934963973e-20,4.26278078537877e-20,gene,,,,E745S_00951,,,Up in Serum
E745S_00031,188.530539893197,1.32536434141183,0.143060078708346,9.2643898519993,1.96195826490058e-20,4.63576340026428e-20,gene,,,,E745S_00031,,,Up in Serum
E745S_02181,41.4897324643821,4.17576047388899,0.451061826545481,9.25762329716444,2.09033162559681e-20,4.93508139668477e-20,gene,,,,E745S_02181,,,Up in Serum
E745S_01128,234.560420348994,-1.21816521643082,0.13234577967786,-9.20441301109812,3.43543712144233e-20,8.09761737693815e-20,gene,,,,E745S_01128,,,Higher in BH
E745S_01301,143.628339486197,1.5200037860307,0.165315759229236,9.19454862087881,3.7657225577472e-20,8.86177717510275e-20,gene,,,,E745S_01301,,,Up in Serum
E745S_01107,331.371169157469,-1.03882127114579,0.113041632546221,-9.18972282818922,3.93854884070999e-20,9.24606102847321e-20,gene,ywpJ_1,,,ywpJ_1,,,Higher in BH
E745S_01813,868.335439869606,-1.02918955326919,0.112292596485877,-9.16524851572586,4.94329399459465e-20,1.15767729833186e-19,gene,,,,E745S_01813,,,Higher in BH
E745S_01356,368.097735842533,1.02338111599569,0.111668958351492,9.16441893166473,4.98146184163457e-20,1.16474180088339e-19,gene,mntD,,,mntD,,,Up in Serum
E745S_01946,180.251768737311,1.35540176534035,0.148936002646023,9.10056494910601,8.98631562648699e-20,2.09440871006434e-19,gene,,,,E745S_01946,,,Up in Serum
E745S_02812,110.916793602877,1.77246633811915,0.195451162222703,9.06858940086295,1.20567719475508e-19,2.80553662184816e-19,gene,,,,E745S_02812,,,Up in Serum
E745S_00971,41.8449479938328,4.85275855626296,0.535184827494821,9.06744419302493,1.21841343734749e-19,2.83290855920012e-19,gene,,,,E745S_00971,,,Up in Serum
E745S_01557,405.438549441603,-1.02044895256358,0.112936642589623,-9.03558782309102,1.63123329667196e-19,3.78066889061471e-19,gene,yohK,,,yohK,,,Higher in BH
E745S_02435,199.53101693286,-1.26444011421051,0.140192681217725,-9.0193018867139,1.89291697767784e-19,4.38019182990475e-19,gene,,,,E745S_02435,,,Higher in BH
E745S_00625,331.966445494625,-1.04806375565802,0.116676360437981,-8.98265725570961,2.64304845697734e-19,6.10143858704286e-19,gene,,,,E745S_00625,,,Higher in BH
E745S_00359,185.506092169835,1.35711873806825,0.151764423788538,8.94227187235398,3.81250256207205e-19,8.78021753021498e-19,gene,ohrA,,,ohrA,,,Up in Serum
E745S_00108,256.686695707373,1.14061456707326,0.127729495358192,8.92992306807942,4.26305146667327e-19,9.81007337508766e-19,gene,,,,E745S_00108,,,Up in Serum
E745S_01256,48.3217218013496,-3.06471728039062,0.344032073900311,-8.90823127519986,5.185314164385e-19,1.1922945918266e-18,gene,sigH,,,sigH,,,Higher in BH
E745S_01606,407.371807528373,-1.04303892358587,0.117115487867823,-8.90607162703407,5.28727741636517e-19,1.21382212610718e-18,gene,,,,E745S_01606,,,Higher in BH
E745S_01145,156.878036084072,1.39429411971828,0.156760028899283,8.89444923880502,5.87097380262985e-19,1.34570116058705e-18,gene,,,,E745S_01145,,,Up in Serum
E745S_03129,230.90535487041,1.16542263132556,0.131975580940774,8.83059292497878,1.04122282135859e-18,2.38098949958747e-18,gene,,,,E745S_03129,,,Up in Serum
E745S_00284,112.838725479664,1.62532059453221,0.18410520797645,8.82821628131299,1.06358240166654e-18,2.43021065247354e-18,gene,,,,E745S_00284,,,Up in Serum
E745S_00445,2082.8254719958,1.77530201722774,0.201955109554352,8.790577377048,1.4879329122563e-18,3.39449271753768e-18,gene,carA,,,carA,,,Up in Serum
E745S_02198,44.9083714949808,2.95512087972931,0.336851415772709,8.7727726272146,1.74319807691002e-18,3.97372717453803e-18,gene,,,,E745S_02198,,,Up in Serum
E745S_02294,329.635045978902,1.04425820380555,0.119341299954304,8.75018291409094,2.13007202926317e-18,4.85183073332167e-18,gene,,,,E745S_02294,,,Up in Serum
E745S_00056,154.739939082186,1.41528821824452,0.163491365809814,8.65665419842961,4.85813693646929e-18,1.09883734437157e-17,gene,,,,E745S_00056,,,Up in Serum
E745S_02943,277.007029739042,1.07983485305,0.124911431855493,8.64480405844068,5.3897706532197e-18,1.21624979624206e-17,gene,,,,E745S_02943,,,Up in Serum
E745S_00178,76.4446286501611,1.98786244315086,0.230688847539762,8.6170721487012,6.86878564006174e-18,1.54760332803558e-17,gene,,,,E745S_00178,,,Up in Serum
E745S_02936,98.6860719358216,1.72505426994348,0.200524317087999,8.60271858792294,7.78496938144698e-18,1.75267176097387e-17,gene,,,,E745S_02936,,,Up in Serum
E745S_00766,137.930677814976,1.43126144290641,0.166410088468444,8.6008093384183,7.91558907568533e-18,1.78070168464606e-17,gene,,,,E745S_00766,,,Up in Serum
E745S_03031,64.3815351513483,2.17069435585214,0.253495594871879,8.5630456692916,1.09924366384747e-17,2.46905733445986e-17,gene,,,,E745S_03031,,,Up in Serum
E745S_02993,64.4304408926163,2.2416860640236,0.262242908499204,8.5481284388302,1.25100461160994e-17,2.80560433312522e-17,gene,,,,E745S_02993,,,Up in Serum
E745S_02341,87.2320314784373,-1.98782109883932,0.232790364253289,-8.53910386375124,1.35266751504446e-17,3.02893472022648e-17,gene,,,,E745S_02341,,,Higher in BH
E745S_02201,156.562250312397,1.36921105514092,0.160398946877312,8.53628456917627,1.38606746740733e-17,3.09895729464113e-17,gene,,,,E745S_02201,,,Up in Serum
E745S_00348,207.323790459946,-1.19883250720186,0.140477743739782,-8.53396755448002,1.41412514884516e-17,3.15926194035936e-17,gene,,,,E745S_00348,,,Higher in BH
E745S_03128,162.920984665951,1.4300544271928,0.167818459728465,8.5214369712764,1.57585765543773e-17,3.51518899232126e-17,gene,,,,E745S_03128,,,Up in Serum
E745S_02908,171.849113170289,1.30997259863364,0.153785316192865,8.51819036474706,1.62065659664247e-17,3.6123517249818e-17,gene,topB_3,,,topB_3,,,Up in Serum
E745S_01215,226.565983130248,-1.12339704237354,0.132405223460395,-8.4845371882898,2.16578998108745e-17,4.82004176983606e-17,gene,,,,E745S_01215,,,Higher in BH
E745S_02147,34.854395483498,3.9063480209485,0.461852860155262,8.45799248625482,2.72019640119862e-17,6.04465017090778e-17,gene,,,,E745S_02147,,,Up in Serum
E745S_02813,94.6484625473329,1.73568777322194,0.206008817626328,8.42530816506232,3.59802020565598e-17,7.97702728001871e-17,gene,,,,E745S_02813,,,Up in Serum
E745S_02283,93.0286871634608,-1.81119396862273,0.215797656840163,-8.39301962376842,4.73812480721698e-17,1.04728028199002e-16,gene,,,,E745S_02283,,,Higher in BH
E745S_02040,142.637314106516,-1.49974012022389,0.179506086060693,-8.35481488753986,6.55354019949339e-17,1.44525420611555e-16,gene,gmuE_3,,,gmuE_3,,,Higher in BH
E745S_02342,58.6392161822077,-2.32348953815312,0.278172440084672,-8.3526949594499,6.67228060167244e-17,1.46921398120034e-16,gene,,,,E745S_02342,,,Higher in BH
E745S_01134,123.913403966387,-1.50868748111368,0.181252199455517,-8.32369199185328,8.52649920678952e-17,1.87608761836465e-16,gene,,,,E745S_01134,,,Higher in BH
E745S_01959,210.818705231664,1.14065628566234,0.137598651974698,8.28973445082942,1.13501581369909e-16,2.48985006305806e-16,gene,bglF_2,,,bglF_2,,,Up in Serum
E745S_02091,133.862771304256,-1.43148823753666,0.173567898908736,-8.24742505115737,1.61843939271695e-16,3.53965219549139e-16,gene,,,,E745S_02091,,,Higher in BH
E745S_02829,124.65946794727,-1.45722923164422,0.177235050704785,-8.22201492227112,2.00112281903755e-16,4.37004390564015e-16,gene,,,,E745S_02829,,,Higher in BH
E745S_01638,132.101092617785,1.47012088919641,0.17892970522478,8.21619242791227,2.10066289010082e-16,4.57711801877507e-16,gene,,,,E745S_01638,,,Up in Serum
E745S_02932,74.4464315536456,1.9150014423833,0.233074833555344,8.21625146383973,2.09962953640061e-16,4.57711801877507e-16,gene,,,,E745S_02932,,,Up in Serum
E745S_00053,86.5491199729697,1.77691447951356,0.216768070328622,8.19730727325172,2.45831491313888e-16,5.34839664584999e-16,gene,,,,E745S_00053,,,Up in Serum
E745S_01447,201.880972734518,-1.23050355337407,0.150658810077115,-8.16748488020208,3.14885194254558e-16,6.84052836175387e-16,gene,,,,E745S_01447,,,Higher in BH
E745S_02635,66.9155913296591,1.9774567270399,0.242604689700378,8.15094188608682,3.61100628772693e-16,7.8386571987868e-16,gene,,,,E745S_02635,,,Up in Serum
E745S_00477,64.4072283557634,-2.09141535499786,0.256871304154735,-8.14188008224549,3.89186619835628e-16,8.42948102932674e-16,gene,,,,E745S_00477,,,Higher in BH
E745S_01336,98.2477030612322,-1.64227865165269,0.203643036658214,-8.06449696784389,7.35380311101926e-16,1.5856978411983e-15,gene,,,,E745S_01336,,,Higher in BH
E745S_01123,123.326579644409,1.43323741491193,0.178848855608826,8.01367953981588,1.11326552536409e-15,2.39697924876839e-15,gene,uxaB,,,uxaB,,,Up in Serum
E745S_02886,198.159549881985,-1.10614932290202,0.138899826930876,-7.96364795654137,1.67040063353901e-15,3.58329863244809e-15,gene,,,,E745S_02886,,,Higher in BH
E745S_00714,240.974487078003,1.06406565166457,0.133938597974069,7.94442877377719,1.95087683978903e-15,4.17573711810725e-15,gene,,,,E745S_00714,,,Up in Serum
E745S_00930,47.816243529893,2.39885711577164,0.301984639336673,7.94363952100633,1.96333628200037e-15,4.19931808736449e-15,gene,,,,E745S_00930,,,Up in Serum
E745S_01777,112.476406905723,-1.45881344377505,0.184650617017688,-7.90039842453007,2.78013319684851e-15,5.90296698470169e-15,gene,padC,,,padC,,,Higher in BH
E745S_02043,122.117350755282,-1.4095331995452,0.179813843679876,-7.83884694692696,4.54702360978737e-15,9.58463847073935e-15,gene,,,,E745S_02043,,,Higher in BH
E745S_02173,47.5571916713848,2.34988392378875,0.30202176361865,7.78051189302982,7.22316754670329e-15,1.51707364563155e-14,gene,,,,E745S_02173,,,Up in Serum
E745S_02182,45.8796923820349,2.39575794148861,0.307996684399938,7.77851861021231,7.33787087686138e-15,1.54005350559073e-14,gene,,,,E745S_02182,,,Up in Serum
E745S_01042,88.1025115713624,1.58760054030551,0.204579141054282,7.76032459674989,8.47122895981736e-15,1.77408255410276e-14,gene,lnrL,,,lnrL,,,Up in Serum
E745S_01312,166.382378182882,1.17175600308019,0.151063258365228,7.75672400927046,8.71513043616527e-15,1.8238493673384e-14,gene,,,,E745S_01312,,,Up in Serum
E745S_02171,40.8548987860282,2.61337109385807,0.339610315308539,7.69520528692951,1.41267180779661e-14,2.9415505239599e-14,gene,,,,E745S_02171,,,Up in Serum
E745S_02195,31.9592671391707,5.32365920171228,0.696745713857197,7.64074912243148,2.15961501237843e-14,4.48725146397831e-14,gene,,,,E745S_02195,,,Up in Serum
E745S_00052,58.6836230508663,1.96498938357919,0.258770505811353,7.59356008297055,3.11233774110769e-14,6.42554266976204e-14,gene,,,,E745S_00052,,,Up in Serum
E745S_02815,191.456028110447,1.05952780828659,0.140341288557005,7.54965141891385,4.36424728879061e-14,8.97832074746958e-14,gene,btuD_6,,,btuD_6,,,Up in Serum
E745S_00447,1142.21908314001,1.53314763794643,0.203100568654603,7.54871169540511,4.3958474218498e-14,9.03694339336494e-14,gene,pyrB,,,pyrB,,,Up in Serum
E745S_02038,209.025471017182,-1.01685327720228,0.13504186192102,-7.52991156029073,5.07747014444202e-14,1.04161491123825e-13,gene,,,,E745S_02038,,,Higher in BH
E745S_02362,124.335784695495,1.31064961359101,0.174852817772283,7.49573058237996,6.59300907191039e-14,1.34777032361876e-13,gene,menH_2,,,menH_2,,,Up in Serum
E745S_02918,176.827491817945,1.08704723049541,0.145274964796056,7.48268796362443,7.28176362418178e-14,1.48752378315741e-13,gene,,,,E745S_02918,,,Up in Serum
E745S_00423,88.3391184502887,1.54305313795539,0.206608730457679,7.46847983885882,8.1126542637189e-14,1.65609653307754e-13,gene,,,,E745S_00423,,,Up in Serum
E745S_02644,68.6376750941412,1.91158712131677,0.256101479713456,7.46417835404775,8.38210008475372e-14,1.70990142583869e-13,gene,,,,E745S_02644,,,Up in Serum
E745S_01368,82.6930586223211,-1.7128627156386,0.229552326837999,-7.46175279176069,8.53789634890227e-14,1.74046332434555e-13,gene,glxK,,,glxK,,,Higher in BH
E745S_02928,118.85399567697,1.30964657569264,0.176181982971407,7.43348754285044,1.05771157443716e-13,2.15164108538545e-13,gene,,,,E745S_02928,,,Up in Serum
E745S_03078,70.8008094834161,-1.80041924643948,0.242685452609937,-7.41873576300948,1.1824354592282e-13,2.40200252743425e-13,gene,,,,E745S_03078,,,Higher in BH
E745S_00362,50.2586148991585,2.16032193127569,0.292272634183331,7.39146152807658,1.45223584750152e-13,2.93981818642345e-13,gene,bbmA,,,bbmA,,,Up in Serum
E745S_01547,58.3369662565814,-1.93950681271094,0.265013935794025,-7.31850876784975,2.50741641842609e-13,5.06279243404902e-13,gene,,,,E745S_01547,,,Higher in BH
E745S_01843,162.133243653635,-1.16003456337751,0.159704428160158,-7.26363430708497,3.76825914151643e-13,7.56510507652022e-13,gene,galM,,,galM,,,Higher in BH
E745S_02347,88.137806288592,1.64727818424255,0.22719303479257,7.25056639939042,4.15032351443325e-13,8.32638990386988e-13,gene,,,,E745S_02347,,,Up in Serum
E745S_01719,108.307530850939,-1.3795370096485,0.190981155516525,-7.22341953538517,5.06963015871798e-13,1.01637006832149e-12,gene,manR_2,,,manR_2,,,Higher in BH
E745S_00629,113.434171749879,1.27694635329311,0.17716468791722,7.20767986163116,5.69132395834921e-13,1.14022326515861e-12,gene,fosX,,,fosX,,,Up in Serum
E745S_02042,39.1167715529621,-2.51329344089988,0.351999289969838,-7.14005258679707,9.32952201736213e-13,1.86782933923942e-12,gene,,,,E745S_02042,,,Higher in BH
E745S_02732,114.123037861092,1.28440902370326,0.180737630353678,7.10648369788765,1.19036711273059e-12,2.37502307413211e-12,gene,,,,E745S_02732,,,Up in Serum
E745S_01757,79.5238251399073,-1.57786512586917,0.22215691273503,-7.10248043350834,1.22537383862884e-12,2.44319400290997e-12,gene,,,,E745S_01757,,,Higher in BH
E745S_00353,72.1481589010713,-1.63604259878632,0.230401646911785,-7.10082857789951,1.24011120637322e-12,2.46919543211521e-12,gene,uxuA_3,,,uxuA_3,,,Higher in BH
E745S_02475,124.552727724909,-1.24029352894912,0.17529246045514,-7.07556688820927,1.48839047070531e-12,2.95949771873167e-12,gene,hisC,,,hisC,,,Higher in BH
E745S_00206,63.4202669423543,-1.83361027233657,0.259494944884529,-7.06607318748538,1.59379380305381e-12,3.16691724279156e-12,gene,,,,E745S_00206,,,Higher in BH
E745S_00731,64.1349981237461,-1.74012551397163,0.248289815984605,-7.00844497818437,2.40981353365927e-12,4.76884241773089e-12,gene,spxA_2,,,spxA_2,,,Higher in BH
E745S_00950,23.7039976087248,4.17291355870656,0.59590838341297,7.00260925145383,2.51238827432018e-12,4.96171117133382e-12,gene,,,,E745S_00950,,,Up in Serum
E745S_02146,27.917744797008,5.44979044623344,0.779682773584792,6.98975356500006,2.75369503709796e-12,5.42722156600687e-12,gene,,,,E745S_02146,,,Up in Serum
E745S_02608,34.7076343249437,2.52471680381642,0.36806718914672,6.85939110647,6.91546692567342e-12,1.34206161470902e-11,gene,pfkB,,,pfkB,,,Up in Serum
E745S_02920,105.818567061018,1.27195160061054,0.186225552535605,6.83016687716553,8.48159116814100e-12,1.64380238951122e-11,gene,,,,E745S_02920,,,Up in Serum
E745S_02184,35.6572498560345,2.3704371263206,0.347884216978124,6.81386797857994,9.50089017769429e-12,1.8352416262288e-11,gene,,,,E745S_02184,,,Up in Serum
E745S_01334,77.6967679064028,-1.49333625174378,0.222990595158198,-6.69685755439304,2.12949009774913e-11,4.07825373325507e-11,gene,,,,E745S_01334,,,Higher in BH
E745S_02791,103.59050215006,-1.32859857100321,0.198584969652063,-6.6903279403825,2.22671028563589e-11,4.25826020433573e-11,gene,,,,E745S_02791,,,Higher in BH
E745S_02059,114.51992764268,1.19016035402681,0.178980241057683,6.64967455062954,2.93741802857059e-11,5.60709762699605e-11,gene,ydjF,,,ydjF,,,Up in Serum
E745S_01326,91.0071275449395,-1.35630096910451,0.204129992057417,-6.64430030802633,3.04660845039635e-11,5.80790910222906e-11,gene,,,,E745S_01326,,,Higher in BH
E745S_02183,50.7888429440475,1.9643844573413,0.296020682018858,6.63597031107495,3.22374729862344e-11,6.12154493561176e-11,gene,,,,E745S_02183,,,Up in Serum
E745S_00404,39.9260046121237,-2.16636376506552,0.327878525999303,-6.60721454222388,3.91618317655689e-11,7.41705219710938e-11,gene,,,,E745S_00404,,,Higher in BH
E745S_01553,98.1144533137546,-1.27348480454809,0.193399556592896,-6.58473487211119,4.55697823146684e-11,8.62507388283483e-11,gene,,,,E745S_01553,,,Higher in BH
E745S_01520,50.3966487297108,-1.84406419186144,0.280683089711271,-6.56991553626678,5.03438110438918e-11,9.51628791875123e-11,gene,,,,E745S_01520,,,Higher in BH
E745S_02782,31.4286038622821,2.40487446675307,0.367198696354639,6.54924565535617,5.78284392824074e-11,1.09098241575559e-10,gene,,,,E745S_02782,,,Up in Serum
E745S_02062,22.3387914319872,-4.08328336369402,0.631570659883286,-6.46528349567191,1.0110907153525e-10,1.89400583808953e-10,gene,,,,E745S_02062,,,Higher in BH
E745S_01997,144.687613453787,-1.08779968319487,0.169268631767019,-6.42646940451502,1.3060169315793e-10,2.44018953005607e-10,gene,gdx,,,gdx,,,Higher in BH
E745S_00448,1293.508472613,1.24687659049725,0.194571062373236,6.4083352133085,1.47117170801748e-10,2.74524412951211e-10,gene,pyrP,,,pyrP,,,Up in Serum
E745S_01935,39.9039103507021,-2.08561938765353,0.326513508878214,-6.38754394823965,1.68571171509479e-10,3.14356617722032e-10,gene,,,,E745S_01935,,,Higher in BH
E745S_02921,77.1069023105326,1.37733783618793,0.216674749902464,6.35670670813253,2.06125009108561e-10,3.83405687869022e-10,gene,,,,E745S_02921,,,Up in Serum
E745S_00417,92.7569803860194,1.33261266946898,0.209878636819577,6.3494440866536,2.16094388509102e-10,4.01436352871726e-10,gene,ulaA_1,,,ulaA_1,,,Up in Serum
E745S_02793,30.7643131294095,-2.78510343165736,0.439307744512021,-6.33975491315554,2.30130954037452e-10,4.26152167431948e-10,gene,,,,E745S_02793,,,Higher in BH
E745S_02169,24.4741080831213,2.7772962518664,0.439881348821128,6.31373951023269,2.72372254684493e-10,5.03413100562894e-10,gene,,,,E745S_02169,,,Up in Serum
E745S_00977,19.850876323082,4.9448179407636,0.795034520859252,6.21962670931492,4.98339046498657e-10,9.15823841134843e-10,gene,,,,E745S_00977,,,Up in Serum
E745S_00641,57.4059386635418,-1.69716337908782,0.276059298746762,-6.14782181506836,7.85542073594896e-10,1.43008941603173e-09,gene,,,,E745S_00641,,,Higher in BH
E745S_01323,85.8264890093999,-1.29002161920068,0.210461344010333,-6.12949435093099,8.81588050689772e-10,1.60093750190763e-09,gene,,,,E745S_01323,,,Higher in BH
E745S_00618,94.1896877410848,1.20706251503431,0.198302123128016,6.0869873503829,1.15055056808598e-09,2.08676180915782e-09,gene,hgdH,,,hgdH,,,Up in Serum
E745S_02814,92.4754495925191,1.25902205813349,0.206896327978957,6.08527986181341,1.16288002592179e-09,2.10781055757056e-09,gene,,,,E745S_02814,,,Up in Serum
E745S_00968,22.4061004471136,3.10097984573907,0.511573287303555,6.06165318381651,1.34729485357872e-09,2.43903937734307e-09,gene,,,,E745S_00968,,,Up in Serum
E745S_02191,20.6278683075059,5.42904785700549,0.896776973806569,6.05395546003004,1.41331702976777e-09,2.55697071078556e-09,gene,,,,E745S_02191,,,Up in Serum
E745S_00267,53.5687956693746,-1.60004596099111,0.267331440410914,-5.98525171050473,2.16055473036486e-09,3.88712906062553e-09,gene,xerC_2,,,xerC_2,,,Higher in BH
E745S_01914,113.563139086012,-1.11950275245624,0.187922315079234,-5.95726352128123,2.56496471308666e-09,4.60050048046535e-09,gene,,,,E745S_01914,,,Higher in BH
E745S_03071,88.4381710917729,-1.19362715150405,0.202626704180759,-5.89076921687104,3.84402076771563e-09,6.86078752594739e-09,gene,,,,E745S_03071,,,Higher in BH
E745S_00402,20.3742639720727,-3.23565612803888,0.549306277116378,-5.89044083935228,3.85166743173216e-09,6.8702229741252e-09,gene,hrtA_1,,,hrtA_1,,,Higher in BH
E745S_02945,57.4531663202173,1.44827109556493,0.251635330034107,5.75543623134568,8.6418339899434e-09,1.52647929276245e-08,gene,,,,E745S_02945,,,Up in Serum
E745S_02318,16.7898197957164,3.83970945598047,0.668820063581534,5.74102014137975,9.41078958898488e-09,1.66129827128775e-08,gene,manX_4,,,manX_4,,,Up in Serum
E745S_02252,80.4966406657604,1.16732926275178,0.20855592459153,5.5972001996015,2.17841103965794e-08,3.8109101781516e-08,gene,mtlA,,,mtlA,,,Up in Serum
E745S_00745,70.4232863495535,-1.39477453743512,0.249688644904473,-5.58605513666325,2.32285515008981e-08,4.06115996511198e-08,gene,lacR_1,,,lacR_1,,,Higher in BH
E745S_02436,74.1429626011078,-1.2697483184937,0.227669964513521,-5.57714462338878,2.44498592325314e-08,4.26955850185357e-08,gene,,,,E745S_02436,,,Higher in BH
E745S_02319,23.3811926101557,2.47405781040429,0.447089306514225,5.53369936242386,3.13546222231614e-08,5.45566678371924e-08,gene,,,,E745S_02319,,,Up in Serum
E745S_00781,44.3626482956294,1.59444799563074,0.288424748698509,5.52812476330669,3.23671842756275e-08,5.62848706250608e-08,gene,malH,,,malH,,,Up in Serum
E745S_02530,69.8390526613108,-1.26872039835685,0.230211347595309,-5.51111147043522,3.56574799981085e-08,6.18587153006519e-08,gene,,,,E745S_02530,,,Higher in BH
E745S_03130,36.3952098115031,1.76787860582549,0.320802476822023,5.51080098675885,3.57204419983997e-08,6.19310343402867e-08,gene,,,,E745S_03130,,,Up in Serum
E745S_02902,40.6988821815489,1.62677848846074,0.303504986435019,5.35997285438022,8.32344578887146e-08,1.4320065420452e-07,gene,,,,E745S_02902,,,Up in Serum
E745S_01529,55.3574457335964,1.48617821254812,0.277340368503246,5.35867973554931,8.38323104955368e-08,1.44144037715598e-07,gene,,,,E745S_01529,,,Up in Serum
E745S_02775,55.4602912498784,1.34138122286444,0.250553439744175,5.3536731494648,8.618648313378e-08,1.47929747878793e-07,gene,,,,E745S_02775,,,Up in Serum
E745S_02806,18.6342869537175,2.81982790432806,0.530191759602176,5.31850571658052,1.0462293360947e-07,1.78940869410791e-07,gene,,,,E745S_02806,,,Up in Serum
E745S_00937,14.3416576738117,4.89640573704556,0.923237540398071,5.3035167254295,1.13592791138254e-07,1.9405435152785e-07,gene,,,,E745S_00937,,,Up in Serum
E745S_02256,34.5755642685714,-1.78238121674994,0.33653605237471,-5.29625638671657,1.1820084876844e-07,2.01689724950135e-07,gene,,,,E745S_02256,,,Higher in BH
E745S_00021,53.4836870061637,1.34169013943853,0.255165966350746,5.25810772740073,1.45545255356349e-07,2.47333472470714e-07,gene,,,,E745S_00021,,,Up in Serum
E745S_01877,81.0079992959738,1.09314817344894,0.208468526846027,5.24370843881065,1.57380828922494e-07,2.67290310964632e-07,gene,araQ_4,,,araQ_4,,,Up in Serum
E745S_00926,18.3204684662437,2.57380456735029,0.496629212570985,5.18254766775808,2.18875403015445e-07,3.70218650887832e-07,gene,,,,E745S_00926,,,Up in Serum
E745S_01328,71.9698135751166,-1.15196434862225,0.223376315878972,-5.15705679937168,2.50861723980027e-07,4.23583804237737e-07,gene,noxE,,,noxE,,,Higher in BH
E745S_00222,78.2904911889432,-1.08224129896044,0.212010714691357,-5.10465379325734,3.3140066475535e-07,5.57634297747297e-07,gene,lacE_1,,,lacE_1,,,Higher in BH
E745S_02529,59.5862692743438,-1.25281579281784,0.24562559343206,-5.10050998885168,3.38739502207364e-07,5.69653778697653e-07,gene,comFA,,,comFA,,,Higher in BH
E745S_01552,36.9541203169492,-1.61732650124164,0.318863721510267,-5.07215588396614,3.93333972454378e-07,6.60320180977333e-07,gene,,,,E745S_01552,,,Higher in BH
E745S_01297,52.3613876192094,1.33761896790055,0.263742383076453,5.07168757746763,3.94303343449866e-07,6.61184926718064e-07,gene,,,,E745S_01297,,,Up in Serum
E745S_01737,69.638908913159,1.23065924653047,0.242692283672847,5.07086269042412,3.96016427604265e-07,6.63675199053549e-07,gene,glpO,,,glpO,,,Up in Serum
E745S_02979,24.7084604169623,-2.06249574993157,0.406748652958066,-5.07068858109828,3.96378925936568e-07,6.63900491024943e-07,gene,,,,E745S_02979,,,Higher in BH
E745S_02607,27.0551148558003,1.89109479184829,0.379252558605398,4.98637319363723,6.15232536285094e-07,1.02339537892909e-06,gene,glvR,,,glvR,,,Up in Serum
E745S_00335,43.7647208877648,-1.46895244595129,0.297791363433619,-4.93282420622898,8.10490949725647e-07,1.34282251260749e-06,gene,glsA,,,glsA,,,Higher in BH
E745S_02192,7.25438158351775,6.39969749475005,1.3009094643552,4.91940267182395,8.68087201116403e-07,1.43579650139196e-06,gene,,,,E745S_02192,,,Up in Serum
E745S_00780,21.5402843525563,2.04447413739878,0.421495199708217,4.85052769002845,1.23133441558819e-06,2.02623769574744e-06,gene,ptsG_1,,,ptsG_1,,,Up in Serum
E745S_02913,41.5190229755584,1.4079493033452,0.291365906985298,4.83223764205275,1.35006963581123e-06,2.21661179348364e-06,gene,,,,E745S_02913,,,Up in Serum
E745S_02316,28.2112551002856,1.7233145348366,0.358147955500545,4.81173913844659,1.49622564610084e-06,2.45381005960537e-06,gene,,,,E745S_02316,,,Up in Serum
E745S_02258,21.2940030371812,2.22055965233514,0.462603253223355,4.80013842717834,1.58555996531488e-06,2.59739170457603e-06,gene,,,,E745S_02258,,,Up in Serum
E745S_02760,64.9498597077913,1.12322249444983,0.235014069288703,4.77938405070553,1.75833039994855e-06,2.87879628473016e-06,gene,sorA_3,,,sorA_3,,,Up in Serum
E745S_02768,67.7568119238522,1.06965047195456,0.229084096318007,4.66924805844971,3.02304181276035e-06,4.9134978877417e-06,gene,,,,E745S_02768,,,Up in Serum
E745S_02955,71.3366812328455,-1.03208504333624,0.221438515013603,-4.66081992679925,3.14952187639394e-06,5.1162155034502e-06,gene,,,,E745S_02955,,,Higher in BH
E745S_03079,18.3345406481995,-2.25900309236706,0.486239285800145,-4.64586708301385,3.38651004583681e-06,5.49505615575861e-06,gene,,,,E745S_03079,,,Higher in BH
E745S_01270,16.5877592671242,-2.37607304665406,0.515444824407475,-4.60975245873398,4.03148705084137e-06,6.53069493878644e-06,gene,yfmO_1,,,yfmO_1,,,Higher in BH
E745S_02893,35.4052400116793,-1.52645026590133,0.333359318971165,-4.57899383347782,4.67217970818332e-06,7.56015293525383e-06,gene,,,,E745S_02893,,,Higher in BH
E745S_01335,19.6244400246107,-2.26969992869373,0.497207715750899,-4.56489281399417,4.99749612913031e-06,8.08206179549907e-06,gene,,,,E745S_01335,,,Higher in BH
E745S_01670,47.2746951865567,1.22708601061692,0.268862346302853,4.56399353606288,5.01896246615604e-06,8.112270815647e-06,gene,,,,E745S_01670,,,Up in Serum
E745S_01322,26.9385841346715,-1.73274991521102,0.381966719517666,-4.5363897603411,5.72253799593896e-06,9.21876486230123e-06,gene,,,,E745S_01322,,,Higher in BH
E745S_01933,45.3536585926829,-1.30538105025219,0.290328030760848,-4.49622810043952,6.91695322578941e-06,1.1112169337899e-05,gene,,,,E745S_01933,,,Higher in BH
E745S_00464,59.2592341936842,1.1027940020893,0.245626646956658,4.48971646909262,7.13180387731422e-06,1.14510099762061e-05,gene,,,,E745S_00464,,,Up in Serum
E745S_02912,56.9372373239728,1.11637632732907,0.248868889617857,4.48580105389342,7.26404982882806e-06,1.16569178895912e-05,gene,,,,E745S_02912,,,Up in Serum
E745S_02642,24.8963623070412,1.72328076860035,0.384578131307071,4.48096401826961,7.43066393586199e-06,1.19177205053963e-05,gene,,,,E745S_02642,,,Up in Serum
E745S_02704,35.8984944667997,-1.49197768867952,0.333345145770904,-4.47577445661951,7.61348251829483e-06,1.21974945573782e-05,gene,,,,E745S_02704,,,Higher in BH
E745S_02907,35.0491834548244,1.42282165914859,0.318557525533522,4.46645125324112,7.9527772630848e-06,1.27340674438063e-05,gene,,,,E745S_02907,,,Up in Serum
E745S_03076,66.2870124274263,-1.05818075581988,0.239055656398232,-4.42650373458265,9.5772725081471e-06,1.52764056280637e-05,gene,,,,E745S_03076,,,Higher in BH
E745S_01333,16.8190266389128,2.14682039899824,0.486066537884883,4.41672123396958,1.00209330966336e-05,1.59753210538337e-05,gene,,,,E745S_01333,,,Up in Serum
E745S_00091,37.8045586977416,-1.31707767047736,0.303512903497459,-4.33944539194322,1.42842755753683e-05,2.264789008709e-05,gene,cbh_1,,,cbh_1,,,Higher in BH
E745S_01139,43.3517444693958,-1.23291694855378,0.28485968364492,-4.32815529659375,1.50363435829509e-05,2.38143613547171e-05,gene,,,,E745S_01139,,,Higher in BH
E745S_00584,54.0274483819384,-1.09156015457008,0.253504101039357,-4.3058875580108,1.66317526981597e-05,2.62839479393826e-05,gene,rhaR_2,,,rhaR_2,,,Higher in BH
E745S_02803,65.6303863615149,1.01056707976769,0.236081667221573,4.28058261219931,1.86404674286667e-05,2.93786684812392e-05,gene,,,,E745S_02803,,,Up in Serum
E745S_02168,13.7492733844564,2.53875515799506,0.593715592308804,4.27604595682338,1.90241967934886e-05,2.99510204790942e-05,gene,,,,E745S_02168,,,Up in Serum
E745S_03052,13.3583586303089,2.3526424848415,0.559689484130608,4.20347809195659,2.62844602749519e-05,4.1092408088284e-05,gene,,,,E745S_03052,,,Up in Serum
E745S_00366,24.004711316496,-1.64152228939956,0.391240909597031,-4.1956816098048,2.72052194353071e-05,4.24862627554608e-05,gene,,,,E745S_00366,,,Higher in BH
E745S_00325,42.19374599611,-1.22060526978468,0.295449341981285,-4.13135213502016,3.6063563838097e-05,5.60796123572117e-05,gene,,,,E745S_00325,,,Higher in BH
E745S_00747,60.6802519630417,-1.00156138295415,0.245128913781012,-4.0858557544497,4.39146559473377e-05,6.81063204383058e-05,gene,,,,E745S_00747,,,Higher in BH
E745S_03074,32.9010371109822,-1.37845981355719,0.337635070537484,-4.08269144364302,4.45171125349012e-05,6.89671711490673e-05,gene,,,,E745S_03074,,,Higher in BH
E745S_00321,8.00852407125727,4.00801269488532,0.985458668216579,4.06715453844327,4.75906844016247e-05,7.35722157690545e-05,gene,,,,E745S_00321,,,Up in Serum
E745S_00401,9.02632005069985,-4.59784033070219,1.13337591983257,-4.05676550052468,4.97569943446246e-05,7.67581401892963e-05,gene,lolD_1,,,lolD_1,,,Higher in BH
E745S_02857,52.1665981518694,-1.0720038115013,0.264515589710924,-4.05270559921569,5.06286969225112e-05,7.80201888520012e-05,gene,,,,E745S_02857,,,Higher in BH
E745S_01838,9.31511720895367,-3.23295219605446,0.80064103598094,-4.03795465229117,5.39192727966034e-05,8.29593039698269e-05,gene,,,,E745S_01838,,,Higher in BH
E745S_02927,35.1294728581015,1.28098881561665,0.318943709557843,4.01634764138321,5.91070462184419e-05,9.07492676908673e-05,gene,,,,E745S_02927,,,Up in Serum
E745S_03026,33.0216367815527,-1.38388941031674,0.348583209895072,-3.97004035487913,7.18604597095699e-05,0.000109866490658906,gene,,,,E745S_03026,,,Higher in BH
E745S_03077,24.6506653333763,-1.50815211747208,0.380213259736217,-3.96659526950323,7.29066411133649e-05,0.000111407471013651,gene,,,,E745S_03077,,,Higher in BH
E745S_02911,15.3669224205147,1.99046710222276,0.504577941256083,3.94481593322876,7.98612990411536e-05,0.00012171530969047,gene,,,,E745S_02911,,,Up in Serum
E745S_02999,53.1989205271915,-1.11086040089742,0.281736423213029,-3.94290659414481,8.05000136514048e-05,0.000122624562919539,gene,,,,E745S_02999,,,Higher in BH
E745S_02783,39.6836909671427,1.18781436849784,0.304856545771154,3.89630593462635,9.7671000629534e-05,0.000147929387529955,gene,,,,E745S_02783,,,Up in Serum
E745S_00782,18.5528988236953,1.71031205773528,0.443126885948332,3.85964407028712,0.000113552295680621,0.000171447475480439,gene,gamP,,,gamP,,,Up in Serum
E745S_01949,23.336366182816,1.56040299882232,0.410857576947382,3.79791705538429,0.000145917131544598,0.000218838109184093,gene,,,,E745S_01949,,,Up in Serum
E745S_02851,31.3253715889382,1.3053868115503,0.343982937529206,3.79491733202453,0.000147692658529687,0.000221386884129721,gene,,,,E745S_02851,,,Up in Serum
E745S_03041,30.8324110912917,1.27867900884488,0.337567114891163,3.7879252819314,0.000151910515661213,0.000227592131286562,gene,,,,E745S_03041,,,Up in Serum
E745S_01367,35.4356611773016,-1.21334131866269,0.322064823106349,-3.76738231440455,0.000164968265574084,0.000246647468457194,gene,yvdM_1,,,yvdM_1,,,Higher in BH
E745S_02699,35.1559273842303,-1.19524375716313,0.319609502352768,-3.7397003166817,0.000184239776559149,0.000274053137232337,gene,,,,E745S_02699,,,Higher in BH
E745S_02915,29.4483158423417,1.28957418919813,0.348023371844208,3.70542409943492,0.000211037320947475,0.000312954478491137,gene,,,,E745S_02915,,,Up in Serum
E745S_02429,44.261397772639,-1.02355442467699,0.276298954390882,-3.70451790863081,0.000211793145424418,0.000313915400371936,gene,,,,E745S_02429,,,Higher in BH
E745S_02565,34.2912955606709,1.19247524161095,0.327376412906046,3.64252033622586,0.000269981641269269,0.000397932434296122,gene,licT_3,,,licT_3,,,Up in Serum
E745S_02017,47.2339668859632,1.00215961752597,0.275795771709279,3.63370189221886,0.000279383644449501,0.000411581877020494,gene,,,,E745S_02017,,,Up in Serum
E745S_02897,20.1489323109078,1.49679615599062,0.4163685642036,3.59488271852028,0.000324537742302235,0.00047737714393219,gene,,,,E745S_02897,,,Up in Serum
E745S_02322,31.3051618931998,-1.28807110843714,0.358576275307226,-3.59218162811672,0.000327921160001623,0.000481866984737368,gene,nodM,,,nodM,,,Higher in BH
E745S_00293,7.63646545197105,2.852556159718,0.796852101335188,3.57978118516387,0.000343882040793134,0.000502782833123462,gene,fldH,,,fldH,,,Up in Serum
E745S_01545,23.0202718369378,-1.38513091921512,0.394797217305263,-3.50846170768249,0.000450706111440921,0.000654366828131931,gene,,,,E745S_01545,,,Higher in BH
E745S_01023,36.8142672314756,-1.08433158488491,0.310036703005773,-3.49742973774535,0.000469764438578295,0.000681697049203099,gene,,,,E745S_01023,,,Higher in BH
E745S_03159,30.9864644419795,1.18663703999684,0.339309322339444,3.49721319713618,0.000470145939522631,0.000681910727429188,gene,,,,E745S_03159,,,Up in Serum
E745S_02434,34.0361318860036,-1.07053361572799,0.314423612317469,-3.40474943289909,0.000662247887717063,0.000954358218388302,gene,,,,E745S_02434,,,Higher in BH
E745S_02432,12.6142796064308,-1.91544703392362,0.574675502011716,-3.33309324517643,0.000858861528644076,0.00123099257010483,gene,,,,E745S_02432,,,Higher in BH
E745S_02257,22.54535234457,-1.28460151439875,0.39070983129025,-3.28786585726953,0.00100949927438655,0.00144051587634277,gene,natA_1,,,natA_1,,,Higher in BH
E745S_00730,18.5760031746039,-1.49310847254559,0.458290469230908,-3.25799590607085,0.00112202025018243,0.00159716427788804,gene,,,,E745S_00730,,,Higher in BH
E745S_02044,30.1162380486917,-1.0973586984332,0.342595529119895,-3.20307361059918,0.00135969221806172,0.00192419253610971,gene,,,,E745S_02044,,,Higher in BH
E745S_02804,23.8316079932329,-1.20228539890692,0.382435518380654,-3.14375977419085,0.00166792300999148,0.00235010836499767,gene,,,,E745S_02804,,,Higher in BH
E745S_02701,25.2802960521528,-1.17114341672432,0.379130464944967,-3.08902482129555,0.00200814660839599,0.00280774004660939,gene,,,,E745S_02701,,,Higher in BH
E745S_00419,24.4082999260829,-1.14646970801419,0.376029187206327,-3.04888489250469,0.00229692471399622,0.00320227387090181,gene,,,,E745S_00419,,,Higher in BH
E745S_01521,29.5218645384559,-1.05641829290709,0.34903505742656,-3.02668247910705,0.00247253531530396,0.00344380397265543,gene,,,,E745S_01521,,,Higher in BH
E745S_01376,23.5412131349035,-1.12035238060709,0.380831753752336,-2.94185652737266,0.00326251043666559,0.00450743610874871,gene,ycjM,,,ycjM,,,Higher in BH
E745S_01338,18.0039954410611,-1.31608415628559,0.450182192305754,-2.9234478368521,0.00346178223104822,0.0047782115099959,gene,,,,E745S_01338,,,Higher in BH
E745S_02896,13.0483702960945,1.49145585170278,0.518643195386986,2.87568768850794,0.00403148384632337,0.00554877043813113,gene,,,,E745S_02896,,,Up in Serum
E745S_01934,13.8003414516586,-1.4428725119617,0.503896563786521,-2.8634299490341,0.00419081469354007,0.00576534100798448,gene,,,,E745S_01934,,,Higher in BH
E745S_02994,6.90965932711031,2.1835077748492,0.770387168398,2.83429925162142,0.004592630290376,0.00630620130909648,gene,,,,E745S_02994,,,Up in Serum
E745S_00958,25.880648960014,1.04205226761311,0.372602124354182,2.79668901356713,0.00516292019028946,0.00707259325832123,gene,,,,E745S_00958,,,Up in Serum
E745S_02320,12.8165788949566,1.52580082182265,0.5470960246798,2.78890862479884,0.00528859840161863,0.00723114605312909,gene,sorA_2,,,sorA_2,,,Up in Serum
E745S_00292,13.288131982049,1.45271983162938,0.521725458234931,2.78445264400961,0.00536181500636024,0.00732781384202566,gene,,,,E745S_00292,,,Up in Serum
E745S_00705,3.11128209011993,-3.94769097878567,1.44013003831929,-2.741204525803,0.00612143902451103,0.00833856293886365,gene,,,,E745S_00705,,,Higher in BH
E745S_01374,22.1171264064834,-1.07777873249626,0.393278121935366,-2.74050010001163,0.00613457633186183,0.00835254990741337,gene,ycjO,,,ycjO,,,Higher in BH
E745S_01720,15.3923269113565,-1.30050746574593,0.480831248874078,-2.70470662793074,0.00683647369725415,0.00926318538671679,gene,,,,E745S_01720,,,Higher in BH
E745S_03099,3.70258225845595,3.45338096932762,1.28288651559869,2.69188344201749,0.00710497716842373,0.00961533637251579,gene,,,,E745S_03099,,,Up in Serum
E745S_02991,18.3092452670159,-1.21888612137792,0.456186657887305,-2.6719021705344,0.0075422633396115,0.0101834548152176,gene,,,,E745S_02991,,,Higher in BH
E745S_02842,21.8776967790342,1.05782501652903,0.396214204773792,2.66983112615301,0.00758894044090091,0.0102364951107744,gene,,,,E745S_02842,,,Up in Serum
E745S_02643,10.7983409085972,1.50641677482648,0.564925748241091,2.66657481893284,0.00766285478254379,0.0103223370069343,gene,,,,E745S_02643,,,Up in Serum
E745S_00743,5.23074153473267,2.49801723973027,0.940915556526751,2.6548793060148,0.00793367889577241,0.0106723379231024,gene,,,,E745S_00743,,,Up in Serum
E745S_03088,6.10722675380331,2.20653964162648,0.837398470520706,2.63499363720407,0.00841388603640313,0.0113130818715795,gene,,,,E745S_03088,,,Up in Serum
E745S_03060,2.64922969099663,3.8958365215627,1.4991223868163,2.59874480951239,0.00935653016661785,0.012563126990325,gene,vanH_2,,,vanH_2,,,Up in Serum
E745S_01349,21.6136803904085,1.02115403904589,0.400904680120568,2.54712426589479,0.0108614748092502,0.0145168747335754,gene,btuD_3,,,btuD_3,,,Up in Serum
E745S_01319,17.8728901086025,-1.12283049550173,0.441086336478682,-2.54560253320383,0.0109089321295954,0.0145736124044296,gene,,,,E745S_01319,,,Higher in BH
E745S_02996,18.6385361271958,-1.06799504510007,0.420610224156971,-2.53915616825686,0.0111120209460649,0.014838116043117,gene,,,,E745S_02996,,,Higher in BH
E745S_01089,11.6569613757498,-1.41025547115604,0.558083526659097,-2.52696129484124,0.0115054181785593,0.015349345700177,gene,,,,E745S_01089,,,Higher in BH
E745S_02985,6.75251834621629,-1.89537306552891,0.753156393066754,-2.51657302915693,0.0118502338829444,0.0157804349648908,gene,,,,E745S_02985,,,Higher in BH
E745S_00161,6.66979721414621,-1.91601947483873,0.766174469551829,-2.5007613161001,0.0123926668818784,0.0164651087599945,gene,,,,E745S_00161,,,Higher in BH
E745S_01605,10.5302114664127,-1.47087586138076,0.594983336241041,-2.47212950647222,0.0134310850720391,0.0177879384188835,gene,,,,E745S_01605,,,Higher in BH
E745S_01446,7.1468330295321,-1.80514010431993,0.747597233995448,-2.41458906244552,0.0157529711971747,0.0207122399073963,gene,,,,E745S_01446,,,Higher in BH
E745S_02445,9.68851984313505,1.42266115951348,0.589531159690434,2.4132077433541,0.0158128037854103,0.0207815222660629,gene,,,,E745S_02445,,,Up in Serum
E745S_02426,8.48584448815809,-1.57576990975604,0.655419452003925,-2.40421596420151,0.0162071954303049,0.0212710306120909,gene,,,,E745S_02426,,,Higher in BH
E745S_01885,6.99878392613123,-1.79387253664248,0.751987064493864,-2.38550983300473,0.0170554664264316,0.0223541030019552,gene,,,,E745S_01885,,,Higher in BH
E745S_00273,15.1265663067281,-1.16663382157889,0.493256029090743,-2.36516890372214,0.0180218496561601,0.0235782491456549,gene,fabG_1,,,fabG_1,,,Higher in BH
E745S_03149,11.8387329776183,-1.30373885155752,0.552893523752845,-2.35802879857988,0.0183722676059427,0.0240043406646764,gene,,,,E745S_03149,,,Higher in BH
E745S_02919,11.7106725708782,1.26184166214378,0.537220815930633,2.34883240694589,0.018832381158463,0.0245724166527503,gene,,,,E745S_02919,,,Up in Serum
E745S_00060,3.93597580573823,2.4367954936004,1.04197825518656,2.33862413296149,0.0193548946997815,0.0252202768447019,gene,,,,E745S_00060,,,Up in Serum
E745S_00405,5.95693001659899,-1.93323110937858,0.828008672226897,-2.33479572644961,0.0195540945642262,0.0254570524492229,gene,,,,E745S_00405,,,Higher in BH
E745S_01373,12.7573340485426,-1.18479124904771,0.511075910789948,-2.31822949200722,0.0204368520170488,0.0265944015295615,gene,ycjP,,,ycjP,,,Higher in BH
E745S_02774,11.5273181657888,-1.35607225370292,0.591959761432989,-2.29081829889957,0.0219739248400704,0.0285180986221333,gene,,,,E745S_02774,,,Higher in BH
E745S_01314,10.2105448699124,1.30440988153519,0.571038211164979,2.28427775240128,0.0223552125410194,0.0289741868686141,gene,,,,E745S_01314,,,Up in Serum
E745S_01149,10.7785069085534,1.2881776052805,0.578575928692686,2.2264624941988,0.025983218511659,0.0335122503710409,gene,licA_1,,,licA_1,,,Up in Serum
E745S_01548,9.34808186538311,-1.32978076879615,0.602851702057291,-2.20581739133877,0.0273967880947464,0.0352885177627463,gene,,,,E745S_01548,,,Higher in BH
E745S_01111,4.19381241903978,-2.24697952875067,1.02708277097534,-2.18772974510798,0.0286892940307906,0.0368717593481816,gene,,,,E745S_01111,,,Higher in BH
E745S_02360,1.90507031394275,3.3940915186564,1.58769162413909,2.13775236138618,0.032536847296006,0.0416314000835585,gene,,,,E745S_02360,,,Up in Serum
E745S_01932,5.96924499194512,-1.66483645696052,0.784917945805981,-2.12103247970844,0.0339190692348874,0.0432683657067297,gene,,,,E745S_01932,,,Higher in BH
E745S_01315,4.65010617018766,1.96842498983106,0.929571371835647,2.11756197476689,0.0342121814168952,0.0436231537908812,gene,,,,E745S_01315,,,Up in Serum
E745S_02409,11.0774060337875,-1.19582719489939,0.572092160796303,-2.09027019918417,0.0365935346860017,0.0465169342667908,gene,,,,E745S_02409,,,Higher in BH
