gene_id,baseMean,log2FoldChange,lfcSE,stat,pvalue,padj
E745S_00099,3909.87286245477,3.829625356868,0.067313731065715,56.8921867238251,0,0
E745S_00122,64711.5232618083,3.09973338218104,0.0539716779287934,57.4325924472947,0,0
E745S_00127,28468.2801185969,-2.77332420261682,0.0602698022360355,-46.0151535217522,0,0
E745S_00147,3453.49392550433,2.60939254107348,0.0667229460370166,39.1078736185575,0,0
E745S_00148,2675.58318607064,3.14024003035304,0.0731212535470678,42.9456536645899,0,0
E745S_00189,25697.2041196501,-2.10563284880667,0.0505352159486406,-41.6666439289909,0,0
E745S_00192,2904.51487854044,2.99477280868875,0.0723403414042535,41.3983781463418,0,0
E745S_00195,5478.67555230486,-5.40883919043593,0.0842047666177844,-64.2343587862111,0,0
E745S_00196,8882.85743506652,-6.02479987198871,0.101628112606458,-59.2828078517899,0,0
E745S_00197,8201.29999322004,-5.49459712013912,0.0716205671046613,-76.7181459497479,0,0
E745S_00272,5014.33228953546,4.66554789361698,0.0736012473265046,63.389522094918,0,0
E745S_00312,1240.66057033665,5.00735135299301,0.120007915706271,41.7251755729921,0,0
E745S_00313,938.639832245033,4.36578940454381,0.114025148941378,38.2879517814823,0,0
E745S_00314,3765.90330171384,7.36346575921786,0.135306398968511,54.4206764451069,0,0
E745S_00315,2396.71782600505,7.02851100421592,0.14969561232549,46.9520174641693,0,0
E745S_00317,3540.36562393935,6.9852789718805,0.131924191006738,52.9491893683375,0,0
E745S_00319,2642.20322109934,3.4853276768226,0.0912687601593506,38.1875207983257,0,0
E745S_00322,10356.5127004844,4.33688499469935,0.0798991284660171,54.2795031430653,0,0
E745S_00323,1575.10045603043,3.58145026990341,0.0872479354411943,41.0491119565498,0,0
E745S_00328,7497.1105294909,3.17362356417877,0.0760297742261392,41.7418517479652,0,0
E745S_00330,6308.98355180231,3.15180642812711,0.0706541262357079,44.6089506168746,0,0
E745S_00337,2794.27597778428,-3.02080961898466,0.0719404908410177,-41.9903948898597,0,0
E745S_00349,9499.72348167996,-4.57702536892292,0.0707589460470023,-64.6847589544732,0,0
E745S_00350,2948.3062193366,-4.94581321727125,0.0956852372032665,-51.6883624039593,0,0
E745S_00377,1894.58476073324,-3.07447121729113,0.0774736407137112,-39.6840936990717,0,0
E745S_00378,2957.89265781886,-3.1960744112003,0.070347285150814,-45.4328039006538,0,0
E745S_00387,3787.57351871152,-2.49358272468524,0.0654175203733236,-38.1179645828045,0,0
E745S_00397,11597.8635048162,5.61690925192739,0.0750937470416185,74.7986280244397,0,0
E745S_00415,2339.10836572001,4.80594726578301,0.104400557989314,46.0337316039531,0,0
E745S_00432,4826.80100356182,3.06135988117614,0.060731223199077,50.4083356124904,0,0
E745S_00454,12595.9836891606,3.66931089138715,0.0648535736096904,56.5783917085316,0,0
E745S_00460,14041.6279625779,-2.09060705168288,0.0520653295261885,-40.153535389252,0,0
E745S_00491,2026.61536489545,3.51877436810241,0.0813569962516171,43.2510359308216,0,0
E745S_00499,16762.6535176743,2.86193618867694,0.0543981739545828,52.6108871056294,0,0
E745S_00504,4365.47592354963,-3.25974332165064,0.0686864539180657,-47.4583143502954,0,0
E745S_00505,6974.58443086729,-3.64478928420253,0.0745928043971071,-48.8624782733585,0,0
E745S_00518,3377.61056638008,-2.83319092941274,0.0666494560194971,-42.5088380103798,0,0
E745S_00533,14220.2616136909,7.74564612531994,0.0992650913702359,78.0299097940732,0,0
E745S_00585,32694.7452295925,5.82401719086055,0.0839956457026544,69.3371322065627,0,0
E745S_00588,7736.22116927593,8.08869273941845,0.21018408495898,38.4838497215288,0,0
E745S_00596,28325.969496615,3.74233500504664,0.0594127077352561,62.988797307851,0,0
E745S_00597,9688.70825335528,3.48257393859392,0.0585979500693012,59.4316684197184,0,0
E745S_00598,3107.17082126812,5.65588680763547,0.102897031396565,54.9664721214131,0,0
E745S_00663,6840.39205379449,-2.31604682273842,0.059578664642447,-38.873761885028,0,0
E745S_00667,1713.18786408476,5.11255769758151,0.104471053393669,48.9375528579798,0,0
E745S_00668,4258.12344638716,4.93610385928927,0.0799736787029986,61.7216056500374,0,0
E745S_00717,21258.0538395639,2.91359658265088,0.0723497110156117,40.2710189405205,0,0
E745S_00813,14171.787757361,4.30764960083769,0.0708438812571477,60.8048221582026,0,0
E745S_00824,8449.2884499023,-2.35831967690395,0.0561521242449524,-41.9987615538151,0,0
E745S_00825,4438.75851758608,-3.08084063493402,0.0649160876477566,-47.4588156275079,0,0
E745S_00826,7788.32704383636,-2.49110881648681,0.0555384988676557,-44.853729706,0,0
E745S_00827,4434.33455138406,-2.56725137804043,0.0614274768893195,-41.7932089684576,0,0
E745S_00828,6684.89057797912,-2.40860256042079,0.0583217919849764,-41.2985005851885,0,0
E745S_00831,9855.36714978676,-2.9640534162124,0.0573474486775349,-51.6858811431925,0,0
E745S_00832,6687.04542119896,-3.69185550347479,0.0646003262195016,-57.1491774040034,0,0
E745S_00833,14034.428159724,-4.86452496706948,0.0743931416091674,-65.3894278672327,0,0
E745S_00834,13842.6974722043,-4.8602729115979,0.0716608815942031,-67.8232363804893,0,0
E745S_00835,27144.7137520216,-5.20971568751552,0.0620525858503142,-83.9564639591751,0,0
E745S_00836,8023.7938077425,-5.34996966100242,0.0953005661556063,-56.137858113739,0,0
E745S_00837,10113.4533277781,-5.22639672527,0.0891343698003503,-58.6350331188347,0,0
E745S_00838,19409.251849462,-5.2434611790518,0.0763770197894873,-68.6523406320906,0,0
E745S_00839,17935.144266645,-5.48831786172244,0.0695656589041653,-78.8940685415376,0,0
E745S_00840,16619.1694305191,-5.63768069222127,0.0751654284731198,-75.0036393957016,0,0
E745S_00841,11776.7891166773,-5.69991813730428,0.0861180388221999,-66.1872729019338,0,0
E745S_00842,18298.3859593607,-4.47235530270468,0.0702361352580275,-63.6759879551249,0,0
E745S_00843,10012.2137787531,-4.46510691124962,0.0692308395275645,-64.4959232290086,0,0
E745S_00853,22393.9602288223,4.3616463248884,0.075454630281876,57.8048863084292,0,0
E745S_00880,11341.8906147761,-2.25715375174052,0.0547094121743144,-41.2571377032676,0,0
E745S_00899,11790.5546404201,-2.01062213532026,0.0530075435515255,-37.9308679596868,0,0
E745S_00936,945.503752656586,4.54785535347828,0.117454989968427,38.7199841803297,0,0
E745S_00972,2793.39519662315,4.59383773861809,0.0838061891688919,54.8150176517426,0,0
E745S_00973,1367.16705871518,4.51925601343973,0.101395104691911,44.570751489152,0,0
E745S_00983,3232.74512686779,5.20003523825021,0.0860744531908058,60.4132241969986,0,0
E745S_00985,1331.26896413315,5.45847914701111,0.126098161896637,43.2875393654463,0,0
E745S_00986,1810.00063880079,3.89630532572614,0.0885740935501685,43.9892204318102,0,0
E745S_01026,49876.3742017757,-3.09009480732872,0.0500649759514172,-61.721687639026,0,0
E745S_01027,109008.599943521,-2.87479521892189,0.0742316076425924,-38.7273738265693,0,0
E745S_01028,25641.429405334,-2.54861192390544,0.0578546908012023,-44.0519496104968,0,0
E745S_01029,30212.212887547,-2.61877115238781,0.0565510491259646,-46.3080914123206,0,0
E745S_01087,4766.54975203309,-2.42314880585259,0.0616905604301804,-39.2790856324776,0,0
E745S_01088,4066.99507858479,-3.48674958631528,0.0706530968843968,-49.3502725297424,0,0
E745S_01096,2522.10783318769,2.86741254899327,0.0735760870849005,38.9720718048586,0,0
E745S_01158,21533.6956349629,-4.37878645661549,0.0627219780993948,-69.8126332954053,0,0
E745S_01159,15993.4205835106,-4.15650107119678,0.067031064155014,-62.0085795085184,0,0
E745S_01162,24420.4465424229,2.4487640585475,0.0519024386171736,47.1801349568427,0,0
E745S_01217,162879.659751573,2.0057197540062,0.0498339107937223,40.2480905483916,0,0
E745S_01361,18477.4214371488,-3.00238697680595,0.0643511788633956,-46.6562855542927,0,0
E745S_01362,29208.1483674067,-4.01245888532666,0.0606038671811462,-66.2079677742897,0,0
E745S_01477,34707.3025169379,-2.30951459723275,0.0520875991770952,-44.3390487125451,0,0
E745S_01481,6276.38216684184,-2.5846182775128,0.0675613417056843,-38.2558755089872,0,0
E745S_01486,15525.0745051061,-2.61088017047144,0.0569570346409225,-45.8394680645044,0,0
E745S_01487,15793.4674273475,-2.4454490799748,0.0617341161255567,-39.6126037505935,0,0
E745S_01491,32059.0388597188,-2.56243094739008,0.0607028785009135,-42.2126760817696,0,0
E745S_01492,17786.4344108205,-2.59009246064205,0.0546307923195285,-47.4108529397291,0,0
E745S_01493,37096.109476736,-2.53578987713392,0.063395485458772,-39.9995340170244,0,0
E745S_01494,20710.6779587459,-2.60813482655191,0.0571888310062199,-45.6056677617391,0,0
E745S_01495,12613.3520952741,-2.75595436829852,0.068666832097729,-40.1351610975173,0,0
E745S_01497,25723.1900343959,-2.33340412337668,0.0526261612492302,-44.3392424601522,0,0
E745S_01498,24129.7884626752,-2.62332542466249,0.0580495993512578,-45.1911030218963,0,0
E745S_01499,33528.4267218803,-2.48412723962324,0.0590755414289365,-42.0500122307209,0,0
E745S_01500,7122.05544980376,-2.61781582972627,0.0578030853787098,-45.2885137977509,0,0
E745S_01501,25959.8525684488,-2.7664914354094,0.0727139216450294,-38.0462416662753,0,0
E745S_01502,83625.2822310438,-2.72055191538325,0.0565307656800222,-48.125155968738,0,0
E745S_01503,25919.6311699199,-2.94858804997796,0.054359657834575,-54.2422113647401,0,0
E745S_01506,16121.3160546389,-2.34176528455467,0.0544645557206033,-42.9961330551864,0,0
E745S_01507,12939.882093883,-2.54595218590299,0.0604171006670998,-42.1395955415218,0,0
E745S_01509,56349.2743657648,-2.27545684555591,0.0580331696848561,-39.2095909617305,0,0
E745S_01534,31935.0318578041,2.14009830059438,0.053018300222909,40.3652756047742,0,0
E745S_01541,2513.3155563513,5.94376400713876,0.109632949521971,54.2151244954655,0,0
E745S_01542,4828.22277495355,5.82593356774139,0.0953042152440637,61.1298624391566,0,0
E745S_01543,3052.00676323821,5.53656489943636,0.101298139440277,54.6561361346682,0,0
E745S_01544,9911.70017402592,5.95948020614702,0.0845481055189314,70.4862654174151,0,0
E745S_01555,9625.3360487933,-2.27580478598778,0.0598004455956871,-38.056652643938,0,0
E745S_01562,15383.8153219676,5.92124757925623,0.0716476941259688,82.6439378334447,0,0
E745S_01581,8096.39036194336,2.5431320220875,0.0577566192806061,44.0318712169057,0,0
E745S_01637,53404.1385718774,5.09385721346668,0.0630286990613574,80.8180604919022,0,0
E745S_01763,5140.14847028644,-4.7720922913019,0.0722418712107877,-66.0571523317532,0,0
E745S_01764,1782.58168628455,-4.11569208956706,0.0900068923112425,-45.7264103212791,0,0
E745S_01781,1574.67200327513,-3.38065261080099,0.0834147503760675,-40.528235061061,0,0
E745S_01809,2741.92747983449,-2.73950866450484,0.067606679644881,-40.5212721419646,0,0
E745S_01820,1455.47181028591,3.52890225693822,0.0890783135609134,39.6157281819788,0,0
E745S_01822,1029.53612831823,3.661994793223,0.0974008329850734,37.5971609378761,0,0
E745S_01827,3728.51680803407,3.52673204313775,0.0756775923654369,46.6020645332853,0,0
E745S_01828,2759.46632836401,3.21284509078751,0.0753196702791739,42.6561226155005,0,0
E745S_01863,5676.39886162434,3.17591783549505,0.0835328882134853,38.0199691812205,0,0
E745S_01864,1979.65377577587,4.21548357495017,0.0953123944335422,44.2280733791602,0,0
E745S_01865,1518.43502965258,4.34109623564472,0.10325371131039,42.0430043680949,0,0
E745S_01905,1444.34073032784,4.83504732502291,0.107166733390416,45.1170542579524,0,0
E745S_01906,1834.65075866099,4.96266791303671,0.104430368115078,47.5213101572911,0,0
E745S_01945,8161.08580708186,-2.61306167258068,0.0620221711258784,-42.1310899819563,0,0
E745S_01964,1843.70632918407,-4.89547350456875,0.106188680407879,-46.1016511907377,0,0
E745S_01965,2609.32219406255,-4.16685189814782,0.0786002902214712,-53.0131871829853,0,0
E745S_01966,3282.96091503816,-3.70838768632469,0.0731162468575816,-50.7190651285483,0,0
E745S_01984,1468.99132022333,4.14189372112786,0.0963295400788647,42.9971296212657,0,0
E745S_02034,2586.41215943962,5.03516135331728,0.0996586468404684,50.5240790734141,0,0
E745S_02035,913.110960718276,4.74485083356474,0.125986498901478,37.6615817959609,0,0
E745S_02051,4277.2376138675,-2.31523922932995,0.0610553234341575,-37.920349923733,0,0
E745S_02095,2654.78156942776,-2.94082917349369,0.0753750806204298,-39.0159340366476,0,0
E745S_02097,37348.9804914264,-2.4281734442841,0.0600684107270678,-40.4234674247829,0,0
E745S_02134,7912.73721709348,-2.19396153745684,0.0551582672354214,-39.7757516220149,0,0
E745S_02142,1655.30802210469,5.48690784669931,0.130232894146575,42.131505121309,0,0
E745S_02158,1140.15854068247,4.3112601935387,0.104734071076568,41.1638748424747,0,0
E745S_02293,2492.9723496635,3.46199032320635,0.0758919858924046,45.6173373577886,0,0
E745S_02295,73558.7077022769,7.32492800954091,0.0827027354359329,88.569355909821,0,0
E745S_02296,3009.14184287937,6.41988685760502,0.118643284893374,54.1108320068399,0,0
E745S_02297,6817.77434972488,6.98992824404072,0.100574736775388,69.4998412936565,0,0
E745S_02298,5996.38521916551,6.38185572384522,0.0927648664569278,68.796042807957,0,0
E745S_02299,12070.7692161398,6.02778981428643,0.0724959057387225,83.1466239764045,0,0
E745S_02300,10484.543033856,5.8848133414855,0.0770670233349974,76.3596813114891,0,0
E745S_02301,14594.0093558742,5.80140762120325,0.0709965227290948,81.7139684902596,0,0
E745S_02310,9887.40913990649,5.66169136465865,0.0885088654774607,63.9675057873207,0,0
E745S_02313,93208.5681314853,3.89397257599401,0.0664238305635538,58.6231258112748,0,0
E745S_02357,6315.66109616759,2.48279565124951,0.0629353921290953,39.4499115244521,0,0
E745S_02366,6870.50720406839,2.68325239187009,0.0617586715109431,43.4473787441274,0,0
E745S_02531,23592.9650111145,2.45728694430403,0.0594999261520837,41.2989914982941,0,0
E745S_02584,1547.28019888589,-3.26274266860948,0.0819381617792045,-39.8195736609453,0,0
E745S_02763,8938.77192714731,3.09078973332348,0.0609747935238763,50.6896301684596,0,0
E745S_02777,19396.7901705203,5.37512058376686,0.0678307086958643,79.2431729980523,0,0
E745S_02778,5942.22506611291,4.49482469823824,0.0759974311091698,59.1444293923758,0,0
E745S_02779,1640.57064018357,4.06929829887734,0.0936018334804563,43.4745575761291,0,0
E745S_02873,4548.91507444594,-2.83673969871417,0.0630623908041437,-44.9830661752801,0,0
E745S_02874,2407.42087239227,-4.42139927797253,0.0927309794432983,-47.6798509464257,0,0
E745S_03034,88693.5302711407,2.6960982823684,0.062902516322533,42.8615330513033,0,0
E745S_03035,20178.6090057966,2.72273025675713,0.055009320331982,49.4957988996303,0,0
E745S_03105,2909.21391028005,3.00133790371032,0.0732911616380338,40.9508846173452,0,0
E745S_01659,7001.38429520807,-2.09067286332174,0.0557365691060634,-37.5098951523786,6.35337312011614e-308,1.11413669594326e-306
E745S_01660,12429.2734783897,-2.26307257912171,0.060404117320841,-37.4655351240583,3.35529108387924e-307,5.84865409890566e-306
E745S_01729,2392.91368809319,-2.69374437865427,0.0719007223877967,-37.4647748895422,3.45230144733904e-307,5.98193423404997e-306
E745S_00537,1071.7006917813,3.47500450841411,0.0927637651233526,37.4607962903751,4.00761600853413e-307,6.90305929043956e-306
E745S_00980,1000.10854007666,4.91301751628152,0.131162498072897,37.4574866174854,4.53698314925056e-307,7.76891643968728e-306
E745S_00047,3322.86495862154,2.34162803684098,0.0628931462632174,37.2318476013413,2.08416711809179e-303,3.54795934547672e-302
E745S_00593,3631.41088367041,9.37839833456076,0.251998775822352,37.2160471968805,3.75446798930886e-303,6.35421878888261e-302
E745S_00025,4056.40709975663,3.35950867875594,0.0903043319971219,37.2020766275421,6.31642444118494e-303,1.06283881782019e-301
E745S_00720,6857.47564090478,2.39517480523236,0.0645533004835781,37.1038318302823,2.43685453390653e-301,4.0768296254034e-300
E745S_00128,33647.0011452022,-2.15983664718165,0.0582662608453749,-37.0683928545432,9.07892795923567e-301,1.51021481653343e-299
E745S_00388,2268.3757783741,-2.70031902044024,0.0730802915106084,-36.9500307760576,7.27516647250252e-299,1.20329600008266e-297
E745S_01496,19571.5677249865,-2.7144578928489,0.0735980917887811,-36.8821776064399,8.92263790342404e-298,1.46744626761963e-296
E745S_01440,6433.51294958227,-2.03620282466928,0.0552479655722479,-36.8557068767814,2.3694817435082e-297,3.87503446929908e-296
E745S_00143,2420.9781051794,2.58572398189948,0.0702022758748134,36.8324808516238,5.57918422759124e-297,9.07318731090397e-296
E745S_01974,3009.137339902,2.52980135230096,0.0687952006162894,36.772933716861,5.00065486463803e-296,8.08717017275628e-295
E745S_00247,6949.7626334498,2.54117278329353,0.0694396535621291,36.5954127495739,3.3833134122127e-293,5.44133996848131e-292
E745S_01478,34770.2277656728,-2.01419043719738,0.0550628957496681,-36.579813135046,5.98965560705939e-293,9.58015795173071e-292
E745S_01485,32064.5616592577,-2.20309001999036,0.0603517308440108,-36.5041729405345,9.5215642629553e-292,1.5146051130854e-290
E745S_01614,17298.7406893802,-1.90315296974872,0.0521764268590404,-36.4753411514796,2.72870731172101e-291,4.31699292631513e-290
E745S_02052,118518.577623601,-2.23042110717498,0.0613926029721657,-36.3304534943113,5.34928250270765e-289,8.41716830561187e-288
E745S_01061,16012.2499074457,2.20384023498554,0.0607111649915797,36.300410892975,1.59394713912363e-288,2.49461296881124e-287
E745S_00367,4133.64332757259,-2.3447388874177,0.0649782436212509,-36.0849840922887,3.90117718043812e-285,6.07290201724886e-284
E745S_01003,2205.47388055198,-2.65715524697448,0.0736553525237266,-36.0755214105931,5.4901532099451e-285,8.50097659263307e-284
E745S_01599,6290.6174437301,2.20592680125556,0.0611758750431458,36.0587698941743,1.00502678619141e-284,1.5479539548165e-283
E745S_00974,863.474206706072,4.4335464253428,0.123091475631585,36.0183059191887,4.32493782924083e-284,6.62626001101056e-283
E745S_00984,2834.22494657271,2.35122022126563,0.0656990245592686,35.7877493164992,1.7128338345828e-280,2.61050224736677e-279
E745S_01519,775.160781446591,4.98965270617153,0.139426448916338,35.7869883723822,1.76015633127388e-280,2.66865368767618e-279
E745S_02331,9785.49472428152,2.87527356426302,0.0807547376319641,35.6050140038464,1.17174554863436e-277,1.76733227568633e-276
E745S_02558,1945.51400251606,-2.67227540958608,0.0750663883820077,-35.5988274803772,1.46070642784198e-277,2.19181258322062e-276
E745S_02621,6692.68013743173,2.71945715643791,0.0765286045281616,35.5351724130444,1.40795987793672e-276,2.1018313870122e-275
E745S_01780,919.870999630044,-4.19327696820025,0.118282436395489,-35.4513915673803,2.76093830634676e-275,4.10055684172215e-274
E745S_00318,9938.58220012624,7.27706843223175,0.206708926457394,35.2044227452929,1.71104015044912e-271,2.52834410048598e-270
E745S_00193,769.940846827578,5.03877185420646,0.143577507267597,35.0944374930212,8.19528788177068e-270,1.20487287999164e-268
E745S_02970,4333.62184447792,2.61149384805849,0.0745283223127961,35.0402875982908,5.48167057949005e-269,8.01866485271133e-268
E745S_00205,2985.88936997164,-2.32500464541588,0.0668795516290277,-34.7640585019526,8.4991549053284e-265,1.23705199647055e-263
E745S_00431,1654.96305622345,2.59239400879598,0.0745898732681204,34.7553078616633,1.15234898939967e-264,1.66889945678728e-263
E745S_00530,2932.60950536014,2.62701994561818,0.075628414662593,34.7358854120942,2.2641629339214e-264,3.26286054487386e-263
E745S_02098,13100.1541768622,-2.15751883644398,0.06241542610749,-34.5670769390946,7.89604579041349e-262,1.13228518698984e-260
E745S_00157,3989.60680549956,-2.16048152492348,0.0625481113024965,-34.5411153100197,1.93790543001387e-261,2.76531505233842e-260
E745S_00233,19756.8760717923,-1.83553633546341,0.0532155976601254,-34.4924498863381,1.04102314235852e-260,1.47825286214909e-259
E745S_01084,8217.00073162155,2.37129139770344,0.0692844825318224,34.2254327527712,1.01212087128413e-256,1.43023488170296e-255
E745S_00829,6667.67562354032,-2.64000762688857,0.0772763979782943,-34.1631817211525,8.52068137418221e-256,1.19824654493934e-254
E745S_02613,1581.07145940962,3.04151825492474,0.0891131400885735,34.1309738597657,2.56166430247382e-255,3.58509845408716e-254
E745S_00595,1173.81296694003,2.99473671442663,0.088008580604417,34.027781085204,8.65243177632738e-254,1.20513056942053e-252
E745S_00901,3108.19585514569,-2.10415249363205,0.0620930835924492,-33.8870671561869,1.03303842154241e-251,1.43198802148093e-250
E745S_02585,7345.33483903888,-2.01545096893269,0.059757783712835,-33.7270033075173,2.32412763956879e-249,3.20641495677002e-248
E745S_01829,2011.96932851303,2.78436942125291,0.0825838419302685,33.7156682974856,3.40727205907412e-249,4.67857026602111e-248
E745S_00753,1884.45412440098,3.01749484219242,0.0898183086913866,33.5955428927131,1.94876927174729e-247,2.6633180047213e-246
E745S_02036,933.974756627309,3.80987307455038,0.11345749218419,33.5797398761937,3.3149871680567e-247,4.5093119842117e-246
E745S_01563,29038.6604521891,-2.27129741413737,0.0677672960173366,-33.5161286877421,2.80607133534647e-246,3.79929007311329e-245
E745S_00830,1325.84247464657,-2.764459489466,0.0824932119293814,-33.5113571748488,3.29313099586629e-246,4.43810385600313e-245
E745S_00492,4076.97312856923,-2.29051161319083,0.068484232387193,-33.4458244379646,2.95988775657481e-245,3.97061440524852e-244
E745S_01888,6079.97495180673,-2.41482055143787,0.0722328689820482,-33.4310485720569,4.85337479652851e-245,6.48081377646536e-244
E745S_00550,2940.2204473926,-2.22533841375986,0.0668226876180482,-33.3021387358688,3.59535512344842e-243,4.77903139925039e-242
E745S_01385,6628.30277511925,-1.92165924564242,0.0577344016916944,-33.284474928903,6.47700953503501e-243,8.5702612529486e-242
E745S_01483,17924.2794886647,-2.15863217043939,0.0650941343804585,-33.1617002205259,3.84099872142246e-241,5.059342659756e-240
E745S_00805,13463.807813367,-1.95515531799893,0.0589931205491536,-33.1420901250659,7.3627587786751e-241,9.65450036248793e-240
E745S_02750,1444.10798573163,-2.70542418110784,0.0817981389840493,-33.0743977150311,6.93837288476447e-240,9.05722128589658e-239
E745S_00589,23109.5462554877,8.40614433821355,0.25466730124948,33.0083379254828,6.16682219686354e-239,8.014115810299e-238
E745S_00900,4268.92688153654,-2.03602371722053,0.0617723601511355,-32.9601088939954,3.03088673966471e-238,3.92129391073954e-237
E745S_01167,2919.90745693284,-2.19024280680055,0.0664807704389281,-32.9455087890806,4.90576941982739e-238,6.31889149606971e-237
E745S_01489,21718.805118022,-2.37520292082589,0.0722918171374092,-32.8557645232682,9.42337264626388e-237,1.20843338208256e-235
E745S_01983,2027.17686187759,2.42159682776801,0.0737292053473708,32.8444720970312,1.36602986179408e-236,1.74408461740463e-235
E745S_01844,840.084556671019,-5.42400871023149,0.165680353158508,-32.7377906120365,4.53025151333501e-235,5.7587607665145e-234
E745S_00482,2779.87214872658,2.5349097534339,0.0774664570309744,32.7226757307402,7.43316684871887e-235,9.40780378113941e-234
E745S_01505,10858.1709786282,-2.46423491674085,0.0753658556409276,-32.6969672908834,1.72472888671202e-234,2.17345705160983e-233
E745S_02060,1636.86079222532,2.74759738916852,0.0841439552968832,32.6535326212588,7.13944728958933e-234,8.95815993965283e-233
E745S_01022,1461.05794434931,-2.49512798853117,0.0764282017376004,-32.6466923439813,8.92789189158708e-234,1.11541172945966e-232
E745S_00430,2643.97733672162,2.36424621741076,0.072666921839163,32.5353841551684,3.3705247783558e-232,4.19299044008279e-231
E745S_00987,781.034570825636,5.74395897182246,0.178541680671653,32.1715296406662,4.41637535414279e-227,5.47066751315304e-226
E745S_02066,6180.16807041363,1.80686817509856,0.0561740235932338,32.1655466267188,5.35467359234875e-227,6.60485374039289e-226
E745S_01832,2702.73532374704,2.45315053702221,0.07629601349775,32.1530631098381,8.00301546526178e-227,9.82986414319706e-226
E745S_01508,43569.279624734,-2.35148933798778,0.0731959967419438,-32.1259282290816,1.91588058254214e-226,2.3433312503278e-225
E745S_00158,3890.19876471438,-2.11631940100759,0.0660966452577793,-32.0185599852136,6.01630937129315e-225,7.32781446854994e-224
E745S_02612,3465.90380861583,-2.04950019104058,0.0641509190827272,-31.948103321756,5.74038559305892e-224,6.96260935891438e-223
E745S_01488,47424.0861048508,-2.33094294762399,0.0730589939015064,-31.9049417894589,2.28025707452028e-223,2.75428561988736e-222
E745S_01484,9453.74913688437,-1.95569078392196,0.0614219774081857,-31.8402445907143,1.79642123836691e-222,2.16090174582069e-221
E745S_02872,1565.95531551593,-2.56119154072885,0.0805851832840673,-31.7824125521996,1.13285360782475e-221,1.357093354888e-220
E745S_00818,10392.6389339534,-1.82642086130232,0.0575083538571139,-31.759226943624,2.36811408804392e-221,2.82523775012125e-220
E745S_01366,933.979403140843,3.51046680518915,0.110624137398848,31.7332807082814,5.40111468149039e-221,6.41740605625246e-220
E745S_01438,22612.8686475277,1.69865135299446,0.053598245835674,31.6922937777167,1.98400981297454e-220,2.34774494535321e-219
E745S_00493,10512.7573429748,-1.88397755813087,0.0595719049761252,-31.6252696449092,1.6595560514873e-219,1.95585735460709e-218
E745S_02196,630.789225021639,3.90578606597283,0.123989585487657,31.5009204249792,8.43798148209402e-218,9.90442100579665e-217
E745S_01830,1498.429826159,2.64241910758964,0.0839069014979836,31.4922737035301,1.10824125698656e-217,1.2956185940112e-216
E745S_00645,626.78447750024,3.99978410178794,0.127143901980279,31.4587175593236,3.19004345319489e-217,3.71448659690013e-216
E745S_00154,957.472544297221,3.38292864322959,0.107590871864502,31.4425246733757,5.31123660421113e-217,6.15976484257314e-216
E745S_00642,1297.3358407582,-2.69698279632216,0.0860859474709647,-31.328955254071,1.88273586137041e-215,2.17485876684495e-214
E745S_00098,1149.23478580592,-2.65959097626032,0.0850742862367373,-31.2619840131182,1.53445140764307e-214,1.76552887258852e-213
E745S_00864,2262.68431213976,2.30003237219265,0.0738195538638222,31.1574948886254,4.01487942152237e-213,4.60130472285496e-212
E745S_00517,8835.29804838698,-1.82139634885554,0.0584731466332353,-31.1492788352916,5.18737812497151e-213,5.92174812619296e-212
E745S_00027,4789.44584802085,2.96400603833781,0.0951709914776339,31.1440071424956,6.11407097238418e-213,6.95236742211342e-212
E745S_00855,5001.28367157302,-1.83688338741684,0.0590629564411196,-31.1004307623517,2.37642837062305e-212,2.69174435287304e-211
E745S_00902,1290.97572328984,-2.9038120125508,0.0934210138057206,-31.0830710806629,4.07919132077911e-212,4.60252943208837e-211
E745S_00046,1508.48178995794,2.32918843397573,0.0749841154895728,31.0624246051102,7.75319160469987e-212,8.71410840203912e-211
E745S_00392,2049.22039844022,2.21273306526806,0.0714477180400617,30.9699613363068,1.36857211673777e-210,1.53227439685525e-209
E745S_02615,5680.06900746702,1.79169287894055,0.0578673415926642,30.9620734187603,1.74766312293084e-210,1.94921354438761e-209
E745S_00137,9076.546806267,-1.68706422885018,0.0548213204608952,-30.7738707252334,5.86281080495692e-208,6.51398559283573e-207
E745S_00576,5205.50708752079,-1.86636442433318,0.0606520352876744,-30.7716701588159,6.27402461620186e-208,6.94436717025232e-207
E745S_02278,4653.10207029588,2.17022323449275,0.0705879206528065,30.7449661984974,1.42770492777424e-207,1.57426100179955e-206
E745S_01874,629.991596530241,3.98573873997736,0.130037493173315,30.6506888337592,2.58741176551202e-206,2.84224741487e-205
E745S_00144,1099.06467736911,2.51657669621812,0.0821881903077153,30.6196874124612,6.6952762532496e-206,7.32704856135699e-205
E745S_00136,3479.28210868841,-2.00326854342949,0.066234395555636,-30.2451396532602,6.04450936135456e-201,6.59009990670529e-200
E745S_01665,622.466560328263,3.8230984871401,0.126688641456208,30.1771211941019,4.72905926376992e-200,5.13667593911725e-199
E745S_00385,1827.62719177137,-2.75630141156332,0.0915319145935493,-30.113009476561,3.27368164001841e-199,3.54263466694929e-198
E745S_01479,88987.2488163209,-1.64445307493956,0.0546241266065078,-30.104885461796,4.18200165930419e-199,4.5088173445313e-198
E745S_01504,10418.6955864869,-2.58779266896969,0.0861001759261191,-30.055602571477,1.84463430810759e-198,1.98145035826612e-197
E745S_01821,597.164127090253,3.5464963236252,0.118217181108139,29.9998383515935,9.86118607098835e-198,1.05536443575908e-196
E745S_00042,1101.83523078044,2.88621147937069,0.096363725575619,29.9512234726314,4.24141269190465e-197,4.52261990700895e-196
E745S_00553,5985.02117248585,-2.40789143697237,0.0804287147473189,-29.9382060814622,6.26596252248253e-197,6.6570134682287e-196
E745S_00952,533.186291089638,4.38841766128721,0.14674585075554,29.9048841155839,1.70012706760209e-196,1.79966177955988e-195
E745S_01014,1129.00706927599,2.70618463095942,0.0905544856155903,29.8846005536087,3.11974679207305e-196,3.29042859120458e-195
E745S_02554,11478.8446559706,1.78776712386267,0.059902219246039,29.8447561102819,1.02679204608202e-195,1.07905835600893e-194
E745S_01975,2158.70711315912,-2.24949273743207,0.0754972152117412,-29.7957047968338,4.44065601539803e-195,4.64990994993657e-194
E745S_01817,2408.65100829871,-2.0663295692717,0.0693573355723074,-29.7925165697503,4.88368118285741e-195,5.0954824097842e-194
E745S_00662,4296.71269459875,-1.72002885581824,0.0577589197143853,-29.7794498983654,7.21051684289804e-195,7.49636233202722e-194
E745S_01212,48184.2886310286,-1.78585128667166,0.060011230517059,-29.758618033403,1.34151322358562e-194,1.38973131454012e-193
E745S_02163,635.519109842548,3.1757546376959,0.106775775587354,29.7422764688588,2.18259635335521e-194,2.25302765411951e-193
E745S_02311,1383.98253739904,2.34980661046186,0.0793642679246088,29.6078660070806,1.18353317808565e-192,1.21740815597432e-191
E745S_01572,1537.88920168356,-2.65432074420228,0.0897980141274047,-29.5587911380351,5.06299020854354e-192,5.18956496375713e-191
E745S_00615,503.180029298838,3.98358255445481,0.134836499303914,29.5437998985426,7.8890360029211e-192,8.05788905421169e-191
E745S_03160,2852.55503101941,2.18788226348191,0.0741257816008686,29.5158070003578,1.80481740954011e-191,1.83700121649344e-190
E745S_02563,2179.64665355225,1.94229604326351,0.0658814960217921,29.4816626905533,4.94723190340748e-191,5.01790664488473e-190
E745S_00691,2236.59264123046,-2.23515389838212,0.076246668928413,-29.314774399924,6.72303865577914e-189,6.79540469686565e-188
E745S_00712,5070.10725105885,-1.78009539018936,0.0607692008913452,-29.2927233545848,1.28387672489012e-188,1.29320593292565e-187
E745S_01658,37008.1951106794,-1.50898708249141,0.0515361285690497,-29.2801792526891,1.85462728757213e-188,1.86166208073189e-187
E745S_02344,3136.47655051838,2.4650266964707,0.0843083030272247,29.2382435413828,6.33518815637639e-188,6.33736519697996e-187
E745S_01161,14107.5673989018,-1.5431360033971,0.0528162962375726,-29.2170430970005,1.17809310149665e-187,1.17446199262217e-186
E745S_00393,2894.35086409641,1.88732457422367,0.0646221260965769,29.2055475148418,1.64887061181799e-187,1.63817827679255e-186
E745S_00050,1304.92190340173,2.37704726626554,0.0814504800481417,29.1839564955366,3.09928938997278e-187,3.0687181680989e-186
E745S_03087,1499.99687993212,2.71730858152354,0.0931516588540683,29.1708018402602,4.55142795117677e-187,4.49125653080528e-186
E745S_00379,1099.46315245178,-2.76029162475103,0.0947402232388364,-29.1353717606559,1.28013377037913e-186,1.25894236674786e-185
E745S_01294,1976.27275647559,-2.15872066010741,0.0741491550117342,-29.1132199654303,2.44215007802006e-186,2.39363598556108e-185
E745S_00982,531.962097676204,4.93663873223709,0.169974956885813,29.0433298097757,1.86820254582577e-185,1.82494550701302e-184
E745S_00570,16160.4894653556,-1.52450086848922,0.0525179399882497,-29.0281924391991,2.90090264436127e-185,2.82425672165072e-184
E745S_00586,38711.6016296731,8.28157756790682,0.285457126527584,29.0116336160434,4.69325704842205e-185,4.55402375598552e-184
E745S_00949,477.552341408461,4.75002066169264,0.16380225857155,28.9985052899487,6.87138969488483e-185,6.64538717668098e-184
E745S_02489,1726.67656862498,2.14388329320826,0.0740034857378872,28.9700312334161,1.56997711433872e-184,1.51331237743047e-183
E745S_00679,3175.90217516197,-2.02177924443731,0.0698413014768019,-28.9481897056121,2.95744195539724e-184,2.84129159477273e-183
E745S_02564,2149.59876148873,1.86841837321324,0.0646014971661207,28.9222147345697,6.27649242277118e-184,6.01015442193648e-183
E745S_01619,2138.12285860456,2.14477287478929,0.0744844119004876,28.79492258937,2.48310698553007e-182,2.36994243766493e-181
E745S_01480,224350.929225944,-1.48748917182936,0.0517474240249602,-28.7451829701103,1.04045871393151e-181,9.89795854985172e-181
E745S_01834,2251.3826016239,2.29971756989661,0.0801185956949261,28.7039176105061,3.40901608545288e-181,3.23245792337243e-180
E745S_01833,4272.3914174875,2.28147959417953,0.0795599886902483,28.6762181812524,7.55406143456247e-181,7.13956910260109e-180
E745S_01074,4586.91035906988,2.06749827361763,0.0722156538537452,28.6295029302765,2.88536750201926e-180,2.71822161759808e-179
E745S_01287,777.11205028338,2.89177438917276,0.101058702471469,28.6147983147634,4.39752770812147e-180,4.12942037365858e-179
E745S_00675,1692.5564854806,2.21348901534199,0.0774394091999468,28.5834956414351,1.07764599977547e-179,1.00869051618855e-178
E745S_02010,4401.27698473488,-1.67557133927847,0.0587528211301456,-28.5189937614544,6.81169947682978e-179,6.35540294136266e-178
E745S_00062,1250.91642666512,2.27789410777584,0.0800880298207568,28.4423791279913,6.05435210710906e-178,5.63074088939121e-177
E745S_02143,2857.43516408106,5.56571606746549,0.195702262817184,28.4397123842392,6.53201769810461e-178,6.05563806343392e-177
E745S_02524,3459.09113539054,2.47281058697248,0.0869517273585196,28.4388897390914,6.68683182246666e-178,6.17948172546046e-177
E745S_00897,4321.5228349196,-1.70781093607899,0.060151650760242,-28.3917550806068,2.55628826603879e-177,2.3548592222908e-176
E745S_01889,4282.11904295664,-2.44749426960569,0.0866246264835291,-28.2540239301471,1.27020859163614e-175,1.16642814203559e-174
E745S_00500,1690.34758240312,-2.11056329879098,0.0749618392551662,-28.1551696137915,2.07142819537218e-174,1.8962036090341e-173
E745S_00485,8955.26186240876,1.78453194604753,0.0634009891317501,28.1467524479656,2.62606854273085e-174,2.39639044761426e-173
E745S_00331,704.596722500743,3.09156155132066,0.109995625302556,28.1062227958334,8.2225632741013e-174,7.47996302840903e-173
E745S_01919,1249.58191189004,-2.35391967512798,0.0839800085721375,-28.0295241111579,7.09784771649066e-173,6.43670863012595e-172
E745S_01464,5867.39293141917,-1.9988928700248,0.0713305088471906,-28.0229722503027,8.53050755712931e-173,7.71189673875883e-172
E745S_01675,5392.37051808191,1.76936296751892,0.0631629871279854,28.0126550052756,1.13939534680133e-172,1.02686682803055e-171
E745S_00661,1491.57371569209,-2.07332537690055,0.0743097713076719,-27.9011136814856,2.58633067321614e-171,2.32370635485562e-170
E745S_01283,896.371172884579,-2.54376708766688,0.0914144729371743,-27.8267434677998,2.05970669526842e-170,1.84486344305427e-169
E745S_00117,2895.21574661695,-1.86455030541385,0.067023643743876,-27.8192918388478,2.5349084716935e-170,2.26353330095086e-169
E745S_01102,3107.15148767709,1.87742413345146,0.0674882085112598,27.8185504529762,2.58780148471157e-170,2.30369728501387e-169
E745S_02055,16109.7475958359,-2.10341287305592,0.075892795329764,-27.7155804304786,4.53170262956109e-169,4.02188608373547e-168
E745S_01166,3773.62806819105,-1.75087378092,0.0632699949096936,-27.6730507631469,1.47384460684192e-168,1.3040612919504e-167
E745S_00587,32998.7410194714,8.32229612833383,0.300891879837336,27.6587594614814,2.18971497618273e-168,1.93159402899028e-167
E745S_00096,1202.71845012156,2.83662381272244,0.10261433000439,27.6435446452857,3.33685049076123e-168,2.93461383039454e-167
E745S_00376,455.456442503522,-4.09453492487855,0.148543981360927,-27.5644619685384,2.96921676561723e-167,2.60343072431077e-166
E745S_00590,25036.6080715009,8.79395519585679,0.320107014798384,27.4719227924311,3.80219288927156e-166,3.32377882902989e-165
E745S_00539,933.838924211366,2.8389735426205,0.103398661846339,27.456579146445,5.79813854765786e-166,5.05340757851258e-165
E745S_01824,5818.36271796749,-1.88191214474225,0.0685929995982596,-27.4359213879605,1.02293967804596e-165,8.8888877695277e-165
E745S_02677,2066.4658043282,-2.63543467819167,0.0964879888321093,-27.3136035903636,2.92405839773058e-164,2.53331368922432e-163
E745S_02002,1481.94973646829,-1.97055893478066,0.0721607074493637,-27.3079215051132,3.41563046848256e-164,2.95041551743404e-163
E745S_00395,2980.49732385955,1.73778196606917,0.0639747872802384,27.163544264038,1.7518961536904e-162,1.50880760455407e-161
E745S_00881,6736.04968563755,-1.49793743080809,0.0551689134547547,-27.1518385446648,2.40855961561312e-162,2.06823511535392e-161
E745S_01278,10643.7944607417,-1.44176717775385,0.05325718152287,-27.0717889405153,2.11631921252489e-161,1.81194271401763e-160
E745S_01797,642.861602433682,-2.94880212944196,0.108992584112762,-27.0550712550423,3.32920094380339e-161,2.84202461800929e-160
E745S_01431,8029.59369815991,-1.69509195986086,0.0626751030032354,-27.0456988283426,4.29136819690233e-161,3.65268211145693e-160
E745S_01073,4698.9534080144,-1.84350521880397,0.0682937613382879,-26.9937573019636,1.74959364800247e-160,1.48485921554962e-159
E745S_01654,1401.08014583016,-2.21829857052278,0.082293772775032,-26.9558497042903,4.87117420924154e-160,4.12208957066922e-159
E745S_00722,5375.00335229668,-1.8891728064575,0.0702432230470044,-26.8947341040051,2.53088465214571e-159,2.13547977460758e-158
E745S_00945,483.016156040818,5.90251147627333,0.219569590773767,26.882190085944,3.54778512185816e-159,2.98485621090437e-158
E745S_00363,578.975778561456,3.96514947573517,0.147822255506464,26.8237652182339,1.70708939563657e-158,1.43208565726168e-157
E745S_02081,1599.2799608615,-2.23212056409209,0.083245259881926,-26.8137857609923,2.23177607634077e-158,1.86686786155977e-157
E745S_01395,2834.9333141376,-2.07003528461835,0.0772521088384881,-26.7958417671962,3.61268299553927e-158,3.01332957020482e-157
E745S_00680,852.732816654871,-2.38144138653129,0.0890503352929344,-26.7426436823337,1.503686617663e-157,1.25063764114772e-156
E745S_02102,23599.7933696172,1.60652552788308,0.0603004839997804,26.6420005499281,2.21553439796589e-156,1.83744177563496e-155
E745S_02144,3756.57647380478,5.47155468194416,0.205443707181529,26.6328657957361,2.82684715552356e-156,2.33777047435485e-155
E745S_01490,7357.37245950932,-2.55940971998347,0.0965155008529085,-26.5181208962906,5.99115845266858e-155,4.94058420841877e-154
E745S_01913,719.283341702646,-2.66816150486327,0.100865359955882,-26.4527039414752,3.39654133170588e-154,2.79303158660899e-153
E745S_02162,685.208306931906,2.61861930975041,0.0991536753500495,26.4097049403939,1.06004372469296e-153,8.69235854248231e-153
E745S_00538,407.041636705128,3.62531814790173,0.137625728069579,26.3418635363649,6.361378893583e-153,5.20167807843261e-152
E745S_02099,39353.9213785423,-1.74693739406894,0.0663295032986497,-26.3372603018498,7.1826371476075e-153,5.85676659290909e-152
E745S_00600,5559.97749740124,1.50459837800253,0.0571466895228151,26.3287058369643,9.00027482084021e-153,7.31837988923627e-152
E745S_02282,1325.17940231706,2.14877877020003,0.0818757554484211,26.2443840478967,8.28458943727214e-152,6.71767126793849e-151
E745S_01260,3902.23781867289,-1.59422691416754,0.0607776883253933,-26.2304631533914,1.19433488800312e-151,9.65752460826971e-151
E745S_01279,1206.22140307771,2.19439892578677,0.083658975540676,26.2302868473429,1.19987901055728e-151,9.67547866961843e-151
E745S_00543,5146.94796399159,1.63678041064678,0.0624301215889799,26.2177995010618,1.66556472416625e-151,1.33935329062098e-150
E745S_01798,1576.53099690461,-2.28584974962586,0.0872977050267905,-26.1845342775548,3.9869153984763e-151,3.19722058538967e-150
E745S_01101,2350.20942708862,1.91767334591211,0.0732925439487396,26.1646443498171,6.71528472978272e-151,5.37038292538393e-150
E745S_00159,24269.5296713938,-1.38479192429327,0.0533028293740726,-25.979707654447,8.39797567858601e-149,6.69767320557914e-148
E745S_00270,1298.61634360367,2.04933146580775,0.0792049876098647,25.8737678983301,1.31464521979757e-147,1.04560990022697e-146
E745S_01034,3292.18927949661,-1.59908882445575,0.0618443862206275,-25.8566528375115,2.0480973114377e-147,1.62452623258724e-146
E745S_00516,2801.30394842976,-1.71035462288736,0.0665635443459146,-25.6950653648949,1.3271677996381e-145,1.04983300672459e-144
E745S_00752,527.858334138405,3.0793117930775,0.119851660366522,25.6926919799071,1.41074898375808e-145,1.11292419829804e-144
E745S_00689,7712.58798386095,-1.5592773716304,0.060739247843054,-25.6716608618444,2.42313480737167e-145,1.90641768223214e-144
E745S_01988,1706.44356893412,1.84817762272789,0.0722288235957804,25.5878128802289,2.08494050184614e-144,1.63591962287712e-143
E745S_00049,1121.97254972536,2.08661948633662,0.0819413853766156,25.4647816453943,4.84279585496183e-143,3.7896179391919e-142
E745S_02001,972.617288830605,-2.16869954107187,0.0852570534209398,-25.4371861805304,9.78553113012504e-143,7.636911828363e-142
E745S_01835,3642.078563633,1.94137906625326,0.076426813340038,25.4018057460499,2.4086349711977e-142,1.87474235325041e-141
E745S_00947,381.52110955084,3.70031310384591,0.145687835383452,25.3989160735805,2.59236950360828e-142,2.01237003333432e-141
E745S_01676,5543.59159543879,-1.44924964297009,0.0574519733865669,-25.225411026681,2.10859883461315e-140,1.632481704138e-139
E745S_01417,5879.83332322699,-1.38474446289408,0.0550027431891929,-25.1759163744065,7.35425928378122e-140,5.67858057694619e-139
E745S_00396,873.909929441275,2.12248208658335,0.0843302595750651,25.1686891191656,8.82415201263711e-140,6.79553082243032e-139
E745S_00660,2151.89910877776,-2.13629987593125,0.0852543148754995,-25.0579677879176,1.42946247775604e-138,1.09793278964323e-137
E745S_00281,847.158985873285,-2.45182234353065,0.0978756389204627,-25.0503840442165,1.72910627274871e-138,1.32458641051882e-137
E745S_02065,4185.72061967307,1.5828248971224,0.0632631544589756,25.0196960720448,3.73258566958133e-138,2.85185220056464e-137
E745S_00097,1001.53740556041,-2.90182670222491,0.116034370113816,-25.008337610473,4.96133369864828e-138,3.78074408292282e-137
E745S_00035,8874.86218537012,1.40547274489258,0.0562252151190459,24.9971963987469,6.55796211316477e-138,4.98439365833489e-137
E745S_01482,32808.0356469727,-2.12273335252314,0.0849567228525637,-24.9860550318895,8.66736791585313e-138,6.57049687579387e-137
E745S_00110,3479.34838702577,2.4135793151524,0.0967488790884999,24.9468452543477,2.31052442465639e-137,1.74699651952591e-136
E745S_01598,1880.7018765455,1.71488179315864,0.0687619143347311,24.9394131875189,2.78194559151727e-137,2.09799057432818e-136
E745S_00048,962.841581919287,2.21261758093064,0.0888389803635285,24.9059317416367,6.41691047511545e-137,4.82677684575222e-136
E745S_00646,363.420136999506,3.94542191648391,0.158487395792465,24.8942314734627,8.59123746946258e-137,6.44564233855814e-136
E745S_01075,2326.3822771938,1.64607114905721,0.0662994677401169,24.8278184601654,4.4902845358641e-136,3.36021035575846e-135
E745S_02937,531.432383856485,2.64441563782777,0.106611879431701,24.8041367615311,8.08937758680456e-136,6.03799439876617e-135
E745S_00957,384.822648830503,3.36388974893163,0.135793898087001,24.7720243421868,1.79546354697788e-135,1.33672490671422e-134
E745S_01150,505.383577205766,3.99066250789799,0.161970302359156,24.6382358356597,4.92014706994467e-134,3.65371125525738e-133
E745S_00426,3814.58903236375,-1.70209475415115,0.0693149750957097,-24.555945548576,3.7366502206347e-133,2.76778340770168e-132
E745S_03025,8266.52688355775,1.58572836996665,0.0646100905902671,24.5430451417061,5.13157064861938e-133,3.79137110612463e-132
E745S_01985,1400.90174092211,1.97379638876753,0.0804303785591336,24.5404339023019,5.47177022529722e-133,4.03248686730132e-132
E745S_01282,674.96029664547,-2.49340494913156,0.10163465699753,-24.5330187830727,6.56561478358707e-133,4.82639005934898e-132
E745S_02418,12714.6846294645,1.58944490498236,0.0648263414819479,24.5185038773932,9.3785496794143e-133,6.87681564654283e-132
E745S_01422,4158.87877796109,-1.50669958168998,0.0615735582616473,-24.4699124791115,3.08954891568147e-132,2.25971781244943e-131
E745S_00976,330.142682914957,4.83148418861186,0.197870187727592,24.4174438003938,1.11639739429376e-131,8.14494439796774e-131
E745S_00340,2345.65635565984,-1.66897433171583,0.0685352195119316,-24.3520680841369,5.5121229569677e-131,4.01144748193324e-130
E745S_00142,615.352843378306,2.40674561846157,0.0990569386184543,24.2965879223446,2.13007162721058e-130,1.54629389197257e-129
E745S_00106,4223.14679529565,-1.94861403886707,0.0802333350818847,-24.2868383431693,2.70037213863257e-130,1.95541873023866e-129
E745S_00575,3355.51444081608,-1.56778232182116,0.064780553883353,-24.2014343477857,2.14869652766558e-129,1.55207334789938e-128
E745S_02361,485.879266027504,2.83530154242349,0.117562412268533,24.1174154877595,1.64146561750126e-128,1.18274911201637e-127
E745S_00116,1160.69241409142,-2.14693384318152,0.0893029091479576,-24.041029163165,1.03612641309556e-127,7.44731849017575e-127
E745S_00903,4398.14268895478,-1.48342388444991,0.0618255688073558,-23.99369570011,3.23580624289736e-127,2.32005713622517e-126
E745S_02275,1648.14176620681,-1.84564785739536,0.0769352865891942,-23.9896143787757,3.56928502868339e-127,2.55287192100672e-126
E745S_00879,3099.61842651393,-1.66549658857912,0.0695229059122103,-23.9560842103207,7.98506423438116e-127,5.69718676134401e-126
E745S_01825,4482.10307082635,-1.78504701052764,0.0745429374293393,-23.9465611644258,1.00347954358541e-126,7.14212457549422e-126
E745S_02969,5871.82002944547,1.95578435715046,0.0817709930654753,23.9178256718055,1.99845307613444e-126,1.41890168405545e-125
E745S_00320,308.477988004943,4.07517143529102,0.170554773226084,23.8936229001873,3.56786407327454e-126,2.52702002854068e-125
E745S_01002,6649.91509694369,-1.85762169985474,0.0777779250191067,-23.8836623553328,4.52820911750789e-126,3.19942153909356e-125
E745S_02280,1006.87976312139,2.19096256663692,0.0917841966510167,23.8708039791145,6.15882256812618e-126,4.34100060431363e-125
E745S_00594,18785.2615659818,8.99919414930577,0.377238348599336,23.8554595064877,8.88792461665276e-126,6.2494561736899e-125
E745S_00808,40445.1181039189,-1.4026089719752,0.0588403988549143,-23.8375163879103,1.36443259125376e-125,9.57075487503542e-125
E745S_01831,1612.10027257714,2.29174105823888,0.0962466987444676,23.8111134006101,2.56222522079619e-125,1.7929417350331e-124
E745S_02064,4871.48597250092,1.44232576476038,0.0606505630245864,23.7809130341575,5.26346270598367e-125,3.67432612400922e-124
E745S_01298,1601.71249461698,1.67237385520793,0.0704467172919741,23.7395569232359,1.40856208697663e-124,9.80938812246167e-124
E745S_02478,3613.68193215022,1.69061137576966,0.0712581596035239,23.7251619348032,1.98337680148493e-124,1.37794984943261e-123
E745S_00692,4963.45558759411,-1.47641738156603,0.0622965376040137,-23.6998304938043,3.62022816818125e-124,2.50916290418467e-123
E745S_01634,1115.56857438202,-2.0496591978826,0.0865542797143779,-23.6806222020021,5.71099795231829e-124,3.94886342973837e-123
E745S_01976,3351.43856835882,-1.64763028840542,0.0696112025674819,-23.6690392872927,7.51653188574439e-124,5.18498206620899e-123
E745S_00724,3472.00542995417,-1.3977893058259,0.0591342454507465,-23.6375605230329,1.58474344499188e-123,1.09058821947314e-122
E745S_00630,962.348565179717,2.01400412662,0.0853086947841874,23.6084273908422,3.15776092392366e-123,2.16798161545797e-122
E745S_00413,2028.12265361992,-1.75547408696252,0.0746444866717803,-23.5177997094618,2.68204859309762e-122,1.83704551870757e-121
E745S_00488,51494.2030473078,1.48453903759281,0.063184274411341,23.4953879176992,4.546491307258e-122,3.10676905995963e-121
E745S_01083,550.672894292473,2.50454115482233,0.106644298072004,23.4849982615228,5.80576583216144e-122,3.95798228042669e-121
E745S_02708,373.700318340275,-3.3766393531878,0.14404603039628,-23.4413912268075,1.61814207844774e-121,1.10056345569191e-120
E745S_02490,4584.14405885748,-1.64583172542358,0.0707400949057449,-23.2658964851052,9.82197888943808e-120,6.66475071029237e-119
E745S_01957,2285.57643212653,2.05867030637569,0.0887901614738846,23.1857930225883,6.33407846968384e-119,4.2880238198255e-118
E745S_00708,5399.26539916414,-1.34047002236876,0.0578204432902172,-23.183323165486,6.70808167526023e-119,4.53067882985673e-118
E745S_00503,1968.76649341702,-2.03721134511458,0.0883289350065187,-23.063918352058,1.06647529104056e-117,7.18636475050714e-117
E745S_01235,5201.37121962759,1.37947582769351,0.0598412213056133,23.0522672765723,1.39586469942329e-117,9.3842081755686e-117
E745S_00059,904.938297291444,1.95394156545451,0.0847817315898361,23.0467286856967,1.5863173751994e-117,1.06400227631462e-116
E745S_02557,13950.723804876,1.18499270385866,0.0515120818180926,23.0041703234454,4.23414765575001e-117,2.83347214388236e-116
E745S_02416,4593.77295639887,1.5307229584575,0.0668051953656322,22.9132322730244,3.42932190484336e-116,2.28962295068785e-115
E745S_00887,3046.19164778942,-1.4423252422008,0.0629850739253704,-22.8994768492259,4.70227954349533e-116,3.132342277143e-115
E745S_00993,1872.24554753028,-1.71849570046936,0.0750814529797658,-22.8884182746502,6.0599590089567e-116,4.02752070207145e-115
E745S_01860,1791.39827988268,1.63156102310411,0.0714306570783921,22.8411873814004,1.78800564996221e-115,1.18562288087472e-114
E745S_00234,382.085678026347,-3.02288695817556,0.132968766904037,-22.7338120715008,2.07513175416122e-114,1.37288830371894e-113
E745S_01050,1145.69615906978,-1.74579998354193,0.0768310689717987,-22.7225783384939,2.68006083297426e-114,1.76908323918097e-113
E745S_02935,1139.25318451666,1.7142736232725,0.0757853605233527,22.620115698259,2.74758554126782e-113,1.80955237797073e-112
E745S_00891,3010.42765896836,-1.4317586282442,0.0633148329969621,-22.6133207729206,3.20496358261738e-113,2.10601557313752e-112
E745S_00892,2671.214699457,-1.53913428269598,0.0680676827597342,-22.6118213562349,3.31571221301658e-113,2.17388248920975e-112
E745S_00043,797.515596987804,1.91493479122035,0.0848225485269475,22.5757752446213,7.49832925716296e-113,4.90508684665199e-112
E745S_01767,1641.27330025011,-1.73605552668733,0.07700223996697,-22.5455198112679,1.48588886795344e-112,9.6982567143777e-112
E745S_01081,564.250949073532,-2.41448440844503,0.107154254283938,-22.5327909244472,1.98074702503623e-112,1.28992272704261e-111
E745S_02493,42832.2562517955,-1.42919861691684,0.0634311973757044,-22.5314778223666,2.04034538718255e-112,1.32576906743044e-111
E745S_01735,738.554306432486,2.09794308850929,0.0932947086975838,22.4872676896372,5.53016613709971e-112,3.58537051783903e-111
E745S_02668,4376.25011785827,1.39145915268161,0.0618782899066858,22.4870330899572,5.55947527046764e-112,3.59636278051807e-111
E745S_00981,274.914058630062,4.98765527290313,0.222364308530311,22.4301071780288,2.00154218741104e-111,1.29190450278349e-110
E745S_02568,571.283146064898,2.24179667627653,0.100099268664583,22.3957348158901,4.33113903678752e-111,2.78936852568329e-110
E745S_00719,1923.7761088869,-1.73827554880163,0.0778320556876292,-22.3336713060493,1.74027216897867e-110,1.11830734743861e-109
E745S_00114,756.695363834776,-2.13713312105252,0.0957573404055428,-22.3182171936013,2.45900950135595e-110,1.5766908939311e-109
E745S_00212,1228.82706059474,-1.6793162100916,0.0752662436706811,-22.3116782264205,2.84614999871103e-110,1.82091047170282e-109
E745S_00648,357.301117888748,3.06285609152122,0.137315231964394,22.3052901539387,3.28300981996123e-110,2.09579859340069e-109
E745S_02415,2055.71682528985,-1.51060168641032,0.0677337229676904,-22.3020619600504,3.52861478747041e-110,2.24765812829898e-109
E745S_02676,11745.5947318843,-2.06331982102379,0.0928828695631405,-22.2142127038955,2.5033057677349e-109,1.59107491045334e-108
E745S_01803,318.070921312165,3.83158363244597,0.172660996724678,22.1913675070216,4.16145210693809e-109,2.63921287217795e-108
E745S_01621,3283.07729220475,-1.59497649377053,0.0721815586546761,-22.0967311249271,3.39793576200103e-108,2.15030239199674e-107
E745S_01602,3593.74694449857,-1.48998360877824,0.067436833498638,-22.094507281519,3.56942869560177e-108,2.25392775117066e-107
E745S_01655,1309.94608123632,-1.73950969393402,0.0791340263048858,-21.9818171165975,4.29906334197933e-107,2.70878211872334e-106
E745S_00616,270.275496663415,3.66349871201969,0.166843859748326,21.9576478124269,7.3190894226646e-107,4.60169963485457e-106
E745S_01734,1035.87224740086,1.76008405841543,0.080481324485737,21.8694718266888,5.07414377930885e-106,3.1833690822345e-105
E745S_02850,800.260666823217,1.93953885931536,0.0886883376876737,21.8691533733067,5.10967936262611e-106,3.19876916658163e-105
E745S_00643,5336.79552894115,1.50333490817688,0.0687643428355685,21.8621286292476,5.95992040105737e-106,3.72303182134721e-105
E745S_01900,1971.78120402072,-1.43894612979475,0.0658521071704169,-21.8511782177439,7.57531859362594e-106,4.72200266082336e-105
E745S_02343,1152.34338406287,-1.75909013724724,0.0806023044045998,-21.8243156971931,1.36363268803558e-105,8.48191186938368e-105
E745S_00997,3816.02776147772,-1.34246059960061,0.0616022906257075,-21.7923811917536,2.74025035301947e-105,1.70082489928351e-104
E745S_02274,939.581434550961,-1.86648878322178,0.0857156917848501,-21.7753452647474,3.97464871828437e-105,2.46174519551613e-104
E745S_00166,5522.8344577222,-1.22829180006273,0.0566036106274467,-21.6998842732329,2.05679748252551e-104,1.27119691542076e-103
E745S_01857,828.483861488823,-1.85831869280585,0.0856490934578119,-21.6968868879061,2.19531629372316e-104,1.3539334175907e-103
E745S_01653,1006.41178214863,-1.76387047908423,0.0813666708862297,-21.6780465499264,3.30616993893908e-104,2.03472741908069e-103
E745S_02417,8290.33032100554,1.53742410155427,0.0709869491935871,21.6578416035543,5.12698926931313e-104,3.14866366307395e-103
E745S_01540,1320.29899731954,1.85086378260007,0.0855121259265989,21.6444599235995,6.85420833686075e-104,4.20054746707403e-103
E745S_01799,4306.76396082663,-1.42191002440217,0.0657333781946273,-21.6314764805194,9.08291923268431e-104,5.5547012366269e-103
E745S_02876,513.248675836268,-2.35757092514569,0.109079311780047,-21.6133645021488,1.34483249213225e-103,8.20714336393495e-103
E745S_00953,243.316864563419,4.39305312739087,0.203931103987481,21.5418493868427,6.31352874138802e-103,3.84491258706706e-102
E745S_01561,1885.01558467289,1.51862420464977,0.0707073841848834,21.4775899597547,2.52259114595632e-102,1.5330402559246e-101
E745S_01415,2401.93154798894,-1.37318952587992,0.0641282468003062,-21.4131774123812,1.0070688150127e-101,6.10745275104578e-101
E745S_01153,452.533606283069,-2.42792331155932,0.113416709535136,-21.4071041340444,1.14723664286567e-101,6.94304754133466e-101
E745S_01410,23667.4886661442,1.19940460700412,0.0560848298557155,21.3855441852944,1.82150498902105e-101,1.10008319980089e-100
E745S_02149,961.021330241709,2.56429075430188,0.119961727283499,21.3759072361623,2.2392854567279e-101,1.34959833634263e-100
E745S_01474,44036.9947818221,-1.63119573105512,0.0764019270940888,-21.3501909323086,3.88348924945243e-101,2.33571016635455e-100
E745S_00878,2963.92201683883,-1.34864555945848,0.0631953901255201,-21.3408850990519,4.73890514376114e-101,2.84432018010076e-100
E745S_01169,943.6080101724,-1.91567049908648,0.089855659845013,-21.3194194154349,7.49828557705179e-101,4.49125706065797e-100
E745S_00391,3500.82343452818,1.27272558878524,0.0597179436213897,21.312280892562,8.73354643827369e-101,5.22040116669706e-100
E745S_00721,460.961661087924,2.55126039372264,0.119856182477151,21.2860141295507,1.53000949781683e-100,9.12675747570654e-100
E745S_00882,507.913819063527,-2.45676245118224,0.115474119960906,-21.2754377518875,1.91715393324111e-100,1.14127507150611e-99
E745S_01277,358.638075437979,-2.70152429880767,0.127304329890257,-21.2209930419219,6.11194943090305e-100,3.63099689660383e-99
E745S_02166,318.882227033307,2.89739830965409,0.13653530248544,21.2208729677298,6.12757758378028e-100,3.63286728032269e-99
E745S_00934,239.129482733088,4.59760467890236,0.216912470545133,21.1956678532493,1.04702678989532e-99,6.19490850688065e-99
E745S_00252,4411.79238155256,1.35575386549608,0.0640877994823668,21.1546328075925,2.50129129849804e-99,1.4769287971456e-98
E745S_01518,307.76522160533,3.0177955539327,0.142849699645276,21.1256695773704,4.62029325454264e-99,2.72260600485296e-98
E745S_01550,2619.9489932294,1.3465176635224,0.0637901446881914,21.108553211538,6.63735361272893e-99,3.9033002760917e-98
E745S_00357,501.865410510054,-2.30740727709305,0.109626383722593,-21.0479192940623,2.38941384997162e-98,1.40233542686843e-97
E745S_00414,2703.98837618124,-1.37157438647787,0.0653062435110649,-21.0021938598487,6.26258477720519e-98,3.6680853695059e-97
E745S_00908,5172.81351013264,-1.33435285904514,0.0635852269169819,-20.9852653476773,8.94225999268633e-98,5.22709213628713e-97
E745S_00251,5568.52988791376,1.18233226358869,0.0563836884688328,20.9694026002262,1.24821458414621e-97,7.28166864619161e-97
E745S_02272,1491.09255024828,-1.59034183466534,0.0759666673678153,-20.9347321630581,2.58513783951725e-97,1.50506725016695e-96
E745S_01085,1159.91842619605,1.9604411024369,0.0939196029772862,20.8736093455486,9.3036925244216e-97,5.40579819133558e-96
E745S_00120,2373.71002312528,-1.65062876252988,0.0790881448581825,-20.8707482706759,9.87755179603034e-97,5.72779945781759e-96
E745S_00121,609.087884570368,-2.25015872638577,0.107975374886507,-20.8395546554101,1.89594253041819e-96,1.09723433519828e-95
E745S_01861,2524.74228107821,1.45927481281287,0.0701138351757773,20.8129366929427,3.30468311629547e-96,1.90871677609843e-95
E745S_00890,2324.78855692644,-1.43457998460242,0.0692622071021951,-20.7123053772416,2.68303844694706e-95,1.54659899387384e-94
E745S_01060,8374.91301971527,1.34185667362455,0.0649187488636795,20.6697864193634,6.48023688531481e-95,3.72805722789554e-94
E745S_02462,4792.84531346568,1.15167346018052,0.0557820088313955,20.6459660436669,1.0611976126153e-94,6.09299063180107e-94
E745S_01530,4496.97135002851,1.55956705683668,0.0755675170250626,20.638061408309,1.24975414452004e-94,7.16148487145246e-94
E745S_01015,284.430124759286,3.00910131435742,0.145805644508291,20.6377559970684,1.25767480937856e-94,7.19271389017876e-94
E745S_02312,431.074414401222,2.28204893566331,0.11059783139988,20.6337584270733,1.36608684028398e-94,7.79740939620913e-94
E745S_01103,11817.2691548743,1.17528699072265,0.0569812377930346,20.6258592519786,1.60848047088939e-94,9.16298757487085e-94
E745S_00146,969.211320736632,-1.8289459338888,0.088672981033416,-20.6257409255202,1.61242009418235e-94,9.16749002766569e-94
E745S_00591,55555.9295016996,8.92272423838701,0.432678937749854,20.6220443379787,1.74046556596625e-94,9.87620908874808e-94
E745S_00095,11544.677473798,-1.14973785357381,0.0558339446432569,-20.5920943060695,3.23096756630557e-94,1.8298339660536e-93
E745S_02188,246.419210369178,3.36619525492447,0.164278520485252,20.4907814179314,2.60183763640296e-93,1.47066977855709e-92
E745S_00725,3420.62708219147,-1.21659335102427,0.0593991027449253,-20.4816789278558,3.13658903594938e-93,1.76949819450555e-92
E745S_01564,704.844119041909,-1.92639746238478,0.094082142005712,-20.4756973142451,3.54636178198642e-93,1.99680060877417e-92
E745S_02101,8282.33042642079,1.26833899799591,0.0619785755701439,20.4641521094734,4.49431402574223e-93,2.52566566195669e-92
E745S_02377,416.762053528808,2.47826570450342,0.121173988146817,20.4521262558487,5.75129292812653e-93,3.22582152481239e-92
E745S_01037,2888.61073835375,1.40221911966826,0.0685791132151749,20.4467374092259,6.42300330835959e-93,3.59564665973746e-92
E745S_00967,217.090526826734,3.92728608485187,0.192428035203305,20.4091159622484,1.38771960265017e-92,7.75365021749453e-92
E745S_01242,1116.27647348998,-1.70480292415291,0.0837532857299761,-20.3550572290293,4.18761457770609e-92,2.3352770183338e-91
E745S_01673,5391.66387245226,1.22134180399953,0.0600250364552875,20.3472063679512,4.91498694100498e-92,2.73566481553833e-91
E745S_00241,9480.54182302246,-1.11840949789126,0.0550116695265857,-20.3304045762648,6.92293365302933e-92,3.8459274549558e-91
E745S_00807,46292.617062918,-1.35999738304419,0.0669363527317217,-20.3177694562327,8.95539017219838e-92,4.96555062690847e-91
E745S_02810,711.167127513603,1.81242803264039,0.0892765283854485,20.3012826038137,1.25272172007149e-91,6.9328382645021e-91
E745S_00248,1709.94428601011,1.38133064734925,0.0680485070296162,20.2992057819588,1.30679864753342e-91,7.21838873428804e-91
E745S_01200,26575.3725409842,-1.0846742993788,0.0534430166495762,-20.295903326172,1.39762457588074e-91,7.70546428103946e-91
E745S_00613,3412.74005520133,1.29510687020506,0.0638603993992594,20.2802814011226,1.92029617160566e-91,1.05670740180417e-90
E745S_01039,694.459094776292,-1.85263287846303,0.0915428008223694,-20.2378872158161,4.54228110285616e-91,2.49482646988948e-90
E745S_02681,10721.2717637221,-1.8139553772648,0.0897207162962219,-20.2177986550603,6.82618465304262e-91,3.74218898776028e-90
E745S_00917,6357.44432965376,1.13411952337129,0.0562201655546838,20.172824327032,1.69667007857783e-90,9.28384699011291e-90
E745S_01801,12571.5563269779,1.05290420559063,0.052255768517435,20.1490521613767,2.74315880505133e-90,1.49818673198957e-89
E745S_01574,2117.77577692626,1.30997945289857,0.0650792873195066,20.1289766199687,4.11403259623573e-90,2.2426870576109e-89
E745S_01442,2232.36743524219,1.41752158146137,0.070462130790723,20.1174952496327,5.18626511819737e-90,2.82190986150889e-89
E745S_02710,599.568164511698,-1.97415377919134,0.0985259538240776,-20.0368908147419,2.62671644954122e-89,1.42656186280121e-88
E745S_02818,450.360473383941,2.59180357744653,0.129850330547824,19.9599305331916,1.22882952055969e-88,6.66130863007313e-88
E745S_01998,2794.17188134457,-1.26709408328711,0.0634998357001867,-19.9542891617811,1.37565344197268e-88,7.44335905126851e-88
E745S_00540,3067.64914658402,1.56448000224507,0.0784792045085665,19.9349625425204,2.02456576589214e-88,1.09341575964973e-87
E745S_00259,1430.29804658999,-1.62347411918816,0.0814462221832232,-19.9330806963146,2.10215274932529e-88,1.1332160469048e-87
E745S_00633,768.915734287157,1.83663294348763,0.0922857991806416,19.9015770551283,3.94324569823807e-88,2.12177231563235e-87
E745S_01907,408.149880097327,2.22916036115733,0.112074882908725,19.8899191621086,4.97551903409897e-88,2.67227599783434e-87
E745S_01646,950.744335259874,1.74326028565796,0.0877433139948298,19.8677278790801,7.74290577930996e-88,4.15093899144959e-87
E745S_01416,1338.26881423502,-1.51301976764212,0.0763184930030494,-19.8250739513641,1.80915036571243e-87,9.68094984299429e-87
E745S_02243,2721.59968404038,-1.4536910681425,0.0734721904631713,-19.7855958693811,3.96187433021784e-87,2.1161497569292e-86
E745S_02285,4588.8679694992,-1.20280960299997,0.0610194264646934,-19.7119126266441,1.70403085143587e-86,9.08504360536595e-86
E745S_02883,5098.05771733585,1.18320252241989,0.0601356387279677,19.6755625690164,3.49279194378779e-86,1.85877830865928e-85
E745S_01612,4851.94650562241,-1.16646224264914,0.0592899019314232,-19.6738770794108,3.61086792837485e-86,1.91810885757284e-85
E745S_01202,2087.08963035321,-1.48134496567805,0.0754522117234682,-19.6328899026468,8.0975351397392e-86,4.29361107318412e-85
E745S_00138,1732.27068099169,-1.50309450303771,0.0767385891006218,-19.5872053507109,1.98807840703782e-85,1.05223568052493e-84
E745S_00131,2151.52868176768,-1.25039470091592,0.063917153591374,-19.5627406831938,3.21332783128301e-85,1.69764016640015e-84
E745S_02302,3513.87592168193,1.201567778802,0.0616007772746964,19.5057243100009,9.81568769334813e-85,5.17635269480732e-84
E745S_02033,5877.0819119521,-1.12814856679467,0.057942007937768,-19.4703049988594,1.96100460852736e-84,1.03227566282516e-83
E745S_00916,674.979689404218,1.75661859878366,0.090452576772882,19.4203267773605,5.1958279089168e-84,2.73015433986585e-83
E745S_02090,1102.68008104492,-1.53708741261317,0.0791531145434905,-19.4191652656778,5.31467433984196e-84,2.78757063122161e-83
E745S_00749,484.709352651597,2.21486157145008,0.114278844684087,19.3812037352394,1.11214862080138e-83,5.82277812077846e-83
E745S_00109,1163.6343968521,1.4925054994121,0.0771099151527637,19.3555588338448,1.82999120417111e-83,9.56392171515638e-83
E745S_02374,1732.77076941781,-1.34742378693795,0.0697405781086718,-19.3205135873459,3.61040547466991e-83,1.88349289189321e-82
E745S_00574,8831.98480747789,-1.16748181289273,0.0604823493794416,-19.3028515735793,5.08254960279128e-83,2.64674452481671e-82
E745S_02082,2037.81022208225,-1.46967672354452,0.0762196956195742,-19.2821122099455,7.59124887682262e-83,3.94609383579119e-82
E745S_02370,1390.0625817007,1.41745841098797,0.0735243554020324,19.2787601229183,8.09947104671806e-83,4.20277365721859e-82
E745S_02189,191.902468821367,4.62291069872076,0.240471542017563,19.2243566949104,2.31492042404869e-82,1.19906287444942e-81
E745S_00650,5521.86833223799,-1.069146438563,0.0557076350898805,-19.1920988359675,4.30881105943073e-82,2.22787726358843e-81
E745S_02553,1262.58961862551,1.37044968900396,0.0714384010565578,19.1836556912713,5.0688080959312e-82,2.61618800837867e-81
E745S_01378,47624.6622749299,-1.07198688155395,0.0558898587340233,-19.1803469508749,5.40187183649315e-82,2.78315910018258e-81
E745S_00935,202.461609814226,3.63022196727216,0.189333882365724,19.1736519735009,6.14403903419414e-82,3.15994657748041e-81
E745S_00160,4340.01292683764,-1.61721035014128,0.0844024307705501,-19.1607082328909,7.87937855181172e-82,4.04530352104478e-81
E745S_01579,9511.43406703006,1.52032182445051,0.079583562426857,19.1034653148104,2.36272656857415e-81,1.21089736639425e-80
E745S_02538,2169.56366129351,1.24988753648315,0.0654369807815841,19.1006296677262,2.4946054680368e-81,1.27623840377067e-80
E745S_01259,1139.32415966517,-1.52888980977563,0.080080843705346,-19.091829444269,2.95246382631539e-81,1.50782845586037e-80
E745S_01778,863.705970466362,1.65781315946677,0.0868870322055845,19.0800988062775,3.69559601725244e-81,1.88404203261328e-80
E745S_00129,4678.64853382639,-1.3659851918823,0.0717272080337634,-19.0441706756424,7.3439971786542e-81,3.73747828445146e-80
E745S_01591,1006.08013498194,-1.60219649375766,0.0842022925595474,-19.0279438368568,1.00104153580248e-80,5.08557052481851e-80
E745S_02540,3238.12124568722,1.16943786846097,0.0615936420137679,18.9863406388531,2.21217404529638e-80,1.12188826582888e-79
E745S_02539,1506.85516423741,1.48886581479923,0.0785977149776708,18.9428638634368,5.05701032819796e-80,2.56016644615378e-79
E745S_01418,714.64478458886,-1.68328769695156,0.0889302275924629,-18.9281838416685,6.68268842294533e-80,3.37731006930449e-79
E745S_00455,2660.69742414749,1.21681136753935,0.0643629020556152,18.9054770477552,1.0280559324245e-79,5.18660453949345e-79
E745S_00163,20845.731389115,-1.02072517454526,0.0539945587043805,-18.9042229261233,1.05279078459206e-79,5.30220410717556e-79
E745S_00218,1523.40858024586,-1.45551070519255,0.0770460890526073,-18.8914287939875,1.3416485058806e-79,6.74531744493683e-79
E745S_00497,6784.98494886532,1.26492652860507,0.067093176080534,18.853281399091,2.76168337459739e-79,1.38607936266431e-78
E745S_01379,49175.7170695828,-1.02218897459379,0.0543837767116337,-18.7958438417007,8.16708073924823e-79,4.09197453217756e-78
E745S_02194,180.354725662897,4.26992400055587,0.227734019661801,18.749609772387,1.95016705900275e-78,9.75418609752063e-78
E745S_01733,1512.61333057242,1.39076615235071,0.0742183423249805,18.7388468777832,2.38745553447412e-78,1.19208971884291e-77
E745S_02619,5112.89597041667,-1.09224078576698,0.0583473401757113,-18.719632848348,3.42503760661378e-78,1.70724049192683e-77
E745S_00184,13692.9206011558,-1.14517641179577,0.0614184383617787,-18.6454824046524,1.37409295487126e-77,6.83758049851321e-77
E745S_01423,1084.0222759607,-1.78878291274861,0.0962518015428323,-18.5844096845563,4.29701850438575e-77,2.13457693963599e-76
E745S_01311,2074.49012115749,1.23129722211788,0.066598197138491,18.4884467601638,2.55817336845925e-76,1.26862737233133e-75
E745S_01790,467.116546022817,-2.02204313772858,0.109414587821805,-18.4805625829504,2.96077972567593e-76,1.46578737779637e-75
E745S_00149,251.039432484598,2.71981076374357,0.147209898620084,18.4757328769229,3.23800221987993e-76,1.60030975586935e-75
E745S_01826,7467.97751303799,-1.15743887006131,0.0626473983080193,-18.4754499200511,3.25502372069368e-76,1.60599560185412e-75
E745S_00885,5116.26821570774,-1.16770402968157,0.0632408566045988,-18.4643929949022,3.9948869773232e-76,1.96770152131774e-75
E745S_02016,4063.74732213167,-1.24742619454947,0.0676846688700157,-18.4299667173534,7.55295154412741e-76,3.71395978799914e-75
E745S_00044,763.227633427899,2.24906175099698,0.122176566603963,18.4082906690883,1.12724571249583e-75,5.53357886859251e-75
E745S_02491,109595.998824335,-1.30488883781235,0.0710508039483174,-18.3655745649484,2.47813186758426e-75,1.21445149268313e-74
E745S_02726,1093.47754953233,1.60581476657012,0.0874381013560367,18.3651605154536,2.49710380332851e-75,1.22169229772929e-74
E745S_01394,4087.09764784664,-1.24628500862257,0.0679181128521099,-18.3498179835522,3.31220066608199e-75,1.61775438573233e-74
E745S_01296,1865.50833078438,-1.31241242482831,0.0715524637435486,-18.3419599572718,3.82745892900988e-75,1.86628692501638e-74
E745S_00905,5203.62115222636,-1.0222634667287,0.0557438540022097,-18.338586110106,4.07251716642997e-75,1.98245777115011e-74
E745S_01151,230.622114944227,5.98471228110029,0.326867491230994,18.3092918129045,6.97712888035545e-75,3.39072156439311e-74
E745S_01072,12820.1306153205,-1.06591989927314,0.0582526851860373,-18.2982105609207,8.55116750243187e-75,4.14874143326319e-74
E745S_02019,1370.11075018992,1.38988029688123,0.0760179959259864,18.2835693042272,1.1186024539999e-74,5.4180561457466e-74
E745S_00592,15605.8821827822,9.16853117754865,0.5016487024135,18.2767963585625,1.26650242448615e-74,6.12423348451694e-74
E745S_00636,637.736025161396,1.70964189254428,0.0935586011587519,18.2734871125674,1.34570232969828e-74,6.49641705099783e-74
E745S_00139,2924.7026733564,-1.53571883788772,0.0841236550568324,-18.25549349764,1.87112454282063e-74,9.01795288766698e-74
E745S_01732,941.724789335134,1.47915094950356,0.0810792502124256,18.2432736566782,2.34013779821381e-74,1.12597374059511e-73
E745S_01460,37549.1716002142,-0.944213784021127,0.0519224773300075,-18.1850680586737,6.77712632399025e-74,3.25548097840522e-73
E745S_02365,384.972903278017,2.12403980454846,0.116851131738375,18.1773147846278,7.8063759435802e-74,3.74371670045502e-73
E745S_02080,4095.84415198787,1.09330929948418,0.0603086298619408,18.1285713501865,1.89621847301839e-73,9.07876969565221e-73
E745S_01911,1168.3701256034,-1.48751214230017,0.0821468338958966,-18.1079668168985,2.75746148027151e-73,1.31805753186705e-72
E745S_02494,77526.5988499639,-0.929020963343418,0.0513425589299936,-18.0945590306504,3.5174792935897e-73,1.67858724977698e-72
E745S_00599,9524.22441395661,1.15982272053658,0.0641308101637989,18.0852653751643,4.16358586663098e-73,1.98366586870094e-72
E745S_02092,1800.13679287168,-1.26222842629587,0.0698428887171724,-18.0723971971898,5.25786893877769e-73,2.50092426156566e-72
E745S_00867,13998.9638441263,0.991716192652524,0.0549657499427262,18.0424390404185,9.04617294814403e-73,4.29582535922468e-72
E745S_02185,303.328264436846,2.33601931021051,0.129522755108258,18.0355900263087,1.02396622332005e-72,4.85466722489361e-72
E745S_01956,2209.28556920728,1.23585451007032,0.0686799858177688,17.9943908746495,2.15579361331238e-72,1.02040897696786e-71
E745S_00216,2436.86484778856,-1.33206446989328,0.0742830282266081,-17.9322854990466,6.60095956153308e-72,3.11938202656214e-71
E745S_00316,232.947098336541,6.2800855860898,0.350340818088572,17.9256462902421,7.43811318218877e-72,3.50929456618339e-71
E745S_01528,6128.49850275704,-1.31845058188961,0.0735544115302011,-17.9248335274664,7.54761216540632e-72,3.55519401512909e-71
E745S_01445,407.373604669899,-1.99135369579513,0.111251181390276,-17.8996184212134,1.18732620746758e-71,5.58369400636206e-71
E745S_02164,203.208876372401,3.16778375224693,0.177466997706274,17.8499878466978,2.89099316001701e-71,1.35736791754992e-70
E745S_01613,3480.31685812313,-1.16919155864377,0.0655631363375125,-17.8330632723989,3.91377765321891e-71,1.83462266481808e-70
E745S_02484,13085.0640995103,-1.15411419989057,0.0647741380444701,-17.8175153654414,5.1681553811646e-71,2.41872995411096e-70
E745S_00386,214.405948265442,-3.10085318760286,0.174097876907325,-17.8109764615538,5.80875496757956e-71,2.71417106109536e-70
E745S_00979,693.30844616016,5.2220701166287,0.293427054686375,17.7968255933668,7.47898280464486e-71,3.48899342056429e-70
E745S_00215,1995.77387429396,-1.14591923256713,0.0643968738095246,-17.7946407143392,7.77645306691326e-71,3.62196078044552e-70
E745S_02656,295.096720241444,2.3780820770182,0.13369720518717,17.7870739608131,8.90080777356538e-71,4.13901780013559e-70
E745S_02809,491.189830772697,1.82764529934882,0.103218896306829,17.706499146396,3.73599000478915e-70,1.73452422710386e-69
E745S_01971,669.093582707015,-1.69449190937932,0.0957524236865896,-17.6965954921999,4.45433960277948e-70,2.06474244963234e-69
E745S_01419,1764.86846245459,-1.53687358269018,0.0869728436649738,-17.6707293670922,7.04797359298353e-70,3.26178873277823e-69
E745S_02186,174.666659528569,3.43532038072248,0.194896362382761,17.6263955813386,1.54508479825671e-69,7.13927277416711e-69
E745S_02292,2440.05255613583,-1.20003755851599,0.0681068862296261,-17.6199151796485,1.73264529073138e-69,7.99323366294619e-69
E745S_02160,199.980390808069,3.30749708247313,0.187862880949986,17.6059105755632,2.21909902581131e-69,1.0221198202748e-68
E745S_00535,1855.55106521745,1.1674290600065,0.0663510167438871,17.594742587182,2.70281010903434e-69,1.24295106278025e-68
E745S_01875,468.945249039122,1.84390142469206,0.104897975453249,17.5780458748114,3.62868508583487e-69,1.66610446133522e-68
E745S_02125,2882.95935428783,-1.141956303377,0.0650547351715008,-17.5537768367901,5.56530006514205e-69,2.55127377789425e-68
E745S_01920,1366.1882170862,-1.49285628114804,0.0850878952657595,-17.544872587168,6.50986431056151e-69,2.97959355472399e-68
E745S_00167,6007.68021684125,-1.06954343611121,0.061060782896185,-17.516045248382,1.08082418149653e-68,4.93921380272589e-68
E745S_00617,205.432543813985,2.9388711485851,0.168028703241565,17.4902923839152,1.69883460477094e-68,7.75126572803796e-68
E745S_01633,11296.5148398356,1.08106154928299,0.0618988770166474,17.4649622317421,2.64876475654835e-68,1.20665950020536e-67
E745S_02586,797.219307946132,-1.48570260264681,0.0850729762341811,-17.4638606571975,2.70038517761823e-68,1.22825332063229e-67
E745S_02752,442.75684678549,-1.8820355241603,0.107955933109585,-17.4333681341058,4.60518556095435e-68,2.09137210108239e-67
E745S_02938,489.389876397375,2.13281748787618,0.122442644792586,17.4189106376223,5.92953373265881e-68,2.68860945416975e-67
E745S_01805,1290.02161333637,-1.24237549240085,0.0713340952718719,-17.4162928353664,6.20708101753714e-68,2.81007975770616e-67
E745S_01229,7695.55778309502,1.14467019881599,0.0657395561286473,17.412198472651,6.6673639248103e-68,3.01377273060913e-67
E745S_01433,7589.61891852422,-1.55981152158056,0.0896465744903908,-17.3995663576387,8.31298459382063e-68,3.75179816319564e-67
E745S_02590,760.322927073721,-1.54158557014449,0.0886603533915746,-17.3875414565062,1.0253932732319e-67,4.62061891389792e-67
E745S_01674,2117.89795038488,1.24352383390339,0.0715372823436361,17.3828777549867,1.112291341301e-67,5.0044514598566e-67
E745S_01765,200.467968312231,-3.00915859863976,0.173126507471743,-17.3812701624037,1.1439158534762e-67,5.1387948294278e-67
E745S_00105,782.493334546486,-1.88123369537288,0.108247317324016,-17.3790329578496,1.18942283056753e-67,5.3349920797875e-67
E745S_02242,2469.17714702348,1.13994324294546,0.0656510579627737,17.3636690453922,1.55463184498294e-67,6.96235892422361e-67
E745S_02028,333.446008072315,-2.20882362199585,0.127486013558448,-17.3260074602864,2.99405904370647e-67,1.3388181069477e-66
E745S_02598,776.154144396525,-1.51852573421397,0.0876632994232482,-17.3222516629492,3.19603602799635e-67,1.4269418523769e-66
E745S_02591,1466.84285944106,-1.22565489237233,0.070959111342684,-17.2726922474163,7.55349362690351e-67,3.36726186032406e-66
E745S_03161,450.604817235774,1.85971557693341,0.107747011322534,17.2600200609414,9.40782466205498e-67,4.18748892832447e-66
E745S_02664,544.02758932307,1.7542736250534,0.101681664460551,17.2526053183758,1.06965334719443e-66,4.75383342547021e-66
E745S_00511,863.094949382264,-1.53389363202288,0.0889466429207312,-17.2450986530192,1.21804644594343e-66,5.40239065394773e-66
E745S_01396,13649.7388979267,0.937131105351359,0.0543420681130534,17.2450393938219,1.21929600125169e-66,5.40239065394773e-66
E745S_00614,946.552939305994,1.61790419101369,0.0938275136732674,17.2433876554341,1.25464382171313e-66,5.55055952128713e-66
E745S_01597,4247.16400241567,1.01370992391746,0.0587896103056931,17.2430114546838,1.26283640048663e-66,5.57832589046523e-66
E745S_02878,193.485732996744,3.11098080939041,0.180585796747542,17.2271621878411,1.66102901008351e-66,7.3261446187168e-66
E745S_00904,9581.52126350096,-0.926314550757749,0.0537978548988709,-17.2184291083545,1.93160070845184e-66,8.50664094145736e-66
E745S_02939,654.006130421012,1.56838043241109,0.0911608820471681,17.2045333172575,2.45546998817946e-66,1.079739144349e-65
E745S_02083,820.124986814085,-1.69758791852925,0.0987098068143532,-17.1977635588119,2.7597959668687e-66,1.21172942074733e-65
E745S_00555,689.820255030528,1.53968009587167,0.0895496021541728,17.193600628408,2.96531023965404e-66,1.30000272705315e-65
E745S_01424,738.025315333673,-2.1571273801758,0.125540022131671,-17.1827863620521,3.57328143443411e-66,1.56418379784026e-65
E745S_01531,5138.25127210621,1.11013256225089,0.0646935648109078,17.1598607295129,5.30406762309737e-66,2.31833946709256e-65
E745S_02596,912.597632211296,-1.51914451334477,0.0885349863417868,-17.1586914519888,5.41192929379653e-66,2.36193795715767e-65
E745S_01610,1141.66227780711,1.39141430919744,0.0811011622101013,17.1565273700127,5.61735776999427e-66,2.44792342342116e-65
E745S_00939,195.743503911394,6.02630399301863,0.35198765221043,17.120782377377,1.03869911209507e-65,4.51966085995329e-65
E745S_02262,2292.92253929116,-1.13216179054398,0.0661619465609818,-17.1119782502236,1.20825211318291e-65,5.24958492757528e-65
E745S_00165,5978.34031499368,1.03109377630998,0.0602684924170933,17.1083386186966,1.28615962250571e-65,5.57974763206277e-65
E745S_00329,2825.37055501724,3.37829409014833,0.197866778836155,17.0735790516191,2.33440065139353e-65,1.01122623455455e-64
E745S_00965,159.398590774275,3.51929537224052,0.206140308174757,17.0723300231851,2.38488868008576e-65,1.03156180501183e-64
E745S_01532,2611.81009832264,1.10895974666995,0.0650123337341714,17.0576824884394,3.06474773727928e-65,1.32366181946884e-64
E745S_00649,945.360837142259,-1.42592159596742,0.083684294540038,-17.0392975624023,4.19742643633163e-65,1.81017901572761e-64
E745S_01163,845.723343062804,-1.49524886245124,0.0877959617191104,-17.0309525993355,4.84097246228079e-65,2.084625863565e-64
E745S_01144,975.289079159895,-1.40824241596686,0.0827334251537283,-17.0214446380068,5.69480698277506e-65,2.44868288432174e-64
E745S_00635,851.25407942883,1.39462574028677,0.082409715500058,16.9230743222963,3.04132275144708e-64,1.30579506334254e-63
E745S_01051,3475.87159688835,-1.27968068004109,0.0756716096012755,-16.9109747603349,3.73478943098964e-64,1.60117408447877e-63
E745S_01754,249.971835540467,-2.46238582341269,0.145816775988572,-16.8868486271132,5.62271520958009e-64,2.40701823163054e-63
E745S_00243,9276.14356762869,0.984325490672545,0.0582939385659113,16.8855547401313,5.74735421741225e-64,2.45676183948415e-63
E745S_00237,1601.44591257658,1.36339807664014,0.081192639870214,16.7921387803073,2.78620583365326e-63,1.18924416154907e-62
E745S_00140,15836.0841841236,-0.95706584139669,0.056999399495818,-16.7908056902759,2.84950169685318e-63,1.21448015220199e-62
E745S_00444,6255.03722937396,1.62173439829566,0.0968896747262292,16.7379486294904,6.93368024202989e-63,2.95086888662997e-62
E745S_01248,2213.57288525816,-1.07487809079127,0.0643170264499821,-16.7121857169062,1.0684635032432e-62,4.54057993859995e-62
E745S_00915,3597.08402662683,-1.11252000426755,0.066622672443198,-16.6988198381876,1.33682823162669e-62,5.67275070301063e-62
E745S_01106,1109.16227762645,1.2879829829632,0.07719544162399,16.6847025662061,1.6934735041084e-62,7.17569340678248e-62
E745S_02371,1494.43950040315,1.38058663972276,0.0828793928132036,16.657779369045,2.6570816232095e-62,1.12423904144809e-61
E745S_00941,183.872261592925,6.01299575259084,0.36114472676523,16.6498229295751,3.0349887497919e-62,1.28227173449118e-61
E745S_00893,991.169483625289,-1.32017846001833,0.079377237766287,-16.6317006886202,4.10767392376378e-62,1.73296214377918e-61
E745S_00186,3817.07820951847,1.09342974010728,0.0658166896718297,16.6132594264352,5.58730999651156e-62,2.35378573080248e-61
E745S_00969,149.678398326861,3.73713446665017,0.225474208221762,16.574554119177,1.0644955039918e-61,4.47795724294815e-61
E745S_01565,1086.07605531677,-1.43694118972477,0.0868560378270038,-16.543941281167,1.7704999966087e-61,7.43712191937652e-61
E745S_02108,14999.0225103204,1.00435281874174,0.0609075614370091,16.4897887067839,4.3446611498414e-61,1.8223787618427e-60
E745S_01725,931.480612565851,-1.488435168805,0.0904339313950379,-16.458813034492,7.25083728493198e-61,3.03700537214921e-60
E745S_03038,500.018597131611,1.95175393759886,0.118604673522636,16.4559614695653,7.60053220013953e-61,3.17890075209859e-60
E745S_00634,485.288797781901,1.67063170209927,0.10165059939526,16.4350403444564,1.07353234788543e-60,4.48357627646268e-60
E745S_01804,2255.0109580541,1.46182888018698,0.0890255888307406,16.420322509366,1.36837482159778e-60,5.70678954967213e-60
E745S_01255,4590.81212594194,1.02057776525507,0.062230965469955,16.3998382083242,1.91748028507178e-60,7.98538642323885e-60
E745S_02633,6202.75330606422,-1.13754246343399,0.0695558132069988,-16.3543837816783,4.04782349871051e-60,1.68331631496376e-59
E745S_00412,317.435583108146,-2.24771054761288,0.137466006512473,-16.3510281897142,4.27701797505575e-60,1.77609120190974e-59
E745S_00361,420.292967890095,1.85299360920032,0.113449725853662,16.3331695626175,5.7327092991913e-60,2.37719612107491e-59
E745S_01753,416.034370668483,1.87916965567909,0.115172589246485,16.3161188610374,7.58044316998676e-60,3.13892888589352e-59
E745S_00115,468.5571905193,-1.80376275054976,0.11055225854472,-16.3159285417955,7.60410699516701e-60,3.14425503734818e-59
E745S_02961,427.692276079337,1.73146799015827,0.106271712270695,16.2928398645528,1.10955131233063e-59,4.58142392935384e-59
E745S_02273,4504.29256376427,-1.00355202506747,0.0616301542710663,-16.2834579425774,1.29348688949828e-59,5.3333432511749e-59
E745S_00549,991.423374784227,-1.62875189539499,0.100194750535817,-16.2558605783718,2.02997802099178e-59,8.3582263353707e-59
E745S_01630,9170.58529825982,-0.894280532001328,0.0550589778231163,-16.2422291033864,2.53541184156749e-59,1.04245534898347e-58
E745S_01143,1938.819541073,-1.13537748087778,0.0701280899683205,-16.1900528217818,5.92776686541576e-59,2.43381231949581e-58
E745S_00888,699.150184145517,-1.5183293624951,0.0938001673760997,-16.1868513134655,6.24431410903419e-59,2.56016878470402e-58
E745S_02597,416.81943520627,-1.83406874652436,0.11355129620949,-16.1518961715832,1.1012375032657e-58,4.50872344867294e-58
E745S_00177,144.73853917593,3.31446135694156,0.205479350593316,16.1303865686316,1.5604069441975e-58,6.37969749235803e-58
E745S_00214,2231.959763821,-1.2063420639089,0.0748559510844076,-16.1155131480279,1.98509267117936e-58,8.10463501515164e-58
E745S_00443,770.153255387695,1.75328475087036,0.10903815857584,16.0795520923154,3.54935854996281e-58,1.44708441721873e-57
E745S_02389,3030.28518653098,-0.985526936752786,0.0612984148185909,-16.0775272846679,3.66727112753049e-58,1.49306660870507e-57
E745S_02940,922.566807425008,1.33770272082152,0.0833761474185607,16.0441896422253,6.27729338480282e-58,2.55212305072081e-57
E745S_00372,718.30132548061,1.75547027335679,0.109452366643489,16.0386689405699,6.86091195932814e-58,2.78551111765749e-57
E745S_02352,795.800633602429,1.36650785126819,0.0852673894546808,16.0261485663811,8.39257266673282e-58,3.40261546418652e-57
E745S_01448,829.456788368276,-1.36640629855202,0.0853645918007201,-16.0067103904373,1.1471682870159e-57,4.6445158324107e-57
E745S_00054,617.052450020436,1.55741078796394,0.0975434853969899,15.9663229340788,2.19341182516956e-57,8.86808586537303e-57
E745S_02076,1585.52342337878,1.12887089164037,0.0708399150032463,15.9355201313926,3.59199421770782e-57,1.45024898304403e-56
E745S_00954,126.866476676484,4.03072426755154,0.252969425345227,15.9336420282839,3.7015486260511e-57,1.49241108731783e-56
E745S_00877,1991.65971500432,-1.18186830983615,0.0742858077747845,-15.909745686811,5.42333405594878e-57,2.18358581422779e-56
E745S_00371,1251.8684088377,1.43020561705667,0.0898985056327885,15.9091144729222,5.47828659544251e-57,2.2026646794659e-56
E745S_01823,6533.89007422852,-0.867500852051041,0.0546158812668074,-15.8836739777787,8.22182742191316e-57,3.30120546554334e-56
E745S_00606,2924.76045669545,1.04916597405725,0.0660849381684118,15.8760226329265,9.28846003823045e-57,3.72433983075604e-56
E745S_02834,2981.53124693512,-1.12458395336389,0.0708647740663527,-15.8694353884613,1.03164745972182e-56,4.13084698108697e-56
E745S_02833,4411.03157646273,-1.11857695992876,0.0704969929087736,-15.8670166453235,1.07217511426581e-56,4.28722768904915e-56
E745S_02669,1355.54954607384,1.16419171506951,0.0734036757276764,15.8601283045906,1.19649199030531e-56,4.77776156896948e-56
E745S_00474,622.260221066171,-1.52752294437487,0.0964372706069667,-15.8395497379881,1.66005230533013e-56,6.61974282303564e-56
E745S_00654,8951.01477742896,-1.0478051076656,0.0662135477072916,-15.824633235144,2.1042168301448e-56,8.37944622784063e-56
E745S_01062,428.28279266154,-1.77208872900026,0.112030040960438,-15.8179780513161,2.33883839654305e-56,9.3010363010066e-56
E745S_00734,1898.36230364442,1.36536164589604,0.086388650011733,15.804873044209,2.87969840531187e-56,1.14362920298266e-55
E745S_01276,283.312133182562,-2.05887296359352,0.130293721656806,-15.8017818311813,3.02445554200491e-56,1.19948093770794e-55
E745S_00886,4453.20371624632,-1.13020997754139,0.0715311048253076,-15.8002589265407,3.09841335513913e-56,1.22714030977007e-55
E745S_00249,5259.32745708576,0.991687458900978,0.062773750097,15.797804932294,3.22139661947821e-56,1.2741148857746e-55
E745S_00526,318.808242766808,-2.25774576638588,0.142977220671335,-15.7909473675937,3.59145250844422e-56,1.41855064478713e-55
E745S_00383,573.173197841884,-1.57040911944217,0.099565212870285,-15.7726687280639,4.79788785120436e-56,1.89250020797505e-55
E745S_01465,5707.49060447005,-1.08347007946189,0.0687506119019835,-15.7594245271093,5.91693097851852e-56,2.33074236515121e-55
E745S_00486,588.360223343845,-1.60813937773113,0.10208129176069,-15.753517123403,6.49653976193333e-56,2.55559827661999e-55
E745S_00809,6053.34222057678,0.946478245739575,0.0601356966777787,15.7390418341876,8.1670980797982e-56,3.20842409045783e-55
E745S_01652,2028.37961241237,-1.21895543716131,0.0775233467415813,-15.7237205099596,1.04031168929797e-55,4.08133063011643e-55
E745S_02378,13831.5486832804,-0.887370546075068,0.0564455411148526,-15.7208262787222,1.08894233347655e-55,4.2663676080084e-55
E745S_00948,125.396710188683,3.88698000466755,0.247531612195031,15.7029640384073,1.44337535585771e-55,5.64740008185727e-55
E745S_01273,222.160270007051,-2.527048481715,0.161421668831263,-15.6549520272682,3.07344920580972e-55,1.20091417961236e-54
E745S_00728,3533.87524075303,-0.997699865387432,0.0637778660009125,-15.6433560409995,3.68769975901079e-55,1.43899383357646e-54
E745S_02535,4761.32340888471,1.06341866842384,0.0679920664251038,15.6403345910253,3.86690931803692e-55,1.50690401938494e-54
E745S_01903,535.710734718715,1.57905879572046,0.100995448112584,15.6349501411213,4.20804104748491e-55,1.63764806005729e-54
E745S_00862,2537.70732186443,-0.990983711911165,0.0633846248434105,-15.6344494324823,4.24124741623678e-55,1.64836732024903e-54
E745S_01789,1339.90873519704,1.10931365211904,0.0712187255379025,15.5761514087846,1.0573187547504e-54,4.10380652677122e-54
E745S_01302,547.852996444508,1.55131973407758,0.0997598528488445,15.5505415232331,1.5776619297835e-54,6.11527813262288e-54
E745S_00659,6726.87846262172,-1.07893512048592,0.0694933443883921,-15.525733147276,2.32333479331051e-54,8.99365370123258e-54
E745S_00194,131.98800929838,3.90271826881859,0.251606958036435,15.5111698789087,2.91518636388207e-54,1.12697310826835e-53
E745S_00032,349.758059053887,1.76191772948333,0.113900665325587,15.4688976086913,5.62622867221774e-54,2.17214213061351e-53
E745S_01924,2947.84920776431,1.0117632781176,0.0654366566366088,15.461720236354,6.28961542551832e-54,2.42504245081905e-53
E745S_01569,5840.82603616982,-0.887134117334045,0.0574508967570945,-15.4416060916315,8.59334426365125e-54,3.30889221580539e-53
E745S_02827,368.718022006886,-1.77123378256891,0.114760301466762,-15.4342029423992,9.63837661131259e-54,3.70638234022866e-53
E745S_02395,218.518916571415,2.39803512782782,0.155398506676226,15.4315197688749,1.00476037068918e-53,3.85865097503456e-53
E745S_00909,2784.55763892983,-0.954633806314827,0.0618770307680185,-15.4279188006583,1.06241270965529e-53,4.0746816835396e-53
E745S_02249,3772.01680564929,0.900976181719135,0.0587141342928283,15.3451326936994,3.81777941274963e-53,1.46230998296239e-52
E745S_00943,147.18180195866,5.77267383493944,0.376402808483544,15.336426043675,4.36578743560686e-53,1.67001409001992e-52
E745S_01337,628.833909311562,-1.43657682433855,0.0937872675356794,-15.3173971487338,5.85141752722494e-53,2.23536435980995e-52
E745S_01272,1302.85634790982,1.09962410290411,0.0718586411312729,15.3026008506798,7.34612985136423e-53,2.80269777160174e-52
E745S_00164,3368.99926941724,0.926162850757461,0.0605458920337986,15.2968734896241,8.02187314748991e-53,3.05650166653706e-52
E745S_02107,8389.90181617119,0.869594017896921,0.0568927170822982,15.2848037937617,9.65533348795427e-53,3.67407526580848e-52
E745S_01052,3341.38879348537,-0.935634087366013,0.0612391052900492,-15.2783761770282,1.0656305082855e-52,4.04967416399359e-52
E745S_01766,162.774302013513,-3.13497935797143,0.205262174646489,-15.273049520062,1.15636435577671e-52,4.38875702694394e-52
E745S_00150,268.98294959943,2.05514828241569,0.134595238742254,15.2691009104062,1.22855271089504e-52,4.6566626841347e-52
E745S_02136,1123.04748219106,-1.40746082864202,0.0922371461957707,-15.2591541118881,1.43091226411141e-52,5.41662626895751e-52
E745S_00339,336.009123327006,-2.13952280236595,0.140248667910692,-15.2552094379132,1.52006510468201e-52,5.74663573990823e-52
E745S_01748,1412.82378319895,1.12036640994847,0.0735097850505715,15.2410513672119,1.88807532895936e-52,7.12864757795162e-52
E745S_02552,6878.31125693525,0.874003504228052,0.0573953238798989,15.2277824245217,2.31304816399201e-52,8.72186943702168e-52
E745S_01449,835.959167062473,-1.40681335060852,0.0924458533895884,-15.2177009463029,2.69848529303312e-52,1.01620836843718e-51
E745S_00475,8339.91041684116,-0.915635771940302,0.0602953258499342,-15.1858499648742,4.38837738803174e-52,1.65046079800522e-51
E745S_02406,225.904656276614,2.30982196311813,0.152210586496889,15.1751728725212,5.16415057929054e-52,1.93972159178255e-51
E745S_00664,297.830650835594,-1.97942283163143,0.13053781259376,-15.1635973692273,6.16008446937469e-52,2.31082550133373e-51
E745S_03097,1000.65316219128,1.14784265363259,0.0757180699877446,15.1594283084392,6.5638176546979e-52,2.45910851902517e-51
E745S_00213,1460.08805401109,-1.17606416472157,0.0775905442560093,-15.157312994753,6.77863300998285e-52,2.53632399640875e-51
E745S_03022,914.853691636121,1.46102611937736,0.0963935147636014,15.1568922760045,6.82218538755805e-52,2.5493429606138e-51
E745S_01209,1623.73522558908,-1.12775001358721,0.0744613969838673,-15.1454318515076,8.12193610328685e-52,3.03114820470103e-51
E745S_00963,131.170020254956,3.23444654036394,0.213619590625013,15.1411512909491,8.66828182098579e-52,3.23090504236743e-51
E745S_01261,1478.57613156436,-1.14003582522038,0.0753373202884378,-15.1324180479956,9.89902076131744e-52,3.68491680769758e-51
E745S_01164,3448.18919202858,-1.15972940015045,0.076862446556306,-15.0883747800154,1.93141281291695e-51,7.1805143019173e-51
E745S_02587,2259.53483937516,-1.04199135521106,0.0692132732429805,-15.0547908860348,3.21113126747825e-51,1.19229631627923e-50
E745S_01629,1120.12494154305,1.11922475750565,0.0743548772886206,15.0524726597449,3.3256784136951e-51,1.23325475952439e-50
E745S_01890,6346.23819510855,0.874106287818702,0.0582600947887724,15.0035164032578,6.96304922164639e-51,2.57880868755886e-50
E745S_00573,7313.58325048863,-1.06906929312309,0.0713576978282061,-14.981835536467,9.65142143390867e-51,3.56992221017892e-50
E745S_00217,512.6690662777,-1.47214561400325,0.0984161130578953,-14.9583799670816,1.37328496969602e-50,5.0731377497273e-50
E745S_00866,13342.3061443151,1.02447546669225,0.0685742524820045,14.9396519774109,1.81922847501578e-50,6.7120077196083e-50
E745S_02498,1828.59504499752,0.99823504404109,0.0668927567672463,14.9229168041983,2.33824606487055e-50,8.61599277827615e-50
E745S_00851,16382.9344360173,-1.079282642924,0.0724172737555398,-14.9036629929947,3.11995464570948e-50,1.14819064142355e-49
E745S_01912,1321.16690794869,1.17165669644854,0.0787060925230382,14.8864803078056,4.03456787565016e-50,1.48290746035576e-49
E745S_00894,660.33505858655,-1.40898059635885,0.0947881781811304,-14.8645181645589,5.60164549011007e-50,2.05629130160283e-49
E745S_01467,46868.3593368799,0.94996270787425,0.0640060773524455,14.8417579575036,7.86670780870223e-50,2.88412927344234e-49
E745S_01666,591.116637274725,1.61006868037961,0.108601296276744,14.8255014956428,1.00228568164244e-49,3.67000455252976e-49
E745S_00498,8488.98526837538,-1.23895888789199,0.0836048862386909,-14.8192162400027,1.10061118897367e-49,4.02497383304315e-49
E745S_01236,1204.42282936485,1.39156181841557,0.0940116578998212,14.8020133832595,1.42162659032322e-49,5.19241531296222e-49
E745S_01728,1031.49398741072,-1.20497811666209,0.0814257771507136,-14.7984846915463,1.49819868620388e-49,5.46523355330763e-49
E745S_02369,1321.45352273519,-1.14386105214628,0.0775368970760394,-14.7524739225057,2.9659007436737e-49,1.0805678429079e-48
E745S_00666,1520.42426755574,-1.0329387535609,0.0700742050150039,-14.7406417716723,3.53410267479819e-49,1.28597161079219e-48
E745S_00162,14261.7753791438,-0.834368196574734,0.0566174132287961,-14.7369536860149,3.73245185936423e-49,1.35645035737944e-48
E745S_02159,113.893208538411,3.932214021068,0.267521897319943,14.6986622794667,6.57456978216984e-49,2.3863556902614e-48
E745S_00462,9047.689543584,-0.793455435380665,0.0539966420856588,-14.6945329326581,6.98786393946022e-49,2.53320945551291e-48
E745S_01866,815.474370217234,-1.26166284933727,0.0859049649659178,-14.6867279421838,7.84096277089314e-49,2.8389356500087e-48
E745S_01098,1905.162468451,-1.01250351030018,0.0689648559047931,-14.6814416852832,8.47687789036249e-49,3.0653654085522e-48
E745S_03047,594.36164503924,1.76509945589457,0.12025681900055,14.6777494246418,8.95124244109758e-49,3.23288669305646e-48
E745S_01567,908.602817111487,-1.21930956868396,0.0831110160273428,-14.6708538406367,9.90902407732448e-49,3.57437039517863e-48
E745S_00907,2925.90353408846,-0.90905596198796,0.0620113267748005,-14.6595147897621,1.17106806639025e-48,4.21903359067081e-48
E745S_02781,181.610000384742,2.33186940071917,0.159081041794494,14.6583739609372,1.19090875178901e-48,4.28521060130757e-48
E745S_02279,4321.01211238609,0.857902274551082,0.0586154728740722,14.6361060055623,1.65266178249068e-48,5.93938080102514e-48
E745S_00658,3895.6082311926,-1.08971785499871,0.0744855267384975,-14.6299274867784,1.80979926368125e-48,6.49608588973628e-48
E745S_00507,706.185002940907,-1.35368985636642,0.0926810203174067,-14.6059015290338,2.57552627810314e-48,9.23319827039191e-48
E745S_01393,5691.38079548159,-0.826815899547781,0.0566380196542109,-14.5982487487327,2.88152494882014e-48,1.0317489699896e-47
E745S_02980,457.559418984818,-1.48876112002621,0.102049030164561,-14.5886846511474,3.31528085767769e-48,1.18559982514739e-47
E745S_01791,122.101611866166,-3.41388377736618,0.234168221378088,-14.5787663128471,3.83382313430385e-48,1.36935695017896e-47
E745S_02709,277.48770123531,-1.86985917512097,0.128412582272054,-14.561339255366,4.94788758805745e-48,1.76511038833765e-47
E745S_02697,592.44754351753,1.38378588282664,0.0950655516133248,14.5561232154328,5.34015474634071e-48,1.90271609138284e-47
E745S_02541,2678.02455670392,0.933619803545184,0.0641773458088384,14.5474979025481,6.05785520666064e-48,2.15579663894733e-47
E745S_01868,201.202420807954,2.3704980114128,0.162996466240404,14.5432478757947,6.44602413122821e-48,2.29113263076988e-47
E745S_00176,128.166186671745,3.21120343035951,0.221138822758391,14.5212106599119,8.89256741324017e-48,3.15686143170026e-47
E745S_01329,1795.78480191374,-1.00837662643201,0.0696517617729669,-14.4774030227528,1.6833811599151e-47,5.96872418576476e-47
E745S_02141,2960.37383262933,0.929067153638314,0.0641928715918054,14.4730579984977,1.79319144815013e-47,6.35034100433701e-47
E745S_00446,1419.44512577904,1.65206917096169,0.11417398460178,14.46975137746,1.88151024671229e-47,6.65501376449509e-47
E745S_01926,7977.18407267845,0.904123635889774,0.0627317306116896,14.4125409433754,4.31537202160479e-47,1.52452038287519e-46
E745S_01056,4753.86490793357,-0.981066380710406,0.0680737920838875,-14.4118074030816,4.36145564765329e-47,1.53893301700833e-46
E745S_00938,141.433707150869,6.10412318625505,0.42390568232711,14.3997201281788,5.19534718426391e-47,1.83095104762618e-46
E745S_02265,2698.39126824075,0.900177751039978,0.0625218135603853,14.3978189335561,5.34023206881161e-47,1.87746564641432e-46
E745S_02930,381.035379573347,1.71076745747437,0.118820751775626,14.3978844764834,5.33517093149831e-47,1.87746564641432e-46
E745S_01257,1851.12621426926,-1.16429328304299,0.0811856977546993,-14.341113216282,1.21097259929085e-46,4.25228134684641e-46
E745S_00384,698.50279975872,-1.30557026887471,0.0911914275590142,-14.3168091982091,1.71833394250668e-46,6.02659048992401e-46
E745S_00525,3264.44025759199,-0.957799159551831,0.0670050445394462,-14.2944335928017,2.37026392743968e-46,8.30305450394333e-46
E745S_01432,23762.0466212396,-1.02950643993239,0.0720322482597897,-14.2922991410653,2.44405297274864e-46,8.55124784095108e-46
E745S_02103,6819.74636154262,0.789689143809375,0.0553661936438371,14.2630202988006,3.7199941490313e-46,1.29998835148021e-45
E745S_00449,1027.48620573866,1.70050082602397,0.11922732891377,14.2626765316016,3.73836767581095e-46,1.30484272233641e-45
E745S_02551,5629.79230909266,0.82553058860769,0.0579319973211853,14.2499935576328,4.48322603046303e-46,1.56295460774585e-45
E745S_00940,123.149337775784,5.69275563722501,0.400118928162617,14.2276589197284,6.17133620767034e-46,2.14889470102014e-45
E745S_01836,4134.21208964175,0.864250041690447,0.0607675719188066,14.2222243608021,6.66986767986775e-46,2.31971144756213e-45
E745S_00261,726.078984965404,-1.24002907461235,0.0873173546664793,-14.2014045128693,8.97945010652656e-46,3.1192338019211e-45
E745S_00856,7442.92162741399,-0.815673258818738,0.057441243071675,-14.2001324344765,9.14394440759803e-46,3.1725890548889e-45
E745S_00651,1220.38818128218,-1.13190163146241,0.0797906226275413,-14.1858979688136,1.12022543127497e-45,3.88211456004933e-45
E745S_00187,1461.25933202695,1.06095410485581,0.0749730301555772,14.1511434532419,1.83745067067062e-45,6.36007003843302e-45
E745S_01582,1351.10834047177,1.13986522808253,0.0806460520288069,14.1341727140638,2.33866142784694e-45,8.08532472263948e-45
E745S_01667,852.646180965937,1.33367893102217,0.094599468182516,14.098165207959,3.89772318567226e-45,1.34593976198006e-44
E745S_02022,2560.87513782137,0.89746319461459,0.0636728804275044,14.094904904395,4.08197353203805e-45,1.40789395163066e-44
E745S_02110,2344.87413772904,0.878532667418893,0.062342396400836,14.092058023729,4.24993230861335e-45,1.46408910655307e-44
E745S_00382,405.72440507365,-1.57578251453916,0.111843594341915,-14.089161957026,4.42784900149248e-45,1.52357783018258e-44
E745S_01172,5894.58784181511,-0.884228474412053,0.0628001605069029,-14.0800352622484,5.03846444967354e-45,1.7316375458087e-44
E745S_01411,5045.89800637387,-0.788849375091982,0.0560700099419115,-14.0690072270226,5.88903122819577e-45,2.02157663977334e-44
E745S_02696,1394.45283806484,1.02534213267075,0.0728890151806643,14.0671695197049,6.04404734202197e-45,2.07234650325394e-44
E745S_01723,287.672009377846,-1.78415713712232,0.126967235849725,-14.0521066335098,7.47761123219609e-45,2.56086191728504e-44
E745S_00552,570.033378708,-1.36379494435047,0.0971913499392341,-14.0320609313806,9.92255288143509e-45,3.39418935815012e-44
E745S_00400,119.855904234714,-3.28090659182846,0.233965744277095,-14.0230211989613,1.12712303310024e-44,3.85100369642584e-44
E745S_00996,748.543755410047,1.28704292017303,0.0919380239500389,13.9990274412732,1.58018352203425e-44,5.39263098785662e-44
E745S_01210,7540.02128804174,-0.808132828842408,0.0577436742084801,-13.9951750545816,1.66818419588635e-44,5.68628125787492e-44
E745S_02569,559.933018230659,1.3496226267746,0.0964497061456363,13.9930195820058,1.71953191779277e-44,5.85445311426285e-44
E745S_00820,965.556808972153,-1.12691340706571,0.0805691681346682,-13.9869063210647,1.87387602522843e-44,6.37249195028034e-44
E745S_02135,3892.0791834656,-0.830428473004624,0.0594652346480374,-13.9649406568352,2.55117861042705e-44,8.66567203611803e-44
E745S_02100,9740.11857243871,0.74900858859776,0.0537531193666266,13.9342348392676,3.92382948053489e-44,1.33126662212553e-43
E745S_01724,228.614890274697,-1.95330304451526,0.140199780291736,-13.9322832065122,4.03255170426251e-44,1.36656088604286e-43
E745S_00868,648.160874575558,-1.2431189163032,0.089399232954034,-13.9052525981109,5.88587018064694e-44,1.99229861579805e-43
E745S_01437,3037.30683008057,-0.849252480433889,0.0610859263872483,-13.9025882172947,6.10916209844153e-44,2.06547861423499e-43
E745S_00051,192.867808518678,2.24811857331199,0.161944415310985,13.8820382845243,8.13959166891471e-44,2.74876465756505e-43
E745S_01923,5726.10372571657,0.883516384408189,0.0638446665783117,13.838530792928,1.49225482529882e-43,5.03355016969277e-43
E745S_00822,781.589251638236,1.22918950392817,0.0889126597440531,13.8246848926413,1.80902889028349e-43,6.09500358751764e-43
E745S_01927,1305.25928832912,1.05611820933724,0.0765067540979048,13.8042480273799,2.40266571426792e-43,8.08573398177331e-43
E745S_00994,2408.86194227715,1.07950733824725,0.0782834185607968,13.7897316966157,2.93850769716986e-43,9.87759342547514e-43
E745S_00425,487.659898636557,-1.77806465127245,0.129278321127865,-13.7537727575672,4.8341421910134e-43,1.62308972526413e-42
E745S_00611,594.43162379401,1.26828905301338,0.0923749175914081,13.7297990199381,6.73199980269134e-43,2.25770177714683e-42
E745S_02667,577.493722108939,-1.32123551784516,0.0963070975337575,-13.718983872212,7.81530068410506e-43,2.61799082755234e-42
E745S_02947,279.503078946599,1.80889663073934,0.131922160944065,13.711848091287,8.62330590330784e-43,2.88533833155507e-42
E745S_00207,973.823121137249,-1.13935249409207,0.0832288593595393,-13.6893921514675,1.17487970574468e-42,3.92660714514669e-42
E745S_01773,3185.96191992306,0.852555445762113,0.0622820901030812,13.6886132811387,1.18754010401759e-42,3.96436839770093e-42
E745S_00776,1114.13882763956,-1.03681984128475,0.0758644730906598,-13.6667375260846,1.60428186986489e-42,5.34944389825508e-42
E745S_02992,125.70937408863,2.75869451986755,0.201971542282601,13.6588278164829,1.78839353013509e-42,5.95653726112499e-42
E745S_02111,3540.21893316987,0.854215531546777,0.0625482721699741,13.6569005331667,1.8363500978588e-42,6.10927443984798e-42
E745S_02830,1086.6076982132,-1.06494242457394,0.078012119124202,-13.6509870072682,1.99162618437073e-42,6.61829203504931e-42
E745S_00441,888.764966417935,1.3163142483329,0.0965049813226318,13.6398580704581,2.3201169050731e-42,7.70109499506019e-42
E745S_02502,1244.86923615448,1.14069734493861,0.0836660578151637,13.6339320236488,2.51647839051074e-42,8.34335830840179e-42
E745S_01849,2564.63111284501,0.913844326297257,0.0670822198834833,13.622750229264,2.93310515894605e-42,9.71361674367685e-42
E745S_01618,319.71713651743,1.71056093504329,0.125650982963407,13.6135897603082,3.32502125203859e-42,1.0999019164414e-41
E745S_01549,3660.74768720752,0.972017694139938,0.0714202730757342,13.6098288662269,3.50062546223275e-42,1.15667658576158e-41
E745S_00370,3117.43135376983,1.13569096013835,0.0834683006589698,13.606254723916,3.67604931654876e-42,1.21326298871581e-41
E745S_02353,818.10254914216,1.11614368623685,0.0820593216901603,13.6016684423884,3.91401537708834e-42,1.29033961072527e-41
E745S_01858,219.372516727035,-2.26809551392065,0.166805935770675,-13.5972110551199,4.15996257403959e-42,1.36987002862322e-41
E745S_01292,279.857366027785,-2.06055056771681,0.151626828151198,-13.5896173048089,4.61487054304028e-42,1.51795346336613e-41
E745S_02079,887.689803895268,1.1228302022439,0.0827138559068091,13.5748743657768,5.64403950878762e-42,1.85437912077661e-41
E745S_01755,350.263678887478,1.53128954187324,0.112865304708696,13.5674071480645,6.24938529086575e-42,2.05095384235741e-41
E745S_02931,433.301504291686,1.42796920668509,0.105389890475595,13.5493945409856,7.98863332528919e-42,2.61879635246811e-41
E745S_00998,2766.9571444231,-0.90180269989043,0.0665642441616265,-13.547854576411,8.15797971983035e-42,2.6713024706891e-41
E745S_00181,4177.12264907921,1.08585766939548,0.0801954922799859,13.5401334728944,9.06241062632301e-42,2.96412104867711e-41
E745S_02372,1246.99324534973,0.988235379373866,0.0730543687271824,13.5273960557291,1.07774018144783e-41,3.52110176003886e-41
E745S_00179,1953.95793787938,0.951386779102521,0.0705094084216282,13.4930472457444,1.71848273154476e-41,5.60818747929013e-41
E745S_00018,5809.37116337655,0.795655259632755,0.0590767142961605,13.468170481588,2.40757808527966e-41,7.84821926791611e-41
E745S_00527,705.630057465792,1.15631659421404,0.0859063543827691,13.4601986374825,2.68194263986519e-41,8.73281322667514e-41
E745S_00889,547.394672236445,-1.36470022086632,0.101477666246313,-13.4482814923417,3.15110680082782e-41,1.0249018879564e-40
E745S_00232,1011.56950178412,-1.05753074861273,0.0786972853104335,-13.4379571600359,3.62300834564929e-41,1.17707335872601e-40
E745S_00644,990.634030810224,1.0216015365545,0.0761588251644203,13.4140926458483,5.00015325805176e-41,1.62268072844913e-40
E745S_01749,1510.99767838187,0.933721385475021,0.069682949554546,13.3995674902385,6.08165302623944e-41,1.97145790193575e-40
E745S_00995,316.996956475598,1.5658801555653,0.116962703762817,13.3878587377792,7.1204072523402e-41,2.30561796569103e-40
E745S_01752,921.673875168501,1.15788284762904,0.086704453565832,13.3543641648107,1.11707897980967e-40,3.61312990025105e-40
E745S_00718,1822.96586715011,0.934758376035251,0.0700299728424344,13.3479757037524,1.21711575476457e-40,3.93232404230818e-40
E745S_00674,7442.88435019163,-0.731073738254302,0.0547784970714898,-13.3459984727255,1.24984622482136e-40,4.03359463465075e-40
E745S_01222,4982.0214335768,0.823099486057188,0.0617105188463351,13.338074309613,1.390039866816e-40,4.48106982536142e-40
E745S_00285,503.256778255553,1.31212523705217,0.0984049466923085,13.3339357538083,1.46936621690812e-40,4.731554267057e-40
E745S_00439,1626.5002527978,1.30723957188417,0.0981044815733496,13.3249730381255,1.65692638007778e-40,5.32962728442699e-40
E745S_01324,633.907263077958,-1.24550792546406,0.0934998203428156,-13.3209659750941,1.74830675807448e-40,5.6173520670583e-40
E745S_00013,11329.3321847176,0.700857826277916,0.0526792976766023,13.3042363355046,2.18716383444458e-40,7.01966253811263e-40
E745S_02521,361.309515346381,-1.63038314670921,0.122583987181034,-13.3001314788483,2.31061656890551e-40,7.40771457277966e-40
E745S_00394,2785.65017016424,1.0231980898895,0.0771248976246564,13.2667675601866,3.60811807925525e-40,1.15547103726205e-39
E745S_00519,4446.31971745429,0.786776684731679,0.0593056043579793,13.2664811909268,3.62192926218356e-40,1.1586193496941e-39
E745S_00287,136.086868766698,-2.62368849754971,0.197946645174886,-13.2545236886015,4.24805435796952e-40,1.35741890626227e-39
E745S_01230,13772.0340181989,0.894093979536519,0.0674563779971198,13.2544024165468,4.25492665355309e-40,1.35812406672073e-39
E745S_01291,323.850742383579,-1.83483922452915,0.138472929952403,-13.2505264758956,4.48049046728697e-40,1.42855506574725e-39
E745S_01409,3767.7425564154,-0.853844834473155,0.0644659027645596,-13.2449061884938,4.8288485136711e-40,1.53794070276768e-39
E745S_00942,118.383498805689,6.09007851960248,0.460120187735077,13.2358428991796,5.44820559034444e-40,1.73330343972597e-39
E745S_01892,1316.75401990926,-1.23241967379519,0.0931625860931548,-13.2286975434846,5.99166644566297e-40,1.90412019905294e-39
E745S_01647,692.949727740605,1.38028572570613,0.104379175184608,13.2237654040178,6.39791371854023e-40,2.03100619789211e-39
E745S_01848,2941.26422731278,0.926169283214562,0.0702081663544686,13.1917600374079,9.78731785231828e-40,3.10358194641596e-39
E745S_00354,226.770878187542,-1.93069954457593,0.146837978616719,-13.1485026065055,1.73577863183935e-39,5.49820630825283e-39
E745S_02393,2192.94169098944,0.885703183038539,0.067393579855019,13.142248637688,1.88539483760841e-39,5.96563518725879e-39
E745S_02859,1532.1920034935,0.982328735251385,0.0747508020485977,13.1413805381345,1.90715190095207e-39,6.02792528085938e-39
E745S_00344,77842.2770688985,0.700734256580497,0.0533363273755803,13.1380297643314,1.99349882218836e-39,6.29400766962073e-39
E745S_02145,102.075022952101,5.51854679038298,0.421712496824905,13.0860404468267,3.95704378507128e-39,1.24799073221479e-38
E745S_01131,891.702579264225,-1.12013756071161,0.0856388695048334,-13.0797798615078,4.29682767086048e-39,1.35368672617693e-38
E745S_00632,3479.8440775209,0.863709015545537,0.0661146759690585,13.0638016882931,5.30128249371391e-39,1.66832792856229e-38
E745S_02456,912.606928543912,-1.14342349720395,0.0875848227422586,-13.0550415175101,5.94776002817172e-39,1.8697547993529e-38
E745S_00028,1684.35478662144,-0.870214055179196,0.0666781143536932,-13.050969776427,6.27436021788084e-39,1.97029801448232e-38
E745S_01105,5222.1228887887,0.869609040089398,0.0666961840213154,13.0383627316891,7.40297263230588e-39,2.32220402291405e-38
E745S_02124,3706.2890487514,-0.784828241847674,0.0602562548952705,-13.0248427024175,8.83830294390056e-39,2.76946177284118e-38
E745S_01077,36878.9797851538,0.685490514003334,0.0527016086987853,13.0070130860945,1.11620317959845e-38,3.49383597399043e-38
E745S_00191,3374.70268098117,-0.801979297172102,0.0616874741025528,-13.0006830209784,1.2125545138981e-38,3.79134929103906e-38
E745S_02245,312.106188725234,-1.61292181757973,0.124210724386496,-12.9853668074662,1.48126800411813e-38,4.62657849784108e-38
E745S_00946,129.443724730344,6.51356604209016,0.502234568130102,12.969171091391,1.82998588027722e-38,5.7096344024512e-38
E745S_01779,507.659899758525,-1.39092905898738,0.107312707028725,-12.9614571983079,2.0236633026573e-38,6.30715618205074e-38
E745S_02492,49913.6314937577,-0.681584549257706,0.0526191883028675,-12.9531558969442,2.25489891128981e-38,7.0203323323686e-38
E745S_01258,2913.36233368259,-1.07779599560258,0.0833819997478172,-12.9260032004784,3.21081144907162e-38,9.98576082077723e-38
E745S_01717,1638.13203100132,0.893589340591094,0.0692386544793053,12.9059316260714,4.16744613689973e-38,1.29471032065263e-37
E745S_02075,945.761487811644,-1.01368708109351,0.0786398040667831,-12.8902544089842,5.10750430952558e-38,1.58506876812676e-37
E745S_02396,576.302631592815,1.18103204240966,0.0916313827849169,12.8889470672057,5.19482140313243e-38,1.61044995788269e-37
E745S_02542,3951.74626440551,0.974478992043757,0.0756297672218037,12.884860390828,5.47745326382593e-38,1.69626238840396e-37
E745S_01856,750.818319151896,1.14333763614041,0.0887479533271864,12.8829746859094,5.6129710333827e-38,1.73638243126217e-37
E745S_01812,567.897464552183,-1.62308510349993,0.126008699180664,-12.8807385049887,5.77800170399334e-38,1.7855374692489e-37
E745S_02061,255.186320102944,-1.95801766153062,0.152294446648256,-12.8567896244629,7.87812218270416e-38,2.43194206509563e-37
E745S_01066,572.352053083988,-1.20067187263578,0.0935297113432134,-12.8373311046565,1.01307075148038e-37,3.12399253978748e-37
E745S_01796,1607.63174133818,0.907304291746255,0.0706959229256401,12.8338983946865,1.05898541409772e-37,3.26212332321532e-37
E745S_00188,638.549355216427,-1.14654596626542,0.0894156322215552,-12.8226568193858,1.22432211324894e-37,3.76744362755568e-37
E745S_00850,77635.3443869162,-0.623515646386569,0.0486794234844414,-12.8086078625367,1.46743628676371e-37,4.5107782795873e-37
E745S_02663,331.720700516489,-1.66450918012662,0.13008169831507,-12.795875220625,1.72893566112376e-37,5.30899969359839e-37
E745S_01063,7414.98091016032,-0.838051177377958,0.0656154375974823,-12.7721647231705,2.34539570935783e-37,7.19435923070669e-37
E745S_02740,555.357054948676,-1.19237436947528,0.0934100850906461,-12.7649425468159,2.57340459406782e-37,7.88545344561201e-37
E745S_02193,81.9390074722648,4.66033893951023,0.365246244517136,12.7594438258258,2.76165802054072e-37,8.45340325740699e-37
E745S_00652,4527.86861260257,-0.950247144827698,0.0745012362402039,-12.7547835818986,2.93187878561684e-37,8.96502011022123e-37
E745S_01533,2535.79020126439,0.912376043878578,0.071541843046282,12.7530408084167,2.9981805961643e-37,9.15813611273271e-37
E745S_02087,3044.33399638254,0.865612216810434,0.0680415736664333,12.7218135937597,4.47355006634447e-37,1.36504237349358e-36
E745S_02172,104.882488524179,2.87787616465306,0.226592857826199,12.7006481680921,5.86419958897853e-37,1.78750628309073e-36
E745S_01201,2244.25085593354,-0.857804494878462,0.0675465141604007,-12.6994635554613,5.95364002117627e-37,1.81287093113432e-36
E745S_02600,774.199933775345,-1.14891386665868,0.0906239894044974,-12.6778116281169,7.84928225872543e-37,2.38759254494772e-36
E745S_02218,378.306995863741,1.38709737550899,0.109634736139127,12.6519880865929,1.09079183852931e-36,3.3145042191637e-36
E745S_00483,7184.2629994624,0.786647824094863,0.0622447921154134,12.6379701395142,1.30376425937347e-36,3.95751591140373e-36
E745S_02015,886.307795324507,1.0398257490354,0.0823946259332178,12.6200675985616,1.63680720938759e-36,4.96327686096591e-36
E745S_01211,487.636959395679,-1.23965603136018,0.0983452770620306,-12.6051404642266,1.9781985996159e-36,5.99223321902381e-36
E745S_01962,825.604701951441,1.05439429048533,0.0836824010388724,12.5999526470988,2.1127131190762e-36,6.39304354431477e-36
E745S_03036,1700.10071874643,0.873123550925355,0.0694079238176107,12.5795947047737,2.73429075439334e-36,8.26533788789099e-36
E745S_01475,4928.48376547705,-0.760834578996378,0.0606044748744047,-12.5540990260721,3.77453146575988e-36,1.13979886896546e-35
E745S_00422,5584.53228477684,0.751739421846651,0.0599779951057198,12.5335870350718,4.88999130734347e-36,1.47510514981107e-35
E745S_02167,97.2669339845672,3.24036908510118,0.258615837945866,12.5296621848019,5.13810638695066e-36,1.54834655200966e-35
E745S_03037,446.130842091464,1.35738009954163,0.108367019699769,12.5257675564231,5.39667184270631e-36,1.62458239235968e-35
E745S_00118,455.418172899153,-1.29251347112049,0.103287010791371,-12.5138046034775,6.27453735013698e-36,1.88689857709181e-35
E745S_02906,613.132876206828,1.14179228490375,0.0912530555215124,12.5123731844199,6.3886578314078e-36,1.91923456627741e-35
E745S_02903,546.356170114543,1.36703203754187,0.109271962133648,12.5103641487638,6.55231601891646e-36,1.96637030217173e-35
E745S_02944,310.265737109631,1.58543303163686,0.127049231474202,12.4788872253729,9.73374685770934e-36,2.91811916609597e-35
E745S_01750,1484.67106082871,0.967016087171956,0.0775908108348838,12.4630233498887,1.18780575754934e-35,3.55730716072646e-35
E745S_02277,7088.60700489975,0.774836985340725,0.0622269421204878,12.4517927273437,1.3673880839248e-35,4.09092159538036e-35
E745S_00656,1993.30738831513,-0.801671301574042,0.0644144147365803,-12.4455264377149,1.47905947056049e-35,4.42047445462175e-35
E745S_02780,131.125838786555,2.38033222341969,0.191888997382526,12.4047353203611,2.46325366880169e-35,7.3543912101351e-35
E745S_01916,6220.47142185044,-0.890430419334409,0.071821969581135,-12.3977443744218,2.68783524772788e-35,8.01668894071296e-35
E745S_00534,924.96859268428,1.34752421414528,0.108698876086463,12.3968550794711,2.71782468873528e-35,8.09783794156438e-35
E745S_01165,3235.87270448691,-0.982411789205822,0.079297058775581,-12.38900665895,2.99733048472279e-35,8.92150208694073e-35
E745S_02588,1510.8309958658,-0.844259418633249,0.0681893022223204,-12.3811124489979,3.3072653183324e-35,9.83396255532748e-35
E745S_02187,102.281200284096,6.01176119428142,0.486102266997636,12.3672766050084,3.92918905276729e-35,1.16712952373526e-34
E745S_02013,955.157786821823,0.956343227268445,0.077371451069955,12.3604147788798,4.27942892878042e-35,1.26986927743933e-34
E745S_01745,1886.12906402108,0.814935627723903,0.0659720641492952,12.3527380601537,4.7081305420694e-35,1.39565865661548e-34
E745S_02905,1043.3642355256,0.955830519609664,0.0773865715584906,12.3513744097996,4.7886273248473e-35,1.41807671847716e-34
E745S_01894,2135.10346517598,-0.895886390709249,0.0725642823847968,-12.3461069449913,5.11261745751362e-35,1.51248266451444e-34
E745S_00999,3876.74725752065,-0.728042956376777,0.0589790654124675,-12.3440910988542,5.24229055294981e-35,1.5492698273743e-34
E745S_00338,219.448622958279,-1.73860753528044,0.141126565730034,-12.319491559132,7.1141397478059e-35,2.10033071053377e-34
E745S_00510,3135.74788558299,-0.762514749690761,0.0619175374665441,-12.3150044541544,7.52110256808321e-35,2.21822994687844e-34
E745S_02072,2572.85424769962,-0.803053855784332,0.0652419118035058,-12.3088645563139,8.11568888327099e-35,2.39117108696375e-34
E745S_01854,5052.78765201764,0.777751071918649,0.0632095007041429,12.3043381652226,8.58371390666574e-35,2.52651073633003e-34
E745S_02170,105.777194291643,2.658846194863,0.216169027603469,12.2998480602886,9.07446731919685e-35,2.66826003698808e-34
E745S_00038,2545.55887696206,0.859415734453923,0.0699248319867992,12.2905655978718,1.01791322728186e-34,2.99005590778758e-34
E745S_00913,2594.32527794802,-0.846506352374469,0.0690010133521175,-12.2680278339491,1.34489295081074e-34,3.94655582642143e-34
E745S_00990,318.755885510209,1.42509496915788,0.116376319105355,12.2455752176501,1.77414730826536e-34,5.20094946058455e-34
E745S_00978,75.713905701166,4.26795545182942,0.348776470760743,12.2369362890801,1.97341955922828e-34,5.77930013773997e-34
E745S_03098,1201.4980909864,-0.968896415247168,0.0792790360411556,-12.2213445524765,2.39097169488889e-34,6.99509407419253e-34
E745S_00435,8212.75965798349,0.700121850224853,0.0573648429888692,12.2047200645298,2.93315547977679e-34,8.5727064273396e-34
E745S_02751,156.949321477374,-2.55977659717307,0.209896547824004,-12.1954201901377,3.28803553442958e-34,9.60027225749699e-34
E745S_00729,1368.39413787916,-0.913496902637134,0.0749159827891422,-12.1936183525517,3.36157179942381e-34,9.80514579972217e-34
E745S_00895,1808.48641774461,-0.858604326145389,0.0704739614942207,-12.183284548518,3.81598383904112e-34,1.11194484038526e-33
E745S_02599,477.235794599505,-1.28504798975992,0.105496353856671,-12.1809706476284,3.92581596609679e-34,1.14280502773077e-33
E745S_03040,2415.96635210077,0.79057421929809,0.0649774408800844,12.1669029834076,4.6644668372631e-34,1.35646982650079e-33
E745S_00697,10723.404393553,0.655507156322668,0.0538986641268838,12.1618442115657,4.96255513546965e-34,1.44171636720081e-33
E745S_00803,16460.3318644604,-0.71092820536076,0.05850890043514,-12.1507702259566,5.68276870690718e-34,1.64930605242341e-33
E745S_01097,594.675324031921,-1.28996861831795,0.106323859778607,-12.1324472324837,7.10926224601413e-34,2.06126119503457e-33
E745S_00608,5000.01700726503,0.771082318746911,0.0636015000832128,12.123649878353,7.91539060960947e-34,2.29270667309186e-33
E745S_01963,260.278793471124,1.54268318987176,0.127391625674662,12.1097692387687,9.3757559187978e-34,2.71300452083702e-33
E745S_00846,4097.67931218661,0.770359552563353,0.0636521059338229,12.1026561692126,1.02248326078746e-33,2.95575846291191e-33
E745S_01668,19755.0921963662,0.745361397880232,0.0616746429895191,12.0853783946005,1.2618787298818e-33,3.64417557806143e-33
E745S_00777,410.491580334044,1.25239370759948,0.10380369758048,12.0650201947622,1.61622723833726e-33,4.6628716459859e-33
E745S_01811,217.052573733363,-1.79841100565197,0.149227263163987,-12.051490910717,1.90473177538744e-33,5.48977643381468e-33
E745S_00906,14808.5894075261,-0.69970127304118,0.0580982462718153,-12.0434146973662,2.10076261743394e-33,6.04878336236421e-33
E745S_01947,1709.80743497632,0.990205999866689,0.0822369828695387,12.0408843480744,2.16620891519563e-33,6.23106141515264e-33
E745S_00804,1597.46464731025,-0.927481484149936,0.0770507818652285,-12.0372754396213,2.26307000043952e-33,6.5032544632571e-33
E745S_01038,970.551149354421,-1.12028301555734,0.0930733877671255,-12.0365556947422,2.28289597990594e-33,6.55375759122899e-33
E745S_00173,254.746629280362,1.58333968427589,0.13161740623528,12.0298654225528,2.47563966854333e-33,7.10008578830506e-33
E745S_02639,2647.19695830331,0.7913655599898,0.0658599649104949,12.0158818952498,2.93224549824162e-33,8.40134512340685e-33
E745S_00145,589.220878599756,-1.29835915858539,0.10809865914425,-12.0108720021478,3.115425322753e-33,8.91740719226546e-33
E745S_02200,306.511231416988,1.53405471182893,0.127763558308476,12.0069817414216,3.26546816945258e-33,9.33769925469201e-33
E745S_02084,1416.61693253758,-0.989786468685339,0.0826339459102572,-11.977964476733,4.63566192364134e-33,1.32427986847104e-32
E745S_03023,330.600756867595,1.42844880379614,0.119516889018977,11.9518573108888,6.34902602794384e-33,1.8119622320926e-32
E745S_01608,1007.41387345897,-0.91819457045949,0.0768824729425254,-11.9428334614822,7.07705270661431e-33,2.01775714289464e-32
E745S_01246,25510.9757971197,0.650901051498739,0.0545116319509388,11.9405900759779,7.27055561394242e-33,2.07089896205346e-32
E745S_01592,17889.5366059759,-1.08656823017286,0.0911931449209626,-11.9150209274457,9.88413629418942e-33,2.81258267374246e-32
E745S_01651,3626.50241555595,-0.763405768901388,0.0641255041792867,-11.9048696563383,1.11637607153161e-32,3.17360424241067e-32
E745S_02085,787.620741545698,-1.07694276683278,0.0907145967621317,-11.871769321278,1.65920960533826e-32,4.71215527916066e-32
E745S_02199,173.92067319951,1.91958879414713,0.161712709019255,11.8703644616983,1.68730950239758e-32,4.78728846148085e-32
E745S_02118,778.732993010825,1.041010291151,0.0877514344552191,11.8631712132552,1.83876418648002e-32,5.21192068826032e-32
E745S_02003,341.538781556131,-1.34995524453149,0.114052582806427,-11.8362531677399,2.53528272888448e-32,7.17919068461354e-32
E745S_02910,267.340071168855,1.51611154188246,0.128125579328306,11.8330121887497,2.63512609413673e-32,7.45466672500684e-32
E745S_03042,475.900690293829,1.29709274494564,0.109729370899079,11.8208346071591,3.04642808960211e-32,8.60985647459392e-32
E745S_01586,2227.25726416879,0.751836772714837,0.0636152044603097,11.818507526513,3.13199215482804e-32,8.84309327129431e-32
E745S_02067,6265.57007158384,-0.687763635290102,0.0582798030260928,-11.8010631398699,3.8541110660285e-32,1.08714315050474e-31
E745S_01048,790.69550145982,-1.41423087099422,0.119847059376476,-11.8002967978687,3.88937230837713e-32,1.09602737557462e-31
E745S_01414,3147.30893682459,-0.852507390635363,0.0723009678327865,-11.7910923766193,4.33876529406865e-32,1.22148411712126e-31
E745S_01429,13209.4454190002,-0.701685733564725,0.0595255902732423,-11.7879676680862,4.50275763039026e-32,1.26642777411266e-31
E745S_03090,489.292006626261,1.16078257669863,0.0986150047901059,11.7708514963749,5.51648699866312e-32,1.55004764991393e-31
E745S_00875,2275.83028213803,0.766422067576672,0.0651226438590828,11.7689028294845,5.6453944429602e-32,1.58473898008266e-31
E745S_02381,208.901499162882,-1.6759982826262,0.142421953207472,-11.7678366633879,5.71718435874008e-32,1.60334524742701e-31
E745S_02077,1019.85482911755,-1.0633493650753,0.0904878001928819,-11.7513008693844,6.95399812788732e-32,1.94832421080655e-31
E745S_02731,943.853180828843,0.891531376491351,0.0760239720763154,11.7269770592413,9.27108432460269e-32,2.59501216047293e-31
E745S_00964,72.9145983350566,3.50435193213581,0.298832518402791,11.7268092203151,9.2894809987526e-32,2.59766370675973e-31
E745S_01325,438.486155485593,-1.25212646203468,0.106843759585248,-11.719228777565,1.01592630254637e-31,2.83815879722887e-31
E745S_02161,69.2005655110386,3.83690398036765,0.327779725038949,11.705739212246,1.19116598056264e-31,3.32452940500273e-31
E745S_02864,185.490852867417,-1.87657858377048,0.160578093243754,-11.6863922460574,1.49607772002215e-31,4.17153471550237e-31
E745S_02122,1425.11677175561,0.92442531939017,0.0792208940061953,11.6689584356101,1.83657971860613e-31,5.11606082379181e-31
E745S_02404,3855.70564445931,0.716689440954391,0.0615130266134851,11.6510189859082,2.2673131116218e-31,6.30989337278304e-31
E745S_01855,6786.63363311303,-0.94524447800516,0.0812314979913238,-11.6364280036559,2.69049212573855e-31,7.48044181282227e-31
E745S_00182,10261.0014947541,0.864443245149004,0.0745641068852345,11.5932890670777,4.45683005232307e-31,1.2379610956405e-30
E745S_00607,2734.27781180254,0.817570423020791,0.070546552191032,11.5890911409377,4.68072815763292e-31,1.298913218958e-30
E745S_00265,1937.4310230379,0.790486676765697,0.0683281178373743,11.5689807034801,5.91815633653462e-31,1.64073839006212e-30
E745S_01047,1321.84970592515,-0.815174481746203,0.0707882672095484,-11.5156722134914,1.09998389081715e-30,3.04667279369051e-30
E745S_02811,254.414849446283,1.4512144586593,0.126285078411874,11.491575068958,1.45435752012124e-30,4.02436762459404e-30
E745S_02309,2002.24900834482,-0.744830918615153,0.0648238617649256,-11.4900732282223,1.47986432968462e-30,4.09105893989736e-30
E745S_01239,2950.70795483279,-0.735877095984448,0.0640735630526272,-11.4848786445672,1.57155984384099e-30,4.34042761425154e-30
E745S_01802,93.3325519673207,2.85367861217646,0.24868141893715,11.4752385778275,1.75692412910169e-30,4.84777833157823e-30
E745S_02854,701.050599695219,1.00203741759431,0.0873807103314107,11.467489950515,1.92152190660215e-30,5.29692260427923e-30
E745S_01016,4997.23968342591,0.763671390432222,0.0665992412847639,11.4666680235429,1.93985506094394e-30,5.34240121325241e-30
E745S_03049,531.552909577327,1.10795815069463,0.0969080666135218,11.4330848753104,2.85772567030027e-30,7.86279718926662e-30
E745S_00715,336.520759685013,-1.3160795373462,0.115192310514789,-11.4250641511113,3.13424078148161e-30,8.61546262029552e-30
E745S_00341,158.558848573651,-2.07120125717102,0.181600228827808,-11.4052788949672,3.93514082454488e-30,1.08067876794813e-29
E745S_01275,254.483716241083,-1.5738281941181,0.138393028890215,-11.3721638057838,5.75431324511179e-30,1.57877529279175e-29
E745S_02046,1349.91303281149,-0.795372913543956,0.0700484246869842,-11.3546152836146,7.03488721046582e-30,1.92830100467665e-29
E745S_00352,170.695530926213,-1.91976424305197,0.169607078254221,-11.3188922467874,1.05800355205073e-29,2.89731734714926e-29
E745S_01160,727.261060867269,-0.981087610603585,0.0868362135892142,-11.2981389912358,1.34028161804336e-29,3.66687950199645e-29
E745S_01046,3296.50566696,-0.789982594082403,0.0700685088683198,-11.2744313649806,1.75508905473668e-29,4.79724341628025e-29
E745S_00521,6109.6570711261,0.634405981015758,0.0564235673756427,11.243634717248,2.48918118065795e-29,6.79737937795055e-29
E745S_01033,989.719194966377,0.937306596890657,0.0836449664732417,11.2057740759631,3.81999748474909e-29,1.04217550872583e-28
E745S_00723,5986.38073449327,-0.747503880826886,0.066755166235856,-11.1976933468466,4.18488095094984e-29,1.1406543490838e-28
E745S_01412,8188.78516806612,-0.657825242725405,0.0588003181636969,-11.1874435933162,4.69783150636243e-29,1.2792691782059e-28
E745S_01703,1443.79780010793,1.06353684899217,0.0950709819031274,11.1867662214309,4.73384831622694e-29,1.28787219145202e-28
E745S_00061,1189.44569624979,0.922515454792526,0.0824931978637561,11.182927546537,4.94319253063824e-29,1.3435698839111e-28
E745S_00324,91.6701205194599,-2.76868252482781,0.247686433464263,-11.178175914214,5.21508664552131e-29,1.4161489948799e-28
E745S_02089,4904.53210611573,0.668709705357518,0.0599175580149209,11.1604966475936,6.36350803062208e-29,1.72639066888545e-28
E745S_00637,2302.61083042291,0.751014990664464,0.067487009779998,11.1282896236285,9.13718862635931e-29,2.47656946846666e-28
E745S_01731,378.091339417648,-1.48556726682737,0.133593133329849,-11.1200870119531,1.00174247307381e-28,2.71262543173754e-28
E745S_01208,693.756859659306,-1.13055293763289,0.101717913837245,-11.1145902917538,1.06538537617473e-28,2.88228329929798e-28
E745S_01388,595.141813377669,-1.00647447498439,0.0906312511325939,-11.105159229369,1.18406113855942e-28,3.20037323523349e-28
E745S_00687,994.540447829045,0.96869069800383,0.0872435953583386,11.1032872272755,1.20913261626638e-28,3.2651067216618e-28
E745S_02123,9626.5298405994,-0.753979468844275,0.0680895356861698,-11.073353067341,1.68958036062042e-28,4.55826545854128e-28
E745S_02128,21307.2149301004,-0.624354695831353,0.0563908397544831,-11.0719169735669,1.7168808689866e-28,4.62762982372221e-28
E745S_01238,10586.5534374178,-0.608466582145343,0.0550326131860396,-11.0564726426565,2.03961739722682e-28,5.49243870798081e-28
E745S_01876,146.006775719811,1.86929867571545,0.16952081216009,11.0269568196155,2.83289315398159e-28,7.62158222850316e-28
E745S_01392,163.897203091396,-1.83896362204088,0.166855844039797,-11.0212718806676,3.01764717772129e-28,8.11114583042169e-28
E745S_00569,2541.26295323624,-0.686549048080479,0.0623134894065324,-11.0176633441508,3.14107118651162e-28,8.43510906267097e-28
E745S_01389,4753.04291613636,-0.911947703412325,0.0828047431675787,-11.0132302634735,3.29957052182141e-28,8.85258045071164e-28
E745S_00970,64.4411020362844,3.34854104119006,0.30409095408806,11.0116430501263,3.35822730260912e-28,9.00165716196607e-28
E745S_02246,690.27601825155,-1.02617414410918,0.0933851822229711,-10.9886185332812,4.33510490293153e-28,1.16094667639684e-27
E745S_02574,406.139714364404,-1.27820518624109,0.116493537368986,-10.9723270072266,5.19187290794213e-28,1.38911231939518e-27
E745S_01439,4023.67941542174,-0.893325835597396,0.0814277038046563,-10.970785050509,5.28118478098783e-28,1.4117106425579e-27
E745S_02655,172.045568361991,-1.71633580282634,0.156507834144408,-10.9664529715662,5.54034088344146e-28,1.47962681758698e-27
E745S_02004,851.333074615695,-0.98431060428305,0.089978895163416,-10.9393497496873,7.47339842523645e-28,1.99404792079407e-27
E745S_01049,432.259571892019,-1.13761294607714,0.104131188508999,-10.9248051651578,8.77284738376605e-28,2.33862259470174e-27
E745S_01216,3054.32702186261,0.662220793790816,0.0607098409080928,10.9079645718943,1.05594125489129e-27,2.81230099998953e-27
E745S_01221,1445.97563469995,0.766044822764757,0.0702915106806016,10.8981129491667,1.17672381114604e-27,3.13111792892699e-27
E745S_00208,443.888769884585,1.21085008474448,0.111202178138221,10.8887263272796,1.30451886778887e-27,3.46799490788438e-27
E745S_02289,648.19923635182,-0.949611038955991,0.0874427876534065,-10.8597983257342,1.79144399049778e-27,4.75811446746263e-27
E745S_00496,1568.16366563866,-0.755580652991284,0.0696786891184371,-10.843783982603,2.13455452698318e-27,5.66425544945127e-27
E745S_01993,1028.90657310363,-0.924349974106479,0.0854929728166409,-10.8119994387019,3.02014529946281e-27,8.00696080759221e-27
E745S_01430,29765.8616767635,-0.656455363791109,0.0607839029067346,-10.7998225253544,3.44869513061386e-27,9.13480575542945e-27
E745S_02440,493.786542118437,1.16477926607979,0.107976991563393,10.7872913406366,3.95268009522256e-27,1.04602288701753e-26
E745S_02948,950.578959921944,-0.925232099391598,0.0858324410164013,-10.7795151627437,4.30146963319011e-27,1.13729138076443e-26
E745S_02914,192.439299721526,1.56605716168699,0.145725933049639,10.7465921055626,6.14917300019419e-27,1.62434143408033e-26
E745S_00548,1011.37552860664,0.84072603088155,0.0782953211635009,10.737883418677,6.75758517902876e-27,1.78343884461947e-26
E745S_02304,15692.3299736574,-0.581699087674854,0.0544412058089641,-10.6849045503521,1.19772197326386e-26,3.15812379001005e-26
E745S_00264,1268.47662969462,0.898519084214939,0.0841246474859878,10.6808065301504,1.25179324122065e-26,3.29771052053693e-26
E745S_00183,12045.6767749917,0.770970769398012,0.072381462742155,10.6514947362206,1.71587460630637e-26,4.51619437518791e-26
E745S_02595,1138.12260098902,-0.842611575595409,0.0791392806974182,-10.6471978032888,1.7969290482388e-26,4.72525786759091e-26
E745S_01609,412.098957555251,-1.1657915888219,0.10975839996009,-10.6214338879375,2.36893949946145e-26,6.22381126618437e-26
E745S_02532,17323.3302585742,0.595905848331338,0.0561907666600322,10.6050492590128,2.82315184082725e-26,7.41045537299199e-26
E745S_00494,1449.79543099685,0.925424828246905,0.0873641005154507,10.5927357208152,3.22040059192343e-26,8.44557308386407e-26
E745S_01466,2312.92480886633,-1.11243343948589,0.105350734201608,-10.5593325752913,4.59920216802172e-26,1.20506548254826e-25
E745S_01623,953.072304833648,0.927842441315887,0.087902133560402,10.5554029661671,4.79577342020009e-26,1.25544032609734e-25
E745S_01955,725.397530953121,0.887434448648105,0.0841883350843989,10.5410618675194,5.58645210956947e-26,1.46111069999611e-25
E745S_00508,1444.42136103009,-0.750900210024386,0.0713109499311015,-10.5299426069893,6.28728028740643e-26,1.64293293686177e-25
E745S_02831,592.436667851519,-0.976977258341207,0.0928349856860119,-10.5238046962764,6.71077600904416e-26,1.75202412218184e-25
E745S_01384,2142.24931973577,0.823520207969869,0.0784196935794211,10.5014463890481,8.506657196526e-26,2.21889597662072e-25
E745S_00245,2362.70213074261,0.763960185721832,0.0727977090346171,10.4942888430534,9.17661123147956e-26,2.39150539792632e-25
E745S_00955,57.3116388392692,4.89303259138332,0.466871524473132,10.4804691117222,1.06215563911755e-25,2.76559487072557e-25
E745S_00132,739.809785387496,-0.956470368552783,0.0913089488678915,-10.4750999810176,1.12418750071002e-25,2.92449491918398e-25
E745S_01970,498.74890555375,-1.00204398796889,0.0957288996335067,-10.4675180828899,1.21794422177622e-25,3.16556752642017e-25
E745S_01064,1555.94851349155,-0.758123230543864,0.0725000786395737,-10.4568608030454,1.36296665210037e-25,3.53933623930791e-25
E745S_01080,388.806059620086,-1.26391340500211,0.120894273346103,-10.4547003759533,1.39438804930848e-25,3.61770375359803e-25
E745S_02594,2004.61067610529,-0.74623489602109,0.071526902239641,-10.4329262508942,1.75401744392751e-25,4.54670060487354e-25
E745S_00869,413.147769850075,1.08864399368844,0.104532484944755,10.4144084421582,2.13118367902351e-25,5.51946235732869e-25
E745S_01961,730.787316988417,0.948956151076603,0.0912482898341249,10.3997143705559,2.48677486722975e-25,6.43466812311627e-25
E745S_01746,765.465174979408,1.03377643732594,0.0994427609354466,10.3956932370072,2.59393773227022e-25,6.7059971035867e-25
E745S_01241,627.152142613251,-0.931495733075554,0.0899378903379451,-10.3571001006964,3.88564119328668e-25,1.00364698435293e-24
E745S_00260,338.62791899667,-1.1668483700743,0.112690490658157,-10.3544528314629,3.99464060857835e-25,1.03088641946557e-24
E745S_00884,9134.66293106229,-0.612273102554966,0.0591625580456444,-10.348996439312,4.22895270882324e-25,1.09038807222183e-24
E745S_02086,4016.14928290713,0.586794717897054,0.0567747571452113,10.3354861808783,4.86936574015558e-25,1.25440032474273e-24
E745S_00647,729.898033220861,0.92834582444266,0.0898623241143213,10.3307568949768,5.11553230579897e-25,1.3166502689815e-24
E745S_01969,436.158728727249,-1.12710433312419,0.109171709434588,-10.324142939243,5.48060612180406e-25,1.40936788167594e-24
E745S_00282,1605.77456077812,2.45593058337016,0.238044640334538,10.3171009434142,5.89770653097924e-25,1.5152889418959e-24
E745S_00551,502.277088446509,-1.03120835041152,0.100041728166647,-10.307782255558,6.49835693238957e-25,1.66814083158607e-24
E745S_01901,1460.84591507142,-0.767193452005639,0.07463627150092,-10.2790966989312,8.75442168696372e-25,2.24529705116752e-24
E745S_00424,436.826071263915,1.05171235285236,0.102319616838531,10.2786971389078,8.79078587534545e-25,2.25263888055727e-24
E745S_01513,870.058031553587,-0.878299106776571,0.0855666209915007,-10.264506142691,1.01840718962972e-24,2.60737320053837e-24
E745S_00966,55.0931844103982,3.54573675688894,0.345755906296371,10.255028742299,1.12342575282397e-24,2.8737191269513e-24
E745S_01476,2423.14462483312,-0.73609364955802,0.0717879265284611,-10.2537248971272,1.13868909472873e-24,2.91020540364823e-24
E745S_00733,136.611070745178,-1.92247443238128,0.187579446065267,-10.2488544065343,1.19754420501556e-24,3.05793963228096e-24
E745S_01893,376.667407225802,-1.090663554197,0.106632239179228,-10.2282720741126,1.48138892323662e-24,3.77942432562821e-24
E745S_02367,514.042112098966,1.020502072507,0.0997901725004425,10.2264786895971,1.50907046384743e-24,3.84667611231162e-24
E745S_00006,1172.23496420696,-0.758465176731994,0.0741885983180529,-10.2234736054776,1.55660834037414e-24,3.96438047141654e-24
E745S_02346,746.153522762553,-0.902958391211368,0.0883831744271898,-10.2164059739134,1.67433988042606e-24,4.26049247545477e-24
E745S_00416,73.3245844891966,2.86713898474372,0.2809576680977,10.2048789205736,1.88556186178509e-24,4.79377343201431e-24
E745S_00283,118.485802107381,1.8782933666521,0.184254756688238,10.1940020459293,2.10899328923654e-24,5.35713740398565e-24
E745S_00524,1615.00771570962,-0.80778023303533,0.0792946547200888,-10.1870704385662,2.26486511553385e-24,5.74805784770621e-24
E745S_01428,5308.10301184688,-0.62484473790133,0.0614833464891623,-10.1628290192609,2.90521948751242e-24,7.36680655762079e-24
E745S_01862,168.892708539632,1.56737691176737,0.154330406238311,10.1559825440172,3.11654962474167e-24,7.895801529698e-24
E745S_00657,2595.91234950571,-0.747649175750684,0.0737894363365731,-10.1321979522985,3.97609713367129e-24,1.0064711961841e-23
E745S_02632,1313.33063234343,0.74237405672525,0.0733139895562801,10.1259536033755,4.23827017844698e-24,1.07190308335875e-23
E745S_00055,160.583639019344,1.58202044180511,0.156396404525942,10.1154527599303,4.71830372127013e-24,1.19227275456748e-23
E745S_01573,922.037701757181,-0.801970083841685,0.0792873834152519,-10.1147250583554,4.75349777201037e-24,1.20012419898718e-23
E745S_02307,938.860220566944,-0.88290310687504,0.0874334859229554,-10.0979973239662,5.63818094490803e-24,1.42224824355522e-23
E745S_02190,58.8034259936745,5.53285866756947,0.548677675046193,10.0839872282095,6.50323412940996e-24,1.6390402208409e-23
E745S_01917,799.017982198032,-0.933443916226172,0.0925800926298437,-10.0825554361702,6.59872264008096e-24,1.66166795893388e-23
E745S_01065,3451.37855568715,-0.610980252148181,0.0606679255202992,-10.0708940829656,7.42995533606265e-24,1.86936905646313e-23
E745S_01771,655.685361113178,0.912645124064539,0.0906810683690745,10.0643402253494,7.94180283455601e-24,1.99642383863493e-23
E745S_01058,10419.7149373081,0.567598181928384,0.0564601429629976,10.0530773062401,8.90425573632483e-24,2.23643558657822e-23
E745S_02682,160.904259879906,-1.64586865002996,0.163790394693937,-10.048627412526,9.31558624010823e-24,2.33773030559957e-23
E745S_01870,557.570737326811,-0.980780521699249,0.0977205636621071,-10.036582730842,1.0525760072004e-23,2.63914621615881e-23
E745S_01987,720.3381704808,0.849487132286046,0.0846820020446144,10.0314956162526,1.10824999276079e-23,2.77634744313827e-23
E745S_02443,312.93243716968,1.18650916320868,0.118940425653176,9.97565929912237,1.94803350203883e-23,4.87594628068361e-23
E745S_00726,332.543251859587,-1.11811265667546,0.112234962447584,-9.96224912711705,2.22960666218198e-23,5.57593212509601e-23
E745S_00810,871.784325123631,0.833514434543198,0.0837612632970672,9.95107286750274,2.49478941505748e-23,6.23376136243117e-23
E745S_00693,530.38024071904,0.992644993270336,0.0999458704781078,9.93182598262291,3.02661534895025e-23,7.55615547237923e-23
E745S_02808,147.121975069167,1.60314299302376,0.161862502903711,9.90435069435101,3.98550428270741e-23,9.94156209679628e-23
E745S_01566,1628.64999714775,-0.671067081977744,0.0678164064973861,-9.89535005815458,4.3608208073715e-23,1.08684498033035e-22
E745S_01918,2011.35444259617,-0.745142278532568,0.0753354918274469,-9.89098578183161,4.55519969918863e-23,1.13431876170557e-22
E745S_02977,254.548582563804,-1.31757064160292,0.133294173604609,-9.88468292328539,4.85115106447817e-23,1.20698296997401e-22
E745S_01739,1604.44361852856,-0.708419025437313,0.0716906315309986,-9.88161228752738,5.00215185911225e-23,1.24348967223533e-22
E745S_01076,3396.20322004222,0.599750755424378,0.0607025647857858,9.88015510614496,5.0754288773985e-23,1.26062913499207e-22
E745S_01571,1844.67027662795,-0.774369290108184,0.0784695292139264,-9.86840749352619,5.70633373712485e-23,1.41612425479714e-22
E745S_02094,127.544717915657,-1.79151200711494,0.181640018943726,-9.86298073262133,6.02341759051143e-23,1.49354076711915e-22
E745S_02037,218.197610334228,1.39078246331919,0.141241538940375,9.84683736635233,7.07347729577588e-23,1.75241637514924e-22
E745S_00544,915.905548334195,-0.848794159241512,0.0862734099725474,-9.83842135730583,7.6908099816985e-23,1.90373706264663e-22
E745S_02023,1174.26741374684,0.746596226698359,0.0760400279225462,9.81846334221283,9.3761846681928e-23,2.31895272464819e-22
E745S_01220,4031.70633526057,0.698325063198294,0.0711351050066154,9.8168838456533,9.5242160760099e-23,2.35356477056577e-22
E745S_02501,1252.85780011617,0.723357116206713,0.0737941266632053,9.80236705704369,1.09977692391006e-22,2.71539493257184e-22
E745S_00706,1436.13203206774,-0.858776908916707,0.0877301383055747,-9.78884708839148,1.25721190640302e-22,3.10147784706711e-22
E745S_02039,152.694161078241,-1.6330844548245,0.167603709056313,-9.74372502863765,1.96226510856877e-22,4.83670934042649e-22
E745S_01327,127.691784748973,-1.78622885840435,0.183467801260422,-9.73592557458568,2.11879920871602e-22,5.21677252593957e-22
E745S_02131,11001.848723778,0.556410431550972,0.0571505845893311,9.73586596793696,2.12004187502113e-22,5.21677252593957e-22
E745S_00944,49.5792714245426,4.9491248848317,0.508928081606513,9.7246056244509,2.36821295693137e-22,5.82252357907705e-22
E745S_01224,5524.28358734069,-0.556935145860831,0.0572816776444855,-9.72274501660736,2.41190065481974e-22,5.9249306381268e-22
E745S_01999,3610.76845383413,-0.580438623051883,0.0597098998149472,-9.72097800952233,2.45412869343065e-22,6.0235823158319e-22
E745S_01240,456.270338785827,-1.08184346051581,0.111443389468304,-9.70756063394415,2.79956810622664e-22,6.86566365393913e-22
E745S_02888,546.290265777984,-1.05091631828879,0.108353903252854,-9.69892442025253,3.04693599359924e-22,7.46601908869308e-22
E745S_01800,444.174013327289,-0.963312406613016,0.0993233425136499,-9.69875139351688,3.05210687564381e-22,7.47239959209347e-22
E745S_00765,105.316920135904,1.91441259208296,0.197432374029104,9.69654850931767,3.11870388803991e-22,7.62903110763376e-22
E745S_00665,1301.082102101,-0.747242364806393,0.0771771121665881,-9.68217576207643,3.58993308825392e-22,8.77438725433011e-22
E745S_02461,2411.05079073814,0.627696354247827,0.06487346926882,9.67570196757637,3.82457866028331e-22,9.34005744973549e-22
E745S_02909,175.058228154446,1.46857756877754,0.151799600439381,9.67444950136082,3.87169670733829e-22,9.44719959351364e-22
E745S_02505,8313.0699644212,0.59255625038904,0.0612593995113189,9.67290334407461,3.93065644696354e-22,9.58303259389518e-22
E745S_02328,54.2713608266704,-3.25231951644006,0.336636364878931,-9.6612245608395,4.4056575441607e-22,1.07321080427212e-21
E745S_00440,1343.90564153803,0.971460432983636,0.100600567772958,9.65660984315807,4.60863045396686e-22,1.12171599092789e-21
E745S_00451,1510.26013937341,0.685685049577787,0.0711085093075299,9.64279881908842,5.27302952127239e-22,1.28235496544895e-21
E745S_00119,5399.44140587984,-0.701212128503499,0.0727792495174797,-9.63478097331969,5.70134554879194e-22,1.3853603416138e-21
E745S_00442,430.046146086603,1.38624448623032,0.143962183777212,9.62922657783233,6.01807245015658e-22,1.46110165991708e-21
E745S_01891,2957.95447891035,0.589798566756098,0.0612633209814723,9.62727056429849,6.13370512027245e-22,1.48793463375943e-21
E745S_01269,676.888712687393,1.05776969104864,0.110005597892052,9.61559876331589,6.87084206604912e-22,1.66536396788251e-21
E745S_00037,368.89600612602,-1.05252023964179,0.109660499445613,-9.59798874674834,8.15195534942268e-22,1.97423810500578e-21
E745S_00910,1620.03389091188,-0.722218282267315,0.0753282075125996,-9.58762070830525,9.01396366973978e-22,2.18118439256962e-21
E745S_02593,725.677290918712,-0.858864652754074,0.0899624475937444,-9.54692403026389,1.33604199599351e-21,3.23024771622683e-21
E745S_02130,5041.55002477586,0.588031344172412,0.0616067416540745,9.54491876025911,1.36214320865498e-21,3.29062147750594e-21
E745S_02941,240.049634408707,1.21658630118621,0.127659666791439,9.52991913392484,1.57405794509441e-21,3.79940520577929e-21
E745S_00732,541.598869399948,-0.951139338135886,0.0998846901255677,-9.52237361842123,1.69267846870752e-21,4.08234218923579e-21
E745S_02476,85.52903722974,-2.18263127115781,0.229308855963799,-9.51830343396063,1.76029300315445e-21,4.24189812266772e-21
E745S_01387,584.387883127739,-0.905301186073181,0.0952366805135335,-9.5058036587545,1.98509216278923e-21,4.77965532330805e-21
E745S_02946,177.367673390386,1.4029782192637,0.147683685379008,9.49988629863329,2.10119600330106e-21,5.05502608728048e-21
E745S_02828,305.672937179355,-1.13483430560149,0.119607867897179,-9.48795698437708,2.35606476488351e-21,5.66350497983145e-21
E745S_02892,122.388496877514,-1.89859315314971,0.200738068478968,-9.45806227755267,3.13702429168385e-21,7.5345525685575e-21
E745S_00266,5989.63345056322,-0.526120985073211,0.0557037101150897,-9.44499000131571,3.55438253045846e-21,8.52993202486775e-21
E745S_02602,392.193232213731,-1.12079206713841,0.118670673716453,-9.44455805329278,3.56907254613369e-21,8.55813029801909e-21
E745S_00870,527.381856862942,-0.944998984952714,0.100072327389936,-9.44315985847404,3.61703645280307e-21,8.66600256305329e-21
E745S_02534,4075.40410793508,0.609079494756347,0.0645096574294737,9.4416792620893,3.66852220153786e-21,8.78212839529335e-21
E745S_01070,16993.668991464,0.477458004830575,0.0506564651234083,9.42541102438556,4.28424282481823e-21,1.02476835357813e-20
E745S_01816,467.064202848872,-1.30163755891066,0.138195671464527,-9.41880121943449,4.56267309205427e-21,1.09047137692693e-20
E745S_02762,74.1762134131351,2.30367017490753,0.244747737465867,9.41242684716875,4.84811422019794e-21,1.15774081173062e-20
E745S_02241,1083.1050002955,0.805188684756843,0.0855646163307548,9.41029971599874,4.9472417206322e-21,1.18044431547216e-20
E745S_02592,853.074133872147,-0.927398073757884,0.098646499728145,-9.40122636194547,5.39307650199199e-21,1.28576950837827e-20
E745S_00716,2182.65184519241,-0.611340990470469,0.0650357530590913,-9.40007552330494,5.45239209831275e-21,1.29884725026092e-20
E745S_01226,3086.72266298006,-0.610622573438291,0.0649878842560192,-9.3959448046154,5.67065745809695e-21,1.34973702866069e-20
E745S_01441,2534.92084636676,0.72117324842013,0.0770843911968558,9.35563266729862,8.31008693790128e-21,1.97636136243714e-20
E745S_01420,76.9522402711297,-2.33645046627618,0.249831095171467,-9.35212033823331,8.59079539574755e-21,2.04145350179764e-20
E745S_01104,3744.29716452908,0.578272337451013,0.0618495332283616,9.34966372851852,8.79268250185045e-21,2.08772420578195e-20
E745S_00520,10190.7836481751,0.50462573834909,0.0541019541044147,9.32731075434322,1.08591110681488e-20,2.57627321266351e-20
E745S_01616,3189.80782039959,0.554231326482317,0.0595098870041702,9.31326464194897,1.23962308082339e-20,2.93855275918314e-20
E745S_00398,457.502197244375,0.923668816413327,0.099404096518113,9.29205987245224,1.51330762528923e-20,3.5844088667347e-20
E745S_02617,393.441749509628,-1.07572288717368,0.115853315920061,-9.28521448549579,1.61381807233499e-20,3.81936943785948e-20
E745S_00951,44.301565993706,4.93607820853022,0.532282157472659,9.27342414024797,1.80263934963973e-20,4.26278078537877e-20
E745S_00031,188.530539893197,1.32536434141183,0.143060078708346,9.2643898519993,1.96195826490058e-20,4.63576340026428e-20
E745S_02181,41.4897324643821,4.17576047388899,0.451061826545481,9.25762329716444,2.09033162559681e-20,4.93508139668477e-20
E745S_00103,479.317492895668,-0.910420737890155,0.0988232351681776,-9.21261823032609,3.1826529519851e-20,7.50786283892108e-20
E745S_01128,234.560420348994,-1.21816521643082,0.13234577967786,-9.20441301109812,3.43543712144233e-20,8.09761737693815e-20
E745S_02116,9813.94955436516,0.496602931251137,0.0539550643254756,9.20400962281235,3.44836391786104e-20,8.12151081302062e-20
E745S_01301,143.628339486197,1.5200037860307,0.165315759229236,9.19454862087881,3.7657225577472e-20,8.86177717510275e-20
E745S_02545,9316.89575368623,0.51914771189929,0.0564669037988321,9.19384058578447,3.7906020393528e-20,8.91311998106299e-20
E745S_00914,6609.07861844742,-0.578795503701393,0.0629691170792759,-9.19173605328957,3.86551603447619e-20,9.08193476703809e-20
E745S_01107,331.371169157469,-1.03882127114579,0.113041632546221,-9.18972282818922,3.93854884070999e-20,9.24606102847321e-20
E745S_00678,3837.12202508632,-0.558214157899659,0.0608372202933832,-9.17553687048342,4.49329806184628e-20,1.05398796599795e-19
E745S_00639,1252.23930649184,0.669214273927151,0.0729757315983629,9.17036745325571,4.71409365586234e-20,1.10488942288368e-19
E745S_01813,868.335439869606,-1.02918955326919,0.112292596485877,-9.16524851572586,4.94329399459465e-20,1.15767729833186e-19
E745S_02380,1222.18083293071,0.693983886894485,0.0757236270748576,9.16469421371534,4.96876436715383e-20,1.1627068386483e-19
E745S_01356,368.097735842533,1.02338111599569,0.111668958351492,9.16441893166473,4.98146184163457e-20,1.16474180088339e-19
E745S_02605,529.512867506075,-0.889811845549588,0.0974720073144192,-9.12889628587711,6.92011793839067e-20,1.61673060342337e-19
E745S_00231,749.208650319574,-0.813402470885513,0.0892354451248795,-9.1152396869563,7.84967663468174e-20,1.83243052795177e-19
E745S_02853,1521.58262213323,0.613841730514685,0.0674164228855963,9.10522546644691,8.60874393167171e-20,2.00801711419041e-19
E745S_01946,180.251768737311,1.35540176534035,0.148936002646023,9.10056494910601,8.98631562648699e-20,2.09440871006434e-19
E745S_01355,668.306008357231,0.779246381237913,0.0859091743462761,9.07058398788686,1.18380809864166e-19,2.75685230011669e-19
E745S_02812,110.916793602877,1.77246633811915,0.195451162222703,9.06858940086295,1.20567719475508e-19,2.80553662184816e-19
E745S_00971,41.8449479938328,4.85275855626296,0.535184827494821,9.06744419302493,1.21841343734749e-19,2.83290855920012e-19
E745S_02419,1821.69194319679,0.607244208725181,0.0669864734616539,9.06517655497711,1.24402617250361e-19,2.89015178623944e-19
E745S_02266,2876.71636577405,0.615422381495683,0.0679260627118924,9.06018039211238,1.30234992501042e-19,3.02323814330568e-19
E745S_02151,754.934635560153,0.774738785675663,0.0855723587593328,9.05361026513912,1.38317827803393e-19,3.20831232458708e-19
E745S_01557,405.438549441603,-1.02044895256358,0.112936642589623,-9.03558782309102,1.63123329667196e-19,3.78066889061471e-19
E745S_01761,1140.88300285834,-0.697592155767969,0.0773120515757591,-9.02307132652391,1.82888417427356e-19,4.2353872961896e-19
E745S_02435,199.53101693286,-1.26444011421051,0.140192681217725,-9.0193018867139,1.89291697767784e-19,4.38019182990475e-19
E745S_02148,403.412730366853,0.984830070903927,0.109421629586313,9.00032356150466,2.25053421051445e-19,5.2035783056454e-19
E745S_01020,551.415078209661,0.829934804699408,0.0922658987360033,8.99503300860989,2.36161237745589e-19,5.45607431013818e-19
E745S_00625,331.966445494625,-1.04806375565802,0.116676360437981,-8.98265725570961,2.64304845697734e-19,6.10143858704286e-19
E745S_02109,4549.1522196881,0.724722244699855,0.0808390026102294,8.96500725267667,3.10260444538241e-19,7.15664147425373e-19
E745S_01146,3145.54414695292,-0.615262740115373,0.0686470125285912,-8.96270234424431,3.16816914956702e-19,7.30209057354679e-19
E745S_00359,185.506092169835,1.35711873806825,0.151764423788538,8.94227187235398,3.81250256207205e-19,8.78021753021498e-19
E745S_00108,256.686695707373,1.14061456707326,0.127729495358192,8.92992306807942,4.26305146667327e-19,9.81007337508766e-19
E745S_01256,48.3217218013496,-3.06471728039062,0.344032073900311,-8.90823127519986,5.185314164385e-19,1.1922945918266e-18
E745S_01583,1602.09571435737,0.815143931956297,0.0915127541630756,8.90743524671667,5.22266892897606e-19,1.19993601043799e-18
E745S_01606,407.371807528373,-1.04303892358587,0.117115487867823,-8.90607162703407,5.28727741636517e-19,1.21382212610718e-18
E745S_02390,995.336405163558,-0.757512500258733,0.085131462043707,-8.89814978004044,5.67853530502871e-19,1.302617515598e-18
E745S_01145,156.878036084072,1.39429411971828,0.156760028899283,8.89444923880502,5.87097380262985e-19,1.34570116058705e-18
E745S_00471,6653.29008088832,-0.486171990557466,0.0547468918387817,-8.88035784733027,6.66456126750032e-19,1.52639951610491e-18
E745S_00347,748.50066279992,0.744967854520532,0.0839712606552195,8.87170025443969,7.20374651404605e-19,1.64859324704308e-18
E745S_03129,230.90535487041,1.16542263132556,0.131975580940774,8.83059292497878,1.04122282135859e-18,2.38098949958747e-18
E745S_00284,112.838725479664,1.62532059453221,0.18410520797645,8.82821628131299,1.06358240166654e-18,2.43021065247354e-18
E745S_00016,821.761985471284,0.729499967095915,0.0827805380170272,8.81245742744343,1.22431885791275e-18,2.79528799637962e-18
E745S_00445,2082.8254719958,1.77530201722774,0.201955109554352,8.790577377048,1.4879329122563e-18,3.39449271753768e-18
E745S_02198,44.9083714949808,2.95512087972931,0.336851415772709,8.7727726272146,1.74319807691002e-18,3.97372717453803e-18
E745S_02294,329.635045978902,1.04425820380555,0.119341299954304,8.75018291409094,2.13007202926317e-18,4.85183073332167e-18
E745S_02865,415.743286761135,-0.884259112963575,0.101461826372072,-8.71519018119086,2.90270967169048e-18,6.60655813470757e-18
E745S_02580,1559.75030759678,0.578800833099005,0.0664676926528518,8.70800248960006,3.09276519092852e-18,7.03362458655697e-18
E745S_02473,6448.93993484259,0.568923592196784,0.0653619828603251,8.70419726115933,3.19830349444728e-18,7.2679636786386e-18
E745S_03096,1019.2748332193,0.720057346827573,0.0827263887936549,8.70408290906566,3.20152948484107e-18,7.26961960247453e-18
E745S_02373,25936.2238726432,-0.464331906447886,0.0533648288004415,-8.70108490714476,3.28726190145654e-18,7.4584718590335e-18
E745S_00546,2677.63834861719,0.52782414198444,0.0607129831779474,8.69376061521154,3.50636059987442e-18,7.9493891793103e-18
E745S_01568,441.372145845976,-0.85702039024042,0.0988419902041217,-8.67061042043528,4.2980991193295e-18,9.73678329678456e-18
E745S_01473,7555.4667009611,0.530790690486758,0.0612650604175183,8.66384015406899,4.56132834105864e-18,1.03250597207012e-17
E745S_00056,154.739939082186,1.41528821824452,0.163491365809814,8.65665419842961,4.85813693646929e-18,1.09883734437157e-17
E745S_02105,554.59837263985,0.852072743182806,0.0985044099603719,8.65009742736994,5.14554828107899e-18,1.16294185141467e-17
E745S_01936,1645.49204215523,-0.617086791255596,0.071359677536611,-8.64755577039989,5.26141906474205e-18,1.18820720694058e-17
E745S_02943,277.007029739042,1.07983485305,0.124911431855493,8.64480405844068,5.3897706532197e-18,1.21624979624206e-17
E745S_00896,333.178258273984,-0.992196216739043,0.114874189415389,-8.63724237610264,5.75861266505239e-18,1.29847571401762e-17
E745S_00178,76.4446286501611,1.98786244315086,0.230688847539762,8.6170721487012,6.86878564006174e-18,1.54760332803558e-17
E745S_02936,98.6860719358216,1.72505426994348,0.200524317087999,8.60271858792294,7.78496938144698e-18,1.75267176097387e-17
E745S_00766,137.930677814976,1.43126144290641,0.166410088468444,8.6008093384183,7.91558907568533e-18,1.78070168464606e-17
E745S_02413,675.392208618975,0.738143651405929,0.085863466261072,8.59671387085129,8.20311747033903e-18,1.84395945607389e-17
E745S_03031,64.3815351513483,2.17069435585214,0.253495594871879,8.5630456692916,1.09924366384747e-17,2.46905733445986e-17
E745S_02121,7886.12339902618,0.550687165085735,0.0643220479318531,8.56140596874603,1.11499336628246e-17,2.50250245894235e-17
E745S_02993,64.4304408926163,2.2416860640236,0.262242908499204,8.5481284388302,1.25100461160994e-17,2.80560433312522e-17
E745S_00620,6464.586829431,-0.475415559262508,0.0556695326816583,-8.53995958581391,1.34268787786695e-17,3.00890255001592e-17
E745S_02341,87.2320314784373,-1.98782109883932,0.232790364253289,-8.53910386375124,1.35266751504446e-17,3.02893472022648e-17
E745S_02625,2576.52419485548,-0.522542853349294,0.0611970882979686,-8.53868816119213,1.35754191940029e-17,3.03751308791257e-17
E745S_02201,156.562250312397,1.36921105514092,0.160398946877312,8.53628456917627,1.38606746740733e-17,3.09895729464113e-17
E745S_00348,207.323790459946,-1.19883250720186,0.140477743739782,-8.53396755448002,1.41412514884516e-17,3.15926194035936e-17
E745S_02561,3409.88987690186,-0.696196844246653,0.0816675185014085,-8.52477039858443,1.53113227290388e-17,3.41804144664356e-17
E745S_03128,162.920984665951,1.4300544271928,0.167818459728465,8.5214369712764,1.57585765543773e-17,3.51518899232126e-17
E745S_02908,171.849113170289,1.30997259863364,0.153785316192865,8.51819036474706,1.62065659664247e-17,3.6123517249818e-17
E745S_01910,6671.57060780783,0.492894932614681,0.057985112118685,8.50037043311764,1.88986639124118e-17,4.20918214606204e-17
E745S_01215,226.565983130248,-1.12339704237354,0.132405223460395,-8.4845371882898,2.16578998108745e-17,4.82004176983606e-17
E745S_02504,937.911541655433,0.669339628793023,0.0789469789451652,8.47834379144427,2.2842216197946e-17,5.07973195968075e-17
E745S_02147,34.854395483498,3.9063480209485,0.461852860155262,8.45799248625482,2.72019640119862e-17,6.04465017090778e-17
E745S_02546,1902.99182448155,0.605965638579767,0.0716848700736726,8.45318737352803,2.83456230831815e-17,6.29398236423656e-17
E745S_02375,526.267426788579,-0.821618198165116,0.0974329934522223,-8.43264862397981,3.37928203154342e-17,7.49778200748696e-17
E745S_02813,94.6484625473329,1.73568777322194,0.206008817626328,8.42530816506232,3.59802020565598e-17,7.97702728001871e-17
E745S_02132,16861.6810410504,0.4793825598778,0.0569366122691105,8.41958347665648,3.77825168924225e-17,8.37023642875509e-17
E745S_01386,1595.46444899561,-0.615916431434555,0.073211282353811,-8.41286222057949,4.00124866405872e-17,8.85751700461971e-17
E745S_01806,382.91892406759,-0.950161176751141,0.113075718521293,-8.40287542875277,4.35676782418707e-17,9.63719691201258e-17
E745S_02283,93.0286871634608,-1.81119396862273,0.215797656840163,-8.39301962376842,4.73812480721698e-17,1.04728028199002e-16
E745S_01977,1149.26372430832,-0.626556288490498,0.074847892654102,-8.37106117851616,5.71016526135179e-17,1.26117534717717e-16
E745S_01671,2928.65097125839,-0.57453586990382,0.0687222624542775,-8.36025837021987,6.25810484891855e-17,1.38114808303274e-16
E745S_02040,142.637314106516,-1.49974012022389,0.179506086060693,-8.35481488753986,6.55354019949339e-17,1.44525420611555e-16
E745S_00653,14797.3432684224,-0.494029283784522,0.0591422643015565,-8.35323587317438,6.64178309424462e-17,1.46360564627904e-16
E745S_02342,58.6392161822077,-2.32348953815312,0.278172440084672,-8.3526949594499,6.67228060167244e-17,1.46921398120034e-16
E745S_01134,123.913403966387,-1.50868748111368,0.181252199455517,-8.32369199185328,8.52649920678952e-17,1.87608761836465e-16
E745S_00571,1052.86772951195,-0.704629175789116,0.0847196243652397,-8.31718956580058,9.00736268306377e-17,1.98039522435035e-16
E745S_00806,324.995496151769,0.9569176667997,0.115255812129217,8.30255454472761,1.01896344070338e-16,2.23864345350002e-16
E745S_01925,1965.71306510053,0.573046178549146,0.069095786563968,8.29350394641831,1.09960288483783e-16,2.41398491535665e-16
E745S_01959,210.818705231664,1.14065628566234,0.137598651974698,8.28973445082942,1.13501581369909e-16,2.48985006305806e-16
E745S_01129,6406.99381573572,-0.687489368364687,0.0829750035853543,-8.28549971266328,1.17614194684511e-16,2.57812440306184e-16
E745S_01590,1970.60014629281,0.548299152748283,0.0662417471499313,8.27724473370645,1.26057978269817e-16,2.76113449769328e-16
E745S_01535,2356.95644879312,-0.521227377285354,0.0629736632463891,-8.27691054347613,1.26412116961727e-16,2.76680956748562e-16
E745S_02091,133.862771304256,-1.43148823753666,0.173567898908736,-8.24742505115737,1.61843939271695e-16,3.53965219549139e-16
E745S_00168,3059.03184839623,0.526860741008235,0.0640450374292746,8.2264100726001,1.92907789249344e-16,4.21587518397027e-16
E745S_02829,124.65946794727,-1.45722923164422,0.177235050704785,-8.22201492227112,2.00112281903755e-16,4.37004390564015e-16
E745S_00871,742.690458448721,0.762112976515032,0.0926969615921649,8.22155293361254,2.00884803911917e-16,4.38362566857264e-16
E745S_01638,132.101092617785,1.47012088919641,0.17892970522478,8.21619242791227,2.10066289010082e-16,4.57711801877507e-16
E745S_02932,74.4464315536456,1.9150014423833,0.233074833555344,8.21625146383973,2.09962953640061e-16,4.57711801877507e-16
E745S_01021,660.136924212278,-0.779964736410604,0.0949423179120887,-8.21514318970818,2.11911241822304e-16,4.61386406091793e-16
E745S_00053,86.5491199729697,1.77691447951356,0.216768070328622,8.19730727325172,2.45831491313888e-16,5.34839664584999e-16
E745S_02063,482.769407203308,-0.787744539967472,0.096371240609573,-8.17406245872507,2.98175332322204e-16,6.48236290059698e-16
E745S_01447,201.880972734518,-1.23050355337407,0.150658810077115,-8.16748488020208,3.14885194254558e-16,6.84052836175387e-16
E745S_02635,66.9155913296591,1.9774567270399,0.242604689700378,8.15094188608682,3.61100628772693e-16,7.8386571987868e-16
E745S_00473,630.484205576299,-0.766725781348585,0.0940970993198408,-8.14824034843461,3.69257889009756e-16,8.00975942553949e-16
E745S_01237,7372.08925916733,-0.493362519354274,0.0605881110119677,-8.142893236213,3.85942559334566e-16,8.36544147597111e-16
E745S_00477,64.4072283557634,-2.09141535499786,0.256871304154735,-8.14188008224549,3.89186619835628e-16,8.42948102932674e-16
E745S_00707,2065.6545111659,-0.573289198080745,0.0705073416906136,-8.13091494211113,4.2606223821547e-16,9.22131728955564e-16
E745S_01031,1680.65540922399,0.568611518298941,0.069963339907695,8.1272780723323,4.39037430633889e-16,9.49508143072252e-16
E745S_00554,1533.44203891454,0.563791340564311,0.069437545605405,8.11940191216127,4.68486643961141e-16,1.01244589500437e-15
E745S_00858,517.566799231911,-0.832943897019236,0.102630924935896,-8.11591532999924,4.82136774729723e-16,1.04117221901945e-15
E745S_01762,9087.79858867732,-0.46137558634218,0.0570790355877663,-8.08310059185838,6.31404998477414e-16,1.36250552303021e-15
E745S_01336,98.2477030612322,-1.64227865165269,0.203643036658214,-8.06449696784389,7.35380311101926e-16,1.5856978411983e-15
E745S_02981,960.536860598893,-0.738569556528723,0.0919965684667804,-8.02822940939822,9.8889436388363e-16,2.1307709054517e-15
E745S_01123,123.326579644409,1.43323741491193,0.178848855608826,8.01367953981588,1.11326552536409e-15,2.39697924876839e-15
E745S_01527,8716.49087694914,-0.485094477772984,0.0606063280484101,-8.00402356310893,1.20418332647912e-15,2.59081867212173e-15
E745S_02589,1101.88933457909,-0.670304332053312,0.0839507396179192,-7.98449584963795,1.41097769148959e-15,3.03349782860133e-15
E745S_00104,437.524336630362,-0.860559343954347,0.108044901898608,-7.96483062904642,1.65450234226238e-15,3.55443270725151e-15
E745S_00427,2230.63258649488,0.662355006754023,0.0831617892594409,7.96465555458007,1.65684638004203e-15,3.55684351939701e-15
E745S_02886,198.159549881985,-1.10614932290202,0.138899826930876,-7.96364795654137,1.67040063353901e-15,3.58329863244809e-15
E745S_01627,571.445186348255,0.723489865221714,0.0909356391388322,7.95606510355259,1.77596975964773e-15,3.80695726828758e-15
E745S_00609,1313.0636530739,0.76444233462114,0.0961579475084263,7.94986118598415,1.86720620493441e-15,3.99958591800153e-15
E745S_00714,240.974487078003,1.06406565166457,0.133938597974069,7.94442877377719,1.95087683978903e-15,4.17573711810725e-15
E745S_00930,47.816243529893,2.39885711577164,0.301984639336673,7.94363952100633,1.96333628200037e-15,4.19931808736449e-15
E745S_00763,289.267931132647,0.942904055265455,0.118774754147473,7.93858982940708,2.04492793861969e-15,4.37062057953152e-15
E745S_02339,3710.08553903634,-0.457713646250288,0.057686263102193,-7.93453452582696,2.11286240218306e-15,4.51250363371598e-15
E745S_02264,533.430058860601,0.7664644001298,0.0966111427154114,7.93349895868205,2.13056349218789e-15,4.54697237958867e-15
E745S_02618,1433.92166322791,0.549080645044605,0.0692126539644675,7.93324072396492,2.13500023427725e-15,4.5531030637224e-15
E745S_01268,1668.48194455858,-0.546115794213462,0.0688669619153824,-7.93001141656982,2.19125740821417e-15,4.66965616055012e-15
E745S_02464,1426.75896326888,0.587949641789525,0.074218411252882,7.92188396200267,2.33938582554463e-15,4.98167676529658e-15
E745S_02628,7261.03461008843,-0.479800605373326,0.0605950347015162,-7.91815051739413,2.41069433359547e-15,5.12977427273129e-15
E745S_00242,2560.32250075665,0.543530850635172,0.0686590176694396,7.91637965535735,2.44526191649725e-15,5.19953063471403e-15
E745S_02480,1657.83732747883,-0.58968729175706,0.0745574802001107,-7.90916337534949,2.59124369093949e-15,5.5059199885583e-15
E745S_01777,112.476406905723,-1.45881344377505,0.184650617017688,-7.90039842453007,2.78013319684851e-15,5.90296698470169e-15
E745S_02482,285.509357325261,-0.950076839468257,0.120497563581667,-7.88461452022925,3.15507944890238e-15,6.69419553626445e-15
E745S_00528,475.311527156983,0.781606910239353,0.0992332668364419,7.87646053744872,3.3678522491146e-15,7.14043546771493e-15
E745S_01274,384.657635181853,0.822609136295137,0.104473045074167,7.87388876921462,3.43784611715206e-15,7.28352987411183e-15
E745S_02856,500.744382259294,-0.770529255114816,0.09786386723441,-7.87348054894656,3.44908727704979e-15,7.30203131890322e-15
E745S_00912,2122.92221825425,-0.77719681287439,0.0987557690924438,-7.86988770394637,3.54959722489001e-15,7.50935866399334e-15
E745S_02104,6267.17426104878,0.492819212003528,0.0626331935877114,7.86833919482941,3.59380101336545e-15,7.5973527595547e-15
E745S_00911,2343.96705023316,-0.681450620395745,0.0866288950634668,-7.86632012213125,3.65225242004366e-15,7.71531697732011e-15
E745S_00246,647.226623692052,0.781609644261563,0.0995824250537541,7.84887136299055,4.19797927238407e-15,8.86172419282815e-15
E745S_02387,663.676188680083,0.715903055819824,0.091316013158787,7.83984134934756,4.51116025944934e-15,9.51593298207031e-15
E745S_02043,122.117350755282,-1.4095331995452,0.179813843679876,-7.83884694692696,4.54702360978737e-15,9.58463847073935e-15
E745S_02453,605.568199928175,-0.710377761967352,0.0910421246524467,-7.80273708109536,6.05786760211627e-15,1.27600959404924e-14
E745S_03024,698.592531938841,0.669793129808006,0.0858863179969364,7.79860105112316,6.25972169954869e-15,1.31757410465555e-14
E745S_03039,270.366840349704,0.980429607779362,0.125758122417185,7.79615335323567,6.38228189474579e-15,1.34240047656106e-14
E745S_02536,1459.50029822213,0.523466939383418,0.0672490030332885,7.78401040569032,7.02609753714134e-15,1.4767487314526e-14
E745S_02173,47.5571916713848,2.34988392378875,0.30202176361865,7.78051189302982,7.22316754670329e-15,1.51707364563155e-14
E745S_02182,45.8796923820349,2.39575794148861,0.307996684399938,7.77851861021231,7.33787087686138e-15,1.54005350559073e-14
E745S_00201,2015.44845683223,-0.751489395850956,0.096639368047821,-7.77622423481794,7.47212112953348e-15,1.56709975562478e-14
E745S_01794,1603.5887465969,-0.54753640358931,0.0704265433676774,-7.77457443468117,7.57014671582418e-15,1.58651526924148e-14
E745S_01042,88.1025115713624,1.58760054030551,0.204579141054282,7.76032459674989,8.47122895981736e-15,1.77408255410276e-14
E745S_01312,166.382378182882,1.17175600308019,0.151063258365228,7.75672400927046,8.71513043616527e-15,1.8238493673384e-14
E745S_02764,2487.91443036139,0.479599078686539,0.0619443523966692,7.74241815646664,9.7543562811189e-15,2.03986574240927e-14
E745S_01678,361.748008544618,-0.873927767169436,0.112932420444477,-7.7385020504285,1.00594927709439e-14,2.10216679513408e-14
E745S_02027,969.840269889149,0.593473318673787,0.0769103084396616,7.71643399583275,1.1962948222533e-14,2.49814506999955e-14
E745S_02354,5498.06416319134,-0.594680464031643,0.0771175120943254,-7.71135437180943,1.24489457069344e-14,2.59776924393448e-14
E745S_00007,278.839598543657,-0.980923236538311,0.127316265483757,-7.70461835972922,1.31234895246893e-14,2.73656719243342e-14
E745S_02658,3484.70881681,0.459920567548483,0.0597083374599989,7.70278636307037,1.33130834609554e-14,2.77411495739736e-14
E745S_02171,40.8548987860282,2.61337109385807,0.339610315308539,7.69520528692951,1.41267180779661e-14,2.9415505239599e-14
E745S_02384,1810.69369693445,-0.693347094433504,0.0903145192793191,-7.67702801239703,1.62821836832132e-14,3.38795115810104e-14
E745S_01570,4877.70697859642,-0.504611283809933,0.0658890141462194,-7.65850408218449,1.88111262683713e-14,3.91137061194493e-14
E745S_02195,31.9592671391707,5.32365920171228,0.696745713857197,7.64074912243148,2.15961501237843e-14,4.48725146397831e-14
E745S_01756,574.806615061982,0.68707808738128,0.0899791746128545,7.63596788187389,2.24130196658621e-14,4.65365907612871e-14
E745S_00133,4036.66245123682,-0.531645713278866,0.0696828444980339,-7.6295064747804,2.35654096818318e-14,4.88944458901014e-14
E745S_02469,5146.69235773551,0.515557934007694,0.0675792298593793,7.62894065351855,2.36690558290426e-14,4.90745167509565e-14
E745S_01810,531.798259525106,0.746273226993641,0.0978356967015583,7.62782146142529,2.38753898523341e-14,4.94670888684304e-14
E745S_01262,15659.4383508085,-0.440404422806078,0.0577455839318468,-7.62663381022966,2.40962799472151e-14,4.98892396346681e-14
E745S_01523,5595.5458001743,-0.577543380857244,0.0757578364118835,-7.62354639746086,2.46799533823332e-14,5.10613676588287e-14
E745S_01078,946.002111488354,-0.62702007473828,0.0823728254811716,-7.61197726405052,2.69934053676197e-14,5.58080987394468e-14
E745S_02126,2679.75111804135,-0.554943856937186,0.0729348369912358,-7.6087625588835,2.76732607510378e-14,5.71730745537764e-14
E745S_00052,58.6836230508663,1.96498938357919,0.258770505811353,7.59356008297055,3.11233774110769e-14,6.42554266976204e-14
E745S_01588,779.970285211525,-0.638143222190252,0.0840971275043485,-7.58816907458883,3.24457377200201e-14,6.69380173656829e-14
E745S_00199,4647.56243912617,-0.435429122416061,0.057448690693912,-7.57944379857215,3.47039491418459e-14,7.15461727704769e-14
E745S_01795,965.891935958831,-0.617362342339029,0.0814601723224103,-7.57870164938489,3.49030098142826e-14,7.19056345147747e-14
E745S_02579,8849.29015335574,0.46427736679397,0.0614663340277645,7.55336029287601,4.24169472492251e-14,8.73237153058658e-14
E745S_02815,191.456028110447,1.05952780828659,0.140341288557005,7.54965141891385,4.36424728879061e-14,8.97832074746958e-14
E745S_00447,1142.21908314001,1.53314763794643,0.203100568654603,7.54871169540511,4.3958474218498e-14,9.03694339336494e-14
E745S_00262,2736.48546691621,-0.48449989443544,0.064188962087477,-7.54802506037037,4.41907908390327e-14,9.07829161132141e-14
E745S_02263,683.2789079698,0.646841970296606,0.0857547549283168,7.54292832901577,4.59533740241524e-14,9.43372861666486e-14
E745S_02038,209.025471017182,-1.01685327720228,0.13504186192102,-7.52991156029073,5.07747014444202e-14,1.04161491123825e-13
E745S_00690,24143.0378049287,0.4622367254937,0.0614522627562506,7.52188291791882,5.3992926591558e-14,1.10685499512694e-13
E745S_02711,2114.29020071842,-0.618750707825832,0.0823897614562746,-7.51004368612248,5.9107634964136e-14,1.21085380281914e-13
E745S_00113,1598.78217755339,-0.543209806669099,0.0723702617842468,-7.505980955113,6.09702822540691e-14,1.24813285261319e-13
E745S_01249,3396.2599296455,-0.457547203545041,0.0610386273200083,-7.49602708373912,6.57812045530241e-14,1.3456717249041e-13
E745S_02362,124.335784695495,1.31064961359101,0.174852817772283,7.49573058237996,6.59300907191039e-14,1.34777032361876e-13
E745S_02918,176.827491817945,1.08704723049541,0.145274964796056,7.48268796362443,7.28176362418178e-14,1.48752378315741e-13
E745S_00423,88.3391184502887,1.54305313795539,0.206608730457679,7.46847983885882,8.1126542637189e-14,1.65609653307754e-13
E745S_02644,68.6376750941412,1.91158712131677,0.256101479713456,7.46417835404775,8.38210008475372e-14,1.70990142583869e-13
E745S_01368,82.6930586223211,-1.7128627156386,0.229552326837999,-7.46175279176069,8.53789634890227e-14,1.74046332434555e-13
E745S_01584,5187.06130709975,0.465313091691863,0.0624876215862827,7.44648427767987,9.58604546500389e-14,1.95276265560716e-13
E745S_01408,1693.84280830273,0.538879606947303,0.0724546741811023,7.43747195108987,1.02630365615502e-13,2.08920975039668e-13
E745S_02928,118.85399567697,1.30964657569264,0.176181982971407,7.43348754285044,1.05771157443716e-13,2.15164108538545e-13
E745S_00135,9460.04005700344,-0.402724727894347,0.0541830158807233,-7.43267463702818,1.06423453984233e-13,2.16339856528004e-13
E745S_03078,70.8008094834161,-1.80041924643948,0.242685452609937,-7.41873576300948,1.1824354592282e-13,2.40200252743425e-13
E745S_02356,688.729001883654,-0.662535487514562,0.0893203851749756,-7.41751713471318,1.19336253879977e-13,2.42250930993454e-13
E745S_00307,236.99679617706,0.937554663914641,0.126400023978487,7.41736144032859,1.19476573390232e-13,2.42366763163043e-13
E745S_02675,693.018851091219,0.629895829492331,0.0849851754428704,7.41183184255195,1.24566645154113e-13,2.52516367718401e-13
E745S_00389,1335.82934713211,-0.611585816885015,0.0826312004976483,-7.40139091773719,1.34765357560094e-13,2.73000665175667e-13
E745S_00362,50.2586148991585,2.16032193127569,0.292272634183331,7.39146152807658,1.45223584750152e-13,2.93981818642345e-13
E745S_02284,365.217700346457,0.898419280605755,0.121629867011175,7.38650220281182,1.50741653199398e-13,3.04940203240756e-13
E745S_02286,369.571579909732,0.786277302682365,0.10661709412451,7.37477708559689,1.64620260163872e-13,3.32784428706272e-13
E745S_01547,58.3369662565814,-1.93950681271094,0.265013935794025,-7.31850876784975,2.50741641842609e-13,5.06279243404902e-13
E745S_02578,2743.82333751187,0.522188668610505,0.0713520468871515,7.31848196921926,2.50791710405314e-13,5.06279243404902e-13
E745S_00258,1050.83345118417,0.547773595897854,0.0748607526531184,7.31723334971086,2.53135458417648e-13,5.10656493037957e-13
E745S_02334,13729.7073568985,0.42121269739786,0.0576312760427291,7.30875188475027,2.69635117773479e-13,5.4356497772756e-13
E745S_02412,292.667729088317,0.903417239045701,0.123655532939147,7.3059184459646,2.75379169138322e-13,5.54760388485575e-13
E745S_01360,294.551469145534,0.885214552952598,0.121185648299072,7.304615401058,2.78060933220943e-13,5.59775502493889e-13
E745S_00219,296.218842881389,-0.865781342472998,0.118710112379735,-7.29324002072795,3.02588315200835e-13,6.08731572598225e-13
E745S_02606,1037.40420035689,-0.673026398051758,0.0924679678160366,-7.27848155364172,3.37598382355307e-13,6.78693985522305e-13
E745S_02248,1139.91036314601,-0.56638211758099,0.0779389531148144,-7.2669967320017,3.67567694446384e-13,7.38433097676622e-13
E745S_01843,162.133243653635,-1.16003456337751,0.159704428160158,-7.26363430708497,3.76825914151643e-13,7.56510507652022e-13
E745S_02347,88.137806288592,1.64727818424255,0.22719303479257,7.25056639939042,4.15032351443325e-13,8.32638990386988e-13
E745S_01719,108.307530850939,-1.3795370096485,0.190981155516525,-7.22341953538517,5.06963015871798e-13,1.01637006832149e-12
E745S_00629,113.434171749879,1.27694635329311,0.17716468791722,7.20767986163116,5.69132395834921e-13,1.14022326515861e-12
E745S_02042,39.1167715529621,-2.51329344089988,0.351999289969838,-7.14005258679707,9.32952201736213e-13,1.86782933923942e-12
E745S_00453,1776.40458978429,0.599132913334722,0.0839206157206649,7.13928166743883,9.38199095057826e-13,1.87704300049026e-12
E745S_02287,200.960039921151,-0.988323661471227,0.138507243502432,-7.13553772697726,9.64095107447978e-13,1.92752806166282e-12
E745S_00567,5403.5448799263,-0.419088402420983,0.0587535947997518,-7.13298316212565,9.82165759381183e-13,1.96230921452205e-12
E745S_01575,2510.05115392355,-0.491710381168625,0.0690755968670859,-7.11843839894378,1.09156702066927e-12,2.17939067021142e-12
E745S_02732,114.123037861092,1.28440902370326,0.180737630353678,7.10648369788765,1.19036711273059e-12,2.37502307413211e-12
E745S_01757,79.5238251399073,-1.57786512586917,0.22215691273503,-7.10248043350834,1.22537383862884e-12,2.44319400290997e-12
E745S_01397,942.454350723222,0.669804289409407,0.0943185062436266,7.10151502695865,1.23396590989055e-12,2.45864117980246e-12
E745S_00353,72.1481589010713,-1.63604259878632,0.230401646911785,-7.10082857789951,1.24011120637322e-12,2.46919543211521e-12
E745S_00562,1015.91194918994,-0.534279016234584,0.0753040094827927,-7.09496107716109,1.29387895826756e-12,2.57449189850777e-12
E745S_02475,124.552727724909,-1.24029352894912,0.17529246045514,-7.07556688820927,1.48839047070531e-12,2.95949771873167e-12
E745S_00206,63.4202669423543,-1.83361027233657,0.259494944884529,-7.06607318748538,1.59379380305381e-12,3.16691724279156e-12
E745S_01715,473.035499654017,0.686864683860208,0.097392224817269,7.05256179483454,1.75653361837474e-12,3.4879054318478e-12
E745S_01607,666.546099265981,-0.609986873274012,0.086525341258989,-7.04980603830489,1.79167361103424e-12,3.55525690642172e-12
E745S_01514,992.766030897093,-0.575287325031339,0.0817003018928106,-7.04143450762405,1.90270645224537e-12,3.77300986545386e-12
E745S_01254,1249.9336681201,0.525789958266671,0.0747720423303295,7.03190580168755,2.03731336623269e-12,4.03718121790562e-12
E745S_02800,2003.27025208988,-0.455400735040071,0.0648581480120592,-7.02148841739047,2.19517017249744e-12,4.34703426676193e-12
E745S_00731,64.1349981237461,-1.74012551397163,0.248289815984605,-7.00844497818437,2.40981353365927e-12,4.76884241773089e-12
E745S_01768,302.348975499814,-0.882567998195293,0.125941546099124,-7.00775896065827,2.42165529045567e-12,4.78902075442695e-12
E745S_00735,341.128110031194,-0.791100387145075,0.112971630902669,-7.00264642392077,2.51172153456287e-12,4.96171117133382e-12
E745S_00950,23.7039976087248,4.17291355870656,0.59590838341297,7.00260925145383,2.51238827432018e-12,4.96171117133382e-12
E745S_02014,1173.53875475225,0.529188999585744,0.0755819003024326,7.00153075628229,2.53180833585081e-12,4.99667394282149e-12
E745S_01522,4402.66871876536,0.406671110691714,0.0581573077011476,6.99260551711697,2.69827429032624e-12,5.32159651703231e-12
E745S_02146,27.917744797008,5.44979044623344,0.779682773584792,6.98975356500006,2.75369503709796e-12,5.42722156600687e-12
E745S_02863,344.402598719361,-0.81865163967629,0.117237254098103,-6.98286262309804,2.89225202990507e-12,5.69644496553021e-12
E745S_01225,5440.67201884986,-0.420467984450781,0.0603695576767674,-6.96490086447317,3.28635085504947e-12,6.46826730158824e-12
E745S_01512,1635.76092480822,0.460578200608097,0.0661451692986938,6.96314191181899,3.32766303985765e-12,6.54515345204434e-12
E745S_02572,338.822782543237,-0.776996918920473,0.111696325471774,-6.95633375259799,3.49241940532569e-12,6.86457318629514e-12
E745S_00015,767.535214317006,0.564452356264134,0.0811777586187981,6.95328826353461,3.56868420500177e-12,7.00693310907033e-12
E745S_00202,4013.68205050152,-0.509756764960444,0.0733120177775579,-6.953249691028,3.56966052928592e-12,7.00693310907033e-12
E745S_02261,1412.14731840823,-0.473930148656292,0.0681799073727199,-6.95117032156487,3.62268168561407e-12,7.10621724179418e-12
E745S_02627,5176.31615967608,-0.467922866295903,0.0673513135670292,-6.94749428799511,3.71831115092151e-12,7.28889142109933e-12
E745S_01898,2227.03864381917,0.508359413141294,0.0732105694559838,6.94379810072278,3.81695914988358e-12,7.4772328972484e-12
E745S_02525,865.781276083098,0.550437532640212,0.0793072475202255,6.94057037472944,3.9051997447958e-12,7.64494718029628e-12
E745S_02005,1222.58189073942,-0.546369051626754,0.0787775126422346,-6.93559663540115,4.04510268877442e-12,7.91350398321394e-12
E745S_01696,2125.18350118709,0.444834214058311,0.0641636216535157,6.93281025283175,4.1256142246333e-12,8.06558966279889e-12
E745S_00169,5023.95157641065,0.398717326493092,0.0576544882672624,6.9156337776307,4.65776254513994e-12,9.09983004624319e-12
E745S_01340,915.781242797888,0.534475527740333,0.0774114332064106,6.90434869375435,5.04342796900254e-12,9.8466927013859e-12
E745S_02571,10601.8471180216,-0.4770732126616,0.0691241957083622,-6.90168193311633,5.13903992450611e-12,1.00266388875585e-11
E745S_00230,1026.21796826512,-0.543463150493839,0.0787689412138234,-6.89945989014341,5.22006242754897e-12,1.01778980084361e-11
E745S_02614,929.399618982509,0.695877131147641,0.101037002870428,6.88734930152323,5.68415346247263e-12,1.10753485470267e-11
E745S_02601,455.171068329655,-0.73292727602142,0.106567459389076,-6.87758984049261,6.08736335569736e-12,1.18530533300569e-11
E745S_02000,2228.23072078877,-0.458237434307903,0.0666336540288516,-6.87696691688995,6.11403017758919e-12,1.18970199511779e-11
E745S_02672,5474.82086279992,0.41294611292032,0.0600578455969862,6.87580629667212,6.16402105369562e-12,1.19862827570527e-11
E745S_01585,7976.82430277911,0.380356290466888,0.0553254883875622,6.87488355823348,6.20405140714983e-12,1.20560705248419e-11
E745S_00478,2025.24939471462,0.533455463905858,0.0777064189707795,6.86501155208886,6.64858726769422e-12,1.29112992236543e-11
E745S_02608,34.7076343249437,2.52471680381642,0.36806718914672,6.85939110647,6.91546692567342e-12,1.34206161470902e-11
E745S_02349,2158.74635880395,-0.450560431920057,0.0656927810709788,-6.85859883802517,6.95392120377529e-12,1.34862522479613e-11
E745S_02920,105.818567061018,1.27195160061054,0.186225552535605,6.83016687716553,8.48159116814100e-12,1.64380238951122e-11
E745S_00107,1309.50315782964,-0.6028423602368,0.088295123556008,-6.82758385693182,8.63566507585588e-12,1.6725496364482e-11
E745S_02029,968.157362697588,-0.71763616924888,0.105145968866273,-6.82514200959604,8.78383807457617e-12,1.70011653158851e-11
E745S_00291,257.241144234973,-0.841162841876128,0.123315759821174,-6.82121119876275,9.02761055417115e-12,1.74613782878354e-11
E745S_01000,4428.00224283221,-0.416883214190121,0.0611798091560816,-6.81406529279244,9.48786086883758e-12,1.83394176555021e-11
E745S_02184,35.6572498560345,2.3704371263206,0.347884216978124,6.81386797857994,9.50089017769429e-12,1.8352416262288e-11
E745S_01055,727.429608261695,-0.569426294881372,0.083961033116737,-6.78203058899547,1.1849837529478e-11,2.28745869020625e-11
E745S_01628,202.962438487133,0.953748284029991,0.140809857806508,6.77330620801117,1.25872145567844e-11,2.4281896338502e-11
E745S_01059,458.297857152613,-0.669057892107955,0.0988744923662462,-6.76673908604924,1.31717296971654e-11,2.5392652416191e-11
E745S_02012,806.057683485059,0.650038596331216,0.096188509070019,6.75796519372216,1.39943136348557e-11,2.69605870225447e-11
E745S_02438,2363.19701557043,-0.425025536779492,0.0629240619221538,-6.75457883353604,1.43250762648344e-11,2.75795615125218e-11
E745S_00305,13685.1532903504,-0.616456291411626,0.0913148698629107,-6.7508861627586,1.46944862104448e-11,2.827207492307e-11
E745S_02221,4741.42382464137,-0.430013962102353,0.0637224463414083,-6.74823373538502,1.49655727983154e-11,2.87746251095748e-11
E745S_02154,868.661374776311,-0.562905097846546,0.0834204029751456,-6.74781082050465,1.50092463814652e-11,2.88395486577195e-11
E745S_02556,11794.7928993916,-0.345844232142841,0.0513201654910014,-6.73895395375298,1.59530944153249e-11,3.0632887759242e-11
E745S_02329,8109.19949799699,-0.379481398889379,0.0563825689121658,-6.73047372993139,1.69111580953055e-11,3.24511412099106e-11
E745S_01461,3972.00813635539,-0.40735423132866,0.0607130100919071,-6.70950477849819,1.95286024326128e-11,3.74491183671513e-11
E745S_01736,279.143613231113,0.797090620538313,0.118923113938701,6.70257104896508,2.04783948323862e-11,3.9244639471413e-11
E745S_01334,77.6967679064028,-1.49333625174378,0.222990595158198,-6.69685755439304,2.12949009774913e-11,4.07825373325507e-11
E745S_02503,2008.1432412935,0.564955898164861,0.0844006468760811,6.69373895906677,2.17539333953295e-11,4.16342538552296e-11
E745S_01127,207.052398215119,-0.901129829810006,0.134692963145044,-6.69025173081706,2.22787024775105e-11,4.25826020433573e-11
E745S_02791,103.59050215006,-1.32859857100321,0.198584969652063,-6.6903279403825,2.22671028563589e-11,4.25826020433573e-11
E745S_02890,1140.67719303256,0.497926582176891,0.0744705078581323,6.68622514466331,2.29000630314652e-11,4.37415245961912e-11
E745S_02059,114.51992764268,1.19016035402681,0.178980241057683,6.64967455062954,2.93741802857059e-11,5.60709762699605e-11
E745S_02127,6443.6424013441,-0.413213570900473,0.0621533204002903,-6.64829438297463,2.96508822411298e-11,5.65620695962837e-11
E745S_01326,91.0071275449395,-1.35630096910451,0.204129992057417,-6.64430030802633,3.04660845039635e-11,5.80790910222906e-11
E745S_01079,987.519089214675,-0.539366044578555,0.0811833914189255,-6.64379788958679,3.05701701460424e-11,5.82393751931476e-11
E745S_01012,397.59428956854,-0.697454957521178,0.104983867929272,-6.64344885817176,3.06426835095298e-11,5.83393405469204e-11
E745S_02449,495.620399894121,0.632164833590883,0.0951605334563735,6.64314091808554,3.07067996676047e-11,5.84231985832662e-11
E745S_01030,1337.23092718284,0.520141205077401,0.0783332553127179,6.64010710394864,3.13455298807078e-11,5.95995019482303e-11
E745S_00200,4074.22543300989,-0.496886617901473,0.0748599191015964,-6.63755216228756,3.18935113220901e-11,6.06018351557469e-11
E745S_02183,50.7888429440475,1.9643844573413,0.296020682018858,6.63597031107495,3.22374729862344e-11,6.12154493561176e-11
E745S_00134,10935.3431186477,-0.482464381589003,0.0728414375074036,-6.62348792251615,3.50820602350977e-11,6.65735836664728e-11
E745S_00017,1225.47611428565,0.538866591459676,0.0814045689031865,6.61961114370059,3.60144977029345e-11,6.82985034613957e-11
E745S_02330,4905.81717966558,-0.457267505675113,0.0691737650744669,-6.61041805636653,3.83236206892909e-11,7.26302472828945e-11
E745S_00404,39.9260046121237,-2.16636376506552,0.327878525999303,-6.60721454222388,3.91618317655689e-11,7.41705219710938e-11
E745S_01553,98.1144533137546,-1.27348480454809,0.193399556592896,-6.58473487211119,4.55697823146684e-11,8.62507388283483e-11
E745S_01053,1497.55813362628,0.487733090051562,0.0741897592721568,6.57412956769907,4.89386031418129e-11,9.25667795619347e-11
E745S_01520,50.3966487297108,-1.84406419186144,0.280683089711271,-6.56991553626678,5.03438110438918e-11,9.51628791875123e-11
E745S_02376,2407.9065325164,-0.461306462323677,0.0702259328613654,-6.56889048714173,5.0691547256345e-11,9.57580104238938e-11
E745S_02537,1271.15257130487,0.50988866961824,0.0778073355186815,6.55322105839,5.63090644218882e-11,1.06300704625238e-10
E745S_02782,31.4286038622821,2.40487446675307,0.367198696354639,6.54924565535617,5.78284392824074e-11,1.09098241575559e-10
E745S_00290,354.7494043104,0.761615740184704,0.116386376613117,6.54385644048709,5.99523509948175e-11,1.1303192600124e-10
E745S_02500,7014.25720554075,-0.538586827809013,0.0823975578999529,-6.53644163171638,6.29997079897617e-11,1.18700420684917e-10
E745S_00563,2601.2831591411,0.412201884543374,0.0630926114246722,6.53328298251708,6.43434034204759e-11,1.2115371756598e-10
E745S_02068,1099.48124223923,-0.526691099119886,0.0808476779564261,-6.51461009682619,7.28787119312137e-11,1.37136348048974e-10
E745S_01383,2242.75674707468,0.431461879937642,0.0663041439457265,6.50731393637805,7.65064210327729e-11,1.43869632833593e-10
E745S_02088,2544.54705737102,0.446192738756399,0.0686017043572612,6.50410573522684,7.81569112804919e-11,1.46878482077154e-10
E745S_01760,238.763244600638,-0.840479445916565,0.129317614437766,-6.49934233298935,8.06718991101458e-11,1.51507031167506e-10
E745S_01341,608.887186705535,0.58420438589826,0.089972176512545,6.49316720505036,8.40503136718578e-11,1.57750137394441e-10
E745S_02826,187.727859950007,-0.912913648275578,0.141044489654121,-6.47252260981117,9.63800932957655e-11,1.80774775505138e-10
E745S_02069,3790.14598209792,-0.405652299720707,0.0627401910714293,-6.4655891669006,1.00904881465507e-10,1.89139800351637e-10
E745S_02062,22.3387914319872,-4.08328336369402,0.631570659883286,-6.46528349567191,1.0110907153525e-10,1.89400583808953e-10
E745S_01471,7998.60076711811,-0.370046362858529,0.0573527354981819,-6.45211356780462,1.10300867885802e-10,2.06486062003583e-10
E745S_01617,762.06746317991,0.555055972976496,0.0861161638289536,6.44543310218699,1.15270763716397e-10,2.15651152428298e-10
E745S_00399,344.100910263409,0.74325819764884,0.115506096725865,6.43479624640802,1.23639071673789e-10,2.31158213000899e-10
E745S_01997,144.687613453787,-1.08779968319487,0.169268631767019,-6.42646940451502,1.3060169315793e-10,2.44018953005607e-10
E745S_00876,5589.34592610276,0.392823700912198,0.0612578733316589,6.41262387261461,1.43036116373524e-10,2.6708026604447e-10
E745S_00448,1293.508472613,1.24687659049725,0.194571062373236,6.4083352133085,1.47117170801748e-10,2.74524412951211e-10
E745S_01935,39.9039103507021,-2.08561938765353,0.326513508878214,-6.38754394823965,1.68571171509479e-10,3.14356617722032e-10
E745S_03043,369.65733512485,-0.691184610205775,0.108221603834469,-6.38675260498801,1.69445429738915e-10,3.15784664513432e-10
E745S_01853,2052.26130828761,0.435718899401232,0.0682257077028015,6.38643282821294,1.69799967395353e-10,3.16242933517513e-10
E745S_03019,165.580020269721,0.97177262294932,0.15235611130375,6.37829762543568,1.79067264612897e-10,3.33289518726435e-10
E745S_02921,77.1069023105326,1.37733783618793,0.216674749902464,6.35670670813253,2.06125009108561e-10,3.83405687869022e-10
E745S_02679,905.411180553453,-0.641584915100842,0.100943453093664,-6.35588436335265,2.07230880478264e-10,3.85216534528881e-10
E745S_00417,92.7569803860194,1.33261266946898,0.209878636819577,6.3494440866536,2.16094388509102e-10,4.01436352871726e-10
E745S_01024,345.149889435221,-0.704874140416901,0.111082530494365,-6.34549948835255,2.21704934474876e-10,4.11596342000232e-10
E745S_00452,760.35424277067,0.620118962691067,0.0977915154038312,6.3412348211425,2.27930815353851e-10,4.22885024534774e-10
E745S_02624,12022.819927699,-0.491947699963305,0.0775875439012598,-6.34054998041144,2.2894638334605e-10,4.2449867638239e-10
E745S_03053,903.439602273477,0.528672960851246,0.083385556510626,6.34010232676058,2.29612607897037e-10,4.25462954543777e-10
E745S_02793,30.7643131294095,-2.78510343165736,0.439307744512021,-6.33975491315554,2.30130954037452e-10,4.26152167431948e-10
E745S_01560,1706.48965619321,-0.443980609510452,0.0701753078755612,-6.32673547079756,2.5040207308372e-10,4.63395063411766e-10
E745S_00198,1456.74666830457,-0.434553563966659,0.0688253619871428,-6.31385802297469,2.72163644459914e-10,5.03347121361378e-10
E745S_02169,24.4741080831213,2.7772962518664,0.439881348821128,6.31373951023269,2.72372254684493e-10,5.03413100562894e-10
E745S_02487,479.997721270281,0.620881173798403,0.0983851081335408,6.31072309191005,2.77734738967185e-10,5.1299862000855e-10
E745S_02269,1836.11200589642,0.458654084388145,0.0728774602796497,6.29349709262878,3.10392324021142e-10,5.72956281056147e-10
E745S_01622,569.012947270732,0.655414336353884,0.104213997654267,6.28911999449672,3.19270620186713e-10,5.88971340534551e-10
E745S_01421,4973.72373932506,-0.366680773608165,0.0586852231159289,-6.24826411384363,4.1503943436999e-10,7.65155030684636e-10
E745S_02499,2291.75165518127,-0.585595341084651,0.0938240355138434,-6.24142137862156,4.33612374525592e-10,7.98889634331645e-10
E745S_00695,844.740507242121,0.540092886384963,0.0867283355542128,6.22740979558356,4.74209599741819e-10,8.73133551453787e-10
E745S_01071,6730.50429102411,-0.395589996981525,0.063556498701141,-6.22422576866122,4.83939791757896e-10,8.90485925289023e-10
E745S_02096,430.479292614777,0.650996901948349,0.104604370712468,6.2234197052605,4.86433816821399e-10,8.94509690945731e-10
E745S_00977,19.850876323082,4.9448179407636,0.795034520859252,6.21962670931492,4.98339046498657e-10,9.15823841134843e-10
E745S_02848,236.056085025856,0.90405594409328,0.145400636467555,6.21768904220038,5.0453014305697e-10,9.26616559267406e-10
E745S_01086,648.289526118047,-0.545946640192149,0.0878711498695735,-6.21303625823143,5.19704511748103e-10,9.53883880011809e-10
E745S_00847,3213.23819429535,0.386388781857116,0.0622081662251461,6.21122282336187,5.2573860553758e-10,9.64351027548768e-10
E745S_02472,12210.7357369527,0.415391299483436,0.0669427579317955,6.20517158714399,5.46372561717853e-10,1.00156834204072e-09
E745S_00010,1614.20369868539,0.412064109921065,0.0664138037139224,6.20449495252571,5.48728345262703e-10,1.00525375271223e-09
E745S_00373,223.589539356782,-0.838201672798946,0.13513056255132,-6.20290226706202,5.54312660335792e-10,1.01484538002358e-09
E745S_01133,205.766533463375,-0.869390732415872,0.140363584689781,-6.19384817178419,5.87127859168915e-10,1.07424839600296e-09
E745S_00101,146.564973383849,0.994566202931449,0.160663056156549,6.19038518701118,6.00173702000584e-10,1.09742816992695e-09
E745S_03029,635.143795276068,0.543647295994142,0.0879976906696695,6.17797230651103,6.4930100133302e-10,1.18651300369141e-09
E745S_02113,2073.29661667111,0.410511775115543,0.0664709084958789,6.17581110902064,6.58246483258912e-10,1.20210508956505e-09
E745S_00992,26517.3751479089,0.325843074624085,0.0527685215224621,6.17495175576186,6.61836771581181e-10,1.2079039762212e-09
E745S_02958,213.34593873023,-0.831068795368937,0.13488328156531,-6.1613921734736,7.21081633626699e-10,1.31520591195947e-09
E745S_00459,1771.4134873861,0.414109922020629,0.0673040414401719,6.15282400817996,7.61152557822756e-10,1.38742335367692e-09
E745S_02515,1406.2464751542,0.488869249664778,0.0794801880722742,6.15083156597756,7.70777415964522e-10,1.40408827150984e-09
E745S_00641,57.4059386635418,-1.69716337908782,0.276059298746762,-6.14782181506836,7.85542073594896e-10,1.43008941603173e-09
E745S_02885,659.458776945014,-0.5736368157486,0.0933512039513711,-6.14493216442523,7.99976958504751e-10,1.45545807887958e-09
E745S_00513,696.821658885555,-0.547937189974681,0.0893212424298237,-6.13445553452947,8.54513396721268e-10,1.55370924288295e-09
E745S_01425,8766.03864939623,-0.324757094763672,0.0529482352634004,-6.13348288471014,8.59756720657829e-10,1.56226704983454e-09
E745S_01323,85.8264890093999,-1.29002161920068,0.210461344010333,-6.12949435093099,8.81588050689772e-10,1.60093750190763e-09
E745S_02007,612.426946011022,0.542001622555976,0.0889635938859191,6.09239801228131,1.11231709251583e-09,2.01867522214064e-09
E745S_00618,94.1896877410848,1.20706251503431,0.198302123128016,6.0869873503829,1.15055056808598e-09,2.08676180915782e-09
E745S_02814,92.4754495925191,1.25902205813349,0.206896327978957,6.08527986181341,1.16288002592179e-09,2.10781055757056e-09
E745S_01846,512.84976778975,-0.579240987230631,0.0954843181347893,-6.06634679438096,1.30852428118609e-09,2.37032618701475e-09
E745S_00968,22.4061004471136,3.10097984573907,0.511573287303555,6.06165318381651,1.34729485357872e-09,2.43903937734307e-09
E745S_02191,20.6278683075059,5.42904785700549,0.896776973806569,6.05395546003004,1.41331702976777e-09,2.55697071078556e-09
E745S_01982,1842.70921936724,0.401277543400988,0.0662907675577877,6.05329457154319,1.41913014760642e-09,2.56589308054801e-09
E745S_02306,1711.68672551405,-0.453864743603402,0.0749870494165087,-6.05257503975722,1.42548558542978e-09,2.57578431979272e-09
E745S_02114,2547.27777164417,0.400594080413283,0.0665112664585659,6.02295072313558,1.71265598662907e-09,3.09276772771539e-09
E745S_00991,897.340764300092,-0.500905817286493,0.08318056744218,-6.02190911518703,1.72371682324514e-09,3.11081194821241e-09
E745S_00358,894.553417336353,-0.471946622808885,0.0784199773136639,-6.01819381968442,1.7637393768618e-09,3.18106897524454e-09
E745S_02290,1887.19189700318,0.443374718025825,0.0739161997740889,5.99834298003574,1.99341142756708e-09,3.59307781154661e-09
E745S_01953,184.764123510828,-0.921912815643646,0.153825240484953,-5.99324800492562,2.05690795851302e-09,3.70523457130657e-09
E745S_00816,8033.78667504475,0.318822508272043,0.0532214659392983,5.99048715861521,2.09213395255988e-09,3.76635864928992e-09
E745S_00267,53.5687956693746,-1.60004596099111,0.267331440410914,-5.98525171050473,2.16055473036486e-09,3.88712906062553e-09
E745S_00236,1388.08028713807,0.502175418573719,0.0839707767178572,5.98035933692782,2.22645916922007e-09,4.00322584410106e-09
E745S_00506,4632.15836397854,-0.35239614130683,0.059024995887465,-5.97028658805324,2.36837194104193e-09,4.25575970393399e-09
E745S_01650,483.603150679315,-0.59301021272987,0.0993412424554319,-5.96942617257798,2.38089464178083e-09,4.27562264171745e-09
E745S_01558,1441.00727371297,-0.417354851404979,0.06993034010094,-5.96815131747613,2.39956785062254e-09,4.30649939159199e-09
E745S_01914,113.563139086012,-1.11950275245624,0.187922315079234,-5.95726352128123,2.56496471308666e-09,4.60050048046535e-09
E745S_00699,1078.6459663923,0.595170729483813,0.10016558080761,5.94186870065643,2.81791091032079e-09,5.05107060341369e-09
E745S_00681,2093.46084758141,0.405456895331699,0.0683386596453485,5.93305308350889,2.97352657827056e-09,5.32672976575113e-09
E745S_00727,13732.3234712325,-0.31012368606539,0.0522807000973278,-5.93189619664718,2.99455934140322e-09,5.36110839042114e-09
E745S_00713,923.881911505227,0.5384678657206,0.0909468727066396,5.92068588721566,3.20601688249277e-09,5.73614944372247e-09
E745S_02603,689.300249625641,-0.511773270475944,0.086645058835762,-5.90654882520219,3.49348791411469e-09,6.24664822972228e-09
E745S_01705,339.581740050607,-0.661349889073108,0.112031904200001,-5.90322813662488,3.56456807190776e-09,6.36983281603652e-09
E745S_02041,393.03320084244,-0.695909823568156,0.118098173800179,-5.89263831247409,3.800777245562e-09,6.78776844284109e-09
E745S_03071,88.4381710917729,-1.19362715150405,0.202626704180759,-5.89076921687104,3.84402076771563e-09,6.86078752594739e-09
E745S_00402,20.3742639720727,-3.23565612803888,0.549306277116378,-5.89044083935228,3.85166743173216e-09,6.8702229741252e-09
E745S_01747,333.46748783652,0.714886196931953,0.121407240020694,5.88833249821097,3.90111656375398e-09,6.95416430930057e-09
E745S_01867,283.532519886762,0.696505095612019,0.118333595769434,5.88594550079523,3.95784728812454e-09,7.05097518710559e-09
E745S_01593,22804.0183679476,0.314757962758046,0.0534949198446712,5.88388511791368,4.00746054950151e-09,7.13499551045805e-09
E745S_02616,5290.30220145997,0.32759861894096,0.0558854368138336,5.86196758257899,4.57414339413062e-09,8.1389556358889e-09
E745S_00817,1002.78838959077,0.45656759290524,0.0780125479869071,5.85248917881604,4.84269764127268e-09,8.61154113240365e-09
E745S_00263,755.872137007263,0.504806317104322,0.0863813513591434,5.8439270648304,5.09843574818756e-09,9.0607731764188e-09
E745S_00557,234.684794919394,-0.738239360793756,0.126349063235615,-5.84285583041555,5.13134243574353e-09,9.11368995146395e-09
E745S_02512,11005.8858490151,-0.391913034432947,0.0671970635244276,-5.83229405985097,5.46704600352837e-09,9.70400665626286e-09
E745S_02526,585.981521658993,0.555581925063735,0.0954738539574403,5.81920496591033,5.91281919160882e-09,1.04888584197278e-08
E745S_02972,964.583935338765,0.530464369600954,0.0912683517273843,5.81213925266706,6.16794982021907e-09,1.0934775838403e-08
E745S_01462,1356.42564601197,-0.452925550339398,0.0781187448141155,-5.79791126210668,6.71459632059614e-09,1.18966463111719e-08
E745S_00334,148.753333854863,0.924418932832765,0.15948053768958,5.79643727206448,6.77385046544154e-09,1.19943301124698e-08
E745S_00170,2511.92207669501,0.374659910691903,0.0646629398276354,5.79404387877493,6.87114937124892e-09,1.21592193432861e-08
E745S_01359,486.062399070131,0.551641811050355,0.0954607865483918,5.7787268573438,7.52680054323894e-09,1.33113708270769e-08
E745S_03054,1827.04668010046,0.380671085191344,0.0659490197850597,5.77220232282486,7.82420882214868e-09,1.3828944675941e-08
E745S_02945,57.4531663202173,1.44827109556493,0.251635330034107,5.75543623134568,8.6418339899434e-09,1.52647929276245e-08
E745S_02318,16.7898197957164,3.83970945598047,0.668820063581534,5.74102014137975,9.41078958898488e-09,1.66129827128775e-08
E745S_01413,728.778610718864,-0.558068623105556,0.0973142742256372,-5.73470467252927,9.76824013951993e-09,1.72335436643288e-08
E745S_01223,16498.7984474431,-0.293831754613812,0.0512678939044621,-5.73130144884375,9.96629636175916e-09,1.75723129673416e-08
E745S_01036,426.851873439599,-0.609408750746362,0.106415913477026,-5.72666935643912,1.02421511920454e-08,1.80477615738766e-08
E745S_01847,129.978317673055,-0.974006143627155,0.170447783074869,-5.71439608105271,1.10094301710058e-08,1.93880527693876e-08
E745S_01108,147.997156605787,-0.923332018705832,0.161792569345734,-5.70688766758359,1.15060662974102e-08,2.0250398423072e-08
E745S_02308,867.920190741412,-0.524702544707719,0.091992217455351,-5.70377102783056,1.17185470036359e-08,2.06118974789027e-08
E745S_00685,2704.7979838017,0.427648174823572,0.0749820463635869,5.70334094044209,1.17481664889765e-08,2.06515173003688e-08
E745S_01204,4983.45703430998,-0.372795736229947,0.0653770565188931,-5.70224106253873,1.1824244756525e-08,2.07727075958023e-08
E745S_00429,656.758763402874,-0.530655094800335,0.093599779143617,-5.66940541586228,1.43293929779832e-08,2.51585421947582e-08
E745S_02120,3713.05724723508,0.384138018104634,0.0679105663415446,5.65652797199006,1.54465814352539e-08,2.71036760446198e-08
E745S_01232,1573.12447534081,-0.402208773257009,0.0713541798862509,-5.63679344220884,1.73245706330832e-08,3.03806175378947e-08
E745S_01818,934.364859299479,-0.534709268719081,0.0948925326625891,-5.63489300702254,1.75167055068193e-08,3.06990546239319e-08
E745S_01648,433.123367906021,0.575241276897553,0.102670034134539,5.6028156778808,2.10897461453637e-08,3.69387791992502e-08
E745S_01011,4140.44893779176,-0.405235555175536,0.0723783873216614,-5.59884753130244,2.15781468605598e-08,3.7771488581533e-08
E745S_02252,80.4966406657604,1.16732926275178,0.20855592459153,5.5972001996015,2.17841103965794e-08,3.8109101781516e-08
E745S_00745,70.4232863495535,-1.39477453743512,0.249688644904473,-5.58605513666325,2.32285515008981e-08,4.06115996511198e-08
E745S_02549,2226.47767255074,0.455987712968986,0.0817019751497928,5.58111002987353,2.38988388901873e-08,4.17584153717499e-08
E745S_02436,74.1429626011078,-1.2697483184937,0.227669964513521,-5.57714462338878,2.44498592325314e-08,4.26955850185357e-08
E745S_00100,374.109648648748,0.588397269800482,0.105516840083585,5.57633520236563,2.45638394844856e-08,4.28550397460696e-08
E745S_01972,1412.65372189312,-0.411033121353623,0.0737108952058643,-5.57628719886883,2.45706153679801e-08,4.28550397460696e-08
E745S_00696,340.420554836388,-0.60593388476997,0.108668078315907,-5.57600625832797,2.46103076270664e-08,4.2898566169096e-08
E745S_02071,1702.27689171107,0.412056252634868,0.0743183104324078,5.54447820782513,2.94832049249775e-08,5.13618249770254e-08
E745S_00310,223.418233456527,0.792746032778588,0.143188219315174,5.53639144735547,3.08767059398873e-08,5.37572314539544e-08
E745S_02319,23.3811926101557,2.47405781040429,0.447089306514225,5.53369936242386,3.13546222231614e-08,5.45566678371924e-08
E745S_00781,44.3626482956294,1.59444799563074,0.288424748698509,5.52812476330669,3.23671842756275e-08,5.62848706250608e-08
E745S_01576,4586.41283556157,-0.363413177765184,0.0658406970435361,-5.51958278213372,3.39805486087709e-08,5.905515044784e-08
E745S_00542,217.816304095376,0.718133926543699,0.130142069370919,5.51807674501426,3.42729764867767e-08,5.95278249122954e-08
E745S_00271,247.023227381721,0.708612534387539,0.128499393102151,5.51452047578331,3.49732190818785e-08,6.07078358660395e-08
E745S_02530,69.8390526613108,-1.26872039835685,0.230211347595309,-5.51111147043522,3.56574799981085e-08,6.18587153006519e-08
E745S_03130,36.3952098115031,1.76787860582549,0.320802476822023,5.51080098675885,3.57204419983997e-08,6.19310343402867e-08
E745S_01718,434.337881094729,0.575437673796065,0.10453473593291,5.50475082431336,3.69690775001072e-08,6.40577289302453e-08
E745S_02509,4078.99897695131,-0.371707184750037,0.0677929013550042,-5.48298092160941,4.18218135739305e-08,7.24231405792455e-08
E745S_02008,2778.52601529128,0.331485257641337,0.0605258506744847,5.47675503850585,4.33196247783504e-08,7.4972311373233e-08
E745S_02871,250.519101234909,0.734933683470623,0.134772366458824,5.45314816962245,4.94858019935984e-08,8.55930894850653e-08
E745S_02223,350.925169298678,0.601728848449081,0.11053369107023,5.4438501295208,5.21410941311062e-08,9.0132259510481e-08
E745S_01744,372.686953683339,0.566928590211385,0.10471461198098,5.41403515217493,6.16200609261923e-08,1.06454597837475e-07
E745S_01788,322.799879083047,0.608319134145711,0.112419743917803,5.41114143250931,6.26242856479739e-08,1.08125323559461e-07
E745S_01099,1469.41701913703,0.40523913864732,0.0750199998341493,5.40174806109309,6.59945960927966e-08,1.13876863797351e-07
E745S_00711,6785.90849041302,-0.402398609861258,0.0748631619900991,-5.37512174431634,7.65309539471458e-08,1.31979624964539e-07
E745S_03092,585.565138998704,0.518011389713109,0.0963924560192471,5.37398268604833,7.70162562857506e-08,1.32737905297703e-07
E745S_00683,814.26567080531,-0.474674399156395,0.088356043867004,-5.37229122515815,7.77424160288975e-08,1.33910161574036e-07
E745S_02152,179.943848936824,0.77174164032325,0.14375968172918,5.36827593829184,7.94928676550905e-08,1.36844315638065e-07
E745S_02902,40.6988821815489,1.62677848846074,0.303504986435019,5.35997285438022,8.32344578887146e-08,1.4320065420452e-07
E745S_01529,55.3574457335964,1.48617821254812,0.277340368503246,5.35867973554931,8.38323104955368e-08,1.44144037715598e-07
E745S_00750,120.640344214568,-0.944891318556247,0.176492054306305,-5.3537329046914,8.61580115132645e-08,1.47929747878793e-07
E745S_02775,55.4602912498784,1.34138122286444,0.250553439744175,5.3536731494648,8.618648313378e-08,1.47929747878793e-07
E745S_02978,335.473854989561,-0.616299054016345,0.11511396414337,-5.35381661645122,8.61181406191372e-08,1.47929747878793e-07
E745S_02547,201.704778331321,0.722394133911593,0.13506618510141,5.34844552964317,8.87128663384375e-08,1.5217628397831e-07
E745S_02486,337.292347965696,0.60636407744456,0.113421424481894,5.34611587021071,8.98616941105325e-08,1.54056178772532e-07
E745S_00450,4425.89706464983,0.347887593320655,0.0650801463882836,5.34552567299212,9.0155017727528e-08,1.54468073340102e-07
E745S_01787,2811.04323303093,0.333408115964675,0.0624005779349909,5.34302929553025,9.14059838031864e-08,1.56519305206515e-07
E745S_01331,151.783374170998,-0.820091084877154,0.153981248255987,-5.3259152927101,1.00445936381831e-07,1.71897778252504e-07
E745S_02806,18.6342869537175,2.81982790432806,0.530191759602176,5.31850571658052,1.0462293360947e-07,1.78940869410791e-07
E745S_01537,1858.15149445733,-0.396167051285323,0.0746067815021371,-5.31006757440642,1.09584596331268e-07,1.87316946518099e-07
E745S_00937,14.3416576738117,4.89640573704556,0.923237540398071,5.3035167254295,1.13592791138254e-07,1.9405435152785e-07
E745S_02232,189.967285365805,0.762491814384145,0.143925868709042,5.29780935993922,1.1720023398402e-07,2.00099637024916e-07
E745S_02256,34.5755642685714,-1.78238121674994,0.33653605237471,-5.29625638671657,1.1820084876844e-07,2.01689724950135e-07
E745S_02843,188.574754862641,0.74640556158406,0.141075419385244,5.29082645890141,1.21764864215686e-07,2.07649396445145e-07
E745S_00848,2755.55591858227,0.339866606994298,0.0644325672405512,5.27476432415688,1.3292680095232e-07,2.26551473988409e-07
E745S_00102,237.572764294506,0.665447136665705,0.126262534694429,5.27034514455275,1.3616746534473e-07,2.3193884822616e-07
E745S_02528,474.912876915553,0.551062759388852,0.104567363089131,5.26993072321366,1.36475257784636e-07,2.32327178602968e-07
E745S_02942,329.135839683631,0.609672870283816,0.115694391838876,5.26968386793446,1.36658917938105e-07,2.32503863306735e-07
E745S_00845,6304.58261388593,0.319553647714773,0.0607282957762858,5.26202231809637,1.42479466268445e-07,2.42265027048741e-07
E745S_00021,53.4836870061637,1.34169013943853,0.255165966350746,5.25810772740073,1.45545255356349e-07,2.47333472470714e-07
E745S_01877,81.0079992959738,1.09314817344894,0.208468526846027,5.24370843881065,1.57380828922494e-07,2.67290310964632e-07
E745S_02026,1272.13281376631,0.40123731658562,0.0767685298276328,5.22658591334903,1.72668606512462e-07,2.93083564756722e-07
E745S_01130,4031.74806145444,-0.313379559896481,0.0600221892922976,-5.22106180383354,1.77900152521312e-07,3.017874964974e-07
E745S_02835,126.072897836809,-0.987164941933442,0.189349956155771,-5.21344161876298,1.85368887137958e-07,3.14274216924051e-07
E745S_02032,1828.48040833679,-0.408001346167875,0.0784711351401045,-5.19938121755749,1.99953057752909e-07,3.3880288190845e-07
E745S_00381,3481.15980654912,0.354959795802361,0.0683389708519513,5.19410508202328,2.05706933153644e-07,3.48349553467282e-07
E745S_01263,3902.4093030718,0.308255696853223,0.0593622909173786,5.19278639839319,2.071698258113e-07,3.50622885428311e-07
E745S_00926,18.3204684662437,2.57380456735029,0.496629212570985,5.18254766775808,2.18875403015445e-07,3.70218650887832e-07
E745S_02444,221.370592939965,0.882159171018734,0.170232331944058,5.18208944766513,2.19413940032722e-07,3.70914041483888e-07
E745S_01915,1366.95494976691,0.382780274285599,0.0738811098016684,5.18103037857933,2.20663547090381e-07,3.72809974219442e-07
E745S_01328,71.9698135751166,-1.15196434862225,0.223376315878972,-5.15705679937168,2.50861723980027e-07,4.23583804237737e-07
E745S_01681,1160.49424141525,-0.392329139894207,0.07622902122665,-5.1467162188493,2.65085880875049e-07,4.47342028537547e-07
E745S_01054,931.527228503746,0.422371014526451,0.0821715913810984,5.14010995074397,2.74577747846809e-07,4.63091439155307e-07
E745S_02291,5873.21408449786,-0.34175295849632,0.0665704495173051,-5.13370363238243,2.84095337925139e-07,4.78865969137279e-07
E745S_02383,10662.4543439106,-0.286769244200788,0.0560072036496159,-5.12022071294314,3.05178270320188e-07,5.14105292188696e-07
E745S_00407,108.707814582767,-0.931229966010912,0.182081510221354,-5.11435765706703,3.14810376641172e-07,5.30024873569955e-07
E745S_00222,78.2904911889432,-1.08224129896044,0.212010714691357,-5.10465379325734,3.3140066475535e-07,5.57634297747297e-07
E745S_02529,59.5862692743438,-1.25281579281784,0.24562559343206,-5.10050998885168,3.38739502207364e-07,5.69653778697653e-07
E745S_01775,492.854965874095,0.48362851998458,0.0948855282722923,5.09696819726518,3.45136282587685e-07,5.80076050007363e-07
E745S_00857,3399.37670868384,0.310805964996687,0.0611886854860324,5.07946792005582,3.78493428233218e-07,6.35772861850489e-07
E745S_01552,36.9541203169492,-1.61732650124164,0.318863721510267,-5.07215588396614,3.93333972454378e-07,6.60320180977333e-07
E745S_01297,52.3613876192094,1.33761896790055,0.263742383076453,5.07168757746763,3.94303343449866e-07,6.61184926718064e-07
E745S_02705,93.0196012359065,-0.982516311609035,0.193723241091682,-5.07175239311657,3.94169040982532e-07,6.61184926718064e-07
E745S_01737,69.638908913159,1.23065924653047,0.242692283672847,5.07086269042412,3.96016427604265e-07,6.63675199053549e-07
E745S_02979,24.7084604169623,-2.06249574993157,0.406748652958066,-5.07068858109828,3.96378925936568e-07,6.63900491024943e-07
E745S_00865,7861.98713698958,0.281804203704808,0.0556467923313653,5.06415899099307,4.10207199467862e-07,6.86666565641717e-07
E745S_00479,1321.13037231259,-0.369549384663757,0.0730819093902476,-5.05664654559602,4.2669300950527e-07,7.13852500384965e-07
E745S_02049,41533.9602338633,0.327429915173224,0.0649344449167496,5.04246884058239,4.59563607711613e-07,7.68403022428779e-07
E745S_00428,3754.81478950969,-0.352681310223378,0.070065309637474,-5.03360810147263,4.8133318221277e-07,8.04340352136264e-07
E745S_00671,1941.82950545006,0.320899804098782,0.0637625124390275,5.03273462452786,4.8353226300285e-07,8.07551587837806e-07
E745S_01357,101.015579404093,0.983599548623177,0.195544005830987,5.03006750037291,4.90307191975797e-07,8.1839692422107e-07
E745S_01252,1340.30605112459,-0.3643684828786,0.0724659274781052,-5.02813522932815,4.95272566530608e-07,8.26211141071977e-07
E745S_00522,2473.78774474311,0.345964839680907,0.0692159554517465,4.99833943522017,5.78261284412927e-07,9.64099999384898e-07
E745S_00141,6279.25401572482,-0.330429202227796,0.0661343804551394,-4.9963301985105,5.84315776591988e-07,9.73636648917731e-07
E745S_02288,172.973953582207,-0.782552998825639,0.156657814375141,-4.99530139589269,5.87439507655836e-07,9.78281697246074e-07
E745S_02031,771.080614293532,-0.447908659254038,0.0896913624545412,-4.99388845253693,5.91755844042054e-07,9.84906381936203e-07
E745S_02607,27.0551148558003,1.89109479184829,0.379252558605398,4.98637319363723,6.15232536285094e-07,1.02339537892909e-06
E745S_00068,333.447060241978,0.544532483064414,0.109447097534932,4.97530309463546,6.51456256290921e-07,1.08303207427919e-06
E745S_03075,125.741407459681,-0.906169268491803,0.182242505663166,-4.97232665449987,6.61541151352095e-07,1.09917025775454e-06
E745S_02485,124.789756360463,0.832514129389234,0.167600682164565,4.96724785745083,6.79097689471534e-07,1.12769730407966e-06
E745S_00700,3427.54233006538,-0.313793608334743,0.0632309022163994,-4.96266220053015,6.9533455130208e-07,1.15400164130009e-06
E745S_02253,286.250686742362,0.587887255163701,0.118580783871613,4.95769412184189,7.13347537752885e-07,1.18322204125279e-06
E745S_01899,7626.2492213239,0.331122867478036,0.066888113995924,4.95039922187391,7.4061400556469e-07,1.22774907186721e-06
E745S_00335,43.7647208877648,-1.46895244595129,0.297791363433619,-4.93282420622898,8.10490949725647e-07,1.34282251260749e-06
E745S_02024,524.725428705005,0.470101469871866,0.095310104777525,4.93233609352532,8.12519531711417e-07,1.34541772287368e-06
E745S_01807,139.091643274904,-0.801245116800149,0.16247899304818,-4.93137667687634,8.16521100819365e-07,1.35127511340828e-06
E745S_02192,7.25438158351775,6.39969749475005,1.3009094643552,4.91940267182395,8.68087201116403e-07,1.43579650139196e-06
E745S_00480,339.542865067123,0.534514006763038,0.108909726867407,4.90786288917782,9.20741847875306e-07,1.52202130560194e-06
E745S_00461,234.877613841273,0.629099124592561,0.128193511594836,4.90741783079374,9.22832973796329e-07,1.52461225126056e-06
E745S_02403,185.118923859046,0.711672515707007,0.145314538792715,4.89746257752074,9.70821153385297e-07,1.602983764892e-06
E745S_02276,230.404955682167,-0.849587220255835,0.173514940225931,-4.89633468535678,9.76407150043404e-07,1.61129320508863e-06
E745S_02368,1058.33566548613,0.369911241916316,0.075698847832863,4.8866165404928,1.0258361516073e-06,1.6919031372968e-06
E745S_03121,243.472947352614,0.630358214519205,0.129809808833012,4.85601373414008,1.19772397939847e-06,1.97427774860077e-06
E745S_00631,806.949189556199,0.388491364909889,0.0800231399231971,4.8547378331161,1.20546115220918e-06,1.98590685573341e-06
E745S_00250,302.619370640261,0.582333664419945,0.119998086326491,4.85285792671336,1.21694874525647e-06,2.00369784923166e-06
E745S_00780,21.5402843525563,2.04447413739878,0.421495199708217,4.85052769002845,1.23133441558819e-06,2.02623769574744e-06
E745S_00738,111.110038579002,-0.94455426761849,0.194995080146076,-4.84399025304075,1.27257177745241e-06,2.09291324529038e-06
E745S_01929,102.54019870343,-0.887547785883295,0.18336369676411,-4.84036808564723,1.29598859578552e-06,2.13022179691228e-06
E745S_02519,405.211464966818,0.54504950543573,0.112784429487101,4.83266624581423,1.34716531064824e-06,2.21309154587868e-06
E745S_02913,41.5190229755584,1.4079493033452,0.291365906985298,4.83223764205275,1.35006963581123e-06,2.21661179348364e-06
E745S_01132,247.99842524675,-0.600158169740956,0.124516454730734,-4.81991051735929,1.43622626592253e-06,2.35673881629114e-06
E745S_02316,28.2112551002856,1.7233145348366,0.358147955500545,4.81173913844659,1.49622564610084e-06,2.45381005960537e-06
E745S_02470,1391.10556923343,0.346444343063663,0.072002158539333,4.81158273712598,1.4973972207883e-06,2.45434871042496e-06
E745S_02258,21.2940030371812,2.22055965233514,0.462603253223355,4.80013842717834,1.58555996531488e-06,2.59739170457603e-06
E745S_02760,64.9498597077913,1.12322249444983,0.235014069288703,4.77938405070553,1.75833039994855e-06,2.87879628473016e-06
E745S_01126,117.024380690499,-0.840601253028154,0.176197346822791,-4.77079404534723,1.83501093412546e-06,3.00265139361395e-06
E745S_01635,11129.2313799657,-0.301128543070991,0.0634079740554423,-4.74906425503662,2.04360010568277e-06,3.34208983575424e-06
E745S_01231,707.569244992993,-0.431311041214298,0.0908837257501611,-4.74574559586136,2.0773968056737e-06,3.39545317311407e-06
E745S_02267,555.672463870324,0.433854077442568,0.0914220904723814,4.74561536714844,2.0787339210109e-06,3.39573201125855e-06
E745S_03055,124.271925330499,-0.832600675390585,0.175475221301874,-4.7448333115833,2.08678103287494e-06,3.40696555619684e-06
E745S_00704,3235.80971957999,-0.32161549202462,0.067852668735142,-4.73990924778542,2.13813963303124e-06,3.48885900883068e-06
E745S_02518,490.06531816608,0.471339181465697,0.0994715553951245,4.73843180186966,2.1537848835518e-06,3.51241893334414e-06
E745S_00240,1416.13521367505,-0.365389488839153,0.0772785669350119,-4.72821253461429,2.26505022950238e-06,3.69180359355064e-06
E745S_02338,1784.18348053265,0.338905563275652,0.0717833779960202,4.72122617710247,2.34427075253452e-06,3.81878688339562e-06
E745S_00669,3306.24115086196,0.309055172165815,0.0655901457150988,4.71191470603291,2.45400095866137e-06,3.99530021849175e-06
E745S_01068,385.429768882081,-0.486131865807756,0.103296882647936,-4.70616201908656,2.52423929711994e-06,4.10735639682289e-06
E745S_02630,338.636846408981,0.521039684596576,0.111539099513161,4.67136355655351,2.99206821324284e-06,4.86587182611726e-06
E745S_02768,67.7568119238522,1.06965047195456,0.229084096318007,4.66924805844971,3.02304181276035e-06,4.9134978877417e-06
E745S_02955,71.3366812328455,-1.03208504333624,0.221438515013603,-4.66081992679925,3.14952187639394e-06,5.1162155034502e-06
E745S_01069,338.034712449941,-0.543439819303378,0.116800532864278,-4.65271695236915,3.2758977832089e-06,5.31853789566151e-06
E745S_03079,18.3345406481995,-2.25900309236706,0.486239285800145,-4.64586708301385,3.38651004583681e-06,5.49505615575861e-06
E745S_02784,779.711462486558,0.378321397757226,0.0817023499938986,4.63048367379248,3.64812548669859e-06,5.91626367230061e-06
E745S_02477,142.114188999903,-0.734045809342564,0.159116317264384,-4.61326545236018,3.96391524911904e-06,6.42480918161778e-06
E745S_01270,16.5877592671242,-2.37607304665406,0.515444824407475,-4.60975245873398,4.03148705084137e-06,6.53069493878644e-06
E745S_01044,220.067384893342,0.599543645207549,0.130489706869999,4.59456657224963,4.33649671825697e-06,7.02087983695553e-06
E745S_02893,35.4052400116793,-1.52645026590133,0.333359318971165,-4.57899383347782,4.67217970818332e-06,7.56015293525383e-06
E745S_01335,19.6244400246107,-2.26969992869373,0.497207715750899,-4.56489281399417,4.99749612913031e-06,8.08206179549907e-06
E745S_01670,47.2746951865567,1.22708601061692,0.268862346302853,4.56399353606288,5.01896246615604e-06,8.112270815647e-06
E745S_01463,828.857900553349,-0.382202799356122,0.0838616850352906,-4.55753779804549,5.17567783218454e-06,8.36093128162553e-06
E745S_01556,275.340121040822,-0.578292377038506,0.126899298092095,-4.55709673523033,5.18655407720956e-06,8.37385408694234e-06
E745S_02631,113.665418377584,0.812884408157017,0.17840070953485,4.55650882934533,5.20108538221652e-06,8.39266050312211e-06
E745S_03033,444.021428559291,0.455534060009005,0.100217612730509,4.5454491241371,5.48182375593714e-06,8.8407695033424e-06
E745S_02238,1057.58987404233,-0.390963387321433,0.0860594099426267,-4.54294757054547,5.54730521234737e-06,8.94142052776478e-06
E745S_01322,26.9385841346715,-1.73274991521102,0.381966719517666,-4.5363897603411,5.72253799593896e-06,9.21876486230123e-06
E745S_02771,284.111122753122,0.546239173247924,0.120533495737402,4.53184544185111,5.84706250955628e-06,9.41415871975571e-06
E745S_02345,300.31736192283,0.551579659996795,0.121807649775427,4.52828423349212,5.94645591006001e-06,9.56889616041166e-06
E745S_00077,212.029524371845,0.63236018275033,0.140233444160954,4.50933931298538,6.50298281904625e-06,1.04586646332838e-05
E745S_00418,110.546998600283,-0.807178518808392,0.179426218748956,-4.4986653814388,6.83813900528097e-06,1.09916193508409e-05
E745S_01933,45.3536585926829,-1.30538105025219,0.290328030760848,-4.49622810043952,6.91695322578941e-06,1.1112169337899e-05
E745S_00464,59.2592341936842,1.1027940020893,0.245626646956658,4.48971646909262,7.13180387731422e-06,1.14510099762061e-05
E745S_02912,56.9372373239728,1.11637632732907,0.248868889617857,4.48580105389342,7.26404982882806e-06,1.16569178895912e-05
E745S_02642,24.8963623070412,1.72328076860035,0.384578131307071,4.48096401826961,7.43066393586199e-06,1.19177205053963e-05
E745S_02641,115.40655356098,0.805482843973608,0.179783060679881,4.48030443428616,7.45366480595758e-06,1.19480276707833e-05
E745S_02704,35.8984944667997,-1.49197768867952,0.333345145770904,-4.47577445661951,7.61348251829483e-06,1.21974945573782e-05
E745S_02907,35.0491834548244,1.42282165914859,0.318557525533522,4.46645125324112,7.9527772630848e-06,1.27340674438063e-05
E745S_00560,2608.47964840625,-0.275855149362536,0.0617887218435816,-4.46449030068731,8.0259584195189e-06,1.284418084619e-05
E745S_01219,5465.90432991295,0.272444313713373,0.0610722099571742,4.46101940480654,8.15707029921524e-06,1.30468305719866e-05
E745S_00356,116.611880560872,-0.784712752028356,0.176229258874032,-4.45279493905871,8.47596945966641e-06,1.35494492570505e-05
E745S_01808,909.299921746695,-0.344548654053713,0.0773968804443404,-4.45171242142626,8.51882042517799e-06,1.36104754433003e-05
E745S_02670,1543.87575276504,0.36864638960148,0.0828558738114495,4.44924870915474,8.61711851518114e-06,1.37599736685092e-05
E745S_01427,972.515696349958,-0.365234113470785,0.0821825158466885,-4.44418267934422,8.82266176719389e-06,1.40804651339372e-05
E745S_03076,66.2870124274263,-1.05818075581988,0.239055656398232,-4.42650373458265,9.5772725081471e-06,1.52764056280637e-05
E745S_01333,16.8190266389128,2.14682039899824,0.486066537884883,4.41672123396958,1.00209330966336e-05,1.59753210538337e-05
E745S_00564,1946.56512614966,0.304561790976366,0.0690558401387232,4.41036978718303,1.0319424432516e-05,1.64421699633575e-05
E745S_02858,811.571635207364,-0.373397396319665,0.0848126135717872,-4.40261631606971,1.06953215411269e-05,1.70317729793329e-05
E745S_01902,448.943310387148,0.444242057080145,0.101053646706629,4.39610119533672,1.1021256770302e-05,1.7541212935128e-05
E745S_02439,221.282258644228,0.58502904649579,0.133196539406956,4.39222407053946,1.12196977843721e-05,1.78472897542662e-05
E745S_03032,338.047809402462,0.502323130471896,0.11485557470062,4.37351980329417,1.22259148652978e-05,1.9437268253895e-05
E745S_00403,272.268504165921,0.514201939692685,0.117682476826402,4.369401065982,1.24587767431204e-05,1.97966698139866e-05
E745S_01878,67.5064994515993,0.976402488893021,0.223526584499762,4.36817164758343,1.25291008348955e-05,1.98975518441794e-05
E745S_00628,324.347286599933,-0.52816336363364,0.121589555610633,-4.34382181085506,1.400251066398e-05,2.2225359074616e-05
E745S_02324,2611.11556596,-0.26581784022818,0.0612493978528627,-4.33992577146219,1.42530853399087e-05,2.2610752819877e-05
E745S_00091,37.8045586977416,-1.31707767047736,0.303512903497459,-4.33944539194322,1.42842755753683e-05,2.264789008709e-05
E745S_01289,105.753131092279,0.835698151916297,0.19286437771663,4.33308712479898,1.47032888248671e-05,2.32995502281917e-05
E745S_01139,43.3517444693958,-1.23291694855378,0.28485968364492,-4.32815529659375,1.50363435829509e-05,2.38143613547171e-05
E745S_00819,1192.95727339803,-0.338060968121004,0.0783873117135587,-4.31270011346147,1.61272799605819e-05,2.55282827434768e-05
E745S_01041,173.82640536389,0.62591695780017,0.14534701291535,4.30636271943685,1.65960844164337e-05,2.62445771217507e-05
E745S_01138,214.986754928605,-0.566541387746273,0.131559851528869,-4.30633951895236,1.65978242807087e-05,2.62445771217507e-05
E745S_00584,54.0274483819384,-1.09156015457008,0.253504101039357,-4.3058875580108,1.66317526981597e-05,2.62839479393826e-05
E745S_02956,113.660592307073,-0.752240821111046,0.174983840530709,-4.29891593892082,1.71635549727277e-05,2.71096627919753e-05
E745S_01939,6257.66382923846,0.26680768253374,0.062130798277632,4.29429027036652,1.75253061303349e-05,2.76660337014126e-05
E745S_02340,5730.52527145346,0.247549010359734,0.0576709141285342,4.29244124357051,1.76719323128196e-05,2.78823820935598e-05
E745S_00071,694.216370797793,0.355161697376475,0.0829675353930931,4.28073095932944,1.86280449492848e-05,2.93749939584876e-05
E745S_02803,65.6303863615149,1.01056707976769,0.236081667221573,4.28058261219931,1.86404674286667e-05,2.93786684812392e-05
E745S_02240,1030.06579003384,0.359655550004602,0.0840743286448174,4.27782839068524,1.88725422083358e-05,2.97283389439749e-05
E745S_02168,13.7492733844564,2.53875515799506,0.593715592308804,4.27604595682338,1.90241967934886e-05,2.99510204790942e-05
E745S_01122,449.553710614411,-0.446407186856158,0.104407264081936,-4.27563341288045,1.90594622625647e-05,2.99903214304464e-05
E745S_03119,71.0614212460941,-0.937577864522766,0.219514968265642,-4.27113409135806,1.94481421260285e-05,3.05853818092215e-05
E745S_01726,79.595123819412,0.893132617480835,0.209453924375637,4.26410066148524,2.00708952220663e-05,3.15477192178375e-05
E745S_02236,265.764617058424,0.541354532157143,0.12703176507618,4.26156821352908,2.02997371466899e-05,3.18729961348512e-05
E745S_02789,140.148664165125,-0.718687975783109,0.168642026532668,-4.26161847411085,2.02951713358404e-05,3.18729961348512e-05
E745S_00746,194.180606370926,-0.596913145236312,0.140125316220331,-4.25985226179781,2.04562069931785e-05,3.21013577127453e-05
E745S_00529,412.467134149308,-0.436992644395722,0.102874175379305,-4.24783618225367,2.15845127212651e-05,3.38537265795273e-05
E745S_01454,578.416822526095,0.398403706994639,0.0938990299735121,4.24289481059628,2.2065487763364e-05,3.45894641244763e-05
E745S_02570,3687.2676545592,-0.265749130080321,0.0628613912863052,-4.22754133566586,2.36258781539123e-05,3.70155712088475e-05
E745S_02305,567.169838961227,0.409562763749597,0.0969385609376969,4.22497259901378,2.38969852867876e-05,3.74201851370837e-05
E745S_02239,77.2825737488142,0.890116875630167,0.210855275950919,4.22145887322906,2.42726245365467e-05,3.79879623795094e-05
E745S_00638,146.719675903747,0.845431270511698,0.200461573904622,4.21742309034222,2.47110061596183e-05,3.86532718595642e-05
E745S_03052,13.3583586303089,2.3526424848415,0.559689484130608,4.20347809195659,2.62844602749519e-05,4.1092408088284e-05
E745S_01281,281.156543382876,-0.511955132283635,0.121797666523922,-4.20332463580561,2.63022939280286e-05,4.10982166529744e-05
E745S_00366,24.004711316496,-1.64152228939956,0.391240909597031,-4.1956816098048,2.72052194353071e-05,4.24862627554608e-05
E745S_01871,375.977493568426,-0.433254048281399,0.103482352701524,-4.18674331391595,2.8298554893219e-05,4.41700232140272e-05
E745S_02025,779.881987701891,0.347223960911176,0.0829965310410775,4.18359606788053,2.86933753598502e-05,4.47622806390804e-05
E745S_01895,1536.58107335903,-0.375668535227563,0.0898530716925255,-4.18092034196771,2.90331569371156e-05,4.52680877578701e-05
E745S_00308,318.219145100449,0.471700828909805,0.113031901133274,4.1731654885078,3.00396582614375e-05,4.68123368303236e-05
E745S_00626,307.699689769386,-0.494071743557213,0.11862668047959,-4.16492935282142,3.11448991291585e-05,4.85087219716321e-05
E745S_01989,1247.20478389899,0.310411264543865,0.074542826045342,4.16420037999434,3.12445627258714e-05,4.8637926254017e-05
E745S_00558,130.431458747602,-0.696867451735912,0.167901332185571,-4.15045814505932,3.31810442616846e-05,5.1624810179457e-05
E745S_00325,42.19374599611,-1.22060526978468,0.295449341981285,-4.13135213502016,3.6063563838097e-05,5.60796123572117e-05
E745S_02904,122.785843178717,0.685936904639022,0.166136326605758,4.128759306607,3.64725956390574e-05,5.66853848933775e-05
E745S_01657,464.315286941544,-0.404136160239695,0.0986406753664545,-4.09705386483123,4.18441562394751e-05,6.49991135608923e-05
E745S_00484,1297.56553242343,-0.343067481261558,0.0837983364793709,-4.09396529423961,4.24057813189011e-05,6.58363890236379e-05
E745S_01859,743.965897696599,0.372302856816014,0.0909924100418382,4.09158144778042,4.28441416929968e-05,6.64815013157323e-05
E745S_00747,60.6802519630417,-1.00156138295415,0.245128913781012,-4.0858557544497,4.39146559473377e-05,6.81063204383058e-05
E745S_01347,156.50387639048,0.677730856136357,0.165932742805429,4.0843708401244,4.41964009449337e-05,6.85067748406294e-05
E745S_03074,32.9010371109822,-1.37845981355719,0.337635070537484,-4.08269144364302,4.45171125349012e-05,6.89671711490673e-05
E745S_00221,75.1419099028491,0.914239872783535,0.22404968563299,4.08052289919803,4.49345020616035e-05,6.9576774202834e-05
E745S_03048,68.3007642300497,0.968609914859173,0.237463011196317,4.07899280809842,4.52312360083338e-05,6.99990047954597e-05
E745S_01110,109.892028212952,-0.759789348147819,0.186495568767822,-4.07403432246544,4.62056674451218e-05,7.14690212182516e-05
E745S_00321,8.00852407125727,4.00801269488532,0.985458668216579,4.06715453844327,4.75906844016247e-05,7.35722157690545e-05
E745S_02514,7093.33065591024,0.289457068739758,0.0712316289097501,4.06360310960315,4.83209621117252e-05,7.46615290378089e-05
E745S_00481,155.217092867915,0.643696779660601,0.158417925258365,4.06328247646718,4.83874139811526e-05,7.47245422276579e-05
E745S_02817,174.843982425344,0.642051502829082,0.158257951462183,4.05699364169075,4.970843471015e-05,7.67238883569707e-05
E745S_00401,9.02632005069985,-4.59784033070219,1.13337591983257,-4.05676550052468,4.97569943446246e-05,7.67581401892963e-05
E745S_01615,491.359067308886,0.390730141477899,0.0963589688555851,4.05494315805198,5.01464955341898e-05,7.73180341631496e-05
E745S_02857,52.1665981518694,-1.0720038115013,0.264515589710924,-4.05270559921569,5.06286969225112e-05,7.80201888520012e-05
E745S_02457,586.285684586211,-0.371456266349717,0.0917308181112772,-4.04941625942014,5.13455462682888e-05,7.90830080354438e-05
E745S_02222,5378.63565944396,0.271519703253566,0.067194990149674,4.04077301966661,5.32753029214765e-05,8.20118491826643e-05
E745S_01838,9.31511720895367,-3.23295219605446,0.80064103598094,-4.03795465229117,5.39192727966034e-05,8.29593039698269e-05
E745S_02155,289.986189395835,-0.466470467808205,0.115656027499795,-4.03325687292027,5.50090910799131e-05,8.45913703822647e-05
E745S_01662,120.929311146598,-0.684278043081884,0.170225631109821,-4.01982967324363,5.82402320469464e-05,8.95128381671917e-05
E745S_01577,1662.29252123934,-0.321780233697643,0.080064340975936,-4.01902057489434,5.84405679863329e-05,8.97733474449683e-05
E745S_02927,35.1294728581015,1.28098881561665,0.318943709557843,4.01634764138321,5.91070462184419e-05,9.07492676908673e-05
E745S_01510,2779.16769858936,0.277323380086455,0.0691999702937809,4.00756501641705,6.13479762764538e-05,9.4140199757911e-05
E745S_01067,1374.37379333784,-0.28776962690762,0.0719134753005339,-4.00160923533455,6.29131385128293e-05,9.64911202375375e-05
E745S_00509,288.242127207999,-0.491159339605553,0.12279861516583,-3.99971399467559,6.3419079784909e-05,9.72158721716009e-05
E745S_01100,860.048326154432,0.367523754438316,0.091893408377411,3.99945720729911,6.34879256310499e-05,9.72701850063085e-05
E745S_02117,96.1293956332799,0.758731014396489,0.190072169936576,3.99180487416787,6.55723178656933e-05,0.000100410845506067
E745S_00737,673.171892495245,-0.35508645140543,0.0891227429457041,-3.98424060648311,6.76962567095001e-05,0.000103608729380313
E745S_01930,410.747307676931,-0.420616697330983,0.105647562150883,-3.98131948118473,6.85337598126666e-05,0.00010483540452689
E745S_03026,33.0216367815527,-1.38388941031674,0.348583209895072,-3.97004035487913,7.18604597095699e-05,0.000109866490658906
E745S_03077,24.6506653333763,-1.50815211747208,0.380213259736217,-3.96659526950323,7.29066411133649e-05,0.000111407471013651
E745S_02388,644.708635496997,0.372191930325877,0.0938897221683564,3.96413922344438,7.36612555735722e-05,0.000112501529367612
E745S_00821,4377.49949156471,-0.22638008876612,0.057144381638704,-3.96154586460329,7.44660740016944e-05,0.000113671075730956
E745S_00014,1268.17896586235,-0.297756485627827,0.0751712659749871,-3.96104125380706,7.46236374435704e-05,0.000113851891298865
E745S_00185,815.303386617954,0.339542907406581,0.086005993290596,3.9478982151783,7.88403089519488e-05,0.000120222178815675
E745S_02911,15.3669224205147,1.99046710222276,0.504577941256083,3.94481593322876,7.98612990411536e-05,0.00012171530969047
E745S_02999,53.1989205271915,-1.11086040089742,0.281736423213029,-3.94290659414481,8.05000136514048e-05,0.000122624562919539
E745S_02792,500.567708503299,-0.367766837051552,0.0932870433567024,-3.94231421447584,8.06991567193756e-05,0.000122863621971811
E745S_02769,518.413152365944,0.384714681507728,0.0977703088643173,3.93488254232298,8.32373933939947e-05,0.000126661815039163
E745S_02544,76.4976494717546,-0.8632907282322,0.219698460523132,-3.92943458127374,8.51458364441218e-05,0.000129498186984764
E745S_02855,350.945126351678,0.451051894099977,0.114819027222537,3.92837237007563,8.55227181628284e-05,0.00013000346348407
E745S_01267,4086.41889981631,-0.242471121466988,0.061760332250612,-3.92600092374966,8.63698235730753e-05,0.000131222628612329
E745S_02078,7123.5107712978,-0.250686311177647,0.0639071392853594,-3.92266519798794,8.75748070946758e-05,0.000132983966328952
E745S_02629,479.250398985573,0.377037269719179,0.0963614598322696,3.91273928783836,9.12550395622749e-05,0.000138500219064537
E745S_01980,101.63002178471,-0.744405481804339,0.190510637982748,-3.90742212448918,9.32860941312446e-05,0.000141509025542498
E745S_00309,207.663639214594,0.544336878825236,0.139633017908528,3.89833928234527,9.68546504130563e-05,0.00014680956894487
E745S_01896,126.616928856946,-0.682706270737279,0.175130446156985,-3.89827289154113,9.68812030034681e-05,0.00014680956894487
E745S_02783,39.6836909671427,1.18781436849784,0.304856545771154,3.89630593462635,9.7671000629534e-05,0.000147929387529955
E745S_01343,250.118479095906,0.477889101142911,0.122704189281621,3.89464372765707,9.8343166389047e-05,0.000148869972625333
E745S_01978,72.4408881896383,-0.863142741197916,0.221750492639583,-3.89240506717071,9.92553431017809e-05,0.0001501727150568
E745S_02460,2249.09350601896,0.252948186110483,0.0652940543053405,3.87398498686571,0.000107070011572764,0.000161912105812112
E745S_02506,1208.1358073771,0.304140530517425,0.0785839167534729,3.87026433756859,0.000108717406969262,0.000164317949993522
E745S_02058,53.3248813553257,0.9801384375618,0.253290938984354,3.86961508173943,0.000109007318068733,0.00016467062942298
E745S_00782,18.5528988236953,1.71031205773528,0.443126885948332,3.85964407028712,0.000113552295680621,0.000171447475480439
E745S_00465,71.4094015040886,-0.912177162492004,0.236827296529084,-3.85165551378907,0.000117321987365031,0.000177047332928774
E745S_01436,2352.92810062622,-0.248504780139299,0.0645630351624928,-3.84902567721391,0.000118588577384324,0.00017886598381646
E745S_01814,278.955706968645,-0.546278546666104,0.142279797954037,-3.83946670238159,0.00012330184997832,0.000185878656285288
E745S_01444,530.944699393945,-0.463207021799695,0.120696008206862,-3.8377990182227,0.000124142021120437,0.000187048355839333
E745S_01580,70.9529994893796,0.99035540825359,0.258794551560376,3.82680161650367,0.000129819056019205,0.000195500916746977
E745S_00686,5569.36082589663,0.249439613308209,0.0652326788760792,3.82384439219586,0.000131386853795995,0.000197706810606673
E745S_02550,1346.8340084627,0.270950287677648,0.0708592248115683,3.82378283700068,0.00013141967657984,0.000197706810606673
E745S_00470,7594.9453170022,0.214063457056828,0.0560289133587991,3.82058912486851,0.000133133284069987,0.000200181296450275
E745S_01082,1030.38011101922,-0.296047700289298,0.0775224820782139,-3.81886250740282,0.000134068457978739,0.000201483366637124
E745S_00175,135.321872421069,0.611117921483221,0.160058256590356,3.81809682612801,0.000134485145573658,0.00020200529348035
E745S_00844,483.072608956679,0.358917178679469,0.0943005385980838,3.80609892600086,0.000141175933375072,0.000211945921637357
E745S_00211,102.696687717344,0.691758685554806,0.182134236344291,3.79807058485788,0.000145826800791378,0.000218815369641083
E745S_01949,23.336366182816,1.56040299882232,0.410857576947382,3.79791705538429,0.000145917131544598,0.000218838109184093
E745S_02851,31.3253715889382,1.3053868115503,0.343982937529206,3.79491733202453,0.000147692658529687,0.000221386884129721
E745S_03041,30.8324110912917,1.27867900884488,0.337567114891163,3.7879252819314,0.000151910515661213,0.000227592131286562
E745S_02880,154.439320574343,-0.59875443430561,0.15840736727288,-3.77983956563185,0.000156929442791604,0.000234990539077345
E745S_02355,1160.96670115813,0.289228723480243,0.0765770888060181,3.77696159503929,0.000158753199366176,0.000237599261365006
E745S_00684,283.378172506576,-0.44448254945637,0.11775429738833,-3.77466096197371,0.000160225425711175,0.000239679452335678
E745S_01367,35.4356611773016,-1.21334131866269,0.322064823106349,-3.76738231440455,0.000164968265574084,0.000246647468457194
E745S_01156,97.3639716138268,-0.807691028574147,0.214669229484447,-3.76249092855044,0.000168229412161377,0.000251394157495775
E745S_01611,69.0332683136848,0.825519868560459,0.219447073801879,3.76181761851951,0.0001686830357161,0.000251942697265042
E745S_01511,3372.1773360329,0.249291997775974,0.066320209347306,3.75891451835564,0.000170652125198971,0.000254752993053438
E745S_02533,2674.56395566265,-0.266895185313956,0.071189804772136,-3.74906471745825,0.000177495281459192,0.000264832785406309
E745S_01727,104.427017480154,0.696787207728586,0.185892866676941,3.74832676575759,0.000178018229817102,0.000265476981043844
E745S_02244,146.865900936213,0.593979620492308,0.158492453874838,3.74768391788151,0.000178474963395499,0.000266021822040091
E745S_01538,3874.94671344025,-0.240613587351337,0.0642172146607451,-3.74687050228637,0.00017905446197258,0.000266748996316367
E745S_01157,1247.26840904834,-0.270183685583615,0.0721305456209955,-3.74575962593261,0.000179848737813393,0.000267795230575339
E745S_00364,94.892720383077,0.711467398608742,0.190245929221922,3.73972468960855,0.000184221913906581,0.000274053137232337
E745S_02699,35.1559273842303,-1.19524375716313,0.319609502352768,-3.7397003166817,0.000184239776559149,0.000274053137232337
E745S_00410,87.9838628179903,-0.763300890026515,0.20413385623589,-3.73921751198622,0.000184593954619191,0.000274439735391453
E745S_00859,9075.85193796216,-0.199510230810274,0.0533760035612815,-3.73782631704928,0.000185618096389739,0.000275821479627632
E745S_00093,53.3374200634968,-0.934976175558311,0.250738670649923,-3.72888702462536,0.000192327348107458,0.000285645362418781
E745S_02070,4785.37046656145,-0.218909476861609,0.0589682925678976,-3.71232517220252,0.000205363909635148,0.000304851780187616
E745S_01879,98.6022034559216,0.711784300204477,0.191827909305643,3.7105356711696,0.000206821150124939,0.000306858495419825
E745S_02915,29.4483158423417,1.28957418919813,0.348023371844208,3.70542409943492,0.000211037320947475,0.000312954478491137
E745S_02429,44.261397772639,-1.02355442467699,0.276298954390882,-3.70451790863081,0.000211793145424418,0.000313915400371936
E745S_00239,1626.41971916435,-0.270972604100909,0.0732583881803495,-3.6988611247332,0.000216569051635236,0.000320830793542072
E745S_02744,336.665777358495,0.440995823886818,0.11936189073522,3.69461158138887,0.000220223171106299,0.000326078154166041
E745S_02337,1218.83260479162,0.300104344186261,0.0812553296939045,3.69334965862275,0.000221319376876635,0.000327534675184486
E745S_02786,421.17099069871,0.412200603551424,0.111831122367862,3.68592029502767,0.000227877667577168,0.000337069049957894
E745S_02884,350.563749265654,-0.444976962225297,0.120816089033199,-3.68309358286728,0.000230420520572068,0.00034065725514743
E745S_03164,129.128831436559,0.634254271636124,0.172272666969453,3.6816883536643,0.000231694523380336,0.000342366882010232
E745S_03147,423.205623073561,0.370745080196003,0.101085413129092,3.66764173701836,0.000244797857023381,0.000361545693452593
E745S_01840,437.834480494493,-0.382579333166026,0.104382783528427,-3.66515741613498,0.000247186495513755,0.000364888381562141
E745S_00495,1554.46268964533,0.261526089114073,0.0713616668481949,3.66479793234662,0.000247533939130592,0.000365216065285937
E745S_01391,1325.59549097339,-0.260695829952834,0.0712763103590177,-3.65753822889699,0.000254649288181746,0.000375523848985341
E745S_02565,34.2912955606709,1.19247524161095,0.327376412906046,3.64252033622586,0.000269981641269269,0.000397932434296122
E745S_02017,47.2339668859632,1.00215961752597,0.275795771709279,3.63370189221886,0.000279383644449501,0.000411581877020494
E745S_02583,814.121310351458,-0.301103559279859,0.0829344532766403,-3.63062089859667,0.000282740224780881,0.000416316031531181
E745S_03162,129.978503508232,0.611175464912404,0.16875539351082,3.62166477881028,0.000292713266851494,0.000430782770376491
E745S_02897,20.1489323109078,1.49679615599062,0.4163685642036,3.59488271852028,0.000324537742302235,0.00047737714393219
E745S_00698,10828.5770813492,-0.210235425857508,0.0584997549625284,-3.5937830165643,0.000325911279542462,0.000479155421589953
E745S_02322,31.3051618931998,-1.28807110843714,0.358576275307226,-3.59218162811672,0.000327921160001623,0.000481866984737368
E745S_01288,225.109745448841,0.468084291357867,0.13037247605433,3.59036129039078,0.000330219925570138,0.000485000102590652
E745S_00238,3211.20793690901,-0.218833066126952,0.0609637617367061,-3.58955976293033,0.00033123688772807,0.000486248401500963
E745S_00152,284.841016299492,0.423046819229746,0.117862340697612,3.58932986334555,0.0003315291201774,0.000486432091147385
E745S_02765,2116.13193527319,0.242711879153138,0.0676326118402991,3.58868114876672,0.000332355022660451,0.0004873982221484
E745S_01247,14965.2999031671,0.205472197566902,0.0572787476846381,3.58723271497098,0.000334206030601224,0.000489865939113878
E745S_01711,162.743179894056,-0.57715092696327,0.160924117215584,-3.58647875128675,0.00033517336223221,0.000491036566410651
E745S_00229,458.656394846022,-0.348048360905916,0.0970753019007121,-3.58534409979891,0.000336634053407121,0.000492928435346142
E745S_02229,198.346937000638,0.492484145624309,0.137415791900706,3.58389773702406,0.000338504661139706,0.000495418335132068
E745S_02647,2027.14211649326,0.244010327187358,0.0681210612447576,3.58201006749782,0.000340960649729277,0.000498762035860264
E745S_00293,7.63646545197105,2.852556159718,0.796852101335188,3.57978118516387,0.000343882040793134,0.000502782833123462
E745S_02933,111.615876671649,0.652238377625934,0.182382903446695,3.5762034998887,0.000348620308656186,0.000509454677960922
E745S_00852,12133.5378093938,0.201296622654542,0.0564620255795485,3.5651682805984,0.000363622804729164,0.000531111883876867
E745S_00472,5524.85716873219,-0.290606580965503,0.0815367750518527,-3.56411669189386,0.00036508352333582,0.000532978002221952
E745S_02846,50.3198031720834,0.915655483300452,0.257244809641969,3.55947116901932,0.000371602323703503,0.000542222738997944
E745S_02386,2602.59669871357,-0.223324099882291,0.0628365389188449,-3.55404838848175,0.000379349410207481,0.000553249565688366
E745S_00677,1705.88543790753,-0.24967131543817,0.0703881091975341,-3.54706666061314,0.000389546012572826,0.000567835975262642
E745S_00577,511.215967323861,0.349849773287941,0.098985691205446,3.53434692456532,0.000408784141811874,0.000595580899306489
E745S_02581,862.499308766277,0.312921244408663,0.0886182084365473,3.53111679788383,0.000413808979096712,0.000602600269209869
E745S_00702,2443.69648678983,-0.25766117315663,0.0729803413817399,-3.53055587680627,0.000414687413881405,0.000603577530904386
E745S_00063,885.934359647286,0.297867737858839,0.084414240862838,3.5286432101289,0.000417695871832085,0.000607652515194002
E745S_00703,774.603326149006,-0.331232788739616,0.0941413418183645,-3.51846258340671,0.000434055020440705,0.000631135946305141
E745S_02074,944.298302869036,0.334099467246987,0.0949823240800113,3.51749096985191,0.000435647173049176,0.000633134758235722
E745S_02638,1695.5201561937,0.246917426741331,0.0702064923696717,3.51701699382999,0.000436425839657322,0.000633949909801629
E745S_01545,23.0202718369378,-1.38513091921512,0.394797217305263,-3.50846170768249,0.000450706111440921,0.000654366828131931
E745S_01023,36.8142672314756,-1.08433158488491,0.310036703005773,-3.49742973774535,0.000469764438578295,0.000681697049203099
E745S_03159,30.9864644419795,1.18663703999684,0.339309322339444,3.49721319713618,0.000470145939522631,0.000681910727429188
E745S_01339,50.021734726638,0.912531645914105,0.26239180054294,3.47774451802952,0.000505651623244278,0.00073304376258172
E745S_00355,111.540384014199,-0.639201768076423,0.183871656096792,-3.47634747869972,0.000508293251851761,0.000736506548601532
E745S_01937,1868.12363225632,-0.24563749288713,0.0707165470354597,-3.47355043740978,0.000513620818432144,0.000743855822117398
E745S_02045,447.426351646582,-0.343932475611449,0.0991165042888622,-3.46998189735488,0.000520493443880918,0.000753434318815192
E745S_00701,1942.38356936343,-0.310696760733401,0.0899053804195683,-3.45581943242383,0.000548622707019034,0.000793757803246723
E745S_02219,471.07202063201,0.346794585482178,0.100397331789007,3.45422113618511,0.000551884642480654,0.000798080573403469
E745S_00814,2839.38440768736,0.221101388040174,0.0640602196245776,3.45146159872586,0.000557559092897907,0.000805886057311722
E745S_02788,136.444800588984,0.569767432957692,0.165295942770857,3.44695352715062,0.000566946097287813,0.00081904719067237
E745S_02392,1253.61956647721,0.249004738337585,0.0722576611980854,3.44606695274802,0.000568809413177773,0.000821331449285961
E745S_02870,145.129294742944,0.546151164518634,0.159095374438261,3.43285382398452,0.000597264011134598,0.000861990846015277
E745S_02314,1964.43538124729,0.228155045494836,0.066549572669105,3.42834726571813,0.000607268128235459,0.000875994807380288
E745S_01147,147.239512276672,-0.542224402484689,0.159037547795742,-3.40941123652817,0.000651032600847535,0.000938660674129359
E745S_02434,34.0361318860036,-1.07053361572799,0.314423612317469,-3.40474943289909,0.000662247887717063,0.000954358218388302
E745S_02220,441.381980029164,0.342802595104527,0.100762149447381,3.40209688841087,0.000668709260415938,0.000963192804092427
E745S_00333,85.2630713699639,0.710745233400883,0.20899116830142,3.40083860565726,0.000671794783203105,0.00096715856276174
E745S_00289,105.860747925924,0.601315988746362,0.177437058478035,3.38889741468973,0.000701742584343114,0.00100977393130144
E745S_00767,144.663339504576,-0.5323266434293,0.157837446046085,-3.37262580435998,0.000744550641714962,0.00107084333894874
E745S_01125,146.420271325223,-0.520388425094751,0.154518612783205,-3.36780414813117,0.000757694005185339,0.00108920851807137
E745S_01850,754.330751464613,-0.287547352923837,0.0859243728952312,-3.34651674763396,0.000818337360491916,0.00117522449748
E745S_02794,433.563417057147,-0.346873052519289,0.103648625517134,-3.34662472163655,0.000818018712642797,0.00117522449748
E745S_00225,57.3518678601309,0.806791352118445,0.241370876107546,3.34253811035167,0.000830159549051913,0.00119161461897935
E745S_02030,556.768170025354,-0.323087015764825,0.0968233747848888,-3.33687001183984,0.000847275650275226,0.00121558374467776
E745S_02770,322.390212266087,0.371636501803635,0.111450980868135,3.33452876689657,0.00085444062007322,0.00122525943105081
E745S_02432,12.6142796064308,-1.91544703392362,0.574675502011716,-3.33309324517643,0.000858861528644076,0.00123099257010483
E745S_00512,1166.46853822204,-0.250069835906995,0.075097983248761,-3.32991413469311,0.000868727693345796,0.00124452082447323
E745S_00180,5923.65607989083,-0.228517568454858,0.0686402868206482,-3.32920474315553,0.000870943537510113,0.00124708147451645
E745S_03070,41.0832408314272,-0.956710642279936,0.287768070194238,-3.32458928342597,0.000885488758331254,0.00126728504203652
E745S_00411,232.849569718986,-0.429028128163317,0.129242180015233,-3.31956740526002,0.000901570365543538,0.00128966650324189
E745S_02847,399.962939191106,-0.336046462930278,0.101607255922102,-3.30730772995102,0.000941973509666162,0.00134680004255314
E745S_00209,137.628762558167,-0.542966318545658,0.164181795225008,-3.30710428523171,0.000942657916463312,0.00134711693413093
E745S_01365,79.0858245543957,-0.747521100010701,0.226274097722918,-3.3036087980608,0.000954489242969939,0.00136335534165137
E745S_00559,53.5456098705642,-0.835835357537596,0.253788026160388,-3.29343889931737,0.000989698497740774,0.00141295356886876
E745S_02257,22.54535234457,-1.28460151439875,0.39070983129025,-3.28786585726953,0.00100949927438655,0.00144051587634277
E745S_01687,76.6705295125025,0.689692918234323,0.210158969691498,3.28176769826552,0.00103158552756739,0.0014713108626892
E745S_02382,32402.5931425289,-0.180783650616783,0.0551345335784654,-3.27895492866551,0.00104192275394698,0.00148532670751208
E745S_00622,3935.42155010672,-0.191604603509983,0.0585306804287305,-3.27357553519798,0.00106196003031834,0.00151315009704194
E745S_00223,52.1679356275953,-0.836448763077115,0.256392988037979,-3.26236988568976,0.00110484879183141,0.00157349062280882
E745S_00730,18.5760031746039,-1.49310847254559,0.458290469230908,-3.25799590607085,0.00112202025018243,0.00159716427788804
E745S_00655,1279.35530766463,0.281641504231922,0.0865639098697937,3.25356727365431,0.00113965736922913,0.00162147732249561
E745S_02776,72.9990729219541,-0.721438457584132,0.221986634690747,-3.24991844031141,0.00115438110570629,0.00164162354602395
E745S_02348,1098.53255293961,0.258102193610059,0.0794510484341237,3.24856875644709,0.00115987173602688,0.00164862628104211
E745S_01672,329.695841211219,0.426591517344144,0.131524414478035,3.24343977532311,0.00118095774124027,0.00167777842105926
E745S_02467,818.569063027132,0.279214758000067,0.0862296559129251,3.23803632339689,0.00120355484914125,0.00170904788578057
E745S_01009,37.4408656147534,0.972214838685703,0.300603192166097,3.2342132885552,0.0012197832424807,0.00173124769325272
E745S_02517,772.763922441591,0.321615876200452,0.0996519580938971,3.22739143667814,0.00124924435710225,0.00177219801341358
E745S_02327,582.306317547714,-0.289018545607524,0.0899288947350828,-3.21385630790782,0.00130965195202611,0.0018569882281286
E745S_01595,7451.83819841176,0.17181224196294,0.0534929852848961,3.21186490243331,0.00131876374486282,0.0018689976929385
E745S_00566,20033.3468438718,-0.215222106810454,0.0670364552685157,-3.2105233778901,0.00132493490844847,0.00187682993600656
E745S_00556,512.514262965211,-0.3133233167288,0.0977962565747407,-3.20383752612599,0.00135608981082312,0.0019200279374057
E745S_02044,30.1162380486917,-1.0973586984332,0.342595529119895,-3.20307361059918,0.00135969221806172,0.00192419253610971
E745S_02006,4386.09735116026,-0.196000474817306,0.0612724603582717,-3.19883474029367,0.00137984241029161,0.00195175959978565
E745S_01785,265.13868070749,-0.397558271961931,0.124522880145468,-3.19265239847892,0.00140972533542819,0.00199305995698469
E745S_00172,55.436502138922,0.774691038023029,0.243189832372325,3.18554040876583,0.00144483924615082,0.00204171215803157
E745S_01251,2430.02638522194,-0.200015773049853,0.0628672614548056,-3.18155695701238,0.00146485716021841,0.00206899524182232
E745S_02138,1563.69618758308,-0.253803054090101,0.0798726692626568,-3.17759574624311,0.00148501648042418,0.00209645149103531
E745S_01426,4699.2531175065,-0.186596050826635,0.0587467024551742,-3.17628127245123,0.00149176235984403,0.00210495406180609
E745S_02133,18207.3517092823,0.218581152693999,0.0689819155434385,3.16867328156982,0.00153136433036647,0.00215978758027945
E745S_00326,107.910788860637,-0.5751594996119,0.182442509875246,-3.15255200120407,0.00161849991038273,0.00228157541846204
E745S_02804,23.8316079932329,-1.20228539890692,0.382435518380654,-3.14375977419085,0.00166792300999148,0.00235010836499767
E745S_01203,28666.1317918962,0.263454120939342,0.083831584521679,3.14265944563188,0.0016742050192413,0.00235781848621742
E745S_01948,113.296338307841,0.550265462521547,0.175118194078606,3.1422518112227,0.00167653781101686,0.00235996207343814
E745S_02922,44.5310010141927,0.867285301987543,0.276391953221364,3.13788188071065,0.00170173438885771,0.00239427201834935
E745S_02987,62.1559423118667,-0.740318528037428,0.23605557661357,-3.13620435771086,0.00171149898784945,0.00240684712735736
E745S_00433,611.601037761381,0.283200291452398,0.0904428097151414,3.13126374937229,0.00174055765544725,0.00244652985756009
E745S_00514,5321.23424959348,-0.242005762477213,0.07735834078251,-3.1283732307238,0.00175776817927631,0.00246952855688867
E745S_02427,43.1785322079595,-0.920443302134631,0.294355567313493,-3.12697772471328,0.00176613308256594,0.00248008364850432
E745S_02671,802.570535849629,0.255087256875696,0.0816212114914793,3.12525693033024,0.00177649820202236,0.00249343600100631
E745S_01250,6398.83687528093,-0.185251406033143,0.0592885913472156,-3.12457087988891,0.00178064616148152,0.00249805348244468
E745S_01354,48.7263578091504,0.830495227568009,0.266374727292491,3.11777035310143,0.00182224731270367,0.00255518397267842
E745S_02832,48.4698656470569,-0.838156442753229,0.269599336369535,-3.10889653528073,0.00187787466362475,0.00263065117700272
E745S_02879,234.666040034392,0.405794805213435,0.130525316312026,3.10893562014718,0.00187762626875851,0.00263065117700272
E745S_01664,508.857452998686,0.299076665831039,0.0963553567028298,3.10389246706256,0.00190992734293997,0.00267426575050421
E745S_02405,3405.2329568324,0.191363298100969,0.0618674841628098,3.09311588616371,0.00198066774181197,0.00277198259443012
E745S_01991,229.568840265589,-0.399611182389674,0.129355181767859,-3.08925531183449,0.0020065891966493,0.00280691069266992
E745S_02701,25.2802960521528,-1.17114341672432,0.379130464944967,-3.08902482129555,0.00200814660839599,0.00280774004660939
E745S_02636,317.616636613661,-0.351848483697702,0.114390739933508,-3.0758476070897,0.00209905097764409,0.00293343129905039
E745S_01904,6208.64129281202,0.18994764815823,0.0618775873003445,3.06973261960349,0.00214250486268345,0.00299272152364276
E745S_00640,1891.93921483799,0.217044015956785,0.0707560641290823,3.06749702132703,0.00215859611996143,0.0030137521847519
E745S_01842,242.63501808155,-0.384186216955375,0.12539227874265,-3.06387459266022,0.00218490478852054,0.00304902101600349
E745S_00045,32.7818034219094,0.967564949856832,0.31669590341679,3.05518618781583,0.00224920844395568,0.00313725241032821
E745S_00419,24.4082999260829,-1.14646970801419,0.376029187206327,-3.04888489250469,0.00229692471399622,0.00320227387090181
E745S_02620,50.5685538067695,0.80775265707091,0.266767869679615,3.02792333289992,0.00246240550397509,0.0034313367266977
E745S_01521,29.5218645384559,-1.05641829290709,0.34903505742656,-3.02668247910705,0.00247253531530396,0.00344380397265543
E745S_02649,94.333711137559,-0.627256072542992,0.207259091170722,-3.0264345414229,0.00247456393964987,0.00344498117088512
E745S_00438,1452.2729864685,0.22968764509058,0.0764043056431129,3.0062133692237,0.00264523310446028,0.0036808191047246
E745S_01285,147.966022001627,0.459041407448497,0.152739262432377,3.00539232767168,0.00265238485538149,0.0036890073167776
E745S_01443,970.50255699392,-0.236975718408374,0.0790546454105093,-2.99761914278185,0.00272097478508082,0.00378259675232583
E745S_02479,341.077338480657,0.338775187195763,0.113043606904307,2.9968540147745,0.00272781308011944,0.00379029301967909
E745S_00672,1676.13166615558,0.209025243707111,0.0699268532380633,2.98919848424314,0.00279710363659032,0.00388471788459658
E745S_02917,32.7017239493286,0.973776283756948,0.326584784091684,2.98169520195275,0.00286657235978729,0.00397930001876052
E745S_01346,323.022881812073,0.333250285634058,0.111956413055144,2.97660738264199,0.00291456993637504,0.00404400051705803
E745S_02989,56.9004117887467,-0.733361262433551,0.246409327096639,-2.97619116562878,0.00291852872935261,0.00404756414061241
E745S_02797,127.338067798026,0.517239351216383,0.173811462439506,2.97586444505295,0.00292163972628124,0.0040499491634308
E745S_02807,180.101454031938,0.473473584314022,0.159697575286035,2.96481385810637,0.00302866124631717,0.00419630313566363
E745S_01943,40.2910359476087,-0.867343767051306,0.292695989299579,-2.96329228537384,0.00304367405672366,0.00421509761138087
E745S_02799,244.041853558606,-0.399546149568801,0.135276782583324,-2.95354562652095,0.00314146165834078,0.00434845215759867
E745S_01244,5196.3062127393,0.16287853675182,0.0552854753953126,2.94613613407817,0.00321770749973421,0.00445187572800679
E745S_02468,1866.70903541356,0.198571315277448,0.0674208129609974,2.94525246072486,0.00322691242720006,0.00446249029718735
E745S_01155,1371.64838201241,-0.227523546632052,0.0773028676421098,-2.94327433861085,0.00324760489295304,0.00448897333494126
E745S_01376,23.5412131349035,-1.12035238060709,0.380831753752336,-2.94185652737266,0.00326251043666559,0.00450743610874871
E745S_01973,103.783045142438,0.527393416533142,0.179574391603698,2.93690771731554,0.00331502734845763,0.0045778200243644
E745S_01338,18.0039954410611,-1.31608415628559,0.450182192305754,-2.9234478368521,0.00346178223104822,0.0047782115099959
E745S_02767,170.500306275106,0.428794532796195,0.146958351410458,2.9177962918117,0.0035251456237454,0.00486336441266486
E745S_02050,305.480360036121,-0.332290246675715,0.114881002591901,-2.8924734218775,0.00382221519632407,0.00527070982306934
E745S_02391,848.761770691817,-0.240787208321891,0.0832624495736387,-2.89190637021716,0.00382912041848264,0.00527773178892185
E745S_00155,91.7089946539139,-0.597518734265436,0.207030735624454,-2.88613539657856,0.00390004336987993,0.00537294190710861
E745S_02336,1267.20539809531,0.242496301078386,0.0842907704273427,2.87690217860108,0.00401600069512546,0.0055300747509509
E745S_02896,13.0483702960945,1.49145585170278,0.518643195386986,2.87568768850794,0.00403148384632337,0.00554877043813113
E745S_01934,13.8003414516586,-1.4428725119617,0.503896563786521,-2.8634299490341,0.00419081469354007,0.00576534100798448
E745S_02741,52.3333832287738,-0.730988938640072,0.255739545579274,-2.85833361040942,0.00425872391181725,0.00585599683859235
E745S_00343,213.796985986871,0.368098647640509,0.129464630644233,2.84323715140421,0.00446578278647369,0.00613781571833093
E745S_02982,41.8172309182769,-0.798397169707237,0.28123925708651,-2.83885392806897,0.00452758777507281,0.00621982445173995
E745S_02994,6.90965932711031,2.1835077748492,0.770387168398,2.83429925162142,0.004592630290376,0.00630620130909648
E745S_00610,1489.30472032395,0.193156932880744,0.0681808019687165,2.83301057340702,0.00461118607136695,0.00632869526343667
E745S_01952,399.032750930352,0.310273797897428,0.109751405825519,2.82705989562172,0.00469775402356436,0.00644446840838635
E745S_00739,39.6066571263186,-0.808504674527172,0.286157729762177,-2.82538121615346,0.00472243939664004,0.0064752807741965
E745S_01304,110.386300350289,-0.508247581379037,0.180380617376577,-2.81763965979769,0.00483780698830672,0.0066303465833149
E745S_00958,25.880648960014,1.04205226761311,0.372602124354182,2.79668901356713,0.00516292019028946,0.00707259325832123
E745S_00572,412.195878152869,-0.297051631319597,0.106252010810282,-2.79572714957834,0.0051783097932558,0.00709033857392645
E745S_02916,29.4464750483636,0.99791532224225,0.357105606953079,2.79445436535352,0.00519873776281901,0.00711496268338793
E745S_00112,6194.7872466242,-0.196395190609465,0.0703374442969069,-2.79218547919435,0.00523533366689543,0.00716168059414126
E745S_02320,12.8165788949566,1.52580082182265,0.5470960246798,2.78890862479884,0.00528859840161863,0.00723114605312909
E745S_00292,13.288131982049,1.45271983162938,0.521725458234931,2.78445264400961,0.00536181500636024,0.00732781384202566
E745S_02073,5587.0308071399,0.170997443858556,0.0618434200969436,2.76500626243675,0.00569217030056383,0.00777564887139433
E745S_01295,502.013076058438,-0.26532092436682,0.0961190932819022,-2.76033528103178,0.00577420679970929,0.00788401313037231
E745S_00304,294.093572821681,0.359510140032468,0.130505848610652,2.75474351425446,0.00587381615243086,0.00801625823709622
E745S_02508,1636.33056736489,-0.187750783004594,0.0682188322149865,-2.75218406572706,0.00591992367507406,0.00807539729060009
E745S_02230,150.852694930312,0.43943342372672,0.159810284129011,2.74971930700015,0.00596463343951381,0.00813257514867667
E745S_01967,636.250065990329,-0.254670809426764,0.0927504950342758,-2.7457622660952,0.00603704927404293,0.00822745806963435
E745S_00705,3.11128209011993,-3.94769097878567,1.44013003831929,-2.741204525803,0.00612143902451103,0.00833856293886365
E745S_01374,22.1171264064834,-1.07777873249626,0.393278121935366,-2.74050010001163,0.00613457633186183,0.00835254990741337
E745S_02673,366.880597577804,-0.297752072919365,0.108730530673159,-2.73844035411175,0.00617313570216644,0.00840112109817976
E745S_00811,2969.81264668023,0.168602505750414,0.0618030863177799,2.72805964549233,0.00637080873995783,0.00866608609440058
E745S_01839,576.991860602598,0.243501990877901,0.0893819824694228,2.72428496382032,0.00644408788705748,0.00876167204073999
E745S_02385,1661.03834300343,-0.194964951200982,0.0715862556032992,-2.72349698357455,0.00645948054772632,0.00877850040823125
E745S_02451,383.483162465404,-0.302087532345194,0.110931669493843,-2.72318566666808,0.00646557102270517,0.00878267720349732
E745S_01114,32.5396361965369,-0.888740332992638,0.326862444494181,-2.71900411920361,0.00654787926638775,0.00889033420916732
E745S_01921,2823.01819401764,-0.181960383810532,0.0670941579336832,-2.71201531421534,0.00668755030994959,0.00907573843928357
E745S_02250,601.39796877181,0.2381831189167,0.0879489947100053,2.70819603682865,0.00676500496238421,0.00917657476491167
E745S_02838,197.043222825194,-0.368332587796133,0.13603053451095,-2.70771991832822,0.00677471691423634,0.0091854685315985
E745S_01137,285.033940615141,-0.328941998543003,0.12162257621508,-2.70461298206096,0.00683840102921827,0.00926318538671679
E745S_01720,15.3923269113565,-1.30050746574593,0.480831248874078,-2.70470662793074,0.00683647369725415,0.00926318538671679
E745S_03018,47.5761742126163,0.72089934955813,0.267078071030333,2.69920831304887,0.00695046548822869,0.00941060699359707
E745S_03099,3.70258225845595,3.45338096932762,1.28288651559869,2.69188344201749,0.00710497716842373,0.00961533637251579
E745S_01632,3891.39969719889,0.167277110167557,0.0622635416246088,2.68659806048429,0.00721837565887905,0.00976426186942236
E745S_01299,1083.11625077372,-0.214285999769673,0.0798406906172294,-2.68391966694024,0.00727645879647932,0.00983825896727882
E745S_02645,44.197799684864,0.767550843682028,0.286432663072063,2.67969035182598,0.00736902920753112,0.00995879481110636
E745S_02516,15878.240189586,0.151391838533078,0.0565257520290713,2.67828083835518,0.00740011426128554,0.00999616362626553
E745S_02991,18.3092452670159,-1.21888612137792,0.456186657887305,-2.6719021705344,0.0075422633396115,0.0101834548152176
E745S_02452,390.074555459946,0.287657897383466,0.107712136842554,2.67061731217852,0.00757119100823323,0.0102177733078196
E745S_01661,73.6361306247183,-0.565612532174818,0.211864378744858,-2.66969150513012,0.00759209651122014,0.0102364951107744
E745S_02842,21.8776967790342,1.05782501652903,0.396214204773792,2.66983112615301,0.00758894044090091,0.0102364951107744
E745S_00768,29.6154737033298,0.897230118296123,0.336375396716641,2.66734763319191,0.00764525464982744,0.0103033964285406
E745S_02643,10.7983409085972,1.50641677482648,0.564925748241091,2.66657481893284,0.00766285478254379,0.0103223370069343
E745S_00390,4993.94705641835,0.157679935551849,0.0592836704204328,2.65975325808274,0.00781979150779914,0.0105288682142476
E745S_02844,485.45879313497,0.264119698387782,0.0993541302389322,2.65836656968978,0.00785204360444429,0.0105674058865175
E745S_00743,5.23074153473267,2.49801723973027,0.940915556526751,2.6548793060148,0.00793367889577241,0.0106723379231024
E745S_03088,6.10722675380331,2.20653964162648,0.837398470520706,2.63499363720407,0.00841388603640313,0.0113130818715795
E745S_02510,2856.02197664713,-0.201817920962137,0.0767790755229959,-2.62855367282575,0.00857488225701899,0.0115242300324018
E745S_02707,51.6878904589087,-0.686084232199473,0.262971699425261,-2.60896603588503,0.00908162556596155,0.0121996363740259
E745S_03060,2.64922969099663,3.8958365215627,1.4991223868163,2.59874480951239,0.00935653016661785,0.012563126990325
E745S_02054,2366.45923906615,-0.187243535880699,0.0721264861796675,-2.59604405813246,0.00943039721054634,0.0126564713139236
E745S_01330,74.8033193002938,-0.586520667136823,0.226727959560654,-2.58689165762072,0.0096846037902026,0.0129916505222487
E745S_03045,538.719467177329,-0.246891456955028,0.0959331645514853,-2.573577741434,0.0100653031484068,0.0134961296476334
E745S_01456,34.5185863795721,-0.836799071372985,0.325914640135662,-2.56754060211799,0.0102422793892781,0.0137271064927204
E745S_01369,59.3969831615836,-0.610542361312576,0.238067292165595,-2.5645789295906,0.0103301081271975,0.0138384467364343
E745S_01740,709.34873115323,0.225689748167957,0.0880351807374505,2.56363133780616,0.010358350264407,0.0138698977091484
E745S_02626,1272.05638858643,-0.251155195792555,0.0982851314909849,-2.5553732490615,0.0106073985705982,0.0141968447075914
E745S_01266,1472.92477373126,-0.173985565358654,0.0681123266521112,-2.55439175125082,0.0106373499792694,0.0142303886900979
E745S_01620,7078.2951319351,-0.142338110993879,0.0558625908591725,-2.5480041080212,0.0108341195263118,0.0144869646031665
E745S_01349,21.6136803904085,1.02115403904589,0.400904680120568,2.54712426589479,0.0108614748092502,0.0145168747335754
E745S_01319,17.8728901086025,-1.12283049550173,0.441086336478682,-2.54560253320383,0.0109089321295954,0.0145736124044296
E745S_02996,18.6385361271958,-1.06799504510007,0.420610224156971,-2.53915616825686,0.0111120209460649,0.014838116043117
E745S_02448,224.229198754145,-0.330595214538739,0.130346118385043,-2.53628737575567,0.0112034754026104,0.0149533777611183
E745S_01089,11.6569613757498,-1.41025547115604,0.558083526659097,-2.52696129484124,0.0115054181785593,0.015349345700177
E745S_02576,32926.2811901448,0.159723550518059,0.0632649550625575,2.5246765821634,0.0115804809499277,0.0154424095488959
E745S_01352,222.330891451662,0.338786779969187,0.134253493968489,2.52348575783588,0.0116197767304329,0.0154877152299863
E745S_02115,1655.0000816082,0.206042320850095,0.0816905489274936,2.52222960373266,0.0116613564939285,0.0155360223129638
E745S_02985,6.75251834621629,-1.89537306552891,0.753156393066754,-2.51657302915693,0.0118502338829444,0.0157804349648908
E745S_02474,5631.28462155764,0.191214828773827,0.0760423281613596,2.5145840927973,0.0119172878021187,0.015862471326917
E745S_02129,17692.7474412954,-0.151338193978286,0.0602688686905424,-2.51105085040421,0.0120372356253848,0.0160148048014146
E745S_01468,18176.4318768891,0.174980297931837,0.0698006707780202,2.50685696829918,0.0121809991513302,0.0161986699540987
E745S_01536,15414.4425419897,0.136513806554171,0.0545544961046701,2.50233832775672,0.0123375960386573,0.0163994256020691
E745S_00161,6.66979721414621,-1.91601947483873,0.766174469551829,-2.5007613161001,0.0123926668818784,0.0164651087599945
E745S_01286,387.007177011257,0.263034337556993,0.105242971478441,2.49930550099372,0.0124436985723927,0.0165253679490124
E745S_02998,24.3007185810035,-0.923007386341863,0.370094703989791,-2.49397620768797,0.0126321011385464,0.0167679190215725
E745S_02889,124.244085515101,-0.413533836754099,0.165861802218922,-2.49324335815592,0.0126582055492708,0.0167949117383443
E745S_01697,82.307620777497,-0.511670257440308,0.205468935839068,-2.49025603481526,0.0127651099913623,0.0169290365306859
E745S_00360,78.2048371531738,0.516064330025697,0.20749454050722,2.48712245037474,0.0128781064542243,0.017071114703209
E745S_01459,108.9521231254,-0.479646703735359,0.193586779399872,-2.47768316215748,0.0132238515622797,0.0175214528437852
E745S_01605,10.5302114664127,-1.47087586138076,0.594983336241041,-2.47212950647222,0.0134310850720391,0.0177879384188835
E745S_01546,65.9815417923486,-0.556040419786708,0.225314712054299,-2.46783893833221,0.013593146584085,0.0179943836772494
E745S_01451,86.7607536302612,-0.498765856721182,0.202151830473892,-2.46728340550742,0.0136142557498387,0.0180141356762638
E745S_00849,187.284639381453,0.360736050303768,0.146397981127833,2.46407803936023,0.0137366199340672,0.018167787654734
E745S_00336,36.4357029524052,-0.756861289032733,0.307362817171141,-2.46243607472959,0.0137996770111364,0.0182428972658574
E745S_01751,590.092947285372,-0.283715808629815,0.115634206250178,-2.45356298823885,0.0141448764462099,0.0186907559395901
E745S_02719,21.0306672138152,0.955392045019378,0.389534794895818,2.4526487942493,0.0141808717095743,0.0187298173986255
E745S_01942,77.0598596296462,-0.514955826495253,0.210447745982495,-2.44695339496811,0.0144069466840911,0.0190197831280677
E745S_01600,2230.05617656788,0.167685115327803,0.0686567610912389,2.44236856884297,0.0145912415135299,0.0192543536019427
E745S_00171,40.2903436944919,0.70530344873798,0.289219803675221,2.4386416136635,0.0147425810410079,0.0194364372329592
E745S_02217,33.2745333596243,0.798829823534245,0.327571532878651,2.43864238297585,0.014742549659515,0.0194364372329592
E745S_02053,4678.83357347455,-0.185436974937482,0.0761088510214404,-2.43647056089762,0.0148313766546637,0.0195446525313382
E745S_01656,826.839605192773,-0.206147330153511,0.0847790882899994,-2.43158229595904,0.0150330327855354,0.0198014291577798
E745S_01601,833.018065796242,0.194076952971856,0.0798483705086718,2.4305687359115,0.0150751463121893,0.0198479199071836
E745S_02260,25.2671255859866,-0.885905373919731,0.365730842432769,-2.42228784432526,0.0154231285402205,0.0202968929387803
E745S_00621,2971.28747028008,-0.156474367166727,0.0647769319372233,-2.41558781015392,0.0157098340299868,0.0206648562409813
E745S_01446,7.1468330295321,-1.80514010431993,0.747597233995448,-2.41458906244552,0.0157529711971747,0.0207122399073963
E745S_02445,9.68851984313505,1.42266115951348,0.589531159690434,2.4132077433541,0.0158128037854103,0.0207815222660629
E745S_02990,48.7559925946586,-0.622583308239303,0.258016681272757,-2.41295758540957,0.0158236608630444,0.020786406485705
E745S_02745,304.758754299981,0.275150983158678,0.114200933037692,2.40935845128223,0.0159805937631463,0.020983089059323
E745S_02426,8.48584448815809,-1.57576990975604,0.655419452003925,-2.40421596420151,0.0162071954303049,0.0212710306120909
E745S_01626,159.179524539216,0.365239405547839,0.152171104520111,2.40018896294184,0.0163866102954404,0.0214968105317833
E745S_00156,863.123046548447,0.229090903373689,0.0955904880128514,2.39658681670178,0.0165485726787067,0.0216995022827547
E745S_01885,6.99878392613123,-1.79387253664248,0.751987064493864,-2.38550983300473,0.0170554664264316,0.0223541030019552
E745S_01253,2246.43532677761,0.164675164194193,0.0691482950069228,2.38147830221564,0.0172433065629648,0.0225901284450003
E745S_02323,51.7728458097316,-0.631674828715401,0.266007308219052,-2.37465215878666,0.0175654947177641,0.0230018691513321
E745S_02333,20.8301329234775,-0.986223194495932,0.415890825939763,-2.37135116473758,0.0177231831653621,0.0231979254471083
E745S_00273,15.1265663067281,-1.16663382157889,0.493256029090743,-2.36516890372214,0.0180218496561601,0.0235782491456549
E745S_02153,693.485861196033,0.202289812302651,0.0857122670699417,2.36010339264019,0.0182698422985842,0.0238919635809428
E745S_00682,3198.90414567681,0.145875628057603,0.0618407954237079,2.3588899052498,0.0183296928319331,0.0239594682684137
E745S_03149,11.8387329776183,-1.30373885155752,0.552893523752845,-2.35802879857988,0.0183722676059427,0.0240043406646764
E745S_00694,66.0274789021624,0.536466921293565,0.228000098090462,2.35292408111472,0.0186264365908337,0.0243255078133319
E745S_01168,496.914694335945,0.255991659199636,0.108882068787396,2.35109106623871,0.0187184520715885,0.0244347147894145
E745S_02919,11.7106725708782,1.26184166214378,0.537220815930633,2.34883240694589,0.018832381158463,0.0245724166527503
E745S_01035,109.122359550065,0.474994183262342,0.202478911891708,2.3458945863774,0.0189814749913617,0.0247558573924077
E745S_01793,543.45045829038,-0.218333414396028,0.0931526192416213,-2.34382474882118,0.0190871376367172,0.0248825157458503
E745S_00060,3.93597580573823,2.4367954936004,1.04197825518656,2.33862413296149,0.0193548946997815,0.0252202768447019
E745S_00918,28.8174337138557,-0.804791712467861,0.34417623697015,-2.33831283517013,0.0193710256729382,0.0252300025655137
E745S_00405,5.95693001659899,-1.93323110937858,0.828008672226897,-2.33479572644961,0.0195540945642262,0.0254570524492229
E745S_01373,12.7573340485426,-1.18479124904771,0.511075910789948,-2.31822949200722,0.0204368520170488,0.0265944015295615
E745S_02966,517.109073803671,0.228393502754358,0.0986681700822961,2.31476374360507,0.020625865134987,0.0268283706022999
E745S_03144,46.2532085519107,0.628977445679855,0.271787393885728,2.31422597158537,0.0206553300487666,0.0268546966377666
E745S_02350,2760.58169982705,0.139941514411909,0.0604784664426899,2.31390646362567,0.0206728534924354,0.0268654805877141
E745S_02837,134.212789352355,-0.371903767997072,0.160918864575809,-2.31112597629513,0.020825897560146,0.0270522926361379
E745S_01025,125.467480088137,0.381233800268455,0.166298082518343,2.2924726160111,0.0218783859622669,0.0284067714255838
E745S_02774,11.5273181657888,-1.35607225370292,0.591959761432989,-2.29081829889957,0.0219739248400704,0.0285180986221333
E745S_02555,4083.53162557938,0.138885960734216,0.0606676721556727,2.28929108039346,0.0220624456096559,0.028620222446394
E745S_02680,2426.46560594091,-0.148679142940165,0.064992872713811,-2.28762226890412,0.0221595279154592,0.0287333566868159
E745S_01314,10.2105448699124,1.30440988153519,0.571038211164979,2.28427775240128,0.0223552125410194,0.0289741868686141
E745S_03157,104.312207786167,0.423980792448373,0.186003345854318,2.27942562270059,0.0226417766316664,0.0293325375054655
E745S_00345,538.271980260072,0.210839285491742,0.0926242651402891,2.27628564904028,0.0228289184861827,0.0295618246055506
E745S_00034,48.8929550577526,0.579308020838523,0.254764100817911,2.27389973304196,0.0229720157631403,0.0297338985711434
E745S_01714,63.0034900001608,0.533549711801411,0.234709527878578,2.2732341401898,0.0230120739699727,0.0297725099229291
E745S_01951,135.260971198249,0.368992073555759,0.162567045106612,2.26978397321408,0.0232206934495821,0.0300290709159189
E745S_01694,125.511256311621,0.377439289670511,0.1673018965595,2.25603712469737,0.0240683062221877,0.0311113851744176
E745S_01001,3269.83111641224,-0.145278733894741,0.0645027443943935,-2.25228763921197,0.0243041007831695,0.0314022358543304
E745S_00568,1126.25360828104,-0.172341087649265,0.0768488453987131,-2.24259826878481,0.0249227319919727,0.0321872550260127
E745S_02106,675.495254063278,-0.203084419723067,0.0905697829080946,-2.24229774216359,0.0249421355892137,0.0321980295788031
E745S_01770,251.800576343215,0.274767009058932,0.122585508527757,2.2414314086458,0.0249981439144669,0.0322560270102009
E745S_01149,10.7785069085534,1.2881776052805,0.578575928692686,2.2264624941988,0.025983218511659,0.0335122503710409
E745S_03000,31.5165206634944,-0.724564497841753,0.326452110915955,-2.21951236831883,0.0264518867192041,0.0341016130379111
E745S_02640,43.6498424364269,0.619853231392157,0.280177621671355,2.21235810231567,0.0269419314159329,0.0347180001557241
E745S_01548,9.34808186538311,-1.32978076879615,0.602851702057291,-2.20581739133877,0.0273967880947464,0.0352885177627463
E745S_02733,55.3770773580017,-0.533083328076256,0.242079711377889,-2.20209832968657,0.0276583634523504,0.0356096842148571
E745S_02408,97.9531998952987,-0.423617733971297,0.192522093027266,-2.20035907209518,0.0277814292145801,0.0357523167301692
E745S_01348,57.8089181167326,0.540849195781822,0.24597288155811,2.19881635876209,0.027890982824605,0.0358774418923664
E745S_01684,220.429164941311,0.300665700464569,0.136842045978558,2.19717337836121,0.0280080661127762,0.0360121380098461
E745S_01111,4.19381241903978,-2.24697952875067,1.02708277097534,-2.18772974510798,0.0286892940307906,0.0368717593481816
E745S_02402,107.053776920338,0.394590100683599,0.180848714640174,2.1818794867782,0.0291184281583305,0.0374067715661519
E745S_02609,23.1150487498673,0.813924243501753,0.373602725312262,2.17858219000267,0.0293627204307321,0.0377039608177597
E745S_01113,22.1272764645202,-0.826169124906725,0.380212145590688,-2.17291618505035,0.0297866260917575,0.0382314235242972
E745S_02057,30.0334098461341,0.725783314947851,0.334128881490676,2.17216575744621,0.0298431624975904,0.0382871071090726
E745S_01706,4350.14191502942,0.147396173102043,0.0679100471766071,2.17046194532487,0.0299718684829661,0.0384352903761737
E745S_01095,32.0479902740348,-0.697190635368897,0.32192759518391,-2.16567528164402,0.0303360091911565,0.0388851267086995
E745S_02716,24.1462588900704,-0.801832690118877,0.370576249259992,-2.1637454956168,0.0304838872629534,0.0390574805556591
E745S_02450,346.943958483736,0.22891970331837,0.106629067946826,2.14687896768007,0.0318029184403364,0.0407295625076196
E745S_00673,3331.79032529717,0.141002978546234,0.0657934701794387,2.14311508667466,0.0321038583279899,0.0410968916415034
E745S_02360,1.90507031394275,3.3940915186564,1.58769162413909,2.13775236138618,0.032536847296006,0.0416314000835585
E745S_02866,106.707712566278,-0.392791713199598,0.183754437953962,-2.13759034923559,0.032550005699134,0.0416314000835585
E745S_00244,5283.21736280748,0.123473480579638,0.0578307358204762,2.13508403149039,0.0327541467551353,0.0418740980255594
E745S_01950,26.4075879861246,0.771032258208235,0.362727418680801,2.12565198686218,0.033532247501787,0.042841577346461
E745S_02157,1106.77321133844,-0.173481663140511,0.0816171218571239,-2.1255547756781,0.0335403485993077,0.042841577346461
E745S_01730,213.480614699304,-0.300713812705272,0.141571039913568,-2.12411954372069,0.0336601486644385,0.0429757424395528
E745S_02428,143.685710244745,-0.329291733289417,0.155211625496697,-2.12156616642369,0.0338741860927332,0.0432300551144
E745S_01932,5.96924499194512,-1.66483645696052,0.784917945805981,-2.12103247970844,0.0339190692348874,0.0432683657067297
E745S_01315,4.65010617018766,1.96842498983106,0.929571371835647,2.11756197476689,0.0342121814168952,0.0436231537908812
E745S_01938,1550.59996699869,-0.15040528337386,0.0714510002731519,-2.10501298510688,0.0352901777592793,0.0449779804979256
E745S_01517,36.3675044820863,0.624455623477418,0.297598323255162,2.09831700880252,0.0358771509954541,0.0457060772637929
E745S_01214,1779.01691514219,-0.188253701172078,0.0897639720518019,-2.09720778692189,0.0359751854822445,0.0458109207956316
E745S_01589,1770.43200508745,0.148685905707247,0.0709290416418551,2.09626271926826,0.0360588919233367,0.0458974352377932
E745S_02315,2038.91465956613,-0.146260688047907,0.0698969583500605,-2.09251863744054,0.0363921463231189,0.046301371480157
E745S_01381,180.609996099247,-0.29929771635831,0.143054186227649,-2.09219823796015,0.0364207860652814,0.0463175658523522
E745S_02409,11.0774060337875,-1.19582719489939,0.572092160796303,-2.09027019918417,0.0365935346860017,0.0465169342667908
E745S_03115,229.211220982003,-0.307598084450648,0.147433217578965,-2.08635536483425,0.0369464449982811,0.0469450464382349
E745S_02895,17.7598205313656,0.885661236345782,0.42565537607265,2.08070022401084,0.0374613535704131,0.0475785341376407
E745S_03163,217.585505506326,0.28066759922971,0.134944721771889,2.0798708948702,0.0375373762603849,0.0476542966829396
E745S_02743,133.301823989494,0.334385651702716,0.160944857617195,2.07764110424732,0.0377424273265803,0.0478937253477225
E745S_01979,31.5963141317692,-0.667522823155061,0.321460571415105,-2.07653094193341,0.0378448724379436,0.0480027989833785
E745S_00437,2281.0768915989,0.147406857274765,0.0712113168736683,2.06999201455957,0.0384530922599444,0.0487530276867153
E745S_02233,30.3748136252196,-0.67898154967302,0.330308102743249,-2.05560064689299,0.0398210254025842,0.0504653917923041
E745S_02140,3130.23937976806,-0.124318373197235,0.0605043326963145,-2.05470199665234,0.0399077969855714,0.050553349445169
E745S_01264,5221.68040630164,-0.149414136186867,0.0728365808719934,-2.05136120336916,0.0402317842911803,0.0509415937675623
E745S_00228,749.414499439898,-0.172706229625054,0.0842753363293168,-2.04930928961449,0.0404318808558609,0.0511726979006135
E745S_01305,8.12271651367505,1.3144700771746,0.642647715619993,2.04539757199085,0.0408156781346544,0.0516360013255015
E745S_02861,124.139736032029,-0.356484071247382,0.175613023080025,-2.02994097473589,0.0423625394332244,0.053569657814994
E745S_00076,138.617311835578,0.322306907035071,0.159246144084712,2.02395423065075,0.0429748612461513,0.0543203738981965
E745S_01353,17.5977865532634,0.869885997928963,0.429883621590677,2.02353835838213,0.0430176729835767,0.0543508880447882
E745S_02657,16.6118842895648,-1.11906123818169,0.55385233533547,-2.02050468470783,0.0433310647045539,0.0547230929956427
E745S_01380,438.636373141676,-0.201945717502065,0.100717447918398,-2.00507182892167,0.0449553686351646,0.0567498170411813
E745S_00469,925.286403728979,-0.161819035764395,0.0807416325628749,-2.00415858124226,0.0450530757926968,0.0568238750574265
E745S_01741,71.5663529838571,0.437428019161148,0.218252130387755,2.00423252860807,0.0450451576053906,0.0568238750574265
E745S_00220,45.1908165789305,0.524651195781676,0.264326968529534,1.98485685626533,0.0471603996402766,0.0594560083814833
E745S_02379,2499.52807833082,0.138663421902772,0.0701233968960134,1.97742020553278,0.0479941518971087,0.0604547711693999
E745S_02425,3.16520434851783,-2.30559873805085,1.16594280288802,-1.97745441057651,0.0479902888641929,0.0604547711693999
E745S_01587,794.777842818458,-0.178077221989742,0.0902324176365276,-1.97353929612158,0.0484341520768342,0.0609826196780555
E745S_02137,318.583415591392,0.220677575666178,0.112236307256376,1.96618706602754,0.0492770059647527,0.0620170187476848
E745S_01382,357.767086140329,0.218661844720899,0.111558644434421,1.96006186548311,0.0499885597803184,0.062885348971697
E745S_00408,30.9952822044995,-0.643667499072027,0.329366874575374,-1.95425693583138,0.0506708389659505,0.0637161175939014
E745S_01233,392.280128860985,-0.252844859134931,0.129443044782454,-1.95332904568083,0.0507806178915896,0.063826588377555
E745S_00009,1081.19804775099,0.152427356253867,0.0780628844786667,1.952622648674,0.0508643254090741,0.0639042085739381
E745S_01783,70.331121937968,-0.445709162004901,0.228610059027125,-1.94964807717414,0.0512180789129665,0.0643208920257314
E745S_02983,50.6299009396437,-0.506030937736977,0.261792390684706,-1.93294746426157,0.0532426699527486,0.0668345891472407
E745S_02637,125.280637206502,0.331870810305378,0.171713483499243,1.93270093613144,0.0532730498180998,0.0668439000088313
E745S_00346,180.510922795038,-0.274307082053208,0.141981451352164,-1.93199237957379,0.0533604464534472,0.0669030526708425
E745S_00380,2021.10018530944,0.127140257992175,0.0658094229009395,1.93194610114656,0.0533661588119877,0.0669030526708425
E745S_00351,173.559417570349,-0.302488429812972,0.156910507358342,-1.92777676208878,0.0538828993309231,0.067521790767248
E745S_03116,878.346865784532,0.154499749728762,0.0805774402379438,1.91740702202164,0.0551862428397891,0.0691252809408891
E745S_00536,51.2675358152546,0.497024579106318,0.259407256154021,1.9160010651792,0.0553649601078065,0.0693193113435805
E745S_02520,160.988422432391,0.286933195365294,0.149840544754369,1.91492359985516,0.0555022476318715,0.0694613253896724
E745S_00769,15.1895468840761,0.940044893215848,0.491209841261618,1.91373383481375,0.0556541735023911,0.0696215294651743
E745S_00089,13.3524084850888,-1.05388592872537,0.551013493250137,-1.91263179874064,0.0557952058472394,0.0697679743218703
E745S_01539,6245.69550427778,-0.112876155622419,0.0591172339532085,-1.90936124839266,0.0562155061761619,0.0702633484237043
E745S_00011,73.7135392906501,-0.4085379053906,0.214225010203667,-1.90705046531307,0.056514052819735,0.0706061835872311
E745S_02963,10.5307655880486,1.05134734711289,0.551735617490093,1.90552741890325,0.0567115467718346,0.0708225279505836
E745S_00303,13.5494469703411,-0.945199606510572,0.496222499752735,-1.90478990167024,0.056807387084934,0.0709117940841522
E745S_02659,9.63432961046747,-1.15328048490767,0.605564986273719,-1.90447022375626,0.0568489710563591,0.0709332853600778
E745S_02887,34.3627838015895,-0.586718061768235,0.308869653636375,-1.89956525304672,0.0574901957510663,0.0717026391736735
E745S_02698,8.74135975401369,-1.19646651284079,0.630439841593832,-1.89782820485452,0.0577187164633889,0.0719568238222377
E745S_00581,5.18798506423473,-1.65693190031805,0.874947763316339,-1.89374951258545,0.0582582659140776,0.0725983784571404
E745S_00029,730.459159878972,0.165233738960198,0.0874718998149943,1.88899222847191,0.0588928700603275,0.0733577855137413
E745S_02562,1486.09951504743,-0.144939822132075,0.0768554875221864,-1.88587473458202,0.0593118369225477,0.0738480570066451
E745S_01227,1737.91411864528,-0.144014544253052,0.0763972367599072,-1.88507530325535,0.059419671819463,0.0739506903234104
E745S_02398,22.3304096032702,0.758242415216325,0.40261183941566,1.88330878773167,0.0596585332036906,0.0742162351093775
E745S_03120,42.257287246795,0.530978672426531,0.282043085773465,1.88261545561521,0.0597525002971537,0.0743013790538294
E745S_02735,16.0126800995277,-0.863736790782967,0.460103913556416,-1.87726460335152,0.0604818370345152,0.0751761859980674
E745S_02976,9.04577389123389,-1.15041883766398,0.613404382784183,-1.87546563075135,0.0607286934772763,0.0754508009869191
E745S_01995,1004.11358084712,0.141620195582288,0.0756215844852964,1.87274832372527,0.0611031469452329,0.0758836436679066
E745S_03050,198.680438001097,0.256529861667279,0.137464487459704,1.86615369836866,0.0620198649293651,0.0769892651639155
E745S_01677,6855.32724517692,0.100238612311441,0.0537568192291248,1.8646678458448,0.0622279764676585,0.0772146800926487
E745S_02749,17.6074942060654,0.818031485940137,0.438857781390319,1.86400132486789,0.0623215182851737,0.0772978013328251
E745S_02660,15.4177207791446,-0.861812947768243,0.465525279364137,-1.85126992232387,0.064130730892242,0.0795079035891467
E745S_01213,3995.11394093335,-0.109776632779097,0.0593276085752884,-1.85034649828819,0.0642636248841579,0.0796387450139564
E745S_01300,492.445163364489,-0.186351909261738,0.100794561412746,-1.84882901071062,0.0644825068871811,0.0798759904462061
E745S_01091,12.0524426766394,-0.962539413919538,0.52128391733339,-1.84647824710069,0.0648227950279972,0.0802633587096979
E745S_02852,461.885578536765,-0.193204540026692,0.104693098607268,-1.84543721216482,0.0649739641788599,0.0804163306652471
E745S_02703,9.84209818669296,-1.0654380851773,0.577435814542119,-1.84511950652411,0.0650201562351572,0.0804393008077104
E745S_02507,5277.87834009276,-0.10774289588353,0.0587288226539492,-1.83458293585058,0.0665675089566006,0.0823186145168497
E745S_01112,30.1331863011359,-0.613644316636499,0.335797394039946,-1.82742429669808,0.0676359989703453,0.0835689274204904
E745S_01351,22.30157248811,-0.701484081260739,0.383835404714079,-1.82756481722492,0.0676148900852164,0.0835689274204904
E745S_02747,15.3358596819461,-0.837476978792696,0.4595087370632,-1.82254854204766,0.0683717953423467,0.084442213085096
E745S_00174,7.67371068004424,1.20103204650491,0.660964111788233,1.81709116287045,0.069203155677973,0.0854327337483373
E745S_02712,128.305297201029,-0.29729654778379,0.16369643920771,-1.81614547770681,0.069348059087307,0.0855753285303734
E745S_01121,76.3190727972955,-0.375900092922997,0.207117641891635,-1.81491103070626,0.069537583102963,0.0857728408528497
E745S_00019,20654.8193622194,0.116007178129973,0.0639411408421007,1.81428070569536,0.0696345204806869,0.0858560309696229
E745S_00988,781.499273642337,-0.149695221919758,0.0829054833297068,-1.80561304159382,0.0709788041191551,0.0874764177776716
E745S_02825,241.050778724852,-0.229626112096795,0.127676766131828,-1.79849567821684,0.0720984929056823,0.0888187527924
E745S_02112,390.282981539564,0.203071907808206,0.113213717810964,1.79370408228516,0.0728604133920895,0.0897194007548107
E745S_00436,3929.37669624755,0.125182295778493,0.0698118383277178,1.79313851027458,0.0729507792330988,0.0897926927473786
E745S_01603,4.81286432910752,-1.5495995146872,0.865168733175597,-1.79109514163718,0.0732780286722574,0.0901573717096117
E745S_01640,93.8236370664949,0.339960297453198,0.190155428718575,1.78780221918529,0.073807922724478,0.0907709603088109
E745S_02964,29.5251829485333,0.583296879834396,0.326978035242959,1.78390233276979,0.0744395367992071,0.0915090758540928
E745S_02796,25.7315435487374,0.65824529332418,0.369659824017237,1.7806784793943,0.0749649908080501,0.0921161199840581
E745S_01303,3.3274727100426,-1.89863856663779,1.06760296023978,-1.77841260969468,0.0753361131889572,0.0925330909253394
E745S_02674,369.71582327577,-0.189444733553921,0.106760098449355,-1.77449006047695,0.0759821247426062,0.0932872058733558
E745S_00210,78.8951827430173,0.373241029464336,0.210378838250547,1.77413770590287,0.0760403751893462,0.0933193643238561
E745S_01234,700.583289440536,-0.151563410829938,0.0859444034296259,-1.76350529856249,0.0778153044238923,0.0954573751276657
E745S_01624,27.74101854336,-0.600306019262364,0.340458265752546,-1.76322938711872,0.0778618092651152,0.0954741898781593
E745S_01784,150.125978228507,-0.277287036224631,0.157377360598589,-1.7619245561748,0.0780820450612038,0.0957039297571218
E745S_00004,140.940446315413,0.274682203438157,0.156035025508321,1.76038810865262,0.0783420241674867,0.0959821684981286
E745S_01364,993.510313480888,-0.132397108687809,0.0754428897914955,-1.75493156550233,0.0792710141294138,0.0970794792304264
E745S_03153,12.5929855324143,0.936135729209784,0.533887749938482,1.75343174537654,0.0795279258858242,0.0973531506533366
E745S_01472,7030.27716870913,-0.102686677046521,0.0588583095866611,-1.74464196759385,0.0810472107560355,0.0991673816662813
E745S_02455,584.986867330093,-0.155517876971621,0.0891493445860124,-1.74446461377599,0.0810781066182582,0.0991673816662813
E745S_02582,6012.06793229115,0.11070721402103,0.0637402625387327,1.73684904347166,0.0824138197507712,0.100758769128305
E745S_01372,7.98452281529167,-1.1625789255484,0.67203060238885,-1.72994938238795,0.0836393192313225,0.102171237214595
E745S_01515,199.51165627669,-0.244760669766542,0.141468457085463,-1.73014306375504,0.0836047178690066,0.102171237214595
E745S_00080,561.99937895051,0.158742883688726,0.0918031655449505,1.72916568558846,0.0837794458281178,0.102299482720491
E745S_01115,21.8090749934125,-0.71511076619916,0.414192694806289,-1.72651709015198,0.0842544274209577,0.102836326298703
E745S_02690,6.68190787077984,-1.2447049895971,0.721086493200089,-1.72615213477825,0.0843200466083286,0.102873284022148
E745S_01625,39.858685864103,-0.488985263632935,0.285346636423728,-1.71365350494902,0.0865923807557608,0.105601349132811
E745S_01954,32.8314699940129,-0.549259479033096,0.32058248558998,-1.71331717645858,0.0866542040969675,0.105632490840148
E745S_01551,10.1437006826565,-0.995574614886356,0.582718456275789,-1.70850022710654,0.0875435642809522,0.106671961331876
E745S_01792,402.654232486856,-0.20049065152115,0.118185318642198,-1.69640911260839,0.0898084291650723,0.109385915188086
E745S_00151,55.7963485813695,-0.412567789746683,0.243657864765412,-1.69322582771499,0.09041249019593,0.110075599732477
E745S_01457,17.5051090627598,-0.759927576667293,0.450008355754226,-1.68869659185247,0.0912775891088693,0.111082383735752
E745S_02459,2007.96554774166,0.106617328296518,0.0631644942828407,1.68793132133857,0.0914244133259023,0.111214570493816
E745S_01680,10.0293291271113,-1.01257790886496,0.600707142606771,-1.68564319789984,0.0918645435829393,0.111703294223031
E745S_01306,8.55365838751583,1.03323906799578,0.61515498434838,1.67964024397896,0.0930273326468311,0.113069964649238
E745S_02268,85.7888238797409,0.343399091894914,0.205787248350724,1.66870928421015,0.0951750082906325,0.115632073929061
E745S_02513,15168.8649789292,-0.0982893993655378,0.059057638207608,-1.66429614100071,0.0960532632205461,0.116650416869007
E745S_03100,3.45891331160264,1.79099612686667,1.07627158843571,1.66407451995436,0.09609753826416,0.116655518718503
E745S_02325,5.05079767400868,1.38078016844252,0.832255779660557,1.65908150136931,0.0970993703277604,0.117822537317262
E745S_00801,9292.96666152626,0.0996278711994895,0.0603408519657947,1.6510849276037,0.0987212345282633,0.119740630713239
E745S_02954,53.5873205803916,-0.425752979160501,0.25816041604367,-1.64917993891241,0.099110776545946,0.120163044783527
E745S_00024,223.881175880771,-0.247361179565503,0.150464763748087,-1.64398077931151,0.100180172684334,0.121358502989636
E745S_01578,4380.25211760631,-0.103057697736813,0.0626846588671288,-1.6440657028263,0.100162631465651,0.121358502989636
E745S_02394,16.6585034047158,0.746643630411912,0.454307347323633,1.64347689908706,0.100284301110769,0.121434110038872
E745S_03083,2.00219448561868,2.4814663186434,1.51913778653443,1.63347020964063,0.102370141202223,0.123908308124603
E745S_03140,18.2882860019012,0.674961388840153,0.415038605286983,1.62626170250703,0.103893995109427,0.125700506967391
E745S_01453,111.696016205163,-0.304468806072281,0.187582008317119,-1.62312371428265,0.104562961153382,0.126457324436018
E745S_02899,1.91993152889387,2.38241973586126,1.4689403795817,1.62186278556771,0.104832731326616,0.126730930602899
E745S_00770,18.6641017303037,0.713088359530345,0.439894450354134,1.62104422766934,0.105008153780536,0.126890301226708
E745S_02648,84.1462138601981,-0.325205344869637,0.200643251387147,-1.62081377081626,0.105057584243691,0.126897355905969
E745S_00088,199.703269912004,-0.220199079508333,0.136335077332688,-1.61513151139378,0.106282218250599,0.128323325312108
E745S_03081,56.6890443650113,-0.400844006208946,0.248471177832478,-1.6132414620709,0.106692058760526,0.128764752509076
E745S_00748,402.2036856444,0.171457025911269,0.106345167045929,1.61226909199568,0.106903396050202,0.128966343100761
E745S_00085,12.8819217561011,0.811213286322194,0.507820658166357,1.5974405004541,0.110167550652496,0.132849105198598
E745S_01639,802.656523274019,-0.428916306418981,0.268998702020178,-1.59449210422885,0.110825857816945,0.133587607496947
E745S_00365,23.0817744075446,-0.608097334504173,0.381861599581434,-1.59245479296876,0.111282553060619,0.134082579453419
E745S_02766,14.2421829395709,-0.813083611841882,0.510718314507101,-1.5920392685087,0.111375881496134,0.134139508082435
E745S_00502,851.765434624173,-0.128124065476695,0.0805785799449007,-1.59005117196537,0.111823270916666,0.134622639221842
E745S_01701,239.065073280917,0.209779618170299,0.132176356361702,1.58711908804806,0.112485675497973,0.135364117972137
E745S_02421,5.90820497237895,-1.23183880356765,0.777123230605893,-1.58512672772275,0.112937544024311,0.135851731675525
E745S_00751,327.390569188611,-0.178079799285499,0.112623209338224,-1.58119982845365,0.113832354588821,0.136871534162767
E745S_01699,26.4043421268709,-0.57030366066912,0.362730072794095,-1.57225359418395,0.115891750584276,0.139290208897947
E745S_00487,247.237765250727,0.215214643527369,0.137086512194263,1.56991844115482,0.116434086754025,0.139884286645054
E745S_01342,40.5441911478674,0.445531644277708,0.284254229250973,1.56737032708963,0.117028155604682,0.140540000398197
E745S_02411,378.735142693527,0.169279569358583,0.108066790398312,1.56643469038595,0.117246886946824,0.14074461356792
E745S_02758,15.1596232063483,0.708281413233593,0.452398226582471,1.56561491981109,0.117438794998018,0.140916872316254
E745S_01721,9.26197393204666,-0.921035245603725,0.589273229859549,-1.56300201491123,0.118052120895583,0.141594447435946
E745S_01332,15.5401123426807,0.716147460103427,0.458268532715922,1.56272449225171,0.118117410998602,0.141614408326577
E745S_01206,8238.2877983881,0.0964201659283307,0.0619830139928189,1.55559014828646,0.119805582865966,0.143579272014338
E745S_02303,320.433955598212,0.492810253008134,0.317371282941623,1.55278778987317,0.120473840692426,0.144320720269815
E745S_02401,101.548882740477,0.298198666448875,0.192133435411798,1.55203942411038,0.120652790707745,0.144475637083605
E745S_03133,28.1820374633986,0.544448922504465,0.356398906915622,1.52763914798808,0.126602156321579,0.15153736720893
E745S_01981,117.921833069724,-0.271308091268955,0.178290726153354,-1.52171734964832,0.128079918464747,0.153243174126954
E745S_01120,18.080643506267,0.701058362808559,0.461819578856134,1.5180351698059,0.12900553280554,0.154287225142533
E745S_00688,25788.4257409878,0.118446040435375,0.0783281373267574,1.51217741769168,0.130488734251438,0.155997004273486
E745S_00368,2549.02107953972,-0.0960617986097767,0.0636314975472851,-1.50965798877187,0.131130716317861,0.156700129392978
E745S_03148,3.94732420920519,-1.46925652873929,0.974571766077546,-1.50759192896871,0.131658999693828,0.157266864221885
E745S_00153,566.928352483561,0.142520568796237,0.0951737838975671,1.49747717238633,0.134269141040379,0.160318896459616
E745S_02430,39.1103157505511,-0.426576042105803,0.286336462161647,-1.48977199370783,0.136284197376151,0.1626581789922
E745S_01941,259.855093082926,-0.181902253924775,0.12216357545942,-1.48900564870254,0.136485881274829,0.162812090812559
E745S_02881,10.1886942697433,0.857671346137185,0.576060234319545,1.48885705875929,0.136525013285282,0.162812090812559
E745S_03046,995.045015580084,-0.110922950036299,0.0746090112466381,-1.48672322797063,0.137087925255729,0.163416441613197
E745S_01407,2188.1868023383,-0.117546623430997,0.0792091505176224,-1.48400308124558,0.137808103159164,0.164207690665709
E745S_01992,666.159816940835,-0.147572894904856,0.0994715655289664,-1.48356863712859,0.137923394894004,0.164277824278415
E745S_00123,31.2411576072347,-0.476857578569975,0.321794082743129,-1.48187180604755,0.138374408218728,0.164680254425478
E745S_01881,78.9198215282706,-0.305108295419306,0.205876031348837,-1.48200008238128,0.138340273043953,0.164680254425478
E745S_02056,12.8636519340606,0.742140929065278,0.50163947868316,1.47943086738996,0.139025195409544,0.165387145009065
E745S_01944,123.353776859341,0.2614852047082,0.177125208627318,1.47627323481877,0.139870556309109,0.166324832277703
E745S_01207,3602.63177582281,0.088878038756528,0.0615937785632249,1.44297104074069,0.14902862919764,0.177142645812302
E745S_00582,29.7845144683853,-0.473125504113845,0.329674836258152,-1.43512774430671,0.151250698821614,0.179710524191722
E745S_00125,46.1888069690001,-0.400272354980294,0.279658657247594,-1.43128898250382,0.152347410210633,0.180865950702754
E745S_01377,1308.96956343985,0.104696787869741,0.0731420359544192,1.4314174674463,0.152310605187315,0.180865950702754
E745S_01005,136.865480398397,-0.237575780351174,0.1660137401711,-1.43106094776444,0.152412748337761,0.180869755569189
E745S_01265,1813.07398679768,-0.101234573657363,0.0707605985209331,-1.4306630494005,0.152526808064556,0.180931352190678
E745S_03134,22.4780618719838,0.584125374107349,0.408883115958182,1.42858766065335,0.15312278279642,0.181564326159013
E745S_01815,3386.00573606729,-0.293500803964082,0.205516107186686,-1.42811582012632,0.153258524707737,0.18165128885351
E745S_01644,34.7217663574622,0.436873213048868,0.306047062227757,1.42747069639816,0.153444265850012,0.181797418758398
E745S_02227,34.9612621083177,0.429006079322672,0.300686650425284,1.42675465876485,0.153650624587493,0.181967847100973
E745S_01317,3.43678227794569,-1.47981849022145,1.03766836716352,-1.42609964517523,0.153839581202569,0.182117535941716
E745S_00069,255.557829587142,0.182044482693395,0.128228870062964,1.41968405869915,0.155699681128524,0.184171087482748
E745S_02785,22.3228030430813,-0.548829307744829,0.386586577082226,-1.41968019657365,0.155700806009977,0.184171087482748
E745S_00067,112.065768792859,0.252816304996777,0.178233170302062,1.41845821722362,0.15605702911873,0.184517470253706
E745S_02400,19.815400157016,-0.563603736489699,0.397839082843106,-1.4166625673425,0.156581606177856,0.185062547943052
E745S_02965,98.8427438877992,0.262698117551162,0.185928598121417,1.4128978554424,0.15768575976099,0.186291902055294
E745S_00065,52.8126748094181,0.368615431495129,0.262332356459585,1.40514664858705,0.159977674996054,0.188922925725564
E745S_00327,34.5871513860462,0.443034336730975,0.318713698229528,1.39006995680466,0.16450763519287,0.194193725079661
E745S_03150,10.2710980941955,-0.820658379773379,0.593952071725409,-1.38169124890733,0.167066522533504,0.197134433358342
E745S_00784,53.9974272281567,0.341039649523957,0.246937206580133,1.38107842980433,0.16725484701032,0.197276685432351
E745S_00778,4.8987155759671,1.11738818922153,0.820518425193284,1.361807553509,0.173258627144688,0.204192657335298
E745S_01769,54.1644479618037,-0.357772039300648,0.262675859339903,-1.36202862417475,0.173188851807378,0.204192657335298
E745S_02822,41.5928875014311,-0.375567886032528,0.275942453743176,-1.3610369877412,0.173502000906819,0.204396731946479
E745S_02973,270.493774007653,0.183498343753989,0.134876731304073,1.36048925548397,0.173675150705348,0.204517946481905
E745S_00369,6019.89150403632,0.0789974482995927,0.0582333860558168,1.3565662869728,0.174919059875692,0.205899467569001
E745S_02997,24.7806531668673,-0.518537723661356,0.382705855810904,-1.35492497903551,0.175441460282357,0.206430917898925
E745S_00406,7.90139664621892,-0.865071775425769,0.640939563613322,-1.34969320749821,0.177114412059536,0.208315173133458
E745S_02702,7.30163783731463,-0.937889629096929,0.700948788826674,-1.33802874624675,0.180887066212871,0.212666498281772
E745S_03106,2.52329595616594,1.60912313471266,1.21225233714392,1.32738299230981,0.184382022843045,0.216687956599154
E745S_01458,35.3961613592551,-0.406795464917385,0.306654442795055,-1.32655982809047,0.184654331945005,0.216920403669052
E745S_02397,68.694074767899,0.289129569938819,0.218009364609925,1.3262254603427,0.184765028349123,0.216962887262726
E745S_00468,20.4868247224659,0.531654240217877,0.401193394290257,1.32518193914537,0.185110814171168,0.217281282279141
E745S_03095,12.9064561177701,0.663264779128535,0.501177524692004,1.32341285562664,0.185698118922564,0.217882798945419
E745S_01109,25.7166482394826,-0.483092862222762,0.366049878800744,-1.31974599692664,0.186919837247832,0.219227899366816
E745S_00458,1690.98504645169,0.0872496605312186,0.0661324046462279,1.31931782910294,0.18706287972774,0.219307306841503
E745S_03082,5.1404159481059,-1.15029021127509,0.874161802656697,-1.31587791616976,0.188215022045334,0.220569214643304
E745S_01313,5.95842071968933,0.962279732370548,0.732107071556834,1.31439753795063,0.188712458580513,0.221063165765744
E745S_02442,42.2786578639751,0.379924029023825,0.290543847272945,1.30763061269342,0.1909986284652,0.223651249984793
E745S_02407,69.5979892964411,-0.288642773116371,0.220782498962278,-1.30736256031638,0.191089606434879,0.223667810346575
E745S_01271,1.76120145938393,-1.95389188979443,1.49643745503654,-1.30569565952672,0.191656074631261,0.224240688605949
E745S_01708,59.5732685788248,-0.324218698931693,0.248682107854383,-1.30374759056466,0.192319657262224,0.224926686336013
E745S_01685,136.441419093828,-0.216337837029223,0.166510450417727,-1.299244801071,0.19385993099917,0.226637051862886
E745S_00087,19.6942936357629,0.515701458362398,0.397635101712761,1.29692136368515,0.194658244961852,0.227478984778784
E745S_01743,83.1251667344814,-0.255338117861832,0.198427467629392,-1.28680832806239,0.198161103482067,0.2314795233693
E745S_00040,221.231239869028,0.166224399275249,0.129323142795516,1.28534147625905,0.198672982411856,0.231984376975897
E745S_02422,8.62954385505176,-0.773088258075988,0.60270561058465,-1.28269630230596,0.199598495886624,0.232971620499584
E745S_02270,32.2524931547638,-0.415308266920099,0.324160157028374,-1.28118233507564,0.200129629326951,0.233497936260824
E745S_00276,8.48214983637998,-0.837666649937429,0.654524990754702,-1.27980850505273,0.200612491951858,0.233967533682635
E745S_00670,434.711187837647,0.132309638114596,0.103712171632772,1.27573876847437,0.202047879132609,0.235547207110543
E745S_00579,17.6159745466502,0.559346806269117,0.438705709760261,1.27499322170842,0.202311641167684,0.235760283202213
E745S_00023,6.34406468989237,-0.986346093887711,0.774030464679195,-1.27429880204588,0.20255754091237,0.235952381591001
E745S_02446,10.8553073562929,-0.698099855274726,0.548763049241753,-1.27213349411794,0.203325692389186,0.236752436217968
E745S_01019,835.787505227838,-0.1039870375727,0.0818370418825471,-1.27065977924695,0.203849710168821,0.237172864229191
E745S_02471,10170.4812851462,0.0773598644008984,0.0608807574629431,1.27067841506384,0.203843077587695,0.237172864229191
E745S_00802,4276.51998837035,0.0892814021678962,0.0705141290702385,1.26614911571784,0.205459701040113,0.238950535248809
E745S_01869,20.9613527636191,-0.499937090957997,0.396537893825562,-1.26075489566684,0.207397168920756,0.24110749150492
E745S_02971,219.522596982618,0.164636113936464,0.131017957639324,1.25659197336664,0.208901422727118,0.242759298027401
E745S_02738,55.5806381617719,-0.308363385369131,0.24650563273482,-1.25093849559557,0.210956917671738,0.245050114661783
E745S_01683,1916.98064594508,-0.0872324354518279,0.0697592358548931,-1.2504786553752,0.211124747705597,0.24514724394535
E745S_01873,48.4073798773256,-0.333852927798915,0.268351556342404,-1.24408791344193,0.213467208895988,0.247768359288765
E745S_00467,58.8217331319231,-0.295803514071947,0.238173259979045,-1.24196777630693,0.21424845146534,0.248576023202712
E745S_01994,4204.47855159323,-0.0789541451761169,0.064020118051638,-1.23327084639915,0.217474730986518,0.25221870195289
E745S_00676,1035.87492015067,-0.104315234193587,0.0846829978364972,-1.23183208977787,0.218011813475523,0.252740895669951
E745S_02139,2219.98705310569,-0.0808959882565122,0.0659084096935407,-1.22740009404961,0.219672251080721,0.254564459751584
E745S_01690,4.39751232862553,-1.06013652533226,0.866205633304622,-1.22388551236706,0.220995419627254,0.255995887996394
E745S_01455,471.871394575077,-0.117196538504621,0.0958941260590452,-1.22214512317948,0.221652751822019,0.256655195128838
E745S_00434,2.75826253242359,1.33217377329149,1.09037860345535,1.22175340663317,0.221800893208172,0.256724612377331
E745S_00956,376.443659870335,-0.137501580053906,0.11274166457282,-1.21961637319177,0.222610336602805,0.257559097714931
E745S_01774,156.109096545478,0.180482492542189,0.148118875567435,1.21849758750039,0.223034940990968,0.257947839978033
E745S_01090,24.6394751954275,-0.447080441629143,0.369114249054574,-1.21122509568316,0.225809147164393,0.261052592293705
E745S_02431,2.10362668217823,-1.55276407119636,1.28469552540664,-1.20866309603193,0.226792305089024,0.26208511318545
E745S_02900,3.51296070305069,1.18174637958357,0.978150793298794,1.20814335343752,0.226992126326457,0.2622119364033
E745S_01390,7410.94267925442,0.0897513150417051,0.0746901861252819,1.20164803032035,0.229499924195018,0.265003680813843
E745S_01154,1043.97159916795,-0.0896812501637353,0.0750315140217171,-1.19524777465876,0.231990237782241,0.267773030207813
E745S_01008,33.7644025708181,0.36955282316118,0.312585039444598,1.18224731362001,0.237107584144477,0.273571215792538
E745S_02463,1982.54173263243,0.0775352047181541,0.0656584767806032,1.1808864372111,0.237647839942197,0.274085919996725
E745S_00041,1026.69576693154,-0.0957612465265463,0.0811779428372782,-1.1796461351392,0.238140985635688,0.274545904627916
E745S_02566,108.233820346706,-0.219105840249033,0.186308338190552,-1.17603883098853,0.239579359364798,0.276094819917231
E745S_01245,1504.29227528273,-0.1087219107651,0.0926615358947829,-1.17332299443594,0.240666304539034,0.277237678081965
E745S_01641,33.1348907044244,-0.368820190261448,0.31444840078887,-1.17291164253395,0.240831240220057,0.277317935237573
E745S_01018,8536.69479345498,0.0623032052773861,0.0532354529129358,1.17033296174413,0.241867002116334,0.278400491562139
E745S_01710,100.116283246293,-0.233870444352006,0.199873733666463,-1.17009093722277,0.241964375187322,0.278402488604859
E745S_00601,61.7078850523827,0.275511988441519,0.235580228579981,1.16950386754541,0.242200683930749,0.278564279305575
E745S_00710,13291.4756380958,0.0847366170776592,0.0725355283804613,1.16820844859916,0.242722693409509,0.279054407786367
E745S_02720,11.0217102699499,0.626735985941334,0.536834147592439,1.16746669106666,0.243021952216767,0.279288157482435
E745S_02695,5.27663620275997,-0.937606565097712,0.803765868318332,-1.16651701951391,0.2434054714827,0.27961851913423
E745S_02567,98.3753778644792,-0.222442458502195,0.191262561783505,-1.16302143204577,0.244820806980657,0.281133478943073
E745S_02816,20.6582347558473,-0.457693363742137,0.396879417128763,-1.15323028604843,0.248815875640079,0.285608444001684
E745S_01093,3.88703264622017,-1.08673082801054,0.943084635789702,-1.15231527136539,0.249191543811662,0.285926915268328
E745S_01695,1237.24589134713,-0.0826002870213736,0.0717165185029631,-1.15176097146937,0.249419309770126,0.286075496745799
E745S_02351,881.681680946609,-0.0918221154569088,0.080067737135053,-1.14680542678544,0.251462045855652,0.288304850526114
E745S_01559,111.654299079399,-0.200650440246328,0.17564556060777,-1.14235987264372,0.253304463615818,0.290302871490411
E745S_01758,1.55523690959602,-1.83450467649127,1.6063930998715,-1.14200233843012,0.253453047677495,0.290358843679334
E745S_03027,291.531904101349,-0.145302719588477,0.127309823271531,-1.14133156306855,0.25373197220631,0.290564032687871
E745S_01350,23.3256487694349,0.425504647300697,0.372902677869139,1.14106085194169,0.253844600904991,0.290578699659625
E745S_03146,56.27399336364,0.295895631587168,0.259713109609695,1.13931727216947,0.254570846872655,0.291295493414426
E745S_01452,5.51124432656525,-0.872302903899293,0.766524973700154,-1.13799671743052,0.255121853026214,0.291811282577332
E745S_01928,384.027328912749,-0.125046172001489,0.110260314438075,-1.13409954106124,0.256752796129249,0.293561425582185
E745S_01118,13.5295269413124,-0.55446269280224,0.490576768600938,-1.13022615070725,0.25838094328287,0.295191101215241
E745S_01284,12.1930836307919,0.583073694437018,0.515796724765256,1.13043310754325,0.258293770133592,0.295191101215241
E745S_02689,34.9462790834799,-0.366718195907636,0.32453683179478,-1.12997404294477,0.258487162193447,0.295196598330766
E745S_01716,434.252371004489,-0.116094040256099,0.103313585941908,-1.12370545652512,0.261138000828703,0.298106949181315
E745S_00079,81.2529026662985,-0.237388784844187,0.211458675963661,-1.1226249467531,0.261596815721417,0.298513653690728
E745S_00463,2127.12509526973,0.0722181461559166,0.0643553417953405,1.12217795976565,0.261786781818858,0.298613370640555
E745S_01922,1831.05833594791,-0.0764681975998297,0.0690244066181974,-1.10784288263146,0.267929676579874,0.30550070055778
E745S_00860,1818.44014408957,-0.0728796728081293,0.0659742791056247,-1.10466796751881,0.269303488231963,0.306946928051388
E745S_02332,19.9900077381292,-0.434713789487582,0.393868496588094,-1.10370286847847,0.269722050917841,0.307303675233595
E745S_00623,86.6283782080882,0.221307940096539,0.200947572796988,1.10132178764916,0.270756631899456,0.30836171966327
E745S_01786,168.174747267636,-0.15875474250555,0.144288819810466,-1.10025671229473,0.271220287020345,0.30876896969739
E745S_02714,10.006544589517,-0.622480387832717,0.566927601756706,-1.09798920691791,0.272209202240354,0.309773646490098
E745S_02447,6.64886957029841,-0.76554703524456,0.697650597489263,-1.09732155035722,0.272500853536289,0.309984362893371
E745S_01908,913.144079271747,0.0895046420855148,0.0817043068447973,1.09547030679221,0.273310647257181,0.310784099283458
E745S_02180,19.3221171939896,-0.462207001495367,0.422268068206246,-1.09458194046918,0.273699831059687,0.311105118397012
E745S_00490,2301.14890613703,-0.0721024217454652,0.0660419491693752,-1.09176701554563,0.274935520521717,0.312387705011209
E745S_03135,42.351649003973,0.31091494468525,0.286633833488484,1.08471125303406,0.278049562280567,0.315802682715073
E745S_01636,2.84390614889561,-1.21910911857558,1.12775424761835,-1.08100600919939,0.279694440593361,0.31754700334137
E745S_01782,90.8795859284278,-0.205828795411379,0.190644483109522,-1.07964726832999,0.280299283977638,0.318109635734466
E745S_03091,56.0404717192647,0.258110373370921,0.239391729227646,1.07819252654913,0.280947846417693,0.318721426703782
E745S_01293,986.279514307633,0.0825719681626064,0.0767023520731716,1.07652459058668,0.281692709280367,0.31944194651934
E745S_02821,82.5763972969845,0.225229968301912,0.209774665304036,1.07367573665521,0.282968039707079,0.320763225695991
E745S_00342,861.218926645492,-0.0859545759779032,0.0801180211222228,-1.07284946350306,0.283338663591166,0.321058329978157
E745S_02849,14.7072889780571,-0.503886792356992,0.471005113963763,-1.06981172267221,0.284704064614833,0.322479973577346
E745S_01363,19053.6101737533,-0.0731644825998219,0.0685649480407465,-1.06708288550503,0.285934409399504,0.323747594617642
E745S_02251,4304.46456432226,0.0627062040614404,0.0594597222959529,1.05459967924721,0.291608450555901,0.330043623471318
E745S_02737,48.1726921016551,-0.266766621187023,0.257139909679801,-1.03743764054055,0.299531943818367,0.338879707911102
E745S_02894,20.8583340187576,0.393200537917968,0.383610992857479,1.02499809765371,0.305364085280474,0.345343765443457
E745S_02622,37.7762090749403,-0.301030914323244,0.293848419489093,-1.02444285678527,0.305626148202823,0.345505909677056
E745S_01345,93.9788206375022,0.201945196615399,0.197194072967906,1.02409364326212,0.305791046593958,0.345558127575704
E745S_01986,4408.40061954451,-0.0670940404957329,0.0657209708335744,-1.02089241295043,0.307305414122423,0.347134676177871
E745S_02959,466.974637759698,-0.109839096055683,0.107875342719408,-1.01820391283839,0.3085810603431,0.348305337983235
E745S_03143,39.2907570960406,0.296062981970427,0.290706238284158,1.01842665543707,0.308475240032012,0.348305337983235
E745S_02748,6.50146613073652,-0.718809291743811,0.709453730194488,-1.01318699324727,0.310970851958562,0.350866724826113
E745S_01310,46.4415003854547,-0.268936342065746,0.266882985324716,-1.00769384656924,0.313601459988008,0.353697733446375
E745S_00764,2.15401552148799,1.30175062134688,1.29609576655737,1.00436299148213,0.315203681509144,0.355367125047683
E745S_02465,1557.84761890595,-0.0769832345449224,0.0772939668500083,-0.99597986340009,0.319259929193313,0.35980087258294
E745S_00072,14.0874306316601,0.481423035658735,0.485962895603338,0.990658011165715,0.321852600620393,0.362582399537912
E745S_00279,22.8547882017654,0.369890725303255,0.374359362393338,0.988063242063682,0.323121676461367,0.363871257322645
E745S_02805,2.8550078163112,1.06213588403283,1.07603316378173,0.98708471056779,0.323601112474899,0.364270239139377
E745S_00457,435.587072941679,-0.104286434850568,0.10568464372808,-0.98676999015004,0.323755409662413,0.364303052774366
E745S_00269,5.70190271585322,-0.757547672227708,0.768011538771691,-0.986375378473196,0.323948942654797,0.364379973751203
E745S_00744,3.28145661519397,0.981097747506665,0.999020563019421,0.982059613008778,0.326070480636117,0.366624630796345
E745S_02736,13.9542189297378,-0.477993169396156,0.486909614108377,-0.981687679902257,0.326253736755762,0.36668904544248
E745S_00020,5.81219004234934,-0.746329837884715,0.76114732925628,-0.980532689530627,0.326823241626022,0.367187362552431
E745S_01370,13.9581586544211,-0.46192464606168,0.471813336957369,-0.979041095024021,0.327559674751923,0.36787276743937
E745S_00190,22288.0569857797,-0.054722779276705,0.0559679679453333,-0.977751762046381,0.328197114111796,0.368446509517716
E745S_01909,1200.87595304608,-0.0818493082566964,0.0838027855506214,-0.976689589957067,0.328722850409456,0.368894455490334
E745S_02801,28.4155893497015,-0.328652216424493,0.337023597242223,-0.975160846640324,0.329480480259691,0.369602188067807
E745S_00420,4.41148608698642,-0.829652892652027,0.851378657106308,-0.974481666561712,0.329817437725827,0.369837658405193
E745S_02968,57.5509329152462,-0.231013825746798,0.238508898769768,-0.968575289804157,0.33275713717346,0.372990383639562
E745S_02646,21.1019307663312,0.373662248565455,0.386129499161573,0.967712255543311,0.333188095697319,0.373329694601576
E745S_01688,6.44928124110693,0.708440110889619,0.732687906872597,0.966905696469761,0.333591178682685,0.373637522564562
E745S_02728,2.05838138421873,1.20477207104466,1.24705081455122,0.966097016245665,0.333995637441563,0.373946654073996
E745S_00779,40.8036996027499,0.285003330548637,0.295802620028801,0.963491569212224,0.335300893037509,0.375263706125409
E745S_03141,3.26870854969653,0.960574861735076,0.997649468278224,0.962838043098312,0.335628805902149,0.375486338962781
E745S_02458,11936.1328438691,-0.0567694655830324,0.0590504242112068,-0.96137269700187,0.336364807291196,0.376165176344476
E745S_02543,218.855390035841,-0.124430729613461,0.129635825890426,-0.959848319388465,0.337131559626747,0.376877868691805
E745S_00409,21.672788146513,-0.391688798048311,0.408572167587883,-0.95867714230451,0.337721416975634,0.377392339660679
E745S_02009,525.202319949434,-0.088107215976426,0.0927013403732723,-0.950441661594671,0.341887883441752,0.381755131836954
E745S_02433,3.19914549494784,-1.0246933654466,1.07795124370185,-0.950593425661491,0.341810807285919,0.381755131836954
E745S_00456,1545.7739541209,0.068363602704088,0.0722237194999656,0.94655333701168,0.343866431352885,0.383817170885065
E745S_02986,6.84519252504486,-0.662913446625421,0.700970587293626,-0.945707935028858,0.344297574122639,0.384151107041396
E745S_01707,84.4015788932249,-0.194519336969321,0.206992514687445,-0.939740923786744,0.347350468082222,0.387408893711628
E745S_00762,16.752914287541,0.434970444691079,0.465965772127133,0.933481536005186,0.35057139934834,0.390851529491772
E745S_03061,1.67537512545032,1.35294566564381,1.45787088900137,0.928028452897202,0.353392810613674,0.393846275534612
E745S_00989,388.706066733259,-0.0987447642182144,0.106662517204151,-0.925768178049069,0.354566467940761,0.395003057089765
E745S_02678,364.255427786503,-0.101973898959172,0.11023568194563,-0.925053459636297,0.354938100153328,0.395265803192938
E745S_02891,3.86959036061669,0.842880558355614,0.91148534119804,0.924732982812151,0.355104818338596,0.395300239458376
E745S_02974,16.9570790112224,-0.406176445142032,0.441147259300485,-0.920727572434869,0.357192677062839,0.397472432312662
E745S_02795,480.819578576764,0.0871837007339656,0.0951760668627469,0.916025463204872,0.359653539737554,0.40005787320444
E745S_02441,38.6342115701905,0.259804806378398,0.284270026239925,0.913936688348287,0.360750114132607,0.401124362964102
E745S_01371,5.56443061912138,-0.682681587395139,0.74758395279994,-0.913183843551321,0.361145859723405,0.401411072033155
E745S_00758,60.7583916499166,0.21637407404396,0.237239647624415,0.912048539148533,0.361743166337065,0.401921510384426
E745S_02214,34.7962928105709,-0.276450756820624,0.303510894424393,-0.910842944682139,0.362378131429132,0.402473384429684
E745S_01344,18.5999905654312,0.376184707364467,0.414417015743738,0.907744356706355,0.364013302815817,0.404135287756233
E745S_00092,7.73107150756406,0.569687666316075,0.629475647984068,0.905019388979594,0.365455115495198,0.405581334809959
E745S_02466,7472.50188993694,0.0534583840207135,0.0590901766921231,0.904691558112054,0.365628814641802,0.405619466243249
E745S_01691,7.40064896353533,0.573981395041246,0.645555357854684,0.889128078726984,0.373934250034952,0.414675276895903
E745S_01316,11.5664365147896,0.490833402918005,0.553077671665727,0.887458359039774,0.374832175658978,0.41551274308579
E745S_00775,78.6893891256669,0.19331754855076,0.218231222818912,0.885838176836752,0.375704734369098,0.416241611391302
E745S_02841,4.59804912697303,0.737866697010005,0.833082553079086,0.885706577676893,0.375775662911832,0.416241611391302
E745S_02237,1214.49328222933,0.245520963418483,0.277800041075086,0.883804633247412,0.376801684841769,0.417219362713727
E745S_00268,2.34866783782217,1.03252427140071,1.17441544820765,0.87918144552382,0.379302903084225,0.419669612648491
E745S_01631,213.364385712366,0.116760963603627,0.132771825264326,0.879410698551265,0.379178633388089,0.419669612648491
E745S_00295,1.81634697613787,-1.22360085553273,1.39471372939825,-0.877313264895333,0.38031650925396,0.420631215212111
E745S_01007,28.6713376561019,0.288945336693076,0.329499656056757,0.876921512304416,0.380529270725036,0.420706687079598
E745S_00227,28.0473191024606,0.292061082071148,0.333396129134955,0.876018215415228,0.381020131340532,0.421089446595402
E745S_00501,23.5504816910166,0.321357264933148,0.36938586304026,0.86997716233153,0.384312884862826,0.424567289501209
E745S_01880,9.03618473273165,0.508956870928059,0.58652471401029,0.867750085837183,0.38553116036305,0.425751596288634
E745S_02929,2.06969361767246,1.16511295869007,1.343896324414,0.866966400252722,0.385960419755158,0.426064005273896
E745S_00578,2710.17588209154,0.0694768094067068,0.0802099953286882,0.866186428786108,0.386387934439742,0.426374252143324
E745S_00604,17.901384270387,0.367474594162138,0.427010973212633,0.860574123885924,0.389472642599933,0.429615332553393
E745S_01709,26.5844161981439,-0.293359388618075,0.343050991384928,-0.855148056659905,0.392469188030664,0.432756744832297
E745S_00532,688.500846137728,-0.0974782625987069,0.114369813947723,-0.852307608397992,0.394043384287029,0.434328016531444
E745S_01228,4571.78207542653,-0.0534969665038074,0.0629310175567931,-0.850089011440634,0.395275600447136,0.435521299357159
E745S_01119,11.307553048405,-0.443351105106251,0.523235756874604,-0.847325702192983,0.396813604388724,0.437050473846226
E745S_03132,12.905995609812,0.430630780181351,0.508824056832081,0.846325511538197,0.397371179792132,0.437499056117585
E745S_02901,5.53035548475726,0.644473761422586,0.76435210053637,0.843163459576207,0.399137031409922,0.439277088254928
E745S_00070,241.169612629182,0.108813877240143,0.13004426356596,0.836744922508256,0.402735962352768,0.443070440819693
E745S_01776,79.6785687416905,0.170086432479094,0.204163562531777,0.8330890702038,0.404794497297518,0.445166898992473
E745S_01700,103.994112478388,-0.154989202004008,0.186490361234843,-0.831084250026377,0.405926036532327,0.446096275234334
E745S_01738,12.1416652650335,0.425750202838937,0.512304713641548,0.831048771370135,0.405946078012968,0.446096275234334
E745S_01712,161.065486969711,-0.130263788673589,0.15743500902613,-0.827413098772518,0.408002958752395,0.448187401104989
E745S_00280,46.9103956939966,-0.219522822536942,0.265984408475112,-0.825322144991376,0.409188722622259,0.44921913523651
E745S_00602,15.9215313844634,0.392338101206191,0.475438736571432,0.825212737261355,0.409250823307188,0.44921913523651
E745S_01693,20.9100765031522,-0.325935660298331,0.397010476151689,-0.820974961310083,0.411660530529214,0.451693857659458
E745S_02721,11.8249367888468,-0.44205142205357,0.539034675569283,-0.820079750132426,0.412170645283512,0.45208317574239
E745S_01140,98.5759392857297,-0.15359321566827,0.188957664171301,-0.812844593215484,0.416307164766824,0.456316763104504
E745S_01469,9461.37006086267,0.0546457906115478,0.0672331555801224,0.812780392948028,0.416343978978207,0.456316763104504
E745S_03093,129.638880902704,0.134280487218585,0.167122433311154,0.803485711392061,0.421694052185574,0.462006543437037
E745S_02481,1610.57121584302,0.0536684040035988,0.0675471259370278,0.794532754119432,0.426885348626629,0.467518152690789
E745S_02047,2.94060103932659,-0.824922277474954,1.03929995802599,-0.793728770125021,0.427353347629485,0.46767879509377
E745S_02759,7.61791463043652,0.5271893184673,0.664185930277818,0.79373755816656,0.427348230496283,0.46767879509377
E745S_01142,14.712549076431,-0.364686286045976,0.460775555713927,-0.791461876663423,0.428674514408297,0.46894833199645
E745S_02271,65.555801606109,0.182964041181201,0.232310289558899,0.787584749382412,0.430939638102244,0.471249168488216
E745S_02949,2.10147986759213,-0.992570758866732,1.26160392748337,-0.786753066667047,0.431426432672878,0.471604335527881
E745S_02215,78.516334431345,0.169916043828922,0.218391697519989,0.778033440641074,0.436549299282173,0.477025153982885
E745S_01702,2227.54037267352,0.0512258315952695,0.0660136552441834,0.775988413393955,0.437755827146674,0.478164057344828
E745S_03155,43.5639620400942,-0.214869480815095,0.278637081945638,-0.771144598969839,0.440621227843044,0.481113426200713
E745S_00605,23.3530045740027,-0.281664888708472,0.36889637269323,-0.763533906967152,0.445145048846463,0.485870730105757
E745S_01092,12.1763031705625,-0.406638768365098,0.533219549389731,-0.762610389717511,0.445695786494962,0.486289518173476
E745S_01887,2045.35127656213,-0.0506072196258078,0.0669106607462126,-0.756340156582183,0.449445277674984,0.490196779060277
E745S_02666,69.8382710690999,-0.17466089757795,0.231553593786545,-0.754300094080852,0.450669045856915,0.491347412917408
E745S_00255,248.700342848977,-0.0959905332122276,0.127973173578121,-0.750083244232671,0.453204570409897,0.493926808110525
E745S_01596,976.540877402175,0.0570239586646697,0.0762141628652505,0.748206849237328,0.454335400337971,0.494973933526883
E745S_02723,34.6747575053041,-0.225864716477825,0.302093407739072,-0.747665161475195,0.45466214998058,0.495144601045068
E745S_02845,93.4487844268442,-0.140182304885404,0.187612005910331,-0.747192612781955,0.454947302578619,0.495269857070441
E745S_00078,356.221526310494,-0.102405982127247,0.138967799065243,-0.73690439667372,0.461180490127037,0.501867815611142
E745S_01872,25.6563258435226,0.27191220409199,0.370766210001188,0.733379139623102,0.463327218627326,0.504015520711564
E745S_00756,116.544161702218,-0.128683712277346,0.176111509028758,-0.730694507059914,0.464965771443716,0.50560902527929
E745S_00299,1.62072632210077,-1.02755051611745,1.41273317275813,-0.727349322527287,0.467011990672102,0.50764447529742
E745S_02787,2.16901012446444,0.881198648900423,1.22057751044691,0.721952224548016,0.470323851109164,0.511053650831943
E745S_00094,1.61003720369404,-1.04570431603663,1.44954442717812,-0.721402046346616,0.470662187935092,0.511230458611587
E745S_01043,321.564193097205,-0.0849873497194223,0.119445986470894,-0.711512812028488,0.476766514319146,0.517485418715774
E745S_01882,9.09836314758393,0.437236161203273,0.614529900475018,0.711496968439288,0.47677632875153,0.517485418715774
E745S_01819,2926.97192890145,0.0440259598394206,0.0619161563213548,0.711057702143505,0.477048479665994,0.517587821210476
E745S_01516,147.575163717847,0.109114575338525,0.153557693115762,0.710577067970586,0.477346357780353,0.517718050483833
E745S_02692,2.55384221940534,0.784396006320557,1.10643221943032,0.708941761226391,0.478360618281477,0.518624863991575
E745S_00003,2.55542255581482,0.783183372548522,1.10632295205741,0.707915686908647,0.478997617516405,0.518932343640935
E745S_00075,81.3367471169882,0.146761607597188,0.207316575645043,0.707910629627927,0.479000758283473,0.518932343640935
E745S_01218,1104.16547249072,-0.0696411954420715,0.0987638033832451,-0.705128731948834,0.480730127572798,0.520612128483785
E745S_00757,41.0002581407365,-0.199546368610962,0.283139947526088,-0.704762328150732,0.480958156055006,0.520665374591344
E745S_01713,9.7828155071195,-0.395104244012017,0.568745845673842,-0.694693854939553,0.48724717990679,0.527277524427014
E745S_01886,2184.00436964091,-0.0475165382941731,0.0693481215835343,-0.685188541652658,0.493224953452278,0.533548063730799
E745S_01642,21.4662009418777,0.261793233338802,0.382566298749041,0.684308142653556,0.493780606284607,0.533950722471951
E745S_00861,581.953904925495,0.0621406977399484,0.0912283002963896,0.681155930101305,0.495772830106791,0.535905944463746
E745S_00489,1411.56677143624,-0.074294403841917,0.109153126349066,-0.680643847106376,0.496096875310511,0.536057165563808
E745S_01526,6350.8282673979,-0.0409059161237662,0.0601861539629516,-0.679656589270456,0.496721929096199,0.536533408385542
E745S_00741,4.13835661335479,-0.608033744977319,0.89941993866093,-0.676028759027255,0.499022385974413,0.538818310671928
E745S_01663,10.2055576922373,-0.371971794664221,0.551756846794773,-0.674158910442259,0.500210289704312,0.5397005757336
E745S_02824,142.079480368719,0.105464790979205,0.156384681469923,0.674393361216065,0.500061262310747,0.5397005757336
E745S_03131,49.2719804478189,-0.174254731960702,0.25888101607848,-0.673107416682404,0.50087895582496,0.540221800817509
E745S_02259,2.62381528597799,0.784866763760139,1.1665624745507,0.672803026740964,0.501072611916436,0.540230508625461
E745S_01094,31.2839322862623,-0.225948662966381,0.3375245223139,-0.669428880062965,0.503221934105196,0.542346927130776
E745S_02790,630.396331196421,0.0572673970398543,0.0857372604528336,0.667940598257844,0.504171511025892,0.543169233381337
E745S_00545,1578.12296510242,-0.0454944619300299,0.0682187507079586,-0.666890868828567,0.504841843932652,0.54369019892266
E745S_01321,35.3087102178177,-0.210312912487627,0.315729901837916,-0.666116548554194,0.505336607801342,0.543820652609873
E745S_03138,16.3712289984601,0.294833528699716,0.442494066671388,0.666299394515203,0.505219752530098,0.543820652609873
E745S_01682,205.72318290733,0.0966593197632803,0.145751406842598,0.663179326067613,0.507215710563507,0.545641143181954
E745S_02713,33.381587181809,0.207286941074324,0.313144377631163,0.66195325824587,0.508001177999916,0.546284236851776
E745S_01135,478.437700307836,-0.0625230335357043,0.0948145602608472,-0.659424389710771,0.509623284510137,0.547826211672455
E745S_01883,3.57354582664254,-0.61493664353364,0.933687644915848,-0.658610668013138,0.510145810640482,0.548185476107214
E745S_00561,731.696834962348,-0.0545684973550962,0.082945488188973,-0.65788385295622,0.510612767072479,0.548484784113649
E745S_00627,20.0861596928225,0.277437381952253,0.422203479169869,0.657117706603808,0.511105234444073,0.548811264281334
E745S_02836,3.58584894659116,-0.607249900947409,0.933277644654814,-0.650663716660661,0.515263589837028,0.553072385698964
E745S_00754,124.53500773005,0.111542670228244,0.171763421008761,0.649397115946791,0.516081727672467,0.553746372744029
E745S_01524,2376.62885063915,0.0397567871639204,0.0631349162769231,0.629711568627711,0.528883312202229,0.567273147317866
E745S_01375,13.7746765016823,-0.299475151551431,0.48182961050034,-0.621537458522838,0.534246056244249,0.572814095663724
E745S_02247,27.9069996562571,-0.213058317737521,0.345300595738618,-0.617022734298437,0.537219730496001,0.57579036652204
E745S_00226,82.6192414507614,0.121199977958472,0.197486555753929,0.613712551195078,0.539405292929177,0.577920061728684
E745S_00111,4771.28847965974,-0.0386073701174735,0.0637101643166088,-0.605984469379383,0.54452506625314,0.583190753444772
E745S_01117,6.57805721065686,0.406220527186373,0.682997881714065,0.594761035227391,0.552003216716752,0.590982480273065
E745S_02934,1034.46610297149,-0.0480928859696541,0.0813013306784131,-0.591538730895872,0.554159512230858,0.593072919155892
E745S_00755,144.937288882998,0.0908506663976624,0.154580927661965,0.587722352115349,0.55671866991199,0.595228904673857
E745S_01958,1.70216057256173,0.791393922032849,1.34747701358073,0.587315341231558,0.556991939653586,0.595228904673857
E745S_02399,17.1094215707446,-0.25917064191212,0.440994592460151,-0.587695736735227,0.55673653765348,0.595228904673857
E745S_03028,68.842152919694,-0.12871667497629,0.219048468808287,-0.587617323583956,0.556789180491934,0.595228904673857
E745S_01554,1.92259178520857,-0.781375841976515,1.33556175766728,-0.585054069937795,0.558511360784611,0.59663360412624
E745S_01649,3.14524260786555,-0.585965659779652,1.006019144199,-0.582459750550975,0.560257045037666,0.598278891454382
E745S_02410,165.073786641737,-0.0863394070983428,0.148971593785568,-0.57956960051472,0.562204898166787,0.600138782018158
E745S_01434,1.97998383944152,-0.752302254879409,1.31501635135998,-0.57208585589174,0.567263810903306,0.605317065080471
E745S_00204,14553.0037814976,-0.0416815984952417,0.0736419482581821,-0.566003473307221,0.571391419394964,0.609498139193383
E745S_00288,54.6746900168486,-0.144305854349111,0.255728927685114,-0.564292259211278,0.572555248620581,0.610515871331323
E745S_02718,12.4155832114196,0.279571248903138,0.499628470573508,0.55955828254188,0.575780766713072,0.61373043277252
E745S_00073,88.8442271729852,-0.124106316245811,0.223493359427165,-0.555302030288092,0.57868809038572,0.616603598503964
E745S_02437,4.60253521946023,-0.453006554508713,0.819292195663545,-0.552924288680455,0.580315254870647,0.61811112584283
E745S_02225,31.3718909293522,0.172314593873478,0.318074867588588,0.541742248231815,0.587996080957085,0.626063127895419
E745S_01841,1482.8260842462,0.0365232112685636,0.0676196294802336,0.540127349843584,0.589109210414284,0.6270189804446
E745S_01679,15.8120224372361,-0.236807499359083,0.438872336742027,-0.53958174059688,0.589485511742673,0.62719017715019
E745S_02424,8.52024804648051,-0.348478109041716,0.646664422281722,-0.538885544085027,0.589965832505984,0.627471881046737
E745S_01759,2.38872474258512,0.604078917414353,1.13461511561322,0.532408663609132,0.594442986061518,0.632002751068327
E745S_00257,308.875743741019,0.0586232698933383,0.110793885306969,0.529120083937076,0.596722149982502,0.634194296677278
E745S_01698,25.3573832424397,0.185432395963709,0.351294276814784,0.527854873256236,0.597600067833244,0.634895546519187
E745S_02527,140.668617634141,0.0819696658771081,0.15555993082688,0.526933031156532,0.598240094845311,0.63534363958216
E745S_02742,217.838051693144,-0.0797247622857912,0.156364123388867,-0.509866077703266,0.610145288784747,0.647750888275857
E745S_02875,181.925769251869,-0.0782476293679551,0.153837431485434,-0.508638428322719,0.61100568777125,0.648427837076962
E745S_00297,2.6241411373183,-0.543876250769494,1.07220195850803,-0.507251685611819,0.611978233795546,0.649223264788205
E745S_00130,3771.42296815394,-0.0387555165858311,0.0765077016631636,-0.506557062143338,0.612465642274373,0.649503637399162
E745S_02255,98.4795963877748,0.0929596213033427,0.184411956761089,0.504086735676118,0.614200427579193,0.651106134261847
E745S_01116,44.9928383728168,-0.1329818620392,0.264727811715922,-0.502334307745126,0.615432380132886,0.651937284776868
E745S_02819,16.1488622763223,0.219652788859166,0.437226039129036,0.502378104690927,0.615401577756183,0.651937284776868
E745S_01040,173.432535632704,-0.0710051919914144,0.142250149629584,-0.499157239386462,0.617668616007247,0.654068148853073
E745S_03136,8.3628895858524,0.299254740602436,0.603653528322939,0.495739238754755,0.62007839894293,0.656381170662862
E745S_02483,510.059115926799,-0.048251542458932,0.0980447521574167,-0.492137941064519,0.622621832147033,0.658631033594523
E745S_02573,592.150969533859,-0.0445735520179155,0.0905802419242625,-0.492089125299368,0.622656339557584,0.658631033594523
E745S_02757,54.6950455723566,-0.120220913705979,0.244807738721611,-0.491082979377098,0.623367759281085,0.659144041869684
E745S_02995,14.8053266851642,0.220509135022613,0.451873928044023,0.487988178422035,0.625558214521821,0.661220029946631
E745S_02560,455.433899836488,-0.051054751445557,0.104843734385852,-0.486960443984783,0.626286363082965,0.661749402154087
E745S_02960,332.367479472685,0.0546053694227647,0.114001549071106,0.478987959968033,0.631947194030643,0.667488491227577
E745S_01141,19.6763570743914,0.194064591395964,0.405915508036788,0.478091099141686,0.63258536694757,0.667920204274348
E745S_02773,4.69330194194655,0.389850400199804,0.818558009509178,0.476264840940919,0.633885710248251,0.669050508532509
E745S_01845,255.741970475379,0.0578485092465334,0.121695253786396,0.475355508507105,0.634533600748258,0.669491595425219
E745S_02706,48.673088777431,-0.12262296573431,0.25821978177301,-0.474878279628099,0.634873733781221,0.669607767767078
E745S_03156,36.8413414819309,0.143038091186052,0.303634534061132,0.471086372399437,0.637579056368176,0.672217541864455
E745S_02454,116.120645130171,0.0799224351067199,0.171611980666345,0.465715941255339,0.641418840234734,0.676021087589903
E745S_00760,35.0146496163952,-0.137019675804956,0.29776445902277,-0.460161284038529,0.645400458244436,0.679971311599549
E745S_00008,3.84980812842846,-0.423112661171802,0.926089481924053,-0.456880970392557,0.647756602570397,0.68220675473315
E745S_02820,19.8396397921632,-0.182988639687813,0.406839743607636,-0.449780638600271,0.652868619779837,0.687341971855011
E745S_03151,22.5011470902737,-0.170269523582973,0.380622619327955,-0.447344731859627,0.654626174138711,0.688943164467747
E745S_02823,66.3199754530136,-0.0994699662513301,0.222804130985356,-0.446445789902646,0.655275262853347,0.68937704740372
E745S_02234,3.74983103255073,-0.417953762166954,0.951564863554618,-0.439227821638628,0.660496467724138,0.694618936974338
E745S_02722,48.7961957372743,-0.116297357692857,0.265921836829529,-0.43733662146524,0.661867240312503,0.695809150072118
E745S_01996,1675.71432700872,-0.0320635188317226,0.0738052838608844,-0.434433920641226,0.663973370018139,0.697771292463106
E745S_02335,84.9019881634554,-0.0839871356335371,0.199606764404912,-0.420762973058193,0.673928171888703,0.707977231457241
E745S_01435,4600.7227816301,0.0267381490606305,0.0644964675118827,0.414567651409813,0.678458433120699,0.712479256426535
E745S_00126,1474.93380298248,-0.0283489609745803,0.0695389948348811,-0.407669984904071,0.683515976288982,0.717272893647162
E745S_01645,309.065431904562,-0.0463013539668853,0.113512530787805,-0.407896411484641,0.683349727429045,0.717272893647162
E745S_02011,402.490930825629,-0.0508973125951979,0.12716206605733,-0.400255470623223,0.688968361990651,0.722734018650373
E745S_01136,521.135543286969,0.0375417916783492,0.0941744496380221,0.398640945847291,0.690157786729519,0.723642809395726
E745S_01931,317.749302180199,-0.0462242172458645,0.116023264565356,-0.398404728732886,0.690331872790082,0.723642809395726
E745S_01742,129.201410816655,0.0677562838343607,0.171050285362233,0.396119092645027,0.692017174008101,0.725148305809065
E745S_02761,53.129418646571,0.0957378048871954,0.245377232696468,0.390165802406058,0.696413947413238,0.729492983418473
E745S_02604,13.1431150394974,-0.201132880548107,0.517658638531358,-0.388543463929701,0.697613895927928,0.730487068721654
E745S_01290,3.65629120295493,-0.36202588351992,0.934877150383064,-0.387244338329994,0.698575328514574,0.731230773572789
E745S_00277,28.5755426775675,-0.126748259915145,0.329492250344536,-0.384677514516988,0.700476356451914,0.732957107703639
E745S_02119,112.414167893072,-0.0676483745490137,0.176601320136383,-0.383057015070846,0.701677490219887,0.73395011643194
E745S_00374,891.186842749784,0.0296596840999719,0.0776907017520495,0.381766201502865,0.70263479062049,0.734687455278825
E745S_00274,35.7269535747541,-0.118891452152828,0.314373896272659,-0.378184873370379,0.705293261775806,0.737202400369612
E745S_00771,6.48215248843062,0.257365574284617,0.686409662327503,0.374944567959507,0.707701692456252,0.739454280954828
E745S_01470,6815.3861461816,-0.0234704729638611,0.0629132532563325,-0.373060869515576,0.709103141321341,0.740652760813213
E745S_00619,16.9204618730175,-0.165404271852166,0.44552790866682,-0.371254569320057,0.71044793218408,0.741791223309848
E745S_00298,2.47350969467262,-0.411397791799812,1.11411760679885,-0.369258854980191,0.711934790734841,0.743077151605996
E745S_02610,5.89158090812886,0.264317704002267,0.72301526610029,0.365576933704195,0.714680789632804,0.745675906315803
E745S_02321,12.2483513165532,-0.189707758344257,0.520812905109674,-0.36425318282831,0.715668956564591,0.746439388233438
E745S_01045,649.810367542504,-0.0331395029872519,0.0913134461274701,-0.362920296984416,0.716664424190379,0.747209935106803
E745S_03117,284.332694953833,-0.0462450006208023,0.128448031402055,-0.360028877951822,0.718825538131379,0.74919482330843
E745S_02734,9.33208165523708,-0.210713723702388,0.587535363772443,-0.358640069509074,0.719864367102489,0.750009009533051
E745S_00773,3.18718643174018,0.343251767662706,0.971179139452773,0.353438159571794,0.723759982217143,0.753547439768418
E745S_01307,6.86678386508137,0.2404244903838,0.68029190315477,0.353413717359946,0.723778303535725,0.753547439768418
E745S_02611,17.5029492229493,-0.147624140118057,0.423907135589189,-0.34824641466078,0.727655132859189,0.757312867984661
E745S_01280,69.2356894986866,-0.0746306225823472,0.215702903354317,-0.34598802993281,0.729351710573919,0.758807301458427
E745S_02754,2.16748399041793,0.404722996472301,1.19484849481899,0.338723275986227,0.73481820445003,0.764221433781364
E745S_00740,21.6799458534811,0.133407991008516,0.395478989329391,0.337332689240293,0.735866119889303,0.765037955356343
E745S_00547,1566.51407968323,-0.0283563541987757,0.0866811574977569,-0.327134004867315,0.743566533340135,0.772767646752278
E745S_00759,12.6248299666542,0.163967710083167,0.503663906897443,0.32554985147378,0.7447649594909,0.773736901169882
E745S_01170,84.8096352809629,0.063915673386041,0.197207242813607,0.324104087021041,0.745859232806443,0.774321050891425
E745S_02021,856.772870088629,0.0329839098176676,0.101767640061318,0.324109999974392,0.745854756351673,0.774321050891425
E745S_02715,27.815125735207,0.108129976672648,0.33784653100241,0.320056495331831,0.748925504029806,0.777227145180308
E745S_03158,7.64979986419202,-0.206189014235033,0.651427094869866,-0.316518941043162,0.751608650742953,0.779733707167761
E745S_00603,23.089432531017,0.117486912863721,0.371811428571906,0.31598521141477,0.752013733079144,0.779876016028995
E745S_02975,173.844513386774,0.0474294534398254,0.152398839603001,0.311219255759289,0.755633945441798,0.783351287457647
E745S_00039,980.119734488851,0.0275636732206313,0.0890001950856487,0.309703514628318,0.756786429818409,0.784266748736699
E745S_02224,46.2840279081168,-0.0819066257540024,0.266805362364882,-0.306990178263311,0.758850848113789,0.786126270056669
E745S_02048,8353.04199209571,0.0244661308750027,0.0798891135056059,0.306251124858031,0.759413449128716,0.786429224622445
E745S_02756,45.7344478032539,-0.0802659709759133,0.263406770159716,-0.304722505527266,0.760577507379582,0.787354596010655
E745S_02727,7.22539889605951,-0.198244025871688,0.653012602326879,-0.303583767243213,0.761445020115798,0.787972432832239
E745S_00302,16.047982334496,-0.131049986624164,0.440422445322182,-0.29755519505437,0.766042675440111,0.792448553022801
E745S_03142,60.9821352385268,0.0694178834439286,0.233575043679421,0.297197347586517,0.766315846760966,0.792449531055478
E745S_00064,68.2343454859573,-0.0619442356632259,0.216710881878197,-0.285838141243142,0.775002093819409,0.801147405933345
E745S_00774,7.62430690676161,0.192749447791559,0.687902351795139,0.280198849863738,0.779324949018603,0.805330112386636
E745S_01032,1226.31650116411,-0.0206307593803416,0.0757603211247333,-0.27231615539716,0.785378935241155,0.811298112309086
E745S_02962,18.1710535421247,0.110171918686997,0.411556774002078,0.267695554165367,0.788933672223341,0.814681064151169
E745S_02577,183.013700757185,-0.0377728988883853,0.142750908312923,-0.264607065095401,0.791312176929358,0.816847428028852
E745S_01017,15049.9957977843,-0.014373999845369,0.0556180794351281,-0.258441139847962,0.79606646969259,0.821463840225143
E745S_01243,3886.94750317829,-0.0150496593286,0.0605560521414605,-0.24852444630049,0.803728657855437,0.829076585052154
E745S_02967,15.5434006888637,0.112033586272526,0.465763987669623,0.240537244695684,0.809913793533259,0.835160840586368
E745S_00074,13.1712726953994,-0.115945896358265,0.489835961094237,-0.236703520295356,0.812886803764318,0.837929704588502
E745S_00863,571.024306644779,0.0285454124514772,0.120845822198991,0.236213482038899,0.813267018348662,0.838024881562108
E745S_00286,9.17573387927735,0.134655911619699,0.572965685383188,0.235015665082357,0.81419657472104,0.838685855984766
E745S_01010,11707.76307099,0.0142222305315496,0.0611381285618076,0.232624564508409,0.816052950814236,0.840003585509279
E745S_02231,838.114611799093,-0.0183514963761204,0.0788333054608987,-0.232788619845742,0.815925550238667,0.840003585509279
E745S_00012,117.838503603194,0.0401011322793279,0.178649202499528,0.224468577067585,0.822392714953778,0.845333754671769
E745S_01525,37500.7285655012,0.0115359726781443,0.0513756715888324,0.22454154508127,0.822335943787417,0.845333754671769
E745S_01884,26.493588852918,-0.0793920920730226,0.353498268198692,-0.22458976242678,0.822298429847219,0.845333754671769
E745S_03118,298.848310472078,-0.026271800142676,0.116463710847149,-0.225579280889959,0.821528656966182,0.845333754671769
E745S_02661,56.3560586662007,0.0534211263519479,0.23933768224438,0.223203992998483,0.823376744369645,0.84604648883164
E745S_01968,1386.97359358044,0.0175857718126001,0.0789875625109439,0.222639758128547,0.823815890467355,0.846199032163186
E745S_00275,5.26021264831603,0.169256111110089,0.767794159457955,0.220444645254374,0.825524878585159,0.847481626713969
E745S_02717,3.44815559433862,-0.212623482360595,0.965206576961026,-0.22028805795133,0.825646820117079,0.847481626713969
E745S_01205,2288.16126023998,-0.0164851201439219,0.0756750106139685,-0.217841002071547,0.827552996603076,0.849138799122861
E745S_00086,12.2957832318385,0.108413956795253,0.510509392114229,0.212364274722285,0.831822854752496,0.853219284772557
E745S_01320,17.4582173667185,-0.0889799752849585,0.422355257166527,-0.210675666456486,0.833140363792885,0.854269672068013
E745S_00026,12.6872202161371,0.106473650122219,0.507276121699227,0.209892887852801,0.833751273266052,0.854595055097704
E745S_01704,200.30253924798,0.0316928014858234,0.15392882088884,0.205892576210341,0.836874824542271,0.857494760381045
E745S_00030,8.43294671101409,0.124284695066694,0.606967709908059,0.204763273297553,0.837757082646279,0.858096716250288
E745S_01450,48.9628396585196,-0.0521716279427738,0.255796220990736,-0.203957774437423,0.838386496375197,0.858439356647274
E745S_00583,42.0115293978593,0.0562137523172287,0.277291103442893,0.202724687591016,0.839350225914379,0.858901340013038
E745S_02497,4.13458637633669,-0.175194023147503,0.864620026854424,-0.202625451303594,0.839427795375161,0.858901340013038
E745S_00254,127.635585178699,0.0325319062182515,0.16493055780483,0.197246081328046,0.843634971198978,0.862902811370423
E745S_00306,21.0955679946881,0.0767318460564081,0.406336499997844,0.188838182286886,0.850219645052661,0.869332415436704
E745S_01148,21.2907496255387,0.0715537428248929,0.393241579273797,0.181958741384957,0.855615104909929,0.874541983986237
E745S_02018,122.940987335032,0.0312153583993672,0.174332807228972,0.179056133469866,0.857893625695614,0.876563125447501
E745S_01851,682.570451697157,0.0148973863269944,0.0834870265178373,0.178439536636408,0.858377801763748,0.876750098573428
E745S_03137,14.5542277824567,0.0847626204755914,0.477789718804068,0.177405702005804,0.859189728805088,0.87727158910965
E745S_02156,435.259277883951,-0.0172726369751394,0.097909837226069,-0.176413703306009,0.859968939815616,0.877759321109136
E745S_00736,39.194299516859,-0.0499706537458788,0.284284041038688,-0.175777203543686,0.860468979703608,0.8779618646748
E745S_01594,91.8019831421602,-0.0313724967671133,0.191171884609207,-0.164106227394498,0.869647519526495,0.887016092971839
E745S_01643,16.9512099146555,-0.0705098993840909,0.435318252193289,-0.16197322080762,0.871326942077301,0.888417768261654
E745S_01960,322.245766960545,0.0179599662175878,0.112981669585065,0.158963540577399,0.87369759892188,0.890523007864703
E745S_01669,28.9594742946057,0.0508479835343163,0.340929111330917,0.14914532624045,0.881438960668019,0.898012486246066
E745S_02420,814.868268043406,-0.0122359092660112,0.0821963415244897,-0.148861969268616,0.881662550907337,0.898012486246066
E745S_03094,6.43006792160273,0.103037481510947,0.694567246443653,0.148347740321074,0.882068340801935,0.898111556514317
E745S_00709,1.70348355381068,0.210969930918654,1.42770434971209,0.147768640588087,0.882525358781611,0.898262699095549
E745S_02882,8.40886597672696,0.0871468626921911,0.61221177111742,0.142347577755862,0.886805467504608,0.90230364065219
E745S_02957,4.54728510688669,-0.116218601125837,0.83246898236197,-0.139607124815737,0.888970410968029,0.904190379569508
E745S_02228,16.7772490968347,0.0617271263486044,0.450209951288077,0.137107423263301,0.890945884969036,0.905883154434112
E745S_02623,83.0776854269687,-0.0307850486909827,0.249302051837366,-0.123484939109388,0.901723099861252,0.916520930061489
E745S_00203,8063.43929902388,0.008582945573108,0.071796358470184,0.119545695018395,0.904843040183079,0.919371061072581
E745S_00301,3.27140490565106,-0.114908430823253,0.978239906420671,-0.117464468653397,0.90649199898687,0.920725125279407
E745S_02652,1.62158625507774,0.162356432927375,1.40843050548844,0.115274720545101,0.908227374852464,0.922165988209111
E745S_02235,41.3027218747402,0.0311153249611774,0.284329912066171,0.109433878184213,0.912858364193528,0.926544873837992
E745S_00375,765.126385750089,0.00886759362067246,0.0822399233112735,0.107825898464291,0.914133798653215,0.927516029236497
E745S_02683,15.5661311932342,0.0488330257137939,0.469394125672402,0.1040341645602,0.917142236265147,0.930244268211792
E745S_02317,117.628026847428,0.0170974761384515,0.168729428299839,0.101330729978345,0.91928792273882,0.932095835281332
E745S_00256,10.8389237103951,0.0516252752044491,0.54088658636367,0.0954456562724564,0.92396085311746,0.93650767528723
E745S_03139,7.00271743892191,0.0637910190611684,0.695838604516638,0.0916750215453778,0.92695624372079,0.939216716140348
E745S_00854,51.2495880648559,-0.0227851014524033,0.254865818415584,-0.0894003817147811,0.928763720123,0.940720664327784
E745S_02254,207.124923722663,-0.011768235651175,0.13330560399465,-0.0882801270053681,0.929654033631671,0.941294918922363
E745S_00084,17.3424878922876,-0.0378556568548402,0.449898629119828,-0.084142636595493,0.932943025717804,0.944296643902826
E745S_01124,141.07062353849,-0.01348924955854,0.16164206627592,-0.0834513556360636,0.933492654989088,0.94452454594134
E745S_02772,187.873620930615,0.0106082961694451,0.136385816161707,0.0777815206008465,0.938001846333075,0.94875725318818
E745S_02755,59.1480210109722,0.0183608290606038,0.242304531846568,0.0757758384487427,0.939597438969793,0.950041036763135
E745S_02798,261.398756064651,-0.00876602443401334,0.119741930388369,-0.0732076425157152,0.94164088486101,0.951776602718889
E745S_00515,3966.71298707488,-0.00431430330769134,0.059630157634412,-0.0723510297279778,0.942322555218777,0.952135008067289
E745S_02729,62.444262022718,0.0160839922836458,0.230281184779923,0.0698450127352659,0.944317019652359,0.953819168705072
E745S_02730,65.1072582604765,0.0162325288726555,0.23757734666445,0.0683252384983576,0.94552673365445,0.954709788993446
E745S_01013,29.9128181079215,-0.0227211948113809,0.339522732690943,-0.0669209823781177,0.946644608958669,0.955507093161819
E745S_02511,17940.2093157006,-0.00336901038764176,0.0546724040860878,-0.0616217714212252,0.950864038801531,0.959141715812661
E745S_02575,46377.1742686854,-0.00383457678477501,0.0622789752881151,-0.0615709678432486,0.950904497367001,0.959141715812661
E745S_02898,3.24112679286123,0.055392479812627,1.01614502915335,0.0545123759142726,0.956526948697725,0.964144718718517
E745S_02984,3.95566462882072,-0.0490773608282567,0.895242622782648,-0.0548201789987516,0.956281724058591,0.964144718718517
E745S_01897,6664.21417993868,-0.00294693646768933,0.0567850428027104,-0.0518963502048936,0.958611282473484,0.965911195320288
E745S_03152,8.75077511480126,0.0258812103549494,0.58961917186554,0.0438947910615965,0.964988267431422,0.972000292904107
E745S_00565,4129.3440156846,-0.00237680238942303,0.0586103872697952,-0.0405525795023694,0.96765258910653,0.973336795746064
E745S_01308,110.022219054046,0.00740505933278684,0.181549440927574,0.0407881142181042,0.967464814954445,0.973336795746064
E745S_01772,84.7223368107736,-0.00806428948473779,0.197551147374884,-0.0408212738417283,0.967438379419765,0.973336795746064
E745S_02020,406.705453168258,0.00408184197337261,0.0997180396949051,0.0409338369051509,0.967348642095112,0.973336795746064
E745S_01152,250.854067845805,-0.00471069792999881,0.121928707210971,-0.038634855053847,0.969181512713913,0.974201444582252
E745S_02226,48.3378911321836,-0.00995452093825192,0.256843246720279,-0.0387571838674548,0.969083981490342,0.974201444582252
E745S_00466,32.2932702906913,0.0117032326634785,0.309769265674103,0.0377804836061142,0.969862705087875,0.974549649468693
E745S_02326,3017.54947412497,-0.00272700479977391,0.0739012970719666,-0.0369006351420097,0.970564233323592,0.974918041133532
E745S_00066,82.6767932999528,0.00649689442639584,0.201387798405387,0.0322606159749451,0.974264216743687,0.978297045512547
E745S_01990,91.8113076349388,0.00541170855060167,0.187809522088186,0.0288148784493504,0.977012234520826,0.980718142996594
E745S_00874,24.3635569858156,0.00990778753588989,0.357719353879862,0.0276970967000498,0.977903739314417,0.981274658788096
E745S_00772,15.5352355773811,0.0123188528215695,0.452745823779369,0.0272092025471065,0.978292875853541,0.981326864786237
E745S_00742,23.9114471162363,-0.00922160556675133,0.359497439929697,-0.0256513803507327,0.979535403940706,0.981896542999791
E745S_02869,41.7487896654717,0.00719417094814965,0.279169907052638,0.0257698654704684,0.97944089773421,0.981896542999791
E745S_02687,35.1669953130111,-0.00641066354016113,0.298453468578443,-0.0214796080966846,0.982863070092095,0.984893079875418
E745S_00580,9.28702882059258,-0.0110257130970279,0.570834187817792,-0.019315088921316,0.984589746955787,0.986283810525911
E745S_00612,241.052489469087,-0.000799683664164174,0.127798002430394,-0.00625740347232521,0.995007346960042,0.996092503819417
E745S_01852,2373.65993506384,-0.00048777268994715,0.0788772666953369,-0.00618394513885945,0.995065957096141,0.996092503819417
E745S_00224,22.497495208407,-0.00160301269122041,0.389074686488785,-0.00412006421103065,0.99671267367686,0.997397935054431
E745S_02868,10.3346426789968,0.0019582969811652,0.556320489413975,0.00352008782424687,0.997191382072637,0.997534059523521
E745S_02662,217.176688734177,0.000390098675181733,0.129593449180874,0.00301017279536462,0.997598233228355,0.997598233228355
