gene_id,product_name,locus_tag_internal,ERR1801012,ERR1801013,ERR1801014,ERR1801009,ERR1801010,ERR1801011,ERR1801006,ERR1801007,ERR1801008
hypothetical protein,hypothetical protein,E745S_00004,5341.58553948786,5914.27970020876,4551.73708128877,6100.96822614419,10429.6024117318,9680.13098520593,6051.71596523384,3852.68360588767,6530.85125718861
rcsC_1,Sensor histidine kinase RcsC,E745S_00010,1372.75553513367,1104.63683461514,1682.95049708081,1413.8243745045,806.421815544617,1062.85942998337,1982.12571069017,1226.21840828523,178.8599967421
hypothetical protein,hypothetical protein,E745S_00011,1256.298046042,1310.58607496712,1306.12287154848,1168.98551847825,722.905970504918,722.232190976649,1292.15635347029,1062.61569063305,2617.26325507936
rlmI,Ribosomal RNA large subunit methyltransferase I,E745S_00014,3409.21569836501,2663.8182047546,2231.16017829309,4031.83985462827,3266.09815493961,2787.33818385196,3089.93910612462,4141.3942840974,2267.74784860167
ybaK_1,Cys-tRNA(Pro)/Cys-tRNA(Cys) deacylase YbaK,E745S_00016,930.629315484766,593.924324449385,664.238526362065,787.32494879028,2118.42880052311,285.990288389098,167.664309451648,542.134495749389,0
baiN,3-dehydro-bile acid delta(4,6)-reductase,E745S_00017,1776.74965658443,2399.62069440408,2268.41714691917,1360.21586681248,583.712895438754,1132.00932060879,898.891376327161,1113.94203342589,2361.28014047598
gdh,NADP-specific glutamate dehydrogenase,E745S_00018,865.701688823038,1621.59023085217,2931.59118846335,3294.9229056081,1065.94954905508,1506.78465375152,1554.62561276895,1793.2141013249,1619.58547508672
hypothetical protein,hypothetical protein,E745S_00021,529.726985779811,279.799725528694,369.37623180711,704.111742820576,418.47724503763,94.7609612274326,212.433313546067,379.333752203344,236.292105787729
hypothetical protein,hypothetical protein,E745S_00026,393.688148964762,715.621602839189,1047.45306080172,1394.62132697303,589.99903431271,758.941392172861,1216.66352303657,1625.60151314203,1158.48768532039
hypothetical protein,hypothetical protein,E745S_00028,1.03059724859885,0,0,0,325.083181767429,62.3202717982214,0,115.484271283893,0
hypothetical protein,hypothetical protein,E745S_00031,3406.12390661921,4227.16016560823,5864.24686174458,5858.52975105938,2747.94070775783,5204.16954632819,2761.63307609888,4548.79713001558,3162.04783231217
hypothetical protein,hypothetical protein,E745S_00033,5216.8832724074,3102.76052510073,2791.07919250214,6256.99298733739,7269.47059781033,4695.36294370162,4961.45904199328,6066.13213882896,9015.20020276237
hypothetical protein,hypothetical protein,E745S_00034,3402.00151762482,2559.80343690006,3655.44086462714,3078.88862087906,2412.9793077599,2871.00101448519,3393.66607507891,3269.64843072523,2902.78288290619
xerC_1,Tyrosine recombinase XerC,E745S_00037,584.348639955551,877.88464069226,864.361672124995,1098.57434419619,1068.64360857249,1040.66316879496,918.20349574044,1252.68355378779,841.790626868783
hypothetical protein,hypothetical protein,E745S_00038,3567.92767464923,2861.44626367821,3886.43407010882,3887.01687116177,2885.33774314572,3940.69006329576,4418.96405120208,4888.83415101815,3396.6990206986
hypothetical protein,hypothetical protein,E745S_00044,206.119449719771,180.985696066888,441.761199423489,0,764.214883105199,425.997474346747,139.573953941424,214.929060445024,57.4321090456285
hypothetical protein,hypothetical protein,E745S_00048,0,0,0,0,438.233681498634,0,0,0,659.648795324076
hypothetical protein,hypothetical protein,E745S_00050,566.82848672937,690.658058554101,546.080711576506,91.2144757744836,0,475.512210843964,440.667452066636,498.827894017928,0
hypothetical protein,hypothetical protein,E745S_00059,0,0,75.5784220700427,132.020951778858,318.797042893473,85.3702353400294,0,43.30660173146,0
hypothetical protein,hypothetical protein,E745S_00061,5300.36164954391,4547.52565060019,7825.02789629414,5236.83108722803,2950.89319140269,4234.36367286546,4399.6519317888,4442.93654800534,5961.45291893624
hypothetical protein,hypothetical protein,E745S_00062,0,0,130.931632600215,0,0,0,0,0,502.120724798923
yjcQ,putative protein YjcQ,E745S_00063,406.055315947949,658.413480519195,427.922896790946,487.277331111057,1097.38024342486,1491.41801139031,523.182871377918,538.124625218698,526.734485818478
hypothetical protein,hypothetical protein,E745S_00064,2302.35425336984,1435.40379639256,1557.34128857003,1837.09154717732,2343.83178014638,2214.50390472036,2587.82400137937,1761.13513707937,703.953565159275
hypothetical protein,hypothetical protein,E745S_00065,622.480738153708,937.173058369344,748.332826975211,1725.87389689089,383.454471311305,1164.450010038,400.287566020689,882.973490858102,1959.25537715658
hypothetical protein,hypothetical protein,E745S_00067,260.74110389551,198.668206602158,0,212.033649826651,0,262.94032484729,45.6468277041137,166.810614076735,200.191922959048
hypothetical protein,hypothetical protein,E745S_00068,11322.141373107,7654.4467664151,8392.3983042284,13675.7703503287,15093.917456207,10588.4702892238,15885.9738646412,9174.58377422042,13552.336817367
hypothetical protein,hypothetical protein,E745S_00069,3351.50225244348,3380.47995527233,5409.71184450644,2956.46919286594,4244.04175975931,3884.34570797134,3395.4217222983,3193.46089064211,3756.0599315841
hypothetical protein,hypothetical protein,E745S_00070,1663.38395923855,1593.50624353145,981.455002092667,1517.84088196663,2861.09120748903,2129.13366938033,1588.86073354703,2185.37943922645,3335.98507685036
hypothetical protein,hypothetical protein,E745S_00071,738.938227245379,1878.50670745287,1475.37595759266,1126.57878851292,1725.99413082044,1486.29579726991,803.208602870462,1059.40779420849,651.444208317557
hypothetical protein,hypothetical protein,E745S_00073,1749.95412812086,1102.55653925805,872.877550668099,1764.27999195383,1100.07430294227,1639.10851852856,1413.29601160813,756.261582088274,2413.7894973177
hypothetical protein,hypothetical protein,E745S_00074,2163.223624809,2701.26352118223,3505.34850530494,4148.65839377805,4479.32295761308,2631.96435553311,4842.95285468452,1880.62927889396,4044.86139421355
hypothetical protein,hypothetical protein,E745S_00075,0,58.2482699985386,89.4167247025857,244.038729045768,304.428725467289,182.692303627663,92.1714790179218,82.6033329322293,744.976500191867
hypothetical protein,hypothetical protein,E745S_00076,0,0,0,0,0.898019839136544,0,0,8.01974106138149,0
hypothetical protein,hypothetical protein,E745S_00077,6306.22456417639,5545.02727432517,5573.64250646118,4830.36658114524,6110.12698548505,8963.02100834968,6587.18836714748,6221.71511541976,7858.35343484328
hypothetical protein,hypothetical protein,E745S_00078,809.018840150101,1742.24736156343,720.656221710125,1173.78628036112,1877.75948363451,1744.1139079968,1236.85346605954,1384.20730719444,1255.30181199731
hypothetical protein,hypothetical protein,E745S_00079,2081.80644216969,2351.773901191,1919.26612665193,2221.15249780672,1892.1278010607,2263.16493886418,2190.16990618776,1516.53303470724,1260.22456420122
hypothetical protein,hypothetical protein,E745S_00080,1353.1741874103,1928.43379602305,1800.04382704848,3078.88862087906,4543.08236619178,3086.13400754206,1733.70162914662,1607.15610870085,2294.00252702253
hypothetical protein,hypothetical protein,E745S_00086,0,75.9307805338093,0,0,0,0,0,106.662556116374,0
hypothetical protein,hypothetical protein,E745S_00087,528.696388531212,691.698206232646,370.440716624998,671.306536620981,1793.34561875568,1018.46690760655,497.725986696778,368.908088823548,692.467143350149
hypothetical protein,hypothetical protein,E745S_00088,4284.19276242544,4769.07710613035,3575.60450328554,5949.74422683386,5723.0804348172,4499.01140241955,3642.96798023215,5289.01922998109,3665.8094745124
cbh_1,Choloylglycine hydrolase,E745S_00091,1627.31305553759,1637.19244603035,867.555126578659,2706.02944797635,1207.83668363865,1287.38314892764,1623.97367793481,1506.10737132744,4131.83001648264
asnB,Asparagine synthetase [glutamine-hydrolyzing] 1,E745S_00095,0,0,0,61.6097774968004,0,0,0,0,0
folA_1,Dihydrofolate reductase,E745S_00098,1.03059724859885,8.32118142836266,4.2579392715517,2.40038094143378,1.79603967827309,0.853702353400294,4.38911804847247,3.20789642455259,3.28183480260734
yfiY,putative siderophore-binding lipoprotein YfiY,E745S_00099,672.980003335052,1007.90310051043,1499.85910840409,586.49307669032,1154.8535131296,2341.70555537701,887.479669401133,639.173362592104,1142.07851130735
feuB,Iron-uptake system permease protein FeuB,E745S_00101,8401.42877057786,6593.49613429886,8195.46861291914,11154.5702348428,6555.54482569677,6806.56886366054,11689.9770103016,8960.45668788153,6611.25620985249
feuC,Iron-uptake system permease protein FeuC,E745S_00102,676.071795080849,739.544999445731,196.929691309266,515.281775427785,605.265371578031,300.503228396903,80.7597720918934,429.05614678391,0
yqgQ,putative protein YqgQ,E745S_00105,76.2641963963152,229.872636958518,103.255027335129,0,218.21882091018,73.4184023924253,18.4342958035844,41.7026535191837,0
glcK,Glucokinase,E745S_00106,153.558990041229,260.036919636333,595.04701319935,660.904885874768,420.273284715903,1024.44282408035,457.346100650831,842.874785551194,735.130995784045
hypothetical protein,hypothetical protein,E745S_00109,0,0,0,0,0,94.7609612274326,64.081123507698,245.404076478273,114.864218091257
galT,Galactose-1-phosphate uridylyltransferase,E745S_00112,0,0,58.5466649838359,0,0,0,0.877823609694493,126.711908769827,0
tsaB,tRNA threonylcarbamoyladenosine biosynthesis protein TsaB,E745S_00114,0,0,0,71.2113012625355,0,0,0,16.8414562289011,0
hypothetical protein,hypothetical protein,E745S_00115,87.6007661309026,56.1679746414479,291.668840101292,136.821713661725,299.938626271606,410.630831985541,105.338833163339,89.8210998874727,0
rimI,[Ribosomal protein S18]-alanine N-acetyltransferase,E745S_00116,139.130628560845,60.3285653556293,134.125087053879,0,1.79603967827309,31.5869870758109,70.2258887755595,85.0092552506438,479.147881180672
tsaD,tRNA N6-adenosine threonylcarbamoyltransferase,E745S_00117,0,0,0,0,288.264368362831,0,0,0,0
hypothetical protein,hypothetical protein,E745S_00118,2584.73789948593,2402.74113743972,2369.54320461852,3429.34423832839,3322.67340480521,3514.69258894901,4173.17344048762,4438.12470336851,6883.6484984689
arcA,Arginine deiminase,E745S_00119,0,0,0,404.064125141353,475.950514742369,510.514007333376,136.062659502646,340.838995108713,255.983114603373
arcB,Ornithine carbamoyltransferase, catabolic,E745S_00120,85.5395716337049,137.299493567984,315.087506094826,337.653585761685,1.79603967827309,496.854769678971,416.966214604884,154.781002484663,708.876317363186
phnX_1,Phosphonoacetaldehyde hydrolase,E745S_00123,586.409834452748,218.43101249452,168.188601226292,120.819174052167,915.980235919275,293.673609569701,251.057552372625,396.977182538384,789.281270027066
phnW,2-aminoethylphosphonate--pyruvate transaminase,E745S_00125,22931.8193785731,17034.4985315369,20418.9477767262,23606.1463050403,31744.1032936377,18922.3126631175,24823.0960349409,25846.0214926203,29848.2875297138
argR_1,Arginine repressor,E745S_00126,133.977642317851,147.700970353437,470.502289506463,0,309.816844502108,394.410487270936,409.065802117634,151.57310606011,416.793019931132
xpkA_1,Xylulose-5-phosphate phosphoketolase,E745S_00143,1822.09593552277,1235.69544211185,987.841910999995,3034.88163695278,2051.975332427,2374.14624480622,3347.1414237651,822.023458791602,1837.82748946011
xpkA_2,Xylulose-5-phosphate phosphoketolase,E745S_00144,0,0,0,0,0,69.1498906254238,0.877823609694493,0,0
ribF,Bifunctional riboflavin kinase/FMN adenylyltransferase,E745S_00146,0,0,0,0,2.69405951740963,0,12.2895305357229,0,0
gdhIV,Glucose 1-dehydrogenase 4,E745S_00147,9826.74476539008,9739.94286189849,8730.90447631676,7084.32428515156,7608.92209700394,8311.64611270526,7678.32311399773,8945.21917986491,11530.7265789609
glcU_1,Glucose uptake protein GlcU,E745S_00148,0,64.4891560698106,140.511995961206,267.242411479627,0,260.37921778709,423.98880348244,98.6428150549923,639.957786508432
hypothetical protein,hypothetical protein,E745S_00149,0,49.9270885701759,0,142.422602525071,0,68.2961882720235,0,45.7125240498745,105.018713683435
mccF,Microcin C7 self-immunity protein MccF,E745S_00152,2259.06916892869,827.957552122085,1249.70517620042,1627.4582782921,1235.67529865189,732.476619217452,395.898447972217,903.022843511555,159.168987926456
hypothetical protein,hypothetical protein,E745S_00153,1716.97501616569,1501.97324781946,1165.61087558728,1953.10995934662,875.569343158131,1341.16639719186,1523.02396281995,1945.58918149115,1104.33741107737
ydeA,putative protease YdeA,E745S_00154,2635.23716466727,2080.29535709066,4577.28471691808,6351.40797103378,4690.35761981017,2438.17392131124,6470.43782705811,3563.97292767793,6289.63639919697
hemW,Heme chaperone HemW,E745S_00156,1128.50398721575,667.774809626103,1347.63777944611,1182.58767714638,1496.10105200148,1400.07185957648,669.779414196899,952.745238092121,1882.13225929531
hrcA,Heat-inducible transcription repressor HrcA,E745S_00157,22.6731394691748,70.7300421410826,1.06448481788793,10.401650746213,0,0.853702353400294,10.5338833163339,25.6631713964208,3.28183480260734
dnaJ,Chaperone protein DnaJ,E745S_00160,1196.52340562327,2004.36457655686,2201.35460339223,940.149202061564,512.769328146967,1044.93168056196,1106.05774821506,842.874785551194,1429.2390565355
hypothetical protein,hypothetical protein,E745S_00161,161.80376803002,124.81772142544,170.317570862068,113.618031227866,305.326745306425,169.886768326658,502.11510474525,201.295500640675,0
artM_1,Arginine transport ATP-binding protein ArtM,E745S_00162,180.3545185048,0,468.373319870687,108.817269344998,0,49.514736497217,117.628363699062,16.8414562289011,0
mltF_1,Membrane-bound lytic murein transglycosylase F,E745S_00163,257.649312149714,290.201202314148,0,0,1118.034699725,552.34542264999,71.103712385254,81.8013588260912,339.66990206986
uvrB,UvrABC system protein B,E745S_00164,687.408364815436,722.902636589006,392.794897800644,704.911869801053,185.890106701265,1136.27783237579,596.920054592256,656.014818821006,0
uvrA,UvrABC system protein A,E745S_00165,1836.52429700316,2265.44164387173,2374.86562870796,2162.74322823184,1595.78125414564,1397.51075251628,1848.6965220166,1625.60151314203,510.325311805442
hypothetical protein,hypothetical protein,E745S_00172,13040.1469865213,10809.2146754431,13633.9215475085,11617.8437565395,17124.3403124948,7748.20255946107,10962.2612378648,13223.7510361119,12961.6065528977
hypothetical protein,hypothetical protein,E745S_00173,451.401594886298,486.789113559216,489.663016228446,441.670093223816,0,385.019761383533,268.614024566515,579.025304631743,694.108060751453
hypothetical protein,hypothetical protein,E745S_00175,0,0,124.544723692887,0,0,0,0,0,0
hypothetical protein,hypothetical protein,E745S_00176,640.000891379889,773.869872837727,863.297187307107,896.942345115756,1077.62380696385,746.989559225257,953.31644012822,423.442328040942,1017.36878880828
hypothetical protein,hypothetical protein,E745S_00177,13266.8783812131,12792.776298429,11973.3252316034,8641.37138916161,10635.2489548941,8284.32763739645,8686.06461792701,12081.7399089712,9737.20385933598
hypothetical protein,hypothetical protein,E745S_00178,1325.34806169813,790.512235694453,796.234643780168,905.743741901013,0,583.932409725801,934.882144324636,684.885886641979,1329.14309505597
hypothetical protein,hypothetical protein,E745S_00179,0,156.0221517818,0,260.041268655326,0,0,40.3798860459467,0.801974106138149,0
Pyruvate:ferredoxin oxidoreductase,Pyruvate:ferredoxin oxidoreductase,E745S_00180,2900.10065755718,2332.01109529864,1967.16794345689,1589.85231020964,725.600030022328,3039.18037810505,3308.51718493855,1834.91675484408,838.508792066176
sppA,Putative signal peptide peptidase SppA,E745S_00186,0,88.4125526763532,131.996117418103,0,0,66.5887835652229,43.0133568750302,218.136956869576,0
hypothetical protein,hypothetical protein,E745S_00187,3363.86941942666,2830.24183332185,4519.80253675213,3491.75414280567,1531.12382572781,1351.41082543266,4542.737180169,2709.06853053467,4072.75699003571
tig,Trigger factor,E745S_00189,89.6619606281003,0,0,0,0,116.95722241584,0,153.177054272386,0
hypothetical protein,hypothetical protein,E745S_00193,1850.95265848354,1659.03554727981,733.430039524781,1777.88215062195,1296.74064771317,1313.84792188305,1625.7293251542,1650.46271043231,2275.95243560819
hypothetical protein,hypothetical protein,E745S_00194,5190.08774394383,6120.22894056074,6585.96756827259,7503.590822922,5344.11606270158,4189.11744813524,6275.56098570593,7115.11426965766,6228.92245534873
lacC_1,Tagatose-6-phosphate kinase,E745S_00196,108.21271110288,0,282.0884767403,247.239236967679,0,0,44.7690040944192,121.09809002686,0
fruA_1,PTS system fructose-specific EIIABC component,E745S_00197,4028.60464477292,3810.06094651155,3078.49009333188,6687.46130283451,4037.4971967579,3130.52652991888,4779.74955478652,3801.35726309482,3626.42745688111
clcA,H(+)/Cl(-) exchange transporter ClcA,E745S_00198,2501.25952234942,2339.29212904845,2524.95798803016,5044.80061191333,2052.87335226614,4717.55920489002,2471.07346129,2602.40597441829,2750.17756458495
pcrA,ATP-dependent DNA helicase PcrA,E745S_00199,171.07914326741,251.71573820797,0,748.118726746862,172.419809114217,362.823500195125,253.691023201709,187.661940836327,405.306598122007
putative RNA methyltransferase,putative RNA methyltransferase,E745S_00205,0,99.8541771403519,0,0,0,0,0,0,0
aes_1,Acetyl esterase,E745S_00207,802.835256658508,855.001391764263,645.077799640083,414.465775887566,2112.14266164915,372.214226082528,1442.26419072805,552.560159129184,1079.72365005782
melR_2,HTH-type transcriptional repressor MelR,E745S_00208,72.1418074019198,26.0036919636333,80.9008461594823,38.4060950629405,0,198.912648342268,87.7823609694493,242.196180053721,0
melA,Alpha-galactosidase Mel36A,E745S_00209,5103.51757506153,4362.37936381912,4006.72085453015,3982.23198183864,3928.83679622238,3014.42300985644,3565.71950257903,4463.78787476494,5017.92541318663
lacL,Beta-galactosidase large subunit,E745S_00210,0,0,208.639024306033,175.227808724666,0,146.836804784851,0,43.30660173146,0
aroF,Phospho-2-dehydro-3-deoxyheptonate aldolase,E745S_00212,0,490.949704273397,567.370407934264,641.701838343297,0,80.2480212196276,158.886073354703,148.365209635558,188.705501149922
aroB,3-dehydroquinate synthase,E745S_00213,2236.39602945951,2189.51086333792,3191.325484028,2799.64430469227,2030.42285628773,1791.06753743382,3013.5684520812,3012.21474265489,3982.50653296401
aroC,Chorismate synthase,E745S_00214,0,172.664514638525,0,0,0,0,0,0,0
hypothetical protein,hypothetical protein,E745S_00215,1307.82790847195,1299.14445050312,2226.90223902154,1494.63719953277,3720.4961935427,1950.70987751967,1183.30622586818,2875.07717050526,1673.73574932974
aroA,3-phosphoshikimate 1-carboxyvinyltransferase,E745S_00216,1786.02503182181,1620.55008317363,2263.09472282973,2534.00214717359,6945.28543588204,3059.66923458665,1609.9285001797,3960.95011021632,4553.54578861769
pheA,Bifunctional chorismate mutase/prephenate dehydratase,E745S_00218,1252.17565704761,1052.62945068788,1266.73693328663,1155.38335981013,627.715867556445,1155.912986504,971.750735931804,1109.13018878906,0
hypothetical protein,hypothetical protein,E745S_00219,0,0,274.637083015085,72.0114282430134,0,212.571885996673,0,0,0
rhaR_1,HTH-type transcriptional activator RhaR,E745S_00220,834.783771365072,317.245041956326,432.180836062498,472.875045462455,0,77.6869141594267,823.398545893435,151.57310606011,820.458700651835
lacE_1,Lactose-binding protein,E745S_00222,416.361288433937,0,466.244350234911,416.866156829,0,410.630831985541,386.242388265577,496.421971699514,241.21485799164
lacF_1,Lactose transport system permease protein LacF,E745S_00223,104.090322108484,0,258.669810746766,88.0139678525719,0,85.3702353400294,348.495973048714,0,631.753199501913
lacG_1,Lactose transport system permease protein LacG,E745S_00224,2048.82733021452,1418.76143353583,2720.82319452154,859.336377033293,838.750529753533,1521.29759375932,1268.45511600854,2052.25173760752,2236.5704179769
umpB_1,Na(+), Li(+), K(+)/H(+) antiporter subunit B,E745S_00225,232.914978183341,178.905400709797,540.758287487066,98.415618598785,578.324776403935,890.411554596506,301.971321734906,366.502166505134,334.747149865949
umpB_2,Na(+), Li(+), K(+)/H(+) antiporter subunit B,E745S_00226,4641.81000768924,2842.72360546439,3164.7133635808,4645.53724865484,3228.38132169588,3208.2134440783,2514.08681816503,3991.42512624957,2566.39481563894
hypothetical protein,hypothetical protein,E745S_00227,245.282145166527,645.931708376651,356.602413992455,897.742472096234,949.206969967328,903.217089897511,375.708504949243,1109.13018878906,420.07485473374
gpmA_1,2,3-bisphosphoglycerate-dependent phosphoglycerate mutase,E745S_00230,851.273327342654,857.081687121354,444.954653877153,1334.61180343718,605.265371578031,466.975187309961,547.761932449364,457.927214604883,677.698886738416
gph_1,Phosphoglycolate phosphatase,E745S_00231,1163.54429366811,565.840337128661,949.520457556029,858.536250052815,1547.28818283227,1223.35547242262,1338.6810047841,975.200513063989,1555.58969643588
tcyP,L-cystine uptake protein TcyP,E745S_00233,1.03059724859885,0,0,0.800126980477927,436.437641820361,0,0,0,0
hypothetical protein,hypothetical protein,E745S_00236,679.163586826645,548.15782659339,480.082652867454,922.546408491049,1038.11093404185,1098.71492882618,446.812217334497,1242.25789040799,666.21246492929
pphA,Serine/threonine-protein phosphatase 1,E745S_00237,9994.73211691169,7203.02267392643,6199.55957937928,6361.80962177999,7032.39336027828,7626.97682527823,12788.1343460294,6695.6818121474,17226.3508788859
yhgF,Protein YhgF,E745S_00238,797.682270415513,308.923860527964,62.8046042553876,763.321139375942,392.43466970267,451.608544948755,387.120211875272,149.167183741696,152.605318321241
Protein SprT-like protein,Protein SprT-like protein,E745S_00239,4896.36752809316,4037.85328811298,5472.51644876182,5746.51197379247,3934.2249152572,4455.47258239613,5190.57100412354,3328.99451457945,3777.39185780105
ydcF,Protein YdcF,E745S_00240,613.205362916318,407.73788998977,237.380114389007,0,457.092098120501,288.551395449299,179.076016377677,210.117215808195,0
murC,UDP-N-acetylmuramate--L-alanine ligase,E745S_00241,0,81.1315189265359,0,0,0,0,0,4.00987053069074,0
hypothetical protein,hypothetical protein,E745S_00242,0,84.2519619621719,0,0,0,0,0,22.4552749718682,0
ybhL,Inner membrane protein YbhL,E745S_00243,41.2238899439542,282.92016856433,73.4494524342668,0,0,186.107113041264,0,0,0
hypothetical protein,hypothetical protein,E745S_00252,0,0,0,0,0,0,107.094480382728,0,0
GTP cyclohydrolase 1 type 2 ,GTP cyclohydrolase 1 type 2 ,E745S_00257,167.987351521613,248.595295172334,192.671752037714,233.637078299555,1661.33670240261,1017.61320525315,387.120211875272,334.423202259608,0
pepT,Peptidase T,E745S_00258,2.06119449719771,276.679282493058,409.826654886851,576.891552924585,388.842590346124,30.7332847224106,234.37890378843,345.650839745542,531.657238022389
dagK_2,Diacylglycerol kinase,E745S_00259,1942.67581360884,3085.07801456546,2759.1446479655,2305.16583075691,2337.54564127243,2935.88239334361,2089.22019107289,2413.14008536969,2489.27169777767
hypothetical protein,hypothetical protein,E745S_00260,276.200062624493,404.617446954134,1129.41839177909,730.515933176347,2694.05951740963,377.33644020293,792.674719554128,1008.08145141565,948.450257953522
hypothetical protein,hypothetical protein,E745S_00261,90.6925578766992,0,120.286784421336,0,0,0,0,42.5046276253219,203.473757761655
hypothetical protein,hypothetical protein,E745S_00263,219.517213951556,163.303185531617,383.214534439653,109.617396325476,0,575.395386191798,173.80907471951,170.820484607426,375.770084898541
lepA,Elongation factor 4,E745S_00266,234.976172680539,112.335949282896,136.254056689654,0,304.428725467289,296.234716629902,82.5154193112824,0,938.6047535457
xerC_2,Tyrosine recombinase XerC,E745S_00267,739.968824493978,506.551919451577,559.919014209049,680.908060386716,0,713.695167442646,408.187978507939,818.013588260912,0
hypothetical protein,hypothetical protein,E745S_00270,4561.42342229853,3974.40427972171,5446.96881313251,5355.24988033876,5309.99130881439,5875.17959610082,6315.94087175188,7300.37028817557,9943.95945190025
hypothetical protein,hypothetical protein,E745S_00271,8395.24518708627,8678.99222978225,7239.56124645578,6291.39844749794,7115.01118547884,5232.3417239904,8748.39009421532,9987.7855178445,13407.9360860523
fabG_1,3-oxoacyl-[acyl-carrier-protein] reductase FabG,E745S_00273,2129.21391560523,1817.1379944187,2730.40355788253,1055.36748725039,334.063380158795,1035.54095467456,1109.56904265384,2251.14131592978,1381.65245189769
licR_1,putative licABCH operon regulator,E745S_00274,280.322451618888,924.6912862268,136.254056689654,112.817904247388,0,322.699489585311,534.594578303946,87.4151775690582,1096.13282407085
hypothetical protein,hypothetical protein,E745S_00275,7485.22781657348,5294.35168379574,7467.3609974838,8820.59983278866,8646.13501120665,7751.61736887467,12180.6804081208,4345.89768116263,6667.04740149681
srlA,PTS system glucitol/sorbitol-specific EIIC component,E745S_00276,0,135.219198210893,0,111.217650286432,0,134.884971837246,109.727951211812,56.1381874296704,0
srlE,PTS system glucitol/sorbitol-specific EIIB component,E745S_00277,4646.96299393223,2682.54086296841,3729.95480187929,4439.10448769154,4746.03484983664,3137.35614874608,4240.7658584341,3845.46583893242,3595.25002625634
srlB,PTS system glucitol/sorbitol-specific EIIA component,E745S_00279,1893.2071456761,1948.19660191541,895.231731843745,1826.68989643111,3479.82687665411,2954.66384511842,1353.60400614891,1825.29306557043,968.141266769166
prsA_1,Foldase protein PrsA,E745S_00281,830.661382370677,483.66867052358,111.770905878232,710.512758664399,627.715867556445,259.525515433689,531.961107474863,396.175208432245,260.905866807284
hypothetical protein,hypothetical protein,E745S_00282,14195.4465022006,11844.1616155957,17965.3102714945,18142.879282337,16305.3462192022,12470.0302761181,14273.4118936325,14281.5548821082,14776.4611987396
hypothetical protein,hypothetical protein,E745S_00283,8680.72062494815,7726.21695623473,7357.71906124134,7113.12885644877,6134.37352114174,4440.10594003493,7285.0581368546,9073.53503684701,13019.0386619433
hypothetical protein,hypothetical protein,E745S_00284,91.7231551252981,107.135210890169,151.156844140085,0,827.974291683894,210.010778936472,478.413867283499,178.840225668807,260.905866807284
spxA_1,Regulatory protein Spx,E745S_00286,254.557520403917,151.861561067619,0,0,14.3683174261847,135.738674190647,93.9271262373108,168.414562289011,86.9686222690946
hypothetical protein,hypothetical protein,E745S_00288,5861.00655278169,3835.02449079664,4528.31841529523,3126.89623970774,6635.46859137993,6146.65694448212,4871.04321019474,4057.18700295289,2963.49682675443
aes_2,Acetyl esterase,E745S_00289,978.036788920313,490.949704273397,408.762170068963,568.890283119806,297.244566754196,1435.07365606589,1140.29286899315,1356.13821347961,277.31504082032
hypothetical protein,hypothetical protein,E745S_00290,5037.5593511512,8002.89623872779,7327.91348634048,4342.28912305371,5548.86458602471,9331.82042501861,4269.73403755402,3171.00561567024,3733.08708796585
murR_1,HTH-type transcriptional regulator MurR,E745S_00291,19369.0446901669,19025.3411882727,16010.9161458523,19924.7620678613,10916.3291645438,20322.384522694,11589.9051187964,17451.7585236723,10664.3221910726
fldH,Phenyllactate dehydrogenase,E745S_00293,1688.11829320492,801.953860158451,390.665928164869,1547.44558024431,2911.38031848068,1745.8213127036,1378.18306722035,1261.50526895531,1033.77796282131
hypothetical protein,hypothetical protein,E745S_00294,10543.0098531663,4558.96727506419,11116.4149532036,10605.6831262349,15131.6342894508,7460.50486636517,15636.671959488,6905.7990279556,8719.83507052771
hcxA,Hydroxycarboxylate dehydrogenase A,E745S_00295,5020.03919792502,4821.08449005761,5692.86480606462,4028.63934670636,6553.7487860185,5408.20440879086,6604.74483934137,3740.40723102833,3590.32727405243
hypothetical protein,hypothetical protein,E745S_00296,0,21.843101249452,0,0,1.79603967827309,0,0,45.7125240498745,0
hypothetical protein,hypothetical protein,E745S_00299,3719.42547019327,5201.77854040521,5589.6097787295,5517.67565737578,7067.41613400461,6345.56959282438,4433.88705256689,5002.71447408977,4322.17643503387
hypothetical protein,hypothetical protein,E745S_00300,2226.09005697353,1770.33134888416,2281.19096473382,2963.67033569024,3217.60508362624,1584.47156791095,3384.88783898197,1526.1567239809,1944.48712054485
manX_1,PTS system mannose-specific EIIAB component,E745S_00301,7837.69207559429,9747.22389564831,9526.07463527904,7518.79323555108,9316.95583104165,7828.45058068069,5911.26418768272,8042.19633635336,5672.65145630679
ppaX,Pyrophosphatase PpaX,E745S_00303,4111.05242466083,3364.87774009415,3238.16281601507,5139.21559560972,5157.32793616117,2758.31230383635,4073.97937259214,3376.31098684161,4302.48542621823
hypothetical protein,hypothetical protein,E745S_00307,0,0,0,0,260.425753349598,0,0,122.702038239137,0
hypothetical protein,hypothetical protein,E745S_00308,1284.12417175417,2464.10985047389,2551.57010847736,1897.10107071316,389.74061018526,2363.04811421201,2006.70477176161,2823.75082771242,18473.4481038767
hypothetical protein,hypothetical protein,E745S_00310,366.892620501192,676.095991054466,700.431010170255,436.869331340948,0,169.033065973258,102.705362334256,462.739059241712,0
hypothetical protein,hypothetical protein,E745S_00312,436.973233405914,574.161518557023,200.12314576293,247.239236967679,653.758442891404,416.606748459343,122.895305357229,50.5243686867034,410.229350325918
yidA_1,Sugar phosphatase YidA,E745S_00313,187.568699244992,188.266729816705,167.124116408404,0,0,0.853702353400294,0,50.5243686867034,0
gspA_1,General stress protein A,E745S_00314,0,97.7738817832612,0,0,0,0.853702353400294,0,0,0
gspA_2,General stress protein A,E745S_00315,796.651673166915,2602.44949172042,1509.43947176508,1273.00202594038,1501.4891710363,1861.92483276604,1924.18935245033,2016.96487693744,2141.39720870129
hypothetical protein,hypothetical protein,E745S_00317,3461.77615804355,3030.9903352811,2546.24768438792,3257.31693752564,1858.90106701265,3468.59266186539,1860.98605255233,4163.04758496313,2297.28436182514
yghA,putative oxidoreductase YghA,E745S_00318,131.916447820653,0,416.213563794179,136.821713661725,262.221793027871,131.470162423645,210.677666326678,255.829739858069,0
hypothetical protein,hypothetical protein,E745S_00319,0,148.741118031983,0,61.6097774968004,0,0,0,156.384950696939,0
hypothetical protein,hypothetical protein,E745S_00322,0,0,0,0,298.142586593333,0,198.388135790956,3.20789642455259,0
hypothetical protein,hypothetical protein,E745S_00325,0,0,0,0,0.898019839136544,0,0,40.9006794130456,0
hypothetical protein,hypothetical protein,E745S_00326,285.475437861883,372.372868919229,124.544723692887,0,325.981201606566,278.306967208496,455.590453431442,436.273913739153,50.8684394404138
hypothetical protein,hypothetical protein,E745S_00327,84.5089743851061,63.4490083912653,0,45.6072378872418,0,67.4424859186232,227.356314910874,31.2769901393878,344.592654273771
hypothetical protein,hypothetical protein,E745S_00328,0,144.580527317801,0,0,0,203.18116010927,0,133.929675725071,0
Stress response regulator gls24 ,Stress response regulator gls24 ,E745S_00330,590.532223447144,179.945548388342,188.413812766163,64.0101584382341,0,126.347948303243,182.587310816455,419.432457510252,620.266777692788
hypothetical protein,hypothetical protein,E745S_00331,141.191823058043,0,68.1270283448272,0,0,64.027676505022,476.65822006411,154.781002484663,39.3820176312881
amt,Ammonia channel,E745S_00333,566.82848672937,376.53345963341,277.830537468749,712.913139605833,1294.04658819576,341.480941360118,449.445688163581,995.249865717443,374.129167497237
gadC_1,Glutamate/gamma-aminobutyrate antiporter,E745S_00334,3438.07242132578,2015.80620102085,2671.85689289869,2352.3733226051,4029.41501820568,1990.83388812949,3111.00687275728,3157.37205586589,1634.35373169846
hypothetical protein,hypothetical protein,E745S_00336,8683.81241669395,10281.8598024206,9374.91779113896,7323.56225231446,11596.1301827702,9084.24674253253,7834.57571652335,6886.55164940828,4005.47937658226
dxs,1-deoxy-D-xylulose-5-phosphate synthase,E745S_00337,28005.4496334253,21834.7800680236,30052.5353786119,30372.0200519616,20345.5374754776,28179.8609833903,27551.3718138714,21492.1040703962,28008.8191228524
nanE_1,Putative N-acetylmannosamine-6-phosphate 2-epimerase,E745S_00339,73.1724046505187,0,109.641936242456,51.2081267505873,0,35.001796489412,48.2802985331971,130.721779300518,0
hypothetical protein,hypothetical protein,E745S_00340,1297.52193598596,61.3687130341746,204.381085034482,276.843935245363,0,425.143771993346,357.274209145659,517.273298459106,139.477979110812
ftsW_1,putative peptidoglycan glycosyltransferase FtsW,E745S_00342,5549.76618370483,6259.60872948581,7288.52754807862,6634.65292212297,10429.6024117318,7182.19789915667,6552.95324636939,6993.21420552466,8138.95031046621
msrR,Regulatory protein MsrR,E745S_00343,140.161225809444,165.383480888708,282.0884767403,87.213840872094,40.4108927611445,38.4166059030132,33.3572971683908,331.215305835055,0
napA_2,Na(+)/H(+) antiporter,E745S_00346,178.293324007602,579.36225694975,97.9326032456891,438.469585301904,0,244.158873072484,338.839913342074,305.552134438635,439.765863549384
hypothetical protein,hypothetical protein,E745S_00347,365.862023252593,64.4891560698106,0,0,0,0,50.0359457525861,0,0
hypothetical protein,hypothetical protein,E745S_00348,630.725516142499,759.307805338093,1561.59922784159,1607.45510378015,1213.22480267347,1009.07618171915,1056.89962607217,1440.34549462411,375.770084898541
ahpF,NADH dehydrogenase,E745S_00349,3071.17980082459,3450.16984973487,3644.79601644826,1667.464627316,2752.43080695351,2341.70555537701,1652.94185705473,3017.82856139785,881.172644500071
rspR_1,HTH-type transcriptional repressor RspR,E745S_00351,2914.52901903756,1041.18782622388,1769.17376732973,2048.32507002349,2450.69614100363,1280.55353010044,1806.56098875127,1329.67306797705,703.953565159275
uxuA_2,Mannonate dehydratase,E745S_00352,34.0097092037622,1016.22428193879,611.014285467669,1062.56863007469,543.302002677609,542.954696762587,711.914947462234,922.270222058871,254.342197202069
uxuA_3,Mannonate dehydratase,E745S_00353,421.514274676932,522.154134629757,85.158785431034,450.471490009073,0,452.462247302156,266.858377347126,231.770516673925,0
hypothetical protein,hypothetical protein,E745S_00354,254.557520403917,81.1315189265359,0,0,0,61.4665694448212,0,68.9697731278808,42.6638524338954
hypothetical protein,hypothetical protein,E745S_00355,1285.15476900277,664.654366590467,652.529193365298,850.534980248036,809.115875062027,342.334643713518,392.387153533439,499.629868124067,324.901645458127
hypothetical protein,hypothetical protein,E745S_00357,2439.42368743349,3370.07847848688,3894.94994865192,2821.24773316517,4913.96455975517,4726.94993077743,3551.67432482392,2863.04755891319,2500.75811958679
ohrR,Organic hydroperoxide resistance transcriptional regulator,E745S_00358,73.1724046505187,0,0,157.625015154152,0,163.910851852856,40.3798860459467,55.3362133235323,0
hypothetical protein,hypothetical protein,E745S_00361,114.396294594473,383.814493383228,118.15781478556,160.025396095585,0,223.670016590877,501.237281135556,405.798897705903,456.17503756242
bbmA,Intracellular maltogenic amylase,E745S_00362,1306.79731122335,1221.13337461222,2433.4122936918,1019.36177312888,1793.34561875568,2422.80727895003,2679.99548039729,1972.85630109985,3216.19810655519
mdxE,Maltodextrin-binding protein MdxE,E745S_00363,4995.30486395865,2825.04109492912,4070.58994360343,4971.98905668984,4361.6823586862,2896.6120850872,7093.6925899412,3327.39056636718,5674.29237370809
hypothetical protein,hypothetical protein,E745S_00364,5586.86768465439,4973.98619880378,8707.48581032323,6982.70815863087,6252.91213990776,8508.85135634073,7349.1392603623,8148.05691836359,8862.59488444113
malG,Maltose/maltodextrin transport system permease protein MalG,E745S_00365,2245.6714046969,1378.19567407257,1572.24407602047,1706.67084935942,957.289148519556,3201.3838252511,2199.8259658944,2105.18202861264,8348.98773783308
hypothetical protein,hypothetical protein,E745S_00366,1833.43250525736,1901.38995638087,1726.59437461421,1469.83326313795,1770.89512277727,1770.57868095221,855.000195842437,2816.53306075718,1352.11593867422
hypothetical protein,hypothetical protein,E745S_00368,1631.43544453199,2223.83573672992,1279.51075110129,3331.72874671009,1709.82977371598,1380.43670544828,1556.38125998834,2652.930343105,1778.75446301318
pyrDA,Dihydroorotate dehydrogenase A (fumarate),E745S_00369,0,198.668206602158,168.188601226292,0,0,242.451468365683,0,0,0
nylA,6-aminohexanoate-cyclic-dimer hydrolase,E745S_00370,102.029127611287,0,413.020109340515,232.036824338599,0.898019839136544,39.2703082564135,208.922019107289,64.1579284910519,505.402559601531
yckB,putative ABC transporter extracellular-binding protein YckB,E745S_00371,2001.41985677898,1343.87080068057,1674.43461853771,1169.78564545873,1344.33569918741,1448.7328937203,1263.18817435038,1302.40594836835,1934.64161613703
yecS_1,L-cystine transport system permease protein YecS,E745S_00372,1.03059724859885,3.120443035636,4.2579392715517,0,1.79603967827309,156.227530672254,93.9271262373108,100.246763267269,6.56366960521468
hypothetical protein,hypothetical protein,E745S_00373,3028.92531363203,1546.69959799691,2466.41132304632,2959.66970078785,1417.07530615747,2280.23898593218,2770.41131219582,1624.79953903589,3227.68452836432
hypothetical protein,hypothetical protein,E745S_00374,447.279205891903,205.949240351976,711.075858349134,4.80076188286756,0,604.421266207408,748.783539069403,279.888963042214,0
hypothetical protein,hypothetical protein,E745S_00375,1946.79820260324,1780.73282566961,2596.27847082865,3772.59871295342,348.431697584979,4229.24145874506,3793.9536410996,2405.92231841445,4414.06780950687
gmk_1,Guanylate kinase,E745S_00376,1235.68610107003,1228.41440836204,2446.18611150645,1601.05408793633,1209.63272331693,985.172515823939,1613.43979461848,1894.26283869831,1762.34528900014
nupC,Nucleoside permease NupC,E745S_00377,1199.61519736907,2041.80989298449,449.212593148704,1821.88913454824,1555.3703613845,1394.09594310268,1271.08858683763,1156.44666105121,1017.36878880828
hypothetical protein,hypothetical protein,E745S_00378,479.227720598467,863.322573192626,579.079740931031,289.645966933009,297.244566754196,564.297255597594,133.429188673563,492.412101168823,237.933023189032
hypothetical protein,hypothetical protein,E745S_00380,1141.90175144753,1140.00185568568,1395.53959625107,573.691045002673,2781.16744180588,1590.44748438475,1498.4449017485,1487.66196688627,666.21246492929
hypothetical protein,hypothetical protein,E745S_00381,0,92.5731433905346,0,0,642.982204821766,82.8091282798285,103.58318594395,0,187.064583748618
hypothetical protein,hypothetical protein,E745S_00384,186.538101996393,112.335949282896,843.071975767237,188.029840412313,456.194078281365,308.186549577506,509.137693622806,364.898218292858,782.717600421851
ygaZ_1,Inner membrane protein YgaZ,E745S_00385,70.0806129047221,0,420.47150306573,84.8134599306602,0,139.153483604248,152.741308086842,0,0
hypothetical protein,hypothetical protein,E745S_00386,160.773170781421,17.6825105352706,0,0,293.65248739765,110.981305942038,0,0,0
murJ_1,Lipid II flippase MurJ,E745S_00387,715.234490527605,889.326265156259,671.689920087281,1433.82754901644,968.065386589195,931.389267559721,1293.03417707999,1074.64530222512,927.118331736574
degV,Protein DegV,E745S_00388,378.22919023578,237.153670708336,0,218.434665670474,0,431.119688467148,268.614024566515,434.669965526877,0
hypothetical protein,hypothetical protein,E745S_00389,15966.0125752935,12815.659547357,7894.21940945685,14007.0229202466,3308.30508737903,11285.0914095985,11639.941064549,14346.5147847053,10574.0717340009
hypothetical protein,hypothetical protein,E745S_00390,5395.176596415,7065.72318035844,6968.11761789436,4954.38626311932,10210.4855709825,9294.257521469,5162.48064861332,3938.49483524445,3121.02489727958
malL_1,Oligo-1,6-glucosidase,E745S_00391,4317.1718743806,5120.64702147867,4366.51672297627,3776.59934785581,3693.55559836861,5382.59333818885,3669.30268852298,4957.80392414603,3806.92837102452
hmpT,Thiamine precursor transporter HmpT,E745S_00393,1259.3898377878,748.906328552639,756.848705518315,273.643427323451,0,167.325661266458,657.489883661176,145.959287317143,131.273392104294
menE,2-succinylbenzoate--CoA ligase,E745S_00395,1669.56754273014,3140.20584152836,2650.56719654093,1180.98742318542,1354.21391741791,1421.41441841149,742.638773801541,1177.2979878108,349.515406477682
xerC_3,Tyrosine recombinase XerC,E745S_00396,1604.63991606842,1452.04615924928,733.430039524781,1144.18158208344,1852.61492813869,2008.76163755089,679.435473903538,2853.42386963953,3027.49260540527
ysnF,Stress response protein YsnF,E745S_00397,912.078565009986,2369.45641172627,2604.79434937175,1513.04012008376,283.774269167148,1631.42519734796,1048.99921358492,1799.62989417401,2016.68748620221
sasA_1,Adaptive-response sensory-kinase SasA,E745S_00398,6204.1954365651,5909.07896181603,5363.93899733726,7048.31857103006,8809.5746219295,6945.72234726479,6177.24474142015,6739.790387985,6018.88502798186
putative ABC transporter permease,putative ABC transporter permease,E745S_00400,10265.7791932932,8666.51045763971,6219.78479091915,8873.40821350021,7657.41516831731,8026.50952666956,7254.33431051529,9140.09888765648,7602.37032023991
hypothetical protein,hypothetical protein,E745S_00404,2341.5169488166,2226.95617976556,3398.90002351615,2146.74068862228,3170.010032152,2228.16314237477,2325.35474208071,2836.58241341063,1242.17447278688
hypothetical protein,hypothetical protein,E745S_00407,8572.50791384527,8391.91147050374,8894.8351382715,6152.97647987526,4047.37541498841,4613.40751777519,7599.31898912523,11035.9656745671,12200.2208786928
hypothetical protein,hypothetical protein,E745S_00408,0,0,0,121.619301032645,0,0,0,0,0
hypothetical protein,hypothetical protein,E745S_00409,644.123280374284,236.11352302979,229.928720663792,288.845839952532,0,402.947510804939,229.989785739957,188.463914942465,395.461093714185
hypothetical protein,hypothetical protein,E745S_00410,8978.56322979322,10548.1376081282,11131.317740654,8929.41710213366,7238.93792327969,12061.9605511928,12314.1095967944,10883.5905944008,7692.62077731161
ybbH_1,putative HTH-type transcriptional regulator YbbH,E745S_00412,254.557520403917,226.752193922882,0,0,321.491102410883,180.131196567462,116.750540089368,149.969157847834,72.2003656573615
yhhX,putative oxidoreductase YhhX,E745S_00413,8300.43024021518,4356.13847774785,3911.98170573813,6161.77787666051,5305.5012096187,5230.6343192836,7672.17834872987,6622.70216848883,8698.50314431076
hypothetical protein,hypothetical protein,E745S_00414,0,0,0,262.44164959676,0,40.1240106098138,124.650952576618,0,0
hypothetical protein,hypothetical protein,E745S_00415,603.929987678929,983.979703903884,615.272224739221,858.536250052815,303.530705628152,1152.4981770904,854.122372232742,698.519446446327,1142.07851130735
hypothetical protein,hypothetical protein,E745S_00416,754.397185974362,467.026307666854,126.673693328663,868.13777381855,0,933.096672266521,1258.7990563019,890.993231919483,1788.599967421
ulaA_1,Ascorbate-specific PTS system EIIC component,E745S_00417,942.996482467952,734.344261053005,637.626405914867,454.472124911462,296.34654691506,173.30157774026,257.202317640487,498.827894017928,244.496692794247
hypothetical protein,hypothetical protein,E745S_00418,5130.3131035251,5731.21370878478,7314.07518370793,6887.49304795399,5971.83193025802,7108.77949676425,4621.74130504151,5462.24563690693,6859.03473744934
hypothetical protein,hypothetical protein,E745S_00419,299.903799342267,240.274113743972,58.5466649838359,237.637713201944,342.145558711023,536.978780288785,180.831663597066,190.067863154741,779.435765619244
rhaS_1,HTH-type transcriptional activator RhaS,E745S_00420,2281.74230839786,2926.97556742657,2616.50368236852,2612.41459126043,2765.90110454056,2556.83854843388,2083.95324941473,2701.85076357942,2077.40143005045
hypothetical protein,hypothetical protein,E745S_00421,466.860553615281,727.063227303187,919.714882655167,985.756439948806,1035.41687452444,717.109976856247,600.431349031034,878.161646221273,1197.86970295168
ldh_1,L-lactate dehydrogenase,E745S_00422,228.792589188946,120.657130711259,185.220358312499,118.418793110733,0,93.9072588740323,141.329601160813,0,0
hypothetical protein,hypothetical protein,E745S_00424,2217.84527898474,578.322109271205,603.562891742454,927.347170373917,1502.38719087544,1108.95935706698,2687.01806927484,764.281323149656,1846.03207646663
hypothetical protein,hypothetical protein,E745S_00425,1884.96236768731,3078.83712849418,2886.88282611205,2237.95516439676,2728.18427129682,1823.50822686303,2060.25201195298,3586.4282026498,2942.16490053748
topB_1,DNA topoisomerase 3,E745S_00426,1280.00178275978,1353.23212978748,1275.25281182973,1146.58196302487,1800.52977746877,1178.96295004581,846.221959745492,931.893911332529,807.331361441406
tagU_1,Polyisoprenyl-teichoic acid--peptidoglycan teichoic acid transferase TagU,E745S_00428,3.09179174579656,15.60221517818,24.4831508114223,1.60025396095585,0,7.68332118060264,2.63347082908348,4.00987053069074,0
aroE,Shikimate dehydrogenase (NADP(+)),E745S_00429,1442.8361480384,496.150442666124,1343.37984017456,740.91758392256,1326.37530240468,1403.48666899008,2775.67825385399,2051.44976350138,1859.15941567706
cmpD,Bicarbonate transport ATP-binding protein CmpD,E745S_00430,536.941166520003,401.497003918498,411.955624522627,0,0,67.4424859186232,237.890198227208,227.760646143234,356.079076082897
hypothetical protein,hypothetical protein,E745S_00431,3191.75967891065,2358.01478726227,3096.58633523597,360.057141215067,482.236653616324,1152.4981770904,2355.20074481033,1458.79089906529,2850.27352606448
hypothetical protein,hypothetical protein,E745S_00432,945.05767696515,1248.1772142544,1079.38760533836,452.071743970029,0,444.778926121553,1158.72716479673,572.609511782638,1389.85703890421
rqcH,Rqc2 RqcH,E745S_00435,6.18358349159313,157.062299460345,614.207739921333,50.4079997701094,294.550507236787,289.4050978027,177.320369158288,175.632329244255,26.2546784208587
hdfR_1,HTH-type transcriptional regulator HdfR,E745S_00436,1140.87115419893,794.672826408634,551.403135665945,838.533075540867,965.371327071785,500.269579092572,1551.99214193986,1351.32636884278,556.270999041944
yfbR,5'-deoxynucleotidase YfbR,E745S_00438,207.15004696837,180.985696066888,4.2579392715517,228.036189436209,149.071293296666,173.30157774026,55.3028874107531,290.31462642201,0
pyrF,Orotidine 5'-phosphate decarboxylase,E745S_00440,825.508396127683,1318.90725639548,963.358760188572,0,0,0,146.59654281898,0,0
pyrDB,Dihydroorotate dehydrogenase B (NAD(+)), catalytic subunit,E745S_00441,0,201.788649637794,130.931632600215,0,0,0,0,0,0
pyrK_1,Dihydroorotate dehydrogenase B (NAD(+)), electron transfer subunit,E745S_00442,0,0,0,0,288.264368362831,0,0,20.8513267595919,0
pyrK_2,Dihydroorotate dehydrogenase B (NAD(+)), electron transfer subunit,E745S_00443,1087.28009727179,2370.49655940481,2963.52573299998,132.020951778858,0,227.938528357878,98.3162442857833,28.0690937148352,52.5093568417175
carB,Carbamoyl-phosphate synthase large chain,E745S_00444,531.788180277009,1276.26120157512,647.206769275859,98.415618598785,0,78.540616512827,43.8911804847247,28.8710678209734,0
carA,Carbamoyl-phosphate synthase small chain,E745S_00445,532.818777525608,740.585147124277,419.407018247843,424.067299653301,0,0,27.2125319005293,73.7816177647097,0
pyrC,Dihydroorotase,E745S_00446,260.74110389551,66.5694514269013,427.922896790946,0,0,0,0,0,0
pyrP,Uracil permease,E745S_00448,806.957645652903,2119.82096887539,1748.94855578986,2456.38983006723,1534.71590508435,2064.25229052191,2504.43075845839,1900.67863154741,1829.62290245359
lspA,Lipoprotein signal peptidase,E745S_00451,352.464259020808,0,509.888227768316,80.0126980477927,603.469331899758,361.116095488324,140.451777551119,218.938930975715,520.170816213264
hypothetical protein,hypothetical protein,E745S_00452,1388.21449386266,789.472088015907,731.301069889005,1500.23808839611,545.098042355883,528.441756754782,1035.8318594395,1154.0407387328,2001.91922959048
fhs1,Formate--tetrahydrofolate ligase 1,E745S_00454,965.669621937127,1003.74250979625,1094.29039278879,1089.77294741094,750.744585518151,895.533768716908,1491.42231287094,1523.75080166248,2481.06711077115
hypothetical protein,hypothetical protein,E745S_00455,0,27.0438396421786,27.6766052650861,0,0,0,0,8.01974106138149,0
fieF,Ferrous-iron efflux pump FieF,E745S_00458,110.273905600077,178.905400709797,384.279019257541,492.878219974403,0,150.251614198452,158.008249745009,329.611357622779,492.275220391101
Acetyltransferase,Acetyltransferase,E745S_00461,365.862023252593,763.468396052274,550.338650848057,128.020316876468,704.047553883051,608.689777974409,335.328618903297,617.520061726374,477.506963779368
hypothetical protein,hypothetical protein,E745S_00463,5073.63025485216,5471.17678914845,5514.03135665945,4693.54486748352,6916.54880102967,6955.96677550559,4373.31722349797,3584.82425443752,5730.08356535242
hypothetical protein,hypothetical protein,E745S_00464,1662.35336198995,2456.82881672407,3016.74997389438,2732.43363833212,5083.69030935198,2501.34789546286,1735.45727636601,1749.90749959344,1030.49612801871
steT_1,Serine/threonine exchanger SteT,E745S_00465,6173.27751910714,5112.32584005031,7743.06256531677,10920.1330295627,11936.4797018029,11467.7837132261,9830.74660496863,10051.1414722294,13729.5558967078
Putative pyridoxal phosphate-dependent acyltransferase,Putative pyridoxal phosphate-dependent acyltransferase,E745S_00467,892.497217286608,850.840801050082,802.621552687496,1124.97853455196,776.787160853111,1470.92915490871,2452.63916548641,903.022843511555,1074.8008978539
yedJ,putative protein YedJ,E745S_00469,0,0,118.15781478556,0,0,0,0,0,0
ypwA,Carboxypeptidase 1,E745S_00470,763.672561211751,296.44208838542,142.640965596982,392.062220434184,751.642605357288,445.632628474953,596.042230982561,182.850096199498,525.093568417175
rlmL,Ribosomal RNA large subunit methyltransferase L,E745S_00471,0,290.201202314148,345.957565813576,133.621205739814,0,327.821703705713,137.818306722035,0,0
hypothetical protein,hypothetical protein,E745S_00473,571.981472972364,211.149978744702,501.372349225213,604.895997241313,0.898019839136544,220.255207177276,458.223924260526,380.135726309482,406.94751552331
hypothetical protein,hypothetical protein,E745S_00477,0,195.547763566522,293.797809737067,61.6097774968004,0,94.7609612274326,93.0493026276163,24.8611972902826,124.709722499079
tetA,Tetracycline resistance protein, class C,E745S_00480,57.7134459215359,318.285189634872,191.607267219827,236.037459240988,426.559423589859,103.297984761436,353.762914706881,537.32265111256,47.5866046378065
hypothetical protein,hypothetical protein,E745S_00481,0,0,0,0,0,0,0,67.3658249156045,0
hypothetical protein,hypothetical protein,E745S_00482,440.065025151711,385.894788740318,0,174.427681744188,611.551510451987,175.00898244706,716.304065510707,203.70142295909,0
nox_1,NADH oxidase,E745S_00483,0,102.974620175988,0,0,334.063380158795,0,0,0,0
perR,Peroxide operon regulator,E745S_00484,499.839665570444,60.3285653556293,654.658163001074,324.05142709356,0,360.262393134924,584.630524056533,528.50093594504,0
Autolysin,Autolysin,E745S_00486,0,0,0,84.8134599306602,0,145.98310243145,44.7690040944192,68.9697731278808,0
tkt,Transketolase,E745S_00488,0,0,0,380.860442707493,616.939629486806,0,0.877823609694493,0,0
hypothetical protein,hypothetical protein,E745S_00491,1473.75406549636,1197.20997800568,1219.89960129956,2031.52240343346,1950.49909060457,3825.44024558672,1666.10921120015,1951.20300023412,1921.5142769266
hypothetical protein,hypothetical protein,E745S_00493,0,53.0475316058119,0,210.433395865695,0,110.127603588638,0,40.0987053069074,0
hypothetical protein,hypothetical protein,E745S_00494,87.6007661309026,22.8832489279973,56.41769534806,22.4035554533819,0,170.740470680059,43.0133568750302,50.5243686867034,0
hcaB,3-phenylpropionate-dihydrodiol/cinnamic acid-dihydrodiol dehydrogenase,E745S_00495,141.191823058043,136.259345889439,301.249203462283,146.423237427461,181.400007505582,142.568293017849,158.008249745009,155.582976590801,236.292105787729
gap_1,Glyceraldehyde-3-phosphate dehydrogenase,E745S_00499,1126.44279271855,1049.50900765224,321.474415002153,853.735488169948,632.205966752127,1072.25015587077,505.626399184028,959.963005047364,447.970450555902
menH_1,2-succinyl-6-hydroxy-2,4-cyclohexadiene-1-carboxylate synthase,E745S_00500,177.262726759003,481.588375166489,567.370407934264,464.073648677197,331.369320641385,185.253410687864,464.368689528387,545.342392173941,0
hypothetical protein,hypothetical protein,E745S_00503,0,0,0,0,0.898019839136544,34.1480941360117,0,0,0
ykuT,putative MscS family protein YkuT,E745S_00507,1095.52487526058,105.054915533079,574.82180165948,527.283680134954,623.225768360762,641.984169757021,531.083283865169,653.608896502591,863.122553085731
hypothetical protein,hypothetical protein,E745S_00509,1537.65109490949,1020.38487265297,1483.89183613577,1602.65434189729,448.111899729136,2290.48341417299,2212.11549643012,2134.05309643361,2577.88123744807
murI,Glutamate racemase,E745S_00511,0,0,0,0,0,0,0,132.325727512795,0
glnP,putative glutamine ABC transporter permease protein GlnP,E745S_00512,0,0,0,0,0,0,0,0,116.505135492561
glnH,ABC transporter glutamine-binding protein GlnH,E745S_00514,0,0,0,0,0,0,0,125.107960557551,0
glnQ_1,Glutamine transport ATP-binding protein GlnQ,E745S_00515,510.145638056433,210.109831066157,583.337680202583,115.218285188821,0.898019839136544,98.1757706410338,0.877823609694493,8.82171516751963,0
trpS2,Tryptophan--tRNA ligase 2,E745S_00516,0,0,0,0,0,0,0,49.7223945805652,0
dtpT_1,Di-/tripeptide transporter,E745S_00524,0,112.335949282896,0,58.4092695748886,0,168.179363619858,176.442545548593,25.6631713964208,95.1732092756129
hypothetical protein,hypothetical protein,E745S_00526,0,0,105.383996970905,0,0,0,0,0,1.64091740130367
hypothetical protein,hypothetical protein,E745S_00527,590.532223447144,1688.15968227907,2398.2842947015,2821.24773316517,4672.39722302744,3175.77275464909,2866.09408565252,1502.09750079675,4399.29955289514
hypothetical protein,hypothetical protein,E745S_00530,1250.11446255041,1439.56438710674,1104.93524096767,1772.28126175861,1865.1872058866,1727.03986092879,1798.66057626402,2473.28814333005,1768.90895860536
hypothetical protein,hypothetical protein,E745S_00532,133.977642317851,607.446244270474,151.156844140085,912.944884725314,574.732697047388,472.097401430362,857.63366667152,734.608281222544,67.2776134534505
hypothetical protein,hypothetical protein,E745S_00534,1019.26067886427,1245.05677121876,723.849676163789,1943.50843558088,1646.07036513729,1677.52512443158,1068.3113329982,809.191873093392,984.550440782202
hypothetical protein,hypothetical protein,E745S_00536,405.02471869935,745.785885517003,287.41090082974,472.074918481977,171.52178927508,745.282154518456,746.150068240319,878.161646221273,907.42732292093
hypothetical protein,hypothetical protein,E745S_00537,0,0,0,102.416253501175,0,0,0,0,0
hypothetical protein,hypothetical protein,E745S_00538,341.127689286221,211.149978744702,0,895.3420911548,365.494074528574,144.27569772465,133.429188673563,274.275144299247,0
Putative universal stress protein,Putative universal stress protein,E745S_00539,1075.9435275372,461.825569274128,367.247262171334,1607.45510378015,2109.44860213174,1067.98164410377,1482.644076774,1518.13698291952,1864.08216788097
hypothetical protein,hypothetical protein,E745S_00542,0,167.463776245798,0,0,0,0,0,33.6829124578022,0
hypothetical protein,hypothetical protein,E745S_00543,787.376297929525,295.401940706874,1.06448481788793,331.252569917862,0,279.160669561896,0,43.30660173146,0
hypothetical protein,hypothetical protein,E745S_00544,0,96.7337341047159,0,0,0,121.225734182842,0,97.8408409488541,0
hypothetical protein,hypothetical protein,E745S_00545,250.435131409522,0,0,0,0,0,209.799842716984,0,0
dinG_1,3'-5' exonuclease DinG,E745S_00546,932.690509981963,1481.17029424855,746.203857339436,1226.59466107266,2649.15852545281,2555.98484608048,2073.41936609839,1316.0395081727,2541.78105461939
zosA,Zinc-transporting ATPase,E745S_00550,0,0,0,208.833141904739,0,0,0,0.801974106138149,318.337975852912
hypothetical protein,hypothetical protein,E745S_00552,0,0,0,0,0,0,64.9589471173925,0,349.515406477682
comEC,ComE operon protein 3,E745S_00555,399.871732456356,632.409788555562,1093.2259079709,764.921393336898,281.978229488875,653.082300351225,491.581221428916,849.290578400299,528.375403219782
hypothetical protein,hypothetical protein,E745S_00559,1607.73170781421,2818.80020885785,1241.18929765732,1601.05408793633,4357.19225949051,2191.45394117855,2263.9070894021,1270.32698412283,1078.08273265651
ylbL,putative protein YlbL,E745S_00560,3864.7396822457,2580.60639047097,1367.86299098598,2950.06817702212,3121.51696083863,2588.42553550969,1737.2129235854,2483.71380670985,2604.13591586893
rsmD,Ribosomal RNA small subunit methyltransferase D,E745S_00562,786.345700680926,325.566223384689,739.816948432108,704.111742820576,163.439610722851,437.949307294351,311.627381441545,1437.13759819956,802.408609237495
hypothetical protein,hypothetical protein,E745S_00563,367.923217749791,517.993543915576,337.441687270472,982.555932026894,822.586172649075,979.196599350137,438.033981237552,716.162876781367,841.790626868783
hypothetical protein,hypothetical protein,E745S_00564,0,0,0,0,0,70.8572953322244,0,12.8315856982104,0
hypothetical protein,hypothetical protein,E745S_00565,0,218.43101249452,126.673693328663,0,0,0,81.6375957015879,29.6730419271115,0
pycA,Pyruvate carboxylase,E745S_00566,229.823186437545,1.04014767854533,217.154902849137,0,0.898019839136544,0,0,0,0
ftsW_2,putative peptidoglycan glycosyltransferase FtsW,E745S_00567,50.4992651813439,322.445780349053,79.8363613415944,63.2100314577562,5.38811903481927,96.4683659342332,16.6786485841954,60.9500320664993,24.6137610195551
recQ_1,ATP-dependent DNA helicase RecQ,E745S_00569,0,0,0,0,336.757439676204,79.3943188662273,114.994892869979,253.423817539655,0
typA,GTP-binding protein TypA/BipA,E745S_00570,181.385115753398,1.04014767854533,0,0,0,0,22.8234138520568,64.95990259719,0
pdhB,Pyruvate dehydrogenase E1 component subunit beta,E745S_00575,42.254487192553,0,0,93.6148567159174,0,0,0,0,0
norG,HTH-type transcriptional regulator NorG,E745S_00577,5604.38783788057,4680.664553454,4858.30870884049,4742.35261329267,5542.57844715075,7349.52356042313,8162.88174654909,8603.57821065006,9820.89064680247
guaC,GMP reductase,E745S_00578,109.243308351479,274.598987135968,208.639024306033,266.44228449915,0,941.633695800524,579.363582398366,543.738443961665,361.001828286808
xylH,Xylose transport system permease protein XylH,E745S_00579,3629.76350956517,2040.76974530594,1786.20552441594,2022.7210066482,1727.79017049871,2403.17212482183,2707.20801229782,2203.82484366763,1601.53538367238
xylG,Xylose import ATP-binding protein XylG,E745S_00580,2352.85351855119,2471.39088422371,2848.56137266809,2672.42411479628,3530.11598764576,2573.05889314849,3914.21547562775,3628.93283027512,2948.7285701427
chvE,Multiple sugar-binding periplasmic receptor ChvE,E745S_00581,3709.11949770728,2544.20122172188,4371.83914706571,5934.54181420478,2980.52784609419,4838.78493907287,6372.12158277233,3235.16354416129,6281.43181219045
ytfQ,ABC transporter periplasmic-binding protein YtfQ,E745S_00582,86.5701688823038,481.588375166489,246.960477749999,669.706282660025,334.961399997931,376.48273784953,393.264977143133,689.697731278808,1171.61502453082
hypothetical protein,hypothetical protein,E745S_00583,8345.77651915352,5185.13617754848,9484.55972738141,10079.1995730804,7391.6012959329,7566.3639581868,7399.17520611489,8767.18092830224,5013.00266098271
rhaR_2,HTH-type transcriptional activator RhaR,E745S_00584,191.691088239387,806.114450872633,500.307864407325,407.264633063265,1589.49511527168,459.291866129358,480.169514502888,727.390514267301,610.421273284966
purD,Phosphoribosylamine--glycine ligase,E745S_00586,1994.20567603878,3681.08263437193,2849.62585748598,116.818539149777,0,300.503228396903,0,44.9105499437363,0
purH,Bifunctional purine biosynthesis protein PurH,E745S_00587,4497.5263928854,5152.89159951358,5620.47983844825,336.853458781207,201.156443966586,799.065402782675,0.877823609694493,51.3263427928415,449.611367957206
purL,Phosphoribosylformylglycinamidine synthase subunit PurL,E745S_00591,2104.47958163886,1933.63453441577,1355.08917317133,367.258284039368,0,303.064335457104,99.1940678954778,0,0
purQ,Phosphoribosylformylglycinamidine synthase subunit PurQ,E745S_00592,1231.56371207563,461.825569274128,1746.81958615409,178.428316646578,0,68.2961882720235,0,0,0
purS,Phosphoribosylformylglycinamidine synthase subunit PurS,E745S_00593,0,359.891096776685,170.317570862068,0,269.405951740963,75.9795094526261,95.6827734566998,31.2769901393878,146.041648716027
purC,Phosphoribosylaminoimidazole-succinocarboxamide synthase,E745S_00594,2914.52901903756,4375.90128364021,3547.92789802045,0,132.906936192209,405.50861786514,0,52.9302910051178,0
purB,Adenylosuccinate lyase,E745S_00596,1272.78760201959,2363.21552565499,1335.92844644935,1482.6352948256,1229.38915977793,1514.46797493212,1397.49518663363,969.586694321022,810.613196244013
Nucleobase transporter PlUacP,Nucleobase transporter PlUacP,E745S_00599,6002.19837583973,6849.37246322101,5333.06893761851,8362.92719995529,7342.21020478039,3886.90681503154,5934.08760153478,6476.74288117169,7144.55436527618
yteT,Putative oxidoreductase YteT,E745S_00601,398.841135207757,238.193818386881,1.06448481788793,176.027935705144,0,0,186.098605255233,72.9796436585715,0
araQ_1,L-arabinose transport system permease protein AraQ,E745S_00603,1181.06444689429,1041.18782622388,283.152961558188,1780.28253156339,1937.02879301753,1396.65705016288,2164.71302150662,1442.75141694253,1544.10327462675
lacF_2,Lactose transport system permease protein LacF,E745S_00604,87.6007661309026,156.0221517818,0,436.06920436047,323.287142089156,407.21602257194,150.107837257758,437.075887845291,0
yesO,Putative ABC transporter substrate-binding protein YesO,E745S_00605,326.699327805837,348.449472312686,357.666898810343,61.6097774968004,585.508935117027,171.594173033459,341.473384171158,544.540418067803,0
hypothetical protein,hypothetical protein,E745S_00606,1076.9741247858,298.52238374251,572.692832023704,76.812190125881,893.529739940862,170.740470680059,601.309172640728,851.696500718714,1073.1599804526
hypothetical protein,hypothetical protein,E745S_00609,413.269496688141,471.186898381036,441.761199423489,0,0,0,160.641720574092,0,0
iolU_1,scyllo-inositol 2-dehydrogenase (NADP(+)) IolU,E745S_00610,638.97029413129,892.446708191895,589.724589109911,4629.53470904528,8410.85381335288,5765.90569486558,3145.24199353537,1822.88714325201,3081.64287964829
hypothetical protein,hypothetical protein,E745S_00611,1310.91970021774,763.468396052274,826.04021868103,1593.85294511203,1149.46539409478,1751.7972291774,1013.88626919714,2321.71503726994,379.051919701148
hypothetical protein,hypothetical protein,E745S_00612,128.824656074857,286.040611599966,70.2559979806031,187.229713431835,326.879221445702,315.016168404708,258.957964859876,504.441712760896,0
yqiK,Inner membrane protein YqiK,E745S_00613,9067.19459317272,6902.41999482683,8985.31634779198,11632.2460421881,15260.9491462864,13046.2793646633,17159.695922308,9840.22228231508,14948.7575258764
dcuS_1,Sensor histidine kinase DcuS,E745S_00615,366.892620501192,0,589.724589109911,1.60025396095585,2.69405951740963,217.694100117075,35.9907679974742,2.40592231841445,444.688615753295
dcuS_2,Sensor histidine kinase DcuS,E745S_00616,105.120919357083,50.9672362487213,0,241.638348104334,153.561392492349,0,0,52.9302910051178,131.273392104294
dcuR,Transcriptional regulatory protein DcuR,E745S_00617,0,163.303185531617,0,0,0,0.853702353400294,0,80.999384719953,0
hgdH,(R)-2-hydroxyglutarate dehydrogenase,E745S_00618,1591.24215183663,1170.1661383635,869.684096214435,957.751995632078,2288.15455011992,1726.18615857539,1290.40070625091,1458.79089906529,1398.06162591073
hypothetical protein,hypothetical protein,E745S_00619,5009.73322543903,4902.21600898415,5192.5569416573,4278.27896461547,4376.94869595152,4329.97833644629,2881.89491062702,4588.09386121635,1575.28070525152
agaA_1,N-acetylgalactosamine-6-phosphate deacetylase,E745S_00620,2173.52959729498,1294.98385978894,1715.94952643534,2857.25344728668,1574.22877800636,1938.75804457207,2129.60007711884,1930.35167347452,764.667509007511
alaA,Glutamate-pyruvate aminotransferase AlaA,E745S_00622,206.119449719771,218.43101249452,934.617670105598,584.892822729364,651.064383373995,543.808399115987,285.29267315071,579.025304631743,1025.57337581479
hypothetical protein,hypothetical protein,E745S_00623,8861.07514345295,4667.14263363291,6897.86161991376,11023.3494100444,8568.90530504091,9435.11840978005,14022.3543412598,8908.32837098256,9153.03726447188
hypothetical protein,hypothetical protein,E745S_00625,1060.48456880822,1723.52470334962,1940.55582300969,2923.66398666634,1333.55946111777,1200.30550888081,1953.15753157025,1998.51947249627,3102.97480586524
hypothetical protein,hypothetical protein,E745S_00626,190.660490990788,153.941856424709,72.3849676163789,0,0,95.6146635808329,273.880966224682,140.345468574176,0
hypothetical protein,hypothetical protein,E745S_00628,516.329221548026,582.482699985386,436.438775334049,256.840760733414,816.300033775119,1543.49385494773,1234.21999523046,774.706986529452,1229.04713357645
fosX,Fosfomycin resistance protein FosX,E745S_00629,367.923217749791,0,74.5139372521548,109.617396325476,772.297061657428,136.592376544047,209.799842716984,827.637277534569,374.129167497237
hypothetical protein,hypothetical protein,E745S_00630,3487.54108925852,1481.17029424855,1821.33352340624,3413.34169871884,3129.59913939086,5027.45315917433,3041.65880759142,3691.4868105539,5246.01293196784
smc_1,Chromosome partition protein Smc,E745S_00631,923.415134744574,1186.80850122022,1835.17182603878,1989.9158004486,610.65349061285,2304.99635418079,1928.5784704988,1995.31157607171,825.381452855746
hypothetical protein,hypothetical protein,E745S_00632,225.700797443149,545.037383557754,816.459855320039,560.889013315027,648.370323856585,99.0294729944341,538.105872742725,342.442943320989,936.963836144396
ssuB,Aliphatic sulfonates import ATP-binding protein SsuB,E745S_00634,52.5604596785416,0,422.600472701506,125.619935935034,0,110.127603588638,0,121.09809002686,0
thiY,Formylaminopyrimidine-binding protein,E745S_00635,306.08738283386,453.504387845765,683.399253084048,656.1041239919,0,899.80228048391,393.264977143133,520.481194883659,669.494299731898
ribX,Riboflavin transport system permease protein RibX,E745S_00636,1741.70935013206,2023.08723477067,1802.17279668426,1862.69561055261,1381.15451259201,2229.01684472817,961.21685261547,2086.73662417146,864.763470487035
garB,Glutathione amide reductase,E745S_00637,9246.51851442892,8501.126976751,10811.9722952877,14745.5401232277,12399.8579387974,10200.0357184267,13054.9927233765,10740.0372294021,10529.7669641657
opuCA_1,Carnitine transport ATP-binding protein OpuCA,E745S_00639,0,0,0,120.019047071689,0,86.2239376934297,0,80.1974106138149,187.064583748618
hypothetical protein,hypothetical protein,E745S_00640,80.3865853907106,105.054915533079,430.051866426722,210.433395865695,742.662406965922,170.740470680059,114.117069260284,199.691552428399,0
hypothetical protein,hypothetical protein,E745S_00642,0,0,0,62.4099044772783,0,0,0,0,0
exuR_1,putative HTH-type transcriptional repressor ExuR,E745S_00644,7341.97479901824,9156.42001423456,7765.41674649241,16093.754085333,9951.85585731119,9941.36390534642,10821.8094603137,12172.3629829648,8834.69928861896
hypothetical protein,hypothetical protein,E745S_00645,0,0,0,414.465775887566,0,281.721776622097,552.151050497836,133.929675725071,1132.23300689953
hypothetical protein,hypothetical protein,E745S_00647,3046.44546685821,1738.08677084925,1769.17376732973,3839.80937931357,4480.22097745222,1841.43597628443,4418.96405120208,2278.40843553848,4249.97606937651
hypothetical protein,hypothetical protein,E745S_00648,974.944997174516,1792.17445013361,1047.45306080172,1107.37574098145,2800.02585842775,896.387471070308,1156.09369396765,1234.23814934661,554.630081640641
hypothetical protein,hypothetical protein,E745S_00649,1221.25773958964,931.972319976618,889.909307754306,1012.96075728506,810.013894901163,1000.53915818514,730.349243265819,963.972875578055,538.220907627604
ppaC,putative manganese-dependent inorganic pyrophosphatase,E745S_00650,0,0,0,0,0,0,14.9230013648064,0,0
pflB,Formate acetyltransferase,E745S_00652,9113.57146935967,7257.11035321078,8272.11151980707,9611.92541648133,13038.3500444235,10258.9411808113,10022.112151882,6332.38754206682,5474.10045074905
yccU,putative protein YccU,E745S_00655,1.03059724859885,2.08029535709066,0,119.218920091211,0,0,0,141.949416786452,0
codY,GTP-sensing transcriptional pleiotropic repressor CodY,E745S_00658,138.100031312247,0,0,148.023491388416,302.632685789016,166.471958913057,109.727951211812,0,73.8412830586652
trmFO,Methylenetetrahydrofolate--tRNA-(uracil-5-)-methyltransferase TrmFO,E745S_00662,622.480738153708,1379.23582175111,863.297187307107,788.925202751236,907.00003752791,1781.67681154641,620.621292054007,1006.47750320338,0
dprA,DNA processing protein DprA,E745S_00664,4028.60464477292,3410.64423795014,3285.00014800214,2870.8556059548,5699.73191899965,4408.51895295912,2897.69573560152,2278.40843553848,961.577597163951
rnhB,Ribonuclease HII,E745S_00665,185.507504747794,108.175358568715,292.733324919179,393.66247439514,308.918824662971,288.551395449299,312.50520505124,314.373849606154,1509.64400919938
folT_1,Folate transporter FolT,E745S_00668,394.718746213361,708.340569089371,829.233673134694,533.684695978777,1110.85054101191,1377.02189603467,57.9363582398366,710.5490580384,769.590261211422
sipV,Signal peptidase I V,E745S_00669,0,0,0,0,298.142586593333,0,0,0,0
hypothetical protein,hypothetical protein,E745S_00670,0,0,149.02787450431,354.456252351722,0,84.5165329866291,222.089373252707,97.8408409488541,0
msrA_1,Peptide methionine sulfoxide reductase MsrA,E745S_00671,297.842604845069,0,360.860353264007,293.646601835399,0.898019839136544,0,132.551365063869,88.2171516751963,0
hypothetical protein,hypothetical protein,E745S_00672,3009.34396590866,3391.92157973633,3686.31092434589,6150.57609893382,6864.46365035975,5717.24466072177,5178.28147358782,6451.07970977527,5227.96284055349
hypothetical protein,hypothetical protein,E745S_00673,0,159.142594817436,0,0,5.38811903481927,0,0,134.731649831209,0
DegV domain-containing protein,DegV domain-containing protein,E745S_00674,0,551.278269629026,0,395.262728356096,0,163.057149499456,518.793753329446,317.581746030707,57.4321090456285
folA_2,Dihydrofolate reductase,E745S_00676,0,0,0,121.619301032645,0,0,0,53.732265111256,0
ettA,Energy-dependent translational throttle protein EttA,E745S_00678,73.1724046505187,59.2884176770839,0,141.622475544593,0,0,0,0.801974106138149,0
hypothetical protein,hypothetical protein,E745S_00679,19243.3118258378,14054.4754325045,13360.3489493114,14727.9373296572,20791.8533355284,15205.2926164126,18353.5360314925,13169.2167968945,18046.8095795378
hypothetical protein,hypothetical protein,E745S_00684,1129.53458446434,644.891560698106,342.764111359912,1362.61624775391,1237.47133833016,624.910122689015,302.8491453446,725.786566055025,134.555226906901
hypothetical protein,hypothetical protein,E745S_00685,0,216.350717137429,0,323.251300113082,65.5554482569678,87.07764004683,91.2936554082273,165.206665864459,0
hypothetical protein,hypothetical protein,E745S_00687,0,119.616983032713,402.375261161636,106.416888403564,181.400007505582,116.10352006244,0,30.4750160332496,0
recQ_2,ATP-dependent DNA helicase RecQ,E745S_00693,994.526344897895,1753.68898602743,2817.69131294934,2919.66335176395,849.526767823171,2427.07579071704,3202.30052816551,1991.30170554102,3313.01223323211
hypothetical protein,hypothetical protein,E745S_00694,236.006769929138,198.668206602158,0,223.235427553342,0,169.886768326658,205.410724668511,88.2171516751963,344.592654273771
hypothetical protein,hypothetical protein,E745S_00695,219.517213951556,0,72.3849676163789,108.01714236452,0,0,146.59654281898,46.5144981560126,0
hypothetical protein,hypothetical protein,E745S_00696,0,0,0,0,0,42.6851176700147,36.8685916071687,89.0191257813345,0
Putative dipeptidase,Putative dipeptidase,E745S_00697,985.250969660505,2275.84312065719,2523.89350321227,1133.77993133722,1961.27532867421,1475.19766667571,805.842073699545,1530.96856861773,1639.27648390237
hypothetical protein,hypothetical protein,E745S_00698,1581.96677659924,2580.60639047097,1656.33837663361,3451.74779378178,1361.398076131,3522.37591012961,5274.84207065421,4608.94518797594,2141.39720870129
fur,Ferric uptake regulation protein,E745S_00706,1782.93324007602,1733.92618013507,956.971851281245,1016.16126520697,1067.74558873335,1937.90434221867,4247.78844731165,3011.41276854875,3843.0285538532
cvfB,Conserved virulence factor B,E745S_00707,1.03059724859885,0,1.06448481788793,0,0.898019839136544,6.82961882720235,130.79571784448,123.504012345275,100.095961479524
mapZ,Mid-cell-anchored protein Z,E745S_00708,161.80376803002,427.500695882132,419.407018247843,274.443554303929,170.623769435943,533.563970875184,496.848163087083,446.699577118949,712.158152165793
ctpE_1,Calcium-transporting ATPase CtpE,E745S_00712,97.9067386168912,164.343333210163,0,0.800126980477927,0,0,39.5020624362522,0,0
hypothetical protein,hypothetical protein,E745S_00714,321.546341562843,72.8103374981733,0,165.626284958931,0,213.425588350073,187.854252474622,392.967312007693,0
ydjP,AB hydrolase superfamily protein YdjP,E745S_00715,0,26.0036919636333,0,0,0,0,0,0,0
mprF_1,Phosphatidylglycerol lysyltransferase,E745S_00716,887.344231043614,723.942784267551,979.326032456891,4095.85001306651,761.52082358779,3343.09841591555,1421.19642409538,2561.50529500525,667.853382330594
tuf_1,Elongation factor Tu,E745S_00717,286.506035110482,0,251.21841702155,160.025396095585,0,125.494245949843,103.58318594395,136.335598043485,0
hypothetical protein,hypothetical protein,E745S_00718,0,0,127.738178146551,120.019047071689,0,0,45.6468277041137,17.6434303350393,0
yvgN,Glyoxal reductase,E745S_00720,0,306.843565170873,0,186.429586451357,0,41.8314153166144,90.4158317985328,158.790873015353,0
hypothetical protein,hypothetical protein,E745S_00726,187.568699244992,464.946012309764,583.337680202583,385.661204590361,548.690121712429,285.136586035698,262.469259298654,715.360902675229,315.056141050305
clsA_1,Major cardiolipin synthase ClsA,E745S_00728,138.100031312247,0,0,0,0.898019839136544,0,58.8141818495311,0,57.4321090456285
thiD,Hydroxymethylpyrimidine/phosphomethylpyrimidine kinase,E745S_00729,301.964993839464,82.1716666050813,298.055749008619,127.22018989599,0,0,0,0,0
hypothetical protein,hypothetical protein,E745S_00730,369.984412246989,238.193818386881,464.115380599135,252.039998850547,300.836646110742,198.912648342268,301.093498125211,279.086988936076,159.168987926456
spxA_2,Regulatory protein Spx,E745S_00731,3892.56580795787,5324.51596647356,3297.77396581679,6131.37305140235,5207.61704715282,5742.00202897038,6719.73973221135,5677.17469735195,7164.24537409183
hypothetical protein,hypothetical protein,E745S_00732,14136.7024590305,9191.7850353051,11288.8614937014,16903.4825895767,24013.0504985112,16439.7462194295,28157.0701045606,12020.7898769047,20391.6805460007
gmuC_1,PTS system oligo-beta-mannoside-specific EIIC component,E745S_00736,1042.96441558204,1354.27227746602,2450.444050778,2114.73560940316,2842.23279086716,2450.97945661224,3219.8570003594,2117.21164020471,2275.95243560819
mhqA,Putative ring-cleaving dioxygenase MhqA,E745S_00738,1.03059724859885,0,1.06448481788793,0,480.440613938051,0,180.831663597066,106.662556116374,0
gatC_2,PTS system galactitol-specific EIIC component,E745S_00742,1944.73700810604,2039.7295976274,2133.2275750474,1976.31364178048,3494.19519408029,3322.60955943394,1639.77450290931,2154.90442319321,1765.62712380275
hypothetical protein,hypothetical protein,E745S_00743,1385.12270211686,1146.24274175696,1149.64360331896,2802.0446856337,2423.75554582953,1138.83893943599,2259.51797135363,1332.8809644016,5306.72687581607
gatA_2,PTS system galactitol-specific EIIA component,E745S_00744,4.12238899439542,17.6825105352706,3.19345445366378,24.8039363948157,1.79603967827309,9.39072588740323,14.9230013648064,24.0592231841445,0
lacR_1,Lactose phosphotransferase system repressor,E745S_00745,978.036788920313,935.092763012254,117.093329967672,844.934091384691,1312.00698497849,648.813788584223,1208.76311054932,657.618767033282,180.500914143404
lacC_2,Tagatose-6-phosphate kinase,E745S_00746,2365.22068553437,1745.36780459907,1541.37401630172,3126.89623970774,2932.93279461995,2486.83495545506,3423.51207780852,1880.62927889396,2587.72674185589
hypothetical protein,hypothetical protein,E745S_00749,140.161225809444,211.149978744702,386.407988893317,96.8153646378291,272.100011258373,380.751249616531,56.1807110204476,68.1677990217426,100.095961479524
arsC,Arsenate reductase,E745S_00750,550.338930751788,502.391328737395,364.05380771767,207.232887943783,640.288145304356,277.453264855095,277.39226066346,211.721164020471,912.350075124841
manR_1,Transcriptional regulator ManR,E745S_00751,1878.77878419571,2990.42457581783,3044.42657915947,3382.93687346067,3136.78329810395,1728.74726563559,1789.88234016707,3448.48865639404,3463.97663415205
manP_1,PTS system mannose-specific EIIBCA component,E745S_00752,3236.0753606004,3819.42227561846,4311.1635124461,3201.30804889218,4719.99227450168,6956.82047785899,5144.04635280973,3596.05189192346,3537.81791721071
manP_2,PTS system mannose-specific EIIBCA component,E745S_00753,3324.7067239799,3124.60362635018,4906.21052564545,4687.14385163969,4138.0754187412,5171.72885689898,4327.67039579385,4418.07535071506,2994.6742573792
dgaF,2-dehydro-3-deoxy-phosphogluconate aldolase,E745S_00754,766.764352957548,754.107066945366,1026.16336444396,1409.02361262163,2100.46840374038,647.106383877423,717.181889120401,1168.47627264328,352.797241280289
dgaE,D-glucosaminate-6-phosphate ammonia lyase,E745S_00755,492.625484830253,229.872636958518,0,339.253839722641,169.725749596807,455.023354362357,574.974464349893,441.88773248212,410.229350325918
Deacetylase,Deacetylase,E745S_00756,0,0,0,335.253204820251,0,40.1240106098138,0,23.2572490780063,31.1774306247697
hypothetical protein,hypothetical protein,E745S_00757,614.235960164917,356.770653741049,485.405076956894,579.291933866019,783.073299727067,890.411554596506,1391.35042136577,1027.32882996297,405.306598122007
hypothetical protein,hypothetical protein,E745S_00760,0,0,0,0,0,21.3425588350073,0,105.058607904097,0
hypothetical protein,hypothetical protein,E745S_00762,141.191823058043,240.274113743972,886.715853300642,276.843935245363,834.26043055785,430.265986113748,394.142800752828,494.818023487238,65.6366960521468
hypothetical protein,hypothetical protein,E745S_00763,1025.44426235586,452.46424016722,323.603384637929,274.443554303929,1214.12282251261,483.195532024566,708.403653023456,584.63912337471,556.270999041944
hypothetical protein,hypothetical protein,E745S_00766,228.792589188946,876.844493013715,735.559009160556,653.703743050466,690.577256296003,1630.57149499456,258.080141250181,564.589770721257,295.365132234661
hypothetical protein,hypothetical protein,E745S_00767,192.721685487986,0,153.285813775861,177.6281896661,56.5752498656023,179.277494214062,118.506187308757,150.771131953972,54.1502742430211
araD,L-ribulose-5-phosphate 4-epimerase AraD,E745S_00768,0,113.376096961441,154.350298593749,0,0,0,48.2802985331971,60.1480579603612,0
ulaE,L-ribulose-5-phosphate 3-epimerase UlaE,E745S_00769,4494.4346011396,3415.84497634287,6412.45654295686,5084.00683395675,6869.85176939457,6238.85679864935,6640.73560733884,3551.94331608586,4629.02798907766
ulaA_2,Ascorbate-specific PTS system EIIC component,E745S_00772,0,0,0,0,471.460415546686,75.9795094526261,0,125.909934663689,0
hypothetical protein,hypothetical protein,E745S_00776,0,104.014767854533,144.769935232758,0,0,143.421995371249,230.867609349652,55.3362133235323,367.565497892022
hypothetical protein,hypothetical protein,E745S_00777,0,212.190126423248,0,0,0,0,0,35.2868606700785,0
hypothetical protein,hypothetical protein,E745S_00778,0,206.989388030521,0,845.734218365169,0,109.273901235238,135.184835892952,160.39482122763,57.4321090456285
licC_1,Lichenan permease IIC component,E745S_00779,7074.01951438254,4813.8034563078,5547.03038601398,7696.42142521718,5016.33882141674,5964.81834320785,6717.10626138226,6717.33511301313,11468.3717177114
malH,Maltose-6'-phosphate glucosidase MalH,E745S_00781,2031.30717698834,197.628058923613,785.589795601289,1393.02107301207,1418.87134583574,1676.67142207818,2084.83107302442,1081.06109507422,1025.57337581479
gamP,Putative PTS system glucosamine-specific EIICBA component,E745S_00782,2011.72582926496,1426.04246728565,1225.222025389,2934.86576439304,757.928744231244,1359.94784896667,1211.3965813784,1618.38374618678,536.5799902263
sasA_2,Adaptive-response sensory-kinase SasA,E745S_00801,0,0,0,0,144.581194100984,0,0,0,0
pyk,Pyruvate kinase,E745S_00807,0,0,0,143.222729505549,314.306943697791,28.1721776622097,0,5.61381874296704,0
pbuO,Guanine/hypoxanthine permease PbuO,E745S_00813,0,0,77.7073917058186,0,0,0.853702353400294,0,0,0
yitU,5-amino-6-(5-phospho-D-ribitylamino)uracil phosphatase YitU,E745S_00814,0,222.591603208701,28.741090082974,335.253204820251,0,300.503228396903,597.79787820195,417.026535191837,402.024763319399
ybbH_2,putative HTH-type transcriptional regulator YbbH,E745S_00817,0,0,0,0,0,0,0,0,354.438158681593
ziaA,Zinc-transporting ATPase,E745S_00820,1884.96236768731,1196.16983032713,1008.06712253987,1955.51034028805,2149.85949489289,1219.08696065562,1917.16676357277,1730.66012104612,1250.3790597934
helD_1,DNA helicase IV,E745S_00821,136.038836815049,235.073375351245,121.351269239223,54.408634672499,0,198.912648342268,538.983696352419,52.9302910051178,382.333754503755
hypothetical protein,hypothetical protein,E745S_00822,1.03059724859885,0,0,0,0,39.2703082564135,0,0,0
yeeN,putative transcriptional regulatory protein YeeN,E745S_00824,185.507504747794,162.263037853072,96.8681184278012,0,419.375264876766,295.381014276502,504.748575574334,280.690937148352,31.1774306247697
COQ5_1,2-methoxy-6-polyprenyl-1,4-benzoquinol methylase, mitochondrial,E745S_00826,304.026188336662,0,144.769935232758,0,0,44.3925223768153,64.081123507698,37.692782988493,0
RNA-binding protein,RNA-binding protein,E745S_00830,973.914399925918,657.37333284065,1453.02177641702,1365.81675567582,472.358435385822,770.893225120465,912.936554082273,1275.13882875966,1745.93611498711
fabD,Malonyl CoA-acyl carrier protein transacylase,E745S_00840,0,224.671898565792,0,0,0,0,0,28.0690937148352,0
uvrC_1,UvrABC system protein C,E745S_00844,384.412773727373,239.233966065426,50.0307864407325,97.6154916183071,781.277260048794,242.451468365683,84.2710665306714,137.137572149623,32.8183480260734
Alpha-monoglucosyldiacylglycerol synthase,Alpha-monoglucosyldiacylglycerol synthase,E745S_00847,1022.35247061006,382.774345704682,437.503260151937,8474.14485024172,7599.94189861258,9411.21474388484,4826.27420610033,3365.08334935567,4448.52707493425
ptsI,Phosphoenolpyruvate-protein phosphotransferase,E745S_00850,3573.08066089223,4839.80714827143,6477.39011684803,104.816634442608,170.623769435943,304.771740163905,0,113.078348965479,0
clpE,ATP-dependent Clp protease ATP-binding subunit ClpE,E745S_00852,6279.42903571282,7004.35446732427,5636.44711071656,7488.38841029292,5935.01311685342,7486.96963932058,5180.9149444169,6686.05812287375,6980.46262514582
prfC,Peptide chain release factor 3,E745S_00855,0,0,525.855500036635,509.680886564439,272.99803109751,246.719980132685,382.731093826799,348.858736170095,380.692837102452
hypothetical protein,hypothetical protein,E745S_00856,5916.65880420602,3539.62255008977,5809.9581360323,4479.91096369591,4182.97641069802,4533.15949655556,5672.49616584582,6497.59420793128,7006.71730356667
yhhT,Putative transport protein YhhT,E745S_00857,4324.38605512079,3676.92204365775,3800.21079985989,8642.97164312256,7592.75773989948,5349.29894640624,7307.88155070666,4054.78108063448,4208.95313434392
Acetyltransferase,Acetyltransferase,E745S_00858,0,0,0,0,0,0,0,48.9204204744271,326.54256285943
hypothetical protein,hypothetical protein,E745S_00859,0,86.3322573192626,0,0,0,0,0,0,0
mutY,Adenine DNA glycosylase,E745S_00860,81.4171826393095,268.358101064696,158.608237865301,50.4079997701094,195.768324931767,613.811992094811,687.335886390788,241.394205947583,1184.74236374125
rlmCD,23S rRNA (uracil-C(5))-methyltransferase RlmCD,E745S_00862,0,102.974620175988,698.302040534479,92.0146027549616,803.727756027207,370.506821375727,523.182871377918,149.167183741696,730.208243580134
Lytic chitin monooxygenase,Lytic chitin monooxygenase,E745S_00863,280.322451618888,0,224.606296574352,139.222094603159,0,208.303374229672,154.496955306231,120.296115920722,0
crtK-2,Tryptophan-rich protein TspO,E745S_00864,1367.60254889068,1526.93679210455,985.712941364219,2015.5198638239,1760.11888470763,2382.68326834022,1552.86996554956,1959.2227412955,761.385674204903
sodA,Superoxide dismutase [Mn],E745S_00867,665.76582259486,606.406096591929,347.022050631464,306.448633523046,319.69506273261,411.484534338942,60.5698290689201,587.045045693125,0
hypothetical protein,hypothetical protein,E745S_00868,0,0,258.669810746766,0,0,0,0,28.0690937148352,0
czcD,Cadmium, cobalt and zinc/H(+)-K(+) antiporter,E745S_00869,679.163586826645,775.950168194818,2006.55388171874,911.344630764358,1681.99115870275,2017.29866108489,737.371832143374,894.201128344036,1153.56493311648
hypothetical protein,hypothetical protein,E745S_00870,1213.01296160085,682.336877125738,847.329915038788,580.892187826975,287.366348523694,1013.34469348615,1146.43763426101,874.95374979672,1169.97410712952
ghrB_1,Glyoxylate/hydroxypyruvate reductase B,E745S_00871,237.037367177737,340.128290884324,1219.89960129956,1329.01091457384,543.302002677609,834.920901625487,1143.80416343192,900.616921193141,1329.14309505597
ktrA,Ktr system potassium uptake protein A,E745S_00876,1805.60637954519,2980.02309903238,3230.71142228985,3749.39503051956,3302.01894850507,4036.30472687659,3821.16617300013,3288.09383516641,3747.85534457758
vraR,Response regulator protein VraR,E745S_00877,160.773170781421,222.591603208701,175.639994951508,0,0,0,130.79571784448,0,98.4550440782203
mltG,Endolytic murein transglycosylase,E745S_00881,438.003830654513,138.339641246529,0,787.32494879028,708.537653078734,134.884971837246,161.519544183787,249.413947008964,0
pbpX_1,Putative penicillin-binding protein PbpX,E745S_00882,218.486616702957,318.285189634872,259.734295564654,221.635173592386,0,614.665694448212,229.989785739957,284.700807679043,0
glyG,Glycosyltransferase GlyG,E745S_00889,0,0,0,0,462.48021715532,0,120.261834528146,0,0
arnC_2,Undecaprenyl-phosphate 4-deoxy-4-formamido-L-arabinose transferase,E745S_00899,0,0,18.0962419040947,0,0,0,0,0,0
hypothetical protein,hypothetical protein,E745S_00903,0,0,0,0,0,34.1480941360117,0,0,0
hypothetical protein,hypothetical protein,E745S_00913,321.546341562843,548.15782659339,548.209681212282,138.421967622681,0,117.810924769241,0,47.3164722621508,372.488250095933
hypothetical protein,hypothetical protein,E745S_00916,2138.48929084262,2068.85373262667,250.153932203662,1609.05535774111,2225.29316138036,4000.44922803378,1614.31761822817,1438.74154641184,825.381452855746
pepS,Aminopeptidase PepS,E745S_00917,1396.45927185145,996.461476046428,1556.27680375215,2704.42919401539,889.937660584316,2939.29720275721,2626.44824020592,2223.07222221495,538.220907627604
hypothetical protein,hypothetical protein,E745S_00934,0,255.876328922152,194.80072167349,87.213840872094,0,205.742267169471,274.758789834376,538.926599324836,321.619810655519
hypothetical protein,hypothetical protein,E745S_00935,2467.24981314566,4572.48919488528,2835.78755485343,3363.7338259292,4462.26058066949,5012.94021916652,3314.66195020641,3213.51024329556,3774.11002299844
hypothetical protein,hypothetical protein,E745S_00936,2701.1953885776,2770.95341564477,3542.60547393102,2589.21090882657,4533.20414796128,3000.76377220203,2764.26654692796,2079.51885721622,2545.06288942199
hypothetical protein,hypothetical protein,E745S_00937,521.48220779102,723.942784267551,1407.24892924784,1151.38272490774,2048.38325307046,1635.69370911496,931.370849885858,1368.96979917782,1437.44364354202
hypothetical protein,hypothetical protein,E745S_00939,0,239.233966065426,0,0,0,0,1.75564721938899,0,0
hypothetical protein,hypothetical protein,E745S_00940,650.306863865877,601.205358199202,437.503260151937,582.492441787931,1399.11490937474,631.739741516217,1072.70045104667,652.806922396453,484.070633384583
hypothetical protein,hypothetical protein,E745S_00942,0,106.095063211624,0,0,158.949511527168,62.3202717982214,45.6468277041137,61.7520061726375,0
hypothetical protein,hypothetical protein,E745S_00945,4065.70614572248,4999.98989076741,3781.05007313791,5643.29559331082,7827.14091791412,8810.20828709103,4228.47632789837,5330.72188350027,11538.9311659674
hypothetical protein,hypothetical protein,E745S_00946,0,110.255653925805,0,0,0,77.6869141594267,0,47.3164722621508,0
hypothetical protein,hypothetical protein,E745S_00949,696.683740052826,698.979239982463,194.80072167349,1134.5800583177,1179.10004878628,707.719250968844,1428.21901297294,788.3405463338,236.292105787729
hypothetical protein,hypothetical protein,E745S_00950,1054.30098531663,557.519155700298,634.432951461204,1957.11059424901,1263.51391366512,2269.99455769138,1688.05480144251,628.747699212309,1196.22878555038
hypothetical protein,hypothetical protein,E745S_00952,5296.23926054951,6029.73609252729,5209.58869874351,7013.11298388903,6535.78838923577,8362.01455155588,6487.11647564231,5596.175312632,11908.1375812607
hypothetical protein,hypothetical protein,E745S_00953,3405.09330937062,3008.1070863531,3947.10970472843,4564.72442362657,5952.97351363615,5775.29642075299,4568.19406485014,5080.50596238517,3831.54213204407
hypothetical protein,hypothetical protein,E745S_00954,152.52839279263,50.9672362487213,95.8036336099133,60.0095235358445,0,116.10352006244,50.0359457525861,54.5342392173941,0
hypothetical protein,hypothetical protein,E745S_00955,90.6925578766992,121.697278389804,0,0,0,171.594173033459,293.193085637961,76.1875400831241,0
hypothetical protein,hypothetical protein,E745S_00956,1254.23685154481,922.61099086971,227.799751028016,1313.80850194476,791.155478279296,1678.37882678498,531.083283865169,826.835303428431,200.191922959048
hypothetical protein,hypothetical protein,E745S_00957,1126.44279271855,2283.124154407,1467.92456386745,2635.61827369429,387.944570506987,2140.23179997454,1367.64918390402,1764.34303350393,827.02237025705
hypothetical protein,hypothetical protein,E745S_00965,0,93.6132910690799,0,0,0,0,123.773128966924,0,0
hypothetical protein,hypothetical protein,E745S_00971,2703.2565830748,817.556075336631,518.40410631142,1294.60545441329,830.668351201304,1034.68725232116,726.837948827041,910.240610466799,636.675951705824
hypothetical protein,hypothetical protein,E745S_00973,0,0,0,0,334.961399997931,36.7092011962126,0,24.0592231841445,0
hypothetical protein,hypothetical protein,E745S_00974,2904.22304655157,3595.79052473121,2520.70004875861,3606.97242799449,887.243601066906,1499.95503492432,1587.10508632764,1504.50342311517,1207.7152073595
hypothetical protein,hypothetical protein,E745S_00978,158.711976284224,135.219198210893,5.32242408943963,0,0,167.325661266458,0,194.87970779157,0
hypothetical protein,hypothetical protein,E745S_00983,253.526923155318,636.570379269743,374.69865589655,264.842030538194,336.757439676204,357.701286074723,375.708504949243,303.948186226358,0
hypothetical protein,hypothetical protein,E745S_00984,124.702267080461,335.967700170142,335.312717634696,191.230348334224,323.287142089156,339.773536653317,337.96208973238,397.779156644522,0
hypothetical protein,hypothetical protein,E745S_00987,78.3253908935129,141.460084282165,191.607267219827,41.6066029848522,0,211.718183643273,301.093498125211,62.5539802787756,118.146052893864
hypothetical protein,hypothetical protein,E745S_00990,580.226250961155,501.35118105885,1262.47899401508,357.656760273633,1080.31786648126,323.553191938711,704.014534974984,862.12216409851,1283.19740781947
xerC_5,Tyrosine recombinase XerC,E745S_00991,5950.66851340979,5123.76746451431,6567.8713263685,8519.75208812896,10127.8677457819,7014.01853553681,4981.64898501625,7742.25802065769,3869.28323227406
MroQ,Membrane-embedded CAAX protease MroQ,E745S_00994,1528.3757196721,1265.85972478967,756.848705518315,1380.21904132442,3187.97042893473,2028.3967916791,1232.46434801107,1484.45407046171,2330.10270985121
gmuC_2,PTS system oligo-beta-mannoside-specific EIIC component,E745S_00995,2903.19244930297,2931.13615814075,2453.63750523167,2141.93992673941,2967.05754850714,3030.64335457104,3626.28933164795,2702.65273768556,2164.37005231954
hypothetical protein,hypothetical protein,E745S_00996,811.080034647299,612.646982663201,241.638053660559,547.286854646902,461.582197316184,297.088418983302,452.079158992664,528.50093594504,421.715772135043
DegV domain-containing protein,DegV domain-containing protein,E745S_01002,1096.55547250918,3370.07847848688,1656.33837663361,3140.49839837586,4420.05364823007,3907.39567151314,1770.57022075379,2547.06976109476,3135.79315389131
hypothetical protein,hypothetical protein,E745S_01003,276.200062624493,353.650210705413,583.337680202583,616.097774968004,0,513.928816746977,518.793753329446,388.957441477002,0
hypothetical protein,hypothetical protein,E745S_01007,1.03059724859885,133.138902853803,0,0,0,202.32745775587,62.325476288309,81.8013588260912,0
hypothetical protein,hypothetical protein,E745S_01008,0,53.0475316058119,61.7401194374997,285.64533203062,0,91.3461518138314,0,64.1579284910519,653.085125718861
hypothetical protein,hypothetical protein,E745S_01010,1265.57342127939,694.818649268282,1414.70032297305,985.756439948806,2959.87338979405,2848.80475329678,217.700255204234,551.758185023046,2661.56802491455
opuAA,Glycine betaine transport ATP-binding protein OpuAA,E745S_01011,96.8761413682923,441.022615703221,202.252115398706,296.847109757311,0,581.3713026656,102.705362334256,243.800128265997,449.611367957206
hypothetical protein,hypothetical protein,E745S_01012,0,54.0876792843573,534.371378579738,761.720885414986,0,129.762757716845,389.753682704355,695.311550021775,0
feoB,Fe(2+) transporter FeoB,E745S_01014,9422.75064393933,11650.6941473863,10830.0685371918,7749.22980592872,17804.1413307211,12783.339039816,7412.3425602603,7939.54365076767,6137.03108087573
hypothetical protein,hypothetical protein,E745S_01015,0,0,134.125087053879,0,0,87.9313424002303,151.863484477147,121.09809002686,262.546784208587
nrdE2,Ribonucleoside-diphosphate reductase subunit alpha 2,E745S_01017,575.073264718161,668.814957304649,503.501318860989,673.706917562414,1532.02184556694,1114.08157118738,1039.34315387828,642.381259016657,1739.37244538189
hypothetical protein,hypothetical protein,E745S_01019,3546.28513242866,3382.56025062942,1935.23339892025,3220.51109642366,1043.49905307666,1861.92483276604,1536.19131696536,2122.82545894768,3081.64287964829
sapB,Protein SapB,E745S_01020,1895.26834017329,3948.40058775808,5481.03232730493,3453.34804774273,1806.81591634273,4376.07826352991,2678.2398331779,2050.64778939525,3360.59883786992
nagB,Glucosamine-6-phosphate deaminase,E745S_01021,356.586648015204,91.5329957119892,475.824713595903,87.213840872094,0,620.641610922014,330.06167724513,466.748929772403,685.903473744934
ybiT_1,putative ABC transporter ATP-binding protein YbiT,E745S_01022,483.350109592863,304.763269813782,842.007490949349,976.955043163548,431.049522785541,459.291866129358,574.974464349893,858.914267673957,324.901645458127
putative transporter,putative transporter,E745S_01024,142.222420306642,0,0,132.821078759336,0,70.8572953322244,131.673541454174,477.976567258337,687.544391146238
hypothetical protein,hypothetical protein,E745S_01025,3119.61787150873,2987.30413278219,3343.54681298597,3321.32709596387,3799.52193938672,3519.81480306941,3145.24199353537,2540.65396824566,1137.15575910344
sdhA,L-serine dehydratase, alpha chain,E745S_01031,990.403955903499,563.76004177157,805.815007141159,449.671363028595,736.376268091966,700.035929788241,816.375957015879,561.381874296704,329.824397662038
Lactate 2-monooxygenase,Lactate 2-monooxygenase,E745S_01032,142.222420306642,327.64651874178,566.305923116376,62.4099044772783,168.82772975767,81.9554259264282,291.437438418572,86.6132034629201,0
hypothetical protein,hypothetical protein,E745S_01033,0,113.376096961441,140.511995961206,0,233.485158175502,408.06972492534,0,134.731649831209,0
nusG,Transcription termination/antitermination protein NusG,E745S_01034,0,0,0,0,0,0,0,52.9302910051178,54.1502742430211
hypothetical protein,hypothetical protein,E745S_01037,2525.99385631579,2369.45641172627,1390.21717216163,2424.38475084812,2945.50507236787,2665.25874731572,3211.07876426246,2227.88406685178,3114.46122767437
queT_1,Queuosine precursor transporter QueT,E745S_01038,320.515744314244,82.1716666050813,192.671752037714,237.637713201944,572.936657369115,0,67.592417946476,116.286245390032,1.64091740130367
ytlR,Putative lipid kinase YtlR,E745S_01039,1495.39660771694,1005.82280515334,998.486759178874,1334.61180343718,988.719842889335,1453.0014054873,1207.00746332993,1174.09009138625,982.909523380899
hypothetical protein,hypothetical protein,E745S_01040,2329.14978183341,2090.69683387612,2747.43531496873,2320.36824338599,4653.53880640557,1403.48666899008,1868.00864142988,2514.1888227431,5288.67678440173
lnrL,Linearmycin resistance ATP-binding protein LnrL,E745S_01042,253.526923155318,373.413016597774,1225.222025389,535.284949939733,732.78418873542,931.389267559721,515.282458890668,437.877861951429,497.197972595012
hypothetical protein,hypothetical protein,E745S_01043,0,119.616983032713,191.607267219827,0,660.04458176536,79.3943188662273,32.4794735586963,0,136.196144308205
hypothetical protein,hypothetical protein,E745S_01045,238.067964426335,1.04014767854533,166.059631590516,324.851554074038,0,203.18116010927,242.27931627568,58.5441097480848,0
recD2,ATP-dependent RecD-like DNA helicase,E745S_01046,967.730816434324,1073.43240425878,240.573568842671,578.491806885541,482.236653616324,478.073317904165,434.522686798774,757.865530300551,705.594482560578
pspA,Phosphoserine phosphatase 1,E745S_01047,75.2335991477164,153.941856424709,0,239.2379671629,0,31.5869870758109,0,0,0
trmL,tRNA (cytidine(34)-2'-O)-methyltransferase,E745S_01048,517.359818796625,879.964936049351,1164.54639076939,374.45942686367,589.99903431271,326.968001352313,257.202317640487,217.334982763438,0
rlmA,23S rRNA (guanine(745)-N(1))-methyltransferase,E745S_01049,839.936757608067,1436.4439440711,851.58785431034,1017.76151916792,634.900026269537,1478.61247608931,385.364564655883,388.957441477002,549.70732943673
mgtE,Magnesium transporter MgtE,E745S_01051,2899.07006030858,2526.51871118661,1532.85813775861,2101.93357771551,1270.69807237821,1645.08443500237,998.963267832334,1376.9895402392,928.759249137878
yjbM,GTP pyrophosphokinase YjbM,E745S_01054,0,0,0,0,0,0,22.8234138520568,21.65330086573,55.7911916443248
yjbK,Putative triphosphatase YjbK,E745S_01055,1824.15713001997,2639.89480814805,2337.60866008188,2105.9342126179,2923.05457638945,4558.77056715757,1336.04753395502,1283.96054392718,1724.60418877016
hypothetical protein,hypothetical protein,E745S_01056,2.06119449719771,0,0,0,0,41.8314153166144,224.72284408179,8.82171516751963,65.6366960521468
pepF1_1,Oligoendopeptidase F, plasmid,E745S_01058,1932.36984112285,1801.53577924052,2585.63362264977,1291.40494649137,1078.52182680299,1526.41980787973,1239.48693688862,1032.1406745998,1043.62346722913
hypothetical protein,hypothetical protein,E745S_01059,1336.68463143271,2990.42457581783,1481.76286649999,1357.81548587104,1195.26440589074,1199.45180652741,1078.84521631453,1323.25727512795,833.586039862265
yfnB_1,Putative HAD-hydrolase YfnB,E745S_01062,705.959115290215,383.814493383228,184.155873494611,50.4079997701094,571.140617690842,659.911919178427,418.721861824273,173.22640692584,569.398338252374
rapA,RNA polymerase-associated protein RapA,E745S_01063,2835.17303089545,2612.85096850587,2431.28332405602,1698.66957955464,1162.03767184269,3531.76663601702,2299.89785739957,1695.37326037605,1074.8008978539
hypothetical protein,hypothetical protein,E745S_01065,247.343339663725,352.610063026868,0,118.418793110733,0,695.767418021239,126.406599796007,425.046276253219,1250.3790597934
sbcD,Nuclease SbcCD subunit D,E745S_01066,0,366.131982847957,0,65.61041239919,143.683174261847,49.514736497217,0,157.988898909215,0
yfiC,tRNA1(Val) (adenine(37)-N6)-methyltransferase,E745S_01068,0,0,0,0,0,0,0,69.7717472340189,1.64091740130367
hypothetical protein,hypothetical protein,E745S_01069,0,0,0,0,0,152.812721258653,0,0,0
hypothetical protein,hypothetical protein,E745S_01071,4367.67113956195,6066.14126127638,4315.42145171765,3251.71604866229,2835.04863215407,2327.1926153692,2773.0447830249,4399.62994627388,849.995213875301
cypC,Fatty-acid peroxygenase,E745S_01075,3947.18746213361,3307.66961777416,3854.49952557218,3179.70462041928,3204.13478603919,4515.23174713415,2412.25927944047,3463.72616441066,4960.493304141
dtd,D-aminoacyl-tRNA deacylase,E745S_01076,159.742573532822,285.000463921421,69.1915131627151,633.700568538518,148.17327345753,275.745860148295,386.242388265577,87.4151775690582,241.21485799164
rsmE,Ribosomal RNA small subunit methyltransferase E,E745S_01078,1703.57725193391,1428.12276264274,1886.2670972974,1465.83262823556,1029.13073565048,1609.22893615955,1122.73639679926,1289.57436267014,1115.8238328865
prmA,Ribosomal protein L11 methyltransferase,E745S_01079,516.329221548026,1974.20029387904,2159.8396954946,1904.30221353747,1635.29412706765,1711.67321856759,2449.12787104764,957.557082728949,2349.79371866686
putative AAA domain-containing protein,putative AAA domain-containing protein,E745S_01082,5443.61466709915,5577.27185236007,7172.49870292884,8786.99449960859,11447.0588894735,7962.48185016454,10275.8031750837,6207.27958150927,9195.70111690577
hypothetical protein,hypothetical protein,E745S_01083,598.777001435934,94.6534387476252,119.222299603448,237.637713201944,598.081212864939,0,0,16.039482122763,55.7911916443248
Putative universal stress protein,Putative universal stress protein,E745S_01084,0,271.478544100332,118.15781478556,0,140.989114744438,232.20704012488,0.877823609694493,194.077733685432,0
ybiT_2,putative ABC transporter ATP-binding protein YbiT,E745S_01086,3666.86501051472,2693.98248743241,2296.09375218425,2857.25344728668,2909.5842788024,3733.24039141948,3141.73069909659,2923.99759097969,2994.6742573792
ackA,Acetate kinase,E745S_01087,1.03059724859885,211.149978744702,0,0,0,0,0,0,1.64091740130367
hypothetical protein,hypothetical protein,E745S_01089,0,88.4125526763532,0,0,0,0,0,0,0
hypothetical protein,hypothetical protein,E745S_01090,7613.02187539974,6616.37938322686,11597.5620908889,8028.47412211552,5136.67347986104,4901.10521087109,6152.6656803487,7665.26850646842,7106.8132650462
hypothetical protein,hypothetical protein,E745S_01092,1870.53400620692,910.129218727166,1115.58008914655,1188.9886929902,957.289148519556,1089.32420293877,1253.53211464374,787.538572227662,546.425494634122
hypothetical protein,hypothetical protein,E745S_01093,1335.65403418412,2861.44626367821,2044.8753351627,2145.14043466132,1602.96541285873,2287.06860475939,3040.78098398173,2195.00312850011,1444.00731314723
hypothetical protein,hypothetical protein,E745S_01094,629.6949188939,1966.91926012922,1498.7946235862,1092.97345533285,2029.52483644859,1470.07545255531,1374.67177278158,1850.95623696685,2121.70619988565
comGA,ComG operon protein 1,E745S_01095,2116.84674862205,1913.87172852341,2184.32284630602,2764.43871755124,1283.27035012612,2470.61461074045,2003.19347732283,1256.69342431848,3534.53608240811
adeC,Adenine deaminase,E745S_01096,3507.1224369819,2829.2016856433,3485.12329376507,3744.5942686367,4150.64769648911,2813.80295680737,4392.62934291125,2069.89516794256,2947.08765274139
trmB,tRNA (guanine-N(7)-)-methyltransferase,E745S_01097,0,0,0,0,0,9.39072588740323,0,0,0
hypothetical protein,hypothetical protein,E745S_01099,604.960584927528,410.858333025406,140.511995961206,360.857268195545,149.969313135803,379.04384490973,453.834806212053,693.707601809499,0
ecsA,ABC-type transporter ATP-binding protein EcsA,E745S_01100,561.675500486376,1132.72082193587,985.712941364219,703.311615840098,285.570308845421,554.052827356791,706.648005804067,1126.7736191241,551.348246838033
hit,Protein hit,E745S_01101,619.388946407912,2189.51086333792,1620.14589282542,2382.77814786327,2334.85158175502,1552.03087848173,1639.77450290931,3454.90444924314,4286.07625220519
prsA_2,Foldase protein PrsA,E745S_01103,579.195653712556,708.340569089371,708.946888713358,1052.96710630895,913.286176401866,872.4838051751,329.183853635435,671.25232683763,108.300548486042
ywpJ_1,Phosphatase YwpJ,E745S_01107,1624.22126379179,1159.76466157805,1557.34128857003,629.699933636128,1999.89018175708,1183.23146181281,1021.78668168439,1424.30601250135,1383.29336929899
hypothetical protein,hypothetical protein,E745S_01108,78.3253908935129,0,78.7718765237065,61.6097774968004,0,0,0,34.4848865639404,50.8684394404138
yjmB,putative symporter YjmB,E745S_01109,5543.58260021324,6081.74347645456,6188.9147312004,6124.97203555853,8449.46866643575,4955.74216148871,4334.69298467141,6557.74226589164,5728.44264795111
xynB,Beta-xylosidase,E745S_01110,2059.13330270051,1547.73974567545,1602.04965092133,1460.23173937222,2121.12286004052,2252.92051062338,992.818502564472,1779.58054152055,2830.58251724883
pemA,Pectinesterase A,E745S_01112,5614.69381036656,7187.42045874825,5186.17003274997,3131.6970015906,7027.00524124346,7851.5005442225,4844.70850190391,5648.30362953098,8024.08609237495
hypothetical protein,hypothetical protein,E745S_01113,534.879972022806,573.121370878478,273.572598197197,401.663744199919,145.47921394012,161.349744792656,517.915929719751,636.76744027369,44.3047698351991
hypothetical protein,hypothetical protein,E745S_01114,8630.22135976681,4846.0480343427,5218.10457728661,6781.87628653091,6000.56856511039,4798.66092846305,7386.88567557916,6208.08155561541,6074.67621962619
yteR,Unsaturated rhamnogalacturonyl hydrolase YteR,E745S_01115,4560.39282504993,5915.3198478873,7039.43810069285,4766.35642270701,7344.00624445866,3903.98086209954,5110.68905564134,5950.64786754506,4821.01532503018
hypothetical protein,hypothetical protein,E745S_01117,3120.64846875733,4828.36552380743,3211.55069556787,2112.33522846173,4173.09819246752,2231.57795178837,1454.55372126378,3055.52134438635,4441.96340532904
yteP_1,putative multiple-sugar transport system permease YteP,E745S_01118,5345.70792848226,6805.68626072211,5287.29609044932,4279.07909159595,4288.94275171614,3848.49020912852,2468.43999046092,5246.51460235577,3688.78231813065
hypothetical protein,hypothetical protein,E745S_01119,799.743464912711,1102.55653925805,1361.47608207866,875.338916642852,1032.72281500703,785.40616512827,953.31644012822,1004.07158088496,969.782184170469
araQ_2,L-arabinose transport system permease protein AraQ,E745S_01120,147.375406549636,441.022615703221,362.989322899783,0,0,663.326728592028,644.322529515758,166.008639970597,111.58238328865
yesS,HTH-type transcriptional regulator YesS,E745S_01121,5032.40636490821,4736.83252809544,3902.40134237713,3474.95147621564,2236.06939945,4188.26374578184,5261.67471650879,5019.55593031867,4064.55240302919
exuR_2,putative HTH-type transcriptional repressor ExuR,E745S_01122,2057.07210820331,2354.89434422663,2412.12259733404,2900.46030423248,1008.47627935034,2980.27491572043,1653.81968066443,2020.97474746813,1380.01153449639
uxaB,Altronate oxidoreductase,E745S_01123,0,0,36.1924838081895,0,0,80.2480212196276,38.6242388265577,0,0
uxaA,Altronate dehydratase,E745S_01124,1920.00267413967,1448.92571621365,1069.80724197736,562.489267275982,2148.96147505375,1056.02981115616,1255.28776186313,871.745853372168,3432.79920352728
uxaC,Uronate isomerase,E745S_01125,803.865853907107,1235.69544211185,618.465679192885,1032.963931797,451.703979085682,929.68186285292,801.452955651073,1247.87170915096,278.955958221624
hypothetical protein,hypothetical protein,E745S_01127,9099.14310787929,13359.6567832362,12077.6447437564,8158.89481993342,9589.05584230002,14395.1290830358,10970.1616503521,7111.10439912696,11885.1647376425
Putative multidrug export ATP-binding/permease protein,Putative multidrug export ATP-binding/permease protein,E745S_01128,3335.01269646589,3296.22799331016,2983.75094453985,2517.99960756404,2721.00011258373,3133.94133933248,2780.94519551216,2875.07717050526,3744.57350977498
hypothetical protein,hypothetical protein,E745S_01129,0,232.993079994154,312.95853645905,0,0,65.7350812118226,0,161.196795333768,0
pbpF,Penicillin-binding protein 1F,E745S_01130,1102.73905600077,609.526539627565,986.777426182107,1753.07821422714,1873.26938443883,851.994948693493,1731.94598192724,515.66935024683,644.880538712343
rluD_2,Ribosomal large subunit pseudouridine synthase D,E745S_01131,0,0,0,126.420062915512,0,81.9554259264282,0,0,0
gmuE_1,Putative fructokinase,E745S_01132,7080.20309787413,6123.34938359637,4153.61975939868,5976.94854417011,2778.47338228847,6677.6598082971,4016.920837962,4777.35975026495,3549.30433901984
mngB,Mannosylglycerate hydrolase,E745S_01133,10194.6679831399,9700.41725011377,11913.7140818017,12065.1147386267,11682.3400873273,11966.3458876119,10990.3515933751,8891.48691475365,7648.31600747641
hypothetical protein,hypothetical protein,E745S_01134,12353.7692189545,13567.6863189453,9967.83583470253,10948.1374738795,10626.2687565027,10480.050090342,7639.69887517118,7178.47022404257,8752.65341855378
araR_1,Arabinose metabolism transcriptional repressor,E745S_01135,594.654612441539,637.610526948289,589.724589109911,206.432760963305,304.428725467289,1129.44821354859,423.98880348244,714.55892856909,516.888981410656
hypothetical protein,hypothetical protein,E745S_01136,91.7231551252981,410.858333025406,592.918043563574,363.257649136979,435.539621981224,553.19912500339,193.999017742483,561.381874296704,295.365132234661
hypothetical protein,hypothetical protein,E745S_01138,11772.5123707447,10761.36788223,11732.7516627607,13269.3058442459,11234.2281875982,13799.2448403623,14480.5782655204,8967.67445483678,10326.293206404
hypothetical protein,hypothetical protein,E745S_01139,644.123280374284,615.767425698837,560.983499026937,709.712631683921,842.342609110079,933.096672266521,877.823609694493,403.392975387489,658.007877922772
hypothetical protein,hypothetical protein,E745S_01140,4690.24807837339,6720.39415108139,8218.88727891267,5940.14270306813,7785.83200531384,7555.2658275926,4453.19917198017,4728.43932979052,6337.22300383478
araQ_3,L-arabinose transport system permease protein AraQ,E745S_01141,49.468667932745,0,0,0,0,48.6610341438167,129.040070625091,88.2171516751963,0
yteP_2,putative multiple-sugar transport system permease YteP,E745S_01142,1006.89351188108,1141.04200336423,1673.37013371982,1687.46780182795,1198.85648524729,966.391064049133,964.728147054248,1021.71501122,1534.25777021893
rluB_2,Ribosomal large subunit pseudouridine synthase B,E745S_01143,765.733755708949,894.527003548986,292.733324919179,732.116187137303,0,284.282883682298,452.079158992664,932.695885438667,0
murJ_2,Lipid II flippase MurJ,E745S_01144,7250.25164389294,6262.72917252145,5555.54626455708,6744.27031844844,6538.48244875318,5068.43087213754,5122.10076256737,5090.12965165883,5357.59531525649
hypothetical protein,hypothetical protein,E745S_01145,12369.2281776835,15546.0472035385,11211.1541019956,10477.6628093584,5813.78043856999,7063.53327203403,6099.99626376704,14061.8139770263,6667.04740149681
licC_2,Lichenan permease IIC component,E745S_01147,11361.3040685538,12107.3189782677,11091.9318023922,9617.52630534468,6375.94085786947,7350.37726277653,7069.99135247945,10654.2260000453,11041.7331933724
hypothetical protein,hypothetical protein,E745S_01148,217.456019454358,296.44208838542,17.0317570862068,214.434030768084,311.612884180381,183.546005981063,150.985660867453,733.806307116406,830.304205059657
licA_1,Lichenan-specific phosphotransferase enzyme IIA component,E745S_01149,351.433661772209,2.08029535709066,652.529193365298,639.301457401863,589.101014473573,308.186549577506,168.542133061343,756.261582088274,676.057969337112
licR_2,putative licABCH operon regulator,E745S_01150,5607.47962962637,6102.54643002546,5405.45390523488,4204.6672824115,3828.25857423909,5384.30074289565,4107.33666976054,4403.63981680457,6704.7885017268
hypothetical protein,hypothetical protein,E745S_01151,704.928518041616,176.825105352706,482.21162250323,195.230983236614,1259.92183430857,202.32745775587,242.27931627568,442.689706588258,1181.46052893864
hypothetical protein,hypothetical protein,E745S_01153,1813.85115753398,2348.65345815536,1876.68673393641,1441.02869184075,2476.73871633859,1483.73469020971,2737.05401502743,1374.58361792079,1923.1551943279
hypothetical protein,hypothetical protein,E745S_01154,0,191.387172852341,293.797809737067,432.868696438558,0.898019839136544,75.1258070992259,373.952857729854,222.948801506405,0
hypothetical protein,hypothetical protein,E745S_01155,7655.27636259229,5692.7282446786,5141.46167039868,6654.65609663492,7754.40131094406,4656.9463377986,6676.72637533632,5992.35052106425,9681.41266769166
hypothetical protein,hypothetical protein,E745S_01157,498.809068321846,73.8504851767186,173.511025315732,646.502600226165,382.556451472168,764.917308646663,65.836770727087,461.937085135574,165.732657531671
putative ABC transporter ATP-binding protein,putative ABC transporter ATP-binding protein,E745S_01158,70.0806129047221,94.6534387476252,0,244.838856026246,311.612884180381,122.933138889642,39.5020624362522,110.672426647065,472.584211575457
putative ABC transporter ATP-binding protein,putative ABC transporter ATP-binding protein,E745S_01159,3833.82176478774,1550.86018871109,2293.96478254848,2244.35618024058,5822.76063696135,2103.52259877832,4954.43645311572,1227.02038239137,3339.26691165297
hypothetical protein,hypothetical protein,E745S_01160,4158.45989809638,3835.02449079664,5490.61269066592,6350.6078440533,6135.27154098087,3248.33745468812,4131.91573083198,4515.91619166392,5890.89347068018
leuS,Leucine--tRNA ligase,E745S_01161,1113.04502848676,850.840801050082,619.530164010773,860.136504013771,833.362410718713,857.970865167295,668.901590587204,1202.15918510108,779.435765619244
Muramidase-2,Muramidase-2,E745S_01162,695.653142804227,982.939556225339,913.32797374784,292.846474854921,2002.58424127449,1382.99781250848,1053.38833163339,1172.48614317397,1140.43759390605
hypothetical protein,hypothetical protein,E745S_01163,3142.29101097791,1903.47025173796,3082.74803260343,2045.12456210158,1837.34859087337,4082.4046539602,3059.21527978531,2326.52688190677,1829.62290245359
hypothetical protein,hypothetical protein,E745S_01164,12289.8721895413,9839.79703903884,9721.93984177042,7894.8529163757,10661.2915302291,8711.1788140966,6949.7295179513,10059.9631873969,7905.94003948109
hypothetical protein,hypothetical protein,E745S_01165,0,0,0,0,328.675261123975,45.2462247302156,38.6242388265577,80.999384719953,0
putative ABC transporter ATP-binding protein,putative ABC transporter ATP-binding protein,E745S_01166,1292.36894974296,1523.81634906891,1158.15948186206,2193.94818047048,1552.67630186709,1964.36911517408,1088.50127602117,1221.4065636484,1532.61685281763
putative ABC transporter ATP-binding protein,putative ABC transporter ATP-binding protein,E745S_01167,9204.26402723637,10454.5243170591,6543.38817555708,9639.12973381758,7464.34090290296,11174.9638060098,4076.61284342123,8302.83792084825,2587.72674185589
hypothetical protein,hypothetical protein,E745S_01169,272.077673630098,95.6935864261706,0,0,0,333.797620179515,631.155175370341,135.533623937347,50.8684394404138
bmr3,Multidrug resistance protein 3,E745S_01170,1999.35866228178,5374.44305504373,3108.29566823274,5329.64581696347,2347.42385950293,4055.0861786514,2750.22136917285,3882.35664781478,1617.94455768542
dusB,tRNA-dihydrouridine synthase B,E745S_01201,0,0,128.802662964439,0,0,0,0,0,0
hslO,33 kDa chaperonin,E745S_01202,0,0,0,0,283.774269167148,0,0.877823609694493,82.6033329322293,0
mfd,Transcription-repair-coupling factor,E745S_01210,408.116510445146,853.961244085718,322.538899820041,22.4035554533819,271.201991419236,423.436367286546,175.564721938899,161.998769439906,198.551005557744
ldh_2,L-lactate dehydrogenase,E745S_01212,0,0,139.447511143318,0,0.898019839136544,70.0035929788241,0,0,0
hypothetical protein,hypothetical protein,E745S_01213,9967.93658844812,8521.92993032191,7822.89892665836,52525.9358874345,62605.4530854042,55721.1526064372,29204.3136709261,25021.5921115102,28069.5330667006
putative transcriptional regulatory protein,putative transcriptional regulatory protein,E745S_01214,567.859083977969,1034.94694015261,145.834420050646,635.300822499474,0,563.443553244194,0,172.424432819702,175.578161939493
hypothetical protein,hypothetical protein,E745S_01215,143.253017555241,0,218.219387667025,0,0,0,0,52.1283168989797,0
pepF1_2,Oligoendopeptidase F, plasmid,E745S_01216,216.425422205759,458.705126238492,529.048954490299,231.236697358121,405.904967289718,256.964408373488,228.234138520568,358.482425443752,459.456872365028
rpe_1,Ribulose-phosphate 3-epimerase,E745S_01221,0,0,0,0,0,44.3925223768153,0,0,0
prkC,Serine/threonine-protein kinase PrkC,E745S_01223,6578.30223780649,5916.35999556585,4312.22799726399,5908.93775082949,7758.89141013974,6403.6213528556,6221.13592190488,4989.88288839156,4530.57294499944
stp,Serine/threonine phosphatase stp,E745S_01224,333.913508546029,456.624830881401,961.229790552797,129.620570837424,1080.31786648126,977.489194643336,552.151050497836,737.014203540959,70.5594482560578
hypothetical protein,hypothetical protein,E745S_01231,684.316573069639,1359.47301585875,1755.33546469719,979.355424104982,712.12973243528,1667.28069619077,1570.42643774345,690.499705384946,305.210636642483
hypothetical protein,hypothetical protein,E745S_01232,663.704628097662,661.533923554831,746.203857339436,725.71517129348,0,726.50070274365,323.039088367574,784.330675803109,50.8684394404138
hypothetical protein,hypothetical protein,E745S_01234,10259.5956098016,10027.023621177,8386.01139532107,7157.93596735553,7335.0260460673,7923.21154190813,8650.95167353923,7504.8736852408,6107.49456765226
hypothetical protein,hypothetical protein,E745S_01235,155.620184538427,107.135210890169,137.318541507542,0,0,67.4424859186232,0,89.0191257813345,0
thiT,Thiamine transporter ThiT,E745S_01236,765.733755708949,830.037847479175,1676.56358817348,1141.781201142,257.731693832188,904.070792250911,775.118247360238,517.273298459106,1716.39960176364
purR_1,Pur operon repressor,E745S_01239,0,44.7263501774493,0,0,0,245.866277779285,0,0,354.438158681593
ispE,4-diphosphocytidyl-2-C-methyl-D-erythritol kinase,E745S_01243,157.681379035625,554.398712664662,414.084594158403,482.47656922819,309.816844502108,116.10352006244,386.242388265577,287.908704103595,0
mprF_2,Phosphatidylglycerol lysyltransferase,E745S_01244,3846.18893177093,6445.79516394542,5547.03038601398,3370.93496875351,5274.07051524893,4673.16668251321,5553.11215492737,6446.26786513844,7113.37693465141
cinA,Putative competence-damage inducible protein,E745S_01248,0,0,246.960477749999,110.417523305954,1206.93866379952,301.356930750304,165.030838622565,0,0
pgsA,CDP-diacylglycerol--glycerol-3-phosphate 3-phosphatidyltransferase,E745S_01249,0,0,262.927750018318,0,0.898019839136544,110.127603588638,0,0,0
hypothetical protein,hypothetical protein,E745S_01250,480.258317847066,542.957088200663,80.9008461594823,116.818539149777,632.205966752127,108.420198881837,0,95.4349186304397,44.3047698351991
hypothetical protein,hypothetical protein,E745S_01251,5842.45580230691,6344.90083912653,7308.75275961849,4459.90778918396,2610.54367236993,4202.77668578965,3413.85601810189,2641.70270561906,1908.38693771617
hypothetical protein,hypothetical protein,E745S_01252,0,0,0,0,0,62.3202717982214,149.230013648064,20.8513267595919,0
mscL,Large-conductance mechanosensitive channel,E745S_01253,13469.906039187,10509.652144022,11058.9327730377,12453.1763241585,10349.6786460487,9479.51093215686,8447.29659609011,10292.535678177,8056.90444040102
elaA,Protein ElaA,E745S_01254,47.4074734355473,243.394556779608,421.535987883618,101.616126520697,270.3039715801,168.179363619858,387.998035484966,320.789642455259,1266.78823380643
sigH,RNA polymerase sigma-H factor,E745S_01256,0,0,0,0,0,0,0,143.553364998729,0
hypothetical protein,hypothetical protein,E745S_01257,0,0,0,0,0,1.70740470680059,0,39.2967312007693,0
yacL,putative PIN and TRAM-domain containing protein YacL,E745S_01263,1396.45927185145,1544.61930263982,934.617670105598,1148.18221698582,1098.27826326399,2310.11856830119,1268.45511600854,797.16226150132,367.565497892022
radA,DNA repair protein RadA,E745S_01264,4956.14216851189,4110.66362561115,5742.89559250536,4288.68061536169,4310.49522785541,4333.39314585989,4347.86033881683,3083.59043810118,2927.39664392575
hypothetical protein,hypothetical protein,E745S_01269,173.140337764608,130.018459818167,153.285813775861,384.060950629405,0,114.396115355639,500.359457525861,247.809998796688,443.047698351991
yfmO_1,Multidrug efflux protein YfmO,E745S_01270,468.921748112479,523.194282308302,933.55318528771,516.081902408263,6.28613887395581,455.877056715757,782.140836237794,425.848250359357,480.788798581976
yfmO_2,Multidrug efflux protein YfmO,E745S_01271,1506.73317745153,1990.84265673577,2050.19775925214,2193.14805349,1533.81788524522,2007.05423284409,1238.60911327893,1644.0469175832,2305.48894883166
hypothetical protein,hypothetical protein,E745S_01273,0,0,0,0,0,57.1980576778197,44.7690040944192,47.3164722621508,47.5866046378065
msr(C),ABC-F type ribosomal protection protein Msr(C),E745S_01274,809.018840150101,289.161054635602,18.0962419040947,0,0,35.8554988428123,108.850127602117,145.959287317143,966.500349367862
hypothetical protein,hypothetical protein,E745S_01277,68.0194184075244,0,258.669810746766,0,0,65.7350812118226,0,64.95990259719,0
hypothetical protein,hypothetical protein,E745S_01278,7730.50996174001,6038.05727395565,7930.41189326504,5657.69787895942,6228.66560425107,5218.682486336,8639.53996661321,3786.92172918434,6076.31713702749
Putative acetyltransferase,Putative acetyltransferase,E745S_01280,0,0,0,3.20050792191171,0,56.3443553244194,100.949715114867,48.1184463682889,0
hdfR_2,HTH-type transcriptional regulator HdfR,E745S_01281,2129.21391560523,992.300885332247,2352.51144753231,1943.50843558088,2751.53278711437,1787.65272802022,1016.51974002622,1533.37449093614,648.16237351495
sacY,Levansucrase and sucrase synthesis operon antiterminator,E745S_01282,0,98.8140294618066,129.867147782327,0,0,29.02588001561,0,93.8309704181634,0
ptsG_2,PTS system glucose-specific EIICBA component,E745S_01283,2.06119449719771,144.580527317801,131.996117418103,240.038094143378,0,385.019761383533,65.836770727087,63.3559543849137,0
qorB,Quinone oxidoreductase 2,E745S_01285,18260.1220506745,18261.8727922204,23357.9903589147,15580.8726908467,26679.2714009076,20481.1731604264,17985.7279390305,12240.5307819866,16914.5765726382
ywnA,Putative HTH-type transcriptional regulator YwnA,E745S_01286,0,148.741118031983,0,0,0,0,0,0,0
hypothetical protein,hypothetical protein,E745S_01287,12588.745391635,15951.7047981712,17339.3931985764,11631.4459152076,14503.9184218943,12691.1391856488,9997.53309081059,15569.525296566,11141.8291548519
hypothetical protein,hypothetical protein,E745S_01288,809.018840150101,361.971392133776,61.7401194374997,116.818539149777,0,355.140179014522,239.645845446597,286.304755891319,1151.92401571518
hypothetical protein,hypothetical protein,E745S_01289,2205.47811200155,3967.1232459719,2273.73957100861,1969.91262593666,2310.60504609833,3109.18397108387,2307.79826988682,1216.59471901157,2569.67665044155
ygaZ_2,Inner membrane protein YgaZ,E745S_01291,0,0,75.5784220700427,59.2093965553666,312.510904019518,0,50.9137693622806,103.454659691821,0
hypothetical protein,hypothetical protein,E745S_01292,6461.84474871482,5472.21693682699,6423.10139113574,4678.34245485444,3927.04075654411,3343.09841591555,3151.38675880323,5662.73916344147,1759.06345419754
Zinc-type alcohol dehydrogenase-like protein,Zinc-type alcohol dehydrogenase-like protein,E745S_01293,3271.11566705276,4103.38259186134,3381.86826642994,2680.42538460105,1643.37630561988,2855.63437212398,2274.44097271843,2747.5632876293,3588.68635665113
dus,putative tRNA-dihydrouridine synthase,E745S_01294,1192.40101662887,1564.38210853218,662.109556726289,731.316060156825,1763.71096406417,1206.28142535462,1270.21076322793,935.903781863219,2290.72069221992
yadH,Inner membrane transport permease YadH,E745S_01295,7550.15544323521,6561.25155626396,10021.0600755969,7161.93660225792,9185.84493452771,8414.9440974667,10963.1390614745,5233.68301665756,8611.53452204166
yadG,putative ABC transporter ATP-binding protein YadG,E745S_01296,0,0,0,0,0,106.712794175037,0,0,0
hypothetical protein,hypothetical protein,E745S_01297,3273.17686154996,2436.02586315317,3150.87506094826,2688.42665440583,5913.46064071415,2038.6412199199,3951.08406723491,2237.50775612543,5016.28449578532
mutS_1,DNA mismatch repair protein MutS,E745S_01298,3824.54638955035,3124.60362635018,6276.20248626721,5790.51895771876,5697.03785948224,3619.69797841725,5799.78058925152,3480.56762063957,4346.79019605342
phoR_1,Alkaline phosphatase synthesis sensor protein PhoR,E745S_01299,9.27537523738969,15.60221517818,15.9672722683189,0,0,0,0,0,0
arlR_2,Response regulator ArlR,E745S_01300,159.742573532822,480.548227487944,83.0298157952582,0,162.541590883715,90.4924494604311,285.29267315071,211.721164020471,1145.36034610996
hypothetical protein,hypothetical protein,E745S_01301,7670.73532132127,6909.70102857664,4438.90169059265,5376.05318183119,9224.45978761059,7067.80178380103,6132.47573732573,6784.70093792874,10559.3034773891
bcrA_1,Bacitracin transport ATP-binding protein BcrA,E745S_01302,7.21418074019198,0,0,48.0076188286756,22.4504959784136,4.26851176700147,12.2895305357229,0,0
hypothetical protein,hypothetical protein,E745S_01303,0,0,0,0,0,0,282.659202321627,0,0
hypothetical protein,hypothetical protein,E745S_01304,8178.81976488051,9168.9017863771,8521.20096719284,12021.1077547004,10054.2301189728,12355.6341607625,6779.43173767057,6597.84097119855,6020.52594538317
hypothetical protein,hypothetical protein,E745S_01305,64.9276266617278,0,468.373319870687,210.433395865695,0,110.981305942038,37.7464152168632,0,67.2776134534505
hypothetical protein,hypothetical protein,E745S_01306,584.348639955551,456.624830881401,329.990293545257,954.551487710166,314.306943697791,475.512210843964,384.486741046188,967.180772002607,0
hypothetical protein,hypothetical protein,E745S_01307,0,450.383944810129,311.894051641162,744.91821882495,908.796077206183,238.182956598682,93.0493026276163,422.640353934804,0
hypothetical protein,hypothetical protein,E745S_01308,0,113.376096961441,131.996117418103,0,0,100.736877701235,116.750540089368,0.801974106138149,0
hypothetical protein,hypothetical protein,E745S_01311,440.065025151711,512.792805522849,58.5466649838359,247.239236967679,132.906936192209,100.736877701235,203.655077449122,385.749545052449,462.738707167635
hypothetical protein,hypothetical protein,E745S_01312,0,0,0,118.418793110733,0,0,0.877823609694493,0,0
hypothetical protein,hypothetical protein,E745S_01315,161.80376803002,182.025843745433,0,0,0,0,0,190.067863154741,0
hypothetical protein,hypothetical protein,E745S_01316,3317.49254323971,2512.99679136552,2910.30149210559,1717.07250010563,1383.84857210942,1691.18436208598,3712.31604539801,3010.61079444261,2115.14253028043
hypothetical protein,hypothetical protein,E745S_01319,537.971763768602,404.617446954134,253.347386657326,696.110473015796,0,250.134789546286,613.598703176451,959.161030941226,164.091740130367
hypothetical protein,hypothetical protein,E745S_01320,7693.40846079045,5712.49105057096,6251.71933545578,6865.08949250061,5827.25073615704,6123.60698094031,6673.21508089754,5219.24748274707,5790.79750920065
hypothetical protein,hypothetical protein,E745S_01321,1820.03474102558,3661.31982847957,2465.34683822843,1086.57243948902,4257.51205734636,2167.55027528335,2161.20172706784,1726.65025051543,2143.03812610259
hypothetical protein,hypothetical protein,E745S_01322,1.03059724859885,3.120443035636,2.12896963577585,0,0.898019839136544,0.853702353400294,35.1129443877797,0,0
hypothetical protein,hypothetical protein,E745S_01323,0,315.164746599236,0,110.417523305954,0,51.2221412040176,0,0,0
hypothetical protein,hypothetical protein,E745S_01324,139.130628560845,75.9307805338093,169.25308604418,115.218285188821,302.632685789016,340.627239006717,33.3572971683908,182.850096199498,0
ribZ_1,Riboflavin transporter RibZ,E745S_01325,42956.3239188489,33828.7229493298,39325.2626272336,40143.1707375581,32972.5944335765,29911.1693560861,31031.0646027003,38600.6176766414,33404.1555383388
hypothetical protein,hypothetical protein,E745S_01326,2654.81851239065,3426.24645312832,2885.81834129417,1893.90056279125,2503.67931151269,2467.19980132685,2420.15969192772,3166.99574513955,2397.38032330466
hypothetical protein,hypothetical protein,E745S_01327,162.834365278619,320.365484991962,129.867147782327,572.890918022195,0,0,647.833823954536,444.293654800534,595.653016673233
noxE,NADH oxidase,E745S_01328,4121.35839714682,3320.1513899167,3255.19457310128,2563.60684545128,3127.80309971258,2467.19980132685,3908.94853396958,3922.45535312169,3646.11846569676
hypothetical protein,hypothetical protein,E745S_01329,11211.8674675069,16255.4279203065,12145.7717721012,9340.68237009932,8791.61422514677,14845.8839256311,8476.26477521003,12339.9755711477,8877.36314105286
hypothetical protein,hypothetical protein,E745S_01330,3858.55609875411,5539.82653593244,4045.04230797412,4626.33420112337,5874.84578763127,5315.15085227023,3665.7913940842,4536.76751842351,4107.21625546309
rhaR_4,HTH-type transcriptional activator RhaR,E745S_01331,1015.13828986987,1497.81265710528,1242.25378247521,1252.99885142843,3375.65657531427,1144.81485590979,662.756825319343,1030.53672638752,1050.18713683435
hypothetical protein,hypothetical protein,E745S_01332,0,113.376096961441,0,186.429586451357,417.579225198493,0,55.3028874107531,100.246763267269,0
hypothetical protein,hypothetical protein,E745S_01335,590.532223447144,989.180442296611,553.532105301721,650.503235128554,972.555485784878,973.220682876335,565.318404643254,995.249865717443,274.033206017713
ISL3 family transposase IS1251,ISL3 family transposase IS1251,E745S_01336,1343.89881217291,1205.53115943404,963.358760188572,1986.71529252669,858.506966214537,1626.30298322756,623.25476288309,878.963620327411,90.2504570717019
hypothetical protein,hypothetical protein,E745S_01337,1373.78613238227,2172.8685004812,2918.81737064869,1018.5616461484,1179.10004878628,1892.65811748845,2126.96660628976,2049.04384118297,759.7447568036
hypothetical protein,hypothetical protein,E745S_01338,60.8052376673324,0,0,188.829967392791,0,0,0,80.999384719953,0
hypothetical protein,hypothetical protein,E745S_01339,573.012070220963,991.260737653702,799.428098233832,824.130789892264,1865.1872058866,1491.41801139031,384.486741046188,688.89575717267,938.6047535457
hypothetical protein,hypothetical protein,E745S_01340,0,162.263037853072,489.663016228446,0,0.898019839136544,187.814517748065,56.1807110204476,50.5243686867034,503.761642200227
yjiA,P-loop guanosine triphosphatase YjiA,E745S_01341,1034.71963759325,606.406096591929,1040.0016670765,996.158090695019,633.103986591264,740.159940398055,740.883126582152,1512.52316417655,838.508792066176
rpmGA_2,50S ribosomal protein L33 1,E745S_01342,153.558990041229,96.7337341047159,0,0,0,83.6628306332288,20.1899430229733,221.344853294129,379.051919701148
hypothetical protein,hypothetical protein,E745S_01343,438.003830654513,1193.0493872915,1026.16336444396,558.488632373593,936.634692219416,1343.72750425206,897.135729107772,742.628022283926,113.223300689953
rpmF_2,50S ribosomal protein L32,E745S_01344,5668.2848672937,7504.66550070457,5923.8580115463,6099.36797218323,7848.6933940534,7055.84995085343,4532.20329685267,5149.47573551305,2553.26747642851
rpsN2_1,Alternate 30S ribosomal protein S14,E745S_01345,3110.34249627134,3041.39181206655,2133.2275750474,4209.46804429437,1091.0941045509,2076.20412346951,2507.06422928747,2091.54846880829,1378.37061709508
ndvA,Beta-(1-->2)glucan export ATP-binding/permease protein NdvA,E745S_01346,3414.36868460801,2334.09139065573,2358.89835643964,1110.57624890336,1412.58520696178,1685.20844561218,1817.9726956773,2083.52872774691,1283.19740781947
btuD_2,Vitamin B12 import ATP-binding protein BtuD,E745S_01347,7723.29578099982,8221.32725122231,7163.98282438574,6135.37368630474,4599.65761605738,4675.72778957341,3955.47318528339,6645.1574434607,11342.021077811
hypothetical protein,hypothetical protein,E745S_01348,1024.41366510726,507.592067130122,829.233673134694,494.478473935359,0,829.798687505086,424.866627092135,409.808768236594,239.573940590336
btuD_3,Vitamin B12 import ATP-binding protein BtuD,E745S_01349,0,102.974620175988,0,0,0,123.786841243043,50.0359457525861,51.3263427928415,651.444208317557
hypothetical protein,hypothetical protein,E745S_01351,2294.10947538105,3981.68531347153,2450.444050778,1497.83770745468,2454.28822036018,3703.36080905047,1765.30327909563,1996.91552428399,2520.44912840244
hypothetical protein,hypothetical protein,E745S_01352,0,0,137.318541507542,164.826157978453,223.606939945,64.8813788584223,0,178.038251562669,562.834668647159
hypothetical protein,hypothetical protein,E745S_01354,1317.10328370934,2064.69314191248,1330.60602235991,1633.05916715545,713.925772113553,1353.11823013947,1472.11019345767,1757.12526654868,1137.15575910344
ssaB_1,Manganese ABC transporter substrate-binding lipoprotein,E745S_01355,611.144168419121,1177.44717211332,745.139372521548,560.088886334549,703.149534043914,498.562174385772,607.45393790859,555.768055553737,60.7139438482358
mntD,Manganese transport system membrane protein MntD,E745S_01356,7361.55614674162,4642.17908934782,8108.18085785233,8298.11691453658,9093.34889109665,3267.11890646292,10953.4830017679,6373.28822147987,17685.807751251
scaC_1,Manganese import ATP-binding protein ScaC,E745S_01359,1912.78849339947,479.508079809398,839.878521313573,1281.80342272564,1160.24163216442,274.038455441494,1243.8760549371,613.510191195684,1037.05979762392
xylB_2,Xylulose kinase,E745S_01364,4745.90032979773,5084.24185272958,3972.65734035774,5084.00683395675,3437.61994421469,4033.74361981639,3868.56864792363,3295.31160212165,1647.48107090889
msrA_2,Peptide methionine sulfoxide reductase MsrA,E745S_01366,4971.60112724087,5498.22062879063,5613.02844472303,5590.48721259927,4869.96158763748,5972.50166438846,5911.26418768272,6638.7416506116,4843.98816864844
yvdM_1,Beta-phosphoglucomutase,E745S_01367,3097.97532928816,3219.2570650978,2658.01859026615,1421.82564430928,2231.57930025431,3534.32774307722,2880.13926340763,2457.24866120729,2069.19684304393
glxK,Glycerate kinase,E745S_01368,23088.4701603601,22396.4598144381,21177.9254518803,29046.2096453097,23460.7682974422,17168.8080292333,20973.8395064305,23344.6642555754,26126.686863557
ycjT,Kojibiose phosphorylase,E745S_01369,7924.26224447659,12063.6327757688,8430.71975767237,7562.00009249689,7725.66467609169,9955.02314300083,9452.40462919031,7862.55413657841,8158.64131928185
rifL,Putative UDP-kanosamine synthase oxidoreductase subunit,E745S_01370,1890.1153539303,2326.81035690591,3082.74803260343,2136.33903787606,2596.17535494375,1777.40829977941,1119.22510236048,2183.77549101418,1386.5752041016
hypothetical protein,hypothetical protein,E745S_01371,1613.91529130581,2030.36826852049,1966.103458639,1667.464627316,2231.57930025431,1429.95144194549,1342.19229922288,1981.67801626737,1248.73814239209
tdh,L-threonine 3-dehydrogenase,E745S_01372,2207.53930649875,2015.80620102085,1616.95243837176,1252.19872444796,2716.51001338805,1627.15668558096,2894.18444116274,1676.12588182873,955.013927558736
ycjP,Inner membrane ABC transporter permease protein YcjP,E745S_01373,2513.62668933261,4037.85328811298,4400.58023714868,2069.9284984964,6800.70424178105,3515.54629130241,2206.84855477196,2659.3461359541,820.458700651835
ycjO,Inner membrane ABC transporter permease protein YcjO,E745S_01374,1146.02414044193,965.257045690068,710.011373531246,1153.78310584917,497.502990881646,1344.58120660546,809.353368138323,683.281938429703,272.392288616409
hypothetical protein,hypothetical protein,E745S_01375,0,127.938164461076,0,0,0,0,0,116.286245390032,0
ycjM,Glucosylglycerate phosphorylase,E745S_01376,1855.07504747794,2939.45733956911,2040.61739589115,2510.79846473973,2776.6773426102,1861.92483276604,2023.38342034581,1431.5237794566,1217.56071176732
rpoC,DNA-directed RNA polymerase subunit beta',E745S_01378,194.782879985184,86.3322573192626,119.222299603448,3.20050792191171,0.898019839136544,71.7109976856247,689.091533610177,534.114754688007,68.9185308547542
rpoB,DNA-directed RNA polymerase subunit beta,E745S_01379,0,0,0,0,279.284169971465,1.70740470680059,35.1129443877797,47.3164722621508,0
hypothetical protein,hypothetical protein,E745S_01380,107.182113854281,229.872636958518,135.189571871767,0,0,70.8572953322244,379.219799388021,299.938315695668,375.770084898541
hypothetical protein,hypothetical protein,E745S_01381,4853.08244365201,3852.70700133191,2994.39579271873,5044.00048493285,5180.67645197873,5052.21052742294,4481.28952749039,4969.83353573811,6192.82227252005
hypothetical protein,hypothetical protein,E745S_01385,3426.73585159119,3366.95803545124,3340.35335853231,3635.7769992917,2903.29813992845,4045.69545276399,2009.3382425907,2669.7717993339,2305.48894883166
hepT,Heptaprenyl diphosphate synthase component 2,E745S_01386,4587.1883535135,4128.34613614642,3114.68257714007,4379.09496415569,4083.29620855387,4006.42514450758,2889.79532311427,3798.14936667027,1880.49134189401
norW,Nitric oxide reductase FlRd-NAD(+) reductase,E745S_01389,8799.23930853702,8936.94885406149,9804.96965756568,6292.99870145889,5777.85964500453,7990.65402782675,8381.45982536302,6427.02048659112,8975.81818513108
hypothetical protein,hypothetical protein,E745S_01390,1232.59430932423,979.819113189703,1444.50589787391,1689.86818276938,709.43567291787,1443.6106795999,1629.24061959298,808.389898987254,1736.09061057928
apbE,FAD:protein FMN transferase,E745S_01391,1556.20184538427,1578.94417603181,717.462767256462,576.091425944107,708.537653078734,874.191209881901,511.77116445189,1142.01112714072,557.911916443248
menA,1,4-dihydroxy-2-naphthoate octaprenyltransferase,E745S_01392,5834.21102431812,6148.31292788146,3828.95188994287,4651.93826449867,7757.99339030061,4917.32555558569,3950.20624362522,5640.2838884696,6965.69436853408
gor,Glutathione reductase,E745S_01393,323.60753606004,111.295801604351,139.447511143318,0,0.898019839136544,25.6110706020088,208.922019107289,88.2171516751963,0
hypothetical protein,hypothetical protein,E745S_01394,836.84496586227,1073.43240425878,1110.25766505711,464.073648677197,449.009919568272,599.299052087006,352.885091097186,1011.28934784021,718.721821771008
rlhA,23S rRNA 5-hydroxycytidine synthase,E745S_01395,227.761991940347,753.066919266821,1295.47802336961,512.881394486351,817.198053614256,826.383878091484,646.078176735147,522.085143095935,100.095961479524
clpC,Negative regulator of genetic competence ClpC/MecB,E745S_01396,0,0,124.544723692887,0,0,0,128.162247015396,106.662556116374,0
guaB,Inosine-5'-monophosphate dehydrogenase,E745S_01410,11236.6018014733,8376.30925532556,10964.1936242456,61.6097774968004,970.759446106605,183.546005981063,114.994892869979,112.276374859341,359.360910885504
hypothetical protein,hypothetical protein,E745S_01411,1039.87262383624,2049.0909267343,1307.18735636637,999.35859861693,1849.02284878215,904.924494604311,1100.79080655689,1711.41274249881,1087.92823706433
ychF,Ribosome-binding ATPase YchF,E745S_01412,116.457489091671,0,0,0,0,82.8091282798285,0,0,0
soj_1,Sporulation initiation inhibitor protein Soj,E745S_01415,0,0,0,0,0,0,0,50.5243686867034,0
hypothetical protein,hypothetical protein,E745S_01421,343.188883783419,369.252425883593,189.478297584051,80.0126980477927,0,396.117891977736,330.06167724513,125.107960557551,42.6638524338954
misCA,Membrane protein insertase MisCA,E745S_01422,433.881441660118,1356.35257282311,955.907366463357,118.418793110733,237.975257371184,75.1258070992259,89.5380081888383,309.562004969325,121.427887696472
rpsF,30S ribosomal protein S6,E745S_01431,348.341870026413,311.004155885054,376.827625532326,0,918.674295436685,0,374.830681339549,376.125855778792,24.6137610195551
gdpP,Cyclic-di-AMP phosphodiesterase GdpP,E745S_01435,84.5089743851061,302.682974456692,382.150049621765,0,0,521.61213792758,0.877823609694493,55.3362133235323,0
purA,Adenylosuccinate synthetase,E745S_01438,6375.27457983251,4781.55887827289,5613.02844472303,0,0,0,14.9230013648064,1.6039482122763,0
DegV domain-containing protein,DegV domain-containing protein,E745S_01439,1613.91529130581,1214.89248854095,299.120233826507,1353.81485096865,1737.66838872921,1421.41441841149,1002.47456227111,1168.47627264328,1654.0447405141
ybiT_3,putative ABC transporter ATP-binding protein YbiT,E745S_01440,146.344809301037,380.694050347592,136.254056689654,464.873775657675,0,375.629035496129,238.768021836902,0,0
hypothetical protein,hypothetical protein,E745S_01441,311.240369076854,582.482699985386,1042.13063671228,244.838856026246,228.995058979819,525.026947341181,316.894323099712,637.569414379828,228.08751878121
pox5,Pyruvate oxidase,E745S_01442,1419.13241132062,1219.05307925513,1808.55970559159,852.93536118947,1002.19014047638,1340.31269483846,882.212727742966,816.409640048635,671.135217133201
Potassium channel,Potassium channel,E745S_01445,1526.3145251749,617.847721055927,869.684096214435,690.509584152451,438.233681498634,747.843261578657,421.355332653357,402.591001281351,329.824397662038
hypothetical protein,hypothetical protein,E745S_01447,0,0,0,0,0,0,60.5698290689201,259.037636282622,333.106232464645
hypothetical protein,hypothetical protein,E745S_01448,0,114.416244639987,0,362.457522156501,338.553479354477,287.697693095899,245.790610714458,94.6329445243015,47.5866046378065
hypothetical protein,hypothetical protein,E745S_01449,569.920278475167,626.16890248429,1255.02760028986,456.872505852896,2070.83374904887,783.69876042147,899.769199936856,1077.85319864967,781.076683020547
hypothetical protein,hypothetical protein,E745S_01450,141.191823058043,173.704662317071,318.28096054849,46.4073648677197,0,221.108909530676,220.333726033318,242.998154159859,0
hypothetical protein,hypothetical protein,E745S_01452,1769.53547584423,2747.03001903822,2338.67314489977,1907.50272145938,1470.05847666652,1170.4259265118,856.755843061826,1432.32575356273,1901.82326811095
hypothetical protein,hypothetical protein,E745S_01453,250.435131409522,179.945548388342,799.428098233832,164.826157978453,283.774269167148,590.762028553003,0,534.916728794145,0
yvdM_2,Beta-phosphoglucomutase,E745S_01454,958.455441196935,756.187362302457,946.327003102366,813.729139146051,1253.63569543462,1141.40004649619,1365.89353668463,669.648378625354,1160.1286027217
lacR_2,Lactose phosphotransferase system repressor,E745S_01455,0,209.069683387612,300.184718644395,320.050792191171,140.091094905301,582.225005019,158.886073354703,219.740905081853,370.84733269463
lacG_2,6-phospho-beta-galactosidase,E745S_01456,8225.19664106746,6752.6387291163,7120.33894685233,6100.96822614419,6144.25173937224,6043.35895972068,8140.93615630673,8318.87740297102,7123.22243905923
lacF_3,PTS system lactose-specific EIIA component,E745S_01457,221.578408448754,787.391792658817,782.396341147625,652.903616069988,743.560426805059,472.951103783763,905.913965204717,953.547212198259,884.454479302679
lacE_2,PTS system lactose-specific EIICB component,E745S_01458,7047.22398591897,8904.70427602659,9833.71074764865,8443.74002498356,13957.9223596993,8909.23776008547,9333.02061827185,8397.47086537255,11090.9607154115
hypothetical protein,hypothetical protein,E745S_01459,10793.4449845758,8067.3853947976,11926.4878996163,17858.8342042673,12513.0084385286,8393.60153863169,16716.3949994122,8986.92183338409,23988.5714896584
rsmC,Ribosomal RNA small subunit methyltransferase C,E745S_01462,100.998530362688,319.325337313417,131.996117418103,182.428951548967,0,555.760232063591,64.9589471173925,320.789642455259,658.007877922772
degA_1,HTH-type transcriptional regulator DegA,E745S_01463,0,97.7738817832612,0,0,0,0,0,82.6033329322293,0
pdp,Pyrimidine-nucleoside phosphorylase,E745S_01464,0,102.974620175988,0,0.800126980477927,0,154.520125965453,0,0,244.496692794247
deoC,Deoxyribose-phosphate aldolase,E745S_01465,0,92.5731433905346,0,0,0,0,0,43.30660173146,0
tmpC,Membrane lipoprotein TmpC,E745S_01467,8593.11985881725,7580.59628123838,8126.27709975642,7837.24377378129,3369.37043644032,4878.90894968268,6980.45334429061,5017.9519821064,5844.94778344368
mglA,Galactose/methyl galactoside import ATP-binding protein MglA,E745S_01468,1289.27715799717,426.460548203586,618.465679192885,176.027935705144,0,730.769214510652,229.111962130263,793.152390970629,621.907695094091
hypothetical protein,hypothetical protein,E745S_01469,0,0,0,0,0,0,131.673541454174,0,0
hypothetical protein,hypothetical protein,E745S_01470,0,162.263037853072,0,0,0,0,0,10.4256633797959,0
deoB,Phosphopentomutase,E745S_01471,60.8052376673324,0,0,0,0,0,44.7690040944192,21.65330086573,0
punA,Purine nucleoside phosphorylase 1,E745S_01472,0,218.43101249452,254.411871475214,123.219554993601,543.302002677609,43.538820023415,377.464152168632,87.4151775690582,349.515406477682
gpmA_3,2,3-bisphosphoglycerate-dependent phosphoglycerate mutase,E745S_01474,221.578408448754,0,241.638053660559,71.2113012625355,319.69506273261,0,29.8460027296128,20.8513267595919,0
rpiA,Ribose-5-phosphate isomerase A,E745S_01476,84.5089743851061,305.803417492328,230.99320548168,18.4029205509923,21.5524761392771,115.24981770904,107.094480382728,73.7816177647097,146.041648716027
truA,tRNA pseudouridine synthase A,E745S_01513,434.912038908717,375.493311954865,78.7718765237065,456.872505852896,997.700041280701,129.762757716845,479.291690893193,273.473170193109,344.592654273771
hypothetical protein,hypothetical protein,E745S_01514,4478.97564241062,5140.40982737103,3154.06851540192,2941.26678023686,3383.7387538665,5103.43266862696,2524.62070148136,3396.36033949506,2704.23187734845
lrpC,HTH-type transcriptional regulator LrpC,E745S_01515,298.873202093668,265.23765802906,433.245320880386,54.408634672499,301.734665949879,488.317746144968,308.116087002767,139.543494468038,951.732092756129
hypothetical protein,hypothetical protein,E745S_01518,133.977642317851,175.784957674161,0,121.619301032645,326.879221445702,427.704879053547,186.976428864927,308.760030863187,0
hypothetical protein,hypothetical protein,E745S_01519,1738.61755838627,1541.49885960418,945.262518284478,1716.27237312515,1245.55351688239,1356.53303955307,1544.96955306231,1478.84025171875,1645.84015350758
hypothetical protein,hypothetical protein,E745S_01520,14628.2973466121,12890.5501802123,14660.0849119525,12172.3317540107,9128.37166482297,9992.58604655044,9480.49498470053,12815.5462160876,11783.4278587617
IS982 family transposase ISEfm1,IS982 family transposase ISEfm1,E745S_01521,0,60.3285653556293,0,0,0,0,0,48.1184463682889,0
hypothetical protein,hypothetical protein,E745S_01522,252.496325906719,287.080759278512,498.178894771549,990.557201831673,792.951517957569,741.013642751455,666.268119758121,877.359672115135,1322.57942545076
oppD_1,Oligopeptide transport ATP-binding protein OppD,E745S_01530,0,0,0,0,0,37.5629035496129,0,0,0
oppF_1,Oligopeptide transport ATP-binding protein OppF,E745S_01531,348.341870026413,1011.02354354606,683.399253084048,186.429586451357,897.121819297408,415.753046105943,755.806127946959,599.876631391335,503.761642200227
gsiC,Glutathione transport system permease protein GsiC,E745S_01532,817.263618138892,653.212742126469,356.602413992455,1292.20507347185,1003.98618015466,618.934206215213,1062.16656773034,542.134495749389,0
hypothetical protein,hypothetical protein,E745S_01533,342.15828653482,458.705126238492,143.70545041487,118.418793110733,0.898019839136544,567.712065011195,46.5246513138082,168.414562289011,424.997606937651
hypothetical protein,hypothetical protein,E745S_01534,5834.21102431812,6722.47444643848,7089.46888713358,4203.86715543103,7956.45577474978,5379.17852877525,4452.32134837047,4527.14382914985,3583.76360444722
yidA_2,Sugar phosphatase YidA,E745S_01537,582.287445458353,373.413016597774,538.62931785129,54.408634672499,142.785154422711,302.210633103704,280.025731492543,494.0160493811,500.47980739762
gshAB,Glutathione biosynthesis bifunctional protein GshAB,E745S_01539,1547.95706739548,1489.49147567692,2572.85980483512,1414.62450148497,925.858454149777,1131.15561825539,2177.88037565204,610.302294771131,344.592654273771
yueI,putative protein YueI,E745S_01540,378.22919023578,307.883712849418,451.34156278448,493.678346954881,322.38912225002,210.010778936472,394.142800752828,152.375080166248,85.3277048677909
yclN,Petrobactin import system permease protein YclN,E745S_01541,0,0,0,52.8083807115432,0,0,42.1355332653357,56.1381874296704,367.565497892022
yclP,Petrobactin import ATP-binding protein YclP,E745S_01543,220.547811200155,0,178.833449405171,333.652950859295,0,0,60.5698290689201,206.909319383642,0
yclQ,Petrobactin-binding protein YclQ,E745S_01544,122.641072583264,99.8541771403519,0,0,0,262.94032484729,205.410724668511,81.8013588260912,375.770084898541
hypothetical protein,hypothetical protein,E745S_01545,448.309803140502,344.288881598505,344.893080995688,895.3420911548,425.661403750722,254.403301313288,505.626399184028,713.756954462952,1120.74658509041
hypothetical protein,hypothetical protein,E745S_01547,184.476907499195,493.029999630488,340.635141724136,346.454982546942,0,266.355134260892,161.519544183787,198.889578322261,0
hypothetical protein,hypothetical protein,E745S_01549,1907.63550715648,2256.08031476483,3061.45833624567,2349.17281468319,3431.33380534074,2927.34536980961,1876.78687752683,2657.74218774182,1955.97354235398
hypothetical protein,hypothetical protein,E745S_01550,5532.24603047865,5200.73839272666,5538.51450747088,4521.51756668076,3883.93580426555,4824.27199906506,4036.23295737528,3159.77797818431,3493.51314737552
hypothetical protein,hypothetical protein,E745S_01553,5125.1601172821,4890.77438452015,6188.9147312004,6737.86930260462,7073.70227287856,6147.51064683552,6365.97681750447,5139.05007213326,5802.28393100978
gla,Glycerol facilitator-aquaporin gla,E745S_01555,86.5701688823038,320.365484991962,440.696714605601,0,0,236.475551891881,0,80.999384719953,0
cidA,Holin-like protein CidA,E745S_01556,94.8149468710946,588.723586056658,225.67078139224,340.854093683597,597.183193025802,346.603155480519,210.677666326678,249.413947008964,495.557055193709
hypothetical protein,hypothetical protein,E745S_01558,83.4783771365072,124.81772142544,0,240.838221123856,177.807928149036,437.09560494095,137.818306722035,107.464530222512,0
queT_2,Queuosine precursor transporter QueT,E745S_01561,924.445731993173,486.789113559216,226.735266210128,652.903616069988,318.797042893473,388.434570797134,597.79787820195,512.461453822277,638.316869107128
bioY2,Biotin transporter BioY2,E745S_01562,2582.67670498873,2195.7517494092,1332.73499199568,445.670728126205,372.678233241666,968.098468755933,393.264977143133,450.70944764964,1133.87392430084
nirC,Nitrite transporter NirC,E745S_01564,631.756113391098,1378.19567407257,807.943976776935,1380.21904132442,1649.66244449383,1055.17610880276,661.001178099954,1354.53426526733,1860.80033307836
hypothetical protein,hypothetical protein,E745S_01565,0,144.580527317801,145.834420050646,0,176.909908309899,199.766350695669,37.7464152168632,97.8408409488541,492.275220391101
Putative bifunctional phosphatase/peptidyl-prolyl cis-t,Putative bifunctional phosphatase/peptidyl-prolyl cis-trans isomerase,E745S_01566,0,0,122.415754057111,168.026665900365,0,221.108909530676,113.23924565059,238.988283629168,0
hypothetical protein,hypothetical protein,E745S_01568,247.343339663725,306.843565170873,134.125087053879,131.22082479838,325.083181767429,261.23292014049,39.5020624362522,35.2868606700785,52.5093568417175
mutS_2,DNA mismatch repair protein MutS,E745S_01569,5294.17806605232,3838.14493383228,3444.67287068533,2638.8187816162,314.306943697791,3222.72638408611,2020.74994951672,5158.29745068057,2471.22160636333
mutL,DNA mismatch repair protein MutL,E745S_01570,170.048546018811,526.314725343938,125.609208510775,132.020951778858,0,267.208836614292,292.315262028266,208.513267595919,0
maf,dTTP/UTP pyrophosphatase,E745S_01571,3420.5522680996,3780.93681151228,3267.96839091593,2449.98881422341,2334.85158175502,2978.56751101362,2994.25633266792,3162.18390050272,1983.86913817614
hypothetical protein,hypothetical protein,E745S_01572,4386.22189003673,5140.40982737103,5457.61366131139,5664.09889480324,9694.124163479,5841.88520431821,7217.46571890813,4978.65525090563,4422.27239651339
treR,HTH-type transcriptional regulator TreR,E745S_01573,3824.54638955035,3626.99495508757,5070.14118760019,2726.0326224883,3142.17141713877,2983.68972513403,2554.46670421098,2860.64163659478,1165.05135492561
msrB,Peptide methionine sulfoxide reductase MsrB,E745S_01574,0,0,0,0,0,0,0,68.9697731278808,0
ruvB,Holliday junction ATP-dependent DNA helicase RuvB,E745S_01576,706.989712538814,370.292573562138,130.931632600215,320.050792191171,0,186.107113041264,248.424081543542,557.372003766013,124.709722499079
brnQ_1,Branched-chain amino acid transport system 2 carrier protein,E745S_01581,5093.21160257554,1899.30966102378,3067.845245153,999.35859861693,669.024780156726,1044.93168056196,471.391278405943,1288.772388564,774.513013415333
Potassium channel,Potassium channel,E745S_01582,2065.3168861921,765.548691409365,2249.25642019719,1496.23745349372,1294.04658819576,1365.07006308707,2364.85680451697,1029.73475228138,2348.15280126555
cycA,D-serine/D-alanine/glycine transporter,E745S_01583,520.451610542422,1665.27643335108,972.939123549564,376.859807805103,1702.64561500289,1153.3518794438,750.539186288792,562.183848402842,62.3548612495395
artM_2,Arginine transport ATP-binding protein ArtM,E745S_01584,897.650203529602,1392.7577415722,1503.05256285775,252.840125831025,0.898019839136544,182.692303627663,420.477509043662,380.937700415621,0
mltF_2,Membrane-bound lytic murein transglycosylase F,E745S_01585,147.375406549636,58.2482699985386,128.802662964439,134.421332720292,140.091094905301,66.5887835652229,259.83578846957,93.8309704181634,41.0229350325918
hypothetical protein,hypothetical protein,E745S_01587,316.393355319848,1111.91786836496,942.069063830814,812.128885185096,0,278.306967208496,380.97544660741,443.491680694396,329.824397662038
cobB,NAD-dependent protein deacetylase,E745S_01588,779.131519940734,1234.65529443331,733.430039524781,730.515933176347,624.123788199898,1181.52405710601,1046.36574275584,639.975336698243,364.283663089415
nadR,Transcription repressor NadR,E745S_01590,0,172.664514638525,260.798780382542,196.031110217092,0,116.95722241584,136.940483112341,448.303525331225,318.337975852912
hypothetical protein,hypothetical protein,E745S_01594,927.537523738969,1054.70974604497,1116.64457396443,449.671363028595,1153.95549329046,1424.82922782509,834.810252819463,1101.91242183382,989.473192986114
kup,Low affinity potassium transport system protein kup,E745S_01595,6866.86946741417,5272.50858254629,5086.10845986851,11284.1908056802,9209.19345034526,5549.91899945531,8756.29050670257,7094.26294289806,8070.03177961145
hypothetical protein,hypothetical protein,E745S_01596,5817.72146834053,6035.97697859856,4021.62364198058,5059.20289756193,5285.7447731577,6942.30753785119,3146.99764075476,5730.10498835707,3439.36287313249
hypothetical protein,hypothetical protein,E745S_01598,638.97029413129,1672.55746710089,1924.58855074137,1549.04583420527,2900.60408041104,2085.59484935692,1470.35454623828,1151.63481641438,705.594482560578
ctc,General stress protein CTC,E745S_01599,70.0806129047221,0,126.673693328663,0,0,0,0,0,0
rsuA,Ribosomal small subunit pseudouridine synthase A,E745S_01600,340.097092037622,572.081223199933,664.238526362065,436.869331340948,2630.30010883094,838.335711039089,616.232174005534,1006.47750320338,895.940901111804
yfnB_2,Putative HAD-hydrolase YfnB,E745S_01601,1854.04445022934,1405.23951371474,634.432951461204,869.738027779506,1336.25352063518,1145.66855826319,1610.8063237894,1339.29675725071,603.857603679751
udk,Uridine kinase,E745S_01602,2980.48724294789,3079.87727617273,2188.58078557757,1917.90437220559,1419.76936567488,3329.43917826115,1424.70771853416,2612.83163779809,889.37723150659
hypothetical protein,hypothetical protein,E745S_01606,6309.31635592219,3079.87727617273,7009.63252579199,6898.69482568068,5997.87450559298,5148.67889335717,6437.08052988972,5667.5510080783,6622.74263166162
hypothetical protein,hypothetical protein,E745S_01607,2693.98120783741,3071.55609474437,3356.32063080063,2901.26043121296,1212.32678283434,2695.13832968473,2415.77057387925,1314.43555996043,1786.9590500197
hypothetical protein,hypothetical protein,E745S_01608,7102.87623734331,6435.39368715997,7313.01069889005,4639.13623281102,3894.71204233519,6250.80863159695,4640.17560084509,4343.49175884421,6727.76134534505
hypothetical protein,hypothetical protein,E745S_01609,996.587539395092,584.562995342477,433.245320880386,1121.77802663005,590.897054151846,1095.30011941258,860.267137500604,799.568183819734,2779.71407780842
ubiB,putative protein kinase UbiB,E745S_01610,23202.8664549546,13991.0264241133,19691.9046461087,37928.4192555952,23216.5069011971,17104.7803527283,29447.4708108115,18260.1484226595,35182.910001352
hypothetical protein,hypothetical protein,E745S_01611,2345.63933781099,1894.10892263105,3503.21953566916,1879.49827714265,927.65449382805,3612.86835959004,1138.53722177376,1981.67801626737,0
ndoA,Endoribonuclease EndoA,E745S_01617,34.0097092037622,0,0,0,0,0,0,7.21776695524334,0
rpsN2_2,Alternate 30S ribosomal protein S14,E745S_01618,1129.53458446434,498.230738023214,1068.74275715948,844.934091384691,514.56536782524,1330.92196895106,357.274209145659,284.700807679043,1166.69227232691
Zinc-type alcohol dehydrogenase-like protein,Zinc-type alcohol dehydrogenase-like protein,E745S_01619,4508.86296261999,5221.54134629757,3601.15213891485,4647.93762959628,4616.71999300098,5375.76371936165,6075.41720269559,5110.98097841842,3524.69057800028
hypothetical protein,hypothetical protein,E745S_01620,14564.400317199,11628.8510461368,15623.4436721411,11154.5702348428,10831.0172798259,9685.25319932633,13919.6489789256,9140.09888765648,12397.1309668492
kimA,Potassium transporter KimA,E745S_01621,4785.06302524448,6919.06235768355,6551.90405410018,6417.81851041345,2591.68525574807,5321.12676874403,6101.75191098642,6832.01741019089,4975.26156075273
hypothetical protein,hypothetical protein,E745S_01623,220.547811200155,260.036919636333,267.185689289869,190.430221353747,0,282.575478975497,474.902572844721,290.31462642201,679.33980413972
hypothetical protein,hypothetical protein,E745S_01624,113.365697345874,0,679.141313812496,0,0,0,0,0,0
opuCD,Glycine betaine/carnitine/choline transport system permease protein OpuCD,E745S_01626,13393.6418427907,12235.2571427287,10205.2159490915,12209.1375951127,14265.9431645231,11858.7793910835,11505.6340522657,9055.08963240584,5516.76430318294
opuCC,Glycine betaine/carnitine/choline-binding protein OpuCC,E745S_01627,1375.84732687947,581.442552306841,943.133548648702,468.874410560065,483.134673455461,897.241173423709,664.512472538732,578.223330525605,950.091175354825
opuCB,Carnitine transport permease protein OpuCB,E745S_01628,9468.09692287768,5835.22847663931,5871.6982554698,8344.5242794043,8646.13501120665,6565.82480000166,9660.4488246879,5325.91003886345,4473.14083595381
opuCA_2,Carnitine transport ATP-binding protein OpuCA,E745S_01629,965.669621937127,495.110294987578,136.254056689654,180.828697588011,0,671.863752126031,334.450795293602,129.91980519438,996.036862591328
queA,S-adenosylmethionine:tRNA ribosyltransferase-isomerase,E745S_01630,122.641072583264,271.478544100332,69.1915131627151,110.417523305954,281.080209649738,233.91444483168,0,217.334982763438,0
Calcium-transporting ATPase 1,Calcium-transporting ATPase 1,E745S_01632,2312.66022585583,1555.02077942527,1520.08431994396,1853.09408678688,1156.64955280787,2937.58979805041,1885.56511362377,1153.23876462666,1409.54804771985
hypothetical protein,hypothetical protein,E745S_01633,16094.8372313683,13091.2986821716,13631.7925778728,14207.8547923465,11397.667798321,15153.2167728552,17488.8797759434,15832.5728033793,26285.8558514835
tgt,Queuine tRNA-ribosyltransferase,E745S_01634,1253.20625429621,1058.87033675915,299.120233826507,441.670093223816,442.723780694316,1305.31089834905,1096.40168850842,886.983361388792,59.0730264469321
adhE,Aldehyde-alcohol dehydrogenase,E745S_01637,7360.52554949302,5978.76885627857,4545.35017238144,6853.88771477392,4372.45859675584,5692.48729247316,6459.90394374178,6334.79346438524,5124.58504427136
rhaB,Rhamnulokinase,E745S_01640,149.436601046834,113.376096961441,143.70545041487,104.01650746213,0,65.7350812118226,223.845020472096,213.325112232748,0
rhaA,L-rhamnose isomerase,E745S_01641,3484.44929751273,3683.16292972902,2168.3555740377,3573.36709481442,2178.59612974526,2289.62971181959,1843.42958035844,3190.25299421756,3065.23370563526
rhaD,Rhamnulose-1-phosphate aldolase,E745S_01642,64.9276266617278,0,0,355.256379332199,0,0,27.2125319005293,80.999384719953,0
rhaM,L-rhamnose mutarotase,E745S_01643,0,60.3285653556293,131.996117418103,0,0,0,51.7915929719751,56.9401615358086,0
fucO,Lactaldehyde reductase,E745S_01644,5444.64526434775,4592.25200077764,3432.96353768856,4985.59121535796,1325.47728256554,4969.40139914311,4224.9650334596,5265.76198090308,3797.08286661669
iclR,Transcriptional repressor IclR,E745S_01645,247.343339663725,826.917404443539,1466.86007904956,788.925202751236,1517.65352814076,1355.67933719967,670.657237806593,862.924138204648,49.2275220391101
kdgA,KHG/KDPG aldolase,E745S_01646,2227.12065422212,2678.38027225423,1693.59534525969,1530.64291365427,1358.70401661359,1211.40363947502,2100.63189799892,2292.04199534283,1401.34346071333
kdgK,2-dehydro-3-deoxygluconokinase,E745S_01647,2371.40426902596,1918.03231923759,2194.9676944849,2354.77370354654,4958.865551712,1548.61606906813,1490.54448926125,3325.7866181549,3475.46305596117
kduI1,4-deoxy-L-threo-5-hexosulose-uronate ketol-isomerase 1,E745S_01648,5609.54082412357,6096.30554395419,4582.60714100752,3409.34106381645,6116.413124359,3829.70875735372,3806.24317163532,4426.89706588258,4156.4437775022
kduD,2-dehydro-3-deoxy-D-gluconate 5-dehydrogenase,E745S_01650,6.18358349159313,2.08029535709066,12.7738178146551,10.401650746213,8.98019839136544,3.41480941360118,5.26694165816696,4.00987053069074,4.92275220391101
Deoxyguanosine kinase,Deoxyguanosine kinase,E745S_01655,0,0,0,0,0,0,78.1263012628099,31.2769901393878,0
hypothetical protein,hypothetical protein,E745S_01656,1348.0212011673,531.515463736665,807.943976776935,1489.8364376499,461.582197316184,1209.69623476822,651.345118393314,599.074657285197,881.172644500071
hypothetical protein,hypothetical protein,E745S_01657,2345.63933781099,1185.76835354168,681.270283448272,1629.85865923354,2791.94367987552,1849.11929746504,910.30308325319,1308.82174121746,2717.35921655888
hypothetical protein,hypothetical protein,E745S_01661,9806.1328204181,6461.3973791236,9267.40482453228,8362.12707297481,10184.4429956476,5603.70224771953,4768.33784786049,6055.70647544916,7188.85913511138
hypothetical protein,hypothetical protein,E745S_01662,8490.06013395736,8581.21834799899,11727.4292386713,10038.3930970761,12831.8054814221,7833.5727948011,9196.08013515951,8121.59177286103,11832.6553808008
hypothetical protein,hypothetical protein,E745S_01663,1876.71758969851,1930.51409138014,665.303011179953,340.053966703119,581.018835921344,951.024421687927,1295.66764790907,1041.76436387346,2300.56619662775
rspR_2,HTH-type transcriptional repressor RspR,E745S_01664,2929.98797776654,3550.02402687522,2289.70684327693,3520.55871410288,3733.06847129062,2429.63689777724,3362.06442512991,2949.66076237611,3340.90782905427
1,4-dihydroxy-2-naphthoyl-CoA hydrolase,1,4-dihydroxy-2-naphthoyl-CoA hydrolase,E745S_01666,103.059724859885,0,241.638053660559,259.241141674848,236.179217692911,85.3702353400294,173.80907471951,68.1677990217426,0
nnrD,ADP-dependent (S)-NAD(P)H-hydrate dehydratase,E745S_01667,24174.7196603833,22906.1321769253,26605.7335382908,32524.3616294472,28568.7051424509,23204.4836677734,35687.9188521296,20815.2379248157,57067.8253825391
pepV,Beta-Ala-Xaa dipeptidase,E745S_01668,115.426891843072,653.212742126469,212.896963577585,425.667553614257,655.554482569677,943.341100507325,56.1807110204476,242.196180053721,142.759813913419
hypothetical protein,hypothetical protein,E745S_01669,0,0,0,0,0,0,0,44.9105499437363,0
3-sulfolactaldehyde dehydrogenase,3-sulfolactaldehyde dehydrogenase,E745S_01670,139.130628560845,120.657130711259,0,157.625015154152,1136.89311634687,0,410.821449337023,515.66935024683,367.565497892022
hypothetical protein,hypothetical protein,E745S_01672,0,0,0,0,666.330720639316,79.3943188662273,0,16.8414562289011,0
pepA,Glutamyl aminopeptidase,E745S_01673,200.966463476777,0,332.119263181033,471.274791501499,413.08912600281,429.412283760348,573.218817130504,235.780387204616,119.786970295168
ytpP,Thioredoxin-like protein YtpP,E745S_01674,400.902329704954,141.460084282165,68.1270283448272,437.669458321426,0,244.158873072484,157.130426135314,251.017895221241,0
hypothetical protein,hypothetical protein,E745S_01676,90.6925578766992,0,0,0,0,0,0,0,0
htrA,Serine protease Do-like HtrA,E745S_01677,136.038836815049,95.6935864261706,143.70545041487,0,0,315.016168404708,177.320369158288,42.5046276253219,0
rlmH,Ribosomal RNA large subunit methyltransferase H,E745S_01678,0,0,0,0,0,14.512940007805,0,0,0
hypothetical protein,hypothetical protein,E745S_01681,0,50.9672362487213,180.962419040947,212.033649826651,0,287.697693095899,290.559614808877,299.938315695668,720.362739172312
IS982 family transposase ISEfm1,IS982 family transposase ISEfm1,E745S_01682,240.129158923533,53.0475316058119,78.7718765237065,139.222094603159,0,40.9777129632141,205.410724668511,100.246763267269,0
rhaR_5,HTH-type transcriptional activator RhaR,E745S_01683,2790.8573492057,5058.23816076595,4330.32423916808,2957.26931984642,4258.41007718549,3069.05996047406,2723.00883727232,11396.0520482231,1677.01758413235
agaA_2,Alpha-galactosidase AgaA,E745S_01684,4650.05478567803,4442.47073506711,4676.28180498166,4211.86842523581,7084.4785109482,4885.73856850988,5747.98899627954,4780.5676466895,6491.46923955732
hypothetical protein,hypothetical protein,E745S_01685,1396.45927185145,1327.22843782384,819.653309773703,3033.28138299182,1377.56243323546,2531.22747783187,1783.73757489921,2223.87419632109,1023.93245841349
hypothetical protein,hypothetical protein,E745S_01689,434.912038908717,938.21320604789,1195.41645048814,383.260823648927,1757.42482519022,1165.3037123914,2763.38872331827,1056.19989778394,1317.65667324685
hypothetical protein,hypothetical protein,E745S_01690,0,107.135210890169,0,132.020951778858,0,0,0,0,0
hypothetical protein,hypothetical protein,E745S_01691,150.467198295433,0,260.798780382542,257.640887713892,176.011888470763,99.8831753478344,83.3932429209769,101.850711479545,595.653016673233
hypothetical protein,hypothetical protein,E745S_01693,2473.43339663725,1858.74390156051,1977.81279163577,1170.58577243921,1349.72381822223,2269.14085533798,1649.43056261595,1170.08022085556,310.133388846394
hypothetical protein,hypothetical protein,E745S_01694,1611.85409680861,3425.20630544978,1950.13618637068,1308.20761308141,1392.82877050078,1924.24510456426,1769.6923971441,1798.82792006787,2963.49682675443
hypothetical protein,hypothetical protein,E745S_01695,3999.74792181215,5250.66548129684,4662.44350234911,6360.20936781904,4759.50514742369,6621.31545297268,3091.69475334401,4483.83722741839,4990.02981736446
hypothetical protein,hypothetical protein,E745S_01696,0,0,0,0,309.816844502108,0,0,0,0
hypothetical protein,hypothetical protein,E745S_01700,367.923217749791,422.299957489405,149.02787450431,216.03428472904,0.898019839136544,321.845787231911,152.741308086842,372.115985248101,0
hypothetical protein,hypothetical protein,E745S_01701,1.03059724859885,26.0036919636333,146.898904868534,122.419428013123,0,70.0035929788241,132.551365063869,331.215305835055,635.035034304521
hypothetical protein,hypothetical protein,E745S_01702,212.303033211364,702.099683018099,819.653309773703,597.694854417011,299.040606432469,443.071521414752,363.41897441352,418.630483404114,10323.0113716014
IS30 family transposase IS1252,IS30 family transposase IS1252,E745S_01703,0,0,0,0,383.454471311305,103.297984761436,80.7597720918934,58.5441097480848,1.64091740130367
hypothetical protein,hypothetical protein,E745S_01704,0,162.263037853072,5.32242408943963,103.216380481653,0,397.825296684537,308.993910612462,0,68.9185308547542
norR,Anaerobic nitric oxide reductase transcription regulator NorR,E745S_01706,19048.5289458526,21302.2244566084,16622.9949161378,23284.4952588881,16990.5353564634,17679.3220365667,14026.7434593083,17125.355062474,20273.5344931069
sorB_2,PTS system sorbose-specific EIIB component,E745S_01707,0,78.0110758908999,0,104.01650746213,308.918824662971,69.1498906254238,201.899430229733,2.40592231841445,0
agaC_1,N-acetylgalactosamine permease IIC component 1,E745S_01708,166.956754273014,769.709282123546,401.310776343748,298.447363718267,283.774269167148,302.210633103704,172.053427500121,400.185078962936,817.176865849228
manZ_2,PTS system mannose-specific EIID component,E745S_01709,5207.60789717001,2713.74529332477,3337.15990407865,3260.51744544755,3310.99914689644,1790.21383508042,2507.94205289717,3315.36095477511,4369.76303967167
hypothetical protein,hypothetical protein,E745S_01710,406.055315947949,477.427784452308,0,126.420062915512,0,90.4924494604311,113.23924565059,216.5330086573,0
hypothetical protein,hypothetical protein,E745S_01711,5927.99537394061,5795.70286485459,4793.37513494933,6614.64974761102,4085.99026807128,5009.52540975292,4146.83873219679,4273.72001161019,7403.81931468216
gmuE_2,Putative fructokinase,E745S_01712,1666.47575098435,1460.36734067765,4699.70047097519,1509.83961216185,2051.975332427,1535.81053376713,1950.52406074116,1436.33562409342,1435.80272614071
hypothetical protein,hypothetical protein,E745S_01713,317.423952568447,1361.55331121584,464.115380599135,316.850284269259,133.804956031345,176.716387153861,402.921036849773,521.283168989797,54.1502742430211
hypothetical protein,hypothetical protein,E745S_01716,2690.88941609161,2262.3212008361,1219.89960129956,2974.87211341693,813.605974257709,2755.75119677615,1850.45216923599,2423.56574874949,3283.47572000865
sstT,Serine/threonine transporter SstT,E745S_01717,5279.74970457193,5776.98020664078,6279.39594072087,3777.39947483629,7598.1458589343,4633.89637425679,4697.23413547523,3426.83535552831,1947.76895534746
hypothetical protein,hypothetical protein,E745S_01718,705.959115290215,1035.98708783115,271.443628561421,182.428951548967,0,605.274968560808,245.790610714458,473.164722621508,0
manR_2,Transcriptional regulator ManR,E745S_01719,2922.77379702635,3399.20261348615,5356.48760361204,2386.77878276566,1865.1872058866,2458.66277779285,2056.7407175142,3576.80451337614,3076.72012744438
hypothetical protein,hypothetical protein,E745S_01723,592.593417944341,1402.11907067911,675.947859358833,783.32431388789,1228.49113993879,514.782519100377,676.802003074454,2020.172773362,812.254113645317
paiA,Spermidine/spermine N(1)-acetyltransferase,E745S_01724,2739.32748677576,2044.93033602012,3063.58730588145,3302.1240484324,2283.66445092423,2176.94100117075,2518.4759362135,3082.78846399504,1078.08273265651
hypothetical protein,hypothetical protein,E745S_01725,2033.36837148554,4370.70054524749,4188.74775838899,2081.13027622309,2605.15555333512,4022.64548922218,3431.41249029578,1715.4226130295,3828.26029724146
hypothetical protein,hypothetical protein,E745S_01727,1593.30334633383,2787.59577850149,1763.85134324029,1771.48113477813,1909.19017800429,1988.27278106928,3030.24710066539,2000.12342070854,2572.95848524416
hypothetical protein,hypothetical protein,E745S_01728,1825.18772726857,1588.30550513872,1476.44044241055,1997.91707025338,2690.46743805309,1570.81233025654,1664.35356398076,2311.28937389014,1517.8485962059
pbuG,Guanine/hypoxanthine permease PbuG,E745S_01729,124.702267080461,43.686202498904,139.447511143318,223.235427553342,277.488130293192,188.668220101465,130.79571784448,227.760646143234,80.4049526638799
malL_2,Oligo-1,6-glucosidase,E745S_01730,4583.06596451911,3621.79421669485,3425.51214396334,3958.2281724243,3651.34866592919,2785.63077914516,3678.95874822962,3192.65891653597,1921.5142769266
putative oxidoreductase,putative oxidoreductase,E745S_01732,1250.11446255041,664.654366590467,444.954653877153,453.671997930984,505.585169433875,353.432774307722,544.250638010586,946.329445243015,321.619810655519
hchA,Protein/nucleic acid deglycase 1,E745S_01733,2310.59903135863,3430.40704384251,2781.49882914115,2465.99135383297,1140.48519570341,2219.62611884076,2850.29326067802,2193.39918028784,3258.86195898909
npr_1,NADH peroxidase,E745S_01734,428.728455417123,46.80664553454,0,0,0,0,93.0493026276163,40.9006794130456,0
hypothetical protein,hypothetical protein,E745S_01735,10123.5567729865,10350.5095492046,8208.24243073379,9074.24008560017,8017.52112381107,6225.19756099494,7411.46473665061,8935.59549059125,3918.51075431317
glpK,Glycerol kinase,E745S_01736,1060.48456880822,1392.7577415722,2040.61739589115,1986.71529252669,1036.31489436357,1307.87200540925,476.65822006411,1189.32759940287,2207.03390475344
glpO,Alpha-glycerophosphate oxidase,E745S_01737,393.688148964762,612.646982663201,679.141313812496,391.262093453706,978.841624658834,802.480212196276,50.0359457525861,560.579900190566,54.1502742430211
mutS2_1,Endonuclease MutS2,E745S_01739,950.210663208144,292.281497671238,501.372349225213,168.026665900365,152.663372653213,411.484534338942,456.468277041137,647.995077759624,0
pgsA2,Putative cardiolipin synthase,E745S_01740,6657.6582259486,5011.43151523141,4194.07018247843,6150.57609893382,10434.9905307666,5445.76731234047,7033.12276087228,2628.87111992085,5539.73714680119
cdr_1,Coenzyme A disulfide reductase,E745S_01744,4447.02712770406,2880.16892189203,3810.85564803877,4380.69521811665,4705.62395707549,5160.63072630478,3956.35100889308,4492.65894258591,1668.81299712583
helD_2,DNA helicase IV,E745S_01745,1839.61608874896,2909.29305689129,3396.77105388037,1969.11249895618,2566.54070025224,3025.52114045064,3996.73089493903,1214.9907707993,1750.85886719102
hypothetical protein,hypothetical protein,E745S_01746,4177.01064857116,4311.4121275704,4761.44059041269,5236.83108722803,2280.97039140682,2269.14085533798,2733.54272058865,3957.74221379176,2285.79794001601
hypothetical protein,hypothetical protein,E745S_01747,80.3865853907106,364.051687490866,202.252115398706,222.435300572864,0,107.566496528437,150.107837257758,74.5835918708478,0
pgaC,Poly-beta-1,6-N-acetyl-D-glucosamine synthase,E745S_01748,605.991182176126,1349.0715390733,252.282901839438,616.897901948481,320.593082571746,1095.30011941258,993.696326174167,1360.1480840103,662.930630126683
hypothetical protein,hypothetical protein,E745S_01749,4398.58905701991,2572.28520904261,3000.78270162606,3435.74525417222,2977.83378657678,1898.63403396225,2847.65978984894,4606.53926565753,4453.44982713816
hypothetical protein,hypothetical protein,E745S_01750,135.00823956645,0,0,0,0,0,0,0,0
dhaK,PTS-dependent dihydroxyacetone kinase, dihydroxyacetone-binding subunit DhaK,E745S_01752,495.717276576049,295.401940706874,659.980587090514,425.667553614257,975.249545302287,614.665694448212,625.010410102479,1036.95251923663,1782.03629781579
hypothetical protein,hypothetical protein,E745S_01754,1343.89881217291,2739.74898528841,2511.11968539762,1604.25459585824,1466.46639730998,2725.87161440714,2237.57238111126,2138.86494107044,1698.3495103493
anr,Transcriptional activator protein Anr,E745S_01755,1647.92500050957,2126.06185494666,2052.32672888792,1721.8732619885,3074.81992920353,2474.02942015405,2898.57355921122,1369.77177328396,1148.64218091257
Multidrug efflux system permease protein,Multidrug efflux system permease protein,E745S_01756,9692.76712307223,14601.5931114194,7245.94815536311,11370.6045195718,8411.75183319201,7219.76080270628,8942.38911195781,12335.1637265109,11479.8581395205
hypothetical protein,hypothetical protein,E745S_01760,3478.26571402113,4644.25938470491,2484.50756495042,4175.8627111143,3434.02786485815,2138.52439526774,3224.24611840787,1956.01484487094,1383.29336929899
hypothetical protein,hypothetical protein,E745S_01761,161.80376803002,87.3724049978079,59.6111498017238,0.800126980477927,0,40.1240106098138,0,361.690321868305,0
hypothetical protein,hypothetical protein,E745S_01763,3055.7208420956,2943.61793028329,1979.94176127154,3731.79223694905,2077.11988792283,1458.1236196077,2371.87939339452,2763.60276975206,1115.8238328865
gadC_2,putative glutamate/gamma-aminobutyrate antiporter,E745S_01764,564.767292232172,128.978312139621,0,0,0,303.064335457104,107.972303992423,119.494141814584,141.118896512116
nhaC_2,Na(+)/H(+) antiporter NhaC,E745S_01766,8080.91302626362,8477.20358014446,6909.57095291052,3888.61712512272,4210.81502571126,5561.87083240291,6107.01885264459,5400.49363073429,2707.51371215106
ccpA_1,Catabolite control protein A,E745S_01767,157.681379035625,171.62436695998,0,544.08634672499,156.255452009759,104.151687114836,218.578078813929,190.869837260879,159.168987926456
mro_1,Aldose 1-epimerase,E745S_01768,793.559881421118,726.023079624642,713.20482798491,1178.58704224399,478.644574259778,423.436367286546,656.612060051481,498.827894017928,57.4321090456285
pgmB,Beta-phosphoglucomutase,E745S_01769,689.469559312634,245.474852136698,387.472473711205,147.223364407939,137.397035387891,158.788637732455,277.39226066346,209.315241702057,680.980721541023
malP,Maltose phosphorylase,E745S_01770,7013.21427671521,5824.82699985386,6479.5190864838,4319.08544061985,3461.86647987138,3319.19475002034,4498.84599968428,4645.03402275216,3299.88489402168
ptsG_3,PTS system glucose-specific EIICBA component,E745S_01771,9254.76329241771,11514.4348014968,12394.861219487,11790.6711843227,9467.82316401659,9308.7704614768,11499.4892869979,10146.5763908599,21223.6256684617
mapP,Maltose 6'-phosphate phosphatase,E745S_01772,2954.72231173292,4260.44489132168,3453.18874922843,4349.49026587801,4572.71702088328,4340.22276468709,3605.22156501528,4131.77059482374,4323.81735243517
hypothetical protein,hypothetical protein,E745S_01773,2646.57373440186,2365.29582101209,1937.36236855602,1601.85421491681,2434.53178389917,2554.27744137368,2745.83225112438,2703.4547117917,3964.45644154967
hypothetical protein,hypothetical protein,E745S_01775,141.191823058043,760.347953016638,94.7391487920253,326.451808034994,0,217.694100117075,322.161264757879,230.166568461649,236.292105787729
padC,Phenolic acid decarboxylase PadC,E745S_01777,2883.6111015796,2009.56531494958,1877.7512187543,1325.81040665192,1789.75353939913,968.098468755933,1756.52504299868,1134.79336018548,2546.7038068233
emrB,Multidrug export protein EmrB,E745S_01780,1206.82937810926,859.161982478444,666.367495997841,218.434665670474,0,972.366980522935,1221.93046469473,421.036405722528,556.270999041944
hypothetical protein,hypothetical protein,E745S_01782,2174.56019454358,1397.95847996493,3388.25517533727,2104.33395865695,1632.60006755024,2098.40038465792,3144.36416992568,2401.11047377762,2970.06049635964
lpdC,Gallate decarboxylase,E745S_01785,97.9067386168912,392.13567481159,810.072946412711,704.111742820576,997.700041280701,629.178634456017,531.083283865169,615.916113514098,838.508792066176
btuD_4,Vitamin B12 import ATP-binding protein BtuD,E745S_01787,31864.0057321794,26205.4806132711,24162.740881238,31786.6445534466,35534.6450346331,24656.6313709073,26832.4342775316,44372.4253185176,32401.5550061423
hssR,Heme response regulator HssR,E745S_01788,156.650781787026,895.567151227531,1086.83899906357,1011.3605033241,1284.16836996526,463.56037789636,454.712629821748,315.977797818431,777.79484821794
sasA_3,Adaptive-response sensory-kinase SasA,E745S_01789,353.494856269407,467.026307666854,839.878521313573,271.243046382017,0,420.875260226345,115.872716479673,465.946955666264,0
gltC_2,HTH-type transcriptional regulator GltC,E745S_01790,323.60753606004,157.062299460345,0,549.687235588336,692.373295974276,341.480941360118,304.604792563989,218.938930975715,52.5093568417175
ydfK,putative membrane protein YdfK,E745S_01791,776.039728194938,342.208586241414,327.861323909481,408.864887024221,651.962403213131,1098.71492882618,301.093498125211,185.256018517912,1437.44364354202
hypothetical protein,hypothetical protein,E745S_01792,3968.83000435419,3344.07478652324,4409.09611569179,3308.52506427623,3159.23379408236,3250.89856174832,4794.67255615132,2074.70701257939,10962.9691581098
hypothetical protein,hypothetical protein,E745S_01793,81.4171826393095,60.3285653556293,254.411871475214,61.6097774968004,0,241.597766012283,128.162247015396,207.711293489781,0
hypothetical protein,hypothetical protein,E745S_01794,341.127689286221,1110.87772068641,1883.07364284374,283.244951089186,1516.75550830162,1056.88351350956,634.666469809119,905.42876582997,789.281270027066
hypothetical protein,hypothetical protein,E745S_01795,428.728455417123,483.66867052358,1079.38760533836,635.300822499474,1243.75747720411,484.049234377967,1048.99921358492,783.528701696971,1928.07794653181
hypothetical protein,hypothetical protein,E745S_01796,276.200062624493,401.497003918498,0,0,293.65248739765,712.841465089245,158.008249745009,488.402230638133,0
hypothetical protein,hypothetical protein,E745S_01797,373.076203992785,523.194282308302,210.767993941809,0,671.718839674135,183.546005981063,243.157139885375,338.433072790299,964.859431966558
bceB_1,Bacitracin export permease protein BceB,E745S_01799,495.717276576049,498.230738023214,0,28.8045712972054,527.137645573152,136.592376544047,93.0493026276163,389.75941558314,54.1502742430211
mro_2,Aldose 1-epimerase,E745S_01800,987.312164157703,477.427784452308,1035.74372780495,924.946789432483,1333.55946111777,431.973390820549,409.943625727328,675.262197368321,252.701279800765
hypothetical protein,hypothetical protein,E745S_01801,6395.88652480449,5340.11818165174,5962.17946499027,5863.33051294225,4824.16257584152,5058.18644389674,5480.25279532272,4739.66696727646,2364.56197527859
rbsD,D-ribose pyranase,E745S_01803,290.628424104877,193.467468209432,190.542782401939,867.337646838072,0,508.806602626575,645.200353125453,401.789027175212,0
rbsK,Ribokinase,E745S_01804,496.747873824648,184.106139102524,286.346416011852,669.706282660025,977.04558498056,285.136586035698,0,198.087604216123,393.820176312881
degA_2,HTH-type transcriptional regulator DegA,E745S_01805,0,83.2118142836266,0,232.836951319077,161.643571044578,176.716387153861,0,146.761261423281,347.874489076378
yecD,Isochorismatase family protein YecD,E745S_01806,787.376297929525,975.658522475522,1347.63777944611,829.73167875561,604.367351738895,1731.3083726958,561.807110204476,949.537341667568,658.007877922772
putative ABC transporter ATP-binding protein,putative ABC transporter ATP-binding protein,E745S_01807,4006.96210255235,2016.8463486994,2640.98683317994,1826.68989643111,2998.48824287692,2233.28535649517,2462.29522519305,2015.36092872517,2354.71647087077
hypothetical protein,hypothetical protein,E745S_01808,6711.24928287574,5187.21647290557,4543.22120274567,3494.95465072758,5177.98239246132,4573.28350716537,6423.03535213461,4573.65832730586,7397.25564507695
treA,Trehalose-6-phosphate hydrolase,E745S_01809,0,222.591603208701,372.569686260774,237.637713201944,1183.59014798197,196.351541282068,197.510312181261,133.127701618933,349.515406477682
hypothetical protein,hypothetical protein,E745S_01810,179.323921256201,491.989851951942,1210.31923793857,364.057776117457,308.918824662971,730.769214510652,589.019642105005,326.403461198227,219.882931774692
hypothetical protein,hypothetical protein,E745S_01811,668.857614340657,405.65759463268,107.51296660668,0,0,114.396115355639,184.342958035844,158.790873015353,0
agrA,Accessory gene regulator protein A,E745S_01812,19618.4492243278,22307.0071140832,21714.4258000958,24251.848778286,18297.1542224071,12812.3649198316,13888.0473289766,20691.7339124704,14781.3839509435
hypothetical protein,hypothetical protein,E745S_01813,4355.30397257876,5330.75685254483,4265.39066527692,3349.3315402806,2744.34862840128,3428.46865125558,2690.52936371362,3091.61017916256,1777.11354561188
agrB,Accessory gene regulator protein B,E745S_01815,453.462789383496,744.745737838458,575.886286477368,484.076823189146,1112.64658069018,482.341829671166,957.705558176692,639.975336698243,1442.36639574593
hypothetical protein,hypothetical protein,E745S_01816,149.436601046834,0,0,0,0,0,0,52.1283168989797,0
Deoxyguanosine kinase,Deoxyguanosine kinase,E745S_01817,511.176235305032,1689.19982995762,1961.84551936745,1977.11376876096,874.671323318994,735.037726277653,1053.38833163339,1012.89329605248,710.517234764489
hypothetical protein,hypothetical protein,E745S_01818,6422.68205326806,4807.56257023653,4287.74484645256,6328.20428859992,4991.19426592091,4851.59047437387,5846.30524056533,5029.98159369847,5874.48429666714
yjcD,Putative ATP-dependent DNA helicase YjcD,E745S_01819,7033.82622168718,6017.25432038475,6137.81945994178,7398.77418847939,5198.63684876146,4693.65553899482,4562.04929958228,5261.75211037239,5288.67678440173
spxA_5,Regulatory protein Spx,E745S_01821,332.88291129743,167.463776245798,180.962419040947,0,0,291.9662048629,222.089373252707,29.6730419271115,0
luxS,S-ribosylhomocysteine lyase,E745S_01823,0,0,0,115.218285188821,0,0,0,0,0
metB,Cystathionine gamma-synthase,E745S_01824,6.18358349159313,6.24088607127199,1.06448481788793,0,0.898019839136544,0.853702353400294,2.63347082908348,0.801974106138149,0
cysM,Cysteine synthase,E745S_01825,463.768761869485,1124.3996405075,649.335738911634,928.947424334873,2083.40602679678,889.557852243106,712.792771071929,769.895141892623,441.406780950687
lysA,Diaminopimelate decarboxylase,E745S_01827,0,324.526075706144,290.604355283404,240.038094143378,0,128.055353010044,402.043213240078,58.5441097480848,0
dapF,Diaminopimelate epimerase,E745S_01828,1702.54665468531,1145.20259407841,2499.41035240085,1104.17523305954,1431.44362358365,767.478415706864,1631.87409042206,1177.2979878108,562.834668647159
dapA,4-hydroxy-tetrahydrodipicolinate synthase,E745S_01829,435.942636157315,417.099219096678,350.215505085127,178.428316646578,0,68.2961882720235,52.6694165816696,357.680451337614,0
dapH_2,2,3,4,5-tetrahydropyridine-2,6-dicarboxylate N-acetyltransferase,E745S_01831,60.8052376673324,226.752193922882,199.058660945042,0,542.403982838473,304.771740163905,321.283441148185,261.443558601036,72.2003656573615
asd,Aspartate-semialdehyde dehydrogenase,E745S_01832,1505.70258020293,1031.82649711697,833.491612406246,2642.01928953811,2061.85355065751,1919.97659279726,2373.63504061391,786.736598121524,5354.31348045388
yclM,Aspartokinase 3,E745S_01833,521.48220779102,996.461476046428,1299.73596264116,706.512123762009,909.69409704532,1418.85331135129,460.857395089609,794.756339182905,341.310819471164
scmP,N-acetylcysteine deacetylase,E745S_01834,1571.66080411325,1242.97647586167,1156.03051222629,696.110473015796,1743.05650776403,537.832482642185,446.812217334497,1785.19436026352,653.085125718861
dapX,putative N-acetyl-LL-diaminopimelate aminotransferase,E745S_01835,5360.13628996264,2535.88004029352,5247.91015218747,5041.60010399142,5526.4140900463,4353.0282999881,7833.69789291366,3530.29001522013,6476.70098294559
npr_2,NADH peroxidase,E745S_01836,7849.02864532888,7515.06697749003,7895.28389427474,10276.8309372585,15624.6471811367,8702.64179056259,11190.4953763854,11771.3759298957,14684.5698242665
hypothetical protein,hypothetical protein,E745S_01839,0,382.774345704682,265.056719654093,0,311.612884180381,110.127603588638,0,299.136341589529,303.569719241179
hypothetical protein,hypothetical protein,E745S_01840,2497.13713335502,2501.55516690152,1809.62419040947,2543.60367093933,2338.44366111156,1853.38780923204,1007.74150392928,1764.34303350393,1846.03207646663
umuC_1,Protein UmuC,E745S_01841,5636.33635258714,6259.60872948581,6102.69146095148,6349.80771707283,7578.3894224733,3923.61601622775,5437.23943844769,6103.82492181745,9568.18936700171
galK_2,Galactokinase,E745S_01842,1043.99501283064,1410.44025210747,1672.30564890193,1140.98107416152,1087.50202519436,1744.1139079968,1142.92633982223,1893.46086459217,4327.09918723778
galM,Aldose 1-epimerase,E745S_01843,346.280675529215,567.920632485751,740.881433249996,467.274156599109,455.296058442228,392.703082564135,664.512472538732,638.371388485966,0
lacS,Lactose permease,E745S_01844,2793.94914095149,2032.44856387758,3942.85176545688,2674.82449573771,5696.1398396431,3068.20625812066,2800.25731492543,3608.08150351553,3491.87222997421
hypothetical protein,hypothetical protein,E745S_01848,358.647842512401,246.514999815244,72.3849676163789,470.474664521021,149.969313135803,0,99.1940678954778,311.96792728774,54.1502742430211
yifK,putative transport protein YifK,E745S_01849,4924.19365380533,1945.07615887977,3307.35432917778,3057.28519240616,2023.23869757463,3006.73968867583,4026.57689766864,2414.74403358197,3332.70324204776
scaC_2,Manganese import ATP-binding protein ScaC,E745S_01850,582.287445458353,1453.08630692783,862.232702489219,2295.56430699117,328.675261123975,1725.33245622199,1364.13788946524,1699.38313090674,1586.76712706065
mntB,Manganese transport system membrane protein MntB,E745S_01851,0,65.5293037483559,0,123.219554993601,0,114.396115355639,200.143783010345,24.8611972902826,0
ssaB_2,Manganese ABC transporter substrate-binding lipoprotein,E745S_01852,1034.71963759325,435.821877310494,969.7456690959,221.635173592386,0,976.635492289936,833.932429209769,546.946340386217,293.724214833357
hypothetical protein,hypothetical protein,E745S_01853,1839.61608874896,2012.68575798522,3563.89517028877,2335.57065601507,1131.50499731205,1741.5528009366,1896.09899694011,1000.86368446041,2658.28619011195
queG,Epoxyqueuosine reductase,E745S_01854,1306.79731122335,228.832489279973,1074.06518124892,534.484822959255,1354.21391741791,631.739741516217,847.099783355186,1166.87232443101,1158.48768532039
hypothetical protein,hypothetical protein,E745S_01855,330.821716800232,1135.8412649715,592.918043563574,683.308441328149,422.069324394176,446.486330828354,590.775289324394,901.418895299279,0
thiO,Glycine oxidase,E745S_01857,4606.76970123688,8375.26910764702,5340.52033134372,6135.37368630474,5708.71211739101,4027.76770334259,3928.26065338286,5882.48006852332,3454.13112974423
ribZ_2,Riboflavin transporter RibZ,E745S_01858,0,0,141.576480779094,210.433395865695,0,0,0,98.6428150549923,0
hypothetical protein,hypothetical protein,E745S_01859,2221.96766797913,2019.96679173504,1812.81764486314,1433.02742203597,3106.25062357331,1211.40363947502,1257.04340908251,1834.11478073795,3836.46488424798
algC,Phosphomannomutase/phosphoglucomutase,E745S_01861,5098.36458881853,3836.06463847519,4565.57538392131,3822.20658574306,6379.53293722601,3866.41795854993,4986.91592667442,2625.6632234963,3391.77626849469
hypothetical protein,hypothetical protein,E745S_01862,413.269496688141,1167.04569532786,294.862294554955,450.471490009073,161.643571044578,823.822771031284,352.885091097186,572.609511782638,323.260728056823
rclA,putative pyridine nucleotide-disulfide oxidoreductase RclA,E745S_01864,3750.34338765123,3504.25752901922,2148.13036249783,2452.38919516485,1305.72084610454,2340.85185302361,3160.16499490018,3600.86373656029,3007.80159658963
acuR,Transcriptional regulator AcuR,E745S_01866,4971.60112724087,3739.33090437047,5333.06893761851,3909.42042661515,2385.14069274666,2958.07865453202,2604.50264996356,4029.9198833442,3485.308560369
hypothetical protein,hypothetical protein,E745S_01869,0,0,0,128.020316876468,0,0,0,0,0
hypothetical protein,hypothetical protein,E745S_01870,786.345700680926,248.595295172334,192.671752037714,680.908060386716,654.656462730541,174.15528009366,122.017481747535,442.689706588258,0
mazF,Endoribonuclease toxin MazF,E745S_01871,340.097092037622,516.95339623703,65.9980587090514,383.260823648927,299.040606432469,485.756639084767,301.093498125211,226.156697930958,712.158152165793
hypothetical protein,hypothetical protein,E745S_01872,0,0,0,0,0,0,0,21.65330086573,0
hypothetical protein,hypothetical protein,E745S_01873,4053.33897873929,4947.98250684015,4448.48205395364,3662.98131662795,5297.41903106648,3204.7986346647,3506.9053207295,4312.21476870483,5144.27605308701
ydbD,putative manganese catalase,E745S_01874,1037.81142933905,785.311497301726,1325.28359827047,892.941710213366,1109.95252117277,978.342896996737,747.027891850014,609.500320664993,1468.62107416679
araN_1,putative arabinose-binding protein,E745S_01875,11339.6615263332,7283.11404517442,9536.71948345792,10261.6285246294,12774.3322117173,10433.9501632584,21958.7575965078,9108.82189751709,16307.4371341559
lacF_4,Lactose transport system permease protein LacF,E745S_01876,4103.83824392064,3114.20214956473,3253.0656034655,1693.06869069129,2078.9159276011,3194.5542064239,2524.62070148136,2653.73231721113,4676.61459371546
araQ_4,L-arabinose transport system permease protein AraQ,E745S_01877,0,110.255653925805,0,0,0,25.6110706020088,36.8685916071687,0,0
hypothetical protein,hypothetical protein,E745S_01878,1501.58019120853,2405.86158047535,1146.4501488653,2567.60748035367,992.311922245882,987.73362288414,2448.25004743794,1747.50157727503,3253.93920678518
hypothetical protein,hypothetical protein,E745S_01879,551.369528000387,456.624830881401,249.089447385775,190.430221353747,0,523.31954263438,429.255745140607,314.373849606154,892.659066309197
hypothetical protein,hypothetical protein,E745S_01880,0,0,0,0,0,0,0,80.1974106138149,0
hypothetical protein,hypothetical protein,E745S_01881,6101.13571170522,8415.83486711028,6720.09265532647,5944.14333797052,8130.67162354227,8749.59541999961,6341.39775643302,6208.88352972155,10172.0469706815
hypothetical protein,hypothetical protein,E745S_01882,3828.66877854474,4052.41535561261,3897.07891828769,4399.09813866764,3266.09815493961,4487.05956947194,4628.76389391906,5499.13644578929,5165.60797930396
hypothetical protein,hypothetical protein,E745S_01883,1205.79878086066,1172.24643372059,963.358760188572,794.526091614581,562.160419299477,727.35440509705,1218.41917025596,1396.23691878652,863.122553085731
hypothetical protein,hypothetical protein,E745S_01884,9021.84831423437,7665.8883908791,7712.19250559802,10666.4927767512,7090.76464982216,7753.32477358147,6142.13179703237,11077.6683280862,8224.278015334
hypothetical protein,hypothetical protein,E745S_01885,92.7537523738969,0,131.996117418103,0,0,176.716387153861,50.9137693622806,27.2671196086971,0
graR,Response regulator protein GraR,E745S_01886,0,0,0,0,239.771297049457,76.8332118060264,92.1714790179218,222.948801506405,367.565497892022
glcU_2,putative glucose uptake protein GlcU,E745S_01888,648.24566936868,812.355336943904,1268.86590292241,914.54513868627,898.019839136545,2374.99994715962,521.427224158529,1242.25789040799,758.103839402296
yhdG,putative amino acid permease YhdG,E745S_01889,1922.06386863686,732.263965695914,300.184718644395,640.101584382341,595.387153347529,525.026947341181,186.098605255233,484.392360107442,382.333754503755
TelA-like protein,TelA-like protein,E745S_01890,4554.20924155834,5666.72455271497,5000.94967443747,7666.01659995902,5012.74674206019,6389.1084128478,9043.33882707267,8278.77869766411,7300.44151840003
hypothetical protein,hypothetical protein,E745S_01891,0,171.62436695998,0,440.869966243338,317.899023054337,379.897547263131,254.568846811403,281.49291125449,479.147881180672
hypothetical protein,hypothetical protein,E745S_01895,524.573999536817,723.942784267551,918.65039783728,740.91758392256,301.734665949879,576.249088545198,68.4702415561705,18.4454044411774,666.21246492929
hypothetical protein,hypothetical protein,E745S_01896,2815.59168317207,2604.52978707751,2759.1446479655,1396.22158093398,953.69706916301,2601.2310708107,2225.28285057554,2498.14934062033,4240.13056496869
pepO,Neutral endopeptidase,E745S_01897,912.078565009986,938.21320604789,596.111498017238,1295.40558139376,309.816844502108,1699.72138561998,1295.66764790907,988.834072868337,63.9957786508432
hypothetical protein,hypothetical protein,E745S_01898,456.554581129293,227.792341601428,20.2252115398706,188.029840412313,0,140.860888311048,57.0585346301421,235.780387204616,329.824397662038
prs2,Putative ribose-phosphate pyrophosphokinase 2,E745S_01899,342.15828653482,374.45316427632,322.538899820041,160.025396095585,0,404.654915511739,287.048320370099,405.798897705903,377.411002299844
hypothetical protein,hypothetical protein,E745S_01901,84.5089743851061,0,0,0,0,0,0,0,0
hypothetical protein,hypothetical protein,E745S_01902,11323.1719703556,10341.1482200977,11209.0251323599,11052.1539813416,13404.7421387912,9573.41819103089,14145.2496466171,7485.62630669348,13481.777369111
hypothetical protein,hypothetical protein,E745S_01903,1663.38395923855,2820.88050421494,1456.21523087068,1333.8116764567,1497.89709167976,2860.75658624438,2327.9882129098,889.389283707207,1155.20585051778
arcD1_1,Arginine/ornithine antiporter ArcD1,E745S_01905,2749.63345926174,2280.00371137137,2158.77521067671,1920.30475314702,1710.72779355512,1215.67215124202,1896.09899694011,2459.6545835257,1970.74179896571
vioD,Capreomycidine synthase,E745S_01906,315.36275807125,737.464704088641,423.664957519394,340.053966703119,0,687.230394487236,681.191121122927,1056.19989778394,280.596875622928
sbnD_2,Staphyloferrin B transporter,E745S_01907,430.789649914321,109.21550624726,491.791985864221,756.920123532119,754.336664874697,556.613934416992,293.193085637961,716.964850887505,462.738707167635
hypothetical protein,hypothetical protein,E745S_01909,0,0,0,0,0,219.401504823876,0,237.384335416892,0
topB_2,DNA topoisomerase 3,E745S_01910,912.078565009986,1393.79788925075,1451.95729159913,564.089521236938,142.785154422711,892.972661656707,711.914947462234,1099.5064995154,1335.70676466119
yfdH,Prophage bactoprenol glucosyl transferase ,E745S_01911,1.03059724859885,0,1.06448481788793,0.800126980477927,0,72.564700039025,0,45.7125240498745,0
ogt,Methylated-DNA--protein-cysteine methyltransferase, constitutive,E745S_01912,0,0,0,0,0,0,0,43.30660173146,0
hypothetical protein,hypothetical protein,E745S_01913,3133.01563574052,1671.51731942235,2378.05908316163,3259.71731846707,1244.65549704325,2722.45680499354,1875.03123030744,3328.19254047332,1626.14914469194
hypothetical protein,hypothetical protein,E745S_01914,537.971763768602,508.632214808667,216.090418031249,471.274791501499,449.009919568272,455.023354362357,737.371832143374,604.688476028164,1071.5190630513
cysL,HTH-type transcriptional regulator CysL,E745S_01915,216.425422205759,251.71573820797,157.543753047413,772.922663141677,386.148530828714,396.117891977736,857.63366667152,198.889578322261,218.242014373388
mgsR,Regulatory protein MgsR,E745S_01917,84.5089743851061,208.029535709066,286.346416011852,112.817904247388,148.17327345753,133.177567130446,743.516597411236,287.908704103595,109.941465887346
metN2,Methionine import ATP-binding protein MetN 2,E745S_01919,156.650781787026,0,90.4812095204737,131.22082479838,806.421815544617,582.225005019,140.451777551119,323.195564773674,712.158152165793
metP_1,Methionine import system permease protein MetP,E745S_01920,277.230659873092,0,157.543753047413,0,0,143.421995371249,0,0,0
metQ_1,Methionine-binding lipoprotein MetQ,E745S_01921,1596.39513807963,600.165210520657,706.817919077582,1994.71656233147,349.329717424116,1417.99960899789,217.700255204234,700.123394658604,357.7199934842
sufS,Cysteine desulfurase SufS,E745S_01924,0,0,0,127.22018989599,0,0,0,0,0
xerC_7,Tyrosine recombinase XerC,E745S_01927,385.443370975972,1.04014767854533,128.802662964439,0,0,0,119.384010918451,37.692782988493,0
hypothetical protein,hypothetical protein,E745S_01929,161.80376803002,577.281961592659,798.363613415944,155.224634212718,443.621800533453,507.952900273175,201.021606620039,421.036405722528,75.4822004599689
hypothetical protein,hypothetical protein,E745S_01930,2797.04093269729,3952.56117847226,3193.45445366378,2727.63287644925,1677.50105950707,2141.93920468134,3932.64977143133,2967.30419271115,1681.94033633626
hypothetical protein,hypothetical protein,E745S_01931,6565.9350708233,4083.61978596897,6158.04467148165,8784.59411866716,6433.4141275742,6198.73278803953,5806.80317812907,6813.57200574971,5483.94595515687
hypothetical protein,hypothetical protein,E745S_01933,1749.95412812086,2490.11354243753,2401.47774915516,1635.45954809688,1866.98324556488,2032.6653034461,1835.52916787119,2191.79523207556,2392.45757110075
hypothetical protein,hypothetical protein,E745S_01935,531.788180277009,506.551919451577,387.472473711205,223.235427553342,21.5524761392771,546.369506176188,522.305047768224,430.660094996186,467.661459371546
hypothetical protein,hypothetical protein,E745S_01936,6529.86416712234,4478.8759038162,4682.66871388898,8673.37646838073,7061.12999513065,4312.05058702488,6599.4778976832,5718.075376765,7533.45178938515
hypothetical protein,hypothetical protein,E745S_01937,1626.28245828899,1381.3161171082,1245.44723692887,663.305266816201,880.059442353814,1249.82024537803,1123.61422040895,1256.69342431848,2039.66032982046
hypothetical protein,hypothetical protein,E745S_01938,275.169465375894,264.197510350514,244.831508114223,142.422602525071,0,122.933138889642,357.274209145659,703.331291083156,0
hypothetical protein,hypothetical protein,E745S_01939,1564.44662337306,1746.40795227761,1607.37207501077,1887.49954694743,413.08912600281,1808.14158450182,1059.53309690125,973.596564851713,1512.92584400198
hypothetical protein,hypothetical protein,E745S_01941,161.80376803002,657.37333284065,267.185689289869,59.2093965553666,0,534.417673228584,51.7915929719751,75.385565976986,241.21485799164
hypothetical protein,hypothetical protein,E745S_01942,1615.976485803,2855.20537760694,2306.73860036313,1792.28443627056,889.937660584316,2517.56824017747,1698.58868475884,1613.57190154996,3245.73461977866
yknY,putative ABC transporter ATP-binding protein YknY,E745S_01943,713.173296030407,1153.52377550677,682.33476826616,760.12063145403,843.240628949215,744.428452165056,764.584364043904,430.660094996186,771.231178612725
hypothetical protein,hypothetical protein,E745S_01944,942.996482467952,703.139830696645,626.981557735988,588.893457631754,582.814875599617,1048.34648997556,492.459045038611,494.0160493811,1493.23483518634
hypothetical protein,hypothetical protein,E745S_01946,2240.51841845391,2438.10615851026,2309.9320548168,2561.20646450984,2582.7050573567,1309.57941011605,2111.16578131526,2054.65765992594,5150.83972269222
Putative lipid kinase,Putative lipid kinase,E745S_01947,826.538993376281,620.968164091563,352.344474720903,946.550217905387,280.182189810602,641.984169757021,682.946768342316,806.785950774978,1122.38750249171
hypothetical protein,hypothetical protein,E745S_01948,347.311272777814,515.913248558485,89.4167247025857,125.619935935034,153.561392492349,292.819907216301,198.388135790956,433.867991420738,403.665680720703
hypothetical protein,hypothetical protein,E745S_01949,2970.1812704619,2303.92710797791,3127.45639495472,3462.14944452799,268.507931901827,2501.34789546286,2022.50559673611,2806.10739737738,3455.77204714553
hypothetical protein,hypothetical protein,E745S_01950,1609.79290231141,876.844493013715,981.455002092667,982.555932026894,1436.83174261847,666.741538005629,962.094676225165,1089.08083613561,945.168423150914
hypothetical protein,hypothetical protein,E745S_01951,1459.32570401598,2629.4933313626,2423.83193033081,2806.84544751657,2026.83077693118,2685.74760379732,1559.01473081742,2483.71380670985,1744.2951975858
hypothetical protein,hypothetical protein,E745S_01952,86.5701688823038,61.3687130341746,0,0,814.503994096846,169.033065973258,101.827538724561,187.661940836327,0
hypothetical protein,hypothetical protein,E745S_01954,800.77406216131,1405.23951371474,1725.52988979633,1559.44748495148,1054.2752911463,1183.23146181281,919.081319350135,1414.68232322769,1447.28914794984
hypothetical protein,hypothetical protein,E745S_01955,0,85.2921096407172,0,0,0,0,0,44.1085758375982,0
strA,Sortase A,E745S_01956,820.355409884688,1094.23535782969,1075.1296660668,1082.57180458663,1315.59906433504,875.044912235301,660.123354490259,752.251711557583,982.909523380899
licT_2,Transcription antiterminator LicT,E745S_01957,2737.26629227856,4722.27046059581,3587.31383628231,5283.23845209575,3809.40015761722,3174.06534994229,2996.889803497,3955.33629147335,5738.28815235894
bglF_2,PTS system beta-glucoside-specific EIIBCA component,E745S_01959,5641.48933883013,4032.65254972025,4905.14604082756,6977.10726976752,10869.6321329087,5276.73424636722,6017.48084445575,6508.01987131108,4451.80890973686
bglH_1,Aryl-phospho-beta-D-glucosidase BglH,E745S_01960,3351.50225244348,4506.95989113692,3905.5947968308,5100.0093735663,1987.31790400917,5059.04014625014,3334.85189322938,3678.65522485569,4146.59827309438
hypothetical protein,hypothetical protein,E745S_01961,1595.36454083103,722.902636589006,757.913190336203,704.111742820576,1721.50403162476,966.391064049133,996.32979700325,871.745853372168,979.627688578291
hypothetical protein,hypothetical protein,E745S_01965,897.650203529602,431.661286596313,436.438775334049,619.298282889915,158.051491688032,742.721047458256,1217.54134664626,843.676759657332,487.35246818719
Deoxyguanosine kinase,Deoxyguanosine kinase,E745S_01966,2442.51547917929,2567.08447064988,3066.78076033511,2871.65573293528,2278.27633188941,2065.10599287531,1605.53938213123,1812.46147987222,2102.01519107
hypothetical protein,hypothetical protein,E745S_01968,2693.98120783741,2918.6543859982,5484.22578175859,2937.26614533447,3884.83382410469,2427.92949307044,4828.02985331971,2885.50283388506,4753.73771157673
rbsR,Ribose operon repressor,E745S_01969,1426.34659206081,2125.02170726811,1424.28068633404,1137.78056623961,1074.03172760731,2978.56751101362,1962.81359127689,2473.28814333005,1926.43702913051
gmuD_2,6-phospho-beta-glucosidase GmuD,E745S_01970,903.833787021195,475.347489095217,1668.04770963038,2534.00214717359,2070.83374904887,864.800483994498,1419.440776876,1444.35536515481,2042.94216462307
ltaS1_2,Lipoteichoic acid synthase 1,E745S_01972,1244.96147630742,1655.91510424417,1033.61475816918,299.247490698745,1826.57235280373,2206.82058353976,1386.08347970761,2318.50714084539,736.771913185348
hypothetical protein,hypothetical protein,E745S_01973,0,208.029535709066,590.789073927799,135.22145970077,0,462.706675542959,247.546257933847,275.077118405385,272.392288616409
ndk,Nucleoside diphosphate kinase,E745S_01974,5886.77148399666,3574.98757116031,3442.54390104955,4140.65712397327,6409.16759191752,3573.59805133363,6112.28579430276,2979.33380430322,6145.23566788225
mgtA,Magnesium-transporting ATPase, P-type 1,E745S_01975,6898.81798212073,5818.58611378259,6466.74526866915,6333.00505048279,6126.29134258951,7300.86252627931,8082.1219744572,4553.60897465241,7523.60628497733
Phosphorylated carbohydrates phosphatase,Phosphorylated carbohydrates phosphatase,E745S_01976,73.1724046505187,109.21550624726,233.122175117456,125.619935935034,0,282.575478975497,318.649970319101,0,0
metN,Methionine import ATP-binding protein MetN,E745S_01978,981.12858066611,734.344261053005,628.046042553876,827.331297814176,461.582197316184,270.623646027893,390.63150631405,553.362133235323,0
metP_2,Methionine import system permease protein MetP,E745S_01979,350.403064523611,610.56668730611,1640.37110436529,852.93536118947,1300.33272706972,1042.37057350176,633.788646199424,681.677990217426,185.423666347315
metQ_2,D-methionine-binding lipoprotein MetQ,E745S_01980,2244.64080744831,1050.54915533079,526.919984854523,1361.01599379295,1982.82780481349,930.53556520632,1185.06187308757,765.885271361932,963.218514565255
abgB,p-aminobenzoyl-glutamate hydrolase subunit B,E745S_01981,1103.76965324937,281.880020885785,674.883374540945,161.625650056541,0,376.48273784953,645.200353125453,516.471324352968,457.815954963724
nhaC_3,Na(+)/H(+) antiporter NhaC,E745S_01982,0,63.4490083912653,0,0,0,0,0,0,0
yvbW,putative amino acid permease YvbW,E745S_01984,385.443370975972,369.252425883593,448.148108330817,562.489267275982,0,338.066131946516,410.821449337023,279.888963042214,259.26494940598
hypothetical protein,hypothetical protein,E745S_01985,2462.09682690266,3964.00280293626,3725.69686260774,2694.82767024966,3583.99717799395,4768.78134609404,2795.86819687696,3657.8038980961,1627.79006209324
garK,Glycerate 2-kinase,E745S_01987,15033.3220653115,12081.315286304,17115.85138682,10928.1342993675,11713.7707816971,16681.3439854417,13544.818297586,7790.37646702598,12681.0096772748
eat(A),ABC-F type ribosomal protection protein Eat(A),E745S_01988,3924.51432266444,2497.39457618734,2618.6326520043,2630.01738483095,1905.59809864775,2617.4514155253,3947.57277279614,2820.54293128787,1363.60236048335
pspB,Putative phosphoserine phosphatase 2,E745S_01989,431.82024716292,271.478544100332,95.8036336099133,1273.80215292086,619.633689004216,156.227530672254,928.737379056774,202.097474746813,326.54256285943
hypothetical protein,hypothetical protein,E745S_01990,347.311272777814,455.584683202856,1092.16142315301,1990.71592742908,647.472304017449,763.209903939863,1091.13474685026,900.616921193141,1352.11593867422
murQ,N-acetylmuramic acid 6-phosphate etherase,E745S_01991,6839.043341702,6432.27324412434,4170.65151648489,4616.73267735764,2561.15258121742,4025.20659628239,3592.05421086987,4554.41094875855,4604.4142280581
hypothetical protein,hypothetical protein,E745S_01992,4829.37870693423,3100.68022974364,4019.49467234481,5297.64073774435,4548.4704852266,4567.30759069157,2734.42054419835,4130.9686207176,3509.92232138855
arcD1_2,Arginine/ornithine antiporter ArcD1,E745S_01994,3180.42310917607,3891.19246543809,4524.06047602368,5295.24035680292,4709.21603643204,4763.65913197364,4042.37772264314,3702.71444803983,6100.93089804705
hypothetical protein,hypothetical protein,E745S_01995,557.55311149198,263.157362671969,510.952712586204,856.935996091859,1487.12085361012,466.12148495656,662.756825319343,663.232585776249,1109.26016328128
bcrA_2,Bacitracin transport ATP-binding protein BcrA,E745S_01996,449.340400389101,124.81772142544,359.795868446119,673.706917562414,0,131.470162423645,251.93537598232,504.441712760896,50.8684394404138
gdx,Guanidinium exporter,E745S_01997,161.80376803002,486.789113559216,394.92386743642,243.23860206529,332.267340480521,95.6146635808329,179.953839987371,194.87970779157,295.365132234661
hypothetical protein,hypothetical protein,E745S_01998,0,0,173.511025315732,548.08698162738,0,70.8572953322244,0,118.692167708446,0
hypothetical protein,hypothetical protein,E745S_01999,91.7231551252981,588.723586056658,671.689920087281,1242.59720068222,0,939.072588740323,491.581221428916,182.850096199498,362.642745688111
pcp,Pyrrolidone-carboxylate peptidase,E745S_02000,146.344809301037,708.340569089371,523.726530400859,244.838856026246,0,1412.02369252409,628.521704541257,630.351647424585,52.5093568417175
hypothetical protein,hypothetical protein,E745S_02001,7236.85387966116,3657.15923776539,6330.49121197949,8390.93164427202,5157.32793616117,2859.90288389098,10605.8648523289,5650.7095518494,7781.23031698201
pnuC,Nicotinamide riboside transporter PnuC,E745S_02002,86.5701688823038,375.493311954865,0,808.928377263184,0,328.675406059113,329.183853635435,101.048737373407,767.949343810118
hypothetical protein,hypothetical protein,E745S_02003,242.190353420731,394.215970168681,496.049925135773,587.293203670798,490.318832168553,150.251614198452,318.649970319101,621.529932257065,408.588432924614
hypothetical protein,hypothetical protein,E745S_02004,206.119449719771,116.496539997077,410.891139704739,288.045712972054,0,157.081233025654,203.655077449122,324.79951298595,249.419444998158
hypothetical protein,hypothetical protein,E745S_02007,1465.50928750757,1398.99862764347,1061.29136343426,754.519742590685,1580.51491688032,645.398979170622,1374.67177278158,1729.85814693999,845.07246167139
ywpJ_2,Phosphatase YwpJ,E745S_02008,983.189775163307,1045.34841693806,1417.89377742672,2295.56430699117,1011.17033886775,1709.96581386079,941.904733202191,873.349801584444,1032.13704542001
hypothetical protein,hypothetical protein,E745S_02012,506.023249062038,962.136602654432,562.047983844825,227.236062455731,0,839.189413392489,998.085444222639,1085.87293971105,662.930630126683
yceM,Putative oxidoreductase YceM,E745S_02015,7283.23075584811,7389.20910838604,9482.43075774564,9289.47424334873,6361.57254044328,6396.7917340284,6467.80435622903,11138.6183601527,10900.6142968603
hypothetical protein,hypothetical protein,E745S_02017,1575.78319310765,1111.91786836496,1063.42033307004,1051.366852348,2118.42880052311,1052.61500174256,1146.43763426101,977.606435382403,1990.43280778135
hypothetical protein,hypothetical protein,E745S_02018,12696.9581027379,13917.1759389365,11686.9788155915,12341.958673872,9704.0023817095,9778.30675584696,10851.6554630433,10975.8176166067,7876.40352625762
Fumarate reductase flavoprotein subunit,Fumarate reductase flavoprotein subunit,E745S_02021,1052.23979081943,732.263965695914,1093.2259079709,759.320504473552,1642.47828578074,1268.60169715284,625.010410102479,789.944494546076,1102.69649367607
2-haloacrylate reductase,2-haloacrylate reductase,E745S_02022,0,0,139.447511143318,0,0,0,47.4024749235026,0,57.4321090456285
acuI,putative acrylyl-CoA reductase AcuI,E745S_02027,6327.86710639697,3707.08632633556,3642.66704681248,5856.92949709842,5756.30716886525,2950.39533335142,6947.09604712222,3265.63856019454,5116.38045726485
potA,Spermidine/putrescine import ATP-binding protein PotA,E745S_02029,240.129158923533,110.255653925805,81.9653309773702,345.654855566464,67.3514879352408,154.520125965453,97.4384206760888,287.908704103595,0
ydcV,Inner membrane ABC transporter permease protein YdcV,E745S_02031,0,0,0,228.036189436209,0,0,0,46.5144981560126,0
potD,Spermidine/putrescine-binding periplasmic protein,E745S_02032,0,0,0,0,0,64.027676505022,0,124.305986451413,0
dgaR_1,Transcriptional regulatory protein DagR,E745S_02033,11362.3346658024,9950.05269296465,10666.137875237,14090.2361262163,9980.59249216356,8879.35817771646,10780.5517506581,11190.7466770517,11015.4785149515
hypothetical protein,hypothetical protein,E745S_02034,225.700797443149,1358.4328681802,1298.67147782327,0,797.441617153252,859.678269874096,1271.08858683763,263.849480919451,446.329533154598
hypothetical protein,hypothetical protein,E745S_02036,0,0,147.963389686422,0,0,0,57.9363582398366,47.3164722621508,0
manZ_3,PTS system mannose-specific EIID component,E745S_02037,3077.36338431618,3780.93681151228,4220.68230292562,3810.20468103589,3116.12884180381,3359.31876063016,2433.32704607314,2690.62312609349,2471.22160636333
hypothetical protein,hypothetical protein,E745S_02038,159.742573532822,729.143522660278,467.308835052799,291.246220893965,439.13170133777,635.154550929819,199.26595940065,626.341776893894,150.964400919938
hypothetical protein,hypothetical protein,E745S_02039,810.0494373987,1318.90725639548,1388.08820252585,867.337646838072,1010.27231902861,1044.07797820856,1035.8318594395,1445.15733926094,436.484028746776
gmuE_3,Putative fructokinase,E745S_02040,127.794058826258,0,0,187.229713431835,299.040606432469,70.0035929788241,68.4702415561705,91.4250480997489,68.9185308547542
hypothetical protein,hypothetical protein,E745S_02041,260.74110389551,149.781265710528,0,0,0,143.421995371249,225.600667691485,194.077733685432,0
hypothetical protein,hypothetical protein,E745S_02043,0,0,0,0,0,81.9554259264282,0,0,0
xerC_8,Tyrosine recombinase XerC,E745S_02045,2923.80439427495,3511.53856276904,3940.7227958211,3953.42741054144,4332.04770399469,3229.55600291331,5394.22608157266,2912.76995349376,3746.21442717628
metE,5-methyltetrahydropteroyltriglutamate--homocysteine methyltransferase,E745S_02046,1997.29746778458,611.606834984655,887.78033811853,2835.65001881377,1095.58420374658,766.624713353464,1586.22726271795,931.091937226391,638.316869107128
glnR,HTH-type transcriptional regulator GlnR,E745S_02048,7345.06659076404,5153.93174719212,7450.32924039759,10670.4934116536,8095.64884981595,7453.67524753797,6600.3557212929,5654.71942238009,6913.18501169237
hypothetical protein,hypothetical protein,E745S_02050,352.464259020808,114.416244639987,0,336.053331800729,490.318832168553,435.38820023415,265.102730127737,604.688476028164,0
pyrG,CTP synthase,E745S_02051,8650.83330473879,8819.41216638587,7715.38596005168,9451.09989340527,4173.09819246752,6765.59115069733,7311.39284514544,5298.64291925475,4190.90304292958
murA1_1,UDP-N-acetylglucosamine 1-carboxyvinyltransferase,E745S_02053,1132.62637621014,2104.21875369721,1425.34517115193,6135.37368630474,4007.8625420664,2075.35042111611,3462.13631663508,3045.09568100655,5032.69366979836
rho,Transcription termination factor Rho,E745S_02054,174.170935013206,0,67.0625435269393,208.033014924261,0,29.02588001561,26.3347082908348,157.988898909215,0
fruA_3,PTS system fructose-specific EIIABC component,E745S_02056,1950.92059159763,3269.18415366798,1709.56261752801,1927.50589597133,1800.52977746877,2098.40038465792,942.782556811886,2156.50837140548,1332.42492985858
fruA_4,PTS system fructose-specific EIIABC component,E745S_02057,1268.66521302519,507.592067130122,717.462767256462,691.309711132929,423.865364072449,798.211700429275,296.704380076739,652.806922396453,1393.13887370682
kbaY,D-tagatose-1,6-bisphosphate aldolase subunit KbaY,E745S_02058,902.803189772597,1173.28658139913,1008.06712253987,965.753265436858,637.594085786947,1977.17465047508,1064.80003855942,1452.37510621619,1381.65245189769
ydjF,putative HTH-type transcriptional regulator YdjF,E745S_02059,9827.77536263868,10895.5469327624,7806.93165439004,8359.72669203338,8702.71026107225,9651.10510519032,4841.19720746513,6224.12103773817,5828.53860943064
yfcJ,putative MFS-type transporter YfcJ,E745S_02061,391.626954467565,166.423628567253,273.572598197197,526.483553154476,429.253483107268,577.956493251999,244.912787104764,532.510806475731,712.158152165793
hypothetical protein,hypothetical protein,E745S_02062,14.428361480384,56.1679746414479,0,60.8096505163224,0,107.566496528437,114.994892869979,36.8908088823548,67.2776134534505
larR,Lactate racemization regulatory protein,E745S_02063,3960.5852263654,4370.70054524749,4435.70823613898,4190.2649967629,5669.19924446901,6500.08971878984,6245.71498297632,3248.79710396564,4492.83184476945
hypothetical protein,hypothetical protein,E745S_02064,4213.08155227212,3527.14077794722,5685.41341233941,5057.60264360097,6313.97748896904,3596.64801487544,3697.39304403321,3401.17218413189,4763.58321598456
hypothetical protein,hypothetical protein,E745S_02065,84.5089743851061,0,0,336.053331800729,0,0,0,51.3263427928415,723.644573974919
recR,Recombination protein RecR,E745S_02069,0,139.379788925075,0,0,139.193075066164,56.3443553244194,0,0,0
rsmI,Ribosomal RNA small subunit methyltransferase I,E745S_02075,1108.92263949237,1585.18506210309,135.189571871767,326.451808034994,345.73763806757,385.019761383533,365.174621632909,688.093783066532,1270.07006860904
dinB,DNA polymerase IV,E745S_02076,400.902329704954,522.154134629757,971.874638731676,451.271616989551,0,296.234716629902,159.763896964398,47.3164722621508,799.126774434888
hypothetical protein,hypothetical protein,E745S_02077,679.163586826645,597.044767485021,138.38302632543,41.6066029848522,33.2267340480521,30.7332847224106,110.605774821506,139.543494468038,78.7640352625762
nrdD,Anaerobic ribonucleoside-triphosphate reductase,E745S_02078,2634.20656741867,4431.02911060312,3446.8018403211,2815.64684430182,4598.75959621824,6395.938031675,2878.38361618824,3466.93406083522,3183.37975852912
bceB_2,Bacitracin export permease protein BceB,E745S_02080,3400.97092037622,3038.27136903092,3440.41493141377,3961.42868034622,3440.3140037321,6809.98367307414,3583.27597477292,4098.08768236594,5835.10227903585
dltA,D-alanine--D-alanyl carrier protein ligase,E745S_02081,0,0,348.086535449352,0,332.267340480521,33.2943917826115,111.483598431201,0,0
hypothetical protein,hypothetical protein,E745S_02082,83.4783771365072,254.836181243606,285.281931193964,141.622475544593,886.345581227769,249.281087192886,317.772146709407,133.127701618933,470.943294174153
dltD,Protein DltD,E745S_02084,1004.83231738388,1033.90679247406,1180.51366303771,1040.1650746213,2578.21495816102,1640.81592323536,1372.91612556219,1040.96238976732,1380.01153449639
ysdC,Putative aminopeptidase YsdC,E745S_02086,188.59929649359,0,0,60.8096505163224,0,0,0,0.801974106138149,329.824397662038
hypothetical protein,hypothetical protein,E745S_02087,2038.52135772853,1831.70006191833,3017.81445871227,2315.56748150312,2034.91295548341,1865.33964217964,2135.7448423867,2230.28998917019,2494.19444998158
putative protein,putative protein,E745S_02088,1473.75406549636,798.833417122815,857.974763217668,234.437205280033,1871.47334476056,704.304441555242,693.48065165865,1365.76190275327,121.427887696472
hypothetical protein,hypothetical protein,E745S_02090,1730.37278039748,1492.61191871255,2916.68840101292,1964.31173707331,2464.16643859068,1655.32886324317,1341.31447561319,2371.43743185051,2655.00435530934
hypothetical protein,hypothetical protein,E745S_02091,4880.90856936418,4868.9312832707,4430.38581204955,4099.05052098842,7493.97555759446,5621.62999714093,5524.14397580745,4317.82858744779,3117.74306247697
trmR,tRNA 5-hydroxyuridine methyltransferase,E745S_02092,0,0,0,0,0,0,0,20.8513267595919,0
hypothetical protein,hypothetical protein,E745S_02094,310.209771828255,183.065991423978,190.542782401939,278.444189206318,0,284.282883682298,402.043213240078,124.305986451413,54.1502742430211
dauA,C4-dicarboxylic acid transporter DauA,E745S_02095,156.650781787026,0,289.539870465516,173.62755476371,1359.60203645273,136.592376544047,305.482616173684,283.096859466766,98.4550440782203
udg,Type-4 uracil-DNA glycosylase,E745S_02096,2003.48105127617,2446.42733993862,2403.60671879094,2690.02690836679,830.668351201304,2197.42985765236,2885.4062050658,2039.42015190931,538.220907627604
dgaR_2,Transcriptional regulatory protein DagR,E745S_02100,42009.2050473865,39173.0017216958,41353.1062053101,735.316695059215,1245.55351688239,903.217089897511,1177.16146060032,747.439866920755,577.602925258892
sorA_1,PTS system sorbose-specific EIIC component,E745S_02103,30613.891269629,32486.9324440064,28321.6830647261,112.817904247388,733.682208574557,134.031269483846,151.863484477147,874.151775690582,270.751371215106
manZ_4,PTS system mannose-specific EIID component,E745S_02104,44218.8055483825,35236.0427584017,39723.3799491237,424.867426633779,1242.85945736498,903.217089897511,834.810252819463,1115.54598163816,1363.60236048335
hypothetical protein,hypothetical protein,E745S_02105,0,0,151.156844140085,0,0,55.4906529710191,0,0,0
ypdF,Aminopeptidase YpdF,E745S_02107,0,0,0,0,0,0,115.872716479673,133.127701618933,127.991557301686
xseA,Exodeoxyribonuclease 7 large subunit,E745S_02111,0,0,0,0,0,67.4424859186232,0,0,0
Farnesyl diphosphate synthase,Farnesyl diphosphate synthase,E745S_02113,383.382176478774,22.8832489279973,1012.32506181142,260.041268655326,623.225768360762,394.410487270936,679.435473903538,1137.19928250389,357.7199934842
recN,DNA repair protein RecN,E745S_02116,427.697858168525,558.559303378843,946.327003102366,2129.93802203224,725.600030022328,1152.4981770904,1421.19642409538,518.075272565244,467.661459371546
hypothetical protein,hypothetical protein,E745S_02118,0,0,0,117.618666130255,0,35.001796489412,0,43.30660173146,0
yggS,Pyridoxal phosphate homeostasis protein,E745S_02130,4609.86149298268,3648.83805633703,1962.91000418533,8482.1461200465,4789.13980211519,6837.30214838295,11443.3085759774,5870.45045693125,8252.17361115616
hypothetical protein,hypothetical protein,E745S_02132,2129.21391560523,3345.11493420179,1239.06032802155,3998.2345214482,2636.58624770489,5059.89384860354,3450.72460970905,3110.85755770988,3829.90121464277
hypothetical protein,hypothetical protein,E745S_02137,172.109740516009,196.587911245068,207.574539488145,559.288759354071,0,104.151687114836,724.204477997957,62.5539802787756,0
sfsA,Sugar fermentation stimulation protein A,E745S_02138,300.934396590866,0,377.892110350213,134.421332720292,0,72.564700039025,0,42.5046276253219,80.4049526638799
iolU_2,scyllo-inositol 2-dehydrogenase (NADP(+)) IolU,E745S_02139,7999.49584362431,8989.99638566731,7225.72294382324,10339.2408417358,7374.5389189893,6721.19862832051,6048.20467079506,9615.6695325964,6918.10776389628
yfmL,putative ATP-dependent RNA helicase YfmL,E745S_02140,132.947045069252,577.281961592659,684.463737901936,477.675807345322,878.263402675541,280.014371915296,1026.17579973286,1039.35844155504,1199.51062035298
dgaR_3,Transcriptional regulatory protein DagR,E745S_02141,2958.84470072731,2257.12046244337,1408.31341406573,2258.75846588919,2217.21098282813,2592.69404727669,3600.83244696681,2984.94762304619,2262.82509639776
ptcB_1,PTS system galactose-specific EIIB component,E745S_02142,849.212132845456,894.527003548986,0,636.90107646043,0,574.541683838398,576.730111569282,773.905012423313,1276.63373821426
licA_2,Lichenan-specific phosphotransferase enzyme IIA component,E745S_02143,0,110.255653925805,0,116.818539149777,0,140.007185957648,113.23924565059,0,2440.04417573856
celB,PTS system cellobiose-specific EIIC component,E745S_02144,1421.19360581782,581.442552306841,1361.47608207866,1739.47605555901,1333.55946111777,1231.03879360322,1694.19956671037,727.390514267301,1742.6542801845
hypothetical protein,hypothetical protein,E745S_02146,125.73286432906,0,67.0625435269393,0,0,0,0,80.999384719953,0
eis_2,N-acetyltransferase Eis,E745S_02148,1543.83467840108,2554.60269850734,2448.31508114223,1403.42272375828,1520.34758765817,3245.77634762792,2126.08878268006,1872.60953783258,913.990992526145
xerC_9,Tyrosine recombinase XerC,E745S_02151,2073.5616641809,1169.12599068495,2604.79434937175,2625.21662294808,1285.0663898044,2410.00174364903,2589.57964859876,2549.47568341317,626.830447298002
hypothetical protein,hypothetical protein,E745S_02153,449.340400389101,1536.29812121146,356.602413992455,842.533710443257,1208.73470347779,745.282154518456,1151.70457591918,932.695885438667,672.776134534505
hypothetical protein,hypothetical protein,E745S_02154,1547.95706739548,1484.29073728419,1693.59534525969,946.550217905387,1064.15350937681,1549.46977142153,1029.68709417164,1334.48491261388,462.738707167635
hypothetical protein,hypothetical protein,E745S_02155,0,95.6935864261706,149.02787450431,0,0,135.738674190647,100.949715114867,103.454659691821,0
hypothetical protein,hypothetical protein,E745S_02158,0,379.653902669046,497.114409953661,106.416888403564,705.843593561324,817.846854557481,85.1488901403659,187.661940836327,635.035034304521
hypothetical protein,hypothetical protein,E745S_02163,151.497795544032,0,0,0,0,0,0,0,395.461093714185
hypothetical protein,hypothetical protein,E745S_02168,758.519574968757,1056.79004140206,902.683125568961,752.919488629729,1602.0673930196,187.814517748065,477.536043673804,808.389898987254,987.83227558481
hypothetical protein,hypothetical protein,E745S_02181,81.4171826393095,0,213.961448395473,196.031110217092,266.711892223554,0,0,0,0
hypothetical protein,hypothetical protein,E745S_02182,83.4783771365072,141.460084282165,150.092359322197,213.633903787606,470.562395707549,374.775333142729,368.685916071687,42.5046276253219,741.694665389259
hypothetical protein,hypothetical protein,E745S_02183,0,0,0,0,0,35.8554988428123,0,0,114.864218091257
hypothetical protein,hypothetical protein,E745S_02185,11807.5526771971,8482.40431853718,11986.099049418,12116.3228653772,10453.8489473885,15086.62798929,13521.1170601243,10704.750368732,8562.30700000255
hypothetical protein,hypothetical protein,E745S_02186,1241.86968456162,995.421328367883,1654.20940699784,1390.62069207064,1607.45551205441,1556.29939024874,1210.51875776871,1282.3565957149,853.277048677909
hypothetical protein,hypothetical protein,E745S_02188,4903.58170883335,5935.08265377967,8046.44073841483,7598.80593359887,11485.6737425564,7853.2079489293,9085.47436033801,5417.33508696319,10987.5829191294
hypothetical protein,hypothetical protein,E745S_02189,482.319512344264,498.230738023214,988.906395817883,948.950598846821,1675.70501982879,1232.74619831002,526.694165816696,838.864915020504,334.747149865949
hypothetical protein,hypothetical protein,E745S_02194,0,86.3322573192626,145.834420050646,0,154.459412331486,71.7109976856247,96.5605970663943,353.670580806924,1808.29097623665
hypothetical protein,hypothetical protein,E745S_02195,0,0,147.963389686422,0,0,135.738674190647,0,38.4947570946311,0
smc_3,Chromosome partition protein Smc,E745S_02196,8596.21165056305,4807.56257023653,5435.25948013575,12946.0545441329,12664.7737913427,5170.87515454558,9746.47553843796,6062.12226829827,8032.29067938147
hypothetical protein,hypothetical protein,E745S_02198,5360.13628996264,5043.67609326632,4938.14507018208,5915.33876667331,5926.03291846206,5140.14186982317,2621.18129854776,4350.70952579946,2976.62416596486
hypothetical protein,hypothetical protein,E745S_02199,4798.46078947627,5654.24278057243,6298.55666744285,5406.45800708935,5893.70420425314,6482.16196936843,3920.36024089561,4146.20612873423,5370.72265446691
hypothetical protein,hypothetical protein,E745S_02200,1838.58549150036,2038.68944994885,1525.4067440334,3288.52188976428,2584.50109703497,2479.15163427445,3260.23688640535,2465.26840226867,4123.62542947612
hypothetical protein,hypothetical protein,E745S_02201,472.013539858275,317.245041956326,337.441687270472,454.472124911462,786.665379083613,486.610341438167,801.452955651073,615.11413940796,449.611367957206
hypothetical protein,hypothetical protein,E745S_02214,1582.99737384784,916.370104798438,437.503260151937,1061.76850309421,584.610915277891,1946.44136575267,724.204477997957,1127.57559323024,892.659066309197
hypothetical protein,hypothetical protein,E745S_02215,0,0,0,101.616126520697,0,0,0,0,0
hypothetical protein,hypothetical protein,E745S_02217,8105.64736022999,7457.85885517003,8011.31273942453,10490.4648410461,10234.7321066392,8602.75861521476,8578.97013754429,11046.3913379469,14170.9626776585
ccpB,Catabolite control protein B,E745S_02218,581.256848209754,1065.11122283042,863.297187307107,804.927742360794,932.144593023733,526.734352047981,454.712629821748,1077.05122454353,935.322918743092
mta,HTH-type transcriptional activator mta,E745S_02219,377.198592987181,135.219198210893,508.823742950428,171.227173822276,795.645577474978,822.115366324483,783.896483457183,1150.03086820211,1816.49556324316
hypothetical protein,hypothetical protein,E745S_02220,90.6925578766992,119.616983032713,0,0,0,43.538820023415,0,92.2270222058871,0
abfA_1,Intracellular exo-alpha-(1->5)-L-arabinofuranosidase,E745S_02224,4893.27573634736,4595.37244381328,4911.53294973489,3890.21737908368,2267.50009381977,4481.08365299814,3039.90316037203,3788.52567739661,2136.47445649738
ugpB,sn-glycerol-3-phosphate-binding periplasmic protein UgpB,E745S_02225,3045.41486960962,5023.91328737396,3090.19942632865,4743.95286725363,2145.3693956972,4674.02038486661,2399.96974890475,3882.35664781478,2646.79976830282
melD,Melibiose/raffinose/stachyose import permease protein MelD,E745S_02226,1758.19890610965,769.709282123546,1224.15754057111,1337.01218437862,821.688152809938,2135.96328820754,1907.51070386613,1905.49047618424,864.763470487035
araQ_5,L-arabinose transport system permease protein AraQ,E745S_02227,0,120.657130711259,0,0,0,0,149.230013648064,52.1283168989797,1.64091740130367
hypothetical protein,hypothetical protein,E745S_02228,901.772592523998,1315.78681335985,1472.182503139,708.912504703443,2127.40899891447,1339.45899248506,825.154193112824,477.976567258337,1417.75263472637
abfA_2,Intracellular exo-alpha-(1->5)-L-arabinofuranosidase 1,E745S_02229,1.03059724859885,0,138.38302632543,114.418158208344,0.898019839136544,0.853702353400294,1.75564721938899,0.801974106138149,0
Extracellular exo-alpha-(1->5)-L-arabinofuranosidase,Extracellular exo-alpha-(1->5)-L-arabinofuranosidase,E745S_02230,389.565759970367,144.580527317801,375.763140714438,61.6097774968004,526.239625734015,287.697693095899,438.911804847247,486.798282425856,0
araR_2,Arabinose metabolism transcriptional repressor,E745S_02231,2579.58491324293,1365.71390193002,871.813065850211,2502.79719493495,1357.80599677446,1298.48127952185,2310.43174071591,1857.37202981595,1924.79611172921
xylT,D-xylose transporter,E745S_02232,4663.45254990982,4743.07341416672,4674.15283534588,2950.86830400259,2475.84069649945,3972.27705037157,3965.12924499003,4106.90939753346,5118.02137466615
xylB_3,Xylulose kinase,E745S_02233,205.088852471172,56.1679746414479,281.023991922412,0,0,175.862684800461,249.301905153236,24.0592231841445,0
araA,L-arabinose isomerase,E745S_02235,0,0,0,0,0,0,0,46.5144981560126,0
ghrB_2,Glyoxylate/hydroxypyruvate reductase B,E745S_02236,1961.22656408362,2148.94510387466,2817.69131294934,1793.88469023151,3555.26054314158,2068.52080228891,2632.59300547379,1970.45037878143,715.4399869684
hypothetical protein,hypothetical protein,E745S_02237,3320.58433498551,3071.55609474437,4696.50701652153,3321.32709596387,4015.04670077949,3183.4560758297,2605.38047357326,4259.28447769971,4333.66285684299
hypothetical protein,hypothetical protein,E745S_02239,89.6619606281003,118.576835354168,0,365.658030078412,0,87.07764004683,256.324494030792,174.830355138116,0
pgl,6-phosphogluconolactonase,E745S_02240,0,351.569915348322,0,0,0,150.251614198452,50.0359457525861,116.286245390032,0
hypothetical protein,hypothetical protein,E745S_02241,3099.00592653676,3527.14077794722,3082.74803260343,4274.27832971308,4936.41505573359,4110.57683162241,3509.53879155858,3207.09445044646,2184.06106113519
hypothetical protein,hypothetical protein,E745S_02242,1902.48252091349,1788.01385941943,2172.61351330926,2335.57065601507,1157.54757264701,1482.88098785631,915.570024911357,1239.85196808958,1995.35555998526
azoR,FMN-dependent NADH-azoreductase,E745S_02243,496.747873824648,1447.8855685351,226.735266210128,452.071743970029,0,385.019761383533,47.4024749235026,220.542879187991,164.091740130367
hypothetical protein,hypothetical protein,E745S_02244,1.03059724859885,0,0,171.227173822276,0,0,0,64.1579284910519,0
hypothetical protein,hypothetical protein,E745S_02245,561.675500486376,1311.62622264566,640.819860368531,691.309711132929,1782.56938068604,458.438163775958,465.246513138082,850.092552506438,11653.7953840587
putative ABC transporter ATP-binding protein,putative ABC transporter ATP-binding protein,E745S_02246,3818.36280605876,2651.33643261205,2174.74248294503,2289.96341812783,1909.19017800429,2112.05962231233,1874.15340669774,2742.75144299247,4105.57533806178
Fatty acid ABC transporter ATP-binding/permease protein,Fatty acid ABC transporter ATP-binding/permease protein,E745S_02248,1722.12800240869,1768.25105352706,1279.51075110129,298.447363718267,1038.11093404185,2056.56896934131,864.656255549076,750.647763345307,1240.53355538558
gmuF,putative mannose-6-phosphate isomerase GmuF,E745S_02251,443.156816897507,446.223354095948,303.378173098059,276.043808264885,435.539621981224,391.849380210735,339.717736951769,440.283784269844,472.584211575457
hypothetical protein,hypothetical protein,E745S_02253,343.188883783419,266.277805707605,239.509084024783,96.0152376573512,430.151502946405,285.136586035698,206.288548278206,327.205435304365,0
mtlR,Transcriptional regulator MtlR,E745S_02254,6153.69617138376,5379.64379343646,4294.13175535989,4698.34562936639,2044.79117371391,4932.6921979469,4006.38695464567,5221.65340506549,3779.03277520235
mtlF_1,Mannitol-specific phosphotransferase enzyme IIA component,E745S_02255,6326.83650914837,4001.44811936389,3343.54681298597,2806.84544751657,4610.43385412702,3047.71740163905,6559.09801163725,4861.56703140946,8160.28223668316
hypothetical protein,hypothetical protein,E745S_02256,417.391885682536,273.558839457422,639.755375550643,456.872505852896,275.692090614919,632.593443869618,533.716754694252,940.715626500048,224.805683978603
natA_1,ABC transporter ATP-binding protein NatA,E745S_02257,165.926157024416,366.131982847957,506.694773314652,56.8090156139328,283.774269167148,117.810924769241,116.750540089368,410.610742342732,259.26494940598
hypothetical protein,hypothetical protein,E745S_02258,250.435131409522,467.026307666854,334.248232816809,386.461331570839,0,642.837872110421,296.704380076739,376.125855778792,0
mtlF_2,Mannitol-specific phosphotransferase enzyme IIA component,E745S_02259,0,0,36.1924838081895,0,3.59207935654618,2.56110706020088,62.325476288309,0,1.64091740130367
mtlD,Mannitol-1-phosphate 5-dehydrogenase,E745S_02260,3749.31279040263,2408.98202351099,4078.04133732864,2346.77243374176,4068.92789112768,2794.16780267916,4917.56786150855,2559.90134679297,1439.08456094332
ntpJ_1,Potassium/sodium uptake protein NtpJ,E745S_02263,2791.8879464543,3570.82698044613,1680.82152744503,3103.69255727388,3168.21399247373,2059.13007640151,2687.89589288454,2597.59412978146,2056.0695038335
queH,Epoxyqueuosine reductase QueH,E745S_02264,0,0,37.2569686260774,0,603.469331899758,0,51.7915929719751,0,0
hypothetical protein,hypothetical protein,E745S_02265,1965.34895307802,2666.93864779023,1897.97643029417,1994.71656233147,2319.58524448969,2019.00606579169,1654.69750427412,2049.04384118297,1432.5208913381
hypothetical protein,hypothetical protein,E745S_02266,89.6619606281003,108.175358568715,0,60.8096505163224,0,168.179363619858,78.1263012628099,45.7125240498745,0
COQ5_2,2-methoxy-6-polyprenyl-1,4-benzoquinol methylase, mitochondrial,E745S_02269,0,106.095063211624,647.206769275859,0,0.898019839136544,250.988491899686,40.3798860459467,161.196795333768,800.767691836191
hypothetical protein,hypothetical protein,E745S_02271,826.538993376281,332.847257134506,570.563862387928,485.677077150102,338.553479354477,350.01796489412,233.501080178735,635.965466167552,200.191922959048
tdk,Thymidine kinase,E745S_02272,1.03059724859885,255.876328922152,127.738178146551,282.444824108708,290.95842788024,601.006456793807,378.341975778327,96.2368927365778,77.1231178612725
glyA,Serine hydroxymethyltransferase,E745S_02277,0,43.686202498904,209.703509123921,0,0,0,0,0,0
nlhH,Carboxylesterase NlhH,E745S_02278,788.406895178124,921.570843191164,536.500348215514,612.897267046092,2386.0387125858,978.342896996737,780.385189018405,496.421971699514,1581.84437485674
hypothetical protein,hypothetical protein,E745S_02282,65.9582239103267,455.584683202856,325.732354273705,350.455617449332,744.458446644195,250.134789546286,893.624434668994,455.521292286468,0
hypothetical protein,hypothetical protein,E745S_02283,1236.71669831863,3079.87727617273,2615.43919755063,1159.38399471252,495.706951203373,1302.74979128885,763.706540434209,2001.72736892082,498.838889996316
cna,Collagen adhesin,E745S_02285,3726.63965093346,2855.20537760694,2454.70199004956,2602.8130674947,2840.43675118889,2195.72245294556,2476.34040294817,2779.64225187482,3823.33754503755
yecS_2,L-cystine transport system permease protein YecS,E745S_02287,5241.61760637377,2913.45364760548,4025.88158125213,3418.94258758218,3169.11201231287,3086.13400754206,2833.61461209382,2595.99018156919,2280.8751878121
bglC,Aryl-phospho-beta-D-glucosidase BglC,E745S_02290,7345.06659076404,7758.46153426963,8258.27321717452,7865.24821809802,8663.19738815025,6629.85247650668,10017.7230338336,9840.22228231508,9998.10972614327
spoIIIE,DNA translocase SpoIIIE,E745S_02291,198.905268979579,146.660822674892,61.7401194374997,4.00063490238963,15.2663372653213,44.3925223768153,123.773128966924,108.26650432865,208.396509965566
hypothetical protein,hypothetical protein,E745S_02293,1433.56077280101,1858.74390156051,1236.93135838577,3074.88798597667,1972.94958658299,1878.14517748065,3364.69789595899,2228.68604095792,2584.44490705328
hypothetical protein,hypothetical protein,E745S_02294,0,170.584219281434,135.189571871767,716.113647527744,572.038637529979,475.512210843964,472.269102015637,332.017279941194,280.596875622928
dppE,Dipeptide-binding protein DppE,E745S_02295,1959.16536958642,2008.52516727104,1977.81279163577,772.922663141677,1038.11093404185,1058.59091821636,2350.81162676185,1563.84950696939,2467.93977156072
hypothetical protein,hypothetical protein,E745S_02296,3798.78145833538,3749.73238115592,5873.82722510557,5929.74105232192,5335.13586431021,2161.57435880954,6214.11333302732,3233.55959594902,3879.12873668188
oppB,Oligopeptide transport system permease protein OppB,E745S_02297,133.977642317851,0,0,0,0,70.0035929788241,0.877823609694493,0,0
dppC,Dipeptide transport system permease protein DppC,E745S_02298,434.912038908717,219.471160173065,0,247.239236967679,0,0,137.818306722035,87.4151775690582,671.135217133201
oppD_2,Oligopeptide transport ATP-binding protein OppD,E745S_02299,687.408364815436,619.928016413018,135.189571871767,479.276061306278,0,110.981305942038,417.844038214579,396.175208432245,165.732657531671
oppF_2,Oligopeptide transport ATP-binding protein OppF,E745S_02300,0,0,0,0,0,204.88856481607,167.664309451648,114.682297177755,0
IS200/IS605 family transposase ISEfa4,IS200/IS605 family transposase ISEfa4,E745S_02301,214.364227708562,403.577299275589,392.794897800644,285.64533203062,1658.6426428852,638.56936034342,1084.1121579727,429.858120890048,1035.41888022262
steT_2,Serine/threonine exchanger SteT,E745S_02306,72.1418074019198,1039.10753086679,68.1270283448272,492.878219974403,281.080209649738,478.927020257565,506.504222793723,663.232585776249,1813.21372844056
dtd3,D-aminoacyl-tRNA deacylase,E745S_02307,2273.49753040907,1173.28658139913,1637.17764991163,1525.04202479093,2676.99714046604,1936.19693751187,1703.85562641701,2057.06358224435,2523.73096320505
rsmA,Ribosomal RNA small subunit methyltransferase A,E745S_02309,488.503095835857,108.175358568715,90.4812095204737,335.253204820251,499.299030559919,477.219615550764,672.412885025982,340.838995108713,0
niaX,Niacin transporter NiaX,E745S_02310,0,162.263037853072,0,0,0,0,0,0,0
msmX,Oligosaccharides import ATP-binding protein MsmX,E745S_02311,1102.73905600077,920.530695512619,2039.55291107326,1096.17396325476,1144.97529489909,784.55246277487,560.929286594781,805.983976668839,1754.14070199362
putative ABC transporter ATP-binding protein,putative ABC transporter ATP-binding protein,E745S_02314,1715.94441891709,1082.79373336569,1492.40771467887,1328.21078759336,568.446558173433,910.046708724713,1566.91514330467,710.5490580384,52.5093568417175
hypothetical protein,hypothetical protein,E745S_02316,234.976172680539,117.536687675623,131.996117418103,367.258284039368,0,881.874531062503,263.347082908348,151.57310606011,0
dgaR_4,Transcriptional regulatory protein DagR,E745S_02317,5816.69087109194,4614.09510202709,3687.37540916377,8164.49570879676,11303.3757152117,4473.40033181754,5319.61107474863,7942.75154719222,11079.4742936024
manX_4,PTS system mannose-specific EIIAB component,E745S_02318,79.3559881421118,0,0,57.6091425944107,0,0,0,0,0
sorA_2,PTS system sorbose-specific EIIC component,E745S_02320,130.885850572055,371.332721240684,1.06448481788793,252.039998850547,927.65449382805,0,81.6375957015879,185.256018517912,45.9456872365028
manZ_5,PTS system mannose-specific EIID component,E745S_02321,156.650781787026,0,0,102.416253501175,0,0,65.836770727087,0,47.5866046378065
nodM,Glutamine--fructose-6-phosphate aminotransferase [isomerizing],E745S_02322,1289.27715799717,1301.22474586021,2960.33227854632,1316.20888288619,1162.03767184269,1277.99242304024,1777.59280963135,2328.93280422518,319.978893254216
frlB_1,Fructosamine deglycase FrlB,E745S_02323,1240.83908731302,1275.22105389658,673.818889723057,1215.39288334597,2753.32882679265,1133.71672531559,1402.7621282918,1001.66565856655,930.400166539181
gpsA_1,Glycerol-3-phosphate dehydrogenase [NAD(P)+],E745S_02324,880.130050303422,298.52238374251,714.269312802798,436.869331340948,0,280.868074268697,391.509329923744,352.868606700785,249.419444998158
gtaB_1,UTP--glucose-1-phosphate uridylyltransferase,E745S_02326,411.208302190943,74.8906328552639,0,0,0,75.9795094526261,0,0,0
hypothetical protein,hypothetical protein,E745S_02327,835.814368613671,820.676518372267,1558.40577338792,1819.48875360681,159.847531366305,1561.42160436914,760.195245995431,672.054300943769,887.736314105286
hypothetical protein,hypothetical protein,E745S_02328,0,0,0,0,148.17327345753,0,0,0,0
hypothetical protein,hypothetical protein,E745S_02329,9.27537523738969,0,59.6111498017238,141.622475544593,305.326745306425,244.158873072484,260.713612079265,191.671811367018,0
iadA,Isoaspartyl dipeptidase,E745S_02330,1693.27127944792,832.118142836266,1020.84094035452,1529.8427866738,1444.01590133156,1041.51687114836,1558.13690720773,1088.27886202947,669.494299731898
hypothetical protein,hypothetical protein,E745S_02331,164.895559775817,382.774345704682,0,224.835681514297,151.765352814076,152.812721258653,395.898447972217,134.731649831209,357.7199934842
hypothetical protein,hypothetical protein,E745S_02333,2043.67434397153,3903.67423758063,3673.53710653123,2734.83401927355,2072.62978872714,2112.91332466573,2582.5570597212,4258.48250359357,5759.62007857588
hypothetical protein,hypothetical protein,E745S_02336,542.094152762998,188.266729816705,1557.34128857003,612.897267046092,660.04458176536,721.378488623248,1088.50127602117,712.954980356814,672.776134534505
IMPDH,Inosine-5'-monophosphate dehydrogenase,E745S_02337,0,0,0,0,0,0,50.0359457525861,9.62368927365778,0
hypothetical protein,hypothetical protein,E745S_02341,3146.4133999723,3438.72822527087,1425.34517115193,2486.7946553254,2448.90010132536,2710.50497204593,3226.00176562726,3152.56021122906,2599.21316366501
hypothetical protein,hypothetical protein,E745S_02342,138.100031312247,235.073375351245,109.641936242456,176.828062685622,135.600995709618,159.642340085855,0,238.988283629168,0
rsmF,Ribosomal RNA small subunit methyltransferase F,E745S_02343,2973.2730622077,4590.17170542055,2248.1919353793,3351.73192122203,3382.84073402736,3942.39746800256,1474.74366428675,2992.16539000143,3506.64048658594
hypothetical protein,hypothetical protein,E745S_02344,162.834365278619,0,0,0,0,98.1757706410338,0,76.1875400831241,0
lrp,Leucine-rich protein,E745S_02345,186.538101996393,211.149978744702,275.701567832973,106.416888403564,0.898019839136544,93.053556520632,0,20.8513267595919,0
tadA_2,tRNA-specific adenosine deaminase,E745S_02346,143.253017555241,0,0,0,0,0,0,0,124.709722499079
hypothetical protein,hypothetical protein,E745S_02347,1905.57431265928,1869.14537834596,1313.5742652737,2373.97675107801,1100.07430294227,2665.25874731572,1447.53113238622,1317.64345638498,986.191358183506
hypothetical protein,hypothetical protein,E745S_02348,0,67.6095991054466,1.06448481788793,312.049522386391,277.488130293192,229.645933064679,144.840895599591,94.6329445243015,134.555226906901
hypothetical protein,hypothetical protein,E745S_02349,0,0,0,145.623110446983,0,1.70740470680059,0,23.2572490780063,0
yutF,Acid sugar phosphatase,E745S_02350,2148.79526332861,655.293037483559,1030.42130371551,1333.8116764567,719.313891148372,878.459721648902,1487.03319482247,1595.92847121492,352.797241280289
hypothetical protein,hypothetical protein,E745S_02351,0,179.945548388342,344.893080995688,0,309.816844502108,52.9295459108182,105.338833163339,183.652070305636,0
ypjQ,putative protein YpjQ,E745S_02352,1170.7584744083,1574.78358531763,1913.94370256249,1211.39224844358,1576.02481768464,1004.80766995215,1299.17894234785,1310.42568942974,889.37723150659
Putative peptidyl-prolyl cis-trans isomerase,Putative peptidyl-prolyl cis-trans isomerase,E745S_02354,2044.70494122013,1525.896644426,1674.43461853771,5083.20670697627,3063.14567129475,2326.3389130158,4289.92398057699,3875.13888085953,6576.79694442511
patB,Cystathionine beta-lyase PatB,E745S_02355,757.488977720158,102.974620175988,107.51296660668,134.421332720292,501.095070238192,550.63801794319,696.114122487733,435.471939633015,667.853382330594
hypothetical protein,hypothetical protein,E745S_02357,1142.93234869613,1156.64421854241,1340.1863857209,564.889648217416,990.515882567609,1738.137991523,921.714790179218,1213.38682258702,3399.98085550121
hypothetical protein,hypothetical protein,E745S_02361,0,66.5694514269013,0,68.8109203211017,810.013894901163,503.684388506173,415.210567385495,144.355339104867,0
menH_2,2-succinyl-6-hydroxy-2,4-cyclohexadiene-1-carboxylate synthase,E745S_02362,1248.05326805321,1445.80527317801,1546.69644039116,699.310980937708,969.861426267468,1333.48307601126,754.05048072757,712.153006250676,124.709722499079
hypothetical protein,hypothetical protein,E745S_02365,135.00823956645,135.219198210893,0,0,0,0,0,55.3362133235323,0
pepC,Aminopeptidase C,E745S_02366,500.870262819043,340.128290884324,0,128.820443856946,132.008916353072,449.047437888555,50.9137693622806,281.49291125449,0
putative ketoamine kinase,putative ketoamine kinase,E745S_02367,0,0,0,0,0,0,49.1581221428916,0,0
hypothetical protein,hypothetical protein,E745S_02368,0,0,0,0,0,81.1017235730279,51.7915929719751,0,1.64091740130367
ansA,L-asparaginase,E745S_02369,1763.35189235264,2998.74575724619,2049.13327443426,1890.70005486934,2174.10603054957,1253.23505479163,2626.44824020592,1887.8470458492,2705.87279474975
hypothetical protein,hypothetical protein,E745S_02370,144.28361480384,394.215970168681,183.091388676723,230.436570377643,309.816844502108,245.866277779285,212.433313546067,561.381874296704,459.456872365028
yhaX,Stress response protein YhaX,E745S_02371,0,0,0,0,302.632685789016,0,0,0,0
hypothetical protein,hypothetical protein,E745S_02372,113.365697345874,67.6095991054466,285.281931193964,132.020951778858,0,297.088418983302,91.2936554082273,140.345468574176,511.966229206745
iscS_2,Cysteine desulfurase IscS,E745S_02374,0,186.186434459614,1.06448481788793,0,0,65.7350812118226,43.0133568750302,0,0
thiI_1,putative tRNA sulfurtransferase,E745S_02375,76.2641963963152,122.737426068349,0,164.826157978453,544.200022516746,0,0,80.1974106138149,0
thiI_2,putative tRNA sulfurtransferase,E745S_02376,701.83672629582,190.347025173796,1236.93135838577,1079.37129666472,0,694.060013314439,1189.45099113604,688.093783066532,1814.85464584186
rex_1,Redox-sensing transcriptional repressor Rex,E745S_02377,1406.76524433744,2058.45225584121,998.486759178874,1489.8364376499,607.959431095441,1799.60456096782,439.789628456941,1229.42630470978,659.648795324076
Phosphorylated carbohydrates phosphatase,Phosphorylated carbohydrates phosphatase,E745S_02380,208.180644216969,532.55561141521,142.640965596982,361.657395176023,206.544563001405,80.2480212196276,62.325476288309,270.265273768556,0
hypothetical protein,hypothetical protein,E745S_02381,239.098561674934,190.347025173796,168.188601226292,219.234792650952,153.561392492349,721.378488623248,335.328618903297,168.414562289011,342.951736872467
putative ABC transporter ATP-binding protein,putative ABC transporter ATP-binding protein,E745S_02385,3878.13744647749,6016.2141727062,3426.57662878123,4907.9788982516,6191.84679084647,6170.56061037732,4777.99390756713,5906.53929170747,8048.69985339451
putative ABC transporter ATP-binding protein,putative ABC transporter ATP-binding protein,E745S_02386,0,0,0,0,0,0,0,90.6230739936108,0
hypothetical protein,hypothetical protein,E745S_02387,139.130628560845,334.927552491597,439.632229787713,274.443554303929,153.561392492349,379.897547263131,440.667452066636,275.879092511523,592.371181870625
yrdA,Protein YrdA,E745S_02388,649.276266617278,841.479471943174,596.111498017238,449.671363028595,1135.09707666859,834.920901625487,661.001178099954,1082.6650432865,413.511185128525
glpQ,Glycerophosphodiester phosphodiesterase,E745S_02391,0,0,0,0,0,0,0,56.1381874296704,0
miaA,tRNA dimethylallyltransferase,E745S_02392,0,0,0,0,0,0,0,74.5835918708478,0
hflX,GTPase HflX,E745S_02393,0,0,0,0,0,0,0,51.3263427928415,0
hypothetical protein,hypothetical protein,E745S_02395,2598.13566371771,2929.05586278366,4570.89780801075,3366.13420687064,4268.288295416,2754.89749442275,5018.51757662342,2986.55157125847,4973.62064335143
cdr_2,Coenzyme A disulfide reductase,E745S_02396,644.123280374284,141.460084282165,634.432951461204,1448.22983466505,222.708920105863,309.893954284307,993.696326174167,662.430611670111,833.586039862265
rhaR_6,HTH-type transcriptional activator RhaR,E745S_02397,1922.06386863686,1963.79881709359,1576.50201529202,1480.23491388416,957.289148519556,1638.25481617516,1048.99921358492,1334.48491261388,2499.11720218549
araN_2,putative arabinose-binding protein,E745S_02398,1.03059724859885,142.500231960711,0,0,452.601998924818,5.97591647380206,99.1940678954778,0,0
lacF_5,Lactose transport system permease protein LacF,E745S_02399,486.441901338659,140.41993660362,248.024962567887,0.800126980477927,132.008916353072,676.132263893033,788.285601505655,112.276374859341,70.5594482560578
lacG_3,Lactose transport system permease protein LacG,E745S_02400,2096.23480365007,1685.03923924344,1697.85328453124,1870.69688035739,1854.41096781696,1811.55639391542,1610.8063237894,1894.26283869831,1955.97354235398
ugl_1,Unsaturated glucuronyl hydrolase,E745S_02401,0,431.661286596313,0,388.061585531794,0,52.9295459108182,66.7145943367815,48.1184463682889,0
hypothetical protein,hypothetical protein,E745S_02402,2419.84233971011,5069.67978522995,3956.69006808942,3281.32074693998,7880.12408842318,3948.37338447636,2683.50677483607,3365.88532346181,4130.18909908134
ugl_2,Unsaturated chondroitin disaccharide hydrolase,E745S_02403,2556.91177377376,2768.87312028767,3875.78922192994,1984.31491158526,2634.79020802662,3030.64335457104,2248.98408803729,1846.14439233002,2515.52637619853
yheS,putative ABC transporter ATP-binding protein YheS,E745S_02404,1040.90322108484,1779.69267799106,1539.24504666594,2329.96976715172,3026.32685789016,2296.45933064679,2021.62777312642,1807.64963523539,2389.17573629814
Putative two-component membrane permease complex subuni,Putative two-component membrane permease complex subunit SMU_747c,E745S_02407,1.03059724859885,0,136.254056689654,580.892187826975,0,136.592376544047,246.668434324153,280.690937148352,0
Putative two-component membrane permease complex subuni,Putative two-component membrane permease complex subunit SMU_746c,E745S_02408,150.467198295433,0,164.995146772628,137.621840642203,0,0,7.90041248725044,0.801974106138149,0
hypothetical protein,hypothetical protein,E745S_02409,2297.20126712685,1110.87772068641,885.651368482754,2018.72037174581,1833.75651151682,1170.4259265118,2420.15969192772,1304.81187068677,2947.08765274139
natA_2,ABC transporter ATP-binding protein NatA,E745S_02410,1926.18625763126,1886.82788888123,1907.55679365516,4007.83604521393,2098.6723640621,1185.79256887301,2212.99332003982,1861.38190034664,2766.58673859799
hypothetical protein,hypothetical protein,E745S_02411,3421.5828653482,2353.85419654809,2955.00985445688,2111.53510148125,1000.39410079811,1931.07472339146,1950.52406074116,3168.59969335183,1562.15336604109
hypothetical protein,hypothetical protein,E745S_02413,0,50.9672362487213,0,244.838856026246,0,362.823500195125,101.827538724561,208.513267595919,303.569719241179
endA,DNA-entry nuclease,E745S_02415,13207.1037407943,11861.844126131,11666.7536040517,16694.6494476719,14067.480780074,11070.812118895,11142.2150778522,15529.4265912591,11834.2962982021
xerC_10,Tyrosine recombinase XerC,E745S_02419,1757.16830886105,2143.74436548193,1143.25669441163,1516.24062800567,1074.03172760731,2508.17751429006,722.448830778568,2369.83348363823,1601.53538367238
hypothetical protein,hypothetical protein,E745S_02422,622.480738153708,0,340.635141724136,376.859807805103,314.306943697791,2.56110706020088,323.039088367574,611.104268877269,379.051919701148
hypothetical protein,hypothetical protein,E745S_02423,1261.451032285,2233.19706583683,1447.69935232758,1672.26538919887,1944.21295173062,1111.52046412718,826.032016722518,1599.93834174561,2451.53059754768
hypothetical protein,hypothetical protein,E745S_02424,0,0,62.8046042553876,0,0,0,0,46.5144981560126,0
hypothetical protein,hypothetical protein,E745S_02425,132.947045069252,0,0,0,310.714864341244,0,117.628363699062,45.7125240498745,0
hypothetical protein,hypothetical protein,E745S_02427,0,239.233966065426,0,0,0,0,0,44.1085758375982,0
hypothetical protein,hypothetical protein,E745S_02428,0,251.71573820797,333.183747998921,0,281.978229488875,0,0,0,0
hypothetical protein,hypothetical protein,E745S_02429,0,113.376096961441,154.350298593749,212.833776807128,0,65.7350812118226,0,36.0888347762167,0
hypothetical protein,hypothetical protein,E745S_02431,0,0,0,0,539.709923321063,0,149.230013648064,249.413947008964,0
hypothetical protein,hypothetical protein,E745S_02432,298.873202093668,381.734198026137,0,924.946789432483,264.915852545281,149.397911845051,725.082301607652,130.721779300518,0
hypothetical protein,hypothetical protein,E745S_02434,4759.29809402951,4852.28892041398,3687.37540916377,4907.17877127112,3850.7090702175,4668.89817074621,7405.31997138275,5876.86624978035,5206.63091433655
hypothetical protein,hypothetical protein,E745S_02435,1265.57342127939,1937.79512512995,1715.94952643534,1453.83072352839,2065.44563001405,2501.34789546286,2335.01080178735,2238.30973023157,666.21246492929
hypothetical protein,hypothetical protein,E745S_02436,124.702267080461,106.095063211624,149.02787450431,0,0,163.057149499456,155.374778915925,247.809998796688,21.3319262169477
hypothetical protein,hypothetical protein,E745S_02437,0,0,0,0,0,152.812721258653,0,16.039482122763,0
hypothetical protein,hypothetical protein,E745S_02438,143.253017555241,251.71573820797,371.505201442886,216.03428472904,310.714864341244,272.331050734694,160.641720574092,652.004948290315,45.9456872365028
hypothetical protein,hypothetical protein,E745S_02439,15289.9407802126,11955.4574172001,13687.1457884029,12739.6217831695,12768.9440926825,20815.8244829594,7019.07758311717,10597.2858385095,9018.48203756497
hypothetical protein,hypothetical protein,E745S_02440,132.947045069252,245.474852136698,144.769935232758,136.821713661725,356.513876137208,169.033065973258,107.094480382728,194.87970779157,0
citS,Citrate-sodium symporter,E745S_02441,621.450140905109,801.953860158451,648.271254093747,0,863.895085249356,325.260596645512,430.133568750302,316.779771924569,83.6867874664872
mleS,Malolactic enzyme,E745S_02442,2989.76261818528,1698.56115906453,2392.96187061206,2518.79973454451,2766.79912437969,4686.82592016761,2322.72127125163,2758.79092511523,2266.10693120037
hypothetical protein,hypothetical protein,E745S_02443,102.029127611287,117.536687675623,53.2242408943963,0,0,0,114.117069260284,48.9204204744271,0
hmo,4-hydroxymandelate oxidase,E745S_02444,84.5089743851061,161.222890174526,61.7401194374997,85.6135869111382,0,346.603155480519,48.2802985331971,101.850711479545,0
hypothetical protein,hypothetical protein,E745S_02447,1123.35100097275,928.851876940982,819.653309773703,901.743106998623,2103.16246325779,595.030540320005,1658.2087987129,1871.0055896203,1089.56915446564
hypothetical protein,hypothetical protein,E745S_02448,5628.09157459834,5542.94697896808,5453.35572203984,7842.84466264464,7020.7191023695,5209.29176044859,7940.79237329639,6216.90327078293,6279.79089478915
hypothetical protein,hypothetical protein,E745S_02449,6020.74912631451,8367.9880738972,3127.45639495472,4546.32150307558,1609.25155173269,4486.20586711854,3335.72971683908,5389.26599324836,2556.54931123112
nox_2,NADH oxidase,E745S_02450,1359.35777090189,1649.6742181729,1329.54153754202,2814.04659034087,2128.30701875361,1598.98450791875,2507.94205289717,1082.6650432865,2517.16729359983
putative ABC transporter permease,putative ABC transporter permease,E745S_02451,0,565.840337128661,589.724589109911,285.64533203062,754.336664874697,531.002863814983,218.578078813929,411.41271644887,0
hrtA_2,Putative hemin import ATP-binding protein HrtA,E745S_02452,333.913508546029,860.20213015699,365.118292535558,351.25574442981,403.210907772308,623.202717982214,434.522686798774,571.005563570362,0
hypothetical protein,hypothetical protein,E745S_02453,0,143.540379639256,0,0,0,0,0,0,0
hypothetical protein,hypothetical protein,E745S_02454,4361.48755607035,3049.71299349491,3840.66122293963,3915.82144245897,3842.62689166527,4011.54735862798,4319.7699833066,2782.85014829938,3619.8637872759
zapA,Cell division protein ZapA,E745S_02456,139.130628560845,0,133.060602235991,475.275426403888,0,249.281087192886,208.922019107289,168.414562289011,0
hypothetical protein,hypothetical protein,E745S_02457,97.9067386168912,527.354873022484,178.833449405171,708.112377722965,152.663372653213,752.111773345659,114.994892869979,381.739674521759,208.396509965566
mutS2_2,Endonuclease MutS2,E745S_02458,0,261.077067314878,1.06448481788793,252.039998850547,0,0,178.198192767982,85.0092552506438,0
trxA,Thioredoxin,E745S_02459,260.74110389551,644.891560698106,373.634171078662,0,0,81.1017235730279,33.3572971683908,320.789642455259,0
yhaP,putative protein YhaP,E745S_02462,1240.83908731302,890.366412834804,1295.47802336961,719.314155449656,600.775272382348,1643.37703029557,1925.94499966972,1538.18633557297,439.765863549384
fbp,Fructose-1,6-bisphosphatase class 3,E745S_02463,296.81200759647,585.603143021022,0,728.115552234913,670.820819834999,652.228597997824,467.002160357471,399.383104856798,374.129167497237
puuD,Gamma-glutamyl-gamma-aminobutyrate hydrolase PuuD,E745S_02464,0,0,340.635141724136,0,0,0,0,0,0
hypothetical protein,hypothetical protein,E745S_02466,309.179174579656,1193.0493872915,987.841910999995,411.265267965654,0,1636.54741146836,890.990963839911,773.905012423313,2599.21316366501
ntpC,V-type sodium ATPase subunit C,E745S_02469,258.679909398312,187.22658213816,283.152961558188,196.83123719757,477.746554420642,209.157076583072,300.215674515517,372.917959354239,0
ntpJ_2,Potassium/sodium uptake protein NtpJ,E745S_02474,18.5507504747794,0,0,2.40038094143378,0.898019839136544,27.3184753088094,0,130.721779300518,0
hisC,Histidinol-phosphate aminotransferase,E745S_02475,5800.20131511435,3248.38120009707,5790.79740931031,4691.94461352256,2367.18029596393,4878.90894968268,5213.3944179756,6306.7243706704,5099.97128325181
lhpI,Delta(1)-pyrroline-2-carboxylate reductase,E745S_02476,6098.04391995942,6407.30969983925,6649.83665734587,6310.60149502941,9423.8201918989,8050.41319256477,6482.72735759383,6475.13893295941,6504.59657876775
yddE,putative isomerase YddE,E745S_02477,1046.05620732784,655.293037483559,1034.67924298706,599.295108377967,922.266374793231,881.020828709103,950.682969299136,881.369542645825,1348.83410387162
hypothetical protein,hypothetical protein,E745S_02479,0,62.4088607127199,0,117.618666130255,0,68.2961882720235,0,0,0
hypothetical protein,hypothetical protein,E745S_02481,2505.38191134382,3107.96126349345,1562.66371265947,2584.4101469437,1269.80005253907,2695.13832968473,3446.33549166058,3162.18390050272,2443.32601054117
lipL,Octanoyl-[GcvH]:protein N-octanoyltransferase,E745S_02482,0,0,0,0,0,0,0,32.0789642455259,0
hypothetical protein,hypothetical protein,E745S_02483,541.063555514399,199.708354280704,127.738178146551,594.4943464951,309.816844502108,297.088418983302,485.436456161055,579.025304631743,0
rpoE,putative DNA-directed RNA polymerase subunit delta,E745S_02484,813.141229144496,547.117678914845,601.433922106678,874.538789662374,1127.01489811636,758.087689819461,1214.03005220748,1203.76313331336,461.097789766332
rsiV,Anti-sigma-V factor RsiV,E745S_02486,161.80376803002,231.952932315609,358.731383628231,928.947424334873,694.169335652549,612.104587388011,766.340011263293,615.916113514098,0
hypothetical protein,hypothetical protein,E745S_02487,183.446310250596,0,167.124116408404,245.638983006723,0,1073.10385822417,60.5698290689201,431.462069102324,1192.94695074777
rpoN1,RNA polymerase sigma-54 factor 1,E745S_02489,980.097983417511,2323.68991387027,2214.12842120688,140.022221583637,144.581194100984,225.377421297678,298.460027296128,51.3263427928415,369.206415293326
cggR,Central glycolytic genes regulator,E745S_02490,591.562820695743,875.80434533517,1018.71197071874,232.836951319077,0,529.295459108182,682.068944732621,1466.00866602054,1493.23483518634
dapE,putative succinyl-diaminopimelate desuccinylase,E745S_02498,267.955284635702,202.82879731634,74.5139372521548,300.047617679223,311.612884180381,83.6628306332288,358.152032755353,363.294270080581,116.505135492561
hypothetical protein,hypothetical protein,E745S_02499,0,0,0,0,0,0,38.6242388265577,41.7026535191837,0
rihB,Pyrimidine-specific ribonucleoside hydrolase RihB,E745S_02500,0,7.28103374981733,0,0,0,53.7832482642185,0,0,0
yjdJ,putative protein YjdJ,E745S_02502,230.853783686143,118.576835354168,136.254056689654,603.295743280357,778.583200531384,396.971594331137,538.983696352419,341.640969214851,129.63247470299
rnr,Ribonuclease R,E745S_02505,0,0,0,416.866156829,0,0,93.0493026276163,14.4355339104867,0
atpA,ATP synthase subunit alpha,E745S_02511,0,132.098755175257,88.3522398846978,52.8083807115432,0,37.5629035496129,126.406599796007,117.890193602308,319.978893254216
Putative membrane protein insertion efficiency factor,Putative membrane protein insertion efficiency factor,E745S_02518,8174.69737588611,6074.46244270474,5210.65318356139,7525.99437837538,10067.7004165598,7412.69753457475,9181.15713379471,3957.74221379176,4914.54761690449
bglK,Beta-glucoside kinase,E745S_02520,10335.8598061979,10114.3960261748,12144.7072872833,7077.12314232726,8194.43103212097,7346.96245336293,10318.8165319588,12006.3543429942,9325.33359160876
yigZ,IMPACT family member YigZ,E745S_02526,3164.96415044708,1168.08584300641,1099.61281687823,766.521647297854,1419.76936567488,1232.74619831002,829.543311161296,1076.2492504374,1430.8799739368
comFA,ComF operon protein 1,E745S_02529,349.372467275012,223.631750887246,166.059631590516,200.031745119482,296.34654691506,481.488127317766,140.451777551119,474.768670833784,977.986771176988
hypothetical protein,hypothetical protein,E745S_02530,17.5201532261805,0,0,0,0,43.538820023415,46.5246513138082,35.2868606700785,0
clsA_2,Major cardiolipin synthase ClsA,E745S_02536,1757.16830886105,903.888332655894,905.876580022624,7141.93342774597,5656.62696672109,7006.33521435621,3201.42270455582,2298.45778819193,4305.76726102083
pstS1_1,Phosphate-binding protein PstS 1,E745S_02537,414.30009393674,80.0913712479906,121.351269239223,305.648506542568,572.038637529979,531.002863814983,199.26595940065,268.66132555628,0
hypothetical protein,hypothetical protein,E745S_02539,0,0,0,107.217015384042,0,0,101.827538724561,0,0
pstB3_1,Phosphate import ATP-binding protein PstB 3,E745S_02540,0,0,0,0,155.357432170622,0,0,0,0
pstB3_2,Phosphate import ATP-binding protein PstB 3,E745S_02541,171.07914326741,0,20.2252115398706,64.0101584382341,0,0,70.2258887755595,85.8112293567819,83.6867874664872
hypothetical protein,hypothetical protein,E745S_02543,427.697858168525,293.321645349784,1186.90057194504,195.230983236614,361.003975332891,672.717454479431,382.731093826799,446.699577118949,369.206415293326
hypothetical protein,hypothetical protein,E745S_02544,73.1724046505187,580.402404628295,104.319512153017,233.637078299555,485.828732972871,417.460450812744,434.522686798774,502.837764548619,613.703108087573
hypothetical protein,hypothetical protein,E745S_02547,5606.44903237777,5161.21278094194,6526.35641847087,8702.18103967793,2532.41594636506,6879.13356369957,3962.49577416094,5453.42392173941,4551.90487121638
lgt,Phosphatidylglycerol--prolipoprotein diacylglyceryl transferase,E745S_02550,0,0,0,152.824253271284,0,70.0035929788241,0,0,0
gpsA_2,Glycerol-3-phosphate dehydrogenase [NAD(P)+],E745S_02551,297.842604845069,176.825105352706,329.990293545257,142.422602525071,314.306943697791,108.420198881837,137.818306722035,525.293039520487,835.226957263568
pepQ,Xaa-Pro dipeptidase,E745S_02555,1.03059724859885,10.4014767854533,11.7093329967672,0.800126980477927,0.898019839136544,23.9036658952082,0,0.801974106138149,364.283663089415
ponA_2,Penicillin-binding protein 1A/1B,E745S_02557,574.042667469562,483.66867052358,527.984469672411,1118.57751870814,0,892.118959303307,214.188960765456,489.204204744271,62.3548612495395
nfo,putative endonuclease 4,E745S_02558,3895.65759970367,1527.97693978309,3679.92401543856,2356.37395750749,3138.57933778222,3350.78173709615,3756.20722588274,1972.05432699371,2782.99591261103
hypothetical protein,hypothetical protein,E745S_02560,1160.45250192231,1107.75727765078,1767.04479769396,1178.58704224399,1821.18423376891,1264.33318538584,2486.8742862645,969.586694321022,1552.30786163327
mntH,Divalent metal cation transporter MntH,E745S_02561,4094.56286868325,6249.20725270036,3479.80086967563,8454.94180271025,3751.02886807335,4343.6375741007,5737.45511296321,7864.15808479069,6647.35639268117
hypothetical protein,hypothetical protein,E745S_02562,0,0,0,0,153.561392492349,0,41.2577096556412,0,0
yheI,putative multidrug resistance ABC transporter ATP-binding/permease protein YheI,E745S_02563,27803.4525726999,25056.1174284785,27180.5553399503,33558.9258152052,25388.8168920684,22984.2284605961,24641.3865477341,26973.5970858505,29429.8535923813
yheH,putative multidrug resistance ABC transporter ATP-binding/permease protein YheH,E745S_02564,20831.4621859286,11816.077628275,17193.5587785258,20630.4740646429,10650.5152921594,17957.6290037752,20316.3496227694,17412.4617924715,21551.8091487224
bglF_3,PTS system beta-glucoside-specific EIIBCA component,E745S_02566,88.6313633795015,220.51130785161,286.346416011852,93.6148567159174,7.18415871309236,612.958289741411,643.444705906064,432.264043208462,876.24989229616
murR_2,HTH-type transcriptional regulator MurR,E745S_02567,21672.4295407853,15289.1307269378,12039.3232903124,19969.5691787681,18604.2770073918,16619.0237136435,20946.62697453,15867.0576899433,19064.178368346
licH,putative 6-phospho-beta-glucosidase,E745S_02568,778.100922692135,734.344261053005,842.007490949349,983.356059007372,479.542594098915,653.936002704625,1078.84521631453,706.539187507709,1532.61685281763
bglH_2,Aryl-phospho-beta-D-glucosidase BglH,E745S_02569,2010.69523201637,1824.41902816851,1873.49327948275,2469.99198873536,2245.9476176805,1301.89608893545,2789.7234316091,1751.51144780572,1409.54804771985
czrA,HTH-type transcriptional repressor CzrA,E745S_02572,1309.88910296914,488.869408916306,802.621552687496,293.646601835399,391.536649863533,263.794027200691,354.640738316575,412.214690555008,0
brnQ_2,Branched-chain amino acid transport system 2 carrier protein,E745S_02577,431.82024716292,113.376096961441,169.25308604418,668.906155679547,324.185161928293,373.067928435928,148.352190038369,577.421356419467,779.435765619244
PhoH-like protein,PhoH-like protein,E745S_02578,2063.25569169491,1662.15599031544,1771.30273696551,3341.33027047582,2174.10603054957,2317.8018894818,4484.80082192917,2853.42386963953,6548.90134860295
pgpH,Cyclic-di-AMP phosphodiesterase PgpH,E745S_02579,147.375406549636,0,461.98641096336,680.107933406238,299.040606432469,348.31056018732,275.636613444071,137.939546255762,556.270999041944
glyS,Glycine--tRNA ligase beta subunit,E745S_02585,2.06119449719771,1.04014767854533,0,1.60025396095585,8.98019839136544,0,0,0.801974106138149,0
hypothetical protein,hypothetical protein,E745S_02586,87.6007661309026,60.3285653556293,0,0,0,73.4184023924253,113.23924565059,364.898218292858,530.016320621086
tagU_3,Polyisoprenyl-teichoic acid--peptidoglycan teichoic acid transferase TagU,E745S_02587,0,0,0,0,0,0,0,44.9105499437363,0
ywqC,putative capsular polysaccharide biosynthesis protein YwqC,E745S_02588,0,81.1315189265359,0,1.60025396095585,0,8.53702353400294,0.877823609694493,3.20789642455259,98.4550440782203
ywqD,Tyrosine-protein kinase YwqD,E745S_02589,6545.32312585133,4681.70470113254,5103.14021695471,2519.59986152499,4254.81799782895,3741.77741495349,6658.29207953273,3657.00192398996,5720.2380609446
pglF,UDP-N-acetyl-alpha-D-glucosamine C6 dehydratase,E745S_02591,553.430722497585,208.029535709066,480.082652867454,267.242411479627,389.74061018526,239.036658952082,662.756825319343,232.572490780063,1058.39172384087
hypothetical protein,hypothetical protein,E745S_02592,4470.73086442183,3049.71299349491,3011.42754980494,2586.81052788514,1579.61689704118,2117.18183643273,6945.34039990283,3489.38933580708,6396.29603028171
gph_2,Phosphoglycolate phosphatase,E745S_02593,1196.52340562327,820.676518372267,764.30009924353,103.216380481653,580.120816082208,501.123281445972,825.154193112824,608.698346558855,426.638524338954
epsN,Putative pyridoxal phosphate-dependent aminotransferase EpsN,E745S_02594,566.82848672937,843.559767300265,547.145196394394,311.249395405914,396.924768898353,385.019761383533,172.053427500121,91.4250480997489,49.2275220391101
epsL,putative sugar transferase EpsL,E745S_02595,1.03059724859885,27.0438396421786,54.2887257122842,114.418158208344,0,0,123.773128966924,0.801974106138149,1.64091740130367
pglA,N,N'-diacetylbacillosaminyl-diphospho-undecaprenol alpha-1,3-N-acetylgalactosaminyltransferase,E745S_02596,5450.82884783934,3899.51364686645,5118.04300440514,2840.45078069664,3973.73778817921,2839.41402740938,8129.5244493807,4584.8859647918,7052.66299080318
hypothetical protein,hypothetical protein,E745S_02597,254.557520403917,397.336413204317,424.729442337282,0,567.548538334296,71.7109976856247,170.297780280732,233.374464886201,685.903473744934
hypothetical protein,hypothetical protein,E745S_02598,0,238.193818386881,0,279.244316186796,0,0,49.1581221428916,501.233816336343,0
hypothetical protein,hypothetical protein,E745S_02599,556.522514243381,778.030463551909,657.851617454738,501.67961675966,2.69405951740963,227.084826004478,454.712629821748,376.92782988493,656.366960521468
pglH_2,GalNAc-alpha-(1->4)-GalNAc-alpha-(1->3)-diNAcBac-PP-undecaprenol alpha-1,4-N-acetyl-D-galactosaminyltransferase,E745S_02600,1123.35100097275,412.938628382497,390.665928164869,408.864887024221,329.573280963112,475.512210843964,980.528972028749,627.143751000032,2315.33445323948
hypothetical protein,hypothetical protein,E745S_02601,148.406003798235,299.562531421056,857.974763217668,884.940440408587,0,590.762028553003,713.670594681623,363.294270080581,67.2776134534505
hypothetical protein,hypothetical protein,E745S_02602,352.464259020808,331.807109455961,0,96.0152376573512,256.833673993052,0,0.877823609694493,201.295500640675,0
hypothetical protein,hypothetical protein,E745S_02603,542.094152762998,276.679282493058,0,241.638348104334,437.335661659497,186.107113041264,495.970339477389,448.303525331225,379.051919701148
wbgU_2,UDP-N-acetylglucosamine 4-epimerase,E745S_02605,1575.78319310765,2552.52240315025,1489.21426022521,1275.40240688182,659.146561926224,868.215293408099,1141.17069260284,1487.66196688627,1900.18235070965
ugd,UDP-glucose 6-dehydrogenase,E745S_02606,301.964993839464,0,385.343504075429,118.418793110733,1355.11193725705,441.364116707952,361.663327194131,602.28255370975,444.688615753295
pfkB,ATP-dependent 6-phosphofructokinase isozyme 2,E745S_02608,1217.13535059525,2719.98617939604,2184.32284630602,2345.97230676128,1738.56640856835,1458.9773219611,2060.25201195298,2057.86555635049,843.431544270087
fruA_5,PTS system fructose-specific EIIABC component,E745S_02609,3540.10154893707,3314.95065152397,2653.7606509946,4886.3754697787,2892.52190185881,4983.91433915092,2792.35690243818,4189.51273046569,4277.87166519867
mngA,PTS system 2-O-alpha-mannosyl-D-glycerate-specific EIIABC component,E745S_02610,0,116.496539997077,101.126057699353,0,0,132.323864777046,65.836770727087,83.4053070383675,0
lacD2,Tagatose 1,6-diphosphate aldolase 2,E745S_02611,509.115040807834,970.457784082795,1257.15656992564,178.428316646578,503.789129755601,669.30264506583,204.532901058817,469.154852090817,487.35246818719
Putative TrmH family tRNA/rRNA methyltransferase,Putative TrmH family tRNA/rRNA methyltransferase,E745S_02614,446.248608643304,843.559767300265,778.138401876073,542.486092764034,431.049522785541,1404.34037134348,1260.55470352129,1017.70514068931,881.172644500071
hypothetical protein,hypothetical protein,E745S_02615,959.486038445534,1332.42917621657,425.79392715517,112.817904247388,271.201991419236,448.193735535154,858.511490281215,292.720548740424,103.377796282131
hypothetical protein,hypothetical protein,E745S_02616,0,0,0,0,70.0455474526505,231.35333777148,85.1488901403659,46.5144981560126,187.064583748618
eriC,Chloride/fluoride channel protein,E745S_02617,4228.5405110011,2169.74805744556,3551.12135247412,4900.7777554273,1828.368392482,3833.97726912072,5505.70968000386,4009.06855658461,3171.89333672
hypothetical protein,hypothetical protein,E745S_02618,841.997952105264,1196.16983032713,533.306893761851,1527.44240573236,3751.02886807335,2316.9481871284,1645.04144456748,1111.53611110747,920.554662131359
dacA,D-alanyl-D-alanine carboxypeptidase DacA,E745S_02619,6783.39109027766,7316.39877088787,8511.62060383185,60856.8580081706,49660.4971042509,61931.8372274243,32187.158296668,36231.5861671093,48236.4079287227
hypothetical protein,hypothetical protein,E745S_02621,156.650781787026,0,65.9980587090514,50.4079997701094,0,221.108909530676,141.329601160813,247.00802469055,59.0730264469321
hypothetical protein,hypothetical protein,E745S_02622,1360.38836815049,793.632678730089,626.981557735988,1016.96139218744,1017.4564777417,676.985966246433,2435.08269329252,2009.7471099822,5186.9399055209
cspLA_2,Cold shock-like protein CspLA,E745S_02624,0,0,0,0,0,0,92.1714790179218,234.176438992339,754.822004599689
dinG_2,3'-5' exonuclease DinG,E745S_02625,248.373936912324,55.1278269629026,13.838302632543,86.4137138916161,0,460.999270836159,102.705362334256,139.543494468038,0
hypothetical protein,hypothetical protein,E745S_02626,0,62.4088607127199,0,0,0,0,0,25.6631713964208,0
aspB,Asparagine--oxo-acid transaminase,E745S_02627,0,0,257.605325928878,0,0,0,0,0,0
asnS,Asparagine--tRNA ligase,E745S_02628,153.558990041229,316.204894277781,0,0,255.935654153915,337.212429593116,381.853270217105,267.057377344003,0
axe2,Acetylxylan esterase,E745S_02629,0,0,298.055749008619,70.4111742820575,0,0,35.9907679974742,0,0
hypothetical protein,hypothetical protein,E745S_02630,0,171.62436695998,139.447511143318,124.019681974079,303.530705628152,257.818110726889,445.056570115108,449.907473543501,408.588432924614
yccF,Inner membrane protein YccF,E745S_02631,4908.73469507634,2447.46748761717,3441.47941623166,2325.16900526886,2325.87138336365,3100.64694754987,2365.73462812666,3357.06360829429,797.485857033584
cadA,Cadmium, zinc and cobalt-transporting ATPase,E745S_02632,86.5701688823038,96.7337341047159,84.0943006131461,166.426411939409,12.5722777479116,63.1739741516217,54.4250638010586,87.4151775690582,126.350639900383
ycaM,Inner membrane transporter YcaM,E745S_02633,6241.29693751466,7448.49752606312,6196.36612492561,12986.8610201372,14130.3421688135,7694.41931119685,13466.6919963232,8887.47704422296,14527.0417537414
hypothetical protein,hypothetical protein,E745S_02635,1082.1271110288,1466.60822674892,955.907366463357,1363.41637473439,766.010922783472,858.824567520695,1420.31860048569,1119.55585216886,2241.49317018081
copA,putative copper-importing P-type ATPase A,E745S_02638,4730.44137106874,4921.97881487651,4412.28957014545,6531.43654164132,6466.64086162226,2328.0463177226,7625.65369741606,6119.86440394021,10145.7922922606
copB,Copper-exporting P-type ATPase B,E745S_02639,745.121810736972,375.493311954865,1350.83123389978,471.274791501499,851.322807501444,318.43097781831,732.982714094902,713.756954462952,282.237793024231
hypothetical protein,hypothetical protein,E745S_02640,0,120.657130711259,1.06448481788793,119.218920091211,0,64.027676505022,71.9815359949485,295.126471058839,0
hypothetical protein,hypothetical protein,E745S_02641,0,39.5256117847226,4.2579392715517,0,5.38811903481927,23.9036658952082,0,23.2572490780063,0
hypothetical protein,hypothetical protein,E745S_02642,227.761991940347,429.580991239222,529.048954490299,0,0,56.3443553244194,334.450795293602,148.365209635558,1.64091740130367
hypothetical protein,hypothetical protein,E745S_02643,7274.98597785931,7935.28663962234,5352.22966434049,5693.70359308093,3216.7070637871,6310.56779633497,4928.10174482489,6317.95200815634,3344.18966385688
hypothetical protein,hypothetical protein,E745S_02644,0,134.179050532348,146.898904868534,419.266537770434,532.525764607971,353.432774307722,302.8491453446,498.02591991179,0
hypothetical protein,hypothetical protein,E745S_02647,231.884380934742,45.7664978559946,0,52.8083807115432,278.386150132329,211.718183643273,116.750540089368,238.18630952303,93.5322918743092
lytA,Autolysin,E745S_02648,0,0,0,0,0,0,100.071891505172,0,0
hypothetical protein,hypothetical protein,E745S_02649,2840.32601713844,2442.26674922444,2911.36597692348,2981.27312926076,2835.94665199321,2307.55746124099,1767.05892631502,2223.07222221495,3708.4733269463
cbh_3,Choloylglycine hydrolase,E745S_02658,1.03059724859885,0,110.706421060344,294.446728815877,2.69405951740963,33.2943917826115,54.4250638010586,79.3954365076767,1.64091740130367
hypothetical protein,hypothetical protein,E745S_02661,0,0,0,0,315.204963536927,33.2943917826115,0,0,0
hypothetical protein,hypothetical protein,E745S_02662,1179.00325239709,810.275041586814,1515.82638067241,1333.01154947623,1918.17037639566,1481.17358314951,719.815359949485,873.349801584444,2343.23004906164
ctpE_2,Calcium-transporting ATPase CtpE,E745S_02667,2245.6714046969,2407.94187583244,2800.65955586313,1975.5135148,4196.44670828507,2562.81446490768,2378.02415866238,2061.07345277504,3560.79076082897
phoR_2,Alkaline phosphatase synthesis sensor protein PhoR,E745S_02668,137.069434063648,0,0,0,0,0,37.7464152168632,44.1085758375982,0
hypothetical protein,hypothetical protein,E745S_02671,0,0,0,137.621840642203,0,0,114.994892869979,0,0
tag,DNA-3-methyladenine glycosylase 1,E745S_02673,2367.28188003157,3155.80805670654,2616.50368236852,2169.94437105614,2808.10803697997,3180.89496876949,2699.30759981057,3280.07409410503,541.502742430211
chrR,Quinone reductase,E745S_02675,0,0,0,0,0,0,0,36.8908088823548,0
hypothetical protein,hypothetical protein,E745S_02678,206.119449719771,307.883712849418,195.865206491378,123.219554993601,290.95842788024,299.649526043503,249.301905153236,413.818638767285,182.141831544707
hypothetical protein,hypothetical protein,E745S_02682,268.985881884301,186.186434459614,0,0,0,93.9072588740323,0.877823609694493,71.3756954462952,0
hypothetical protein,hypothetical protein,E745S_02683,1738.61755838627,1372.99493567984,1112.38663469288,1989.11567346813,319.69506273261,1615.20485263336,2285.85267964446,1461.99879548984,1252.0199771947
hypothetical protein,hypothetical protein,E745S_02687,2411.59756172132,546.077531236299,1744.69061651831,2438.78703649672,3040.69517531634,2013.88385167129,3521.82832209431,1840.53057358705,2420.35316692291
hypothetical protein,hypothetical protein,E745S_02689,1528.3757196721,270.438396421786,163.93066195474,1456.23110446983,934.838652541143,812.72464043708,1448.40895599591,618.322035832513,233.010270985121
hypothetical protein,hypothetical protein,E745S_02692,1738.61755838627,1302.26489353876,1396.60408106896,1804.28634097772,1724.19809114217,1984.85797165568,1392.22824497547,1615.97782386837,3308.0894810282
hypothetical protein,hypothetical protein,E745S_02695,0,0,0,0,0,0,50.9137693622806,0,0
hypothetical protein,hypothetical protein,E745S_02696,5284.90269081493,5054.07757005177,5659.8657767101,7762.83196459684,2695.85555708791,4889.15337792348,4388.24022486277,4597.71755049001,4382.8903788821
hypothetical protein,hypothetical protein,E745S_02697,0,0,0,0,0,0,0,89.0191257813345,0
hypothetical protein,hypothetical protein,E745S_02699,1011.01590087548,2014.76605334231,1725.52988979633,1407.42335866067,2598.86941446116,1075.66496528437,3514.80573321675,2577.54477712801,4300.84450881692
hypothetical protein,hypothetical protein,E745S_02701,4090.44047968885,2679.42041993278,3585.18486664653,2554.80544866602,3185.27636941732,2043.7634340403,3958.98447972217,3365.88532346181,3419.67186431685
hypothetical protein,hypothetical protein,E745S_02702,6674.14778192618,5658.40337128661,6440.13314822195,10766.508649311,5184.26853133527,6732.29675891472,14195.2855923697,6875.32401192235,6607.97437504988
IS21 family transposase ISCth15,IS21 family transposase ISCth15,E745S_02704,170.048546018811,164.343333210163,0,479.276061306278,0,0,511.77116445189,213.325112232748,0
hypothetical protein,hypothetical protein,E745S_02705,1130.56518171294,1079.67329033005,327.861323909481,756.119996551641,1133.30103699032,1036.39465702796,574.096640740199,628.747699212309,764.667509007511
IS4 family transposase IS4Bsu1,IS4 family transposase IS4Bsu1,E745S_02706,2710.47076381499,1406.27966139329,1673.37013371982,2652.42094028433,775.889141013974,1178.96295004581,2715.10842478507,1869.40164140802,2379.33023189032
IS3 family transposase ISEfa8,IS3 family transposase ISEfa8,E745S_02710,9947.32464347614,9890.76427528757,12885.5887205333,22990.0485300723,12557.9094304854,11501.0781050088,12339.5664814755,14790.8084395059,24685.9613852124
degA_3,HTH-type transcriptional regulator DegA,E745S_02711,258.679909398312,167.463776245798,324.667869455817,243.23860206529,571.140617690842,234.768147185081,504.748575574334,125.909934663689,62.3548612495395
bfrA,Beta-fructosidase,E745S_02712,3623.57992607357,2739.74898528841,2661.21204471981,2121.93675222746,2011.56443966586,3452.37231715079,4508.50205939092,2444.41707550908,3311.37131583081
treP_1,PTS system trehalose-specific EIIBC component,E745S_02713,1718.00561341429,1329.30873318093,1248.64069138254,1770.68100779765,3227.48330185674,1281.40723245384,3278.67118220893,1376.9895402392,1529.33501801502
hypothetical protein,hypothetical protein,E745S_02714,0,0,404.504230797412,0,0,0,0,0,0
gmuE_4,Putative fructokinase,E745S_02715,0,0,0,0,0,76.8332118060264,48.2802985331971,119.494141814584,0
dgaR_5,Transcriptional regulatory protein DagR,E745S_02716,3822.48519505315,2467.23029350953,2496.21689794718,3146.09928723921,4927.43485734222,4958.30326854891,4474.26693861283,3398.76626181347,3089.84746665481
agaC_2,N-acetylgalactosamine permease IIC component 1,E745S_02718,314.332160822651,606.406096591929,797.299128598056,392.862347414662,0,838.335711039089,340.595560561463,827.637277534569,444.688615753295
manZ_6,PTS system mannose-specific EIID component,E745S_02719,14615.930179629,14640.0785755256,11705.0750574956,19559.9041647634,17979.2551993528,13643.0173096901,13722.1386667443,19213.6956348578,11200.9021812989
manX_5,PTS system mannose-specific EIIAB component,E745S_02720,0,53.0475316058119,0,0,0,149.397911845051,43.0133568750302,166.008639970597,0
hypothetical protein,hypothetical protein,E745S_02721,289.597826856278,0,0,0,0,0,0,0,0
hypothetical protein,hypothetical protein,E745S_02722,1591.24215183663,381.734198026137,248.024962567887,570.490537080762,907.898057367046,840.896818099289,697.869769707122,1106.72426647065,352.797241280289
hypothetical protein,hypothetical protein,E745S_02723,0,113.376096961441,0,96.8153646378291,0,0,0,25.6631713964208,0
hypothetical protein,hypothetical protein,E745S_02727,182.415713001997,479.508079809398,279.959507104524,199.231618139004,0,370.506821375727,301.971321734906,340.838995108713,219.882931774692
hypothetical protein,hypothetical protein,E745S_02728,440.065025151711,554.398712664662,1002.74469845043,661.705012855245,331.369320641385,640.27676505022,543.372814400891,633.559543849137,1324.22034285206
hypothetical protein,hypothetical protein,E745S_02730,0,0,0,0,0,0,0,85.0092552506438,0
xerC_11,Tyrosine recombinase XerC,E745S_02731,3137.13802473491,3806.94050347592,2849.62585748598,4959.18702500219,3407.08726968405,3864.71055384313,3176.84364348437,3742.0111792406,2814.1733432358
hypothetical protein,hypothetical protein,E745S_02733,729.662852007989,1518.61561067619,1663.78977035883,484.876950169624,570.242597851706,1545.20125965453,1800.41622348341,1074.64530222512,1073.1599804526
hypothetical protein,hypothetical protein,E745S_02734,175.201532261805,288.120906957057,288.475385647628,1205.79135958024,515.463387664377,1173.8407359254,885.724022181744,814.805691836359,1599.89446627108
hypothetical protein,hypothetical protein,E745S_02735,2612.5640251981,3956.72176918644,4915.79088900644,2668.42347989389,4072.51997048423,5073.55308625795,4873.67668102383,2896.73047137099,3285.11663740995
hypothetical protein,hypothetical protein,E745S_02737,0,0,0,23.2036824338599,0,11.9518329476041,0,0,0
hypothetical protein,hypothetical protein,E745S_02738,0,111.295801604351,0,126.420062915512,0,68.2961882720235,0.877823609694493,1.6039482122763,0
hypothetical protein,hypothetical protein,E745S_02740,2900.10065755718,2526.51871118661,2523.89350321227,2790.04278092653,3846.21897102182,3680.31084550867,3325.19583352274,2980.9377525155,4304.12634361953
hypothetical protein,hypothetical protein,E745S_02741,0,448.303649453038,0,715.313520547266,178.705947988172,376.48273784953,152.741308086842,90.6230739936108,45.9456872365028
yjhB,Putative metabolite transport protein YjhB,E745S_02742,495.717276576049,398.376560882862,93.6746639741374,365.658030078412,345.73763806757,350.01796489412,929.615202666469,1129.17954144251,603.857603679751
hypothetical protein,hypothetical protein,E745S_02745,1519.10034443471,719.78219355337,1345.50880981034,2107.53446657886,2305.21692706351,1711.67321856759,2030.40600922336,1620.7896685052,2154.52454791172
araQ_6,L-arabinose transport system permease protein AraQ,E745S_02747,241.159756172132,368.212278205048,206.510054670258,165.626284958931,149.969313135803,59.7591647380206,161.519544183787,396.977182538384,3.28183480260734
alsS_1,Acetolactate synthase,E745S_02750,1185.18683588868,864.362720871171,1717.01401125322,2125.93738712985,1822.98027344719,2059.13007640151,2044.45118697848,2488.52565134668,1839.46840686141
alsS_2,Acetolactate synthase,E745S_02751,0,114.416244639987,0,214.434030768084,0,0,0,0,0
frlB_2,Fructosamine deglycase FrlB,E745S_02757,2834.14243364685,1407.31980907183,1062.35584825215,1034.56418575796,1334.45748095691,1054.32240644936,1592.37202798581,1241.45591630185,3324.49865504124
hypothetical protein,hypothetical protein,E745S_02758,521.48220779102,683.377024804283,457.728471691808,276.843935245363,305.326745306425,225.377421297678,172.931251109815,315.977797818431,0
putative phosphotransferase enzyme IIB component,putative phosphotransferase enzyme IIB component,E745S_02759,268.985881884301,740.585147124277,986.777426182107,95.2151106768733,277.488130293192,357.701286074723,605.6982906892,603.084527815888,822.099618053139
manZ_7,PTS system mannose-specific EIID component,E745S_02761,88.6313633795015,122.737426068349,380.021079985989,279.244316186796,0,210.864481289873,478.413867283499,104.256633797959,52.5093568417175
bglF_4,PTS system beta-glucoside-specific EIIBCA component,E745S_02763,4657.26896641822,5160.17263326339,2927.33324919179,2391.57954464852,5533.59824875939,5544.79678533491,3308.51718493855,2804.50344916511,5631.6285212742
bglH_3,Aryl-phospho-beta-D-glucosidase BglH,E745S_02764,12852.5782872763,17210.2834892111,14573.8616417036,18878.9961043767,13433.4787736436,15562.9939024874,17676.734028418,18013.9423720751,20327.6847673499
licT_4,Transcription antiterminator LicT,E745S_02765,2265.25275242028,2422.50394333208,2766.59604169072,1475.4341520013,2497.39317263873,1200.30550888081,2196.31467145562,2690.62312609349,14489.3006535114
bglF_5,PTS system beta-glucoside-specific EIIBCA component,E745S_02767,3120.64846875733,2980.02309903238,1996.97351835775,1728.27427783232,1972.94958658299,3096.37843578287,2414.89275026955,2122.02348484154,1688.50400594148
hypothetical protein,hypothetical protein,E745S_02769,1068.72934679701,1534.21782585437,519.468591129308,1669.06488127696,1040.80499355926,1715.94173033459,864.656255549076,1298.39607783766,1480.10749597591
hypothetical protein,hypothetical protein,E745S_02771,856.426313585648,786.351644980271,1171.99778449461,1018.5616461484,465.17427667273,700.889632141641,1082.35651075331,1203.76313331336,974.704936374381
hypothetical protein,hypothetical protein,E745S_02778,200.966463476777,660.493775876286,1215.64166202801,0,738.17230777024,277.453264855095,637.299940638202,801.974106138149,362.642745688111
hsdS,Type-1 restriction enzyme EcoKI specificity protein,E745S_02779,0,98.8140294618066,113.899875514008,477.675807345322,766.908942622609,268.062538967692,122.895305357229,432.264043208462,405.306598122007
hypothetical protein,hypothetical protein,E745S_02780,1858.16683922373,3642.59717026575,2499.41035240085,2325.96913224933,2654.54664448763,2873.56212154539,2324.47691847102,2343.36833813567,1514.56676140329
hypothetical protein,hypothetical protein,E745S_02781,234.976172680539,404.617446954134,661.045071908402,866.537519857595,528.933685251425,232.20704012488,455.590453431442,781.122779378557,0
hypothetical protein,hypothetical protein,E745S_02783,3510.2142287277,4736.83252809544,6816.96077375427,3518.15833316144,2325.87138336365,4624.50564836939,3904.55941592111,3544.72554913062,3122.66581468089
IS982 family transposase ISEfm1,IS982 family transposase ISEfm1,E745S_02785,0,0,0,0,310.714864341244,0,0,0,0
xerC_12,Tyrosine recombinase XerC,E745S_02786,549.308333503189,343.24873391996,981.455002092667,254.440379791981,987.821823050199,519.904733220779,437.156157627858,789.142520439938,459.456872365028
hypothetical protein,hypothetical protein,E745S_02789,1382.03091037106,2114.62023048266,760.042159971979,1292.20507347185,3327.1635040009,1480.31988079611,2289.36397408324,1476.43432940033,1204.43337255689
IS30 family transposase IS1062,IS30 family transposase IS1062,E745S_02790,1605.67051331702,2469.31058886662,2630.34198500106,1014.56101124601,3012.85656030311,2374.99994715962,1814.46140123852,1763.54105939779,822.099618053139
hypothetical protein,hypothetical protein,E745S_02794,0,0,0,215.234157748562,0,0,0,75.385565976986,0
hypothetical protein,hypothetical protein,E745S_02798,530.75758302841,574.161518557023,370.440716624998,1084.17205854759,616.939629486806,538.686184995585,846.221959745492,417.026535191837,205.114675162959
putative ABC transporter ATP-binding protein,putative ABC transporter ATP-binding protein,E745S_02799,1460.35630126458,302.682974456692,276.766052650861,931.347805276307,912.388156562729,910.046708724713,747.027891850014,634.361517955276,725.285491376222
hypothetical protein,hypothetical protein,E745S_02800,6478.3343046924,6264.80946787854,5867.44031619824,5954.54498871673,3943.20511364857,5267.34352047981,6295.75092872891,5920.17285151181,6996.87179915885
cutD,Choline trimethylamine-lyase activating enzyme,E745S_02807,0,0,0,127.22018989599,0,0,0,42.5046276253219,0
hisK,Histidinol-phosphatase,E745S_02810,2252.8855854371,2043.89018834158,1308.25184118426,1349.81421606626,2055.56741178355,1576.78824673034,3673.69180657146,1472.42445886964,3655.96397010458
hypothetical protein,hypothetical protein,E745S_02811,9527.87156329641,6496.76240019415,7036.24464623919,5632.09381558413,3138.57933778222,5654.92438892355,5859.47259471074,6334.79346438524,7764.82114296897
hypothetical protein,hypothetical protein,E745S_02812,784.284506183728,574.161518557023,342.764111359912,338.453712742163,727.396069700601,481.488127317766,748.783539069403,777.914882954004,2079.04234745175
hypothetical protein,hypothetical protein,E745S_02813,138.100031312247,0,415.149078976291,0,0,0,50.0359457525861,255.829739858069,0
hypothetical protein,hypothetical protein,E745S_02814,344.219481032017,1103.5966869366,1008.06712253987,320.850919171649,0,696.62112037464,1032.32056500072,480.382489576751,293.724214833357
ISL3 family transposase IS1476,ISL3 family transposase IS1476,E745S_02816,1011.01590087548,775.950168194818,0,253.640252811503,0,124.640543596443,53.5472401913641,355.2745290192,349.515406477682
putative response regulatory protein,putative response regulatory protein,E745S_02817,8955.89009032405,6867.05497375628,9317.43561097301,9715.14179696299,3082.90210775576,8560.07349754474,8142.69180352612,8249.90762984314,4256.53973898172
hypothetical protein,hypothetical protein,E745S_02818,583.318042706952,1653.83480888708,554.596590119609,768.12190125881,1768.20106325986,1213.11104418182,522.305047768224,1421.90009018294,0
yteP_3,putative multiple-sugar transport system permease YteP,E745S_02819,620.41954365651,1091.11491479405,724.914160981677,1275.40240688182,560.364379621204,721.378488623248,816.375957015879,563.787796615119,2187.34289593779
araQ_7,L-arabinose transport system permease protein AraQ,E745S_02820,92.7537523738969,239.233966065426,262.927750018318,64.8102854187121,0,344.895750773719,0,167.612588182873,0
hypothetical protein,hypothetical protein,E745S_02821,872.91586956323,1691.28012531471,1377.44335434698,528.88393409591,598.081212864939,1270.30910185964,1823.23963733546,1315.23753406656,0
hypothetical protein,hypothetical protein,E745S_02823,4250.18305322168,3616.59347830212,3567.08862474244,4091.84937816412,6940.79533668635,3532.62033837042,4122.25967112534,6188.83417706809,3887.3333236884
hypothetical protein,hypothetical protein,E745S_02824,0,325.566223384689,249.089447385775,126.420062915512,294.550507236787,110.127603588638,97.4384206760888,323.195564773674,123.068805097775
ebgA,Evolved beta-galactosidase subunit alpha,E745S_02825,6849.34931418799,7637.80440355838,7392.84706023164,9160.65379949178,12104.4094117215,9778.30675584696,12804.8129946136,7100.67873574717,7927.27196569803
hypothetical protein,hypothetical protein,E745S_02826,1171.7890716569,1986.68206602158,2208.80599711744,1793.88469023151,3032.61299676411,1770.57868095221,2894.18444116274,1379.39546255762,2948.7285701427
guaA_2,GMP synthase [glutamine-hydrolyzing],E745S_02828,2416.75054796431,923.651138548255,1893.71849102262,1206.59148656071,1021.94657693739,1500.80873727772,1990.02612317742,1537.38436146683,1142.07851130735
ISL3 family transposase IS1476,ISL3 family transposase IS1476,E745S_02829,0,192.427320530886,0,0,0,70.0035929788241,0,78.5934624015386,541.502742430211
qseB,Transcriptional regulatory protein QseB,E745S_02830,1372.75553513367,959.016159618796,516.275136675644,584.092695748887,1415.27926647919,1300.18868422865,1242.12040771771,919.864299740457,838.508792066176
hypothetical protein,hypothetical protein,E745S_02831,994.526344897895,840.439324264628,967.616699460124,1136.98043925913,420.273284715903,1843.14338099123,1565.15949608528,1186.11970297832,1524.41226581111
hypothetical protein,hypothetical protein,E745S_02833,0,0,110.706421060344,0,0,0,0.877823609694493,0,0
IS200/IS605 family transposase ISEfa4,IS200/IS605 family transposase ISEfa4,E745S_02834,123.671669831863,678.176286411557,752.590766246763,837.732948560389,450.805959246545,615.519396801612,515.282458890668,1139.60520482231,1045.26438463044
IS256 family transposase ISBsu2,IS256 family transposase ISBsu2,E745S_02838,0,218.43101249452,0,0,0,0.853702353400294,0,0,0
agaA_3,Alpha-galactosidase AgaA,E745S_02844,1617.0070830516,2477.63177029498,1200.73887457758,928.947424334873,1053.37727130717,2092.42446818412,1609.05067657001,840.46886323278,1186.38328114255
rhaS_3,HTH-type transcriptional activator RhaS,E745S_02845,635.878502385493,113.376096961441,398.117321890084,256.040633752937,0,224.523718944277,491.581221428916,353.670580806924,966.500349367862
scrB_1,Sucrose-6-phosphate hydrolase,E745S_02846,341.127689286221,418.139366775224,905.876580022624,160.825523076063,0,196.351541282068,344.106855000241,457.125240498745,116.505135492561
treP_2,PTS system trehalose-specific EIIBC component,E745S_02847,6748.3507838253,5644.88145146552,5225.55597101183,7427.57875977659,7749.01319190924,6017.74788911867,7499.24709762006,7423.87430052084,9650.23523706689
IS1182 family transposase ISEfa12,IS1182 family transposase ISEfa12,E745S_02850,1998.32806503318,2200.95248780192,1247.57620656465,1561.84786589291,1451.20006004466,1592.15488909155,1330.78059229685,1745.09565495661,2175.85647412867
nagR_2,HTH-type transcriptional repressor NagR,E745S_02852,3059.84323109,2666.93864779023,3069.97421478878,2747.6360509612,1346.13173886568,1818.38601274263,2097.99842716984,2243.1215748684,3997.27478957574
agaS,D-galactosamine-6-phosphate deaminase AgaS,E745S_02853,3517.42840946789,4310.37197989186,2884.75385647628,3398.13928608975,4886.12594474194,4333.39314585989,5891.07424465975,5497.53249757701,6983.74445994842
lacD,Tagatose 1,6-diphosphate aldolase,E745S_02854,86.5701688823038,116.496539997077,142.640965596982,266.44228449915,625.919827878172,332.943917826115,787.407777895961,480.382489576751,794.204022230977
hypothetical protein,hypothetical protein,E745S_02855,0,0,0,8.00126980477927,0,0,14.9230013648064,21.65330086573,0
licC_3,Lichenan permease IIC component,E745S_02856,2221.96766797913,1257.53854336131,1504.11704767564,2582.80989298275,1070.43964825076,601.860159147207,1573.93773218223,2583.15859587098,810.613196244013
hypothetical protein,hypothetical protein,E745S_02859,4127.54198063841,5040.55565023068,6476.32563203014,5039.19972304998,7240.73396295796,9692.93652050694,3841.3561160231,4054.78108063448,2656.64527271064
hypothetical protein,hypothetical protein,E745S_02861,105.120919357083,3.120443035636,310.829566823274,46.4073648677197,1.79603967827309,118.664627122641,1.75564721938899,22.4552749718682,618.625860291484
glcB,PTS system glucoside-specific EIICBA component,E745S_02863,1873.62579795272,2589.96771957788,1905.42782401939,1964.31173707331,1401.80896889215,2204.25947647956,2006.70477176161,1819.67924682746,3923.43350651708
rpiR,HTH-type transcriptional regulator RpiR,E745S_02865,201.997060725375,0,0,132.821078759336,0,0.853702353400294,0,101.850711479545,297.006049635964
hypothetical protein,hypothetical protein,E745S_02866,6923.55231608711,8059.06421336923,8804.35392875103,7920.456979751,3809.40015761722,3236.38562174051,6918.1278680023,8908.32837098256,10026.0053219654
IS200/IS605 family transposase ISAac3,IS200/IS605 family transposase ISAac3,E745S_02869,166.956754273014,230.912784637064,270.379143743533,0,0,223.670016590877,117.628363699062,241.394205947583,0
IS3 family transposase ISEfa10,IS3 family transposase ISEfa10,E745S_02870,295.781410347871,0,203.316600216594,12.0019047071689,286.468328684558,163.057149499456,47.4024749235026,72.9796436585715,0
degA_4,HTH-type transcriptional regulator DegA,E745S_02872,1822.09593552277,1832.74020959688,1472.182503139,1625.05789735067,508.279228951284,1189.20737828661,1346.58141727135,1362.55400632871,991.114110387417
scrB_2,Sucrose-6-phosphate hydrolase,E745S_02873,335.974703043227,417.099219096678,704.688949441807,488.877585072013,334.063380158795,373.921630789329,515.282458890668,336.829124578022,100.095961479524
hypothetical protein,hypothetical protein,E745S_02874,6396.91712205309,4032.65254972025,6713.70574641914,4765.55629572653,8465.63302354021,5935.79246319224,9367.25573904994,6559.34621410392,6498.03290916254
gmuE_5,Putative fructokinase,E745S_02876,86.5701688823038,315.164746599236,613.143255103445,951.350979788255,347.533677745843,160.496042439255,100.071891505172,367.304140611272,625.189529896699
hypothetical protein,hypothetical protein,E745S_02879,571.981472972364,892.446708191895,791.976704508616,1028.96329689461,281.978229488875,1917.41548573706,1314.10194371266,1781.98646383897,1406.26621291725
hypothetical protein,hypothetical protein,E745S_02881,0,34.324873391996,0,0,0,0,0,25.6631713964208,0
IS66 family transposase ISCth11,IS66 family transposase ISCth11,E745S_02883,1409.85703608323,583.522847663931,1093.2259079709,739.317329961604,810.013894901163,1839.72857157763,921.714790179218,1281.55462160876,1896.90051590704
hxlB,3-hexulose-6-phosphate isomerase,E745S_02884,2366.25128278297,1873.30596906014,3411.6738413308,2032.32253041393,1802.32581714704,2696.84573439153,1671.37615285832,3560.76503125338,1872.28675488749
rpe_2,Ribulose-phosphate 3-epimerase,E745S_02885,64.9276266617278,742.665442481367,194.80072167349,0,638.492105626083,662.473026238628,606.576114298895,1040.16041566118,451.252285358509
hypothetical protein,hypothetical protein,E745S_02887,1873.62579795272,3069.47579938728,2305.67411554525,1559.44748495148,1809.50997586014,2299.02043770699,2409.62580861138,2075.50898668553,2185.70197853649
gatC_3,PTS system galactitol-specific EIIC component,E745S_02888,10729.5479551627,6427.07250573161,8248.69285381353,9945.57836734063,6181.07055277684,7903.57638777992,9731.55253707315,10286.1198853279,8306.32388539918
hypothetical protein,hypothetical protein,E745S_02889,0,0,0,67.2106663601458,0,78.540616512827,0,48.1184463682889,0
manR_3,Transcriptional regulator ManR,E745S_02890,3908.02476668686,6450.99590233815,4507.02871893748,3769.39820503151,3305.61102786162,5348.44524405284,4188.09644185243,3179.02535673162,2773.1504082032
hypothetical protein,hypothetical protein,E745S_02893,605.991182176126,1123.35949282896,846.265430220901,1219.39351824836,151.765352814076,787.113569835071,631.155175370341,595.064786754506,1114.18291548519
hypothetical protein,hypothetical protein,E745S_02895,8572.50791384527,6541.48875037159,8843.73986701288,7475.58637860527,7409.56169271563,6360.93623518559,7910.94637056677,6753.42394778935,9059.50497259757
hypothetical protein,hypothetical protein,E745S_02896,1756.13771161245,1729.76558942089,1770.23825214762,2247.5566881625,2797.33179891034,1227.62398418962,1716.14515695273,1977.66814573667,3573.9181000394
hypothetical protein,hypothetical protein,E745S_02897,87.6007661309026,225.712046244337,427.922896790946,190.430221353747,460.684177477047,0,251.057552372625,224.552749718682,0
ssb_2,Single-stranded DNA-binding protein,E745S_02903,0,58.2482699985386,0,0,0,0,0.877823609694493,23.2572490780063,0
ssbA,Single-stranded DNA-binding protein A,E745S_02904,822.416604381886,445.183206417402,0,112.817904247388,661.840621443633,470.389996723562,112.361422040895,164.40469175832,0
hypothetical protein,hypothetical protein,E745S_02905,5958.91329139858,4646.339680062,4356.93635961528,4476.710455774,4826.85663535893,5720.65947013537,5366.13572606244,3327.39056636718,5675.9332911094
topB_3,DNA topoisomerase 3,E745S_02908,0,266.277805707605,336.377202452584,594.4943464951,0,358.554988428123,241.401492665986,97.8408409488541,534.939072824997
hypothetical protein,hypothetical protein,E745S_02909,0,0,0,0,0,0,0,57.7421356419467,0
hypothetical protein,hypothetical protein,E745S_02913,2903.19244930297,2534.83989261497,3114.68257714007,2208.35046611908,3067.63577049044,3058.81553223325,2957.38774106075,2292.84396944897,2083.96509965566
hypothetical protein,hypothetical protein,E745S_02914,616.297154662115,220.51130785161,258.669810746766,0,0,417.460450812744,431.011392359996,704.935239295433,846.713379072694
hypothetical protein,hypothetical protein,E745S_02915,334.944105794628,29.1241349992693,72.3849676163789,616.097774968004,338.553479354477,365.384607255326,291.437438418572,425.046276253219,103.377796282131
hypothetical protein,hypothetical protein,E745S_02916,242.190353420731,119.616983032713,0,109.617396325476,0,0,91.2936554082273,41.7026535191837,0
hypothetical protein,hypothetical protein,E745S_02917,1494.36601046834,2983.14354206801,3175.35821175968,2769.2394794341,2422.8575259904,2435.61281425104,3383.13219176258,1767.55092992848,2988.11058777398
hypothetical protein,hypothetical protein,E745S_02918,3392.72614238743,2718.9460317175,1758.52891915085,3162.10182684877,3601.05955493754,2543.17931077948,2672.97289151973,2386.67493986713,2174.21555672736
hypothetical protein,hypothetical protein,E745S_02919,91.7231551252981,435.821877310494,1157.09499704417,412.065394946132,481.338633777188,1132.00932060879,334.450795293602,487.600256531994,52.5093568417175
hypothetical protein,hypothetical protein,E745S_02920,0,1.04014767854533,0,0.800126980477927,2.69405951740963,0,98.3162442857833,34.4848865639404,0
hypothetical protein,hypothetical protein,E745S_02927,2.06119449719771,0,1.06448481788793,0,0,0,0.877823609694493,24.8611972902826,0
hypothetical protein,hypothetical protein,E745S_02928,1119.22861197836,1209.69175014822,1017.64748590086,1055.36748725039,335.859419837068,802.480212196276,1691.56609588129,1254.28750200006,1635.99464909976
hypothetical protein,hypothetical protein,E745S_02930,5077.75264384656,6030.77624020584,4216.42436365407,5948.94409985338,3860.587288448,3429.32235360898,3256.72559196657,6207.27958150927,3723.24158355803
hypothetical protein,hypothetical protein,E745S_02931,222.609005697353,496.150442666124,457.728471691808,0,0,85.3702353400294,0.877823609694493,163.602717652182,57.4321090456285
hypothetical protein,hypothetical protein,E745S_02933,546.216541757393,542.957088200663,114.964360331896,250.439744889591,0,84.5165329866291,311.627381441545,273.473170193109,205.114675162959
hypothetical protein,hypothetical protein,E745S_02934,2675.43045736263,3309.74991313125,2202.41908821012,1727.47415085184,1301.23074690885,1511.05316551852,1634.50756125115,3366.68729756795,1895.25959850574
hypothetical protein,hypothetical protein,E745S_02935,5245.73999536817,5308.91375129538,5111.65609549782,3454.14817472321,7344.00624445866,7551.851018179,11491.5888745106,6613.88045332131,7879.68536106023
hypothetical protein,hypothetical protein,E745S_02937,470.982942609677,481.588375166489,447.083623512929,838.533075540867,1576.02481768464,635.154550929819,416.966214604884,684.083912535841,484.070633384583
hypothetical protein,hypothetical protein,E745S_02939,5837.30281606391,5436.85191575645,4635.83138190191,1813.08773776298,2430.04168470349,2524.39785900467,3523.5839693137,4320.23450976621,3659.24580490719
hypothetical protein,hypothetical protein,E745S_02940,7259.52701913033,6105.6668730611,6353.90987797303,2803.64493959466,2894.31794153708,3714.45893964468,4000.24218937781,3126.0950657265,5006.4389913775
hypothetical protein,hypothetical protein,E745S_02941,8945.58411783806,10027.023621177,11087.6738631206,4815.96429549664,3736.66055064716,3127.11172050528,5224.80612490163,7088.6491241551,8032.29067938147
hypothetical protein,hypothetical protein,E745S_02942,66.9888211589255,0,0,0,0,0,20.1899430229733,57.7421356419467,380.692837102452
hypothetical protein,hypothetical protein,E745S_02944,90.6925578766992,383.814493383228,0,0,619.633689004216,28.1721776622097,181.70948720676,90.6230739936108,201.832840360351
hypothetical protein,hypothetical protein,E745S_02954,0,58.2482699985386,0,0,0,0,0,0,0
hypothetical protein,hypothetical protein,E745S_02955,77.2947936449141,539.836645165027,50.0307864407325,120.019047071689,473.256455224959,390.141975503934,1210.51875776871,412.214690555008,899.222735914412
topB_4,DNA topoisomerase 3,E745S_02956,221.578408448754,102.974620175988,162.866177136853,815.329393107007,678.902998387228,282.575478975497,569.707522691726,425.046276253219,382.333754503755
hypothetical protein,hypothetical protein,E745S_02957,264.863492889906,0,361.924838081895,472.875045462455,403.210907772308,481.488127317766,126.406599796007,334.423202259608,361.001828286808
hypothetical protein,hypothetical protein,E745S_02958,478.197123349869,1016.22428193879,657.851617454738,691.309711132929,0,198.912648342268,726.837948827041,604.688476028164,1421.03446952898
hypothetical protein,hypothetical protein,E745S_02959,229.823186437545,582.482699985386,333.183747998921,130.420697817902,269.405951740963,0,317.772146709407,346.45281385168,0
ssb_3,Single-stranded DNA-binding protein,E745S_02960,459.646372875089,2118.78082119684,1042.13063671228,228.036189436209,0,1079.93347705137,575.852287959588,704.133265189295,710.517234764489
hypothetical protein,hypothetical protein,E745S_02961,214.364227708562,542.957088200663,89.4167247025857,0,299.040606432469,82.8091282798285,53.5472401913641,40.0987053069074,59.0730264469321
hypothetical protein,hypothetical protein,E745S_02962,0,49.9270885701759,0,0,0,74.2721047458256,0,55.3362133235323,0
hypothetical protein,hypothetical protein,E745S_02966,496.747873824648,707.300421410826,581.208710566807,104.816634442608,0,592.469433259804,358.152032755353,378.531778097206,0
hypothetical protein,hypothetical protein,E745S_02968,155.620184538427,41.6059071418133,0,0,0,0,33.3572971683908,44.9105499437363,385.615589306363
pemK,Endoribonuclease PemK,E745S_02970,2312.66022585583,2687.74160136114,4124.87866931571,1203.3909786388,779.481220370521,1553.73828318853,1779.34845685074,3439.66694122652,1719.68143656625
bin3_1,Putative transposon Tn552 DNA-invertase bin3,E745S_02971,1288.24656074857,1255.45824800422,1065.54930270581,466.474029618631,982.43370401538,990.294729944341,1132.3924565059,1409.06850448473,0
umuC_2,Protein UmuC,E745S_02972,3101.06712103395,2638.85466046951,2698.46901334589,1503.43859631802,2421.06148631212,1785.09162096001,2123.45531185098,2388.27888807941,2221.80216136517
hypothetical protein,hypothetical protein,E745S_02973,132.947045069252,239.233966065426,2.12896963577585,0,0,173.30157774026,0,69.7717472340189,0
hypothetical protein,hypothetical protein,E745S_02975,9831.89775163307,10427.480477417,8826.70810992668,8339.72351752143,9822.54100047552,7918.94303014112,11747.0355449317,11839.5437289175,13865.752041016
hypothetical protein,hypothetical protein,E745S_02982,8182.94215387491,8967.11313673931,7558.90669182216,2845.25154257951,6023.91708092794,5652.36328186335,5080.84305291173,4672.30114236085,3749.49626197889
hypothetical protein,hypothetical protein,E745S_02983,1280.00178275978,1999.16383816413,1870.29982502908,1108.17586796193,722.905970504918,541.247292055786,907.669612424106,1059.40779420849,461.097789766332
hypothetical protein,hypothetical protein,E745S_02990,512.206832553631,172.664514638525,633.368466643316,224.035554533819,362.800015011164,508.806602626575,683.82459195201,411.41271644887,751.540169797081
hypothetical protein,hypothetical protein,E745S_02991,0,0,0,0,0,0,83.3932429209769,0,0
hypothetical protein,hypothetical protein,E745S_02992,1324.31746444953,1572.70328996054,1443.44141305603,1046.56609046513,3175.39815118682,876.752316942102,1638.01885568992,926.280092589562,469.30237677285
hypothetical protein,hypothetical protein,E745S_02995,364.831426003995,465.986159988309,327.861323909481,95.2151106768733,0,240.744063658883,34.2351207780852,121.09809002686,0
hypothetical protein,hypothetical protein,E745S_02997,1176.94205789989,2177.02909119538,1186.90057194504,902.543233979101,937.532712058553,1322.38494541706,488.069926990138,982.418280019232,474.225128976761
hypothetical protein,hypothetical protein,E745S_02998,1017.19948436707,1453.08630692783,555.661074937497,451.271616989551,0,506.245495566374,688.213710000483,583.035175162434,812.254113645317
hypothetical protein,hypothetical protein,E745S_03000,9826.74476539008,6078.62303341892,9842.22662619176,5420.86029273795,3816.58431633031,6462.52681524022,7693.24611536254,5803.08463201564,5411.74558949951
hypothetical protein,hypothetical protein,E745S_03024,318.454549817046,146.660822674892,0,384.060950629405,0,62.3202717982214,311.627381441545,344.046891533266,469.30237677285
hypothetical protein,hypothetical protein,E745S_03026,988.342761406302,1233.61514675476,2125.77618132219,829.73167875561,1038.11093404185,1172.987033572,1370.2826547331,1054.59594957167,2044.58308202437
hypothetical protein,hypothetical protein,E745S_03027,752.335991477164,668.814957304649,778.138401876073,1184.18793110733,756.13270455297,973.220682876335,578.485758788671,1456.38497674688,443.047698351991
hypothetical protein,hypothetical protein,E745S_03028,527.665791282614,107.135210890169,274.637083015085,243.23860206529,0,186.960815394664,866.411902768465,389.75941558314,83.6867874664872
bin3_2,Putative transposon Tn552 DNA-invertase bin3,E745S_03029,1146.02414044193,665.694514269013,546.080711576506,1402.62259677781,581.018835921344,1473.49026196891,1252.65429103404,1590.31465247195,1737.73152798059
hypothetical protein,hypothetical protein,E745S_03032,89.6619606281003,0,153.285813775861,224.035554533819,0,415.753046105943,1191.20663835543,218.938930975715,470.943294174153
hypothetical protein,hypothetical protein,E745S_03033,4818.04213719965,4390.46335113985,5628.99571699135,5220.02842063799,5560.53884393348,3441.27418655658,8818.61598299088,5883.28204262946,8755.93525335639
hypothetical protein,hypothetical protein,E745S_03034,6983.32695650584,8116.27233568923,6551.90405410018,8262.11120041507,10375.7212213836,8018.82620548896,11413.4625732478,10210.7343193509,9066.06864220278
hypothetical protein,hypothetical protein,E745S_03035,2706.34837482059,2585.8071288637,504.565803678877,632.90044155804,802.829736188071,1115.78897589418,846.221959745492,1081.06109507422,1191.30603334647
bin3_3,Putative transposon Tn552 DNA-invertase bin3,E745S_03036,1629.37425003479,481.588375166489,460.921926145472,1471.43351709891,716.619831630962,840.896818099289,1139.41504538345,1503.70144900903,1381.65245189769
ligA_2,DNA ligase,E745S_03037,603.929987678929,89.4527003548986,9.58036336099133,137.621840642203,0,0,0,526.095013626625,118.146052893864
hypothetical protein,hypothetical protein,E745S_03038,0,0,0,48.0076188286756,0,0,0,111.474400753203,0
bin3_4,Putative transposon Tn552 DNA-invertase bin3,E745S_03039,2176.62138904078,1783.85326870525,2295.02926736637,1271.40177197943,2388.73277210321,1550.32347377493,2437.71616412161,1913.51021724562,2794.48233442015
Tn3 family transposase TnBth1,Tn3 family transposase TnBth1,E745S_03040,9235.18194469434,7996.65535265651,5548.09487083187,6932.30015886076,9713.88059994,7811.37653361269,10808.6421061683,13160.395081727,15549.3332947536
hypothetical protein,hypothetical protein,E745S_03042,529.726985779811,833.158290514811,1186.90057194504,600.095235358445,0,733.330321570852,878.701433304188,1117.95190395658,27.8955958221624
repD,Replication initiation protein,E745S_03043,1575.78319310765,2722.06647475313,2583.50465301399,3372.53522271446,2157.94167344512,2078.76523052972,3949.32842001553,2591.17833693236,1678.65850153366
hypothetical protein,hypothetical protein,E745S_03045,6674.14778192618,2829.2016856433,3694.82680288899,6661.05711247874,11852.0658369241,7089.14434263604,12548.4885005828,5105.36715967545,6363.47768225564
hypothetical protein,hypothetical protein,E745S_03046,0,1.04014767854533,0,104.01650746213,0,0,64.9589471173925,24.8611972902826,57.4321090456285
hypothetical protein,hypothetical protein,E745S_03048,0,0,121.351269239223,55.2087616529769,0,0,300.215674515517,40.0987053069074,349.515406477682
repN,Replication initiation protein,E745S_03050,547.247139005992,399.416708561408,150.092359322197,577.691679905063,0,455.877056715757,533.716754694252,680.07404200515,1299.60658183251
hypothetical protein,hypothetical protein,E745S_03053,223.639602945951,146.660822674892,195.865206491378,551.287489549292,0,388.434570797134,685.580239171399,1340.90070546298,661.289712725379
hypothetical protein,hypothetical protein,E745S_03070,732.754643753786,211.149978744702,526.919984854523,408.064760043743,695.965375330822,0,711.03712385254,702.529316977018,976.345853775684
hypothetical protein,hypothetical protein,E745S_03071,1004.83231738388,1720.40426031398,1345.50880981034,216.03428472904,0,220.255207177276,293.193085637961,372.917959354239,49.2275220391101
hypothetical protein,hypothetical protein,E745S_03074,384.412773727373,422.299957489405,145.834420050646,15.2024126290806,0,65.7350812118226,447.690040944192,289.512652315872,0
hypothetical protein,hypothetical protein,E745S_03075,1617.0070830516,4034.73284507734,2884.75385647628,496.878854876793,2035.81097532255,1230.18509124982,2060.25201195298,1157.24863515735,2485.98986297506
hypothetical protein,hypothetical protein,E745S_03076,293.720215850674,892.446708191895,1211.38372275646,0,1290.45450883921,268.062538967692,649.589471173925,673.658249156045,0
hypothetical protein,hypothetical protein,E745S_03077,394.718746213361,609.526539627565,322.538899820041,230.436570377643,276.590110454056,71.7109976856247,192.243370523094,234.978413098478,0
hypothetical protein,hypothetical protein,E745S_03078,1419.13241132062,762.428248373729,1016.58300108297,305.648506542568,493.910911525099,404.654915511739,380.097622997716,868.537956947615,845.07246167139
umuC_3,Protein UmuC,E745S_03092,1191.37041938028,1911.79143316632,1590.34031792456,1523.44177082997,3181.68429006078,1460.6847266679,2846.78196623924,2197.40905081853,1460.41648716027
hypothetical protein,hypothetical protein,E745S_03094,2628.02298392708,2420.42364797499,1935.23339892025,1736.2755476371,1569.73867881068,952.731826394728,1920.67805801155,2280.81435785689,618.625860291484
hypothetical protein,hypothetical protein,E745S_03095,455.523983880694,470.14675070249,758.977675154091,416.066029848522,389.74061018526,537.832482642185,440.667452066636,290.31462642201,0
hypothetical protein,hypothetical protein,E745S_03116,725.540463013594,317.245041956326,1181.5781478556,0,172.419809114217,173.30157774026,63.2032998980035,435.471939633015,0
hypothetical protein,hypothetical protein,E745S_03117,5798.14012061716,5375.48320272228,4485.73902257972,1569.84913569769,2255.825835911,2215.35760707376,2367.49027534605,1953.60892255253,2463.01701935681
yxdL_2,ABC transporter ATP-binding protein YxdL,E745S_03118,2788.7961547085,1539.41856424709,1932.03994446658,932.147932256785,1983.72582465263,985.172515823939,1372.91612556219,919.864299740457,794.204022230977
hypothetical protein,hypothetical protein,E745S_03119,0,301.642826778146,348.086535449352,251.239871870069,154.459412331486,124.640543596443,0,26.4651455025589,0
hypothetical protein,hypothetical protein,E745S_03128,13869.7777716434,17214.4440799252,8014.50619387819,8377.32948560389,7818.16071952276,9393.28699446343,9386.56785846322,12032.0175143906,4799.68339881324
hypothetical protein,hypothetical protein,E745S_03129,91.7231551252981,528.395020701029,739.816948432108,341.654220664075,613.34755013026,665.034133298829,619.743468444312,806.785950774978,1004.24144959785
hypothetical protein,hypothetical protein,E745S_03130,282.383646116086,417.099219096678,146.898904868534,1456.23110446983,0,439.656712001151,915.570024911357,423.442328040942,833.586039862265
hypothetical protein,hypothetical protein,E745S_03133,2650.69612339625,2843.76375314294,2429.15435442025,1232.99567691649,1835.5525511951,1225.91657948282,2002.31565371314,2083.52872774691,4021.8885505953
hypothetical protein,hypothetical protein,E745S_03134,5763.0998141648,2859.36596832112,5203.20178983618,5956.14524267769,4104.84868469314,4937.8144120673,3355.04183625235,6674.02851128167,1965.8190467618
hypothetical protein,hypothetical protein,E745S_03135,91.7231551252981,200.748501959249,202.252115398706,190.430221353747,158.051491688032,111.835008295438,88.6601845791438,433.867991420738,1606.45813587629
hypothetical protein,hypothetical protein,E745S_03136,350.403064523611,813.39548462245,286.346416011852,484.876950169624,281.978229488875,215.132993056874,918.20349574044,651.202974184177,1073.1599804526
hypothetical protein,hypothetical protein,E745S_03137,499.839665570444,360.93124445523,0,101.616126520697,655.554482569677,0,44.7690040944192,213.325112232748,849.995213875301
hypothetical protein,hypothetical protein,E745S_03138,315.36275807125,653.212742126469,149.02787450431,372.859172902714,463.378236994457,357.701286074723,122.895305357229,396.977182538384,90.2504570717019
hypothetical protein,hypothetical protein,E745S_03139,118.518683588868,0,158.608237865301,168.026665900365,0,50.3684388506173,180.831663597066,116.286245390032,0
hypothetical protein,hypothetical protein,E745S_03142,2860.93796211042,2524.43841582952,3698.02025734265,2095.53256187169,4132.68729970638,1563.12900907594,1988.27047595803,2741.14749478019,3583.76360444722
hypothetical protein,hypothetical protein,E745S_03143,2091.08181740708,3740.37105204901,2598.40744046443,1618.65688150685,1669.41888095484,2290.48341417299,1809.19445958035,2112.39979556788,1683.58125373757
hypothetical protein,hypothetical protein,E745S_03144,9762.84773597695,9638.00838940105,9271.66276380383,4699.14575634686,10373.9251817054,6588.87476354347,8262.95363805427,7607.52637082648,13970.7707546995
hypothetical protein,hypothetical protein,E745S_03146,3582.35603612962,4169.95204328824,2346.12453862499,3420.54284154314,2725.49021177941,2631.11065317971,2712.47495395598,4729.24130389666,4313.97184802735
hypothetical protein,hypothetical protein,E745S_03147,3357.68583593507,2116.70052583975,3940.7227958211,2626.01674992856,3761.80510614299,2562.81446490768,4060.81201844673,3166.99574513955,6900.05767248194
hypothetical protein,hypothetical protein,E745S_03148,1384.09210486826,1017.26442961733,1660.59631590516,246.439109987201,716.619831630962,1482.88098785631,1088.50127602117,1139.60520482231,55.7911916443248
hypothetical protein,hypothetical protein,E745S_03149,841.997952105264,838.359028907538,513.08168222198,352.855998390766,1059.66341018112,838.335711039089,451.20133538297,482.788411895165,265.828619011195
hypothetical protein,hypothetical protein,E745S_03150,745.121810736972,499.270885701759,782.396341147625,362.457522156501,438.233681498634,262.94032484729,500.359457525861,302.344238014082,636.675951705824
hypothetical protein,hypothetical protein,E745S_03151,1063.57636055402,1016.22428193879,438.567744969825,1837.8916741578,299.040606432469,2082.18003994332,588.141818495311,1407.46455627245,1083.00548486042
hypothetical protein,hypothetical protein,E745S_03152,96.8761413682923,61.3687130341746,0,0,0,104.151687114836,182.587310816455,0,377.411002299844
hypothetical protein,hypothetical protein,E745S_03153,129.855253323456,0,106.448481788793,0,0,0,0,0,0
hypothetical protein,hypothetical protein,E745S_03155,1623.1906665432,843.559767300265,884.586883664866,748.118726746862,1092.89014422917,1126.03340413499,1036.7096830492,741.024074071649,623.548612495395
hypothetical protein,hypothetical protein,E745S_03156,1542.80408115249,2446.42733993862,1142.19220959374,900.942980018145,1738.56640856835,1413.73109723089,1594.1276752052,1587.1067560474,1655.6856579154
hypothetical protein,hypothetical protein,E745S_03157,3665.83441326613,2141.66407012484,2429.15435442025,2441.98754441863,2186.67830829749,2102.66889642492,2946.85385774441,3243.98525932881,4128.54818168004
hypothetical protein,hypothetical protein,E745S_03158,0,486.789113559216,160.737207501077,65.61041239919,958.187168358693,23.0499635418079,137.818306722035,134.731649831209,433.202193944169
hypothetical protein,hypothetical protein,E745S_03159,0,46.80664553454,41.5149078976291,0,517.25942734265,93.9072588740323,0,104.256633797959,0
hypothetical protein,hypothetical protein,E745S_03160,2307.50723961284,1048.46885997369,1388.08820252585,1326.6105336324,465.17427667273,1875.58407042045,1020.031034465,1668.10614076735,961.577597163951
hypothetical protein,hypothetical protein,E745S_03161,439.034427903112,355.730506062504,296.991264190731,131.22082479838,297.244566754196,115.24981770904,917.325672130746,363.294270080581,1325.86126025337
hypothetical protein,hypothetical protein,E745S_03162,3389.63435064163,2935.29674885493,3797.01734540623,1618.65688150685,1516.75550830162,2152.18363292214,1479.13278233522,3632.14072669968,1933.00069873572
hypothetical protein,hypothetical protein,E745S_03163,1269.69581027379,1229.45455604058,1948.0072167349,1395.4214539535,1009.37429918948,1633.13260205476,2040.9398925397,2679.39548860755,4555.18670601899
