,ERR1801012,ERR1801013,ERR1801014,ERR1801009,ERR1801010,ERR1801011,ERR1801006,ERR1801007,ERR1801008
E745S_00001,0,0,0,0,0,0,0,0,0
E745S_00003,0,0,0,0,0,0,0,0,0
E745S_00004,5183,5686,4276,7625,11614,11339,6894,4804,3980
E745S_00006,0,0,0,0,0,0,0,0,0
E745S_00007,0,0,0,0,0,0,0,0,0
E745S_00008,0,0,0,0,0,0,0,0,0
E745S_00009,0,0,0,0,0,0,0,0,0
E745S_00010,1332,1062,1581,1767,898,1245,2258,1529,109
E745S_00011,1219,1260,1227,1461,805,846,1472,1325,1595
E745S_00012,0,0,0,0,0,0,0,0,0
E745S_00013,0,0,0,1,1,0,0,0,0
E745S_00014,3308,2561,2096,5039,3637,3265,3520,5164,1382
E745S_00015,0,0,0,0,0,0,0,0,0
E745S_00016,903,571,624,984,2359,335,191,676,0
E745S_00017,1724,2307,2131,1700,650,1326,1024,1389,1439
E745S_00018,840,1559,2754,4118,1187,1765,1771,2236,987
E745S_00019,0,0,0,0,0,0,0,0,0
E745S_00020,0,0,0,0,0,0,0,0,0
E745S_00021,514,269,347,880,466,111,242,473,144
E745S_00022,0,0,0,0,0,0,0,0,0
E745S_00023,0,0,0,0,0,0,0,0,0
E745S_00024,0,0,0,0,0,0,0,0,0
E745S_00025,0,0,0,0,0,0,0,0,0
E745S_00026,382,688,984,1743,657,889,1386,2027,706
E745S_00027,0,0,0,0,0,0,0,0,0
E745S_00028,1,0,0,0,362,73,0,144,0
E745S_00029,0,1,0,0,0,0,0,0,0
E745S_00030,0,0,0,0,0,0,0,0,0
E745S_00031,3305,4064,5509,7322,3060,6096,3146,5672,1927
E745S_00032,0,0,0,1,0,0,0,0,0
E745S_00033,5062,2983,2622,7820,8095,5500,5652,7564,5494
E745S_00034,3301,2461,3434,3848,2687,3363,3866,4077,1769
E745S_00035,0,0,0,0,0,0,0,0,0
E745S_00037,567,844,812,1373,1190,1219,1046,1562,513
E745S_00038,3462,2751,3651,4858,3213,4616,5034,6096,2070
E745S_00039,0,0,0,0,0,0,0,0,0
E745S_00040,0,0,0,0,0,0,0,0,0
E745S_00041,0,0,0,0,0,0,0,0,0
E745S_00042,0,0,0,0,0,0,0,0,0
E745S_00043,0,0,0,0,0,0,0,0,0
E745S_00044,200,174,415,0,851,499,159,268,35
E745S_00045,0,0,0,0,0,0,0,0,0
E745S_00046,0,0,0,0,0,0,0,0,0
E745S_00047,0,0,0,0,0,0,0,0,0
E745S_00048,0,0,0,0,488,0,0,0,402
E745S_00049,0,0,0,0,0,0,0,0,0
E745S_00050,550,664,513,114,0,557,502,622,0
E745S_00051,0,0,0,0,0,0,0,0,0
E745S_00052,0,0,0,0,0,0,0,0,0
E745S_00053,0,0,0,0,0,0,0,0,0
E745S_00054,0,0,0,0,0,0,0,0,0
E745S_00055,0,0,0,0,0,0,0,0,0
E745S_00056,0,0,0,0,0,0,0,0,0
E745S_00057,0,0,0,0,0,0,0,0,0
E745S_00058,0,0,0,0,0,0,0,0,0
E745S_00059,0,0,71,165,355,100,0,54,0
E745S_00060,0,0,0,0,0,0,0,0,0
E745S_00061,5143,4372,7351,6545,3286,4960,5012,5540,3633
E745S_00062,0,0,123,0,0,0,0,0,306
E745S_00063,394,633,402,609,1222,1747,596,671,321
E745S_00064,2234,1380,1463,2296,2610,2594,2948,2196,429
E745S_00065,604,901,703,2157,427,1364,456,1101,1194
E745S_00066,0,0,0,0,0,0,0,0,0
E745S_00067,253,191,0,265,0,308,52,208,122
E745S_00068,10986,7359,7884,17092,16808,12403,18097,11440,8259
E745S_00069,3252,3250,5082,3695,4726,4550,3868,3982,2289
E745S_00070,1614,1532,922,1897,3186,2494,1810,2725,2033
E745S_00071,717,1806,1386,1408,1922,1741,915,1321,397
E745S_00072,0,0,0,0,0,0,0,0,0
E745S_00073,1698,1060,820,2205,1225,1920,1610,943,1471
E745S_00074,2099,2597,3293,5185,4988,3083,5517,2345,2465
E745S_00075,0,56,84,305,339,214,105,103,454
E745S_00076,0,0,0,0,1,0,0,10,0
E745S_00077,6119,5331,5236,6037,6804,10499,7504,7758,4789
E745S_00078,785,1675,677,1467,2091,2043,1409,1726,765
E745S_00079,2020,2261,1803,2776,2107,2651,2495,1891,768
E745S_00080,1313,1854,1691,3848,5059,3615,1975,2004,1398
E745S_00081,0,0,0,0,0,0,0,0,0
E745S_00082,0,0,0,0,0,0,0,0,0
E745S_00083,0,0,0,0,0,0,0,0,0
E745S_00084,0,0,0,0,0,0,0,0,0
E745S_00085,0,0,0,0,0,0,0,0,0
E745S_00086,0,73,0,0,0,0,0,133,0
E745S_00087,513,665,348,839,1997,1193,567,460,422
E745S_00088,4157,4585,3359,7436,6373,5270,4150,6595,2234
E745S_00089,0,0,0,0,0,0,0,0,0
E745S_00090,0,0,0,0,0,0,0,0,0
E745S_00091,1579,1574,815,3382,1345,1508,1850,1878,2518
E745S_00092,0,0,0,0,0,0,0,0,0
E745S_00093,0,0,0,0,0,0,0,0,0
E745S_00094,0,0,0,0,0,0,0,0,0
E745S_00095,0,0,0,77,0,0,0,0,0
E745S_00096,0,0,0,0,0,0,0,0,0
E745S_00097,0,0,0,0,0,0,0,0,0
E745S_00098,1,8,4,3,2,1,5,4,2
E745S_00099,653,969,1409,733,1286,2743,1011,797,696
E745S_00100,0,0,0,0,0,1,0,0,0
E745S_00101,8152,6339,7699,13941,7300,7973,13317,11173,4029
E745S_00102,656,711,185,644,674,352,92,535,0
E745S_00103,0,0,0,0,0,0,0,0,0
E745S_00104,0,0,0,0,0,0,1,0,0
E745S_00105,74,221,97,0,243,86,21,52,0
E745S_00106,149,250,559,826,468,1200,521,1051,448
E745S_00107,0,0,0,0,0,0,0,0,0
E745S_00108,0,0,0,0,0,0,0,0,0
E745S_00109,0,0,0,0,0,111,73,306,70
E745S_00110,0,0,0,0,0,0,0,0,0
E745S_00111,0,0,0,0,0,0,0,0,0
E745S_00112,0,0,55,0,0,0,1,158,0
E745S_00113,0,0,0,0,0,0,0,0,0
E745S_00114,0,0,0,89,0,0,0,21,0
E745S_00115,85,54,274,171,334,481,120,112,0
E745S_00116,135,58,126,0,2,37,80,106,292
E745S_00117,0,0,0,0,321,0,0,0,0
E745S_00118,2508,2310,2226,4286,3700,4117,4754,5534,4195
E745S_00119,0,0,0,505,530,598,155,425,156
E745S_00120,83,132,296,422,2,582,475,193,432
E745S_00121,0,0,0,0,0,0,0,0,0
E745S_00122,0,0,0,0,0,0,0,0,0
E745S_00123,569,210,158,151,1020,344,286,495,481
E745S_00124,0,0,0,0,0,0,0,0,0
E745S_00125,22251,16377,19182,29503,35349,22165,28278,32228,18190
E745S_00126,130,142,442,0,345,462,466,189,254
E745S_00127,0,0,0,0,0,0,0,0,0
E745S_00128,0,0,0,0,0,0,0,0,0
E745S_00129,0,0,0,0,0,0,0,0,0
E745S_00130,0,0,0,0,0,0,0,0,0
E745S_00131,0,0,0,0,0,1,0,0,0
E745S_00132,0,0,0,1,0,0,0,0,0
E745S_00133,0,0,0,0,0,0,0,0,1
E745S_00134,0,0,0,0,0,0,1,0,0
E745S_00135,0,0,0,0,1,0,0,0,0
E745S_00136,0,0,0,0,0,0,0,0,0
E745S_00137,0,0,0,0,0,0,0,0,0
E745S_00138,0,0,0,0,0,0,0,0,0
E745S_00139,0,0,0,0,0,0,0,0,0
E745S_00140,0,0,0,0,0,0,0,0,0
E745S_00141,0,0,0,0,0,0,0,0,0
E745S_00142,0,0,0,0,0,0,0,0,0
E745S_00143,1768,1188,928,3793,2285,2781,3813,1025,1120
E745S_00144,0,0,0,0,0,81,1,0,0
E745S_00145,0,0,0,0,0,0,0,0,0
E745S_00146,0,0,0,0,3,0,14,0,0
E745S_00147,9535,9364,8202,8854,8473,9736,8747,11154,7027
E745S_00148,0,62,132,334,0,305,483,123,390
E745S_00149,0,48,0,178,0,80,0,57,64
E745S_00150,0,0,0,0,0,0,0,0,0
E745S_00151,0,0,0,0,0,0,0,0,0
E745S_00152,2192,796,1174,2034,1376,858,451,1126,97
E745S_00153,1666,1444,1095,2441,975,1571,1735,2426,673
E745S_00154,2557,2000,4300,7938,5223,2856,7371,4444,3833
E745S_00155,0,0,0,0,0,0,0,0,0
E745S_00156,1095,642,1266,1478,1666,1640,763,1188,1147
E745S_00157,22,68,1,13,0,1,12,32,2
E745S_00158,0,0,0,0,0,0,0,0,0
E745S_00159,0,0,0,0,0,0,0,0,0
E745S_00160,1161,1927,2068,1175,571,1224,1260,1051,871
E745S_00161,157,120,160,142,340,199,572,251,0
E745S_00162,175,0,440,136,0,58,134,21,0
E745S_00163,250,279,0,0,1245,647,81,102,207
E745S_00164,667,695,369,881,207,1331,680,818,0
E745S_00165,1782,2178,2231,2703,1777,1637,2106,2027,311
E745S_00166,1,1,0,0,0,0,0,0,1
E745S_00167,0,0,0,0,0,0,0,0,0
E745S_00168,0,0,0,0,0,0,0,0,0
E745S_00169,0,1,0,0,0,0,0,0,0
E745S_00170,0,0,0,0,0,0,0,1,0
E745S_00171,0,0,0,0,0,0,0,0,0
E745S_00172,12653,10392,12808,14520,19069,9076,12488,16489,7899
E745S_00173,438,468,460,552,0,451,306,722,423
E745S_00174,0,0,0,0,0,0,0,0,0
E745S_00175,0,0,117,0,0,0,0,0,0
E745S_00176,621,744,811,1121,1200,875,1086,528,620
E745S_00177,12873,12299,11248,10800,11843,9704,9895,15065,5934
E745S_00178,1286,760,748,1132,0,684,1065,854,810
E745S_00179,0,150,0,325,0,0,46,1,0
E745S_00180,2814,2242,1848,1987,808,3560,3769,2288,511
E745S_00181,0,0,0,0,0,0,0,0,0
E745S_00182,0,0,0,0,0,0,0,0,0
E745S_00183,0,0,0,0,0,0,0,0,0
E745S_00184,0,0,0,0,0,0,0,0,0
E745S_00185,0,0,0,0,0,0,0,0,0
E745S_00186,0,85,124,0,0,78,49,272,0
E745S_00187,3264,2721,4246,4364,1705,1583,5175,3378,2482
E745S_00188,0,0,0,0,0,0,0,0,0
E745S_00189,87,0,0,0,0,137,0,191,0
E745S_00190,0,0,0,0,0,0,1,0,0
E745S_00191,0,0,0,0,1,0,0,0,0
E745S_00192,0,0,0,0,0,0,0,0,0
E745S_00193,1796,1595,689,2222,1444,1539,1852,2058,1387
E745S_00194,5036,5884,6187,9378,5951,4907,7149,8872,3796
E745S_00195,0,0,0,0,0,0,0,0,0
E745S_00196,105,0,265,309,0,0,51,151,0
E745S_00197,3909,3663,2892,8358,4496,3667,5445,4740,2210
E745S_00198,2427,2249,2372,6305,2286,5526,2815,3245,1676
E745S_00199,166,242,0,935,192,425,289,234,247
E745S_00200,1,0,0,0,0,0,0,0,0
E745S_00201,0,0,0,0,0,0,0,0,0
E745S_00202,0,0,0,0,0,0,2,0,0
E745S_00203,0,0,0,0,0,0,0,0,0
E745S_00204,0,0,0,0,0,0,0,0,0
E745S_00205,0,96,0,0,0,0,0,0,0
E745S_00206,0,0,0,0,0,0,0,0,0
E745S_00207,779,822,606,518,2352,436,1643,689,658
E745S_00208,70,25,76,48,0,233,100,302,0
E745S_00209,4952,4194,3764,4977,4375,3531,4062,5566,3058
E745S_00210,0,0,196,219,0,172,0,54,0
E745S_00211,0,0,0,0,0,0,0,0,0
E745S_00212,0,472,533,802,0,94,181,185,115
E745S_00213,2170,2105,2998,3499,2261,2098,3433,3756,2427
E745S_00214,0,166,0,0,0,0,0,0,0
E745S_00215,1269,1249,2092,1868,4143,2285,1348,3585,1020
E745S_00216,1733,1558,2126,3167,7734,3584,1834,4939,2775
E745S_00217,0,0,0,0,0,0,0,0,0
E745S_00218,1215,1012,1190,1444,699,1354,1107,1383,0
E745S_00219,0,0,258,90,0,249,0,0,0
E745S_00220,810,305,406,591,0,91,938,189,500
E745S_00221,0,0,0,0,0,0,0,0,0
E745S_00222,404,0,438,521,0,481,440,619,147
E745S_00223,101,0,243,110,0,100,397,0,385
E745S_00224,1988,1364,2556,1074,934,1782,1445,2559,1363
E745S_00225,226,172,508,123,644,1043,344,457,204
E745S_00226,4504,2733,2973,5806,3595,3758,2864,4977,1564
E745S_00227,238,621,335,1122,1057,1058,428,1383,256
E745S_00228,0,0,0,0,0,0,0,0,0
E745S_00229,0,0,0,0,0,1,0,0,0
E745S_00230,826,824,418,1668,674,547,624,571,413
E745S_00231,1129,544,892,1073,1723,1433,1525,1216,948
E745S_00232,0,0,0,0,0,0,0,0,0
E745S_00233,1,0,0,1,486,0,0,0,0
E745S_00234,0,0,0,0,0,0,0,0,0
E745S_00235,0,0,0,0,0,0,0,0,0
E745S_00236,659,527,451,1153,1156,1287,509,1549,406
E745S_00237,9698,6925,5824,7951,7831,8934,14568,8349,10498
E745S_00238,774,297,59,954,437,529,441,186,93
E745S_00239,4751,3882,5141,7182,4381,5219,5913,4151,2302
E745S_00240,595,392,223,0,509,338,204,262,0
E745S_00241,0,78,0,0,0,0,0,5,0
E745S_00242,0,81,0,0,0,0,0,28,0
E745S_00243,40,272,69,0,0,218,0,0,0
E745S_00244,0,1,1,0,0,0,0,0,0
E745S_00245,0,0,0,0,0,0,0,0,0
E745S_00246,0,0,0,0,0,0,0,0,0
E745S_00247,0,0,0,0,0,0,0,0,0
E745S_00248,0,0,0,0,0,0,0,0,0
E745S_00249,0,0,0,0,0,0,0,0,0
E745S_00250,0,0,0,0,0,0,0,0,0
E745S_00251,1,1,0,0,0,2,0,2,3
E745S_00252,0,0,0,0,0,0,122,0,0
E745S_00253,0,0,0,0,0,0,0,0,0
E745S_00254,0,0,0,0,0,0,0,0,0
E745S_00255,0,0,0,0,0,0,0,0,0
E745S_00256,0,0,0,0,0,0,0,0,0
E745S_00257,163,239,181,292,1850,1192,441,417,0
E745S_00258,2,266,385,721,433,36,267,431,324
E745S_00259,1885,2966,2592,2881,2603,3439,2380,3009,1517
E745S_00260,268,389,1061,913,3000,442,903,1257,578
E745S_00261,88,0,113,0,0,0,0,53,124
E745S_00262,0,0,0,0,0,0,0,0,0
E745S_00263,213,157,360,137,0,674,198,213,229
E745S_00264,0,0,0,0,0,0,0,0,0
E745S_00265,0,0,0,0,0,0,0,0,0
E745S_00266,228,108,128,0,339,347,94,0,572
E745S_00267,718,487,526,851,0,836,465,1020,0
E745S_00268,0,0,0,0,0,0,0,0,0
E745S_00269,0,0,0,0,0,1,0,0,0
E745S_00270,4426,3821,5117,6693,5913,6882,7195,9103,6060
E745S_00271,8146,8344,6801,7863,7923,6129,9966,12454,8171
E745S_00272,0,0,0,0,0,0,0,0,0
E745S_00273,2066,1747,2565,1319,372,1213,1264,2807,842
E745S_00274,272,889,128,141,0,378,609,109,668
E745S_00275,7263,5090,7015,11024,9628,9080,13876,5419,4063
E745S_00276,0,130,0,139,0,158,125,70,0
E745S_00277,4509,2579,3504,5548,5285,3675,4831,4795,2191
E745S_00278,0,0,0,0,0,0,0,0,0
E745S_00279,1837,1873,841,2283,3875,3461,1542,2276,590
E745S_00280,0,0,0,0,0,0,0,0,0
E745S_00281,806,465,105,888,699,304,606,494,159
E745S_00282,13774,11387,16877,22675,18157,14607,16260,17808,9005
E745S_00283,8423,7428,6912,8890,6831,5201,8299,11314,7934
E745S_00284,89,103,142,0,922,246,545,223,159
E745S_00285,0,0,0,0,0,0,0,0,0
E745S_00286,247,146,0,0,16,159,107,210,53
E745S_00287,0,0,0,0,0,0,0,0,0
E745S_00288,5687,3687,4254,3908,7389,7200,5549,5059,1806
E745S_00289,949,472,384,711,331,1681,1299,1691,169
E745S_00290,4888,7694,6884,5427,6179,10931,4864,3954,2275
E745S_00291,18794,18291,15041,24902,12156,23805,13203,21761,6499
E745S_00292,0,0,0,3,0,2,0,1,2
E745S_00293,1638,771,367,1934,3242,2045,1570,1573,630
E745S_00294,10230,4383,10443,13255,16850,8739,17813,8611,5314
E745S_00295,4871,4635,5348,5035,7298,6335,7524,4664,2188
E745S_00296,0,21,0,0,2,0,0,57,0
E745S_00297,0,0,0,0,0,0,0,0,0
E745S_00298,0,0,0,0,0,0,0,0,0
E745S_00299,3609,5001,5251,6896,7870,7433,5051,6238,2634
E745S_00300,2160,1702,2143,3704,3583,1856,3856,1903,1185
E745S_00301,7605,9371,8949,9397,10375,9170,6734,10028,3457
E745S_00302,0,0,0,0,0,0,0,0,0
E745S_00303,3989,3235,3042,6423,5743,3231,4641,4210,2622
E745S_00304,0,0,0,0,0,0,0,0,0
E745S_00305,0,0,0,0,0,0,0,0,0
E745S_00306,0,0,0,0,0,0,0,0,0
E745S_00307,0,0,0,0,290,0,0,153,0
E745S_00308,1246,2369,2397,2371,434,2768,2286,3521,11258
E745S_00309,0,0,0,0,0,0,0,0,0
E745S_00310,356,650,658,546,0,198,117,577,0
E745S_00312,424,552,188,309,728,488,140,63,250
E745S_00313,182,181,157,0,0,1,0,63,0
E745S_00314,0,94,0,0,0,1,0,0,0
E745S_00315,773,2502,1418,1591,1672,2181,2192,2515,1305
E745S_00316,0,0,0,0,0,0,0,0,0
E745S_00317,3359,2914,2392,4071,2070,4063,2120,5191,1400
E745S_00318,128,0,391,171,292,154,240,319,0
E745S_00319,0,143,0,77,0,0,0,195,0
E745S_00320,0,0,0,0,0,0,0,0,0
E745S_00321,0,0,0,0,0,0,0,0,0
E745S_00322,0,0,0,0,332,0,226,4,0
E745S_00323,0,0,0,0,0,0,0,0,0
E745S_00324,0,0,0,1,0,1,0,0,0
E745S_00325,0,0,0,0,1,0,0,51,0
E745S_00326,277,358,117,0,363,326,519,544,31
E745S_00327,82,61,0,57,0,79,259,39,210
E745S_00328,0,139,0,0,0,238,0,167,0
E745S_00329,0,0,0,0,0,0,0,0,0
E745S_00330,573,173,177,80,0,148,208,523,378
E745S_00331,137,0,64,0,0,75,543,193,24
E745S_00332,0,0,0,0,0,0,0,0,0
E745S_00333,550,362,261,891,1441,400,512,1241,228
E745S_00334,3336,1938,2510,2940,4487,2332,3544,3937,996
E745S_00335,0,0,0,0,0,0,0,0,0
E745S_00336,8426,9885,8807,9153,12913,10641,8925,8587,2441
E745S_00337,27174,20992,28232,37959,22656,33009,31386,26799,17069
E745S_00338,0,0,0,0,0,0,0,0,0
E745S_00339,71,0,103,64,0,41,55,163,0
E745S_00340,1259,59,192,346,0,498,407,645,85
E745S_00341,0,0,0,0,0,0,0,0,0
E745S_00342,5385,6018,6847,8292,11614,8413,7465,8720,4960
E745S_00343,136,159,265,109,45,45,38,413,0
E745S_00344,0,0,0,0,0,0,0,0,0
E745S_00345,0,0,0,0,0,0,0,0,0
E745S_00346,173,557,92,548,0,286,386,381,268
E745S_00347,355,62,0,0,0,0,57,0,0
E745S_00348,612,730,1467,2009,1351,1182,1204,1796,229
E745S_00349,2980,3317,3424,2084,3065,2743,1883,3763,537
E745S_00350,0,0,1,0,0,0,0,0,0
E745S_00351,2828,1001,1662,2560,2729,1500,2058,1658,429
E745S_00352,33,977,574,1328,605,636,811,1150,155
E745S_00353,409,502,80,563,0,530,304,289,0
E745S_00354,247,78,0,0,0,72,0,86,26
E745S_00355,1247,639,613,1063,901,401,447,623,198
E745S_00356,0,0,0,0,0,0,0,0,0
E745S_00357,2367,3240,3659,3526,5472,5537,4046,3570,1524
E745S_00358,71,0,0,197,0,192,46,69,0
E745S_00359,0,0,0,0,0,0,0,0,0
E745S_00360,0,0,0,0,0,0,0,0,0
E745S_00361,111,369,111,200,0,262,571,506,278
E745S_00362,1268,1174,2286,1274,1997,2838,3053,2460,1960
E745S_00363,4847,2716,3824,6214,4857,3393,8081,4149,3458
E745S_00364,5421,4782,8180,8727,6963,9967,8372,10160,5401
E745S_00365,2179,1325,1477,2133,1066,3750,2506,2625,5088
E745S_00366,1779,1828,1622,1837,1972,2074,974,3512,824
E745S_00367,0,0,0,0,0,0,0,0,0
E745S_00368,1583,2138,1202,4164,1904,1617,1773,3308,1084
E745S_00369,0,191,158,0,0,284,0,0,0
E745S_00370,99,0,388,290,1,46,238,80,308
E745S_00371,1942,1292,1573,1462,1497,1697,1439,1624,1179
E745S_00372,1,3,4,0,2,183,107,125,4
E745S_00373,2939,1487,2317,3699,1578,2671,3156,2026,1967
E745S_00374,434,198,668,6,0,708,853,349,0
E745S_00375,1889,1712,2439,4715,388,4954,4322,3000,2690
E745S_00376,1199,1181,2298,2001,1347,1154,1838,2362,1074
E745S_00377,1164,1963,422,2277,1732,1633,1448,1442,620
E745S_00378,465,830,544,362,331,661,152,614,145
E745S_00379,0,0,0,0,0,0,0,0,0
E745S_00380,1108,1096,1311,717,3097,1863,1707,1855,406
E745S_00381,0,89,0,0,716,97,118,0,114
E745S_00382,0,1,0,0,1,0,0,0,0
E745S_00383,0,0,0,0,0,0,0,0,0
E745S_00384,181,108,792,235,508,361,580,455,477
E745S_00385,68,0,395,106,0,163,174,0,0
E745S_00386,156,17,0,0,327,130,0,0,0
E745S_00387,694,855,631,1792,1078,1091,1473,1340,565
E745S_00388,367,228,0,273,0,505,306,542,0
E745S_00389,15492,12321,7416,17506,3684,13219,13260,17889,6444
E745S_00390,5235,6793,6546,6192,11370,10887,5881,4911,1902
E745S_00391,4189,4923,4102,4720,4113,6305,4180,6182,2320
E745S_00392,0,0,0,0,0,0,0,0,0
E745S_00393,1222,720,711,342,0,196,749,182,80
E745S_00394,0,0,1,1,0,0,1,0,0
E745S_00395,1620,3019,2490,1476,1508,1665,846,1468,213
E745S_00396,1557,1396,689,1430,2063,2353,774,3558,1845
E745S_00397,885,2278,2447,1891,316,1911,1195,2244,1229
E745S_00398,6020,5681,5039,8809,9810,8136,7037,8404,3668
E745S_00399,0,0,0,0,0,0,0,0,0
E745S_00400,9961,8332,5843,11090,8527,9402,8264,11397,4633
E745S_00401,0,0,0,0,0,0,0,0,0
E745S_00402,0,0,0,0,0,0,0,0,0
E745S_00403,0,0,0,0,0,0,0,0,0
E745S_00404,2272,2141,3193,2683,3530,2610,2649,3537,757
E745S_00405,0,0,0,0,0,0,0,0,1
E745S_00406,0,0,0,0,0,0,0,0,0
E745S_00407,8318,8068,8356,7690,4507,5404,8657,13761,7435
E745S_00408,0,0,0,152,0,0,0,0,0
E745S_00409,625,227,216,361,0,472,262,235,241
E745S_00410,8712,10141,10457,11160,8061,14129,14028,13571,4688
E745S_00411,0,0,0,0,1,0,0,1,0
E745S_00412,247,218,0,0,358,211,133,187,44
E745S_00413,8054,4188,3675,7701,5908,6127,8740,8258,5301
E745S_00414,0,0,0,328,0,47,142,0,0
E745S_00415,586,946,578,1073,338,1350,973,871,696
E745S_00416,732,449,119,1085,0,1093,1434,1111,1090
E745S_00417,915,706,599,568,330,203,293,622,149
E745S_00418,4978,5510,6871,8608,6650,8327,5265,6811,4180
E745S_00419,291,231,55,297,381,629,206,237,475
E745S_00420,2214,2814,2458,3265,3080,2995,2374,3369,1266
E745S_00421,453,699,864,1232,1153,840,684,1095,730
E745S_00422,222,116,174,148,0,110,161,0,0
E745S_00423,0,0,0,0,0,0,0,0,0
E745S_00424,2152,556,567,1159,1673,1299,3061,953,1125
E745S_00425,1829,2960,2712,2797,3038,2136,2347,4472,1793
E745S_00426,1242,1301,1198,1433,2005,1381,964,1162,492
E745S_00427,0,0,0,0,0,0,0,0,0
E745S_00428,3,15,23,2,0,9,3,5,0
E745S_00429,1400,477,1262,926,1477,1644,3162,2558,1133
E745S_00430,521,386,387,0,0,79,271,284,217
E745S_00431,3097,2267,2909,450,537,1350,2683,1819,1737
E745S_00432,917,1200,1014,565,0,521,1320,714,847
E745S_00433,0,0,0,0,0,0,0,0,0
E745S_00434,0,0,0,0,0,0,0,0,0
E745S_00435,6,151,577,63,328,339,202,219,16
E745S_00436,1107,764,518,1048,1075,586,1768,1685,339
E745S_00437,0,0,0,0,0,0,0,0,0
E745S_00438,201,174,4,285,166,203,63,362,0
E745S_00439,0,0,0,0,0,0,0,0,0
E745S_00440,801,1268,905,0,0,0,167,0,0
E745S_00441,0,194,123,0,0,0,0,0,0
E745S_00442,0,0,0,0,321,0,0,26,0
E745S_00443,1055,2279,2784,165,0,267,112,35,32
E745S_00444,516,1227,608,123,0,92,50,36,0
E745S_00445,517,712,394,530,0,0,31,92,0
E745S_00446,253,64,402,0,0,0,0,0,0
E745S_00447,0,0,0,0,0,0,0,0,0
E745S_00448,783,2038,1643,3070,1709,2418,2853,2370,1115
E745S_00449,0,0,0,0,0,0,0,0,0
E745S_00450,0,0,0,0,0,0,0,0,0
E745S_00451,342,0,479,100,672,423,160,273,317
E745S_00452,1347,759,687,1875,607,619,1180,1439,1220
E745S_00453,1,0,0,0,0,0,0,0,0
E745S_00454,937,965,1028,1362,836,1049,1699,1900,1512
E745S_00455,0,26,26,0,0,0,0,10,0
E745S_00456,0,0,0,0,0,0,0,0,0
E745S_00457,0,0,0,0,0,0,0,0,0
E745S_00458,107,172,361,616,0,176,180,411,300
E745S_00459,0,0,0,0,0,0,0,0,0
E745S_00460,0,0,0,0,0,0,0,0,0
E745S_00461,355,734,517,160,784,713,382,770,291
E745S_00462,0,0,0,1,1,0,0,2,0
E745S_00463,4923,5260,5180,5866,7702,8148,4982,4470,3492
E745S_00464,1613,2362,2834,3415,5661,2930,1977,2182,628
E745S_00465,5990,4915,7274,13648,13292,13433,11199,12533,8367
E745S_00466,0,0,0,0,0,0,0,0,0
E745S_00467,866,818,754,1406,865,1723,2794,1126,655
E745S_00468,0,0,0,0,0,0,0,0,0
E745S_00469,0,0,111,0,0,0,0,0,0
E745S_00470,741,285,134,490,837,522,679,228,320
E745S_00471,0,279,325,167,0,384,157,0,0
E745S_00472,0,0,0,0,0,0,0,0,0
E745S_00473,555,203,471,756,1,258,522,474,248
E745S_00474,0,0,0,0,0,0,0,0,0
E745S_00475,0,0,0,0,0,0,0,0,0
E745S_00476,0,0,0,0,0,0,0,0,0
E745S_00477,0,188,276,77,0,111,106,31,76
E745S_00478,0,0,0,0,0,0,0,0,0
E745S_00479,0,2,0,0,0,0,0,0,0
E745S_00480,56,306,180,295,475,121,403,670,29
E745S_00481,0,0,0,0,0,0,0,84,0
E745S_00482,427,371,0,218,681,205,816,254,0
E745S_00483,0,99,0,0,372,0,0,0,0
E745S_00484,485,58,615,405,0,422,666,659,0
E745S_00485,0,0,0,0,0,0,0,0,0
E745S_00486,0,0,0,106,0,171,51,86,0
E745S_00487,0,0,0,0,0,0,0,0,0
E745S_00488,0,0,0,476,687,0,1,0,0
E745S_00489,0,0,0,0,0,0,0,0,0
E745S_00490,0,0,0,0,0,0,0,0,0
E745S_00491,1430,1151,1146,2539,2172,4481,1898,2433,1171
E745S_00492,0,0,0,0,0,1,0,0,0
E745S_00493,0,51,0,263,0,129,0,50,0
E745S_00494,85,22,53,28,0,200,49,63,0
E745S_00495,137,131,283,183,202,167,180,194,144
E745S_00496,0,0,0,0,0,0,0,0,0
E745S_00497,0,0,0,0,0,0,0,0,0
E745S_00498,0,0,0,0,0,0,0,0,0
E745S_00499,1093,1009,302,1067,704,1256,576,1197,273
E745S_00500,172,463,533,580,369,217,529,680,0
E745S_00501,0,0,0,0,0,0,0,0,0
E745S_00502,0,0,0,0,0,0,0,0,0
E745S_00503,0,0,0,0,1,40,0,0,0
E745S_00504,0,0,0,0,0,1,0,0,0
E745S_00505,0,0,0,0,0,0,0,0,0
E745S_00506,0,0,0,0,0,0,0,0,0
E745S_00507,1063,101,540,659,694,752,605,815,526
E745S_00508,0,0,0,0,0,0,0,0,0
E745S_00509,1492,981,1394,2003,499,2683,2520,2661,1571
E745S_00510,0,0,0,0,0,0,0,0,0
E745S_00511,0,0,0,0,0,0,0,165,0
E745S_00512,0,0,0,0,0,0,0,0,71
E745S_00513,0,0,0,0,0,0,0,0,0
E745S_00514,0,0,0,0,0,0,0,156,0
E745S_00515,495,202,548,144,1,115,1,11,0
E745S_00516,0,0,0,0,0,0,0,62,0
E745S_00517,0,0,0,0,0,0,0,0,0
E745S_00518,0,0,0,0,0,0,0,0,0
E745S_00519,0,0,0,0,0,0,0,0,0
E745S_00520,0,0,0,0,0,0,0,0,0
E745S_00521,0,0,0,0,0,0,0,0,0
E745S_00522,0,0,0,0,0,0,0,0,0
E745S_00523,0,0,0,0,0,0,0,0,0
E745S_00524,0,108,0,73,0,197,201,32,58
E745S_00525,1,0,0,2,0,1,0,0,1
E745S_00526,0,0,99,0,0,0,0,0,1
E745S_00527,573,1623,2253,3526,5203,3720,3265,1873,2681
E745S_00528,0,0,0,0,0,0,0,0,0
E745S_00529,0,0,0,0,0,0,0,1,0
E745S_00530,1213,1384,1038,2215,2077,2023,2049,3084,1078
E745S_00532,130,584,142,1141,640,553,977,916,41
E745S_00533,0,0,0,0,0,0,0,0,1
E745S_00534,989,1197,680,2429,1833,1965,1217,1009,600
E745S_00535,0,0,0,0,0,0,0,0,0
E745S_00536,393,717,270,590,191,873,850,1095,553
E745S_00537,0,0,0,128,0,0,0,0,0
E745S_00538,331,203,0,1119,407,169,152,342,0
E745S_00539,1044,444,345,2009,2349,1251,1689,1893,1136
E745S_00540,0,0,1,0,0,0,0,0,0
E745S_00542,0,161,0,0,0,0,0,42,0
E745S_00543,764,284,1,414,0,327,0,54,0
E745S_00544,0,93,0,0,0,142,0,122,0
E745S_00545,243,0,0,0,0,0,239,0,0
E745S_00546,905,1424,701,1533,2950,2994,2362,1641,1549
E745S_00547,0,0,0,0,0,0,0,0,0
E745S_00548,0,0,0,0,0,0,0,0,0
E745S_00549,0,0,0,0,0,0,0,0,0
E745S_00550,0,0,0,261,0,0,0,1,194
E745S_00551,0,0,0,0,0,0,0,0,0
E745S_00552,0,0,0,0,0,0,74,0,213
E745S_00553,0,0,0,0,0,0,0,0,0
E745S_00554,0,0,0,0,0,0,0,1,0
E745S_00555,388,608,1027,956,314,765,560,1059,322
E745S_00556,0,0,0,0,1,0,0,0,0
E745S_00557,0,0,0,0,0,0,0,0,0
E745S_00558,0,0,0,0,0,0,0,0,0
E745S_00559,1560,2710,1166,2001,4852,2567,2579,1584,657
E745S_00560,3750,2481,1285,3687,3476,3032,1979,3097,1587
E745S_00561,0,0,0,0,0,0,0,0,0
E745S_00562,763,313,695,880,182,513,355,1792,489
E745S_00563,357,498,317,1228,916,1147,499,893,513
E745S_00564,0,0,0,0,0,83,0,16,0
E745S_00565,0,210,119,0,0,0,93,37,0
E745S_00566,223,1,204,0,1,0,0,0,0
E745S_00567,49,310,75,79,6,113,19,76,15
E745S_00568,0,0,0,0,0,0,0,0,0
E745S_00569,0,0,0,0,375,93,131,316,0
E745S_00570,176,1,0,0,0,0,26,81,0
E745S_00571,0,0,0,0,0,0,0,0,0
E745S_00572,0,0,0,0,0,0,0,0,0
E745S_00573,0,0,0,0,0,0,0,0,0
E745S_00574,0,1,0,0,0,0,0,0,0
E745S_00575,41,0,0,117,0,0,0,0,0
E745S_00576,0,0,0,0,0,0,0,0,0
E745S_00577,5438,4500,4564,5927,6172,8609,9299,10728,5985
E745S_00578,106,264,196,333,0,1103,660,678,220
E745S_00579,3522,1962,1678,2528,1924,2815,3084,2748,976
E745S_00580,2283,2376,2676,3340,3931,3014,4459,4525,1797
E745S_00581,3599,2446,4107,7417,3319,5668,7259,4034,3828
E745S_00582,84,463,232,837,373,441,448,860,714
E745S_00583,8098,4985,8910,12597,8231,8863,8429,10932,3055
E745S_00584,186,775,470,509,1770,538,547,907,372
E745S_00585,0,0,0,0,0,0,0,0,0
E745S_00586,1935,3539,2677,146,0,352,0,56,0
E745S_00587,4364,4954,5280,421,224,936,1,64,274
E745S_00588,0,0,0,0,0,0,0,0,0
E745S_00589,0,0,0,0,0,0,0,0,0
E745S_00590,0,0,0,0,0,0,0,0,0
E745S_00591,2042,1859,1273,459,0,355,113,0,0
E745S_00592,1195,444,1641,223,0,80,0,0,0
E745S_00593,0,346,160,0,300,89,109,39,89
E745S_00594,2828,4207,3333,0,148,475,0,66,0
E745S_00595,0,0,0,0,0,0,0,0,0
E745S_00596,1235,2272,1255,1853,1369,1774,1592,1209,494
E745S_00597,0,0,0,0,0,0,0,0,0
E745S_00598,1,0,0,0,0,0,0,0,1
E745S_00599,5824,6585,5010,10452,8176,4553,6760,8076,4354
E745S_00600,1,0,1,0,0,0,0,0,0
E745S_00601,387,229,1,220,0,0,212,91,0
E745S_00602,0,0,0,0,0,0,0,0,0
E745S_00603,1146,1001,266,2225,2157,1636,2466,1799,941
E745S_00604,85,150,0,545,360,477,171,545,0
E745S_00605,317,335,336,77,652,201,389,679,0
E745S_00606,1045,287,538,96,995,200,685,1062,654
E745S_00607,0,0,0,0,0,0,0,0,0
E745S_00608,0,0,0,0,0,0,0,0,0
E745S_00609,401,453,415,0,0,0,183,0,0
E745S_00610,620,858,554,5786,9366,6754,3583,2273,1878
E745S_00611,1272,734,776,1992,1280,2052,1155,2895,231
E745S_00612,125,275,66,234,364,369,295,629,0
E745S_00613,8798,6636,8441,14538,16994,15282,19548,12270,9110
E745S_00614,0,0,0,0,0,0,0,0,0
E745S_00615,356,0,554,2,3,255,41,3,271
E745S_00616,102,49,0,302,171,0,0,66,80
E745S_00617,0,157,0,0,0,1,0,101,0
E745S_00618,1544,1125,817,1197,2548,2022,1470,1819,852
E745S_00619,4861,4713,4878,5347,4874,5072,3283,5721,960
E745S_00620,2109,1245,1612,3571,1753,2271,2426,2407,466
E745S_00621,0,0,0,0,0,0,0,0,0
E745S_00622,200,210,878,731,725,637,325,722,625
E745S_00623,8598,4487,6480,13777,9542,11052,15974,11108,5578
E745S_00625,1029,1657,1823,3654,1485,1406,2225,2492,1891
E745S_00626,185,148,68,0,0,112,312,175,0
E745S_00627,0,0,0,0,0,0,0,0,0
E745S_00628,501,560,410,321,909,1808,1406,966,749
E745S_00629,357,0,70,137,860,160,239,1032,228
E745S_00630,3384,1424,1711,4266,3485,5889,3465,4603,3197
E745S_00631,896,1141,1724,2487,680,2700,2197,2488,503
E745S_00632,219,524,767,701,722,116,613,427,571
E745S_00633,0,0,0,0,0,0,0,0,0
E745S_00634,51,0,397,157,0,129,0,151,0
E745S_00635,297,436,642,820,0,1054,448,649,408
E745S_00636,1690,1945,1693,2328,1538,2611,1095,2602,527
E745S_00637,8972,8173,10157,18429,13808,11948,14872,13392,6417
E745S_00638,0,0,0,0,0,0,0,0,0
E745S_00639,0,0,0,150,0,101,0,100,114
E745S_00640,78,101,404,263,827,200,130,249,0
E745S_00641,0,0,0,0,0,0,0,0,0
E745S_00642,0,0,0,78,0,0,0,0,0
E745S_00643,0,0,0,0,0,0,0,0,0
E745S_00644,7124,8803,7295,20114,11082,11645,12328,15178,5384
E745S_00645,0,0,0,518,0,330,629,167,690
E745S_00646,0,0,0,0,0,0,0,0,0
E745S_00647,2956,1671,1662,4799,4989,2157,5034,2841,2590
E745S_00648,946,1723,984,1384,3118,1050,1317,1539,338
E745S_00649,1185,896,836,1266,902,1172,832,1202,328
E745S_00650,0,0,0,0,0,0,17,0,0
E745S_00651,0,0,0,0,0,0,0,0,0
E745S_00652,8843,6977,7771,12013,14519,12017,11417,7896,3336
E745S_00653,2,0,0,2,0,0,0,0,0
E745S_00654,0,0,0,0,0,0,0,0,0
E745S_00655,1,2,0,149,0,0,0,177,0
E745S_00656,0,0,0,0,0,0,0,0,0
E745S_00657,0,0,0,0,0,0,0,0,0
E745S_00658,134,0,0,185,337,195,125,0,45
E745S_00659,0,0,0,0,0,0,0,0,0
E745S_00660,0,0,0,0,0,0,0,0,0
E745S_00661,0,0,0,0,0,2,0,0,0
E745S_00662,604,1326,811,986,1010,2087,707,1255,0
E745S_00663,0,0,0,0,0,0,1,1,0
E745S_00664,3909,3279,3086,3588,6347,5164,3301,2841,586
E745S_00665,180,104,275,492,344,338,356,392,920
E745S_00666,0,0,0,0,0,0,0,0,0
E745S_00667,0,0,0,0,1,0,0,0,0
E745S_00668,383,681,779,667,1237,1613,66,886,469
E745S_00669,0,0,0,0,332,0,0,0,0
E745S_00670,0,0,140,443,0,99,253,122,0
E745S_00671,289,0,339,367,1,0,151,110,0
E745S_00672,2920,3261,3463,7687,7644,6697,5899,8044,3186
E745S_00673,0,153,0,0,6,0,0,168,0
E745S_00674,0,530,0,494,0,191,591,396,35
E745S_00675,0,0,0,0,0,0,0,0,0
E745S_00676,0,0,0,152,0,0,0,67,0
E745S_00677,0,0,0,0,0,0,0,0,0
E745S_00678,71,57,0,177,0,0,0,1,0
E745S_00679,18672,13512,12551,18407,23153,17811,20908,16421,10998
E745S_00680,0,0,0,0,0,0,0,0,0
E745S_00681,0,0,0,0,0,0,0,0,0
E745S_00682,0,0,0,0,0,0,0,0,0
E745S_00683,0,0,0,0,0,0,0,0,0
E745S_00684,1096,620,322,1703,1378,732,345,905,82
E745S_00685,0,208,0,404,73,102,104,206,0
E745S_00686,0,0,0,0,0,0,1,0,0
E745S_00687,0,115,378,133,202,136,0,38,0
E745S_00688,0,0,0,0,0,0,0,0,0
E745S_00689,0,0,0,0,0,0,0,0,0
E745S_00690,0,0,0,0,0,0,0,0,0
E745S_00691,0,0,0,0,0,0,0,0,0
E745S_00692,0,0,0,0,0,0,0,0,0
E745S_00693,965,1686,2647,3649,946,2843,3648,2483,2019
E745S_00694,229,191,0,279,0,199,234,110,210
E745S_00695,213,0,68,135,0,0,167,58,0
E745S_00696,0,0,0,0,0,50,42,111,0
E745S_00697,956,2188,2371,1417,2184,1728,918,1909,999
E745S_00698,1535,2481,1556,4314,1516,4126,6009,5747,1305
E745S_00699,0,0,0,0,0,0,0,0,0
E745S_00700,0,0,0,0,0,0,0,0,0
E745S_00701,0,0,0,0,0,0,0,0,0
E745S_00702,0,0,0,0,0,0,0,0,0
E745S_00703,0,0,0,0,0,0,0,0,0
E745S_00704,0,0,0,0,0,0,0,0,0
E745S_00705,0,0,0,0,0,0,0,0,0
E745S_00706,1730,1667,899,1270,1189,2270,4839,3755,2342
E745S_00707,1,0,1,0,1,8,149,154,61
E745S_00708,157,411,394,343,190,625,566,557,434
E745S_00709,0,0,0,0,0,0,0,0,0
E745S_00710,0,0,0,0,0,0,0,0,0
E745S_00711,0,0,0,0,0,0,0,0,0
E745S_00712,95,158,0,1,0,0,45,0,0
E745S_00713,0,0,0,0,0,0,0,0,0
E745S_00714,312,70,0,207,0,250,214,490,0
E745S_00715,0,25,0,0,0,0,0,0,0
E745S_00716,861,696,920,5119,848,3916,1619,3194,407
E745S_00717,278,0,236,200,0,147,118,170,0
E745S_00718,0,0,120,150,0,0,52,22,0
E745S_00719,0,0,0,0,0,0,0,0,0
E745S_00720,0,295,0,233,0,49,103,198,0
E745S_00721,0,0,0,0,0,0,0,0,0
E745S_00722,0,0,0,0,0,0,0,0,0
E745S_00723,0,0,0,0,0,0,0,0,0
E745S_00724,1,0,0,0,0,0,0,0,0
E745S_00725,0,0,0,0,0,0,0,0,0
E745S_00726,182,447,548,482,611,334,299,892,192
E745S_00727,0,1,0,1,0,0,2,0,1
E745S_00728,134,0,0,0,1,0,67,0,35
E745S_00729,293,79,280,159,0,0,0,0,0
E745S_00730,359,229,436,315,335,233,343,348,97
E745S_00731,3777,5119,3098,7663,5799,6726,7655,7079,4366
E745S_00732,13717,8837,10605,21126,26740,19257,32076,14989,12427
E745S_00733,0,0,0,0,0,0,0,0,0
E745S_00734,0,0,0,0,0,0,0,0,0
E745S_00735,0,0,0,0,0,0,0,0,0
E745S_00736,1012,1302,2302,2643,3165,2871,3668,2640,1387
E745S_00737,0,0,0,0,0,0,0,0,0
E745S_00738,1,0,1,0,535,0,206,133,0
E745S_00739,0,0,0,0,0,0,0,0,0
E745S_00740,0,0,0,0,0,0,0,0,0
E745S_00741,0,0,0,1,0,0,0,0,0
E745S_00742,1887,1961,2004,2470,3891,3892,1868,2687,1076
E745S_00743,1344,1102,1080,3502,2699,1334,2574,1662,3234
E745S_00744,4,17,3,31,2,11,17,30,0
E745S_00745,949,899,110,1056,1461,760,1377,820,110
E745S_00746,2295,1678,1448,3908,3266,2913,3900,2345,1577
E745S_00747,0,0,0,0,0,0,0,0,0
E745S_00748,0,0,0,0,0,0,0,0,0
E745S_00749,136,203,363,121,303,446,64,85,61
E745S_00750,534,483,342,259,713,325,316,264,556
E745S_00751,1823,2875,2860,4228,3493,2025,2039,4300,2111
E745S_00752,3140,3672,4050,4001,5256,8149,5860,4484,2156
E745S_00753,3226,3004,4609,5858,4608,6058,4930,5509,1825
E745S_00754,744,725,964,1761,2339,758,817,1457,215
E745S_00755,478,221,0,424,189,533,655,551,250
E745S_00756,0,0,0,419,0,47,0,29,19
E745S_00757,596,343,456,724,872,1043,1585,1281,247
E745S_00758,0,0,0,0,0,0,0,0,0
E745S_00759,0,0,0,0,0,0,0,0,0
E745S_00760,0,0,0,0,0,25,0,131,0
E745S_00761,0,0,0,0,0,0,0,0,0
E745S_00762,137,231,833,346,929,504,449,617,40
E745S_00763,995,435,304,343,1352,566,807,729,339
E745S_00764,0,0,0,0,0,0,0,0,0
E745S_00765,0,0,0,0,0,0,0,0,0
E745S_00766,222,843,691,817,769,1910,294,704,180
E745S_00767,187,0,144,222,63,210,135,188,33
E745S_00768,0,109,145,0,0,0,55,75,0
E745S_00769,4361,3284,6024,6354,7650,7308,7565,4429,2821
E745S_00770,1,0,0,0,1,1,0,0,0
E745S_00771,0,0,0,0,0,0,0,0,0
E745S_00772,0,0,0,0,525,89,0,157,0
E745S_00773,0,0,0,1,0,0,0,0,0
E745S_00774,0,0,0,0,0,0,0,0,0
E745S_00775,0,0,0,0,0,0,0,0,0
E745S_00776,0,100,136,0,0,168,263,69,224
E745S_00777,0,204,0,0,0,0,0,44,0
E745S_00778,0,199,0,1057,0,128,154,200,35
E745S_00779,6864,4628,5211,9619,5586,6987,7652,8376,6989
E745S_00780,0,0,0,0,0,0,0,0,0
E745S_00781,1971,190,738,1741,1580,1964,2375,1348,625
E745S_00782,1952,1371,1151,3668,844,1593,1380,2018,327
E745S_00783,0,0,0,0,0,0,0,0,0
E745S_00784,0,0,0,0,0,0,0,0,0
E745S_00801,0,0,0,0,161,0,0,0,0
E745S_00802,0,0,0,0,0,0,0,0,0
E745S_00803,0,0,0,0,0,1,0,0,0
E745S_00804,0,0,0,0,0,0,0,0,0
E745S_00805,0,0,0,1,0,0,0,0,0
E745S_00806,0,0,0,0,0,0,0,0,0
E745S_00807,0,0,0,179,350,33,0,7,0
E745S_00808,0,0,0,0,0,0,0,0,1
E745S_00809,0,0,2,0,0,2,0,1,0
E745S_00810,0,0,0,0,0,0,0,0,0
E745S_00811,0,0,1,0,0,1,0,0,0
E745S_00812,0,0,0,0,0,0,0,0,0
E745S_00813,0,0,73,0,0,1,0,0,0
E745S_00814,0,214,27,419,0,352,681,520,245
E745S_00815,0,0,0,0,0,0,0,0,0
E745S_00816,0,0,0,0,0,1,0,0,0
E745S_00817,0,0,0,0,0,0,0,0,216
E745S_00818,0,0,0,0,0,0,2,0,0
E745S_00819,0,0,0,0,0,0,0,0,0
E745S_00820,1829,1150,947,2444,2394,1428,2184,2158,762
E745S_00821,132,226,114,68,0,233,614,66,233
E745S_00822,1,0,0,0,0,46,0,0,0
E745S_00823,0,0,0,0,0,0,0,0,0
E745S_00824,180,156,91,0,467,346,575,350,19
E745S_00825,0,0,0,0,0,0,0,0,0
E745S_00826,295,0,136,0,0,52,73,47,0
E745S_00827,0,0,0,0,0,0,0,0,0
E745S_00828,0,1,0,0,0,0,0,0,0
E745S_00829,0,0,0,0,0,0,0,0,0
E745S_00830,945,632,1365,1707,526,903,1040,1590,1064
E745S_00831,0,0,0,0,0,0,0,0,0
E745S_00832,0,0,0,0,0,0,0,0,0
E745S_00833,0,0,0,0,0,0,0,0,0
E745S_00834,0,0,0,0,0,0,0,0,0
E745S_00835,0,0,0,0,0,0,0,0,0
E745S_00836,0,0,0,0,0,0,0,0,0
E745S_00837,0,0,0,0,0,0,0,0,0
E745S_00838,0,0,0,0,0,0,0,0,0
E745S_00839,0,0,0,0,0,0,0,0,0
E745S_00840,0,216,0,0,0,0,0,35,0
E745S_00841,0,0,0,0,0,0,0,0,0
E745S_00842,0,0,0,0,0,0,0,0,0
E745S_00843,0,0,0,0,0,0,0,0,0
E745S_00844,373,230,47,122,870,284,96,171,20
E745S_00845,0,0,0,0,0,0,0,0,0
E745S_00846,0,0,0,0,0,0,0,0,0
E745S_00847,992,368,411,10591,8463,11024,5498,4196,2711
E745S_00848,0,0,0,0,0,0,0,0,0
E745S_00849,0,0,0,0,0,0,0,0,0
E745S_00850,3467,4653,6085,131,190,357,0,141,0
E745S_00851,0,0,0,0,0,0,0,0,0
E745S_00852,6093,6734,5295,9359,6609,8770,5902,8337,4254
E745S_00853,0,0,0,0,0,0,1,0,1
E745S_00854,0,0,0,0,0,0,0,0,0
E745S_00855,0,0,494,637,304,289,436,435,232
E745S_00856,5741,3403,5458,5599,4658,5310,6462,8102,4270
E745S_00857,4196,3535,3570,10802,8455,6266,8325,5056,2565
E745S_00858,0,0,0,0,0,0,0,61,199
E745S_00859,0,83,0,0,0,0,0,0,0
E745S_00860,79,258,149,63,218,719,783,301,722
E745S_00861,0,0,0,0,0,0,0,0,0
E745S_00862,0,99,656,115,895,434,596,186,445
E745S_00863,272,0,211,174,0,244,176,150,0
E745S_00864,1327,1468,926,2519,1960,2791,1769,2443,464
E745S_00865,0,0,0,0,0,0,0,0,0
E745S_00866,0,0,0,0,0,0,0,0,0
E745S_00867,646,583,326,383,356,482,69,732,0
E745S_00868,0,0,243,0,0,0,0,35,0
E745S_00869,659,746,1885,1139,1873,2363,840,1115,703
E745S_00870,1177,656,796,726,320,1187,1306,1091,713
E745S_00871,230,327,1146,1661,605,978,1303,1123,810
E745S_00872,0,0,0,0,0,0,0,0,0
E745S_00873,0,0,0,0,0,0,0,0,0
E745S_00874,0,0,0,0,0,0,0,0,0
E745S_00875,0,0,0,0,0,0,0,0,0
E745S_00876,1752,2865,3035,4686,3677,4728,4353,4100,2284
E745S_00877,156,214,165,0,0,0,149,0,60
E745S_00878,0,0,0,0,0,0,0,1,0
E745S_00879,0,0,0,0,0,0,0,0,0
E745S_00880,0,0,0,0,0,0,0,0,0
E745S_00881,425,133,0,984,789,158,184,311,0
E745S_00882,212,306,244,277,0,720,262,355,0
E745S_00883,0,0,0,0,0,0,0,0,0
E745S_00884,0,0,0,0,0,0,0,0,0
E745S_00885,0,0,0,0,0,0,0,0,0
E745S_00886,0,2,0,0,1,0,0,2,1
E745S_00887,0,0,1,0,0,1,1,1,0
E745S_00888,0,0,0,0,0,0,0,0,0
E745S_00889,0,0,0,0,515,0,137,0,0
E745S_00890,1,0,0,0,0,0,0,0,1
E745S_00891,0,0,0,0,1,0,0,1,0
E745S_00892,3,1,0,1,2,0,1,0,0
E745S_00893,0,0,0,0,0,0,0,0,0
E745S_00894,0,0,0,0,0,0,0,0,0
E745S_00895,0,0,0,0,0,0,0,0,0
E745S_00896,0,0,0,0,0,0,0,0,0
E745S_00897,0,0,0,0,0,0,0,0,0
E745S_00898,0,0,0,0,0,0,0,0,0
E745S_00899,0,0,17,0,0,0,0,0,0
E745S_00900,0,1,0,0,0,0,0,1,0
E745S_00901,0,0,0,0,0,0,1,0,0
E745S_00902,0,1,0,0,0,1,0,0,0
E745S_00903,0,0,0,0,0,40,0,0,0
E745S_00904,0,0,0,0,0,0,0,0,0
E745S_00905,0,0,0,0,0,0,0,0,0
E745S_00906,0,0,0,1,0,0,0,0,0
E745S_00907,0,0,0,0,0,0,0,0,0
E745S_00908,0,0,0,0,0,0,0,0,0
E745S_00909,0,1,0,0,0,0,0,0,0
E745S_00910,0,0,0,0,0,0,0,0,0
E745S_00911,0,0,0,0,0,0,0,0,0
E745S_00912,0,0,0,0,0,0,0,0,0
E745S_00913,312,527,515,173,0,138,0,59,227
E745S_00914,0,0,0,0,0,0,0,0,0
E745S_00915,0,0,0,0,0,0,0,0,0
E745S_00916,2075,1989,235,2011,2478,4686,1839,1794,503
E745S_00917,1355,958,1462,3380,991,3443,2992,2772,328
E745S_00918,0,0,0,0,0,0,0,0,0
E745S_00919,0,0,0,0,0,0,0,0,0
E745S_00920,0,0,0,0,0,0,0,0,0
E745S_00921,0,0,0,0,0,0,0,0,0
E745S_00922,0,0,0,0,0,0,0,0,0
E745S_00923,0,0,0,0,0,0,0,0,0
E745S_00924,0,0,0,0,0,0,0,0,0
E745S_00926,0,0,0,0,0,0,0,0,0
E745S_00927,0,0,0,0,0,0,0,0,0
E745S_00928,0,0,0,0,0,0,0,0,0
E745S_00929,0,0,0,0,0,0,0,0,0
E745S_00930,0,0,0,0,0,0,0,0,0
E745S_00931,0,0,0,0,0,0,0,0,0
E745S_00932,0,0,0,0,0,0,0,0,0
E745S_00933,0,0,0,0,0,0,0,0,0
E745S_00934,0,246,183,109,0,241,313,672,196
E745S_00935,2394,4396,2664,4204,4969,5872,3776,4007,2300
E745S_00936,2621,2664,3328,3236,5048,3515,3149,2593,1551
E745S_00937,506,696,1322,1439,2281,1916,1061,1707,876
E745S_00938,2,0,0,0,0,0,0,0,0
E745S_00939,0,230,0,0,0,0,2,0,0
E745S_00940,631,578,411,728,1558,740,1222,814,295
E745S_00941,0,0,0,0,0,0,0,0,0
E745S_00942,0,102,0,0,177,73,52,77,0
E745S_00943,0,0,0,0,0,0,0,0,0
E745S_00944,0,0,0,0,0,0,0,0,0
E745S_00945,3945,4807,3552,7053,8716,10320,4817,6647,7032
E745S_00946,0,106,0,0,0,91,0,59,0
E745S_00947,0,0,0,0,0,0,0,0,0
E745S_00948,0,0,0,0,0,0,0,0,0
E745S_00949,676,672,183,1418,1313,829,1627,983,144
E745S_00950,1023,536,596,2446,1407,2659,1923,784,729
E745S_00951,0,0,0,0,0,0,0,0,0
E745S_00952,5139,5797,4894,8765,7278,9795,7390,6978,7257
E745S_00953,3304,2892,3708,5705,6629,6765,5204,6335,2335
E745S_00954,148,49,90,75,0,136,57,68,0
E745S_00955,88,117,0,0,0,201,334,95,0
E745S_00956,1217,887,214,1642,881,1966,605,1031,122
E745S_00957,1093,2195,1379,3294,432,2507,1558,2200,504
E745S_00958,0,0,0,0,0,0,0,0,0
E745S_00959,0,0,0,0,0,0,0,0,0
E745S_00960,0,0,0,0,0,0,0,0,0
E745S_00961,0,0,0,0,0,0,0,0,0
E745S_00962,0,0,0,0,0,0,0,0,0
E745S_00963,0,0,0,0,0,0,0,0,0
E745S_00964,0,0,0,0,0,0,0,0,0
E745S_00965,0,90,0,0,0,0,141,0,0
E745S_00966,0,0,0,0,0,0,0,0,0
E745S_00967,0,0,0,0,0,0,0,0,0
E745S_00968,0,0,0,0,0,0,0,0,0
E745S_00969,0,0,0,0,0,0,0,0,0
E745S_00970,0,0,0,0,0,0,0,0,0
E745S_00971,2623,786,487,1618,925,1212,828,1135,388
E745S_00972,0,0,0,0,0,0,0,0,0
E745S_00973,0,0,0,0,373,43,0,30,0
E745S_00974,2818,3457,2368,4508,988,1757,1808,1876,736
E745S_00975,0,0,0,0,0,0,0,0,0
E745S_00976,0,0,0,0,0,0,0,0,0
E745S_00977,0,0,0,0,0,0,0,0,0
E745S_00978,154,130,5,0,0,196,0,243,0
E745S_00979,0,0,0,0,0,0,0,0,0
E745S_00980,0,0,0,0,0,0,0,0,0
E745S_00981,0,0,0,0,0,0,0,0,0
E745S_00982,0,0,0,0,0,0,0,0,0
E745S_00983,246,612,352,331,375,419,428,379,0
E745S_00984,121,323,315,239,360,398,385,496,0
E745S_00985,0,0,0,0,0,0,0,0,0
E745S_00986,0,0,0,0,0,0,0,0,0
E745S_00987,76,136,180,52,0,248,343,78,72
E745S_00988,0,0,0,0,0,0,0,0,0
E745S_00989,0,0,0,0,0,0,0,0,0
E745S_00990,563,482,1186,447,1203,379,802,1075,782
E745S_00991,5774,4926,6170,10648,11278,8216,5675,9654,2358
E745S_00992,0,0,0,0,0,0,1,1,0
E745S_00993,0,0,0,0,0,0,0,0,0
E745S_00994,1483,1217,711,1725,3550,2376,1404,1851,1420
E745S_00995,2817,2818,2305,2677,3304,3550,4131,3370,1319
E745S_00996,787,589,227,684,514,348,515,659,257
E745S_00997,0,0,0,0,0,0,0,0,0
E745S_00998,0,0,0,0,0,0,0,0,0
E745S_00999,0,0,0,0,0,0,0,0,0
E745S_01000,0,0,0,0,0,0,0,1,0
E745S_01001,0,0,0,0,0,0,0,0,0
E745S_01002,1064,3240,1556,3925,4922,4577,2017,3176,1911
E745S_01003,268,340,548,770,0,602,591,485,0
E745S_01005,0,0,0,0,0,0,0,0,0
E745S_01006,0,0,0,0,0,0,0,0,0
E745S_01007,1,128,0,0,0,237,71,102,0
E745S_01008,0,51,58,357,0,107,0,80,398
E745S_01009,0,0,0,0,0,0,0,0,0
E745S_01010,1228,668,1329,1232,3296,3337,248,688,1622
E745S_01011,94,424,190,371,0,681,117,304,274
E745S_01012,0,52,502,952,0,152,444,867,0
E745S_01013,0,0,0,0,0,0,0,0,0
E745S_01014,9143,11201,10174,9685,19826,14974,8444,9900,3740
E745S_01015,0,0,126,0,0,103,173,151,160
E745S_01016,0,0,0,0,0,0,0,0,0
E745S_01017,558,643,473,842,1706,1305,1184,801,1060
E745S_01018,0,0,0,0,0,0,0,0,0
E745S_01019,3441,3252,1818,4025,1162,2181,1750,2647,1878
E745S_01020,1839,3796,5149,4316,2012,5126,3051,2557,2048
E745S_01021,346,88,447,109,0,727,376,582,418
E745S_01022,469,293,791,1221,480,538,655,1071,198
E745S_01023,0,0,0,0,0,0,0,0,0
E745S_01024,138,0,0,166,0,83,150,596,419
E745S_01025,3027,2872,3141,4151,4231,4123,3583,3168,693
E745S_01026,0,0,0,0,0,0,0,0,0
E745S_01027,0,0,0,0,0,0,0,0,0
E745S_01028,0,0,0,0,0,0,0,0,0
E745S_01029,0,0,0,0,0,0,0,0,0
E745S_01030,0,0,0,0,0,0,0,0,0
E745S_01031,961,542,757,562,820,820,930,700,201
E745S_01032,138,315,532,78,188,96,332,108,0
E745S_01033,0,109,132,0,260,478,0,168,0
E745S_01034,0,0,0,0,0,0,0,66,33
E745S_01035,0,0,0,0,0,0,0,0,0
E745S_01036,0,0,0,0,0,0,0,0,0
E745S_01037,2451,2278,1306,3030,3280,3122,3658,2778,1898
E745S_01038,311,79,181,297,638,0,77,145,1
E745S_01039,1451,967,938,1668,1101,1702,1375,1464,599
E745S_01040,2260,2010,2581,2900,5182,1644,2128,3135,3223
E745S_01041,0,0,1,1,0,0,0,2,0
E745S_01042,246,359,1151,669,816,1091,587,546,303
E745S_01043,0,115,180,0,735,93,37,0,83
E745S_01044,0,0,0,0,0,0,0,0,0
E745S_01045,231,1,156,406,0,238,276,73,0
E745S_01046,939,1032,226,723,537,560,495,945,430
E745S_01047,73,148,0,299,0,37,0,0,0
E745S_01048,502,846,1094,468,657,383,293,271,0
E745S_01049,815,1381,800,1272,707,1732,439,485,335
E745S_01050,0,0,0,0,0,0,0,0,0
E745S_01051,2813,2429,1440,2627,1415,1927,1138,1717,566
E745S_01052,0,0,0,0,0,0,0,0,0
E745S_01053,0,0,0,0,0,0,0,0,0
E745S_01054,0,0,0,0,0,0,26,27,34
E745S_01055,1770,2538,2196,2632,3255,5340,1522,1601,1051
E745S_01056,2,0,0,0,0,49,256,11,40
E745S_01057,0,0,0,0,0,0,0,0,0
E745S_01058,1875,1732,2429,1614,1201,1788,1412,1287,636
E745S_01059,1297,2875,1392,1697,1331,1405,1229,1650,508
E745S_01060,0,0,0,0,0,0,0,0,0
E745S_01061,0,0,0,0,0,0,0,0,0
E745S_01062,685,369,173,63,636,773,477,216,347
E745S_01063,2751,2512,2284,2123,1294,4137,2620,2114,655
E745S_01064,0,0,1,1,1,1,0,1,0
E745S_01065,240,339,0,148,0,815,144,530,762
E745S_01066,0,352,0,82,160,58,0,197,0
E745S_01067,0,0,0,0,0,0,0,0,0
E745S_01068,0,0,0,0,0,0,0,87,1
E745S_01069,0,0,0,0,0,179,0,0,0
E745S_01070,0,3,0,0,0,2,0,1,0
E745S_01071,4238,5832,4054,4064,3157,2726,3159,5486,518
E745S_01072,0,0,0,0,0,0,0,0,0
E745S_01073,0,0,0,0,0,0,0,0,0
E745S_01074,0,0,0,0,0,0,0,0,0
E745S_01075,3830,3180,3621,3974,3568,5289,2748,4319,3023
E745S_01076,155,274,65,792,165,323,440,109,147
E745S_01077,0,0,0,0,0,0,0,0,0
E745S_01078,1653,1373,1772,1832,1146,1885,1279,1608,680
E745S_01079,501,1898,2029,2380,1821,2005,2790,1194,1432
E745S_01080,0,0,0,0,0,0,0,0,0
E745S_01081,0,0,0,0,0,0,0,0,0
E745S_01082,5282,5362,6738,10982,12747,9327,11706,7740,5604
E745S_01083,581,91,112,297,666,0,0,20,34
E745S_01084,0,261,111,0,157,272,1,242,0
E745S_01085,0,0,0,0,0,0,0,0,0
E745S_01086,3558,2590,2157,3571,3240,4373,3579,3646,1825
E745S_01087,1,203,0,0,0,0,0,0,1
E745S_01088,0,0,0,0,0,0,0,0,0
E745S_01089,0,85,0,0,0,0,0,0,0
E745S_01090,7387,6361,10895,10034,5720,5741,7009,9558,4331
E745S_01091,0,0,0,0,0,0,0,0,0
E745S_01092,1815,875,1048,1486,1066,1276,1428,982,333
E745S_01093,1296,2751,1921,2681,1785,2679,3464,2737,880
E745S_01094,611,1891,1408,1366,2260,1722,1566,2308,1293
E745S_01095,2054,1840,2052,3455,1429,2894,2282,1567,2154
E745S_01096,3403,2720,3274,4680,4622,3296,5004,2581,1796
E745S_01097,0,0,0,0,0,11,0,0,0
E745S_01098,0,0,0,0,0,0,0,0,0
E745S_01099,587,395,132,451,167,444,517,865,0
E745S_01100,545,1089,926,879,318,649,805,1405,336
E745S_01101,601,2105,1522,2978,2600,1818,1868,4308,2612
E745S_01102,0,0,0,0,0,0,0,0,0
E745S_01103,562,681,666,1316,1017,1022,375,837,66
E745S_01104,0,0,0,0,0,0,0,0,0
E745S_01105,0,0,1,0,0,1,0,0,0
E745S_01106,0,0,0,0,0,0,0,0,0
E745S_01107,1576,1115,1463,787,2227,1386,1164,1776,843
E745S_01108,76,0,74,77,0,0,0,43,31
E745S_01109,5379,5847,5814,7655,9409,5805,4938,8177,3491
E745S_01110,1998,1488,1505,1825,2362,2639,1131,2219,1725
E745S_01111,0,0,0,0,0,0,0,0,0
E745S_01112,5448,6910,4872,3914,7825,9197,5519,7043,4890
E745S_01113,519,551,257,502,162,189,590,794,27
E745S_01114,8374,4659,4902,8476,6682,5621,8415,7741,3702
E745S_01115,4425,5687,6613,5957,8178,4573,5822,7420,2938
E745S_01116,0,0,0,0,0,1,0,0,0
E745S_01117,3028,4642,3017,2640,4647,2614,1657,3810,2707
E745S_01118,5187,6543,4967,5348,4776,4508,2812,6542,2248
E745S_01119,776,1060,1279,1094,1150,920,1086,1252,591
E745S_01120,143,424,341,0,0,777,734,207,68
E745S_01121,4883,4554,3666,4343,2490,4906,5994,6259,2477
E745S_01122,1996,2264,2266,3625,1123,3491,1884,2520,841
E745S_01123,0,0,34,0,0,94,44,0,0
E745S_01124,1863,1393,1005,703,2393,1237,1430,1087,2092
E745S_01125,780,1188,581,1291,503,1089,913,1556,170
E745S_01126,0,0,0,0,0,0,1,0,0
E745S_01127,8829,12844,11346,10197,10678,16862,12497,8867,7243
E745S_01128,3236,3169,2803,3147,3030,3671,3168,3585,2282
E745S_01129,0,224,294,0,0,77,0,201,0
E745S_01130,1070,586,927,2191,2086,998,1973,643,393
E745S_01131,0,0,0,158,0,96,0,0,0
E745S_01132,6870,5887,3902,7470,3094,7822,4576,5957,2163
E745S_01133,9892,9326,11192,15079,13009,14017,12520,11087,4661
E745S_01134,11987,13044,9364,13683,11833,12276,8703,8951,5334
E745S_01135,577,613,554,258,339,1323,483,891,315
E745S_01136,89,395,557,454,485,648,221,700,180
E745S_01137,0,1,0,0,0,0,1,0,0
E745S_01138,11423,10346,11022,16584,12510,16164,16496,11182,6293
E745S_01139,625,592,527,887,938,1093,1000,503,401
E745S_01140,4551,6461,7721,7424,8670,8850,5073,5896,3862
E745S_01141,48,0,0,0,0,57,147,110,0
E745S_01142,977,1097,1572,2109,1335,1132,1099,1274,935
E745S_01143,743,860,275,915,0,333,515,1163,0
E745S_01144,7035,6021,5219,8429,7281,5937,5835,6347,3265
E745S_01145,12002,14946,10532,13095,6474,8274,6949,17534,4063
E745S_01146,0,0,0,0,0,0,0,0,0
E745S_01147,11024,11640,10420,12020,7100,8610,8054,13285,6729
E745S_01148,211,285,16,268,347,215,172,915,506
E745S_01149,341,2,613,799,656,361,192,943,412
E745S_01150,5441,5867,5078,5255,4263,6307,4679,5491,4086
E745S_01151,684,170,453,244,1403,237,276,552,720
E745S_01152,0,0,0,0,0,0,0,0,0
E745S_01153,1760,2258,1763,1801,2758,1738,3118,1714,1172
E745S_01154,0,184,276,541,1,88,426,278,0
E745S_01155,7428,5473,4830,8317,8635,5455,7606,7472,5900
E745S_01156,0,0,0,0,0,0,0,0,0
E745S_01157,484,71,163,808,426,896,75,576,101
E745S_01158,68,91,0,306,347,144,45,138,288
E745S_01159,3720,1491,2155,2805,6484,2464,5644,1530,2035
E745S_01160,4035,3687,5158,7937,6832,3805,4707,5631,3590
E745S_01161,1080,818,582,1075,928,1005,762,1499,475
E745S_01162,675,945,858,366,2230,1620,1200,1462,695
E745S_01163,3049,1830,2896,2556,2046,4782,3485,2901,1115
E745S_01164,11925,9460,9133,9867,11872,10204,7917,12544,4818
E745S_01165,0,0,0,0,366,53,44,101,0
E745S_01166,1254,1465,1088,2742,1729,2301,1240,1523,934
E745S_01167,8931,10051,6147,12047,8312,13090,4644,10353,1577
E745S_01168,0,0,1,0,0,0,0,0,0
E745S_01169,264,92,0,0,0,391,719,169,31
E745S_01170,1940,5167,2920,6661,2614,4750,3133,4841,986
E745S_01171,0,0,0,0,0,0,0,0,0
E745S_01172,0,0,0,0,0,0,0,0,0
E745S_01199,0,0,0,0,0,0,0,0,0
E745S_01200,0,0,0,0,0,0,0,0,0
E745S_01201,0,0,121,0,0,0,0,0,0
E745S_01202,0,0,0,0,316,0,1,103,0
E745S_01203,0,0,0,0,0,0,0,0,0
E745S_01204,0,2,0,1,1,0,1,0,0
E745S_01205,0,0,0,0,0,0,0,0,0
E745S_01206,0,0,1,0,0,0,0,0,0
E745S_01207,0,0,0,0,0,0,0,0,0
E745S_01208,0,0,0,0,0,0,0,0,0
E745S_01209,0,0,0,0,0,0,0,0,0
E745S_01210,396,821,303,28,302,496,200,202,121
E745S_01211,0,0,0,0,0,0,0,0,0
E745S_01212,0,0,131,0,1,82,0,0,0
E745S_01213,9672,8193,7349,65647,69715,65270,33269,31200,17106
E745S_01214,551,995,137,794,0,660,0,215,107
E745S_01215,139,0,205,0,0,0,0,65,0
E745S_01216,210,441,497,289,452,301,260,447,280
E745S_01217,0,0,0,0,3,0,0,0,0
E745S_01218,0,0,0,0,0,0,0,0,0
E745S_01219,0,0,0,0,0,0,0,0,0
E745S_01220,0,0,0,1,0,1,0,0,1
E745S_01221,0,0,0,0,0,52,0,0,0
E745S_01222,0,0,0,0,0,0,0,0,0
E745S_01223,6383,5688,4051,7385,8640,7501,7087,6222,2761
E745S_01224,324,439,903,162,1203,1145,629,919,43
E745S_01225,0,0,0,0,0,0,0,0,0
E745S_01226,0,0,0,0,0,0,0,0,0
E745S_01227,0,0,0,0,0,0,0,0,0
E745S_01228,0,0,0,0,0,0,0,0,0
E745S_01229,0,0,0,0,0,0,0,0,0
E745S_01230,0,0,0,0,0,0,0,0,0
E745S_01231,664,1307,1649,1224,793,1953,1789,861,186
E745S_01232,644,636,701,907,0,851,368,978,31
E745S_01233,0,0,0,0,0,0,0,0,0
E745S_01234,9955,9640,7878,8946,8168,9281,9855,9358,3722
E745S_01235,151,103,129,0,0,79,0,111,0
E745S_01236,743,798,1575,1427,287,1059,883,645,1046
E745S_01237,0,0,0,0,0,0,0,0,0
E745S_01238,0,0,0,0,0,0,0,0,0
E745S_01239,0,43,0,0,0,288,0,0,216
E745S_01240,0,0,0,0,0,0,0,0,0
E745S_01241,0,0,0,0,0,0,0,0,0
E745S_01242,0,0,0,0,0,0,0,0,0
E745S_01243,153,533,389,603,345,136,440,359,0
E745S_01244,3732,6197,5211,4213,5873,5474,6326,8038,4335
E745S_01245,0,0,0,0,0,0,0,1,0
E745S_01246,0,0,0,0,0,0,0,0,0
E745S_01247,0,0,0,0,0,0,0,0,0
E745S_01248,0,0,232,138,1344,353,188,0,0
E745S_01249,0,0,247,0,1,129,0,0,0
E745S_01250,466,522,76,146,704,127,0,119,27
E745S_01251,5669,6100,6866,5574,2907,4923,3889,3294,1163
E745S_01252,0,0,0,0,0,73,170,26,0
E745S_01253,13070,10104,10389,15564,11525,11104,9623,12834,4910
E745S_01254,46,234,396,127,301,197,442,400,772
E745S_01255,0,0,0,0,0,0,0,0,0
E745S_01256,0,0,0,0,0,0,0,179,0
E745S_01257,0,0,0,0,0,2,0,49,0
E745S_01258,0,0,0,0,0,0,0,0,0
E745S_01259,0,0,0,0,0,0,0,0,0
E745S_01260,0,0,0,0,0,1,0,0,0
E745S_01261,0,0,0,0,0,0,0,0,0
E745S_01262,0,0,0,0,0,0,0,0,0
E745S_01263,1355,1485,878,1435,1223,2706,1445,994,224
E745S_01264,4809,3952,5395,5360,4800,5076,4953,3845,1784
E745S_01265,0,0,0,0,0,0,0,0,0
E745S_01266,0,0,0,0,0,0,0,0,0
E745S_01267,0,0,0,0,0,0,0,0,0
E745S_01268,0,0,0,0,0,0,0,0,0
E745S_01269,168,125,144,480,0,134,570,309,270
E745S_01270,455,503,877,645,7,534,891,531,293
E745S_01271,1462,1914,1926,2741,1708,2351,1411,2050,1405
E745S_01272,0,0,0,0,0,0,0,0,0
E745S_01273,0,0,0,0,0,67,51,59,29
E745S_01274,785,278,17,0,0,42,124,182,589
E745S_01275,0,0,0,0,0,0,0,0,0
E745S_01276,0,0,0,0,0,0,0,0,0
E745S_01277,66,0,243,0,0,77,0,81,0
E745S_01278,7501,5805,7450,7071,6936,6113,9842,4722,3703
E745S_01279,0,0,0,0,0,0,0,0,0
E745S_01280,0,0,0,4,0,66,115,60,0
E745S_01281,2066,954,2210,2429,3064,2094,1158,1912,395
E745S_01282,0,95,122,0,0,34,0,117,0
E745S_01283,2,139,124,300,0,451,75,79,0
E745S_01284,0,0,0,0,0,0,1,0,0
E745S_01285,17718,17557,21943,19473,29709,23991,20489,15263,10308
E745S_01286,0,143,0,0,0,0,0,0,0
E745S_01287,12215,15336,16289,14537,16151,14866,11389,19414,6790
E745S_01288,785,348,58,146,0,416,273,357,702
E745S_01289,2140,3814,2136,2462,2573,3642,2629,1517,1566
E745S_01290,0,0,0,0,0,0,0,0,0
E745S_01291,0,0,71,74,348,0,58,129,0
E745S_01292,6270,5261,6034,5847,4373,3916,3590,7061,1072
E745S_01293,3174,3945,3177,3350,1830,3345,2591,3426,2187
E745S_01294,1157,1504,622,914,1964,1413,1447,1167,1396
E745S_01295,7326,6308,9414,8951,10229,9857,12489,6526,5248
E745S_01296,0,0,0,0,0,125,0,0,0
E745S_01297,3176,2342,2960,3360,6585,2388,4501,2790,3057
E745S_01298,3711,3004,5896,7237,6344,4240,6607,4340,2649
E745S_01299,9,15,15,0,0,0,0,0,0
E745S_01300,155,462,78,0,181,106,325,264,698
E745S_01301,7443,6643,4170,6719,10272,8279,6986,8460,6435
E745S_01302,7,0,0,60,25,5,14,0,0
E745S_01303,0,0,0,0,0,0,322,0,0
E745S_01304,7936,8815,8005,15024,11196,14473,7723,8227,3669
E745S_01305,63,0,440,263,0,130,43,0,41
E745S_01306,567,439,310,1193,350,557,438,1206,0
E745S_01307,0,433,293,931,1012,279,106,527,0
E745S_01308,0,109,124,0,0,118,133,1,0
E745S_01309,0,0,0,0,0,0,0,0,0
E745S_01310,0,0,0,0,0,0,0,0,0
E745S_01311,427,493,55,309,148,118,232,481,282
E745S_01312,0,0,0,148,0,0,1,0,0
E745S_01313,1,0,0,0,0,0,0,0,0
E745S_01314,0,1,0,0,0,0,0,0,0
E745S_01315,157,175,0,0,0,0,0,237,0
E745S_01316,3219,2416,2734,2146,1541,1981,4229,3754,1289
E745S_01317,0,0,0,0,0,0,0,0,0
E745S_01318,0,0,0,0,0,0,0,0,0
E745S_01319,522,389,238,870,0,293,699,1196,100
E745S_01320,7465,5492,5873,8580,6489,7173,7602,6508,3529
E745S_01321,1766,3520,2316,1358,4741,2539,2462,2153,1306
E745S_01322,1,3,2,0,1,1,40,0,0
E745S_01323,0,303,0,138,0,60,0,0,0
E745S_01324,135,73,159,144,337,399,38,228,0
E745S_01325,41681,32523,36943,50171,36717,35037,35350,48132,20357
E745S_01326,2576,3294,2711,2367,2788,2890,2757,3949,1461
E745S_01327,158,308,122,716,0,0,738,554,363
E745S_01328,3999,3192,3058,3204,3483,2890,4453,4891,2222
E745S_01329,10879,15628,11410,11674,9790,17390,9656,15387,5410
E745S_01330,3744,5326,3800,5782,6542,6226,4176,5657,2503
E745S_01331,985,1440,1167,1566,3759,1341,755,1285,640
E745S_01332,0,109,0,233,465,0,63,125,0
E745S_01333,0,0,0,0,0,0,0,0,0
E745S_01334,0,0,0,0,0,0,0,0,0
E745S_01335,573,951,520,813,1083,1140,644,1241,167
E745S_01336,1304,1159,905,2483,956,1905,710,1096,55
E745S_01337,1333,2089,2742,1273,1313,2217,2423,2555,463
E745S_01338,59,0,0,236,0,0,0,101,0
E745S_01339,556,953,751,1030,2077,1747,438,859,572
E745S_01340,0,156,460,0,1,220,64,63,307
E745S_01341,1004,583,977,1245,705,867,844,1886,511
E745S_01342,149,93,0,0,0,98,23,276,231
E745S_01343,425,1147,964,698,1043,1574,1022,926,69
E745S_01344,5500,7215,5565,7623,8740,8265,5163,6421,1556
E745S_01345,3018,2924,2004,5261,1215,2432,2856,2608,840
E745S_01346,3313,2244,2216,1388,1573,1974,2071,2598,782
E745S_01347,7494,7904,6730,7668,5122,5477,4506,8286,6912
E745S_01348,994,488,779,618,0,972,484,511,146
E745S_01349,0,99,0,0,0,145,57,64,397
E745S_01350,0,0,0,0,0,0,0,0,0
E745S_01351,2226,3828,2302,1872,2733,4338,2011,2490,1536
E745S_01352,0,0,129,206,249,76,0,222,343
E745S_01353,0,0,0,0,0,0,0,0,0
E745S_01354,1278,1985,1250,2041,795,1585,1677,2191,693
E745S_01355,593,1132,700,700,783,584,692,693,37
E745S_01356,7143,4463,7617,10371,10126,3827,12478,7947,10778
E745S_01357,0,0,0,0,1,0,0,0,0
E745S_01358,0,0,0,0,0,0,0,0,0
E745S_01359,1856,461,789,1602,1292,321,1417,765,632
E745S_01360,0,0,0,0,0,0,0,0,0
E745S_01361,0,0,0,0,0,0,0,0,0
E745S_01362,0,0,0,0,0,0,0,0,0
E745S_01363,0,0,0,0,0,0,0,0,0
E745S_01364,4605,4888,3732,6354,3828,4725,4407,4109,1004
E745S_01365,0,0,0,0,0,1,0,0,0
E745S_01366,4824,5286,5273,6987,5423,6996,6734,8278,2952
E745S_01367,3006,3095,2497,1777,2485,4140,3281,3064,1261
E745S_01368,22403,21532,19895,36302,26125,20111,23893,29109,15922
E745S_01369,7689,11598,7920,9451,8603,11661,10768,9804,4972
E745S_01370,1834,2237,2896,2670,2891,2082,1275,2723,845
E745S_01371,1566,1952,1847,2084,2485,1675,1529,2471,761
E745S_01372,2142,1938,1519,1565,3025,1906,3297,2090,582
E745S_01373,2439,3882,4134,2587,7573,4118,2514,3316,500
E745S_01374,1112,928,667,1442,554,1575,922,852,166
E745S_01375,0,123,0,0,0,0,0,145,0
E745S_01376,1800,2826,1917,3138,3092,2181,2305,1785,742
E745S_01377,0,0,0,0,0,0,0,0,0
E745S_01378,189,83,112,4,1,84,785,666,42
E745S_01379,0,0,0,0,311,2,40,59,0
E745S_01380,104,221,127,0,0,83,432,374,229
E745S_01381,4709,3704,2813,6304,5769,5918,5105,6197,3774
E745S_01382,0,0,0,0,0,0,0,0,0
E745S_01383,0,0,0,0,0,0,0,0,0
E745S_01384,0,0,0,0,0,0,1,0,0
E745S_01385,3325,3237,3138,4544,3233,4739,2289,3329,1405
E745S_01386,4451,3969,2926,5473,4547,4693,3292,4736,1146
E745S_01387,0,0,0,0,0,0,0,0,0
E745S_01388,0,0,0,0,0,0,0,0,0
E745S_01389,8538,8592,9211,7865,6434,9360,9548,8014,5470
E745S_01390,1196,942,1357,2112,790,1691,1856,1008,1058
E745S_01391,1510,1518,674,720,789,1024,583,1424,340
E745S_01392,5661,5911,3597,5814,8639,5760,4500,7033,4245
E745S_01393,314,107,131,0,1,30,238,110,0
E745S_01394,812,1032,1043,580,500,702,402,1261,438
E745S_01395,221,724,1217,641,910,968,736,651,61
E745S_01396,0,0,117,0,0,0,146,133,0
E745S_01397,7,0,0,0,0,0,0,0,0
E745S_01407,0,0,0,0,0,0,0,0,0
E745S_01408,0,0,1,0,0,0,0,0,0
E745S_01409,0,0,0,0,0,0,0,0,0
E745S_01410,10903,8053,10300,77,1081,215,131,140,219
E745S_01411,1009,1970,1228,1249,2059,1060,1254,2134,663
E745S_01412,113,0,0,0,0,97,0,0,0
E745S_01413,0,0,0,0,0,0,0,0,0
E745S_01414,0,0,0,0,0,0,0,0,0
E745S_01415,0,0,0,0,0,0,0,63,0
E745S_01416,0,0,0,0,0,0,0,0,0
E745S_01417,0,0,0,0,0,0,0,1,0
E745S_01418,0,0,0,0,0,0,0,0,0
E745S_01419,0,0,0,0,0,0,0,0,0
E745S_01420,0,0,0,0,0,0,0,0,0
E745S_01421,333,355,178,100,0,464,376,156,26
E745S_01422,421,1304,898,148,265,88,102,386,74
E745S_01423,0,0,0,0,0,0,0,0,0
E745S_01424,0,0,0,0,0,0,0,0,0
E745S_01425,0,0,0,0,0,0,0,0,0
E745S_01426,0,0,0,0,0,0,0,0,0
E745S_01427,0,0,0,0,0,0,0,0,0
E745S_01428,0,0,0,0,0,0,0,0,0
E745S_01429,0,0,0,0,0,0,0,0,1
E745S_01430,0,0,0,0,0,0,0,0,0
E745S_01431,338,299,354,0,1023,0,427,469,15
E745S_01432,0,0,0,0,0,0,0,0,0
E745S_01433,0,0,0,0,0,0,0,0,0
E745S_01434,0,0,0,0,0,0,0,0,0
E745S_01435,82,291,359,0,0,611,1,69,0
E745S_01436,0,0,0,0,0,0,0,0,0
E745S_01437,0,0,0,0,0,0,0,0,0
E745S_01438,6186,4597,5273,0,0,0,17,2,0
E745S_01439,1566,1168,281,1692,1935,1665,1142,1457,1008
E745S_01440,142,366,128,581,0,440,272,0,0
E745S_01441,302,560,979,306,255,615,361,795,139
E745S_01442,1377,1172,1699,1066,1116,1570,1005,1018,409
E745S_01443,0,0,0,0,0,0,0,0,0
E745S_01444,0,0,0,0,0,0,0,0,0
E745S_01445,1481,594,817,863,488,876,480,502,201
E745S_01446,0,0,0,0,0,0,0,0,0
E745S_01447,0,0,0,0,0,0,69,323,203
E745S_01448,0,110,0,453,377,337,280,118,29
E745S_01449,553,602,1179,571,2306,918,1025,1344,476
E745S_01450,137,167,299,58,0,259,251,303,0
E745S_01451,1,0,0,0,0,0,0,0,0
E745S_01452,1717,2641,2197,2384,1637,1371,976,1786,1159
E745S_01453,243,173,751,206,316,692,0,667,0
E745S_01454,930,727,889,1017,1396,1337,1556,835,707
E745S_01455,0,201,282,400,156,682,181,274,226
E745S_01456,7981,6492,6689,7625,6842,7079,9274,10373,4341
E745S_01457,215,757,735,816,828,554,1032,1189,539
E745S_01458,6838,8561,9238,10553,15543,10436,10632,10471,6759
E745S_01459,10473,7756,11204,22320,13934,9832,19043,11206,14619
E745S_01460,0,0,0,0,0,0,0,0,0
E745S_01461,0,0,0,0,0,0,0,0,0
E745S_01462,98,307,124,228,0,651,74,400,401
E745S_01463,0,94,0,0,0,0,0,103,0
E745S_01464,0,99,0,1,0,181,0,0,149
E745S_01465,0,89,0,0,0,0,0,54,0
E745S_01466,0,0,0,0,0,0,0,0,0
E745S_01467,8338,7288,7634,9795,3752,5715,7952,6257,3562
E745S_01468,1251,410,581,220,0,856,261,989,379
E745S_01469,0,0,0,0,0,0,150,0,0
E745S_01470,0,156,0,0,0,0,0,13,0
E745S_01471,59,0,0,0,0,0,51,27,0
E745S_01472,0,210,239,154,605,51,430,109,213
E745S_01473,0,0,0,0,0,0,0,0,0
E745S_01474,215,0,227,89,356,0,34,26,0
E745S_01475,0,0,0,0,0,0,0,0,0
E745S_01476,82,294,217,23,24,135,122,92,89
E745S_01477,0,0,0,0,0,1,1,0,0
E745S_01478,0,0,0,0,0,0,0,0,0
E745S_01479,0,0,0,0,0,0,0,0,0
E745S_01480,0,0,0,0,0,0,0,0,0
E745S_01481,0,0,0,0,0,0,0,0,0
E745S_01482,0,0,0,0,0,0,0,0,0
E745S_01483,0,0,0,0,0,0,0,0,0
E745S_01484,0,0,0,0,0,0,0,0,0
E745S_01485,0,0,0,0,0,0,0,0,0
E745S_01486,0,0,0,0,0,0,0,0,0
E745S_01487,0,0,0,0,0,0,0,0,0
E745S_01488,0,0,0,0,0,1,0,0,0
E745S_01489,0,0,0,0,0,0,0,0,0
E745S_01490,0,0,0,0,0,0,0,0,0
E745S_01491,0,0,0,0,0,0,0,0,0
E745S_01492,0,0,0,0,0,0,0,0,0
E745S_01493,0,0,0,0,0,0,0,0,0
E745S_01494,0,0,0,0,0,0,0,0,0
E745S_01495,0,0,0,0,0,1,0,0,0
E745S_01496,0,0,0,0,0,0,0,0,0
E745S_01497,0,0,0,0,0,0,0,0,1
E745S_01498,0,0,0,0,0,0,0,0,0
E745S_01499,0,0,1,0,0,0,0,0,0
E745S_01500,0,0,0,0,0,0,0,0,0
E745S_01501,0,0,0,0,0,0,0,0,0
E745S_01502,0,0,0,0,0,0,0,0,0
E745S_01503,0,0,0,0,0,0,0,0,0
E745S_01504,0,0,0,0,0,0,0,0,0
E745S_01505,0,0,0,0,0,0,0,0,0
E745S_01506,0,0,0,0,0,0,0,0,0
E745S_01507,0,0,0,0,0,0,0,0,0
E745S_01508,0,0,0,0,0,0,0,0,0
E745S_01509,0,0,0,0,0,0,0,0,0
E745S_01510,0,0,0,0,0,0,0,0,0
E745S_01511,0,0,0,0,0,0,0,0,0
E745S_01512,0,0,0,0,0,0,0,0,0
E745S_01513,422,361,74,571,1111,152,546,341,210
E745S_01514,4346,4942,2963,3676,3768,5978,2876,4235,1648
E745S_01515,290,255,407,68,336,572,351,174,580
E745S_01516,0,0,0,0,0,0,0,0,0
E745S_01517,0,0,0,0,0,0,0,0,0
E745S_01518,130,169,0,152,364,501,213,385,0
E745S_01519,1687,1482,888,2145,1387,1589,1760,1844,1003
E745S_01520,14194,12393,13772,15213,10165,11705,10800,15980,7181
E745S_01521,0,58,0,0,0,0,0,60,0
E745S_01522,245,276,468,1238,883,868,759,1094,806
E745S_01523,0,0,0,0,0,0,0,0,0
E745S_01524,0,0,0,0,0,0,0,0,0
E745S_01525,1,0,0,1,2,1,0,0,0
E745S_01526,0,0,0,1,0,0,0,0,0
E745S_01527,0,0,1,1,0,0,0,0,0
E745S_01528,0,0,0,0,0,0,0,0,0
E745S_01529,0,0,0,0,0,0,0,0,0
E745S_01530,0,0,0,0,0,44,0,0,0
E745S_01531,338,972,642,233,999,487,861,748,307
E745S_01532,793,628,335,1615,1118,725,1210,676,0
E745S_01533,332,441,135,148,1,665,53,210,259
E745S_01534,5661,6463,6660,5254,8860,6301,5072,5645,2184
E745S_01535,0,0,0,0,0,0,0,0,0
E745S_01536,0,0,0,0,1,1,2,0,0
E745S_01537,565,359,506,68,159,354,319,616,305
E745S_01538,0,0,0,0,0,0,0,0,0
E745S_01539,1502,1432,2417,1768,1031,1325,2481,761,210
E745S_01540,367,296,424,617,359,246,449,190,52
E745S_01541,0,0,0,66,0,0,48,70,224
E745S_01542,0,0,0,0,0,0,0,0,0
E745S_01543,214,0,168,417,0,0,69,258,0
E745S_01544,119,96,0,0,0,308,234,102,229
E745S_01545,435,331,324,1119,474,298,576,890,683
E745S_01546,0,0,0,0,0,0,0,0,0
E745S_01547,179,474,320,433,0,312,184,248,0
E745S_01548,0,0,0,0,0,0,0,0,0
E745S_01549,1851,2169,2876,2936,3821,3429,2138,3314,1192
E745S_01550,5368,5000,5203,5651,4325,5651,4598,3940,2129
E745S_01551,0,0,0,0,0,0,0,0,0
E745S_01552,0,1,0,0,0,0,0,0,1
E745S_01553,4973,4702,5814,8421,7877,7201,7252,6408,3536
E745S_01554,0,0,0,0,0,0,0,0,0
E745S_01555,84,308,414,0,0,277,0,101,0
E745S_01556,92,566,212,426,665,406,240,311,302
E745S_01557,0,0,0,0,0,0,0,0,0
E745S_01558,81,120,0,301,198,512,157,134,0
E745S_01559,0,0,0,0,0,0,0,0,0
E745S_01560,0,0,0,0,0,0,0,0,0
E745S_01561,897,468,213,816,355,455,681,639,389
E745S_01562,2506,2111,1252,557,415,1134,448,562,691
E745S_01563,0,0,0,0,0,0,0,0,0
E745S_01564,613,1325,759,1725,1837,1236,753,1689,1134
E745S_01565,0,139,137,0,197,234,43,122,300
E745S_01566,0,0,115,210,0,259,129,298,0
E745S_01567,0,0,0,0,0,0,0,0,0
E745S_01568,240,295,126,164,362,306,45,44,32
E745S_01569,5137,3690,3236,3298,350,3775,2302,6432,1506
E745S_01570,165,506,118,165,0,313,333,260,0
E745S_01571,3319,3635,3070,3062,2600,3489,3411,3943,1209
E745S_01572,4256,4942,5127,7079,10795,6843,8222,6208,2695
E745S_01573,3711,3487,4763,3407,3499,3495,2910,3567,710
E745S_01574,0,0,0,0,0,0,0,86,0
E745S_01575,0,0,0,0,0,0,0,0,0
E745S_01576,686,356,123,400,0,218,283,695,76
E745S_01577,0,0,0,1,0,0,0,0,0
E745S_01578,0,0,0,0,0,0,0,0,0
E745S_01579,0,0,0,0,0,0,0,0,0
E745S_01580,0,0,0,0,0,0,0,0,0
E745S_01581,4942,1826,2882,1249,745,1224,537,1607,472
E745S_01582,2004,736,2113,1870,1441,1599,2694,1284,1431
E745S_01583,505,1601,914,471,1896,1351,855,701,38
E745S_01584,871,1339,1412,316,1,214,479,475,0
E745S_01585,143,56,121,168,156,78,296,117,25
E745S_01586,0,0,0,0,0,0,0,0,0
E745S_01587,307,1069,885,1015,0,326,434,553,201
E745S_01588,756,1187,689,913,695,1384,1192,798,222
E745S_01589,0,0,0,0,0,0,0,0,0
E745S_01590,0,166,245,245,0,137,156,559,194
E745S_01591,0,0,0,0,0,0,0,0,0
E745S_01592,0,0,0,0,0,0,0,0,0
E745S_01593,0,0,0,0,0,0,0,0,0
E745S_01594,900,1014,1049,562,1285,1669,951,1374,603
E745S_01595,6663,5069,4778,14103,10255,6501,9975,8846,4918
E745S_01596,5645,5803,3778,6323,5886,8132,3585,7145,2096
E745S_01597,0,0,0,0,0,0,0,0,0
E745S_01598,620,1608,1808,1936,3230,2443,1675,1436,430
E745S_01599,68,0,119,0,0,0,0,0,0
E745S_01600,330,550,624,546,2929,982,702,1255,546
E745S_01601,1799,1351,596,1087,1488,1342,1835,1670,368
E745S_01602,2892,2961,2056,2397,1581,3900,1623,3258,542
E745S_01603,0,0,0,0,0,0,0,0,0
E745S_01604,0,0,0,0,0,0,0,0,0
E745S_01605,0,0,0,0,0,0,0,0,0
E745S_01606,6122,2961,6585,8622,6679,6031,7333,7067,4036
E745S_01607,2614,2953,3153,3626,1350,3157,2752,1639,1089
E745S_01608,6892,6187,6870,5798,4337,7322,5286,5416,4100
E745S_01609,967,562,407,1402,658,1283,980,997,1694
E745S_01610,22514,13451,18499,47403,25853,20036,33546,22769,21441
E745S_01611,2276,1821,3291,2349,1033,4232,1297,2471,0
E745S_01612,1,0,0,0,0,0,0,0,0
E745S_01613,0,0,0,0,0,0,0,0,0
E745S_01614,0,0,0,0,0,0,0,0,0
E745S_01615,0,0,0,0,0,0,0,0,0
E745S_01616,0,0,0,0,0,0,0,0,0
E745S_01617,33,0,0,0,0,0,0,9,0
E745S_01618,1096,479,1004,1056,573,1559,407,355,711
E745S_01619,4375,5020,3383,5809,5141,6297,6921,6373,2148
E745S_01620,14132,11180,14677,13941,12061,11345,15857,11397,7555
E745S_01621,4643,6652,6155,8021,2886,6233,6951,8519,3032
E745S_01622,0,0,0,0,0,0,0,0,0
E745S_01623,214,250,251,238,0,331,541,362,414
E745S_01624,110,0,638,0,0,0,0,0,0
E745S_01625,0,0,0,0,0,0,0,0,0
E745S_01626,12996,11763,9587,15259,15886,13891,13107,11291,3362
E745S_01627,1335,559,886,586,538,1051,757,721,579
E745S_01628,9187,5610,5516,10429,9628,7691,11005,6641,2726
E745S_01629,937,476,128,226,0,787,381,162,607
E745S_01630,119,261,65,138,313,274,0,271,0
E745S_01631,0,0,0,0,0,0,0,0,0
E745S_01632,2244,1495,1428,2316,1288,3441,2148,1438,859
E745S_01633,15617,12586,12806,17757,12692,17750,19923,19742,16019
E745S_01634,1216,1018,281,552,493,1529,1249,1106,36
E745S_01635,0,0,0,0,0,0,0,0,0
E745S_01636,0,0,0,0,0,0,0,0,0
E745S_01637,7142,5748,4270,8566,4869,6668,7359,7899,3123
E745S_01638,0,0,0,0,0,0,0,0,0
E745S_01639,0,0,0,0,0,0,0,0,0
E745S_01640,145,109,135,130,0,77,255,266,0
E745S_01641,3381,3541,2037,4466,2426,2682,2100,3978,1868
E745S_01642,63,0,0,444,0,0,31,101,0
E745S_01643,0,58,124,0,0,0,59,71,0
E745S_01644,5283,4415,3225,6231,1476,5821,4813,6566,2314
E745S_01645,240,795,1378,986,1690,1588,764,1076,30
E745S_01646,2161,2575,1591,1913,1513,1419,2393,2858,854
E745S_01647,2301,1844,2062,2943,5522,1814,1698,4147,2118
E745S_01648,5443,5861,4305,4261,6811,4486,4336,5520,2533
E745S_01649,0,0,0,0,0,0,0,0,0
E745S_01650,6,2,12,13,10,4,6,5,3
E745S_01651,0,0,0,0,0,0,0,0,0
E745S_01652,0,0,0,0,0,0,0,0,0
E745S_01653,0,0,0,0,0,0,0,0,0
E745S_01654,0,0,0,0,0,0,0,0,0
E745S_01655,0,0,0,0,0,0,89,39,0
E745S_01656,1308,511,759,1862,514,1417,742,747,537
E745S_01657,2276,1140,640,2037,3109,2166,1037,1632,1656
E745S_01658,0,0,0,0,0,0,0,0,0
E745S_01659,0,0,0,0,0,0,0,0,0
E745S_01660,0,0,0,0,0,0,0,0,0
E745S_01661,9515,6212,8706,10451,11341,6564,5432,7551,4381
E745S_01662,8238,8250,11017,12546,14289,9176,10476,10127,7211
E745S_01663,1821,1856,625,425,647,1114,1476,1299,1402
E745S_01664,2843,3413,2151,4400,4157,2846,3830,3678,2036
E745S_01665,0,0,0,0,0,0,0,0,0
E745S_01666,100,0,227,324,263,100,198,85,0
E745S_01667,23457,22022,24994,40649,31813,27181,40655,25955,34778
E745S_01668,112,628,200,532,730,1105,64,302,87
E745S_01669,0,0,0,0,0,0,0,56,0
E745S_01670,135,116,0,197,1266,0,468,643,224
E745S_01671,0,0,0,0,0,0,0,0,0
E745S_01672,0,0,0,0,742,93,0,21,0
E745S_01673,195,0,312,589,460,503,653,294,73
E745S_01674,389,136,64,547,0,286,179,313,0
E745S_01675,0,0,0,0,0,0,0,0,0
E745S_01676,88,0,0,0,0,0,0,0,0
E745S_01677,132,92,135,0,0,369,202,53,0
E745S_01678,0,0,0,0,0,17,0,0,0
E745S_01679,0,0,0,0,0,0,0,0,0
E745S_01680,0,0,0,0,0,0,0,0,0
E745S_01681,0,49,170,265,0,337,331,374,439
E745S_01682,233,51,74,174,0,48,234,125,0
E745S_01683,2708,4863,4068,3696,4742,3595,3102,14210,1022
E745S_01684,4512,4271,4393,5264,7889,5723,6548,5961,3956
E745S_01685,1355,1276,770,3791,1534,2965,2032,2773,624
E745S_01686,0,0,0,0,0,0,0,0,0
E745S_01687,0,0,0,0,0,0,0,0,0
E745S_01688,0,0,0,0,0,0,0,0,0
E745S_01689,422,902,1123,479,1957,1365,3148,1317,803
E745S_01690,0,103,0,165,0,0,0,0,0
E745S_01691,146,0,245,322,196,117,95,127,363
E745S_01692,0,0,0,0,0,0,0,0,0
E745S_01693,2400,1787,1858,1463,1503,2658,1879,1459,189
E745S_01694,1564,3293,1832,1635,1551,2254,2016,2243,1806
E745S_01695,3881,5048,4380,7949,5300,7756,3522,5591,3041
E745S_01696,0,0,0,0,345,0,0,0,0
E745S_01697,0,0,0,0,0,1,0,1,0
E745S_01698,0,0,0,0,0,0,0,0,0
E745S_01699,0,0,0,0,0,0,0,0,0
E745S_01700,357,406,140,270,1,377,174,464,0
E745S_01701,1,25,138,153,0,82,151,413,387
E745S_01702,206,675,770,747,333,519,414,522,6291
E745S_01703,0,0,0,0,427,121,92,73,1
E745S_01704,0,156,5,129,0,466,352,0,42
E745S_01705,0,0,0,0,0,0,0,0,0
E745S_01706,18483,20480,15616,29101,18920,20709,15979,21354,12355
E745S_01707,0,75,0,130,344,81,230,3,0
E745S_01708,162,740,377,373,316,354,196,499,498
E745S_01709,5053,2609,3135,4075,3687,2097,2857,4134,2663
E745S_01710,394,459,0,158,0,106,129,270,0
E745S_01711,5752,5572,4503,8267,4550,5868,4724,5329,4512
E745S_01712,1617,1404,4415,1887,2285,1799,2222,1791,875
E745S_01713,308,1309,436,396,149,207,459,650,33
E745S_01714,0,0,0,0,0,2,0,0,0
E745S_01715,0,0,0,0,0,0,0,0,0
E745S_01716,2611,2175,1146,3718,906,3228,2108,3022,2001
E745S_01717,5123,5554,5899,4721,8461,5428,5351,4273,1187
E745S_01718,685,996,255,228,0,709,280,590,0
E745S_01719,2836,3268,5032,2983,2077,2880,2343,4460,1875
E745S_01720,0,0,0,0,0,0,0,0,0
E745S_01721,0,0,0,1,1,0,1,0,0
E745S_01722,0,0,0,0,0,0,0,0,0
E745S_01723,575,1348,635,979,1368,603,771,2519,495
E745S_01724,2658,1966,2878,4127,2543,2550,2869,3844,657
E745S_01725,1973,4202,3935,2601,2901,4712,3909,2139,2333
E745S_01726,0,0,0,0,0,0,0,0,0
E745S_01727,1546,2680,1657,2214,2126,2329,3452,2494,1568
E745S_01728,1771,1527,1387,2497,2996,1840,1896,2882,925
E745S_01729,121,42,131,279,309,221,149,284,49
E745S_01730,4447,3482,3218,4947,4066,3263,4191,3981,1171
E745S_01731,0,0,0,0,0,0,0,0,1
E745S_01732,1213,639,418,567,563,414,620,1180,196
E745S_01733,2242,3298,2613,3082,1270,2600,3247,2735,1986
E745S_01734,416,45,0,0,0,0,106,51,0
E745S_01735,9823,9951,7711,11341,8928,7292,8443,11142,2388
E745S_01736,1029,1339,1917,2483,1154,1532,543,1483,1345
E745S_01737,382,589,638,489,1090,940,57,699,33
E745S_01738,0,0,0,0,0,0,0,0,0
E745S_01739,922,281,471,210,170,482,520,808,0
E745S_01740,6460,4818,3940,7687,11620,6379,8012,3278,3376
E745S_01741,0,0,0,0,0,0,0,0,0
E745S_01742,0,0,0,0,0,0,0,0,0
E745S_01743,0,0,0,0,0,0,0,0,0
E745S_01744,4315,2769,3580,5475,5240,6045,4507,5602,1017
E745S_01745,1785,2797,3191,2461,2858,3544,4553,1515,1067
E745S_01746,4053,4145,4473,6545,2540,2658,3114,4935,1393
E745S_01747,78,350,190,278,0,126,171,93,0
E745S_01748,588,1297,237,771,357,1283,1132,1696,404
E745S_01749,4268,2473,2819,4294,3316,2224,3244,5744,2714
E745S_01750,131,0,0,0,0,0,0,0,0
E745S_01751,0,0,0,0,0,0,0,0,0
E745S_01752,481,284,620,532,1086,720,712,1293,1086
E745S_01753,0,0,0,0,0,0,0,0,0
E745S_01754,1304,2634,2359,2005,1633,3193,2549,2667,1035
E745S_01755,1599,2044,1928,2152,3424,2898,3302,1708,700
E745S_01756,9405,14038,6807,14211,9367,8457,10187,15381,6996
E745S_01757,0,0,0,0,0,0,0,0,0
E745S_01758,0,0,0,0,0,0,0,0,0
E745S_01759,0,0,0,0,0,0,0,0,0
E745S_01760,3375,4465,2334,5219,3824,2505,3673,2439,843
E745S_01761,157,84,56,1,0,47,0,451,0
E745S_01762,0,0,0,0,0,0,0,0,0
E745S_01763,2965,2830,1860,4664,2313,1708,2702,3446,680
E745S_01764,548,124,0,0,0,355,123,149,86
E745S_01765,0,0,0,0,0,0,0,0,0
E745S_01766,7841,8150,6491,4860,4689,6515,6957,6734,1650
E745S_01767,153,165,0,680,174,122,249,238,97
E745S_01768,770,698,670,1473,533,496,748,622,35
E745S_01769,669,236,364,184,153,186,316,261,415
E745S_01770,6805,5600,6087,5398,3855,3888,5125,5792,2011
E745S_01771,8980,11070,11644,14736,10543,10904,13100,12652,12934
E745S_01772,2867,4096,3244,5436,5092,5084,4107,5152,2635
E745S_01773,2568,2274,1820,2002,2711,2992,3128,3371,2416
E745S_01774,0,0,0,0,0,0,0,0,0
E745S_01775,137,731,89,408,0,255,367,287,144
E745S_01776,0,0,0,0,0,0,0,0,0
E745S_01777,2798,1932,1764,1657,1993,1134,2001,1415,1552
E745S_01778,0,0,0,0,0,0,0,0,0
E745S_01779,0,0,0,0,0,0,0,0,0
E745S_01780,1171,826,626,273,0,1139,1392,525,339
E745S_01781,0,0,0,0,0,0,0,0,0
E745S_01782,2110,1344,3183,2630,1818,2458,3582,2994,1810
E745S_01783,0,0,0,0,0,0,0,0,0
E745S_01784,0,0,0,0,0,0,0,0,0
E745S_01785,95,377,761,880,1111,737,605,768,511
E745S_01786,0,0,0,0,0,0,0,0,0
E745S_01787,30918,25194,22699,39727,39570,28882,30567,55329,19746
E745S_01788,152,861,1021,1264,1430,543,518,394,474
E745S_01789,343,449,789,339,0,493,132,581,0
E745S_01790,314,151,0,687,771,400,347,273,32
E745S_01791,753,329,308,511,726,1287,343,231,876
E745S_01792,3851,3215,4142,4135,3518,3808,5462,2587,6681
E745S_01793,79,58,239,77,0,283,146,259,0
E745S_01794,331,1068,1769,354,1689,1238,723,1129,481
E745S_01795,416,465,1014,794,1385,567,1195,977,1175
E745S_01796,268,386,0,0,327,835,180,609,0
E745S_01797,362,503,198,0,748,215,277,422,588
E745S_01798,0,0,0,0,0,0,0,0,0
E745S_01799,481,479,0,36,587,160,106,486,33
E745S_01800,958,459,973,1156,1485,506,467,842,154
E745S_01801,6206,5134,5601,7328,5372,5925,6243,5910,1441
E745S_01802,0,0,0,0,0,0,0,0,0
E745S_01803,282,186,179,1084,0,596,735,501,0
E745S_01804,482,177,269,837,1088,334,0,247,240
E745S_01805,0,80,0,291,180,207,0,183,212
E745S_01806,764,938,1266,1037,673,2028,640,1184,401
E745S_01807,3888,1939,2481,2283,3339,2616,2805,2513,1435
E745S_01808,6512,4987,4268,4368,5766,5357,7317,5703,4508
E745S_01809,0,214,350,297,1318,230,225,166,213
E745S_01810,174,473,1137,455,344,856,671,407,134
E745S_01811,649,390,101,0,0,134,210,198,0
E745S_01812,19036,21446,20399,30310,20375,15008,15821,25801,9008
E745S_01813,4226,5125,4007,4186,3056,4016,3065,3855,1083
E745S_01814,0,0,0,0,0,0,0,0,0
E745S_01815,440,716,541,605,1239,565,1091,798,879
E745S_01816,145,0,0,0,0,0,0,65,0
E745S_01817,496,1624,1843,2471,974,861,1200,1263,433
E745S_01818,6232,4622,4028,7909,5558,5683,6660,6272,3580
E745S_01819,6825,5785,5766,9247,5789,5498,5197,6561,3223
E745S_01820,0,0,0,0,0,0,0,0,0
E745S_01821,323,161,170,0,0,342,253,37,0
E745S_01822,0,0,0,0,0,0,0,0,0
E745S_01823,0,0,0,144,0,0,0,0,0
E745S_01824,6,6,1,0,1,1,3,1,0
E745S_01825,450,1081,610,1161,2320,1042,812,960,269
E745S_01826,0,0,1,0,0,0,0,0,0
E745S_01827,0,312,273,300,0,150,458,73,0
E745S_01828,1652,1101,2348,1380,1594,899,1859,1468,343
E745S_01829,423,401,329,223,0,80,60,446,0
E745S_01830,0,0,0,0,0,0,0,0,0
E745S_01831,59,218,187,0,604,357,366,326,44
E745S_01832,1461,992,783,3302,2296,2249,2704,981,3263
E745S_01833,506,958,1221,883,1013,1662,525,991,208
E745S_01834,1525,1195,1086,870,1941,630,509,2226,398
E745S_01835,5201,2438,4930,6301,6154,5099,8924,4402,3947
E745S_01836,7616,7225,7417,12844,17399,10194,12748,14678,8949
E745S_01837,0,0,0,0,0,0,0,0,0
E745S_01838,0,0,0,0,0,0,0,0,1
E745S_01839,0,368,249,0,347,129,0,373,185
E745S_01840,2423,2405,1700,3179,2604,2171,1148,2200,1125
E745S_01841,5469,6018,5733,7936,8439,4596,6194,7611,5831
E745S_01842,1013,1356,1571,1426,1211,2043,1302,2361,2637
E745S_01843,336,546,696,584,507,460,757,796,0
E745S_01844,2711,1954,3704,3343,6343,3594,3190,4499,2128
E745S_01845,0,0,0,0,0,0,0,0,0
E745S_01846,0,0,0,0,0,0,0,0,0
E745S_01847,0,0,0,0,0,0,0,0,0
E745S_01848,348,237,68,588,167,0,113,389,33
E745S_01849,4778,1870,3107,3821,2253,3522,4587,3011,2031
E745S_01850,565,1397,810,2869,366,2021,1554,2119,967
E745S_01851,0,63,0,154,0,134,228,31,0
E745S_01852,1004,419,911,277,0,1144,950,682,179
E745S_01853,1785,1935,3348,2919,1260,2040,2160,1248,1620
E745S_01854,1268,220,1009,668,1508,740,965,1455,706
E745S_01855,321,1092,557,854,470,523,673,1124,0
E745S_01856,0,0,0,0,0,0,0,0,0
E745S_01857,4470,8052,5017,7668,6357,4718,4475,7335,2105
E745S_01858,0,0,133,263,0,0,0,123,0
E745S_01859,2156,1942,1703,1791,3459,1419,1432,2287,2338
E745S_01860,0,0,0,0,0,0,0,0,0
E745S_01861,4947,3688,4289,4777,7104,4529,5681,3274,2067
E745S_01862,401,1122,277,563,180,965,402,714,197
E745S_01863,0,0,0,0,0,0,0,0,0
E745S_01864,3639,3369,2018,3065,1454,2742,3600,4490,1833
E745S_01865,0,0,0,0,0,0,0,0,0
E745S_01866,4824,3595,5010,4886,2656,3465,2967,5025,2124
E745S_01867,0,0,0,0,0,0,0,0,0
E745S_01868,0,0,0,0,0,0,0,0,0
E745S_01869,0,0,0,160,0,0,0,0,0
E745S_01870,763,239,181,851,729,204,139,552,0
E745S_01871,330,497,62,479,333,569,343,282,434
E745S_01872,0,0,0,0,0,0,0,27,0
E745S_01873,3933,4757,4179,4578,5899,3754,3995,5377,3135
E745S_01874,1007,755,1245,1116,1236,1146,851,760,895
E745S_01875,11003,7002,8959,12825,14225,12222,25015,11358,9938
E745S_01876,3982,2994,3056,2116,2315,3742,2876,3309,2850
E745S_01877,0,106,0,0,0,30,42,0,0
E745S_01878,1457,2313,1077,3209,1105,1157,2789,2179,1983
E745S_01879,535,439,234,238,0,613,489,392,544
E745S_01880,0,0,0,0,0,0,0,100,0
E745S_01881,5920,8091,6313,7429,9054,10249,7224,7742,6199
E745S_01882,3715,3896,3661,5498,3637,5256,5273,6857,3148
E745S_01883,1170,1127,905,993,626,852,1388,1741,526
E745S_01884,8754,7370,7245,13331,7896,9082,6997,13813,5012
E745S_01885,90,0,124,0,0,207,58,34,0
E745S_01886,0,0,0,0,267,90,105,278,224
E745S_01887,0,0,0,1,2,0,0,0,0
E745S_01888,629,781,1192,1143,1000,2782,594,1549,462
E745S_01889,1865,704,282,800,663,615,212,604,233
E745S_01890,4419,5448,4698,9581,5582,7484,10302,10323,4449
E745S_01891,0,165,0,551,354,445,290,351,292
E745S_01892,0,0,0,0,0,0,0,0,0
E745S_01893,0,0,0,0,0,0,0,0,0
E745S_01894,0,0,0,0,0,0,0,0,0
E745S_01895,509,696,863,926,336,675,78,23,406
E745S_01896,2732,2504,2592,1745,1062,3047,2535,3115,2584
E745S_01897,885,902,560,1619,345,1991,1476,1233,39
E745S_01898,443,219,19,235,0,165,65,294,201
E745S_01899,332,360,303,200,0,474,327,506,230
E745S_01900,0,0,0,0,0,0,0,0,0
E745S_01901,82,0,0,0,0,0,0,0,0
E745S_01902,10987,9942,10530,13813,14927,11214,16114,9334,8216
E745S_01903,1614,2712,1368,1667,1668,3351,2652,1109,704
E745S_01904,0,0,0,0,0,0,0,0,0
E745S_01905,2668,2192,2028,2400,1905,1424,2160,3067,1201
E745S_01906,306,709,398,425,0,805,776,1317,171
E745S_01907,418,105,462,946,840,652,334,894,282
E745S_01908,0,0,0,0,0,0,0,0,0
E745S_01909,0,0,0,0,0,257,0,296,0
E745S_01910,885,1340,1364,705,159,1046,811,1371,814
E745S_01911,1,0,1,1,0,85,0,57,0
E745S_01912,0,0,0,0,0,0,0,54,0
E745S_01913,3040,1607,2234,4074,1386,3189,2136,4150,991
E745S_01914,522,489,203,589,500,533,840,754,653
E745S_01915,210,242,148,966,430,464,977,248,133
E745S_01916,0,0,0,0,0,0,0,0,0
E745S_01917,82,200,269,141,165,156,847,359,67
E745S_01918,0,0,0,0,0,0,0,0,0
E745S_01919,152,0,85,164,898,682,160,403,434
E745S_01920,269,0,148,0,0,168,0,0,0
E745S_01921,1549,577,664,2493,389,1661,248,873,218
E745S_01922,0,0,0,0,0,0,0,0,0
E745S_01923,0,0,0,0,0,0,0,0,0
E745S_01924,0,0,0,159,0,0,0,0,0
E745S_01925,0,0,0,0,0,0,0,0,0
E745S_01926,0,1,0,0,0,0,0,0,0
E745S_01927,374,1,121,0,0,0,136,47,0
E745S_01928,1,0,0,0,0,0,0,0,0
E745S_01929,157,555,750,194,494,595,229,525,46
E745S_01930,2714,3800,3000,3409,1868,2509,4480,3700,1025
E745S_01931,6371,3926,5785,10979,7164,7261,6615,8496,3342
E745S_01932,0,0,0,0,0,0,0,0,0
E745S_01933,1698,2394,2256,2044,2079,2381,2091,2733,1458
E745S_01934,0,0,0,0,0,0,0,0,0
E745S_01935,516,487,364,279,24,640,595,537,285
E745S_01936,6336,4306,4399,10840,7863,5051,7518,7130,4591
E745S_01937,1578,1328,1170,829,980,1464,1280,1567,1243
E745S_01938,267,254,230,178,0,144,407,877,0
E745S_01939,1518,1679,1510,2359,460,2118,1207,1214,922
E745S_01940,0,0,0,0,0,0,0,0,0
E745S_01941,157,632,251,74,0,626,59,94,147
E745S_01942,1568,2745,2167,2240,991,2949,1935,2012,1978
E745S_01943,692,1109,641,950,939,872,871,537,470
E745S_01944,915,676,589,736,649,1228,561,616,910
E745S_01945,0,1,0,0,0,0,0,0,0
E745S_01946,2174,2344,2170,3201,2876,1534,2405,2562,3139
E745S_01947,802,597,331,1183,312,752,778,1006,684
E745S_01948,337,496,84,157,171,343,226,541,246
E745S_01949,2882,2215,2938,4327,299,2930,2304,3499,2106
E745S_01950,1562,843,922,1228,1600,781,1096,1358,576
E745S_01951,1416,2528,2277,3508,2257,3146,1776,3097,1063
E745S_01952,84,59,0,0,907,198,116,234,0
E745S_01953,0,1,0,0,0,0,0,0,0
E745S_01954,777,1351,1621,1949,1174,1386,1047,1764,882
E745S_01955,0,82,0,0,0,0,0,55,0
E745S_01956,796,1052,1010,1353,1465,1025,752,938,599
E745S_01957,2656,4540,3370,6603,4242,3718,3414,4932,3497
E745S_01958,0,0,0,0,0,0,0,0,0
E745S_01959,5474,3877,4608,8720,12104,6181,6855,8115,2713
E745S_01960,3252,4333,3669,6374,2213,5926,3799,4587,2527
E745S_01961,1548,695,712,880,1917,1132,1135,1087,597
E745S_01962,0,0,0,0,0,0,0,0,0
E745S_01963,0,0,0,0,0,0,0,0,0
E745S_01964,0,0,0,0,0,0,0,0,0
E745S_01965,871,415,410,774,176,870,1387,1052,297
E745S_01966,2370,2468,2881,3589,2537,2419,1829,2260,1281
E745S_01967,0,0,0,0,0,0,0,0,0
E745S_01968,2614,2806,5152,3671,4326,2844,5500,3598,2897
E745S_01969,1384,2043,1338,1422,1196,3489,2236,3084,1174
E745S_01970,877,457,1567,3167,2306,1013,1617,1801,1245
E745S_01971,0,0,0,0,0,0,0,0,0
E745S_01972,1208,1592,971,374,2034,2585,1579,2891,449
E745S_01973,0,200,555,169,0,542,282,343,166
E745S_01974,5712,3437,3234,5175,7137,4186,6963,3715,3745
E745S_01975,6694,5594,6075,7915,6822,8552,9207,5678,4585
E745S_01976,71,105,219,157,0,331,363,0,0
E745S_01977,1,0,0,0,0,0,0,0,0
E745S_01978,952,706,590,1034,514,317,445,690,0
E745S_01979,340,587,1541,1066,1448,1221,722,850,113
E745S_01980,2178,1010,495,1701,2208,1090,1350,955,587
E745S_01981,1071,271,634,202,0,441,735,644,279
E745S_01982,0,61,0,0,0,0,0,0,0
E745S_01983,0,0,0,0,0,0,0,0,0
E745S_01984,374,355,421,703,0,396,468,349,158
E745S_01985,2389,3811,3500,3368,3991,5586,3185,4561,992
E745S_01986,0,0,0,0,0,0,0,0,0
E745S_01987,14587,11615,16079,13658,13044,19540,15430,9714,7728
E745S_01988,3808,2401,2460,3287,2122,3066,4497,3517,831
E745S_01989,419,261,90,1592,690,183,1058,252,199
E745S_01990,337,438,1026,2488,721,894,1243,1123,824
E745S_01991,6636,6184,3918,5770,2852,4715,4092,5679,2806
E745S_01992,4686,2981,3776,6621,5065,5350,3115,5151,2139
E745S_01993,0,0,0,0,0,0,0,0,0
E745S_01994,3086,3741,4250,6618,5244,5580,4605,4617,3718
E745S_01995,541,253,480,1071,1656,546,755,827,676
E745S_01996,436,120,338,842,0,154,287,629,31
E745S_01997,157,468,371,304,370,112,205,243,180
E745S_01998,0,0,163,685,0,83,0,148,0
E745S_01999,89,566,631,1553,0,1100,560,228,221
E745S_02000,142,681,492,306,0,1654,716,786,32
E745S_02001,7022,3516,5947,10487,5743,3350,12082,7046,4742
E745S_02002,84,361,0,1011,0,385,375,126,468
E745S_02003,235,379,466,734,546,176,363,775,249
E745S_02004,200,112,386,360,0,184,232,405,152
E745S_02005,0,0,0,0,0,0,0,0,0
E745S_02006,0,0,0,0,0,0,0,0,0
E745S_02007,1422,1345,997,943,1760,756,1566,2157,515
E745S_02008,954,1005,1332,2869,1126,2003,1073,1089,629
E745S_02009,0,0,0,0,0,1,0,0,0
E745S_02010,0,0,0,0,0,0,0,0,0
E745S_02011,0,0,0,0,0,0,0,0,0
E745S_02012,491,925,528,284,0,983,1137,1354,404
E745S_02013,0,0,0,0,0,0,0,0,0
E745S_02014,0,0,0,0,0,0,0,0,0
E745S_02015,7067,7104,8908,11610,7084,7493,7368,13889,6643
E745S_02016,0,0,0,0,0,0,0,0,0
E745S_02017,1529,1069,999,1314,2359,1233,1306,1219,1213
E745S_02018,12320,13380,10979,15425,10806,11454,12362,13686,4800
E745S_02019,0,0,0,0,0,0,0,0,0
E745S_02020,0,0,0,0,0,0,0,0,0
E745S_02021,1021,704,1027,949,1829,1486,712,985,672
E745S_02022,0,0,131,0,0,0,54,0,35
E745S_02023,0,0,0,0,0,0,0,0,0
E745S_02024,0,0,0,0,0,0,0,0,0
E745S_02025,0,1,0,1,1,0,1,0,1
E745S_02026,0,0,0,0,0,0,0,0,0
E745S_02027,6140,3564,3422,7320,6410,3456,7914,4072,3118
E745S_02028,0,0,0,0,0,0,0,0,0
E745S_02029,233,106,77,432,75,181,111,359,0
E745S_02030,0,0,0,0,0,0,0,0,0
E745S_02031,0,0,0,285,0,0,0,58,0
E745S_02032,0,0,0,0,0,75,0,155,0
E745S_02033,11025,9566,10020,17610,11114,10401,12281,13954,6713
E745S_02034,219,1306,1220,0,888,1007,1448,329,272
E745S_02035,0,0,0,0,0,0,0,0,0
E745S_02036,0,0,139,0,0,0,66,59,0
E745S_02037,2986,3635,3965,4762,3470,3935,2772,3355,1506
E745S_02038,155,701,439,364,489,744,227,781,92
E745S_02039,786,1268,1304,1084,1125,1223,1180,1802,266
E745S_02040,124,0,0,234,333,82,78,114,42
E745S_02041,253,144,0,0,0,168,257,242,0
E745S_02042,0,0,0,0,0,0,0,0,0
E745S_02043,0,0,0,0,0,96,0,0,0
E745S_02044,0,0,0,0,0,0,0,0,0
E745S_02045,2837,3376,3702,4941,4824,3783,6145,3632,2283
E745S_02046,1938,588,834,3544,1220,898,1807,1161,389
E745S_02047,0,0,0,0,0,0,0,0,0
E745S_02048,7127,4955,6999,13336,9015,8731,7519,7051,4213
E745S_02049,0,0,1,0,0,0,0,0,0
E745S_02050,342,110,0,420,546,510,302,754,0
E745S_02051,8394,8479,7248,11812,4647,7925,8329,6607,2554
E745S_02052,1,0,0,1,0,0,0,0,0
E745S_02053,1099,2023,1339,7668,4463,2431,3944,3797,3067
E745S_02054,169,0,63,260,0,34,30,197,0
E745S_02055,0,0,0,0,0,0,0,0,0
E745S_02056,1893,3143,1606,2409,2005,2458,1074,2689,812
E745S_02057,1231,488,674,864,472,935,338,814,849
E745S_02058,876,1128,947,1207,710,2316,1213,1811,842
E745S_02059,9536,10475,7334,10448,9691,11305,5515,7761,3552
E745S_02060,0,0,0,0,0,0,0,0,0
E745S_02061,380,160,257,658,478,677,279,664,434
E745S_02062,14,54,0,76,0,126,131,46,41
E745S_02063,3843,4202,4167,5237,6313,7614,7115,4051,2738
E745S_02064,4088,3391,5341,6321,7031,4213,4212,4241,2903
E745S_02065,82,0,0,420,0,0,0,64,441
E745S_02066,0,0,0,0,0,0,0,0,0
E745S_02067,0,0,0,0,0,0,0,0,0
E745S_02068,0,0,0,0,0,0,0,0,0
E745S_02069,0,134,0,0,155,66,0,0,0
E745S_02070,0,0,0,0,0,0,0,0,0
E745S_02071,0,0,0,0,0,0,0,0,0
E745S_02072,0,0,0,0,0,0,0,0,0
E745S_02073,0,0,1,1,0,0,0,0,0
E745S_02074,0,0,0,0,0,0,0,0,0
E745S_02075,1076,1524,127,408,385,451,416,858,774
E745S_02076,389,502,913,564,0,347,182,59,487
E745S_02077,659,574,130,52,37,36,126,174,48
E745S_02078,2556,4260,3238,3519,5121,7492,3279,4323,1940
E745S_02079,0,0,0,0,0,0,0,0,0
E745S_02080,3300,2921,3232,4951,3831,7977,4082,5110,3556
E745S_02081,0,0,327,0,370,39,127,0,0
E745S_02082,81,245,268,177,987,292,362,166,287
E745S_02083,0,0,0,0,0,0,0,0,0
E745S_02084,975,994,1109,1300,2871,1922,1564,1298,841
E745S_02085,0,0,0,0,0,0,0,0,0
E745S_02086,183,0,0,76,0,0,0,1,201
E745S_02087,1978,1761,2835,2894,2266,2185,2433,2781,1520
E745S_02088,1430,768,806,293,2084,825,790,1703,74
E745S_02089,0,1,0,0,0,0,0,0,0
E745S_02090,1679,1435,2740,2455,2744,1939,1528,2957,1618
E745S_02091,4736,4681,4162,5123,8345,6585,6293,5384,1900
E745S_02092,0,0,0,0,0,0,0,26,0
E745S_02094,301,176,179,348,0,333,458,155,33
E745S_02095,152,0,272,217,1514,160,348,353,60
E745S_02096,1944,2352,2258,3362,925,2574,3287,2543,328
E745S_02097,0,0,0,0,0,0,0,0,0
E745S_02098,0,0,0,0,0,0,0,0,0
E745S_02099,0,0,0,0,0,0,0,0,0
E745S_02100,40762,37661,38848,919,1387,1058,1341,932,352
E745S_02101,0,0,0,0,0,0,0,0,0
E745S_02102,0,0,0,0,0,0,0,0,0
E745S_02103,29705,31233,26606,141,817,157,173,1090,165
E745S_02104,42906,33876,37317,531,1384,1058,951,1391,831
E745S_02105,0,0,142,0,0,65,0,0,0
E745S_02106,0,0,0,0,0,0,0,0,0
E745S_02107,0,0,0,0,0,0,132,166,78
E745S_02108,0,0,0,0,0,0,0,0,0
E745S_02109,0,0,0,0,0,0,0,0,0
E745S_02110,0,0,0,0,0,0,0,0,0
E745S_02111,0,0,0,0,0,79,0,0,0
E745S_02112,0,0,0,0,0,0,0,0,0
E745S_02113,372,22,951,325,694,462,774,1418,218
E745S_02114,0,0,0,0,0,0,0,0,0
E745S_02115,0,0,0,0,0,0,0,0,0
E745S_02116,415,537,889,2662,808,1350,1619,646,285
E745S_02117,0,0,0,0,0,0,0,0,0
E745S_02118,0,0,0,147,0,41,0,54,0
E745S_02119,0,0,0,0,0,0,0,0,0
E745S_02120,1,0,0,0,0,0,0,0,0
E745S_02121,0,0,0,0,0,0,0,0,0
E745S_02122,0,0,0,0,0,0,0,0,0
E745S_02123,0,0,0,0,1,0,1,0,0
E745S_02124,0,0,0,0,0,0,0,0,0
E745S_02125,0,0,0,0,0,0,0,0,0
E745S_02126,0,0,0,0,0,0,0,0,0
E745S_02127,0,0,0,0,0,0,0,0,0
E745S_02128,0,0,0,0,0,0,0,0,0
E745S_02129,0,0,0,0,0,0,0,0,0
E745S_02130,4473,3508,1844,10601,5333,8009,13036,7320,5029
E745S_02131,0,0,0,0,0,0,0,0,0
E745S_02132,2066,3216,1164,4997,2936,5927,3931,3879,2334
E745S_02133,0,0,0,0,0,0,0,0,0
E745S_02134,0,0,0,0,0,0,0,0,0
E745S_02135,0,0,0,0,0,0,0,0,0
E745S_02136,0,0,0,0,0,0,0,0,0
E745S_02137,167,189,195,699,0,122,825,78,0
E745S_02138,292,0,355,168,0,85,0,53,49
E745S_02139,7762,8643,6788,12922,8212,7873,6890,11990,4216
E745S_02140,129,555,643,597,978,328,1169,1296,731
E745S_02141,2871,2170,1323,2823,2469,3037,4102,3722,1379
E745S_02142,824,860,0,796,0,673,657,965,778
E745S_02143,0,106,0,146,0,164,129,0,1487
E745S_02144,1379,559,1279,2174,1485,1442,1930,907,1062
E745S_02145,0,0,0,0,0,0,0,0,0
E745S_02146,122,0,63,0,0,0,0,101,0
E745S_02147,0,0,0,0,0,0,0,0,0
E745S_02148,1498,2456,2300,1754,1693,3802,2422,2335,557
E745S_02149,0,0,0,0,0,0,0,0,0
E745S_02151,2012,1124,2447,3281,1431,2823,2950,3179,382
E745S_02152,0,0,0,0,0,0,0,0,0
E745S_02153,436,1477,335,1053,1346,873,1312,1163,410
E745S_02154,1502,1427,1591,1183,1185,1815,1173,1664,282
E745S_02155,0,92,140,0,0,159,115,129,0
E745S_02156,0,0,0,0,0,0,0,0,0
E745S_02157,0,0,0,0,0,0,0,0,0
E745S_02158,0,365,467,133,786,958,97,234,387
E745S_02159,0,0,0,0,0,0,0,0,0
E745S_02160,0,0,0,0,0,0,0,0,0
E745S_02161,0,0,0,0,0,0,0,0,0
E745S_02162,0,0,0,0,0,0,0,0,0
E745S_02163,147,0,0,0,0,0,0,0,241
E745S_02164,0,0,0,0,0,0,0,0,0
E745S_02165,0,0,0,0,0,0,0,0,0
E745S_02166,0,0,0,0,1,1,0,1,0
E745S_02167,0,0,0,0,0,0,0,0,0
E745S_02168,736,1016,848,941,1784,220,544,1008,602
E745S_02169,0,0,0,0,0,0,0,0,0
E745S_02170,0,0,0,0,0,0,0,0,0
E745S_02171,0,0,0,0,0,0,0,0,0
E745S_02172,0,0,0,0,0,0,0,0,0
E745S_02173,0,0,0,0,0,0,0,0,0
E745S_02174,0,0,0,0,0,0,0,0,0
E745S_02175,0,0,0,0,0,0,0,0,0
E745S_02176,0,0,0,0,0,0,0,0,0
E745S_02177,0,0,0,0,0,0,0,0,0
E745S_02178,0,0,0,0,0,0,0,0,0
E745S_02179,0,0,0,0,0,0,0,0,0
E745S_02180,0,0,0,0,0,0,0,0,0
E745S_02181,79,0,201,245,297,0,0,0,0
E745S_02182,81,136,141,267,524,439,420,53,452
E745S_02183,0,0,0,0,0,42,0,0,70
E745S_02184,0,0,0,0,0,0,0,0,0
E745S_02185,11457,8155,11260,15143,11641,17672,15403,13348,5218
E745S_02186,1205,957,1554,1738,1790,1823,1379,1599,520
E745S_02187,0,0,0,0,0,0,0,0,0
E745S_02188,4758,5706,7559,9497,12790,9199,10350,6755,6696
E745S_02189,468,479,929,1186,1866,1444,600,1046,204
E745S_02190,0,0,0,0,0,0,0,0,0
E745S_02191,0,0,0,0,0,0,0,0,0
E745S_02192,0,0,0,0,0,0,0,0,0
E745S_02193,0,0,0,0,0,0,0,0,0
E745S_02194,0,83,137,0,172,84,110,441,1102
E745S_02195,0,0,139,0,0,159,0,48,0
E745S_02196,8341,4622,5106,16180,14103,6057,11103,7559,4895
E745S_02197,0,0,0,0,0,0,0,0,0
E745S_02198,5201,4849,4639,7393,6599,6021,2986,5425,1814
E745S_02199,4656,5436,5917,6757,6563,7593,4466,5170,3273
E745S_02200,1784,1960,1433,4110,2878,2904,3714,3074,2513
E745S_02201,458,305,317,568,876,570,913,767,274
E745S_02202,0,0,0,0,0,0,0,0,0
E745S_02203,0,0,0,0,0,0,0,0,0
E745S_02204,0,0,0,0,0,0,0,0,0
E745S_02205,0,0,0,0,0,0,0,0,0
E745S_02206,0,0,0,0,0,0,0,0,0
E745S_02208,0,0,0,0,0,0,0,0,0
E745S_02209,0,0,0,0,0,0,0,0,0
E745S_02210,0,0,0,0,0,0,0,0,0
E745S_02211,0,0,0,0,0,0,0,0,0
E745S_02212,0,0,0,0,0,0,0,0,0
E745S_02213,0,0,0,0,0,0,0,0,0
E745S_02214,1536,881,411,1327,651,2280,825,1406,544
E745S_02215,0,0,0,127,0,0,0,0,0
E745S_02216,0,0,0,0,0,0,0,0,0
E745S_02217,7865,7170,7526,13111,11397,10077,9773,13774,8636
E745S_02218,564,1024,811,1006,1038,617,518,1343,570
E745S_02219,366,130,478,214,886,963,893,1434,1107
E745S_02220,88,115,0,0,0,51,0,115,0
E745S_02221,0,0,0,0,1,0,0,0,0
E745S_02222,0,0,0,0,0,0,0,0,0
E745S_02223,0,0,0,0,0,0,0,0,0
E745S_02224,4748,4418,4614,4862,2525,5249,3463,4724,1302
E745S_02225,2955,4830,2903,5929,2389,5475,2734,4841,1613
E745S_02226,1706,740,1150,1671,915,2502,2173,2376,527
E745S_02227,0,116,0,0,0,0,170,65,1
E745S_02228,875,1265,1383,886,2369,1569,940,596,864
E745S_02229,1,0,130,143,1,1,2,1,0
E745S_02230,378,139,353,77,586,337,500,607,0
E745S_02231,2503,1313,819,3128,1512,1521,2632,2316,1173
E745S_02232,4525,4560,4391,3688,2757,4653,4517,5121,3119
E745S_02233,199,54,264,0,0,206,284,30,0
E745S_02234,0,0,0,0,0,0,0,0,0
E745S_02235,0,0,0,0,0,0,0,58,0
E745S_02236,1903,2066,2647,2242,3959,2423,2999,2457,436
E745S_02237,3222,2953,4412,4151,4471,3729,2968,5311,2641
E745S_02238,0,0,0,0,0,0,0,0,0
E745S_02239,87,114,0,457,0,102,292,218,0
E745S_02240,0,338,0,0,0,176,57,145,0
E745S_02241,3007,3391,2896,5342,5497,4815,3998,3999,1331
E745S_02242,1846,1719,2041,2919,1289,1737,1043,1546,1216
E745S_02243,482,1392,213,565,0,451,54,275,100
E745S_02244,1,0,0,214,0,0,0,80,0
E745S_02245,545,1261,602,864,1985,537,530,1060,7102
E745S_02246,3705,2549,2043,2862,2126,2474,2135,3420,2502
E745S_02247,0,0,0,0,0,0,0,0,0
E745S_02248,1671,1700,1202,373,1156,2409,985,936,756
E745S_02249,0,0,0,0,0,0,0,0,0
E745S_02250,0,0,0,0,0,0,0,0,0
E745S_02251,430,429,285,345,485,459,387,549,288
E745S_02252,0,0,0,0,0,0,0,0,0
E745S_02253,333,256,225,120,479,334,235,408,0
E745S_02254,5971,5172,4034,5872,2277,5778,4564,6511,2303
E745S_02255,6139,3847,3141,3508,5134,3570,7472,6062,4973
E745S_02256,405,263,601,571,307,741,608,1173,137
E745S_02257,161,352,476,71,316,138,133,512,158
E745S_02258,243,449,314,483,0,753,338,469,0
E745S_02259,0,0,34,0,4,3,71,0,1
E745S_02260,3638,2316,3831,2933,4531,3273,5602,3192,877
E745S_02261,0,0,0,0,0,0,0,0,0
E745S_02262,0,1,0,0,0,0,0,1,0
E745S_02263,2709,3433,1579,3879,3528,2412,3062,3239,1253
E745S_02264,0,0,35,0,672,0,59,0,0
E745S_02265,1907,2564,1783,2493,2583,2365,1885,2555,873
E745S_02266,87,104,0,76,0,197,89,57,0
E745S_02267,0,0,0,0,0,0,0,0,0
E745S_02268,0,0,0,0,0,0,0,0,0
E745S_02269,0,102,608,0,1,294,46,201,488
E745S_02270,0,0,0,0,0,0,0,0,0
E745S_02271,802,320,536,607,377,410,266,793,122
E745S_02272,1,246,120,353,324,704,431,120,47
E745S_02273,0,0,0,0,0,0,0,0,0
E745S_02274,0,0,0,0,0,0,0,0,0
E745S_02275,0,0,0,0,0,0,0,0,0
E745S_02276,0,0,0,0,0,0,0,0,0
E745S_02277,0,42,197,0,0,0,0,0,0
E745S_02278,765,886,504,766,2657,1146,889,619,964
E745S_02279,0,0,0,0,0,0,0,0,0
E745S_02280,0,0,0,0,0,0,0,0,0
E745S_02282,64,438,306,438,829,293,1018,568,0
E745S_02283,1200,2961,2457,1449,552,1526,870,2496,304
E745S_02284,0,0,0,0,0,0,0,0,0
E745S_02285,3616,2745,2306,3253,3163,2572,2821,3466,2330
E745S_02286,0,0,0,0,0,0,0,0,0
E745S_02287,5086,2801,3782,4273,3529,3615,3228,3237,1390
E745S_02288,0,0,0,0,1,0,0,0,0
E745S_02289,0,1,0,0,0,1,0,1,0
E745S_02290,7127,7459,7758,9830,9647,7766,11412,12270,6093
E745S_02291,193,141,58,5,17,52,141,135,127
E745S_02292,0,0,0,0,0,0,0,0,0
E745S_02293,1391,1787,1162,3843,2197,2200,3833,2779,1575
E745S_02294,0,164,127,895,637,557,538,414,171
E745S_02295,1901,1931,1858,966,1156,1240,2678,1950,1504
E745S_02296,3686,3605,5518,7411,5941,2532,7079,4032,2364
E745S_02297,130,0,0,0,0,82,1,0,0
E745S_02298,422,211,0,309,0,0,157,109,409
E745S_02299,667,596,127,599,0,130,476,494,101
E745S_02300,0,0,0,0,0,240,191,143,0
E745S_02301,208,388,369,357,1847,748,1235,536,631
E745S_02302,0,0,0,0,0,0,0,0,0
E745S_02303,0,0,0,0,0,0,0,0,0
E745S_02304,0,0,0,0,0,0,0,0,0
E745S_02305,0,0,0,0,0,0,0,0,0
E745S_02306,70,999,64,616,313,561,577,827,1105
E745S_02307,2206,1128,1538,1906,2981,2268,1941,2565,1538
E745S_02308,0,0,0,0,0,0,0,0,0
E745S_02309,474,104,85,419,556,559,766,425,0
E745S_02310,0,156,0,0,0,0,0,0,0
E745S_02311,1070,885,1916,1370,1275,919,639,1005,1069
E745S_02312,0,0,0,0,0,0,0,0,0
E745S_02313,0,0,0,0,0,0,0,0,0
E745S_02314,1665,1041,1402,1660,633,1066,1785,886,32
E745S_02315,0,0,0,0,0,0,0,0,0
E745S_02316,228,113,124,459,0,1033,300,189,0
E745S_02317,5644,4436,3464,10204,12587,5240,6060,9904,6752
E745S_02318,77,0,0,72,0,0,0,0,0
E745S_02319,0,0,0,0,0,0,0,0,0
E745S_02320,127,357,1,315,1033,0,93,231,28
E745S_02321,152,0,0,128,0,0,75,0,29
E745S_02322,1251,1251,2781,1645,1294,1497,2025,2904,195
E745S_02323,1204,1226,633,1519,3066,1328,1598,1249,567
E745S_02324,854,287,671,546,0,329,446,440,152
E745S_02325,0,0,0,0,0,0,0,0,0
E745S_02326,399,72,0,0,0,89,0,0,0
E745S_02327,811,789,1464,2274,178,1829,866,838,541
E745S_02328,0,0,0,0,165,0,0,0,0
E745S_02329,9,0,56,177,340,286,297,239,0
E745S_02330,1643,800,959,1912,1608,1220,1775,1357,408
E745S_02331,160,368,0,281,169,179,451,168,218
E745S_02332,0,0,0,0,0,0,0,0,0
E745S_02333,1983,3753,3451,3418,2308,2475,2942,5310,3510
E745S_02334,0,0,0,0,0,0,0,0,0
E745S_02335,0,0,0,0,0,0,0,0,0
E745S_02336,526,181,1463,766,735,845,1240,889,410
E745S_02337,0,0,0,0,0,0,57,12,0
E745S_02338,0,0,0,0,0,0,0,0,0
E745S_02339,0,0,0,0,0,0,0,0,0
E745S_02340,0,0,0,0,0,0,0,0,0
E745S_02341,3053,3306,1339,3108,2727,3175,3675,3931,1584
E745S_02342,134,226,103,221,151,187,0,298,0
E745S_02343,2885,4413,2112,4189,3767,4618,1680,3731,2137
E745S_02344,158,0,0,0,0,115,0,95,0
E745S_02345,181,203,259,133,1,109,0,26,0
E745S_02346,139,0,0,0,0,0,0,0,76
E745S_02347,1849,1797,1234,2967,1225,3122,1649,1643,601
E745S_02348,0,65,1,390,309,269,165,118,82
E745S_02349,0,0,0,182,0,2,0,29,0
E745S_02350,2085,630,968,1667,801,1029,1694,1990,215
E745S_02351,0,173,324,0,345,62,120,229,0
E745S_02352,1136,1514,1798,1514,1755,1177,1480,1634,542
E745S_02353,0,0,0,0,0,0,0,0,0
E745S_02354,1984,1467,1573,6353,3411,2725,4887,4832,4008
E745S_02355,735,99,101,168,558,645,793,543,407
E745S_02356,0,0,0,0,0,0,0,0,0
E745S_02357,1109,1112,1259,706,1103,2036,1050,1513,2072
E745S_02359,0,0,0,0,0,0,0,0,0
E745S_02360,0,0,0,0,0,0,0,0,0
E745S_02361,0,64,0,86,902,590,473,180,0
E745S_02362,1211,1390,1453,874,1080,1562,859,888,76
E745S_02365,131,130,0,0,0,0,0,69,0
E745S_02366,486,327,0,161,147,526,58,351,0
E745S_02367,0,0,0,0,0,0,56,0,0
E745S_02368,0,0,0,0,0,95,59,0,1
E745S_02369,1711,2883,1925,2363,2421,1468,2992,2354,1649
E745S_02370,140,379,172,288,345,288,242,700,280
E745S_02371,0,0,0,0,337,0,0,0,0
E745S_02372,110,65,268,165,0,348,104,175,312
E745S_02373,0,0,0,0,0,0,0,0,0
E745S_02374,0,179,1,0,0,77,49,0,0
E745S_02375,74,118,0,206,606,0,0,100,0
E745S_02376,681,183,1162,1349,0,813,1355,858,1106
E745S_02377,1365,1979,938,1862,677,2108,501,1533,402
E745S_02378,0,0,0,0,0,0,0,0,0
E745S_02379,0,0,0,0,0,0,0,0,0
E745S_02380,202,512,134,452,230,94,71,337,0
E745S_02381,232,183,158,274,171,845,382,210,209
E745S_02382,0,0,0,0,0,0,0,0,0
E745S_02383,0,0,0,0,0,0,0,0,0
E745S_02384,0,0,0,0,0,0,0,0,0
E745S_02385,3763,5784,3219,6134,6895,7228,5443,7365,4905
E745S_02386,0,0,0,0,0,0,0,113,0
E745S_02387,135,322,413,343,171,445,502,344,361
E745S_02388,630,809,560,562,1264,978,753,1350,252
E745S_02389,0,0,0,0,0,0,0,0,0
E745S_02390,0,0,0,0,0,0,0,0,0
E745S_02391,0,0,0,0,0,0,0,70,0
E745S_02392,0,0,0,0,0,0,0,93,0
E745S_02393,0,0,0,0,0,0,0,64,0
E745S_02394,0,0,0,0,0,0,0,0,0
E745S_02395,2521,2816,4294,4207,4753,3227,5717,3724,3031
E745S_02396,625,136,596,1810,248,363,1132,826,508
E745S_02397,1865,1888,1481,1850,1066,1919,1195,1664,1523
E745S_02398,1,137,0,0,504,7,113,0,0
E745S_02399,472,135,233,1,147,792,898,140,43
E745S_02400,2034,1620,1595,2338,2065,2122,1835,2362,1192
E745S_02401,0,415,0,485,0,62,76,60,0
E745S_02402,2348,4874,3717,4101,8775,4625,3057,4197,2517
E745S_02403,2481,2662,3641,2480,2934,3550,2562,2302,1533
E745S_02404,1010,1711,1446,2912,3370,2690,2303,2254,1456
E745S_02405,0,0,0,1,0,0,0,0,0
E745S_02406,0,0,0,0,0,0,0,0,0
E745S_02407,1,0,128,726,0,160,281,350,0
E745S_02408,146,0,155,172,0,0,9,1,0
E745S_02409,2229,1068,832,2523,2042,1371,2757,1627,1796
E745S_02410,1869,1814,1792,5009,2337,1389,2521,2321,1686
E745S_02411,3320,2263,2776,2639,1114,2262,2222,3951,952
E745S_02412,0,0,0,0,0,0,0,0,0
E745S_02413,0,49,0,306,0,425,116,260,185
E745S_02415,12815,11404,10960,20865,15665,12968,12693,19364,7212
E745S_02416,0,0,0,0,0,0,0,0,0
E745S_02417,0,0,0,0,0,0,0,0,0
E745S_02418,0,0,0,0,0,0,0,0,0
E745S_02419,1705,2061,1074,1895,1196,2938,823,2955,976
E745S_02420,0,0,0,0,0,0,0,0,0
E745S_02421,0,0,0,0,0,0,0,0,0
E745S_02422,604,0,320,471,350,3,368,762,231
E745S_02423,1224,2147,1360,2090,2165,1302,941,1995,1494
E745S_02424,0,0,59,0,0,0,0,58,0
E745S_02425,129,0,0,0,346,0,134,57,0
E745S_02426,0,0,0,0,0,0,0,0,0
E745S_02427,0,230,0,0,0,0,0,55,0
E745S_02428,0,242,313,0,314,0,0,0,0
E745S_02429,0,109,145,266,0,77,0,45,0
E745S_02430,0,0,0,0,0,0,0,0,0
E745S_02431,0,0,0,0,601,0,170,311,0
E745S_02432,290,367,0,1156,295,175,826,163,0
E745S_02433,0,0,0,0,0,0,0,0,0
E745S_02434,4618,4665,3464,6133,4288,5469,8436,7328,3173
E745S_02435,1228,1863,1612,1817,2300,2930,2660,2791,406
E745S_02436,121,102,140,0,0,191,177,309,13
E745S_02437,0,0,0,0,0,179,0,20,0
E745S_02438,139,242,349,270,346,319,183,813,28
E745S_02439,14836,11494,12858,15922,14219,24383,7996,13214,5496
E745S_02440,129,236,136,171,397,198,122,243,0
E745S_02441,603,771,609,0,962,381,490,395,51
E745S_02442,2901,1633,2248,3148,3081,5490,2646,3440,1381
E745S_02443,99,113,50,0,0,0,130,61,0
E745S_02444,82,155,58,107,0,406,55,127,0
E745S_02445,0,0,0,0,0,0,0,0,0
E745S_02446,0,1,0,0,0,0,0,0,0
E745S_02447,1090,893,770,1127,2342,697,1889,2333,664
E745S_02448,5461,5329,5123,9802,7818,6102,9046,7752,3827
E745S_02449,5842,8045,2938,5682,1792,5255,3800,6720,1558
E745S_02450,1319,1586,1249,3517,2370,1873,2857,1350,1534
E745S_02451,0,544,554,357,840,622,249,513,0
E745S_02452,324,827,343,439,449,730,495,712,0
E745S_02453,0,138,0,0,0,0,0,0,0
E745S_02454,4232,2932,3608,4894,4279,4699,4921,3470,2206
E745S_02455,0,0,0,0,1,0,0,0,0
E745S_02456,135,0,125,594,0,292,238,210,0
E745S_02457,95,507,168,885,170,881,131,476,127
E745S_02458,0,251,1,315,0,0,203,106,0
E745S_02459,253,620,351,0,0,95,38,400,0
E745S_02460,0,0,0,0,0,0,0,0,0
E745S_02461,0,0,0,0,0,0,5,0,0
E745S_02462,1204,856,1217,899,669,1925,2194,1918,268
E745S_02463,288,563,0,910,747,764,532,498,228
E745S_02464,0,0,320,0,0,0,0,0,0
E745S_02465,0,0,0,0,0,0,0,0,0
E745S_02466,300,1147,928,514,0,1917,1015,965,1584
E745S_02467,0,0,0,0,0,0,0,0,0
E745S_02468,0,0,0,0,0,0,0,0,0
E745S_02469,251,180,266,246,532,245,342,465,0
E745S_02470,0,0,0,0,0,0,0,0,0
E745S_02471,0,0,0,0,0,0,0,0,0
E745S_02472,0,0,0,0,0,0,0,0,0
E745S_02473,0,0,0,0,0,0,0,0,0
E745S_02474,18,0,0,3,1,32,0,163,0
E745S_02475,5628,3123,5440,5864,2636,5715,5939,7864,3108
E745S_02476,5917,6160,6247,7887,10494,9430,7385,8074,3964
E745S_02477,1015,630,972,749,1027,1032,1083,1099,822
E745S_02478,0,0,0,0,0,0,0,0,0
E745S_02479,0,60,0,147,0,80,0,0,0
E745S_02480,0,0,0,1,0,0,0,0,0
E745S_02481,2431,2988,1468,3230,1414,3157,3926,3943,1489
E745S_02482,0,0,0,0,0,0,0,40,0
E745S_02483,525,192,120,743,345,348,553,722,0
E745S_02484,789,526,565,1093,1255,888,1383,1501,281
E745S_02485,0,0,0,0,0,0,0,0,0
E745S_02486,157,223,337,1161,773,717,873,768,0
E745S_02487,178,0,157,307,0,1257,69,538,727
E745S_02489,951,2234,2080,175,161,264,340,64,225
E745S_02490,574,842,957,291,0,620,777,1828,910
E745S_02491,0,0,0,0,0,0,0,0,0
E745S_02492,0,0,0,0,0,0,0,0,0
E745S_02493,0,0,0,0,0,0,0,0,0
E745S_02494,0,0,0,0,0,0,0,0,0
E745S_02495,0,0,0,0,0,0,0,0,0
E745S_02496,0,0,0,0,0,0,0,0,0
E745S_02497,0,0,0,0,0,0,0,0,0
E745S_02498,260,195,70,375,347,98,408,453,71
E745S_02499,0,0,0,0,0,0,44,52,0
E745S_02500,0,7,0,0,0,63,0,0,0
E745S_02501,0,0,0,0,0,0,0,0,0
E745S_02502,224,114,128,754,867,465,614,426,79
E745S_02503,0,0,0,0,0,0,0,0,0
E745S_02504,0,0,0,0,0,0,0,0,0
E745S_02505,0,0,0,521,0,0,106,18,0
E745S_02506,0,0,0,0,0,0,0,0,0
E745S_02507,0,0,0,0,0,0,0,0,0
E745S_02508,0,0,0,0,0,0,0,0,0
E745S_02509,0,0,0,0,0,0,0,0,0
E745S_02510,0,0,0,0,0,0,0,0,0
E745S_02511,0,127,83,66,0,44,144,147,195
E745S_02512,0,0,0,0,0,0,0,0,0
E745S_02513,0,0,0,0,0,0,0,0,0
E745S_02514,0,0,0,0,0,0,0,0,0
E745S_02515,0,0,0,0,0,0,0,0,0
E745S_02516,0,0,0,0,0,0,0,0,0
E745S_02517,0,0,0,0,0,0,0,0,0
E745S_02518,7932,5840,4895,9406,11211,8683,10459,4935,2995
E745S_02519,0,0,0,0,0,0,0,0,0
E745S_02520,10029,9724,11409,8845,9125,8606,11755,14971,5683
E745S_02521,0,0,0,0,0,0,0,0,0
E745S_02524,0,0,0,0,0,0,0,0,0
E745S_02525,0,0,0,0,0,0,0,0,0
E745S_02526,3071,1123,1033,958,1581,1444,945,1342,872
E745S_02527,0,0,0,0,0,0,0,0,0
E745S_02528,0,0,0,0,0,0,0,0,0
E745S_02529,339,215,156,250,330,564,160,592,596
E745S_02530,17,0,0,0,0,51,53,44,0
E745S_02531,0,0,0,0,0,0,0,0,0
E745S_02532,0,0,0,0,0,0,0,0,0
E745S_02533,0,0,0,0,0,0,0,0,0
E745S_02534,0,0,0,0,0,0,0,0,0
E745S_02535,0,0,0,0,0,0,0,0,0
E745S_02536,1705,869,851,8926,6299,8207,3647,2866,2624
E745S_02537,402,77,114,382,637,622,227,335,0
E745S_02538,0,0,0,0,0,0,0,0,0
E745S_02539,0,0,0,134,0,0,116,0,0
E745S_02540,0,0,0,0,173,0,0,0,0
E745S_02541,166,0,19,80,0,0,80,107,51
E745S_02542,0,0,0,0,0,0,0,0,0
E745S_02543,415,282,1115,244,402,788,436,557,225
E745S_02544,71,558,98,292,541,489,495,627,374
E745S_02545,0,0,0,0,0,0,0,0,0
E745S_02546,0,0,0,1,0,0,0,0,0
E745S_02547,5440,4962,6131,10876,2820,8058,4514,6800,2774
E745S_02548,0,0,0,0,0,0,0,0,0
E745S_02549,0,0,0,0,0,0,0,0,0
E745S_02550,0,0,0,191,0,82,0,0,0
E745S_02551,289,170,310,178,350,127,157,655,509
E745S_02552,0,0,0,0,0,0,0,0,0
E745S_02553,0,0,0,0,0,0,0,0,0
E745S_02554,0,0,0,0,0,0,0,0,0
E745S_02555,1,10,11,1,1,28,0,1,222
E745S_02556,0,0,0,0,0,0,0,0,0
E745S_02557,557,465,496,1398,0,1045,244,610,38
E745S_02558,3780,1469,3457,2945,3495,3925,4279,2459,1696
E745S_02559,0,0,0,0,0,0,0,0,0
E745S_02560,1126,1065,1660,1473,2028,1481,2833,1209,946
E745S_02561,3973,6008,3269,10567,4177,5088,6536,9806,4051
E745S_02562,0,0,0,0,171,0,47,0,0
E745S_02563,26978,24089,25534,41942,28272,26923,28071,33634,17935
E745S_02564,20213,11360,16152,25784,11860,21035,23144,21712,13134
E745S_02565,0,0,0,0,0,0,0,0,0
E745S_02566,86,212,269,117,8,718,733,539,534
E745S_02567,21029,14699,11310,24958,20717,19467,23862,19785,11618
E745S_02568,755,706,791,1229,534,766,1229,881,934
E745S_02569,1951,1754,1760,3087,2501,1525,3178,2184,859
E745S_02570,0,0,0,0,0,0,0,1,0
E745S_02571,0,0,1,0,0,0,1,0,0
E745S_02572,1271,470,754,367,436,309,404,514,0
E745S_02573,0,0,0,0,0,0,0,0,0
E745S_02574,0,0,0,0,0,0,0,0,0
E745S_02575,0,0,0,0,0,0,0,0,0
E745S_02576,0,0,0,0,0,0,0,1,0
E745S_02577,419,109,159,836,361,437,169,720,475
E745S_02578,2002,1598,1664,4176,2421,2715,5109,3558,3991
E745S_02579,143,0,434,850,333,408,314,172,339
E745S_02580,0,0,0,1,0,0,0,0,0
E745S_02581,0,0,0,0,0,0,0,0,0
E745S_02582,0,0,0,0,0,0,0,0,0
E745S_02583,0,0,0,0,0,0,0,0,0
E745S_02584,0,0,0,0,0,0,0,0,0
E745S_02585,2,1,0,2,10,0,0,1,0
E745S_02586,85,58,0,0,0,86,129,455,323
E745S_02587,0,0,0,0,0,0,0,56,0
E745S_02588,0,78,0,2,0,10,1,4,60
E745S_02589,6351,4501,4794,3149,4738,4383,7585,4560,3486
E745S_02590,0,0,0,0,0,0,0,0,0
E745S_02591,537,200,451,334,434,280,755,290,645
E745S_02592,4338,2932,2829,3233,1759,2480,7912,4351,3898
E745S_02593,1161,789,718,129,646,587,940,759,260
E745S_02594,550,811,514,389,442,451,196,114,30
E745S_02595,1,26,51,143,0,0,141,1,1
E745S_02596,5289,3749,4808,3550,4425,3326,9261,5717,4298
E745S_02597,247,382,399,0,632,84,194,291,418
E745S_02598,0,229,0,349,0,0,56,625,0
E745S_02599,540,748,618,627,3,266,518,470,400
E745S_02600,1090,397,367,511,367,557,1117,782,1411
E745S_02601,144,288,806,1106,0,692,813,453,41
E745S_02602,342,319,0,120,286,0,1,251,0
E745S_02603,526,266,0,302,487,218,565,559,231
E745S_02604,0,0,0,0,0,0,0,0,0
E745S_02605,1529,2454,1399,1594,734,1017,1300,1855,1158
E745S_02606,293,0,362,148,1509,517,412,751,271
E745S_02607,0,0,0,0,0,0,0,0,0
E745S_02608,1181,2615,2052,2932,1936,1709,2347,2566,514
E745S_02609,3435,3187,2493,6107,3221,5838,3181,5224,2607
E745S_02610,0,112,95,0,0,155,75,104,0
E745S_02611,494,933,1181,223,561,784,233,585,297
E745S_02612,0,0,0,0,0,0,0,0,0
E745S_02613,0,0,0,0,0,0,0,0,0
E745S_02614,433,811,731,678,480,1645,1436,1269,537
E745S_02615,931,1281,400,141,302,525,978,365,63
E745S_02616,0,0,0,0,78,271,97,58,114
E745S_02617,4103,2086,3336,6125,2036,4491,6272,4999,1933
E745S_02618,817,1150,501,1909,4177,2714,1874,1386,561
E745S_02619,6582,7034,7996,76059,55300,72545,36667,45178,29396
E745S_02620,0,0,0,0,0,0,0,0,0
E745S_02621,152,0,62,63,0,259,161,308,36
E745S_02622,1320,763,589,1271,1133,793,2774,2506,3161
E745S_02623,0,0,0,0,0,0,0,0,0
E745S_02624,0,0,0,0,0,0,105,292,460
E745S_02625,241,53,13,108,0,540,117,174,0
E745S_02626,0,60,0,0,0,0,0,32,0
E745S_02627,0,0,242,0,0,0,0,0,0
E745S_02628,149,304,0,0,285,395,435,333,0
E745S_02629,0,0,280,88,0,0,41,0,0
E745S_02630,0,165,131,155,338,302,507,561,249
E745S_02631,4763,2353,3233,2906,2590,3632,2695,4186,486
E745S_02632,84,93,79,208,14,74,62,109,77
E745S_02633,6056,7161,5821,16231,15735,9013,15341,11082,8853
E745S_02634,0,0,0,0,0,0,0,0,0
E745S_02635,1050,1410,898,1704,853,1006,1618,1396,1366
E745S_02636,0,0,0,0,0,0,0,0,0
E745S_02637,0,0,0,0,0,0,0,0,0
E745S_02638,4590,4732,4145,8163,7201,2727,8687,7631,6183
E745S_02639,723,361,1269,589,948,373,835,890,172
E745S_02640,0,116,1,149,0,75,82,368,0
E745S_02641,0,38,4,0,6,28,0,29,0
E745S_02642,221,413,497,0,0,66,381,185,1
E745S_02643,7059,7629,5028,7116,3582,7392,5614,7878,2038
E745S_02644,0,129,138,524,593,414,345,621,0
E745S_02645,0,0,0,0,0,0,1,0,0
E745S_02646,0,0,0,0,0,0,0,0,0
E745S_02647,225,44,0,66,310,248,133,297,57
E745S_02648,0,0,0,0,0,0,114,0,0
E745S_02649,2756,2348,2735,3726,3158,2703,2013,2772,2260
E745S_02650,0,0,0,0,0,0,0,0,0
E745S_02651,0,0,0,0,0,0,0,0,0
E745S_02652,0,0,0,0,0,0,0,0,0
E745S_02653,0,0,0,0,0,0,0,0,0
E745S_02654,0,0,0,0,0,0,0,0,0
E745S_02655,0,0,0,0,0,0,0,0,0
E745S_02656,0,0,0,0,0,0,0,0,0
E745S_02657,0,0,0,0,0,0,0,0,0
E745S_02658,1,0,104,368,3,39,62,99,1
E745S_02659,0,0,0,0,0,0,0,0,0
E745S_02660,0,0,0,0,0,0,0,0,0
E745S_02661,0,0,0,0,351,39,0,0,0
E745S_02662,1144,779,1424,1666,2136,1735,820,1089,1428
E745S_02663,0,0,0,0,0,0,0,0,0
E745S_02664,0,0,0,0,0,0,0,0,0
E745S_02665,0,0,0,0,0,0,0,0,0
E745S_02666,0,0,0,0,0,0,0,0,0
E745S_02667,2179,2315,2631,2469,4673,3002,2709,2570,2170
E745S_02668,133,0,0,0,0,0,43,55,0
E745S_02669,0,0,0,0,0,0,0,0,0
E745S_02670,0,0,0,0,0,0,0,0,0
E745S_02671,0,0,0,172,0,0,131,0,0
E745S_02672,0,0,0,0,0,0,0,1,0
E745S_02673,2297,3034,2458,2712,3127,3726,3075,4090,330
E745S_02674,0,0,0,0,0,0,0,0,0
E745S_02675,0,0,0,0,0,0,0,46,0
E745S_02676,0,0,0,0,0,0,0,0,0
E745S_02677,0,0,0,0,0,0,0,0,0
E745S_02678,200,296,184,154,324,351,284,516,111
E745S_02679,0,0,0,0,0,0,0,0,0
E745S_02680,0,0,0,0,0,0,0,0,0
E745S_02681,0,0,0,0,0,0,0,0,0
E745S_02682,261,179,0,0,0,110,1,89,0
E745S_02683,1687,1320,1045,2486,356,1892,2604,1823,763
E745S_02684,0,0,1,0,0,0,0,0,0
E745S_02685,0,0,0,0,0,0,0,0,0
E745S_02686,0,0,0,0,0,0,0,0,0
E745S_02687,2340,525,1639,3048,3386,2359,4012,2295,1475
E745S_02688,0,0,0,0,0,0,0,0,0
E745S_02689,1483,260,154,1820,1041,952,1650,771,142
E745S_02690,0,0,0,9,0,0,0,0,0
E745S_02691,0,0,0,0,0,0,0,0,0
E745S_02692,1687,1252,1312,2255,1920,2325,1586,2015,2016
E745S_02693,0,0,0,0,0,0,0,0,0
E745S_02694,0,0,0,0,0,0,0,0,0
E745S_02695,0,0,0,0,0,0,58,0,0
E745S_02696,5128,4859,5317,9702,3002,5727,4999,5733,2671
E745S_02697,0,0,0,0,0,0,0,111,0
E745S_02698,0,0,0,0,0,0,0,0,0
E745S_02699,981,1937,1621,1759,2894,1260,4004,3214,2621
E745S_02700,0,0,0,0,0,0,0,0,0
E745S_02701,3969,2576,3368,3193,3547,2394,4510,4197,2084
E745S_02702,6476,5440,6050,13456,5773,7886,16171,8573,4027
E745S_02703,0,1,0,0,0,1,0,0,0
E745S_02704,165,158,0,599,0,0,583,266,0
E745S_02705,1097,1038,308,945,1262,1214,654,784,466
E745S_02706,2630,1352,1572,3315,864,1381,3093,2331,1450
E745S_02707,0,0,0,1,0,0,0,0,0
E745S_02708,0,0,0,0,0,0,0,0,0
E745S_02709,0,0,0,0,0,0,0,0,0
E745S_02710,9652,9509,12105,28733,13984,13472,14057,18443,15044
E745S_02711,251,161,305,304,636,275,575,157,38
E745S_02712,3516,2634,2500,2652,2240,4044,5136,3048,2018
E745S_02713,1667,1278,1173,2213,3594,1501,3735,1717,932
E745S_02714,0,0,380,0,0,0,0,0,0
E745S_02715,0,0,0,0,0,90,55,149,0
E745S_02716,3709,2372,2345,3932,5487,5808,5097,4238,1883
E745S_02717,0,0,0,0,0,0,0,0,0
E745S_02718,305,583,749,491,0,982,388,1032,271
E745S_02719,14182,14075,10996,24446,20021,15981,15632,23958,6826
E745S_02720,0,51,0,0,0,175,49,207,0
E745S_02721,281,0,0,0,0,0,0,0,0
E745S_02722,1544,367,233,713,1011,985,795,1380,215
E745S_02723,0,109,0,121,0,0,0,32,0
E745S_02724,0,0,0,0,0,0,0,0,0
E745S_02725,0,0,0,0,0,0,0,0,0
E745S_02726,0,0,0,0,0,0,0,0,0
E745S_02727,177,461,263,249,0,434,344,425,134
E745S_02728,427,533,942,827,369,750,619,790,807
E745S_02729,0,0,0,0,0,0,0,0,0
E745S_02730,0,0,0,0,0,0,0,106,0
E745S_02731,3044,3660,2677,6198,3794,4527,3619,4666,1715
E745S_02732,0,0,0,0,0,0,0,0,0
E745S_02733,708,1460,1563,606,635,1810,2051,1340,654
E745S_02734,170,277,271,1507,574,1375,1009,1016,975
E745S_02735,2535,3804,4618,3335,4535,5943,5552,3612,2002
E745S_02736,0,0,0,0,0,0,0,0,0
E745S_02737,0,0,0,29,0,14,0,0,0
E745S_02738,0,107,0,158,0,80,1,2,0
E745S_02739,0,0,0,0,0,0,0,0,0
E745S_02740,2814,2429,2371,3487,4283,4311,3788,3717,2623
E745S_02741,0,431,0,894,199,441,174,113,28
E745S_02742,481,383,88,457,385,410,1059,1408,368
E745S_02743,0,0,0,0,0,0,0,0,0
E745S_02744,0,0,0,0,0,0,0,0,0
E745S_02745,1474,692,1264,2634,2567,2005,2313,2021,1313
E745S_02746,0,0,0,0,0,0,0,0,0
E745S_02747,234,354,194,207,167,70,184,495,2
E745S_02748,0,0,0,0,0,0,0,0,0
E745S_02749,0,0,0,0,0,0,0,0,0
E745S_02750,1150,831,1613,2657,2030,2412,2329,3103,1121
E745S_02751,0,110,0,268,0,0,0,0,0
E745S_02752,0,0,0,0,0,0,0,0,0
E745S_02753,0,0,0,0,0,0,0,0,0
E745S_02754,0,0,0,0,0,0,0,0,0
E745S_02755,0,0,0,0,0,0,0,0,0
E745S_02756,1,0,0,0,0,0,0,0,0
E745S_02757,2750,1353,998,1293,1486,1235,1814,1548,2026
E745S_02758,506,657,430,346,340,264,197,394,0
E745S_02759,261,712,927,119,309,419,690,752,501
E745S_02760,0,0,0,0,0,0,0,0,0
E745S_02761,86,118,357,349,0,247,545,130,32
E745S_02762,0,0,0,0,0,0,0,0,0
E745S_02763,4519,4961,2750,2989,6162,6495,3769,3497,3432
E745S_02764,12471,16546,13691,23595,14959,18230,20137,22462,12388
E745S_02765,2198,2329,2599,1844,2781,1406,2502,3355,8830
E745S_02766,0,0,0,0,0,0,0,0,0
E745S_02767,3028,2865,1876,2160,2197,3627,2751,2646,1029
E745S_02768,0,0,0,0,0,0,0,0,0
E745S_02769,1037,1475,488,2086,1159,2010,985,1619,902
E745S_02770,0,0,0,0,0,0,0,0,0
E745S_02771,831,756,1101,1273,518,821,1233,1501,594
E745S_02772,0,0,0,0,0,0,0,0,0
E745S_02773,0,0,0,0,0,0,0,0,0
E745S_02774,0,0,0,0,0,0,0,0,0
E745S_02775,1,0,0,0,0,0,0,0,0
E745S_02776,0,2,0,0,0,0,0,1,0
E745S_02777,0,0,0,0,0,0,0,0,0
E745S_02778,195,635,1142,0,822,325,726,1000,221
E745S_02779,0,95,107,597,854,314,140,539,247
E745S_02780,1803,3502,2348,2907,2956,3366,2648,2922,923
E745S_02781,228,389,621,1083,589,272,519,974,0
E745S_02782,0,0,0,0,0,0,0,0,0
E745S_02783,3406,4554,6404,4397,2590,5417,4448,4420,1903
E745S_02784,0,0,0,0,0,0,0,0,0
E745S_02785,0,0,0,0,346,0,0,0,0
E745S_02786,533,330,922,318,1100,609,498,984,280
E745S_02787,0,0,0,0,0,0,0,0,0
E745S_02788,0,0,0,0,0,0,0,0,0
E745S_02789,1341,2033,714,1615,3705,1734,2608,1841,734
E745S_02790,1558,2374,2471,1268,3355,2782,2067,2199,501
E745S_02791,0,0,0,0,0,0,0,0,0
E745S_02792,0,0,1,0,1,0,0,0,0
E745S_02793,0,0,0,0,0,0,0,0,0
E745S_02794,0,0,0,269,0,0,0,94,0
E745S_02795,0,0,0,0,0,0,0,0,0
E745S_02796,0,0,0,0,0,0,0,0,0
E745S_02797,0,0,0,0,0,0,0,0,0
E745S_02798,515,552,348,1355,687,631,964,520,125
E745S_02799,1417,291,260,1164,1016,1066,851,791,442
E745S_02800,6286,6023,5512,7442,4391,6170,7172,7382,4264
E745S_02801,0,0,0,0,0,0,0,0,0
E745S_02802,0,0,0,0,0,0,0,0,0
E745S_02803,0,0,0,0,0,0,0,0,0
E745S_02804,0,0,0,0,0,0,0,0,0
E745S_02805,0,0,0,0,0,0,0,0,0
E745S_02806,0,0,0,0,0,0,0,1,0
E745S_02807,0,0,0,159,0,0,0,53,0
E745S_02808,0,0,0,0,0,0,0,0,0
E745S_02809,0,0,0,0,0,0,0,0,0
E745S_02810,2186,1965,1229,1687,2289,1847,4185,1836,2228
E745S_02811,9245,6246,6610,7039,3495,6624,6675,7899,4732
E745S_02812,761,552,322,423,810,564,853,970,1267
E745S_02813,134,0,390,0,0,0,57,319,0
E745S_02814,334,1061,947,401,0,816,1176,599,179
E745S_02815,1,0,0,0,0,0,1,1,1
E745S_02816,981,746,0,317,0,146,61,443,213
E745S_02817,8690,6602,8753,12142,3433,10027,9276,10287,2594
E745S_02818,566,1590,521,960,1969,1421,595,1773,0
E745S_02819,602,1049,681,1594,624,845,930,703,1333
E745S_02820,90,230,247,81,0,404,0,209,0
E745S_02821,847,1626,1294,661,666,1488,2077,1640,0
E745S_02822,0,0,0,0,0,0,0,0,0
E745S_02823,4124,3477,3351,5114,7729,4138,4696,7717,2369
E745S_02824,0,313,234,158,328,129,111,403,75
E745S_02825,6646,7343,6945,11449,13479,11454,14587,8854,4831
E745S_02826,1137,1910,2075,2242,3377,2074,3297,1720,1797
E745S_02827,0,1,0,0,0,0,0,0,0
E745S_02828,2345,888,1779,1508,1138,1758,2267,1917,696
E745S_02829,0,185,0,0,0,82,0,98,330
E745S_02830,1332,922,485,730,1576,1523,1415,1147,511
E745S_02831,965,808,909,1421,468,2159,1783,1479,929
E745S_02832,0,0,0,0,0,0,0,0,0
E745S_02833,0,0,104,0,0,0,1,0,0
E745S_02834,120,652,707,1047,502,721,587,1421,637
E745S_02835,0,0,0,0,0,0,0,0,0
E745S_02836,0,0,0,0,0,0,0,0,0
E745S_02837,0,0,0,0,0,0,0,0,0
E745S_02838,0,210,0,0,0,1,0,0,0
E745S_02839,0,0,0,0,0,0,0,0,0
E745S_02840,0,0,0,0,0,0,0,0,0
E745S_02841,0,0,0,0,0,0,0,0,0
E745S_02842,0,0,0,0,0,0,0,0,0
E745S_02843,0,0,0,0,0,0,1,0,0
E745S_02844,1569,2382,1128,1161,1173,2451,1833,1048,723
E745S_02845,617,109,374,320,0,263,560,441,589
E745S_02846,331,402,851,201,0,230,392,570,71
E745S_02847,6548,5427,4909,9283,8629,7049,8543,9257,5881
E745S_02848,0,0,0,0,0,0,0,0,0
E745S_02849,0,0,0,0,0,0,0,0,0
E745S_02850,1939,2116,1172,1952,1616,1865,1516,2176,1326
E745S_02851,0,0,0,0,0,0,0,0,0
E745S_02852,2969,2564,2884,3434,1499,2130,2390,2797,2436
E745S_02853,3413,4144,2710,4247,5441,5076,6711,6855,4256
E745S_02854,84,112,134,333,697,390,897,599,484
E745S_02855,0,0,0,10,0,0,17,27,0
E745S_02856,2156,1209,1413,3228,1192,705,1793,3221,494
E745S_02857,0,0,0,0,0,0,0,0,0
E745S_02858,0,1,0,0,0,0,0,0,0
E745S_02859,4005,4846,6084,6298,8063,11354,4376,5056,1619
E745S_02860,0,0,0,0,0,0,0,0,0
E745S_02861,102,3,292,58,2,139,2,28,377
E745S_02862,0,0,0,0,0,0,0,0,0
E745S_02863,1818,2490,1790,2455,1561,2582,2286,2269,2391
E745S_02864,0,0,0,0,0,0,0,0,0
E745S_02865,196,0,0,166,0,1,0,127,181
E745S_02866,6718,7748,8271,9899,4242,3791,7881,11108,6110
E745S_02867,0,0,0,0,0,0,0,0,0
E745S_02868,0,0,0,0,0,0,0,0,1
E745S_02869,162,222,254,0,0,262,134,301,0
E745S_02870,287,0,191,15,319,191,54,91,0
E745S_02871,0,0,0,0,0,0,0,0,0
E745S_02872,1768,1762,1383,2031,566,1393,1534,1699,604
E745S_02873,326,401,662,611,372,438,587,420,61
E745S_02874,6207,3877,6307,5956,9427,6953,10671,8179,3960
E745S_02875,0,0,0,0,0,0,0,0,0
E745S_02876,84,303,576,1189,387,188,114,458,381
E745S_02877,0,0,0,0,0,0,0,0,0
E745S_02878,0,0,0,0,0,0,0,0,0
E745S_02879,555,858,744,1286,314,2246,1497,2222,857
E745S_02880,0,0,0,0,0,0,0,0,0
E745S_02881,0,33,0,0,0,0,0,32,0
E745S_02882,0,0,0,0,0,0,0,0,0
E745S_02883,1368,561,1027,924,902,2155,1050,1598,1156
E745S_02884,2296,1801,3205,2540,2007,3159,1904,4440,1141
E745S_02885,63,714,183,0,711,776,691,1297,275
E745S_02886,0,0,0,0,0,0,0,0,0
E745S_02887,1818,2951,2166,1949,2015,2693,2745,2588,1332
E745S_02888,10411,6179,7749,12430,6883,9258,11086,12826,5062
E745S_02889,0,0,0,84,0,92,0,60,0
E745S_02890,3792,6202,4234,4711,3681,6265,4771,3964,1690
E745S_02891,0,0,0,0,0,0,0,0,0
E745S_02892,0,0,0,0,0,0,0,0,0
E745S_02893,588,1080,795,1524,169,922,719,742,679
E745S_02894,0,0,0,0,0,0,0,0,0
E745S_02895,8318,6289,8308,9343,8251,7451,9012,8421,5521
E745S_02896,1704,1663,1663,2809,3115,1438,1955,2466,2178
E745S_02897,85,217,402,238,513,0,286,280,0
E745S_02898,0,0,0,0,0,0,0,0,0
E745S_02899,0,0,0,0,0,0,0,0,0
E745S_02900,0,0,0,0,0,0,0,0,0
E745S_02901,0,0,0,0,0,0,0,0,0
E745S_02902,0,0,0,0,0,0,0,0,0
E745S_02903,0,56,0,0,0,0,1,29,0
E745S_02904,798,428,0,141,737,551,128,205,0
E745S_02905,5782,4467,4093,5595,5375,6701,6113,4149,3459
E745S_02906,0,0,0,0,0,0,0,0,0
E745S_02907,0,0,0,0,0,0,0,0,0
E745S_02908,0,256,316,743,0,420,275,122,326
E745S_02909,0,0,0,0,0,0,0,72,0
E745S_02910,0,0,0,0,0,0,0,0,0
E745S_02911,0,0,0,0,0,0,0,0,0
E745S_02912,0,0,0,0,0,0,0,0,0
E745S_02913,2817,2437,2926,2760,3416,3583,3369,2859,1270
E745S_02914,598,212,243,0,0,489,491,879,516
E745S_02915,325,28,68,770,377,428,332,530,63
E745S_02916,235,115,0,137,0,0,104,52,0
E745S_02917,1450,2868,2983,3461,2698,2853,3854,2204,1821
E745S_02918,3292,2614,1652,3952,4010,2979,3045,2976,1325
E745S_02919,89,419,1087,515,536,1326,381,608,32
E745S_02920,0,1,0,1,3,0,112,43,0
E745S_02921,0,0,0,0,0,0,0,0,0
E745S_02922,0,0,0,0,0,0,0,0,0
E745S_02923,0,0,0,0,0,0,0,0,0
E745S_02924,0,0,0,0,0,0,0,0,0
E745S_02925,0,0,0,0,0,0,0,0,0
E745S_02926,0,0,0,0,0,0,0,0,0
E745S_02927,2,0,1,0,0,0,1,31,0
E745S_02928,1086,1163,956,1319,374,940,1927,1564,997
E745S_02929,0,0,0,0,0,0,0,0,0
E745S_02930,4927,5798,3961,7435,4299,4017,3710,7740,2269
E745S_02931,216,477,430,0,0,100,1,204,35
E745S_02932,0,0,0,0,0,0,0,0,0
E745S_02933,530,522,108,313,0,99,355,341,125
E745S_02934,2596,3182,2069,2159,1449,1770,1862,4198,1155
E745S_02935,5090,5104,4802,4317,8178,8846,13091,8247,4802
E745S_02936,0,0,0,0,1,0,0,0,0
E745S_02937,457,463,420,1048,1755,744,475,853,295
E745S_02938,0,0,0,0,0,0,0,0,0
E745S_02939,5664,5227,4355,2266,2706,2957,4014,5387,2230
E745S_02940,7044,5870,5969,3504,3223,4351,4557,3898,3051
E745S_02941,8680,9640,10416,6019,4161,3663,5952,8839,4895
E745S_02942,65,0,0,0,0,0,23,72,232
E745S_02943,1,0,0,0,0,0,0,0,0
E745S_02944,88,369,0,0,690,33,207,113,123
E745S_02945,0,0,0,0,0,0,0,0,0
E745S_02946,0,0,0,0,0,0,1,0,0
E745S_02947,1,2,0,1,1,0,0,0,0
E745S_02948,0,0,0,0,0,0,0,0,0
E745S_02949,0,0,0,0,0,0,0,0,0
E745S_02950,0,0,0,0,0,0,0,0,0
E745S_02951,0,0,0,0,0,0,0,0,0
E745S_02952,0,0,0,0,0,0,0,0,0
E745S_02953,0,0,0,0,0,0,0,0,0
E745S_02954,0,56,0,0,0,0,0,0,0
E745S_02955,75,519,47,150,527,457,1379,514,548
E745S_02956,215,99,153,1019,756,331,649,530,233
E745S_02957,257,0,340,591,449,564,144,417,220
E745S_02958,464,977,618,864,0,233,828,754,866
E745S_02959,223,560,313,163,300,0,362,432,0
E745S_02960,446,2037,979,285,0,1265,656,878,433
E745S_02961,208,522,84,0,333,97,61,50,36
E745S_02962,0,48,0,0,0,87,0,69,0
E745S_02963,0,0,0,0,0,0,0,0,0
E745S_02964,0,0,0,0,0,0,0,0,0
E745S_02965,0,0,0,0,0,0,0,0,0
E745S_02966,482,680,546,131,0,694,408,472,0
E745S_02967,0,0,0,0,0,0,0,0,0
E745S_02968,151,40,0,0,0,0,38,56,235
E745S_02969,0,0,0,0,0,0,0,0,0
E745S_02970,2244,2584,3875,1504,868,1820,2027,4289,1048
E745S_02971,1250,1207,1001,583,1094,1160,1290,1757,0
E745S_02972,3009,2537,2535,1879,2696,2091,2419,2978,1354
E745S_02973,129,230,2,0,0,203,0,87,0
E745S_02974,0,0,0,0,0,0,0,0,0
E745S_02975,9540,10025,8292,10423,10938,9276,13382,14763,8450
E745S_02976,0,0,0,0,0,0,0,0,0
E745S_02977,0,0,0,0,0,0,0,0,0
E745S_02978,0,0,0,1,0,0,0,0,0
E745S_02979,0,0,0,0,0,0,0,0,0
E745S_02980,0,0,0,0,0,0,0,0,0
E745S_02981,0,0,0,0,0,0,0,0,0
E745S_02982,7940,8621,7101,3556,6708,6621,5788,5826,2285
E745S_02983,1242,1922,1757,1385,805,634,1034,1321,281
E745S_02984,0,0,0,0,0,0,0,0,0
E745S_02985,0,0,0,0,0,0,0,0,0
E745S_02986,0,0,0,0,0,0,0,0,0
E745S_02987,1,0,0,0,0,0,0,0,0
E745S_02988,0,0,0,0,0,0,0,0,0
E745S_02989,0,0,0,0,0,0,0,0,0
E745S_02990,497,166,595,280,404,596,779,513,458
E745S_02991,0,0,0,0,0,0,95,0,0
E745S_02992,1285,1512,1356,1308,3536,1027,1866,1155,286
E745S_02993,0,0,0,0,0,0,0,0,0
E745S_02994,0,0,0,0,0,0,0,0,0
E745S_02995,354,448,308,119,0,282,39,151,0
E745S_02996,0,0,0,0,0,0,0,0,0
E745S_02997,1142,2093,1115,1128,1044,1549,556,1225,289
E745S_02998,987,1397,522,564,0,593,784,727,495
E745S_02999,0,0,0,0,0,0,0,0,0
E745S_03000,9535,5844,9246,6775,4250,7570,8764,7236,3298
E745S_03001,0,0,0,0,0,0,0,0,0
E745S_03002,0,0,0,0,0,0,0,0,0
E745S_03003,0,0,0,0,0,0,0,0,0
E745S_03004,0,0,0,0,0,0,0,0,0
E745S_03005,0,0,0,0,0,0,0,0,0
E745S_03006,0,0,0,0,0,0,0,0,0
E745S_03007,0,0,0,0,0,0,0,0,0
E745S_03008,0,0,0,0,0,0,0,0,0
E745S_03009,0,0,0,0,0,0,0,0,0
E745S_03010,0,0,0,0,0,0,0,0,0
E745S_03011,0,0,0,0,0,0,0,0,0
E745S_03012,0,0,0,0,0,0,0,0,0
E745S_03013,0,0,0,0,0,0,0,0,0
E745S_03014,0,0,0,0,0,0,0,0,0
E745S_03015,0,0,0,0,0,0,0,0,0
E745S_03016,0,0,0,0,0,0,0,0,0
E745S_03017,0,0,0,0,0,0,0,0,0
E745S_03018,0,0,0,0,0,0,0,0,0
E745S_03019,0,0,0,0,0,0,0,0,0
E745S_03020,0,0,0,0,0,0,0,0,0
E745S_03021,0,0,0,0,0,0,0,0,0
E745S_03022,0,0,0,0,0,0,0,0,0
E745S_03023,0,0,0,0,0,0,0,0,0
E745S_03024,309,141,0,480,0,73,355,429,286
E745S_03025,0,0,0,0,0,0,0,0,0
E745S_03026,959,1186,1997,1037,1156,1374,1561,1315,1246
E745S_03027,730,643,731,1480,842,1140,659,1816,270
E745S_03028,512,103,258,304,0,219,987,486,51
E745S_03029,1112,640,513,1753,647,1726,1427,1983,1059
E745S_03030,0,0,0,0,0,0,0,0,0
E745S_03031,0,0,0,0,0,0,0,0,0
E745S_03032,87,0,144,280,0,487,1357,273,287
E745S_03033,4675,4221,5288,6524,6192,4031,10046,7336,5336
E745S_03034,6776,7803,6155,10326,11554,9393,13002,12732,5525
E745S_03035,2626,2486,474,791,894,1307,964,1348,726
E745S_03036,1581,463,433,1839,798,985,1298,1875,842
E745S_03037,586,86,9,172,0,0,0,656,72
E745S_03038,0,0,0,60,0,0,0,139,0
E745S_03039,2112,1715,2156,1589,2660,1816,2777,2386,1703
E745S_03040,8961,7688,5212,8664,10817,9150,12313,16410,9476
E745S_03041,0,0,0,0,0,0,0,0,0
E745S_03042,514,801,1115,750,0,859,1001,1394,17
E745S_03043,1529,2617,2427,4215,2403,2435,4499,3231,1023
E745S_03044,0,0,0,0,0,0,0,0,0
E745S_03045,6476,2720,3471,8325,13198,8304,14295,6366,3878
E745S_03046,0,1,0,130,0,0,74,31,35
E745S_03047,0,0,0,0,0,0,0,0,0
E745S_03048,0,0,114,69,0,0,342,50,213
E745S_03049,0,0,0,0,0,0,0,0,0
E745S_03050,531,384,141,722,0,534,608,848,792
E745S_03051,0,0,0,0,0,0,0,0,0
E745S_03052,0,0,0,0,0,0,0,0,0
E745S_03053,217,141,184,689,0,455,781,1672,403
E745S_03054,0,0,0,0,0,1,0,0,0
E745S_03055,0,0,0,0,0,0,0,0,0
E745S_03056,0,0,0,0,0,0,0,0,0
E745S_03057,0,0,0,0,0,0,0,0,0
E745S_03058,0,0,0,0,0,0,0,0,0
E745S_03059,0,0,0,0,0,0,0,0,0
E745S_03060,0,0,0,0,0,0,0,0,0
E745S_03061,0,0,0,0,0,0,0,0,0
E745S_03062,0,0,0,0,0,0,0,0,0
E745S_03063,0,0,0,0,0,0,0,0,0
E745S_03064,0,0,0,0,0,0,0,0,0
E745S_03065,0,0,0,0,0,0,0,0,0
E745S_03066,0,0,0,0,0,0,0,0,0
E745S_03067,0,0,0,0,0,0,0,0,0
E745S_03068,0,0,0,0,0,0,0,0,0
E745S_03069,0,0,0,0,0,0,0,0,0
E745S_03070,711,203,495,510,775,0,810,876,595
E745S_03071,975,1654,1264,270,0,258,334,465,30
E745S_03072,0,0,0,0,0,0,0,0,0
E745S_03073,0,0,0,0,0,0,0,0,0
E745S_03074,373,406,137,19,0,77,510,361,0
E745S_03075,1569,3879,2710,621,2267,1441,2347,1443,1515
E745S_03076,285,858,1138,0,1437,314,740,840,0
E745S_03077,383,586,303,288,308,84,219,293,0
E745S_03078,1377,733,955,382,550,474,433,1083,515
E745S_03079,0,0,0,0,0,0,0,0,0
E745S_03080,0,0,0,0,0,0,0,0,0
E745S_03081,0,0,0,0,0,0,0,0,0
E745S_03082,0,0,0,0,0,0,0,0,0
E745S_03083,0,0,0,0,0,0,0,0,0
E745S_03084,0,0,0,0,0,0,0,0,0
E745S_03085,0,0,0,0,0,0,0,0,0
E745S_03086,0,0,0,0,0,0,0,0,0
E745S_03087,0,0,0,0,0,0,0,0,0
E745S_03088,0,0,0,0,0,0,0,0,0
E745S_03089,0,0,0,0,0,0,0,0,0
E745S_03090,0,0,0,0,0,0,0,0,0
E745S_03091,0,0,0,0,0,0,0,0,0
E745S_03092,1156,1838,1494,1904,3543,1711,3243,2740,890
E745S_03093,0,0,0,0,0,0,0,0,0
E745S_03094,2550,2327,1818,2170,1748,1116,2188,2844,377
E745S_03095,442,452,713,520,434,630,502,362,0
E745S_03096,0,0,0,0,0,0,0,0,0
E745S_03097,0,0,0,0,0,0,0,0,0
E745S_03098,0,0,0,0,0,0,0,0,0
E745S_03099,0,0,0,0,0,0,0,0,0
E745S_03100,0,0,0,0,0,0,0,0,0
E745S_03101,0,0,0,0,0,0,0,0,0
E745S_03102,0,0,0,0,0,0,0,0,0
E745S_03103,0,0,0,0,0,0,0,0,0
E745S_03104,0,0,0,0,0,0,0,0,0
E745S_03105,0,0,0,0,0,0,0,0,0
E745S_03106,0,0,0,0,0,0,0,0,0
E745S_03107,0,0,0,0,0,0,0,0,0
E745S_03108,0,0,0,0,0,0,0,0,0
E745S_03109,0,0,0,0,0,0,0,0,0
E745S_03110,0,0,0,0,0,0,0,0,0
E745S_03111,0,0,0,0,0,0,0,0,0
E745S_03112,0,0,0,0,0,0,0,0,0
E745S_03113,0,0,0,0,0,0,0,0,0
E745S_03114,0,0,0,0,0,0,0,0,0
E745S_03115,0,0,0,0,0,0,0,0,0
E745S_03116,704,305,1110,0,192,203,72,543,0
E745S_03117,5626,5168,4214,1962,2512,2595,2697,2436,1501
E745S_03118,2706,1480,1815,1165,2209,1154,1564,1147,484
E745S_03119,0,290,327,314,172,146,0,33,0
E745S_03120,0,0,0,0,0,0,0,0,0
E745S_03121,0,0,0,0,0,0,0,0,0
E745S_03122,0,0,0,0,0,0,0,0,0
E745S_03123,0,0,0,0,0,0,0,0,0
E745S_03124,0,0,0,0,0,0,0,0,0
E745S_03125,0,0,0,0,0,0,0,0,0
E745S_03126,0,0,0,0,0,0,0,0,0
E745S_03127,0,0,0,0,0,0,0,0,0
E745S_03128,13458,16550,7529,10470,8706,11003,10693,15003,2925
E745S_03129,89,508,695,427,683,779,706,1006,612
E745S_03130,274,401,138,1820,0,515,1043,528,508
E745S_03131,0,0,0,0,0,0,0,0,0
E745S_03132,0,0,0,0,0,0,0,0,0
E745S_03133,2572,2734,2282,1541,2044,1436,2281,2598,2451
E745S_03134,5592,2749,4888,7444,4571,5784,3822,8322,1198
E745S_03135,89,193,190,238,176,131,101,541,979
E745S_03136,340,782,269,606,314,252,1046,812,654
E745S_03137,485,347,0,127,730,0,51,266,518
E745S_03138,306,628,140,466,516,419,140,495,55
E745S_03139,115,0,149,210,0,59,206,145,0
E745S_03140,0,0,0,0,0,0,0,0,0
E745S_03141,0,0,0,0,0,0,0,0,0
E745S_03142,2776,2427,3474,2619,4602,1831,2265,3418,2184
E745S_03143,2029,3596,2441,2023,1859,2683,2061,2634,1026
E745S_03144,9473,9266,8710,5873,11552,7718,9413,9486,8514
E745S_03145,0,0,0,0,0,0,0,0,0
E745S_03146,3476,4009,2204,4275,3035,3082,3090,5897,2629
E745S_03147,3258,2035,3702,3282,4189,3002,4626,3949,4205
E745S_03148,1343,978,1560,308,798,1737,1240,1421,34
E745S_03149,817,806,482,441,1180,982,514,602,162
E745S_03150,723,480,735,453,488,308,570,377,388
E745S_03151,1032,977,412,2297,333,2439,670,1755,660
E745S_03152,94,59,0,0,0,122,208,0,230
E745S_03153,126,0,100,0,0,0,0,0,0
E745S_03154,0,0,0,0,0,0,0,0,0
E745S_03155,1575,811,831,935,1217,1319,1181,924,380
E745S_03156,1497,2352,1073,1126,1936,1656,1816,1979,1009
E745S_03157,3557,2059,2282,3052,2435,2463,3357,4045,2516
E745S_03158,0,468,151,82,1067,27,157,168,264
E745S_03159,0,45,39,0,576,110,0,130,0
E745S_03160,2239,1008,1304,1658,518,2197,1162,2080,586
E745S_03161,426,342,279,164,331,135,1045,453,808
E745S_03162,3289,2822,3567,2023,1689,2521,1685,4529,1178
E745S_03163,1232,1182,1830,1744,1124,1913,2325,3341,2776
E745S_03164,0,0,0,0,0,0,0,0,0
